"variable","min","q1","median","q3","max","mean","sd","n"
"state_std",1,9,18,24,35,17.3996598639456,9.3345066937845,588
"district_std",1,5,12,21,70,15.3605442176871,13.5697808258806,588
"emie_2007",1,1,1,1,1,1,0,588
"n",70,766,1033.5,1516.25,6965,1250.79931972789,777.266921762167,588
