table	state_code	relative_path	url
B01S	02	data/raw/census_1991/workers/B01S/1991-B01T-0200.xlsx	https://censusindia.gov.in/nada/index.php/catalog/41315/download/44946/1991-B01T-0200.xlsx
B01S	03	data/raw/census_1991/workers/B01S/1991-B01T-0300.xlsx	https://censusindia.gov.in/nada/index.php/catalog/35022/download/38680/1991-B01T-0300.xlsx
B01S	04	data/raw/census_1991/workers/B01S/1991-B01T-0400.xlsx	https://censusindia.gov.in/nada/index.php/catalog/35023/download/38681/1991-B01T-0400.xlsx
B01S	05	data/raw/census_1991/workers/B01S/1991-B01T-0500.xlsx	https://censusindia.gov.in/nada/index.php/catalog/35024/download/38682/1991-B01T-0500.xlsx
B01S	06	data/raw/census_1991/workers/B01S/1991-B01T-0600.xlsx	https://censusindia.gov.in/nada/index.php/catalog/35025/download/38683/1991-B01T-0600.xlsx
B01S	07	data/raw/census_1991/workers/B01S/1991-B01T-0700.xlsx	https://censusindia.gov.in/nada/index.php/catalog/35026/download/38684/1991-B01T-0700.xlsx
B01S	08	data/raw/census_1991/workers/B01S/1991-B01T-0800.xlsx	https://censusindia.gov.in/nada/index.php/catalog/35027/download/38685/1991-B01T-0800.xlsx
B01S	09	data/raw/census_1991/workers/B01S/1991-B01T-0900.xlsx	https://censusindia.gov.in/nada/index.php/catalog/35028/download/38686/1991-B01T-0900.xlsx
B01S	11	data/raw/census_1991/workers/B01S/1991-B01T-1100.xlsx	https://censusindia.gov.in/nada/index.php/catalog/35029/download/38687/1991-B01T-1100.xlsx
B01S	12	data/raw/census_1991/workers/B01S/1991-B01T-1200.xlsx	https://censusindia.gov.in/nada/index.php/catalog/35030/download/38688/1991-B01T-1200.xlsx
B01S	13	data/raw/census_1991/workers/B01S/1991-B01T-1300.xlsx	https://censusindia.gov.in/nada/index.php/catalog/35031/download/38689/1991-B01T-1300.xlsx
B01S	14	data/raw/census_1991/workers/B01S/1991-B01T-1400.xlsx	https://censusindia.gov.in/nada/index.php/catalog/35032/download/38690/1991-B01T-1400.xlsx
B01S	15	data/raw/census_1991/workers/B01S/1991-B01T-1500.xlsx	https://censusindia.gov.in/nada/index.php/catalog/35033/download/38691/1991-B01T-1500.xlsx
B01S	16	data/raw/census_1991/workers/B01S/1991-B01T-1600.xlsx	https://censusindia.gov.in/nada/index.php/catalog/35034/download/38692/1991-B01T-1600.xlsx
B01S	17	data/raw/census_1991/workers/B01S/1991-B01T-1700.xlsx	https://censusindia.gov.in/nada/index.php/catalog/35035/download/38693/1991-B01T-1700.xlsx
B01S	18	data/raw/census_1991/workers/B01S/1991-B01T-1800.xlsx	https://censusindia.gov.in/nada/index.php/catalog/35036/download/38694/1991-B01T-1800.xlsx
B01S	19	data/raw/census_1991/workers/B01S/1991-B01T-1900.xlsx	https://censusindia.gov.in/nada/index.php/catalog/35037/download/38695/1991-B01T-1900.xlsx
B01S	20	data/raw/census_1991/workers/B01S/1991-B01T-2000.xlsx	https://censusindia.gov.in/nada/index.php/catalog/35038/download/38696/1991-B01T-2000.xlsx
B01S	21	data/raw/census_1991/workers/B01S/1991-B01T-2100.xlsx	https://censusindia.gov.in/nada/index.php/catalog/35039/download/38697/1991-B01T-2100.xlsx
B01S	22	data/raw/census_1991/workers/B01S/1991-B01T-2200.xlsx	https://censusindia.gov.in/nada/index.php/catalog/35040/download/38698/1991-B01T-2200.xlsx
B01S	23	data/raw/census_1991/workers/B01S/1991-B01T-2300.xlsx	https://censusindia.gov.in/nada/index.php/catalog/35041/download/38699/1991-B01T-2300.xlsx
B01S	24	data/raw/census_1991/workers/B01S/1991-B01T-2400.xlsx	https://censusindia.gov.in/nada/index.php/catalog/35042/download/38700/1991-B01T-2400.xlsx
B01S	25	data/raw/census_1991/workers/B01S/1991-B01T-2500.xlsx	https://censusindia.gov.in/nada/index.php/catalog/35043/download/38701/1991-B01T-2500.xlsx
B01S	26	data/raw/census_1991/workers/B01S/1991-B01T-2600.xlsx	https://censusindia.gov.in/nada/index.php/catalog/35044/download/38702/1991-B01T-2600.xlsx
B01S	27	data/raw/census_1991/workers/B01S/1991-B01T-2700.xlsx	https://censusindia.gov.in/nada/index.php/catalog/35045/download/38703/1991-B01T-2700.xlsx
B01S	28	data/raw/census_1991/workers/B01S/1991-B01T-2800.xlsx	https://censusindia.gov.in/nada/index.php/catalog/35046/download/38704/1991-B01T-2800.xlsx
B01S	29	data/raw/census_1991/workers/B01S/1991-B01T-2900.xlsx	https://censusindia.gov.in/nada/index.php/catalog/35047/download/38705/1991-B01T-2900.xlsx
B01S	30	data/raw/census_1991/workers/B01S/1991-B01T-3000.xlsx	https://censusindia.gov.in/nada/index.php/catalog/35048/download/38706/1991-B01T-3000.xlsx
B01S	31	data/raw/census_1991/workers/B01S/1991-B01T-3100.xlsx	https://censusindia.gov.in/nada/index.php/catalog/35049/download/38707/1991-B01T-3100.xlsx
B01S	32	data/raw/census_1991/workers/B01S/1991-B01T-3200.xlsx	https://censusindia.gov.in/nada/index.php/catalog/35050/download/38708/1991-B01T-3200.xlsx
B01S	33	data/raw/census_1991/workers/B01S/1991-B01T-3300.xlsx	https://censusindia.gov.in/nada/index.php/catalog/35051/download/38709/1991-B01T-3300.xlsx
C02T	02	data/raw/census_1991/education/C02T/1991-C02T-0200.xlsx	https://censusindia.gov.in/nada/index.php/catalog/35545/download/39203/1991-C02T-0200.xlsx
C02T	03	data/raw/census_1991/education/C02T/1991-C02T-0300.xlsx	https://censusindia.gov.in/nada/index.php/catalog/35546/download/39204/1991-C02T-0300.xlsx
C02T	04	data/raw/census_1991/education/C02T/1991-C02T-0400.xlsx	https://censusindia.gov.in/nada/index.php/catalog/35547/download/39205/1991-C02T-0400.xlsx
C02T	05	data/raw/census_1991/education/C02T/1991-C02T-0500.xlsx	https://censusindia.gov.in/nada/index.php/catalog/35548/download/39206/1991-C02T-0500.xlsx
C02T	06	data/raw/census_1991/education/C02T/1991-C02T-0600.xlsx	https://censusindia.gov.in/nada/index.php/catalog/35549/download/39207/1991-C02T-0600.xlsx
C02T	07	data/raw/census_1991/education/C02T/1991-C02T-0700.xlsx	https://censusindia.gov.in/nada/index.php/catalog/35550/download/39208/1991-C02T-0700.xlsx
C02T	08	data/raw/census_1991/education/C02T/1991-C02T-0800.xlsx	https://censusindia.gov.in/nada/index.php/catalog/35551/download/39209/1991-C02T-0800.xlsx
C02T	09	data/raw/census_1991/education/C02T/1991-C02T-0900.xlsx	https://censusindia.gov.in/nada/index.php/catalog/35552/download/39210/1991-C02T-0900.xlsx
C02T	11	data/raw/census_1991/education/C02T/1991-C02T-1100.xlsx	https://censusindia.gov.in/nada/index.php/catalog/35553/download/39211/1991-C02T-1100.xlsx
C02T	12	data/raw/census_1991/education/C02T/1991-C02T-1200.xlsx	https://censusindia.gov.in/nada/index.php/catalog/35554/download/39212/1991-C02T-1200.xlsx
C02T	13	data/raw/census_1991/education/C02T/1991-C02T-1300.xlsx	https://censusindia.gov.in/nada/index.php/catalog/35555/download/39213/1991-C02T-1300.xlsx
C02T	14	data/raw/census_1991/education/C02T/1991-C02T-1400.xlsx	https://censusindia.gov.in/nada/index.php/catalog/35556/download/39214/1991-C02T-1400.xlsx
C02T	15	data/raw/census_1991/education/C02T/1991-C02T-1500.xlsx	https://censusindia.gov.in/nada/index.php/catalog/35557/download/39215/1991-C02T-1500.xlsx
C02T	16	data/raw/census_1991/education/C02T/1991-C02T-1600.xlsx	https://censusindia.gov.in/nada/index.php/catalog/35558/download/39216/1991-C02T-1600.xlsx
C02T	17	data/raw/census_1991/education/C02T/1991-C02T-1700.xlsx	https://censusindia.gov.in/nada/index.php/catalog/35559/download/39217/1991-C02T-1700.xlsx
C02T	18	data/raw/census_1991/education/C02T/1991-C02T-1800.xlsx	https://censusindia.gov.in/nada/index.php/catalog/35560/download/39218/1991-C02T-1800.xlsx
C02T	19	data/raw/census_1991/education/C02T/1991-C02T-1900.xlsx	https://censusindia.gov.in/nada/index.php/catalog/35561/download/39219/1991-C02T-1900.xlsx
C02T	20	data/raw/census_1991/education/C02T/1991-C02T-2000.xlsx	https://censusindia.gov.in/nada/index.php/catalog/35562/download/39220/1991-C02T-2000.xlsx
C02T	21	data/raw/census_1991/education/C02T/1991-C02T-2100.xlsx	https://censusindia.gov.in/nada/index.php/catalog/35563/download/39221/1991-C02T-2100.xlsx
C02T	22	data/raw/census_1991/education/C02T/1991-C02T-2200.xlsx	https://censusindia.gov.in/nada/index.php/catalog/35564/download/39222/1991-C02T-2200.xlsx
C02T	23	data/raw/census_1991/education/C02T/1991-C02T-2300.xlsx	https://censusindia.gov.in/nada/index.php/catalog/35565/download/39223/1991-C02T-2300.xlsx
C02T	24	data/raw/census_1991/education/C02T/1991-C02T-2400.xlsx	https://censusindia.gov.in/nada/index.php/catalog/35566/download/39224/1991-C02T-2400.xlsx
C02T	25	data/raw/census_1991/education/C02T/1991-C02T-2500.xlsx	https://censusindia.gov.in/nada/index.php/catalog/35567/download/39225/1991-C02T-2500.xlsx
C02T	26	data/raw/census_1991/education/C02T/1991-C02T-2600.xlsx	https://censusindia.gov.in/nada/index.php/catalog/35568/download/39226/1991-C02T-2600.xlsx
C02T	27	data/raw/census_1991/education/C02T/1991-C02T-2700.xlsx	https://censusindia.gov.in/nada/index.php/catalog/35569/download/39227/1991-C02T-2700.xlsx
C02T	28	data/raw/census_1991/education/C02T/1991-C02T-2800.xlsx	https://censusindia.gov.in/nada/index.php/catalog/35570/download/39228/1991-C02T-2800.xlsx
C02T	29	data/raw/census_1991/education/C02T/1991-C02T-2900.xlsx	https://censusindia.gov.in/nada/index.php/catalog/35571/download/39229/1991-C02T-2900.xlsx
C02T	30	data/raw/census_1991/education/C02T/1991-C02T-3000.xlsx	https://censusindia.gov.in/nada/index.php/catalog/35572/download/39230/1991-C02T-3000.xlsx
C02T	31	data/raw/census_1991/education/C02T/1991-C02T-3100.xlsx	https://censusindia.gov.in/nada/index.php/catalog/35573/download/39231/1991-C02T-3100.xlsx
C02T	32	data/raw/census_1991/education/C02T/1991-C02T-3200.xlsx	https://censusindia.gov.in/nada/index.php/catalog/35574/download/39232/1991-C02T-3200.xlsx
C02T	33	data/raw/census_1991/education/C02T/1991-C02T-3300.xlsx	https://censusindia.gov.in/nada/index.php/catalog/35575/download/39233/1991-C02T-3300.xlsx
C02U	02	data/raw/census_1991/education/C02U/1991-C02U-0200.xlsx	https://censusindia.gov.in/nada/index.php/catalog/35577/download/39235/1991-C02U-0200.xlsx
C02U	03	data/raw/census_1991/education/C02U/1991-C02U-0300.xlsx	https://censusindia.gov.in/nada/index.php/catalog/35578/download/39236/1991-C02U-0300.xlsx
C02U	04	data/raw/census_1991/education/C02U/1991-C02U-0400.xlsx	https://censusindia.gov.in/nada/index.php/catalog/35579/download/39237/1991-C02U-0400.xlsx
C02U	05	data/raw/census_1991/education/C02U/1991-C02U-0500.xlsx	https://censusindia.gov.in/nada/index.php/catalog/35580/download/39238/1991-C02U-0500.xlsx
C02U	06	data/raw/census_1991/education/C02U/1991-C02U-0600.xlsx	https://censusindia.gov.in/nada/index.php/catalog/35581/download/39239/1991-C02U-0600.xlsx
C02U	07	data/raw/census_1991/education/C02U/1991-C02U-0700.xlsx	https://censusindia.gov.in/nada/index.php/catalog/35582/download/39240/1991-C02U-0700.xlsx
C02U	08	data/raw/census_1991/education/C02U/1991-C02U-0800.xlsx	https://censusindia.gov.in/nada/index.php/catalog/35583/download/39241/1991-C02U-0800.xlsx
C02U	09	data/raw/census_1991/education/C02U/1991-C02U-0900.xlsx	https://censusindia.gov.in/nada/index.php/catalog/35584/download/39242/1991-C02U-0900.xlsx
C02U	11	data/raw/census_1991/education/C02U/1991-C02U-1100.xlsx	https://censusindia.gov.in/nada/index.php/catalog/35585/download/39243/1991-C02U-1100.xlsx
C02U	12	data/raw/census_1991/education/C02U/1991-C02U-1200.xlsx	https://censusindia.gov.in/nada/index.php/catalog/35586/download/39244/1991-C02U-1200.xlsx
C02U	13	data/raw/census_1991/education/C02U/1991-C02U-1300.xlsx	https://censusindia.gov.in/nada/index.php/catalog/35587/download/39245/1991-C02U-1300.xlsx
C02U	14	data/raw/census_1991/education/C02U/1991-C02U-1400.xlsx	https://censusindia.gov.in/nada/index.php/catalog/35588/download/39246/1991-C02U-1400.xlsx
C02U	15	data/raw/census_1991/education/C02U/1991-C02U-1500.xlsx	https://censusindia.gov.in/nada/index.php/catalog/35589/download/39247/1991-C02U-1500.xlsx
C02U	16	data/raw/census_1991/education/C02U/1991-C02U-1600.xlsx	https://censusindia.gov.in/nada/index.php/catalog/35590/download/39248/1991-C02U-1600.xlsx
C02U	17	data/raw/census_1991/education/C02U/1991-C02U-1700.xlsx	https://censusindia.gov.in/nada/index.php/catalog/35591/download/39249/1991-C02U-1700.xlsx
C02U	18	data/raw/census_1991/education/C02U/1991-C02U-1800.xlsx	https://censusindia.gov.in/nada/index.php/catalog/35592/download/39250/1991-C02U-1800.xlsx
C02U	19	data/raw/census_1991/education/C02U/1991-C02U-1900.xlsx	https://censusindia.gov.in/nada/index.php/catalog/35593/download/39251/1991-C02U-1900.xlsx
C02U	20	data/raw/census_1991/education/C02U/1991-C02U-2000.xlsx	https://censusindia.gov.in/nada/index.php/catalog/35594/download/39252/1991-C02U-2000.xlsx
C02U	21	data/raw/census_1991/education/C02U/1991-C02U-2100.xlsx	https://censusindia.gov.in/nada/index.php/catalog/35595/download/39253/1991-C02U-2100.xlsx
C02U	22	data/raw/census_1991/education/C02U/1991-C02U-2200.xlsx	https://censusindia.gov.in/nada/index.php/catalog/35596/download/39254/1991-C02U-2200.xlsx
C02U	23	data/raw/census_1991/education/C02U/1991-C02U-2300.xlsx	https://censusindia.gov.in/nada/index.php/catalog/35597/download/39255/1991-C02U-2300.xlsx
C02U	24	data/raw/census_1991/education/C02U/1991-C02U-2400.xlsx	https://censusindia.gov.in/nada/index.php/catalog/35598/download/39256/1991-C02U-2400.xlsx
C02U	25	data/raw/census_1991/education/C02U/1991-C02U-2500.xlsx	https://censusindia.gov.in/nada/index.php/catalog/35599/download/39257/1991-C02U-2500.xlsx
C02U	26	data/raw/census_1991/education/C02U/1991-C02U-2600.xlsx	https://censusindia.gov.in/nada/index.php/catalog/35600/download/39258/1991-C02U-2600.xlsx
C02U	27	data/raw/census_1991/education/C02U/1991-C02U-2700.xlsx	https://censusindia.gov.in/nada/index.php/catalog/35601/download/39259/1991-C02U-2700.xlsx
C02U	28	data/raw/census_1991/education/C02U/1991-C02U-2800.xlsx	https://censusindia.gov.in/nada/index.php/catalog/35602/download/39260/1991-C02U-2800.xlsx
C02U	29	data/raw/census_1991/education/C02U/1991-C02U-2900.xlsx	https://censusindia.gov.in/nada/index.php/catalog/35603/download/39261/1991-C02U-2900.xlsx
C02U	30	data/raw/census_1991/education/C02U/1991-C02U-3000.xlsx	https://censusindia.gov.in/nada/index.php/catalog/35604/download/39262/1991-C02U-3000.xlsx
C02U	31	data/raw/census_1991/education/C02U/1991-C02U-3100.xlsx	https://censusindia.gov.in/nada/index.php/catalog/35605/download/39263/1991-C02U-3100.xlsx
C02U	32	data/raw/census_1991/education/C02U/1991-C02U-3200.xlsx	https://censusindia.gov.in/nada/index.php/catalog/35606/download/39264/1991-C02U-3200.xlsx
C02U	33	data/raw/census_1991/education/C02U/1991-C02U-3300.xlsx	https://censusindia.gov.in/nada/index.php/catalog/35607/download/39265/1991-C02U-3300.xlsx
C06T	02	data/raw/census_1991/age/C06T/1991-C06T-0200.xlsx	https://censusindia.gov.in/nada/index.php/catalog/35705/download/39363/1991-C06T-0200.xlsx
C06T	03	data/raw/census_1991/age/C06T/1991-C06T-0300.xlsx	https://censusindia.gov.in/nada/index.php/catalog/35706/download/39364/1991-C06T-0300.xlsx
C06T	04	data/raw/census_1991/age/C06T/1991-C06T-0400.xlsx	https://censusindia.gov.in/nada/index.php/catalog/35707/download/39365/1991-C06T-0400.xlsx
C06T	05	data/raw/census_1991/age/C06T/1991-C06T-0500.xlsx	https://censusindia.gov.in/nada/index.php/catalog/35708/download/39366/1991-C06T-0500.xlsx
C06T	06	data/raw/census_1991/age/C06T/1991-C06T-0600.xlsx	https://censusindia.gov.in/nada/index.php/catalog/35709/download/39367/1991-C06T-0600.xlsx
C06T	07	data/raw/census_1991/age/C06T/1991-C06T-0700.xlsx	https://censusindia.gov.in/nada/index.php/catalog/35710/download/39368/1991-C06T-0700.xlsx
C06T	08	data/raw/census_1991/age/C06T/1991-C06T-0800.xlsx	https://censusindia.gov.in/nada/index.php/catalog/35711/download/39369/1991-C06T-0800.xlsx
C06T	09	data/raw/census_1991/age/C06T/1991-C06T-0900.xlsx	https://censusindia.gov.in/nada/index.php/catalog/35712/download/39370/1991-C06T-0900.xlsx
C06T	11	data/raw/census_1991/age/C06T/1991-C06T-1100.xlsx	https://censusindia.gov.in/nada/index.php/catalog/35713/download/39371/1991-C06T-1100.xlsx
C06T	12	data/raw/census_1991/age/C06T/1991-C06T-1200.xlsx	https://censusindia.gov.in/nada/index.php/catalog/35714/download/39372/1991-C06T-1200.xlsx
C06T	13	data/raw/census_1991/age/C06T/1991-C06T-1300.xlsx	https://censusindia.gov.in/nada/index.php/catalog/35715/download/39373/1991-C06T-1300.xlsx
C06T	14	data/raw/census_1991/age/C06T/1991-C06T-1400.xlsx	https://censusindia.gov.in/nada/index.php/catalog/35716/download/39374/1991-C06T-1400.xlsx
C06T	15	data/raw/census_1991/age/C06T/1991-C06T-1500.xlsx	https://censusindia.gov.in/nada/index.php/catalog/35717/download/39375/1991-C06T-1500.xlsx
C06T	16	data/raw/census_1991/age/C06T/1991-C06T-1600.xlsx	https://censusindia.gov.in/nada/index.php/catalog/35718/download/39376/1991-C06T-1600.xlsx
C06T	17	data/raw/census_1991/age/C06T/1991-C06T-1700.xlsx	https://censusindia.gov.in/nada/index.php/catalog/35719/download/39377/1991-C06T-1700.xlsx
C06T	18	data/raw/census_1991/age/C06T/1991-C06T-1800.xlsx	https://censusindia.gov.in/nada/index.php/catalog/35720/download/39378/1991-C06T-1800.xlsx
C06T	19	data/raw/census_1991/age/C06T/1991-C06T-1900.xlsx	https://censusindia.gov.in/nada/index.php/catalog/35721/download/39379/1991-C06T-1900.xlsx
C06T	20	data/raw/census_1991/age/C06T/1991-C06T-2000.xlsx	https://censusindia.gov.in/nada/index.php/catalog/35722/download/39380/1991-C06T-2000.xlsx
C06T	21	data/raw/census_1991/age/C06T/1991-C06T-2100.xlsx	https://censusindia.gov.in/nada/index.php/catalog/35723/download/39381/1991-C06T-2100.xlsx
C06T	22	data/raw/census_1991/age/C06T/1991-C06T-2200.xlsx	https://censusindia.gov.in/nada/index.php/catalog/35724/download/39382/1991-C06T-2200.xlsx
C06T	23	data/raw/census_1991/age/C06T/1991-C06T-2300.xlsx	https://censusindia.gov.in/nada/index.php/catalog/35725/download/39383/1991-C06T-2300.xlsx
C06T	24	data/raw/census_1991/age/C06T/1991-C06T-2400.xlsx	https://censusindia.gov.in/nada/index.php/catalog/35726/download/39384/1991-C06T-2400.xlsx
C06T	25	data/raw/census_1991/age/C06T/1991-C06T-2500.xlsx	https://censusindia.gov.in/nada/index.php/catalog/35727/download/39385/1991-C06T-2500.xlsx
C06T	26	data/raw/census_1991/age/C06T/1991-C06T-2600.xlsx	https://censusindia.gov.in/nada/index.php/catalog/35728/download/39386/1991-C06T-2600.xlsx
C06T	27	data/raw/census_1991/age/C06T/1991-C06T-2700.xlsx	https://censusindia.gov.in/nada/index.php/catalog/35729/download/39387/1991-C06T-2700.xlsx
C06T	28	data/raw/census_1991/age/C06T/1991-C06T-2800.xlsx	https://censusindia.gov.in/nada/index.php/catalog/35730/download/39388/1991-C06T-2800.xlsx
C06T	29	data/raw/census_1991/age/C06T/1991-C06T-2900.xlsx	https://censusindia.gov.in/nada/index.php/catalog/35731/download/39389/1991-C06T-2900.xlsx
C06T	30	data/raw/census_1991/age/C06T/1991-C06T-3000.xlsx	https://censusindia.gov.in/nada/index.php/catalog/35732/download/39390/1991-C06T-3000.xlsx
C06T	31	data/raw/census_1991/age/C06T/1991-C06T-3100.xlsx	https://censusindia.gov.in/nada/index.php/catalog/35733/download/39391/1991-C06T-3100.xlsx
C06T	32	data/raw/census_1991/age/C06T/1991-C06T-3200.xlsx	https://censusindia.gov.in/nada/index.php/catalog/35734/download/39392/1991-C06T-3200.xlsx
C06T	33	data/raw/census_1991/age/C06T/1991-C06T-3300.xlsx	https://censusindia.gov.in/nada/index.php/catalog/35735/download/39393/1991-C06T-3300.xlsx
C09T	01	data/raw/census_1991/religion/C09T/1991-C09T-0100.xlsx	https://censusindia.gov.in/nada/index.php/catalog/35737/download/39400/1991-C09T-0100.xlsx
ST16T	02	data/raw/census_1991/scheduled_tribes/ST16T/1991-ST16T-0200.xlsx	https://censusindia.gov.in/nada/index.php/catalog/46146/download/50394/1991-ST16T-0200.xlsx
ST16T	03	data/raw/census_1991/scheduled_tribes/ST16T/1991-ST16T-0300.xlsx	https://censusindia.gov.in/nada/index.php/catalog/46147/download/50395/1991-ST16T-0300.xlsx
ST16T	04	data/raw/census_1991/scheduled_tribes/ST16T/1991-ST16T-0400.xlsx	https://censusindia.gov.in/nada/index.php/catalog/46148/download/50396/1991-ST16T-0400.xlsx
ST16T	06	data/raw/census_1991/scheduled_tribes/ST16T/1991-ST16T-0600.xlsx	https://censusindia.gov.in/nada/index.php/catalog/46149/download/50397/1991-ST16T-0600.xlsx
ST16T	07	data/raw/census_1991/scheduled_tribes/ST16T/1991-ST16T-0700.xlsx	https://censusindia.gov.in/nada/index.php/catalog/46150/download/50398/1991-ST16T-0700.xlsx
ST16T	09	data/raw/census_1991/scheduled_tribes/ST16T/1991-ST16T-0900.xlsx	https://censusindia.gov.in/nada/index.php/catalog/46151/download/50399/1991-ST16T-0900.xlsx
ST16T	11	data/raw/census_1991/scheduled_tribes/ST16T/1991-ST16T-1100.xlsx	https://censusindia.gov.in/nada/index.php/catalog/46152/download/50400/1991-ST16T-1100.xlsx
ST16T	12	data/raw/census_1991/scheduled_tribes/ST16T/1991-ST16T-1200.xlsx	https://censusindia.gov.in/nada/index.php/catalog/46153/download/50401/1991-ST16T-1200.xlsx
ST16T	13	data/raw/census_1991/scheduled_tribes/ST16T/1991-ST16T-1300.xlsx	https://censusindia.gov.in/nada/index.php/catalog/46154/download/50402/1991-ST16T-1300.xlsx
ST16T	14	data/raw/census_1991/scheduled_tribes/ST16T/1991-ST16T-1400.xlsx	https://censusindia.gov.in/nada/index.php/catalog/46155/download/50403/1991-ST16T-1400.xlsx
ST16T	15	data/raw/census_1991/scheduled_tribes/ST16T/1991-ST16T-1500.xlsx	https://censusindia.gov.in/nada/index.php/catalog/46156/download/50404/1991-ST16T-1500.xlsx
ST16T	16	data/raw/census_1991/scheduled_tribes/ST16T/1991-ST16T-1600.xlsx	https://censusindia.gov.in/nada/index.php/catalog/46157/download/50405/1991-ST16T-1600.xlsx
ST16T	17	data/raw/census_1991/scheduled_tribes/ST16T/1991-ST16T-1700.xlsx	https://censusindia.gov.in/nada/index.php/catalog/46158/download/50406/1991-ST16T-1700.xlsx
ST16T	18	data/raw/census_1991/scheduled_tribes/ST16T/1991-ST16T-1800.xlsx	https://censusindia.gov.in/nada/index.php/catalog/46159/download/50407/1991-ST16T-1800.xlsx
ST16T	19	data/raw/census_1991/scheduled_tribes/ST16T/1991-ST16T-1900.xlsx	https://censusindia.gov.in/nada/index.php/catalog/46160/download/50408/1991-ST16T-1900.xlsx
ST16T	21	data/raw/census_1991/scheduled_tribes/ST16T/1991-ST16T-2100.xlsx	https://censusindia.gov.in/nada/index.php/catalog/46161/download/50409/1991-ST16T-2100.xlsx
ST16T	22	data/raw/census_1991/scheduled_tribes/ST16T/1991-ST16T-2200.xlsx	https://censusindia.gov.in/nada/index.php/catalog/46162/download/50410/1991-ST16T-2200.xlsx
ST16T	23	data/raw/census_1991/scheduled_tribes/ST16T/1991-ST16T-2300.xlsx	https://censusindia.gov.in/nada/index.php/catalog/46163/download/50411/1991-ST16T-2300.xlsx
ST16T	24	data/raw/census_1991/scheduled_tribes/ST16T/1991-ST16T-2400.xlsx	https://censusindia.gov.in/nada/index.php/catalog/46164/download/50412/1991-ST16T-2400.xlsx
ST16T	25	data/raw/census_1991/scheduled_tribes/ST16T/1991-ST16T-2500.xlsx	https://censusindia.gov.in/nada/index.php/catalog/46165/download/50413/1991-ST16T-2500.xlsx
ST16T	26	data/raw/census_1991/scheduled_tribes/ST16T/1991-ST16T-2600.xlsx	https://censusindia.gov.in/nada/index.php/catalog/46166/download/50414/1991-ST16T-2600.xlsx
ST16T	27	data/raw/census_1991/scheduled_tribes/ST16T/1991-ST16T-2700.xlsx	https://censusindia.gov.in/nada/index.php/catalog/46167/download/50415/1991-ST16T-2700.xlsx
ST16T	29	data/raw/census_1991/scheduled_tribes/ST16T/1991-ST16T-2900.xlsx	https://censusindia.gov.in/nada/index.php/catalog/46168/download/50416/1991-ST16T-2900.xlsx
ST16T	30	data/raw/census_1991/scheduled_tribes/ST16T/1991-ST16T-3000.xlsx	https://censusindia.gov.in/nada/index.php/catalog/46169/download/50417/1991-ST16T-3000.xlsx
ST16T	32	data/raw/census_1991/scheduled_tribes/ST16T/1991-ST16T-3200.xlsx	https://censusindia.gov.in/nada/index.php/catalog/46170/download/50418/1991-ST16T-3200.xlsx
ST17T_STATE	02	data/raw/census_1991/scheduled_tribes/ST17T/state/1991-ST17T-0200.xlsx	https://censusindia.gov.in/nada/index.php/catalog/46628/download/50873/1991-ST17T-0200.xlsx
ST17T_DISTRICT	02	data/raw/census_1991/scheduled_tribes/ST17T/district/1991-ST17T-0201.xlsx	https://censusindia.gov.in/nada/index.php/catalog/46625/download/50871/1991-ST17T-0201.xlsx
ST17T_DISTRICT	02	data/raw/census_1991/scheduled_tribes/ST17T/district/1991-ST17T-0202.xlsx	https://censusindia.gov.in/nada/index.php/catalog/46626/download/50872/1991-ST17T-0202.xlsx
ST17T_DISTRICT	02	data/raw/census_1991/scheduled_tribes/ST17T/district/1991-ST17T-0203.xlsx	https://censusindia.gov.in/nada/index.php/catalog/46627/download/50874/1991-ST17T-0203.xlsx
ST17T_DISTRICT	02	data/raw/census_1991/scheduled_tribes/ST17T/district/1991-ST17T-0204.xlsx	https://censusindia.gov.in/nada/index.php/catalog/46629/download/50875/1991-ST17T-0204.xlsx
ST17T_DISTRICT	02	data/raw/census_1991/scheduled_tribes/ST17T/district/1991-ST17T-0205.xlsx	https://censusindia.gov.in/nada/index.php/catalog/46630/download/50876/1991-ST17T-0205.xlsx
ST17T_DISTRICT	02	data/raw/census_1991/scheduled_tribes/ST17T/district/1991-ST17T-0206.xlsx	https://censusindia.gov.in/nada/index.php/catalog/46631/download/50877/1991-ST17T-0206.xlsx
ST17T_DISTRICT	02	data/raw/census_1991/scheduled_tribes/ST17T/district/1991-ST17T-0207.xlsx	https://censusindia.gov.in/nada/index.php/catalog/46632/download/50878/1991-ST17T-0207.xlsx
ST17T_DISTRICT	02	data/raw/census_1991/scheduled_tribes/ST17T/district/1991-ST17T-0208.xlsx	https://censusindia.gov.in/nada/index.php/catalog/46633/download/50879/1991-ST17T-0208.xlsx
ST17T_DISTRICT	02	data/raw/census_1991/scheduled_tribes/ST17T/district/1991-ST17T-0209.xlsx	https://censusindia.gov.in/nada/index.php/catalog/46634/download/50880/1991-ST17T-0209.xlsx
ST17T_DISTRICT	02	data/raw/census_1991/scheduled_tribes/ST17T/district/1991-ST17T-0210.xlsx	https://censusindia.gov.in/nada/index.php/catalog/46635/download/50881/1991-ST17T-0210.xlsx
ST17T_DISTRICT	02	data/raw/census_1991/scheduled_tribes/ST17T/district/1991-ST17T-0211.xlsx	https://censusindia.gov.in/nada/index.php/catalog/46636/download/50882/1991-ST17T-0211.xlsx
ST17T_DISTRICT	02	data/raw/census_1991/scheduled_tribes/ST17T/district/1991-ST17T-0212.xlsx	https://censusindia.gov.in/nada/index.php/catalog/46637/download/50883/1991-ST17T-0212.xlsx
ST17T_DISTRICT	02	data/raw/census_1991/scheduled_tribes/ST17T/district/1991-ST17T-0213.xlsx	https://censusindia.gov.in/nada/index.php/catalog/46638/download/50884/1991-ST17T-0213.xlsx
ST17T_DISTRICT	02	data/raw/census_1991/scheduled_tribes/ST17T/district/1991-ST17T-0214.xlsx	https://censusindia.gov.in/nada/index.php/catalog/46639/download/50885/1991-ST17T-0214.xlsx
ST17T_DISTRICT	02	data/raw/census_1991/scheduled_tribes/ST17T/district/1991-ST17T-0215.xlsx	https://censusindia.gov.in/nada/index.php/catalog/46640/download/50886/1991-ST17T-0215.xlsx
ST17T_DISTRICT	02	data/raw/census_1991/scheduled_tribes/ST17T/district/1991-ST17T-0216.xlsx	https://censusindia.gov.in/nada/index.php/catalog/46641/download/50887/1991-ST17T-0216.xlsx
ST17T_DISTRICT	02	data/raw/census_1991/scheduled_tribes/ST17T/district/1991-ST17T-0217.xlsx	https://censusindia.gov.in/nada/index.php/catalog/46642/download/50888/1991-ST17T-0217.xlsx
ST17T_DISTRICT	02	data/raw/census_1991/scheduled_tribes/ST17T/district/1991-ST17T-0218.xlsx	https://censusindia.gov.in/nada/index.php/catalog/46643/download/50889/1991-ST17T-0218.xlsx
ST17T_DISTRICT	02	data/raw/census_1991/scheduled_tribes/ST17T/district/1991-ST17T-0219.xlsx	https://censusindia.gov.in/nada/index.php/catalog/46644/download/50890/1991-ST17T-0219.xlsx
ST17T_DISTRICT	02	data/raw/census_1991/scheduled_tribes/ST17T/district/1991-ST17T-0220.xlsx	https://censusindia.gov.in/nada/index.php/catalog/46645/download/50891/1991-ST17T-0220.xlsx
ST17T_DISTRICT	02	data/raw/census_1991/scheduled_tribes/ST17T/district/1991-ST17T-0221.xlsx	https://censusindia.gov.in/nada/index.php/catalog/46646/download/50892/1991-ST17T-0221.xlsx
ST17T_DISTRICT	02	data/raw/census_1991/scheduled_tribes/ST17T/district/1991-ST17T-0222.xlsx	https://censusindia.gov.in/nada/index.php/catalog/46647/download/50893/1991-ST17T-0222.xlsx
ST17T_DISTRICT	02	data/raw/census_1991/scheduled_tribes/ST17T/district/1991-ST17T-0223.xlsx	https://censusindia.gov.in/nada/index.php/catalog/46648/download/50894/1991-ST17T-0223.xlsx
ST17T_STATE	03	data/raw/census_1991/scheduled_tribes/ST17T/state/1991-ST17T-0300.xlsx	https://censusindia.gov.in/nada/index.php/catalog/46649/download/50895/1991-ST17T-0300.xlsx
ST17T_DISTRICT	03	data/raw/census_1991/scheduled_tribes/ST17T/district/1991-ST17T-0301.xlsx	https://censusindia.gov.in/nada/index.php/catalog/46650/download/50896/1991-ST17T-0301.xlsx
ST17T_DISTRICT	03	data/raw/census_1991/scheduled_tribes/ST17T/district/1991-ST17T-0302.xlsx	https://censusindia.gov.in/nada/index.php/catalog/46651/download/50897/1991-ST17T-0302.xlsx
ST17T_DISTRICT	03	data/raw/census_1991/scheduled_tribes/ST17T/district/1991-ST17T-0303.xlsx	https://censusindia.gov.in/nada/index.php/catalog/46652/download/50898/1991-ST17T-0303.xlsx
ST17T_DISTRICT	03	data/raw/census_1991/scheduled_tribes/ST17T/district/1991-ST17T-0304.xlsx	https://censusindia.gov.in/nada/index.php/catalog/46653/download/50899/1991-ST17T-0304.xlsx
ST17T_DISTRICT	03	data/raw/census_1991/scheduled_tribes/ST17T/district/1991-ST17T-0305.xlsx	https://censusindia.gov.in/nada/index.php/catalog/46654/download/50900/1991-ST17T-0305.xlsx
ST17T_DISTRICT	03	data/raw/census_1991/scheduled_tribes/ST17T/district/1991-ST17T-0306.xlsx	https://censusindia.gov.in/nada/index.php/catalog/46655/download/50901/1991-ST17T-0306.xlsx
ST17T_DISTRICT	03	data/raw/census_1991/scheduled_tribes/ST17T/district/1991-ST17T-0307.xlsx	https://censusindia.gov.in/nada/index.php/catalog/46656/download/50902/1991-ST17T-0307.xlsx
ST17T_DISTRICT	03	data/raw/census_1991/scheduled_tribes/ST17T/district/1991-ST17T-0308.xlsx	https://censusindia.gov.in/nada/index.php/catalog/46657/download/50903/1991-ST17T-0308.xlsx
ST17T_DISTRICT	03	data/raw/census_1991/scheduled_tribes/ST17T/district/1991-ST17T-0309.xlsx	https://censusindia.gov.in/nada/index.php/catalog/46658/download/50904/1991-ST17T-0309.xlsx
ST17T_DISTRICT	03	data/raw/census_1991/scheduled_tribes/ST17T/district/1991-ST17T-0310.xlsx	https://censusindia.gov.in/nada/index.php/catalog/46659/download/50905/1991-ST17T-0310.xlsx
ST17T_DISTRICT	03	data/raw/census_1991/scheduled_tribes/ST17T/district/1991-ST17T-0311.xlsx	https://censusindia.gov.in/nada/index.php/catalog/46660/download/50906/1991-ST17T-0311.xlsx
ST17T_STATE	04	data/raw/census_1991/scheduled_tribes/ST17T/state/1991-ST17T-0400.xlsx	https://censusindia.gov.in/nada/index.php/catalog/46661/download/50907/1991-ST17T-0400.xlsx
ST17T_DISTRICT	04	data/raw/census_1991/scheduled_tribes/ST17T/district/1991-ST17T-0401.xlsx	https://censusindia.gov.in/nada/index.php/catalog/46662/download/50908/1991-ST17T-0401.xlsx
ST17T_DISTRICT	04	data/raw/census_1991/scheduled_tribes/ST17T/district/1991-ST17T-0402.xlsx	https://censusindia.gov.in/nada/index.php/catalog/46663/download/50909/1991-ST17T-0402.xlsx
ST17T_DISTRICT	04	data/raw/census_1991/scheduled_tribes/ST17T/district/1991-ST17T-0403.xlsx	https://censusindia.gov.in/nada/index.php/catalog/46664/download/50910/1991-ST17T-0403.xlsx
ST17T_DISTRICT	04	data/raw/census_1991/scheduled_tribes/ST17T/district/1991-ST17T-0404.xlsx	https://censusindia.gov.in/nada/index.php/catalog/46665/download/50911/1991-ST17T-0404.xlsx
ST17T_DISTRICT	04	data/raw/census_1991/scheduled_tribes/ST17T/district/1991-ST17T-0405.xlsx	https://censusindia.gov.in/nada/index.php/catalog/46666/download/50912/1991-ST17T-0405.xlsx
ST17T_DISTRICT	04	data/raw/census_1991/scheduled_tribes/ST17T/district/1991-ST17T-0406.xlsx	https://censusindia.gov.in/nada/index.php/catalog/46667/download/50913/1991-ST17T-0406.xlsx
ST17T_DISTRICT	04	data/raw/census_1991/scheduled_tribes/ST17T/district/1991-ST17T-0407.xlsx	https://censusindia.gov.in/nada/index.php/catalog/46668/download/50914/1991-ST17T-0407.xlsx
ST17T_DISTRICT	04	data/raw/census_1991/scheduled_tribes/ST17T/district/1991-ST17T-0408.xlsx	https://censusindia.gov.in/nada/index.php/catalog/46669/download/50915/1991-ST17T-0408.xlsx
ST17T_DISTRICT	04	data/raw/census_1991/scheduled_tribes/ST17T/district/1991-ST17T-0409.xlsx	https://censusindia.gov.in/nada/index.php/catalog/46670/download/50916/1991-ST17T-0409.xlsx
ST17T_DISTRICT	04	data/raw/census_1991/scheduled_tribes/ST17T/district/1991-ST17T-0410.xlsx	https://censusindia.gov.in/nada/index.php/catalog/46671/download/50917/1991-ST17T-0410.xlsx
ST17T_DISTRICT	04	data/raw/census_1991/scheduled_tribes/ST17T/district/1991-ST17T-0411.xlsx	https://censusindia.gov.in/nada/index.php/catalog/46672/download/50918/1991-ST17T-0411.xlsx
ST17T_DISTRICT	04	data/raw/census_1991/scheduled_tribes/ST17T/district/1991-ST17T-0412.xlsx	https://censusindia.gov.in/nada/index.php/catalog/46673/download/50919/1991-ST17T-0412.xlsx
ST17T_DISTRICT	04	data/raw/census_1991/scheduled_tribes/ST17T/district/1991-ST17T-0413.xlsx	https://censusindia.gov.in/nada/index.php/catalog/46674/download/50920/1991-ST17T-0413.xlsx
ST17T_DISTRICT	04	data/raw/census_1991/scheduled_tribes/ST17T/district/1991-ST17T-0414.xlsx	https://censusindia.gov.in/nada/index.php/catalog/46675/download/50921/1991-ST17T-0414.xlsx
ST17T_DISTRICT	04	data/raw/census_1991/scheduled_tribes/ST17T/district/1991-ST17T-0415.xlsx	https://censusindia.gov.in/nada/index.php/catalog/46676/download/50922/1991-ST17T-0415.xlsx
ST17T_DISTRICT	04	data/raw/census_1991/scheduled_tribes/ST17T/district/1991-ST17T-0416.xlsx	https://censusindia.gov.in/nada/index.php/catalog/46677/download/50923/1991-ST17T-0416.xlsx
ST17T_DISTRICT	04	data/raw/census_1991/scheduled_tribes/ST17T/district/1991-ST17T-0417.xlsx	https://censusindia.gov.in/nada/index.php/catalog/46678/download/50924/1991-ST17T-0417.xlsx
ST17T_DISTRICT	04	data/raw/census_1991/scheduled_tribes/ST17T/district/1991-ST17T-0418.xlsx	https://censusindia.gov.in/nada/index.php/catalog/46679/download/50925/1991-ST17T-0418.xlsx
ST17T_DISTRICT	04	data/raw/census_1991/scheduled_tribes/ST17T/district/1991-ST17T-0419.xlsx	https://censusindia.gov.in/nada/index.php/catalog/46680/download/50926/1991-ST17T-0419.xlsx
ST17T_DISTRICT	04	data/raw/census_1991/scheduled_tribes/ST17T/district/1991-ST17T-0420.xlsx	https://censusindia.gov.in/nada/index.php/catalog/46681/download/50927/1991-ST17T-0420.xlsx
ST17T_DISTRICT	04	data/raw/census_1991/scheduled_tribes/ST17T/district/1991-ST17T-0421.xlsx	https://censusindia.gov.in/nada/index.php/catalog/46682/download/50928/1991-ST17T-0421.xlsx
ST17T_DISTRICT	04	data/raw/census_1991/scheduled_tribes/ST17T/district/1991-ST17T-0422.xlsx	https://censusindia.gov.in/nada/index.php/catalog/46683/download/50929/1991-ST17T-0422.xlsx
ST17T_DISTRICT	04	data/raw/census_1991/scheduled_tribes/ST17T/district/1991-ST17T-0423.xlsx	https://censusindia.gov.in/nada/index.php/catalog/46684/download/50930/1991-ST17T-0423.xlsx
ST17T_STATE	05	data/raw/census_1991/scheduled_tribes/ST17T/state/1991-ST17T-0500.xlsx	https://censusindia.gov.in/nada/index.php/catalog/46685/download/50931/1991-ST17T-0500.xlsx
ST17T_DISTRICT	05	data/raw/census_1991/scheduled_tribes/ST17T/district/1991-ST17T-0501.xlsx	https://censusindia.gov.in/nada/index.php/catalog/46686/download/50932/1991-ST17T-0501.xlsx
ST17T_DISTRICT	05	data/raw/census_1991/scheduled_tribes/ST17T/district/1991-ST17T-0502.xlsx	https://censusindia.gov.in/nada/index.php/catalog/46687/download/50933/1991-ST17T-0502.xlsx
ST17T_DISTRICT	05	data/raw/census_1991/scheduled_tribes/ST17T/district/1991-ST17T-0503.xlsx	https://censusindia.gov.in/nada/index.php/catalog/46688/download/50934/1991-ST17T-0503.xlsx
ST17T_DISTRICT	05	data/raw/census_1991/scheduled_tribes/ST17T/district/1991-ST17T-0504.xlsx	https://censusindia.gov.in/nada/index.php/catalog/46689/download/50935/1991-ST17T-0504.xlsx
ST17T_DISTRICT	05	data/raw/census_1991/scheduled_tribes/ST17T/district/1991-ST17T-0505.xlsx	https://censusindia.gov.in/nada/index.php/catalog/46690/download/50936/1991-ST17T-0505.xlsx
ST17T_DISTRICT	05	data/raw/census_1991/scheduled_tribes/ST17T/district/1991-ST17T-0506.xlsx	https://censusindia.gov.in/nada/index.php/catalog/46691/download/50937/1991-ST17T-0506.xlsx
ST17T_DISTRICT	05	data/raw/census_1991/scheduled_tribes/ST17T/district/1991-ST17T-0507.xlsx	https://censusindia.gov.in/nada/index.php/catalog/46692/download/50938/1991-ST17T-0507.xlsx
ST17T_DISTRICT	05	data/raw/census_1991/scheduled_tribes/ST17T/district/1991-ST17T-0508.xlsx	https://censusindia.gov.in/nada/index.php/catalog/46693/download/50939/1991-ST17T-0508.xlsx
ST17T_DISTRICT	05	data/raw/census_1991/scheduled_tribes/ST17T/district/1991-ST17T-0509.xlsx	https://censusindia.gov.in/nada/index.php/catalog/46694/download/50940/1991-ST17T-0509.xlsx
ST17T_DISTRICT	05	data/raw/census_1991/scheduled_tribes/ST17T/district/1991-ST17T-0510.xlsx	https://censusindia.gov.in/nada/index.php/catalog/46695/download/50941/1991-ST17T-0510.xlsx
ST17T_DISTRICT	05	data/raw/census_1991/scheduled_tribes/ST17T/district/1991-ST17T-0511.xlsx	https://censusindia.gov.in/nada/index.php/catalog/46696/download/50942/1991-ST17T-0511.xlsx
ST17T_DISTRICT	05	data/raw/census_1991/scheduled_tribes/ST17T/district/1991-ST17T-0512.xlsx	https://censusindia.gov.in/nada/index.php/catalog/46697/download/50943/1991-ST17T-0512.xlsx
ST17T_DISTRICT	05	data/raw/census_1991/scheduled_tribes/ST17T/district/1991-ST17T-0513.xlsx	https://censusindia.gov.in/nada/index.php/catalog/46698/download/50944/1991-ST17T-0513.xlsx
ST17T_DISTRICT	05	data/raw/census_1991/scheduled_tribes/ST17T/district/1991-ST17T-0514.xlsx	https://censusindia.gov.in/nada/index.php/catalog/46699/download/50945/1991-ST17T-0514.xlsx
ST17T_DISTRICT	05	data/raw/census_1991/scheduled_tribes/ST17T/district/1991-ST17T-0515.xlsx	https://censusindia.gov.in/nada/index.php/catalog/46700/download/50946/1991-ST17T-0515.xlsx
ST17T_DISTRICT	05	data/raw/census_1991/scheduled_tribes/ST17T/district/1991-ST17T-0516.xlsx	https://censusindia.gov.in/nada/index.php/catalog/46701/download/50947/1991-ST17T-0516.xlsx
ST17T_DISTRICT	05	data/raw/census_1991/scheduled_tribes/ST17T/district/1991-ST17T-0517.xlsx	https://censusindia.gov.in/nada/index.php/catalog/46702/download/50948/1991-ST17T-0517.xlsx
ST17T_DISTRICT	05	data/raw/census_1991/scheduled_tribes/ST17T/district/1991-ST17T-0518.xlsx	https://censusindia.gov.in/nada/index.php/catalog/46703/download/50949/1991-ST17T-0518.xlsx
ST17T_DISTRICT	05	data/raw/census_1991/scheduled_tribes/ST17T/district/1991-ST17T-0519.xlsx	https://censusindia.gov.in/nada/index.php/catalog/46704/download/50950/1991-ST17T-0519.xlsx
ST17T_DISTRICT	05	data/raw/census_1991/scheduled_tribes/ST17T/district/1991-ST17T-0520.xlsx	https://censusindia.gov.in/nada/index.php/catalog/46705/download/50951/1991-ST17T-0520.xlsx
ST17T_DISTRICT	05	data/raw/census_1991/scheduled_tribes/ST17T/district/1991-ST17T-0521.xlsx	https://censusindia.gov.in/nada/index.php/catalog/46706/download/50952/1991-ST17T-0521.xlsx
ST17T_DISTRICT	05	data/raw/census_1991/scheduled_tribes/ST17T/district/1991-ST17T-0522.xlsx	https://censusindia.gov.in/nada/index.php/catalog/46707/download/50953/1991-ST17T-0522.xlsx
ST17T_DISTRICT	05	data/raw/census_1991/scheduled_tribes/ST17T/district/1991-ST17T-0523.xlsx	https://censusindia.gov.in/nada/index.php/catalog/46708/download/50954/1991-ST17T-0523.xlsx
ST17T_DISTRICT	05	data/raw/census_1991/scheduled_tribes/ST17T/district/1991-ST17T-0524.xlsx	https://censusindia.gov.in/nada/index.php/catalog/46709/download/50955/1991-ST17T-0524.xlsx
ST17T_DISTRICT	05	data/raw/census_1991/scheduled_tribes/ST17T/district/1991-ST17T-0525.xlsx	https://censusindia.gov.in/nada/index.php/catalog/46710/download/50956/1991-ST17T-0525.xlsx
ST17T_DISTRICT	05	data/raw/census_1991/scheduled_tribes/ST17T/district/1991-ST17T-0526.xlsx	https://censusindia.gov.in/nada/index.php/catalog/46711/download/50957/1991-ST17T-0526.xlsx
ST17T_DISTRICT	05	data/raw/census_1991/scheduled_tribes/ST17T/district/1991-ST17T-0527.xlsx	https://censusindia.gov.in/nada/index.php/catalog/46712/download/50958/1991-ST17T-0527.xlsx
ST17T_DISTRICT	05	data/raw/census_1991/scheduled_tribes/ST17T/district/1991-ST17T-0528.xlsx	https://censusindia.gov.in/nada/index.php/catalog/46713/download/50959/1991-ST17T-0528.xlsx
ST17T_DISTRICT	05	data/raw/census_1991/scheduled_tribes/ST17T/district/1991-ST17T-0529.xlsx	https://censusindia.gov.in/nada/index.php/catalog/46714/download/50960/1991-ST17T-0529.xlsx
ST17T_DISTRICT	05	data/raw/census_1991/scheduled_tribes/ST17T/district/1991-ST17T-0530.xlsx	https://censusindia.gov.in/nada/index.php/catalog/46715/download/50961/1991-ST17T-0530.xlsx
ST17T_DISTRICT	05	data/raw/census_1991/scheduled_tribes/ST17T/district/1991-ST17T-0531.xlsx	https://censusindia.gov.in/nada/index.php/catalog/46716/download/50962/1991-ST17T-0531.xlsx
ST17T_DISTRICT	05	data/raw/census_1991/scheduled_tribes/ST17T/district/1991-ST17T-0532.xlsx	https://censusindia.gov.in/nada/index.php/catalog/46717/download/50963/1991-ST17T-0532.xlsx
ST17T_DISTRICT	05	data/raw/census_1991/scheduled_tribes/ST17T/district/1991-ST17T-0533.xlsx	https://censusindia.gov.in/nada/index.php/catalog/46718/download/50964/1991-ST17T-0533.xlsx
ST17T_DISTRICT	05	data/raw/census_1991/scheduled_tribes/ST17T/district/1991-ST17T-0534.xlsx	https://censusindia.gov.in/nada/index.php/catalog/46719/download/50965/1991-ST17T-0534.xlsx
ST17T_DISTRICT	05	data/raw/census_1991/scheduled_tribes/ST17T/district/1991-ST17T-0535.xlsx	https://censusindia.gov.in/nada/index.php/catalog/46720/download/50966/1991-ST17T-0535.xlsx
ST17T_DISTRICT	05	data/raw/census_1991/scheduled_tribes/ST17T/district/1991-ST17T-0536.xlsx	https://censusindia.gov.in/nada/index.php/catalog/46721/download/50967/1991-ST17T-0536.xlsx
ST17T_DISTRICT	05	data/raw/census_1991/scheduled_tribes/ST17T/district/1991-ST17T-0537.xlsx	https://censusindia.gov.in/nada/index.php/catalog/46722/download/50968/1991-ST17T-0537.xlsx
ST17T_DISTRICT	05	data/raw/census_1991/scheduled_tribes/ST17T/district/1991-ST17T-0538.xlsx	https://censusindia.gov.in/nada/index.php/catalog/46723/download/50969/1991-ST17T-0538.xlsx
ST17T_DISTRICT	05	data/raw/census_1991/scheduled_tribes/ST17T/district/1991-ST17T-0539.xlsx	https://censusindia.gov.in/nada/index.php/catalog/46724/download/50970/1991-ST17T-0539.xlsx
ST17T_DISTRICT	05	data/raw/census_1991/scheduled_tribes/ST17T/district/1991-ST17T-0540.xlsx	https://censusindia.gov.in/nada/index.php/catalog/46725/download/50971/1991-ST17T-0540.xlsx
ST17T_DISTRICT	05	data/raw/census_1991/scheduled_tribes/ST17T/district/1991-ST17T-0541.xlsx	https://censusindia.gov.in/nada/index.php/catalog/46726/download/50972/1991-ST17T-0541.xlsx
ST17T_DISTRICT	05	data/raw/census_1991/scheduled_tribes/ST17T/district/1991-ST17T-0542.xlsx	https://censusindia.gov.in/nada/index.php/catalog/46727/download/50973/1991-ST17T-0542.xlsx
ST17T_STATE	06	data/raw/census_1991/scheduled_tribes/ST17T/state/1991-ST17T-0600.xlsx	https://censusindia.gov.in/nada/index.php/catalog/46728/download/50974/1991-ST17T-0600.xlsx
ST17T_DISTRICT	06	data/raw/census_1991/scheduled_tribes/ST17T/district/1991-ST17T-0601.xlsx	https://censusindia.gov.in/nada/index.php/catalog/46729/download/50975/1991-ST17T-0601.xlsx
ST17T_DISTRICT	06	data/raw/census_1991/scheduled_tribes/ST17T/district/1991-ST17T-0602.xlsx	https://censusindia.gov.in/nada/index.php/catalog/46730/download/50976/1991-ST17T-0602.xlsx
ST17T_STATE	07	data/raw/census_1991/scheduled_tribes/ST17T/state/1991-ST17T-0700.xlsx	https://censusindia.gov.in/nada/index.php/catalog/46731/download/50977/1991-ST17T-0700.xlsx
ST17T_DISTRICT	07	data/raw/census_1991/scheduled_tribes/ST17T/district/1991-ST17T-0701.xlsx	https://censusindia.gov.in/nada/index.php/catalog/46732/download/50978/1991-ST17T-0701.xlsx
ST17T_DISTRICT	07	data/raw/census_1991/scheduled_tribes/ST17T/district/1991-ST17T-0702.xlsx	https://censusindia.gov.in/nada/index.php/catalog/46733/download/50979/1991-ST17T-0702.xlsx
ST17T_DISTRICT	07	data/raw/census_1991/scheduled_tribes/ST17T/district/1991-ST17T-0703.xlsx	https://censusindia.gov.in/nada/index.php/catalog/46734/download/50980/1991-ST17T-0703.xlsx
ST17T_DISTRICT	07	data/raw/census_1991/scheduled_tribes/ST17T/district/1991-ST17T-0704.xlsx	https://censusindia.gov.in/nada/index.php/catalog/46735/download/50981/1991-ST17T-0704.xlsx
ST17T_DISTRICT	07	data/raw/census_1991/scheduled_tribes/ST17T/district/1991-ST17T-0705.xlsx	https://censusindia.gov.in/nada/index.php/catalog/46736/download/50982/1991-ST17T-0705.xlsx
ST17T_DISTRICT	07	data/raw/census_1991/scheduled_tribes/ST17T/district/1991-ST17T-0706.xlsx	https://censusindia.gov.in/nada/index.php/catalog/46737/download/50983/1991-ST17T-0706.xlsx
ST17T_DISTRICT	07	data/raw/census_1991/scheduled_tribes/ST17T/district/1991-ST17T-0707.xlsx	https://censusindia.gov.in/nada/index.php/catalog/46738/download/50984/1991-ST17T-0707.xlsx
ST17T_DISTRICT	07	data/raw/census_1991/scheduled_tribes/ST17T/district/1991-ST17T-0708.xlsx	https://censusindia.gov.in/nada/index.php/catalog/46739/download/50985/1991-ST17T-0708.xlsx
ST17T_DISTRICT	07	data/raw/census_1991/scheduled_tribes/ST17T/district/1991-ST17T-0709.xlsx	https://censusindia.gov.in/nada/index.php/catalog/46740/download/50986/1991-ST17T-0709.xlsx
ST17T_DISTRICT	07	data/raw/census_1991/scheduled_tribes/ST17T/district/1991-ST17T-0710.xlsx	https://censusindia.gov.in/nada/index.php/catalog/46741/download/50987/1991-ST17T-0710.xlsx
ST17T_DISTRICT	07	data/raw/census_1991/scheduled_tribes/ST17T/district/1991-ST17T-0711.xlsx	https://censusindia.gov.in/nada/index.php/catalog/46742/download/50988/1991-ST17T-0711.xlsx
ST17T_DISTRICT	07	data/raw/census_1991/scheduled_tribes/ST17T/district/1991-ST17T-0712.xlsx	https://censusindia.gov.in/nada/index.php/catalog/46743/download/50989/1991-ST17T-0712.xlsx
ST17T_DISTRICT	07	data/raw/census_1991/scheduled_tribes/ST17T/district/1991-ST17T-0713.xlsx	https://censusindia.gov.in/nada/index.php/catalog/46744/download/50990/1991-ST17T-0713.xlsx
ST17T_DISTRICT	07	data/raw/census_1991/scheduled_tribes/ST17T/district/1991-ST17T-0714.xlsx	https://censusindia.gov.in/nada/index.php/catalog/46745/download/50991/1991-ST17T-0714.xlsx
ST17T_DISTRICT	07	data/raw/census_1991/scheduled_tribes/ST17T/district/1991-ST17T-0715.xlsx	https://censusindia.gov.in/nada/index.php/catalog/46746/download/50992/1991-ST17T-0715.xlsx
ST17T_DISTRICT	07	data/raw/census_1991/scheduled_tribes/ST17T/district/1991-ST17T-0716.xlsx	https://censusindia.gov.in/nada/index.php/catalog/46747/download/50993/1991-ST17T-0716.xlsx
ST17T_DISTRICT	07	data/raw/census_1991/scheduled_tribes/ST17T/district/1991-ST17T-0717.xlsx	https://censusindia.gov.in/nada/index.php/catalog/46748/download/50994/1991-ST17T-0717.xlsx
ST17T_DISTRICT	07	data/raw/census_1991/scheduled_tribes/ST17T/district/1991-ST17T-0718.xlsx	https://censusindia.gov.in/nada/index.php/catalog/46749/download/50995/1991-ST17T-0718.xlsx
ST17T_DISTRICT	07	data/raw/census_1991/scheduled_tribes/ST17T/district/1991-ST17T-0719.xlsx	https://censusindia.gov.in/nada/index.php/catalog/46750/download/50996/1991-ST17T-0719.xlsx
ST17T_STATE	09	data/raw/census_1991/scheduled_tribes/ST17T/state/1991-ST17T-0900.xlsx	https://censusindia.gov.in/nada/index.php/catalog/46751/download/50997/1991-ST17T-0900.xlsx
ST17T_DISTRICT	09	data/raw/census_1991/scheduled_tribes/ST17T/district/1991-ST17T-0901.xlsx	https://censusindia.gov.in/nada/index.php/catalog/46752/download/50998/1991-ST17T-0901.xlsx
ST17T_DISTRICT	09	data/raw/census_1991/scheduled_tribes/ST17T/district/1991-ST17T-0902.xlsx	https://censusindia.gov.in/nada/index.php/catalog/46753/download/50999/1991-ST17T-0902.xlsx
ST17T_DISTRICT	09	data/raw/census_1991/scheduled_tribes/ST17T/district/1991-ST17T-0903.xlsx	https://censusindia.gov.in/nada/index.php/catalog/46754/download/51000/1991-ST17T-0903.xlsx
ST17T_DISTRICT	09	data/raw/census_1991/scheduled_tribes/ST17T/district/1991-ST17T-0904.xlsx	https://censusindia.gov.in/nada/index.php/catalog/46755/download/51001/1991-ST17T-0904.xlsx
ST17T_DISTRICT	09	data/raw/census_1991/scheduled_tribes/ST17T/district/1991-ST17T-0905.xlsx	https://censusindia.gov.in/nada/index.php/catalog/46756/download/51002/1991-ST17T-0905.xlsx
ST17T_DISTRICT	09	data/raw/census_1991/scheduled_tribes/ST17T/district/1991-ST17T-0906.xlsx	https://censusindia.gov.in/nada/index.php/catalog/46757/download/51003/1991-ST17T-0906.xlsx
ST17T_DISTRICT	09	data/raw/census_1991/scheduled_tribes/ST17T/district/1991-ST17T-0907.xlsx	https://censusindia.gov.in/nada/index.php/catalog/46758/download/51004/1991-ST17T-0907.xlsx
ST17T_DISTRICT	09	data/raw/census_1991/scheduled_tribes/ST17T/district/1991-ST17T-0908.xlsx	https://censusindia.gov.in/nada/index.php/catalog/46759/download/51005/1991-ST17T-0908.xlsx
ST17T_DISTRICT	09	data/raw/census_1991/scheduled_tribes/ST17T/district/1991-ST17T-0909.xlsx	https://censusindia.gov.in/nada/index.php/catalog/46760/download/51006/1991-ST17T-0909.xlsx
ST17T_DISTRICT	09	data/raw/census_1991/scheduled_tribes/ST17T/district/1991-ST17T-0910.xlsx	https://censusindia.gov.in/nada/index.php/catalog/46761/download/51007/1991-ST17T-0910.xlsx
ST17T_DISTRICT	09	data/raw/census_1991/scheduled_tribes/ST17T/district/1991-ST17T-0911.xlsx	https://censusindia.gov.in/nada/index.php/catalog/46762/download/51008/1991-ST17T-0911.xlsx
ST17T_DISTRICT	09	data/raw/census_1991/scheduled_tribes/ST17T/district/1991-ST17T-0912.xlsx	https://censusindia.gov.in/nada/index.php/catalog/46763/download/51009/1991-ST17T-0912.xlsx
ST17T_STATE	11	data/raw/census_1991/scheduled_tribes/ST17T/state/1991-ST17T-1100.xlsx	https://censusindia.gov.in/nada/index.php/catalog/46764/download/51010/1991-ST17T-1100.xlsx
ST17T_DISTRICT	11	data/raw/census_1991/scheduled_tribes/ST17T/district/1991-ST17T-1101.xlsx	https://censusindia.gov.in/nada/index.php/catalog/46765/download/51011/1991-ST17T-1101.xlsx
ST17T_DISTRICT	11	data/raw/census_1991/scheduled_tribes/ST17T/district/1991-ST17T-1102.xlsx	https://censusindia.gov.in/nada/index.php/catalog/46766/download/51012/1991-ST17T-1102.xlsx
ST17T_DISTRICT	11	data/raw/census_1991/scheduled_tribes/ST17T/district/1991-ST17T-1103.xlsx	https://censusindia.gov.in/nada/index.php/catalog/46767/download/51013/1991-ST17T-1103.xlsx
ST17T_DISTRICT	11	data/raw/census_1991/scheduled_tribes/ST17T/district/1991-ST17T-1104.xlsx	https://censusindia.gov.in/nada/index.php/catalog/46768/download/51014/1991-ST17T-1104.xlsx
ST17T_DISTRICT	11	data/raw/census_1991/scheduled_tribes/ST17T/district/1991-ST17T-1105.xlsx	https://censusindia.gov.in/nada/index.php/catalog/46769/download/51015/1991-ST17T-1105.xlsx
ST17T_DISTRICT	11	data/raw/census_1991/scheduled_tribes/ST17T/district/1991-ST17T-1106.xlsx	https://censusindia.gov.in/nada/index.php/catalog/46770/download/51016/1991-ST17T-1106.xlsx
ST17T_DISTRICT	11	data/raw/census_1991/scheduled_tribes/ST17T/district/1991-ST17T-1107.xlsx	https://censusindia.gov.in/nada/index.php/catalog/46771/download/51017/1991-ST17T-1107.xlsx
ST17T_DISTRICT	11	data/raw/census_1991/scheduled_tribes/ST17T/district/1991-ST17T-1108.xlsx	https://censusindia.gov.in/nada/index.php/catalog/46772/download/51018/1991-ST17T-1108.xlsx
ST17T_DISTRICT	11	data/raw/census_1991/scheduled_tribes/ST17T/district/1991-ST17T-1109.xlsx	https://censusindia.gov.in/nada/index.php/catalog/46773/download/51019/1991-ST17T-1109.xlsx
ST17T_DISTRICT	11	data/raw/census_1991/scheduled_tribes/ST17T/district/1991-ST17T-1110.xlsx	https://censusindia.gov.in/nada/index.php/catalog/46774/download/51020/1991-ST17T-1110.xlsx
ST17T_DISTRICT	11	data/raw/census_1991/scheduled_tribes/ST17T/district/1991-ST17T-1111.xlsx	https://censusindia.gov.in/nada/index.php/catalog/46775/download/51021/1991-ST17T-1111.xlsx
ST17T_DISTRICT	11	data/raw/census_1991/scheduled_tribes/ST17T/district/1991-ST17T-1112.xlsx	https://censusindia.gov.in/nada/index.php/catalog/46776/download/51022/1991-ST17T-1112.xlsx
ST17T_DISTRICT	11	data/raw/census_1991/scheduled_tribes/ST17T/district/1991-ST17T-1113.xlsx	https://censusindia.gov.in/nada/index.php/catalog/46777/download/51023/1991-ST17T-1113.xlsx
ST17T_DISTRICT	11	data/raw/census_1991/scheduled_tribes/ST17T/district/1991-ST17T-1114.xlsx	https://censusindia.gov.in/nada/index.php/catalog/46778/download/51024/1991-ST17T-1114.xlsx
ST17T_DISTRICT	11	data/raw/census_1991/scheduled_tribes/ST17T/district/1991-ST17T-1115.xlsx	https://censusindia.gov.in/nada/index.php/catalog/46779/download/51025/1991-ST17T-1115.xlsx
ST17T_DISTRICT	11	data/raw/census_1991/scheduled_tribes/ST17T/district/1991-ST17T-1116.xlsx	https://censusindia.gov.in/nada/index.php/catalog/46780/download/51026/1991-ST17T-1116.xlsx
ST17T_DISTRICT	11	data/raw/census_1991/scheduled_tribes/ST17T/district/1991-ST17T-1117.xlsx	https://censusindia.gov.in/nada/index.php/catalog/46781/download/51027/1991-ST17T-1117.xlsx
ST17T_DISTRICT	11	data/raw/census_1991/scheduled_tribes/ST17T/district/1991-ST17T-1118.xlsx	https://censusindia.gov.in/nada/index.php/catalog/46782/download/51028/1991-ST17T-1118.xlsx
ST17T_DISTRICT	11	data/raw/census_1991/scheduled_tribes/ST17T/district/1991-ST17T-1119.xlsx	https://censusindia.gov.in/nada/index.php/catalog/46783/download/51029/1991-ST17T-1119.xlsx
ST17T_DISTRICT	11	data/raw/census_1991/scheduled_tribes/ST17T/district/1991-ST17T-1120.xlsx	https://censusindia.gov.in/nada/index.php/catalog/46784/download/51030/1991-ST17T-1120.xlsx
ST17T_STATE	12	data/raw/census_1991/scheduled_tribes/ST17T/state/1991-ST17T-1200.xlsx	https://censusindia.gov.in/nada/index.php/catalog/46785/download/51031/1991-ST17T-1200.xlsx
ST17T_DISTRICT	12	data/raw/census_1991/scheduled_tribes/ST17T/district/1991-ST17T-1201.xlsx	https://censusindia.gov.in/nada/index.php/catalog/46786/download/51032/1991-ST17T-1201.xlsx
ST17T_DISTRICT	12	data/raw/census_1991/scheduled_tribes/ST17T/district/1991-ST17T-1202.xlsx	https://censusindia.gov.in/nada/index.php/catalog/46787/download/51033/1991-ST17T-1202.xlsx
ST17T_DISTRICT	12	data/raw/census_1991/scheduled_tribes/ST17T/district/1991-ST17T-1203.xlsx	https://censusindia.gov.in/nada/index.php/catalog/46788/download/51034/1991-ST17T-1203.xlsx
ST17T_DISTRICT	12	data/raw/census_1991/scheduled_tribes/ST17T/district/1991-ST17T-1204.xlsx	https://censusindia.gov.in/nada/index.php/catalog/46789/download/51035/1991-ST17T-1204.xlsx
ST17T_DISTRICT	12	data/raw/census_1991/scheduled_tribes/ST17T/district/1991-ST17T-1205.xlsx	https://censusindia.gov.in/nada/index.php/catalog/46790/download/51036/1991-ST17T-1205.xlsx
ST17T_DISTRICT	12	data/raw/census_1991/scheduled_tribes/ST17T/district/1991-ST17T-1206.xlsx	https://censusindia.gov.in/nada/index.php/catalog/46791/download/51037/1991-ST17T-1206.xlsx
ST17T_DISTRICT	12	data/raw/census_1991/scheduled_tribes/ST17T/district/1991-ST17T-1207.xlsx	https://censusindia.gov.in/nada/index.php/catalog/46792/download/51038/1991-ST17T-1207.xlsx
ST17T_DISTRICT	12	data/raw/census_1991/scheduled_tribes/ST17T/district/1991-ST17T-1208.xlsx	https://censusindia.gov.in/nada/index.php/catalog/46793/download/51039/1991-ST17T-1208.xlsx
ST17T_DISTRICT	12	data/raw/census_1991/scheduled_tribes/ST17T/district/1991-ST17T-1209.xlsx	https://censusindia.gov.in/nada/index.php/catalog/46794/download/51040/1991-ST17T-1209.xlsx
ST17T_DISTRICT	12	data/raw/census_1991/scheduled_tribes/ST17T/district/1991-ST17T-1210.xlsx	https://censusindia.gov.in/nada/index.php/catalog/46795/download/51041/1991-ST17T-1210.xlsx
ST17T_DISTRICT	12	data/raw/census_1991/scheduled_tribes/ST17T/district/1991-ST17T-1211.xlsx	https://censusindia.gov.in/nada/index.php/catalog/46796/download/51042/1991-ST17T-1211.xlsx
ST17T_DISTRICT	12	data/raw/census_1991/scheduled_tribes/ST17T/district/1991-ST17T-1212.xlsx	https://censusindia.gov.in/nada/index.php/catalog/46797/download/51043/1991-ST17T-1212.xlsx
ST17T_DISTRICT	12	data/raw/census_1991/scheduled_tribes/ST17T/district/1991-ST17T-1213.xlsx	https://censusindia.gov.in/nada/index.php/catalog/46798/download/51044/1991-ST17T-1213.xlsx
ST17T_DISTRICT	12	data/raw/census_1991/scheduled_tribes/ST17T/district/1991-ST17T-1214.xlsx	https://censusindia.gov.in/nada/index.php/catalog/46799/download/51045/1991-ST17T-1214.xlsx
ST17T_STATE	13	data/raw/census_1991/scheduled_tribes/ST17T/state/1991-ST17T-1300.xlsx	https://censusindia.gov.in/nada/index.php/catalog/46800/download/51046/1991-ST17T-1300.xlsx
ST17T_DISTRICT	13	data/raw/census_1991/scheduled_tribes/ST17T/district/1991-ST17T-1301.xlsx	https://censusindia.gov.in/nada/index.php/catalog/46801/download/51047/1991-ST17T-1301.xlsx
ST17T_DISTRICT	13	data/raw/census_1991/scheduled_tribes/ST17T/district/1991-ST17T-1302.xlsx	https://censusindia.gov.in/nada/index.php/catalog/46802/download/51048/1991-ST17T-1302.xlsx
ST17T_DISTRICT	13	data/raw/census_1991/scheduled_tribes/ST17T/district/1991-ST17T-1303.xlsx	https://censusindia.gov.in/nada/index.php/catalog/46803/download/51049/1991-ST17T-1303.xlsx
ST17T_DISTRICT	13	data/raw/census_1991/scheduled_tribes/ST17T/district/1991-ST17T-1304.xlsx	https://censusindia.gov.in/nada/index.php/catalog/46804/download/51050/1991-ST17T-1304.xlsx
ST17T_DISTRICT	13	data/raw/census_1991/scheduled_tribes/ST17T/district/1991-ST17T-1305.xlsx	https://censusindia.gov.in/nada/index.php/catalog/46805/download/51051/1991-ST17T-1305.xlsx
ST17T_DISTRICT	13	data/raw/census_1991/scheduled_tribes/ST17T/district/1991-ST17T-1306.xlsx	https://censusindia.gov.in/nada/index.php/catalog/46806/download/51052/1991-ST17T-1306.xlsx
ST17T_DISTRICT	13	data/raw/census_1991/scheduled_tribes/ST17T/district/1991-ST17T-1307.xlsx	https://censusindia.gov.in/nada/index.php/catalog/46807/download/51053/1991-ST17T-1307.xlsx
ST17T_DISTRICT	13	data/raw/census_1991/scheduled_tribes/ST17T/district/1991-ST17T-1308.xlsx	https://censusindia.gov.in/nada/index.php/catalog/46808/download/51054/1991-ST17T-1308.xlsx
ST17T_DISTRICT	13	data/raw/census_1991/scheduled_tribes/ST17T/district/1991-ST17T-1309.xlsx	https://censusindia.gov.in/nada/index.php/catalog/46809/download/51055/1991-ST17T-1309.xlsx
ST17T_DISTRICT	13	data/raw/census_1991/scheduled_tribes/ST17T/district/1991-ST17T-1310.xlsx	https://censusindia.gov.in/nada/index.php/catalog/46810/download/51056/1991-ST17T-1310.xlsx
ST17T_DISTRICT	13	data/raw/census_1991/scheduled_tribes/ST17T/district/1991-ST17T-1311.xlsx	https://censusindia.gov.in/nada/index.php/catalog/46811/download/51057/1991-ST17T-1311.xlsx
ST17T_DISTRICT	13	data/raw/census_1991/scheduled_tribes/ST17T/district/1991-ST17T-1312.xlsx	https://censusindia.gov.in/nada/index.php/catalog/46812/download/51058/1991-ST17T-1312.xlsx
ST17T_DISTRICT	13	data/raw/census_1991/scheduled_tribes/ST17T/district/1991-ST17T-1313.xlsx	https://censusindia.gov.in/nada/index.php/catalog/46813/download/51059/1991-ST17T-1313.xlsx
ST17T_DISTRICT	13	data/raw/census_1991/scheduled_tribes/ST17T/district/1991-ST17T-1314.xlsx	https://censusindia.gov.in/nada/index.php/catalog/46814/download/51060/1991-ST17T-1314.xlsx
ST17T_DISTRICT	13	data/raw/census_1991/scheduled_tribes/ST17T/district/1991-ST17T-1315.xlsx	https://censusindia.gov.in/nada/index.php/catalog/46815/download/51061/1991-ST17T-1315.xlsx
ST17T_DISTRICT	13	data/raw/census_1991/scheduled_tribes/ST17T/district/1991-ST17T-1316.xlsx	https://censusindia.gov.in/nada/index.php/catalog/46816/download/51062/1991-ST17T-1316.xlsx
ST17T_DISTRICT	13	data/raw/census_1991/scheduled_tribes/ST17T/district/1991-ST17T-1317.xlsx	https://censusindia.gov.in/nada/index.php/catalog/46817/download/51063/1991-ST17T-1317.xlsx
ST17T_DISTRICT	13	data/raw/census_1991/scheduled_tribes/ST17T/district/1991-ST17T-1318.xlsx	https://censusindia.gov.in/nada/index.php/catalog/46818/download/51064/1991-ST17T-1318.xlsx
ST17T_DISTRICT	13	data/raw/census_1991/scheduled_tribes/ST17T/district/1991-ST17T-1319.xlsx	https://censusindia.gov.in/nada/index.php/catalog/46819/download/51065/1991-ST17T-1319.xlsx
ST17T_DISTRICT	13	data/raw/census_1991/scheduled_tribes/ST17T/district/1991-ST17T-1320.xlsx	https://censusindia.gov.in/nada/index.php/catalog/46820/download/51066/1991-ST17T-1320.xlsx
ST17T_DISTRICT	13	data/raw/census_1991/scheduled_tribes/ST17T/district/1991-ST17T-1321.xlsx	https://censusindia.gov.in/nada/index.php/catalog/46821/download/51067/1991-ST17T-1321.xlsx
ST17T_DISTRICT	13	data/raw/census_1991/scheduled_tribes/ST17T/district/1991-ST17T-1322.xlsx	https://censusindia.gov.in/nada/index.php/catalog/46822/download/51068/1991-ST17T-1322.xlsx
ST17T_DISTRICT	13	data/raw/census_1991/scheduled_tribes/ST17T/district/1991-ST17T-1323.xlsx	https://censusindia.gov.in/nada/index.php/catalog/46823/download/51069/1991-ST17T-1323.xlsx
ST17T_DISTRICT	13	data/raw/census_1991/scheduled_tribes/ST17T/district/1991-ST17T-1324.xlsx	https://censusindia.gov.in/nada/index.php/catalog/46824/download/51070/1991-ST17T-1324.xlsx
ST17T_DISTRICT	13	data/raw/census_1991/scheduled_tribes/ST17T/district/1991-ST17T-1325.xlsx	https://censusindia.gov.in/nada/index.php/catalog/46825/download/51071/1991-ST17T-1325.xlsx
ST17T_DISTRICT	13	data/raw/census_1991/scheduled_tribes/ST17T/district/1991-ST17T-1326.xlsx	https://censusindia.gov.in/nada/index.php/catalog/46826/download/51072/1991-ST17T-1326.xlsx
ST17T_DISTRICT	13	data/raw/census_1991/scheduled_tribes/ST17T/district/1991-ST17T-1327.xlsx	https://censusindia.gov.in/nada/index.php/catalog/46827/download/51073/1991-ST17T-1327.xlsx
ST17T_DISTRICT	13	data/raw/census_1991/scheduled_tribes/ST17T/district/1991-ST17T-1328.xlsx	https://censusindia.gov.in/nada/index.php/catalog/46828/download/51074/1991-ST17T-1328.xlsx
ST17T_DISTRICT	13	data/raw/census_1991/scheduled_tribes/ST17T/district/1991-ST17T-1329.xlsx	https://censusindia.gov.in/nada/index.php/catalog/46829/download/51075/1991-ST17T-1329.xlsx
ST17T_DISTRICT	13	data/raw/census_1991/scheduled_tribes/ST17T/district/1991-ST17T-1330.xlsx	https://censusindia.gov.in/nada/index.php/catalog/46830/download/51076/1991-ST17T-1330.xlsx
ST17T_DISTRICT	13	data/raw/census_1991/scheduled_tribes/ST17T/district/1991-ST17T-1331.xlsx	https://censusindia.gov.in/nada/index.php/catalog/46831/download/51077/1991-ST17T-1331.xlsx
ST17T_DISTRICT	13	data/raw/census_1991/scheduled_tribes/ST17T/district/1991-ST17T-1332.xlsx	https://censusindia.gov.in/nada/index.php/catalog/46832/download/51078/1991-ST17T-1332.xlsx
ST17T_DISTRICT	13	data/raw/census_1991/scheduled_tribes/ST17T/district/1991-ST17T-1333.xlsx	https://censusindia.gov.in/nada/index.php/catalog/46833/download/51079/1991-ST17T-1333.xlsx
ST17T_DISTRICT	13	data/raw/census_1991/scheduled_tribes/ST17T/district/1991-ST17T-1334.xlsx	https://censusindia.gov.in/nada/index.php/catalog/46834/download/51080/1991-ST17T-1334.xlsx
ST17T_DISTRICT	13	data/raw/census_1991/scheduled_tribes/ST17T/district/1991-ST17T-1335.xlsx	https://censusindia.gov.in/nada/index.php/catalog/46835/download/51081/1991-ST17T-1335.xlsx
ST17T_DISTRICT	13	data/raw/census_1991/scheduled_tribes/ST17T/district/1991-ST17T-1336.xlsx	https://censusindia.gov.in/nada/index.php/catalog/46836/download/51082/1991-ST17T-1336.xlsx
ST17T_DISTRICT	13	data/raw/census_1991/scheduled_tribes/ST17T/district/1991-ST17T-1337.xlsx	https://censusindia.gov.in/nada/index.php/catalog/46837/download/51083/1991-ST17T-1337.xlsx
ST17T_DISTRICT	13	data/raw/census_1991/scheduled_tribes/ST17T/district/1991-ST17T-1338.xlsx	https://censusindia.gov.in/nada/index.php/catalog/46838/download/51084/1991-ST17T-1338.xlsx
ST17T_DISTRICT	13	data/raw/census_1991/scheduled_tribes/ST17T/district/1991-ST17T-1339.xlsx	https://censusindia.gov.in/nada/index.php/catalog/46839/download/51085/1991-ST17T-1339.xlsx
ST17T_DISTRICT	13	data/raw/census_1991/scheduled_tribes/ST17T/district/1991-ST17T-1340.xlsx	https://censusindia.gov.in/nada/index.php/catalog/46840/download/51086/1991-ST17T-1340.xlsx
ST17T_DISTRICT	13	data/raw/census_1991/scheduled_tribes/ST17T/district/1991-ST17T-1341.xlsx	https://censusindia.gov.in/nada/index.php/catalog/46841/download/51087/1991-ST17T-1341.xlsx
ST17T_DISTRICT	13	data/raw/census_1991/scheduled_tribes/ST17T/district/1991-ST17T-1342.xlsx	https://censusindia.gov.in/nada/index.php/catalog/46842/download/51088/1991-ST17T-1342.xlsx
ST17T_DISTRICT	13	data/raw/census_1991/scheduled_tribes/ST17T/district/1991-ST17T-1343.xlsx	https://censusindia.gov.in/nada/index.php/catalog/46843/download/51089/1991-ST17T-1343.xlsx
ST17T_DISTRICT	13	data/raw/census_1991/scheduled_tribes/ST17T/district/1991-ST17T-1344.xlsx	https://censusindia.gov.in/nada/index.php/catalog/46844/download/51090/1991-ST17T-1344.xlsx
ST17T_DISTRICT	13	data/raw/census_1991/scheduled_tribes/ST17T/district/1991-ST17T-1345.xlsx	https://censusindia.gov.in/nada/index.php/catalog/46845/download/51091/1991-ST17T-1345.xlsx
ST17T_STATE	14	data/raw/census_1991/scheduled_tribes/ST17T/state/1991-ST17T-1400.xlsx	https://censusindia.gov.in/nada/index.php/catalog/46846/download/51092/1991-ST17T-1400.xlsx
ST17T_DISTRICT	14	data/raw/census_1991/scheduled_tribes/ST17T/district/1991-ST17T-1401.xlsx	https://censusindia.gov.in/nada/index.php/catalog/46847/download/51093/1991-ST17T-1401.xlsx
ST17T_DISTRICT	14	data/raw/census_1991/scheduled_tribes/ST17T/district/1991-ST17T-1402.xlsx	https://censusindia.gov.in/nada/index.php/catalog/46848/download/51094/1991-ST17T-1402.xlsx
ST17T_DISTRICT	14	data/raw/census_1991/scheduled_tribes/ST17T/district/1991-ST17T-1403.xlsx	https://censusindia.gov.in/nada/index.php/catalog/46849/download/51095/1991-ST17T-1403.xlsx
ST17T_DISTRICT	14	data/raw/census_1991/scheduled_tribes/ST17T/district/1991-ST17T-1404.xlsx	https://censusindia.gov.in/nada/index.php/catalog/46850/download/51096/1991-ST17T-1404.xlsx
ST17T_DISTRICT	14	data/raw/census_1991/scheduled_tribes/ST17T/district/1991-ST17T-1405.xlsx	https://censusindia.gov.in/nada/index.php/catalog/46851/download/51097/1991-ST17T-1405.xlsx
ST17T_DISTRICT	14	data/raw/census_1991/scheduled_tribes/ST17T/district/1991-ST17T-1406.xlsx	https://censusindia.gov.in/nada/index.php/catalog/46852/download/51098/1991-ST17T-1406.xlsx
ST17T_DISTRICT	14	data/raw/census_1991/scheduled_tribes/ST17T/district/1991-ST17T-1407.xlsx	https://censusindia.gov.in/nada/index.php/catalog/46853/download/51099/1991-ST17T-1407.xlsx
ST17T_DISTRICT	14	data/raw/census_1991/scheduled_tribes/ST17T/district/1991-ST17T-1408.xlsx	https://censusindia.gov.in/nada/index.php/catalog/46854/download/51100/1991-ST17T-1408.xlsx
ST17T_DISTRICT	14	data/raw/census_1991/scheduled_tribes/ST17T/district/1991-ST17T-1409.xlsx	https://censusindia.gov.in/nada/index.php/catalog/46855/download/51101/1991-ST17T-1409.xlsx
ST17T_DISTRICT	14	data/raw/census_1991/scheduled_tribes/ST17T/district/1991-ST17T-1410.xlsx	https://censusindia.gov.in/nada/index.php/catalog/46856/download/51102/1991-ST17T-1410.xlsx
ST17T_DISTRICT	14	data/raw/census_1991/scheduled_tribes/ST17T/district/1991-ST17T-1411.xlsx	https://censusindia.gov.in/nada/index.php/catalog/46857/download/51103/1991-ST17T-1411.xlsx
ST17T_DISTRICT	14	data/raw/census_1991/scheduled_tribes/ST17T/district/1991-ST17T-1412.xlsx	https://censusindia.gov.in/nada/index.php/catalog/46858/download/51104/1991-ST17T-1412.xlsx
ST17T_DISTRICT	14	data/raw/census_1991/scheduled_tribes/ST17T/district/1991-ST17T-1413.xlsx	https://censusindia.gov.in/nada/index.php/catalog/46859/download/51105/1991-ST17T-1413.xlsx
ST17T_DISTRICT	14	data/raw/census_1991/scheduled_tribes/ST17T/district/1991-ST17T-1414.xlsx	https://censusindia.gov.in/nada/index.php/catalog/46860/download/51106/1991-ST17T-1414.xlsx
ST17T_DISTRICT	14	data/raw/census_1991/scheduled_tribes/ST17T/district/1991-ST17T-1415.xlsx	https://censusindia.gov.in/nada/index.php/catalog/46861/download/51107/1991-ST17T-1415.xlsx
ST17T_DISTRICT	14	data/raw/census_1991/scheduled_tribes/ST17T/district/1991-ST17T-1416.xlsx	https://censusindia.gov.in/nada/index.php/catalog/46862/download/51108/1991-ST17T-1416.xlsx
ST17T_DISTRICT	14	data/raw/census_1991/scheduled_tribes/ST17T/district/1991-ST17T-1417.xlsx	https://censusindia.gov.in/nada/index.php/catalog/46863/download/51109/1991-ST17T-1417.xlsx
ST17T_DISTRICT	14	data/raw/census_1991/scheduled_tribes/ST17T/district/1991-ST17T-1418.xlsx	https://censusindia.gov.in/nada/index.php/catalog/46864/download/51110/1991-ST17T-1418.xlsx
ST17T_DISTRICT	14	data/raw/census_1991/scheduled_tribes/ST17T/district/1991-ST17T-1419.xlsx	https://censusindia.gov.in/nada/index.php/catalog/46865/download/51111/1991-ST17T-1419.xlsx
ST17T_DISTRICT	14	data/raw/census_1991/scheduled_tribes/ST17T/district/1991-ST17T-1420.xlsx	https://censusindia.gov.in/nada/index.php/catalog/46866/download/51112/1991-ST17T-1420.xlsx
ST17T_DISTRICT	14	data/raw/census_1991/scheduled_tribes/ST17T/district/1991-ST17T-1421.xlsx	https://censusindia.gov.in/nada/index.php/catalog/46867/download/51113/1991-ST17T-1421.xlsx
ST17T_DISTRICT	14	data/raw/census_1991/scheduled_tribes/ST17T/district/1991-ST17T-1422.xlsx	https://censusindia.gov.in/nada/index.php/catalog/46868/download/51114/1991-ST17T-1422.xlsx
ST17T_DISTRICT	14	data/raw/census_1991/scheduled_tribes/ST17T/district/1991-ST17T-1423.xlsx	https://censusindia.gov.in/nada/index.php/catalog/46869/download/51115/1991-ST17T-1423.xlsx
ST17T_DISTRICT	14	data/raw/census_1991/scheduled_tribes/ST17T/district/1991-ST17T-1424.xlsx	https://censusindia.gov.in/nada/index.php/catalog/46870/download/51116/1991-ST17T-1424.xlsx
ST17T_DISTRICT	14	data/raw/census_1991/scheduled_tribes/ST17T/district/1991-ST17T-1425.xlsx	https://censusindia.gov.in/nada/index.php/catalog/46871/download/51117/1991-ST17T-1425.xlsx
ST17T_DISTRICT	14	data/raw/census_1991/scheduled_tribes/ST17T/district/1991-ST17T-1426.xlsx	https://censusindia.gov.in/nada/index.php/catalog/46872/download/51118/1991-ST17T-1426.xlsx
ST17T_DISTRICT	14	data/raw/census_1991/scheduled_tribes/ST17T/district/1991-ST17T-1427.xlsx	https://censusindia.gov.in/nada/index.php/catalog/46873/download/51119/1991-ST17T-1427.xlsx
ST17T_DISTRICT	14	data/raw/census_1991/scheduled_tribes/ST17T/district/1991-ST17T-1428.xlsx	https://censusindia.gov.in/nada/index.php/catalog/46874/download/51120/1991-ST17T-1428.xlsx
ST17T_DISTRICT	14	data/raw/census_1991/scheduled_tribes/ST17T/district/1991-ST17T-1429.xlsx	https://censusindia.gov.in/nada/index.php/catalog/46875/download/51121/1991-ST17T-1429.xlsx
ST17T_DISTRICT	14	data/raw/census_1991/scheduled_tribes/ST17T/district/1991-ST17T-1430.xlsx	https://censusindia.gov.in/nada/index.php/catalog/46876/download/51122/1991-ST17T-1430.xlsx
ST17T_STATE	15	data/raw/census_1991/scheduled_tribes/ST17T/state/1991-ST17T-1500.xlsx	https://censusindia.gov.in/nada/index.php/catalog/46877/download/51123/1991-ST17T-1500.xlsx
ST17T_DISTRICT	15	data/raw/census_1991/scheduled_tribes/ST17T/district/1991-ST17T-1501.xlsx	https://censusindia.gov.in/nada/index.php/catalog/46878/download/51124/1991-ST17T-1501.xlsx
ST17T_DISTRICT	15	data/raw/census_1991/scheduled_tribes/ST17T/district/1991-ST17T-1502.xlsx	https://censusindia.gov.in/nada/index.php/catalog/46879/download/51125/1991-ST17T-1502.xlsx
ST17T_DISTRICT	15	data/raw/census_1991/scheduled_tribes/ST17T/district/1991-ST17T-1503.xlsx	https://censusindia.gov.in/nada/index.php/catalog/46880/download/51126/1991-ST17T-1503.xlsx
ST17T_DISTRICT	15	data/raw/census_1991/scheduled_tribes/ST17T/district/1991-ST17T-1504.xlsx	https://censusindia.gov.in/nada/index.php/catalog/46881/download/51127/1991-ST17T-1504.xlsx
ST17T_DISTRICT	15	data/raw/census_1991/scheduled_tribes/ST17T/district/1991-ST17T-1505.xlsx	https://censusindia.gov.in/nada/index.php/catalog/46882/download/51128/1991-ST17T-1505.xlsx
ST17T_DISTRICT	15	data/raw/census_1991/scheduled_tribes/ST17T/district/1991-ST17T-1506.xlsx	https://censusindia.gov.in/nada/index.php/catalog/46883/download/51129/1991-ST17T-1506.xlsx
ST17T_DISTRICT	15	data/raw/census_1991/scheduled_tribes/ST17T/district/1991-ST17T-1507.xlsx	https://censusindia.gov.in/nada/index.php/catalog/46884/download/51130/1991-ST17T-1507.xlsx
ST17T_DISTRICT	15	data/raw/census_1991/scheduled_tribes/ST17T/district/1991-ST17T-1508.xlsx	https://censusindia.gov.in/nada/index.php/catalog/46885/download/51131/1991-ST17T-1508.xlsx
ST17T_STATE	16	data/raw/census_1991/scheduled_tribes/ST17T/state/1991-ST17T-1600.xlsx	https://censusindia.gov.in/nada/index.php/catalog/46886/download/51132/1991-ST17T-1600.xlsx
ST17T_DISTRICT	16	data/raw/census_1991/scheduled_tribes/ST17T/district/1991-ST17T-1601.xlsx	https://censusindia.gov.in/nada/index.php/catalog/46887/download/51133/1991-ST17T-1601.xlsx
ST17T_DISTRICT	16	data/raw/census_1991/scheduled_tribes/ST17T/district/1991-ST17T-1602.xlsx	https://censusindia.gov.in/nada/index.php/catalog/46888/download/51134/1991-ST17T-1602.xlsx
ST17T_DISTRICT	16	data/raw/census_1991/scheduled_tribes/ST17T/district/1991-ST17T-1603.xlsx	https://censusindia.gov.in/nada/index.php/catalog/46889/download/51135/1991-ST17T-1603.xlsx
ST17T_DISTRICT	16	data/raw/census_1991/scheduled_tribes/ST17T/district/1991-ST17T-1604.xlsx	https://censusindia.gov.in/nada/index.php/catalog/46890/download/51136/1991-ST17T-1604.xlsx
ST17T_DISTRICT	16	data/raw/census_1991/scheduled_tribes/ST17T/district/1991-ST17T-1605.xlsx	https://censusindia.gov.in/nada/index.php/catalog/46891/download/51137/1991-ST17T-1605.xlsx
ST17T_STATE	17	data/raw/census_1991/scheduled_tribes/ST17T/state/1991-ST17T-1700.xlsx	https://censusindia.gov.in/nada/index.php/catalog/46892/download/51138/1991-ST17T-1700.xlsx
ST17T_DISTRICT	17	data/raw/census_1991/scheduled_tribes/ST17T/district/1991-ST17T-1701.xlsx	https://censusindia.gov.in/nada/index.php/catalog/46893/download/51139/1991-ST17T-1701.xlsx
ST17T_DISTRICT	17	data/raw/census_1991/scheduled_tribes/ST17T/district/1991-ST17T-1702.xlsx	https://censusindia.gov.in/nada/index.php/catalog/46894/download/51140/1991-ST17T-1702.xlsx
ST17T_DISTRICT	17	data/raw/census_1991/scheduled_tribes/ST17T/district/1991-ST17T-1703.xlsx	https://censusindia.gov.in/nada/index.php/catalog/46895/download/51141/1991-ST17T-1703.xlsx
ST17T_STATE	18	data/raw/census_1991/scheduled_tribes/ST17T/state/1991-ST17T-1800.xlsx	https://censusindia.gov.in/nada/index.php/catalog/46896/download/51142/1991-ST17T-1800.xlsx
ST17T_DISTRICT	18	data/raw/census_1991/scheduled_tribes/ST17T/district/1991-ST17T-1801.xlsx	https://censusindia.gov.in/nada/index.php/catalog/46897/download/51143/1991-ST17T-1801.xlsx
ST17T_DISTRICT	18	data/raw/census_1991/scheduled_tribes/ST17T/district/1991-ST17T-1802.xlsx	https://censusindia.gov.in/nada/index.php/catalog/46898/download/51144/1991-ST17T-1802.xlsx
ST17T_DISTRICT	18	data/raw/census_1991/scheduled_tribes/ST17T/district/1991-ST17T-1803.xlsx	https://censusindia.gov.in/nada/index.php/catalog/46899/download/51145/1991-ST17T-1803.xlsx
ST17T_DISTRICT	18	data/raw/census_1991/scheduled_tribes/ST17T/district/1991-ST17T-1804.xlsx	https://censusindia.gov.in/nada/index.php/catalog/46900/download/51146/1991-ST17T-1804.xlsx
ST17T_DISTRICT	18	data/raw/census_1991/scheduled_tribes/ST17T/district/1991-ST17T-1805.xlsx	https://censusindia.gov.in/nada/index.php/catalog/46901/download/51147/1991-ST17T-1805.xlsx
ST17T_DISTRICT	18	data/raw/census_1991/scheduled_tribes/ST17T/district/1991-ST17T-1806.xlsx	https://censusindia.gov.in/nada/index.php/catalog/46902/download/51148/1991-ST17T-1806.xlsx
ST17T_DISTRICT	18	data/raw/census_1991/scheduled_tribes/ST17T/district/1991-ST17T-1807.xlsx	https://censusindia.gov.in/nada/index.php/catalog/46903/download/51149/1991-ST17T-1807.xlsx
ST17T_STATE	19	data/raw/census_1991/scheduled_tribes/ST17T/state/1991-ST17T-1900.xlsx	https://censusindia.gov.in/nada/index.php/catalog/46904/download/51150/1991-ST17T-1900.xlsx
ST17T_DISTRICT	19	data/raw/census_1991/scheduled_tribes/ST17T/district/1991-ST17T-1901.xlsx	https://censusindia.gov.in/nada/index.php/catalog/46905/download/51151/1991-ST17T-1901.xlsx
ST17T_DISTRICT	19	data/raw/census_1991/scheduled_tribes/ST17T/district/1991-ST17T-1902.xlsx	https://censusindia.gov.in/nada/index.php/catalog/46906/download/51152/1991-ST17T-1902.xlsx
ST17T_DISTRICT	19	data/raw/census_1991/scheduled_tribes/ST17T/district/1991-ST17T-1903.xlsx	https://censusindia.gov.in/nada/index.php/catalog/46907/download/51153/1991-ST17T-1903.xlsx
ST17T_DISTRICT	19	data/raw/census_1991/scheduled_tribes/ST17T/district/1991-ST17T-1904.xlsx	https://censusindia.gov.in/nada/index.php/catalog/46908/download/51154/1991-ST17T-1904.xlsx
ST17T_DISTRICT	19	data/raw/census_1991/scheduled_tribes/ST17T/district/1991-ST17T-1905.xlsx	https://censusindia.gov.in/nada/index.php/catalog/46909/download/51155/1991-ST17T-1905.xlsx
ST17T_DISTRICT	19	data/raw/census_1991/scheduled_tribes/ST17T/district/1991-ST17T-1906.xlsx	https://censusindia.gov.in/nada/index.php/catalog/46910/download/51156/1991-ST17T-1906.xlsx
ST17T_DISTRICT	19	data/raw/census_1991/scheduled_tribes/ST17T/district/1991-ST17T-1907.xlsx	https://censusindia.gov.in/nada/index.php/catalog/46911/download/51157/1991-ST17T-1907.xlsx
ST17T_DISTRICT	19	data/raw/census_1991/scheduled_tribes/ST17T/district/1991-ST17T-1908.xlsx	https://censusindia.gov.in/nada/index.php/catalog/46912/download/51158/1991-ST17T-1908.xlsx
ST17T_DISTRICT	19	data/raw/census_1991/scheduled_tribes/ST17T/district/1991-ST17T-1909.xlsx	https://censusindia.gov.in/nada/index.php/catalog/46913/download/51159/1991-ST17T-1909.xlsx
ST17T_DISTRICT	19	data/raw/census_1991/scheduled_tribes/ST17T/district/1991-ST17T-1910.xlsx	https://censusindia.gov.in/nada/index.php/catalog/46914/download/51160/1991-ST17T-1910.xlsx
ST17T_DISTRICT	19	data/raw/census_1991/scheduled_tribes/ST17T/district/1991-ST17T-1911.xlsx	https://censusindia.gov.in/nada/index.php/catalog/46915/download/51161/1991-ST17T-1911.xlsx
ST17T_DISTRICT	19	data/raw/census_1991/scheduled_tribes/ST17T/district/1991-ST17T-1912.xlsx	https://censusindia.gov.in/nada/index.php/catalog/46916/download/51162/1991-ST17T-1912.xlsx
ST17T_DISTRICT	19	data/raw/census_1991/scheduled_tribes/ST17T/district/1991-ST17T-1913.xlsx	https://censusindia.gov.in/nada/index.php/catalog/46917/download/51163/1991-ST17T-1913.xlsx
ST17T_STATE	21	data/raw/census_1991/scheduled_tribes/ST17T/state/1991-ST17T-2100.xlsx	https://censusindia.gov.in/nada/index.php/catalog/46918/download/51164/1991-ST17T-2100.xlsx
ST17T_DISTRICT	21	data/raw/census_1991/scheduled_tribes/ST17T/district/1991-ST17T-2101.xlsx	https://censusindia.gov.in/nada/index.php/catalog/46919/download/51165/1991-ST17T-2101.xlsx
ST17T_DISTRICT	21	data/raw/census_1991/scheduled_tribes/ST17T/district/1991-ST17T-2102.xlsx	https://censusindia.gov.in/nada/index.php/catalog/46920/download/51166/1991-ST17T-2102.xlsx
ST17T_DISTRICT	21	data/raw/census_1991/scheduled_tribes/ST17T/district/1991-ST17T-2103.xlsx	https://censusindia.gov.in/nada/index.php/catalog/46921/download/51167/1991-ST17T-2103.xlsx
ST17T_DISTRICT	21	data/raw/census_1991/scheduled_tribes/ST17T/district/1991-ST17T-2104.xlsx	https://censusindia.gov.in/nada/index.php/catalog/46922/download/51168/1991-ST17T-2104.xlsx
ST17T_DISTRICT	21	data/raw/census_1991/scheduled_tribes/ST17T/district/1991-ST17T-2105.xlsx	https://censusindia.gov.in/nada/index.php/catalog/46923/download/51169/1991-ST17T-2105.xlsx
ST17T_DISTRICT	21	data/raw/census_1991/scheduled_tribes/ST17T/district/1991-ST17T-2106.xlsx	https://censusindia.gov.in/nada/index.php/catalog/46924/download/51170/1991-ST17T-2106.xlsx
ST17T_DISTRICT	21	data/raw/census_1991/scheduled_tribes/ST17T/district/1991-ST17T-2107.xlsx	https://censusindia.gov.in/nada/index.php/catalog/46925/download/51171/1991-ST17T-2107.xlsx
ST17T_DISTRICT	21	data/raw/census_1991/scheduled_tribes/ST17T/district/1991-ST17T-2108.xlsx	https://censusindia.gov.in/nada/index.php/catalog/46926/download/51172/1991-ST17T-2108.xlsx
ST17T_DISTRICT	21	data/raw/census_1991/scheduled_tribes/ST17T/district/1991-ST17T-2109.xlsx	https://censusindia.gov.in/nada/index.php/catalog/46927/download/51173/1991-ST17T-2109.xlsx
ST17T_DISTRICT	21	data/raw/census_1991/scheduled_tribes/ST17T/district/1991-ST17T-2110.xlsx	https://censusindia.gov.in/nada/index.php/catalog/46928/download/51174/1991-ST17T-2110.xlsx
ST17T_DISTRICT	21	data/raw/census_1991/scheduled_tribes/ST17T/district/1991-ST17T-2111.xlsx	https://censusindia.gov.in/nada/index.php/catalog/46929/download/51175/1991-ST17T-2111.xlsx
ST17T_DISTRICT	21	data/raw/census_1991/scheduled_tribes/ST17T/district/1991-ST17T-2112.xlsx	https://censusindia.gov.in/nada/index.php/catalog/46930/download/51176/1991-ST17T-2112.xlsx
ST17T_DISTRICT	21	data/raw/census_1991/scheduled_tribes/ST17T/district/1991-ST17T-2113.xlsx	https://censusindia.gov.in/nada/index.php/catalog/46931/download/51177/1991-ST17T-2113.xlsx
ST17T_DISTRICT	21	data/raw/census_1991/scheduled_tribes/ST17T/district/1991-ST17T-2114.xlsx	https://censusindia.gov.in/nada/index.php/catalog/46932/download/51178/1991-ST17T-2114.xlsx
ST17T_DISTRICT	21	data/raw/census_1991/scheduled_tribes/ST17T/district/1991-ST17T-2115.xlsx	https://censusindia.gov.in/nada/index.php/catalog/46933/download/51179/1991-ST17T-2115.xlsx
ST17T_DISTRICT	21	data/raw/census_1991/scheduled_tribes/ST17T/district/1991-ST17T-2116.xlsx	https://censusindia.gov.in/nada/index.php/catalog/46934/download/51180/1991-ST17T-2116.xlsx
ST17T_DISTRICT	21	data/raw/census_1991/scheduled_tribes/ST17T/district/1991-ST17T-2117.xlsx	https://censusindia.gov.in/nada/index.php/catalog/46935/download/51181/1991-ST17T-2117.xlsx
ST17T_DISTRICT	21	data/raw/census_1991/scheduled_tribes/ST17T/district/1991-ST17T-2118.xlsx	https://censusindia.gov.in/nada/index.php/catalog/46936/download/51182/1991-ST17T-2118.xlsx
ST17T_DISTRICT	21	data/raw/census_1991/scheduled_tribes/ST17T/district/1991-ST17T-2119.xlsx	https://censusindia.gov.in/nada/index.php/catalog/46937/download/51183/1991-ST17T-2119.xlsx
ST17T_DISTRICT	21	data/raw/census_1991/scheduled_tribes/ST17T/district/1991-ST17T-2120.xlsx	https://censusindia.gov.in/nada/index.php/catalog/46938/download/51184/1991-ST17T-2120.xlsx
ST17T_DISTRICT	21	data/raw/census_1991/scheduled_tribes/ST17T/district/1991-ST17T-2121.xlsx	https://censusindia.gov.in/nada/index.php/catalog/46939/download/51185/1991-ST17T-2121.xlsx
ST17T_DISTRICT	21	data/raw/census_1991/scheduled_tribes/ST17T/district/1991-ST17T-2122.xlsx	https://censusindia.gov.in/nada/index.php/catalog/46940/download/51186/1991-ST17T-2122.xlsx
ST17T_DISTRICT	21	data/raw/census_1991/scheduled_tribes/ST17T/district/1991-ST17T-2123.xlsx	https://censusindia.gov.in/nada/index.php/catalog/46941/download/51187/1991-ST17T-2123.xlsx
ST17T_DISTRICT	21	data/raw/census_1991/scheduled_tribes/ST17T/district/1991-ST17T-2124.xlsx	https://censusindia.gov.in/nada/index.php/catalog/46942/download/51188/1991-ST17T-2124.xlsx
ST17T_DISTRICT	21	data/raw/census_1991/scheduled_tribes/ST17T/district/1991-ST17T-2125.xlsx	https://censusindia.gov.in/nada/index.php/catalog/46943/download/51189/1991-ST17T-2125.xlsx
ST17T_DISTRICT	21	data/raw/census_1991/scheduled_tribes/ST17T/district/1991-ST17T-2126.xlsx	https://censusindia.gov.in/nada/index.php/catalog/46944/download/51190/1991-ST17T-2126.xlsx
ST17T_DISTRICT	21	data/raw/census_1991/scheduled_tribes/ST17T/district/1991-ST17T-2127.xlsx	https://censusindia.gov.in/nada/index.php/catalog/46945/download/51191/1991-ST17T-2127.xlsx
ST17T_STATE	22	data/raw/census_1991/scheduled_tribes/ST17T/state/1991-ST17T-2200.xlsx	https://censusindia.gov.in/nada/index.php/catalog/46946/download/51192/1991-ST17T-2200.xlsx
ST17T_DISTRICT	22	data/raw/census_1991/scheduled_tribes/ST17T/district/1991-ST17T-2201.xlsx	https://censusindia.gov.in/nada/index.php/catalog/46947/download/51193/1991-ST17T-2201.xlsx
ST17T_DISTRICT	22	data/raw/census_1991/scheduled_tribes/ST17T/district/1991-ST17T-2202.xlsx	https://censusindia.gov.in/nada/index.php/catalog/46948/download/51194/1991-ST17T-2202.xlsx
ST17T_DISTRICT	22	data/raw/census_1991/scheduled_tribes/ST17T/district/1991-ST17T-2203.xlsx	https://censusindia.gov.in/nada/index.php/catalog/46949/download/51195/1991-ST17T-2203.xlsx
ST17T_DISTRICT	22	data/raw/census_1991/scheduled_tribes/ST17T/district/1991-ST17T-2204.xlsx	https://censusindia.gov.in/nada/index.php/catalog/46950/download/51196/1991-ST17T-2204.xlsx
ST17T_STATE	23	data/raw/census_1991/scheduled_tribes/ST17T/state/1991-ST17T-2300.xlsx	https://censusindia.gov.in/nada/index.php/catalog/46951/download/51197/1991-ST17T-2300.xlsx
ST17T_DISTRICT	23	data/raw/census_1991/scheduled_tribes/ST17T/district/1991-ST17T-2301.xlsx	https://censusindia.gov.in/nada/index.php/catalog/46952/download/51198/1991-ST17T-2301.xlsx
ST17T_DISTRICT	23	data/raw/census_1991/scheduled_tribes/ST17T/district/1991-ST17T-2302.xlsx	https://censusindia.gov.in/nada/index.php/catalog/46953/download/51199/1991-ST17T-2302.xlsx
ST17T_DISTRICT	23	data/raw/census_1991/scheduled_tribes/ST17T/district/1991-ST17T-2303.xlsx	https://censusindia.gov.in/nada/index.php/catalog/46954/download/51200/1991-ST17T-2303.xlsx
ST17T_DISTRICT	23	data/raw/census_1991/scheduled_tribes/ST17T/district/1991-ST17T-2304.xlsx	https://censusindia.gov.in/nada/index.php/catalog/46955/download/51201/1991-ST17T-2304.xlsx
ST17T_DISTRICT	23	data/raw/census_1991/scheduled_tribes/ST17T/district/1991-ST17T-2305.xlsx	https://censusindia.gov.in/nada/index.php/catalog/46956/download/51202/1991-ST17T-2305.xlsx
ST17T_DISTRICT	23	data/raw/census_1991/scheduled_tribes/ST17T/district/1991-ST17T-2306.xlsx	https://censusindia.gov.in/nada/index.php/catalog/46957/download/51203/1991-ST17T-2306.xlsx
ST17T_DISTRICT	23	data/raw/census_1991/scheduled_tribes/ST17T/district/1991-ST17T-2307.xlsx	https://censusindia.gov.in/nada/index.php/catalog/46958/download/51204/1991-ST17T-2307.xlsx
ST17T_DISTRICT	23	data/raw/census_1991/scheduled_tribes/ST17T/district/1991-ST17T-2308.xlsx	https://censusindia.gov.in/nada/index.php/catalog/46959/download/51205/1991-ST17T-2308.xlsx
ST17T_DISTRICT	23	data/raw/census_1991/scheduled_tribes/ST17T/district/1991-ST17T-2309.xlsx	https://censusindia.gov.in/nada/index.php/catalog/46960/download/51206/1991-ST17T-2309.xlsx
ST17T_DISTRICT	23	data/raw/census_1991/scheduled_tribes/ST17T/district/1991-ST17T-2310.xlsx	https://censusindia.gov.in/nada/index.php/catalog/46961/download/51207/1991-ST17T-2310.xlsx
ST17T_DISTRICT	23	data/raw/census_1991/scheduled_tribes/ST17T/district/1991-ST17T-2311.xlsx	https://censusindia.gov.in/nada/index.php/catalog/46962/download/51208/1991-ST17T-2311.xlsx
ST17T_DISTRICT	23	data/raw/census_1991/scheduled_tribes/ST17T/district/1991-ST17T-2312.xlsx	https://censusindia.gov.in/nada/index.php/catalog/46963/download/51209/1991-ST17T-2312.xlsx
ST17T_DISTRICT	23	data/raw/census_1991/scheduled_tribes/ST17T/district/1991-ST17T-2313.xlsx	https://censusindia.gov.in/nada/index.php/catalog/46964/download/51210/1991-ST17T-2313.xlsx
ST17T_DISTRICT	23	data/raw/census_1991/scheduled_tribes/ST17T/district/1991-ST17T-2314.xlsx	https://censusindia.gov.in/nada/index.php/catalog/46965/download/51211/1991-ST17T-2314.xlsx
ST17T_DISTRICT	23	data/raw/census_1991/scheduled_tribes/ST17T/district/1991-ST17T-2315.xlsx	https://censusindia.gov.in/nada/index.php/catalog/46966/download/51212/1991-ST17T-2315.xlsx
ST17T_DISTRICT	23	data/raw/census_1991/scheduled_tribes/ST17T/district/1991-ST17T-2316.xlsx	https://censusindia.gov.in/nada/index.php/catalog/46967/download/51213/1991-ST17T-2316.xlsx
ST17T_DISTRICT	23	data/raw/census_1991/scheduled_tribes/ST17T/district/1991-ST17T-2317.xlsx	https://censusindia.gov.in/nada/index.php/catalog/46968/download/51214/1991-ST17T-2317.xlsx
ST17T_DISTRICT	23	data/raw/census_1991/scheduled_tribes/ST17T/district/1991-ST17T-2318.xlsx	https://censusindia.gov.in/nada/index.php/catalog/46969/download/51215/1991-ST17T-2318.xlsx
ST17T_DISTRICT	23	data/raw/census_1991/scheduled_tribes/ST17T/district/1991-ST17T-2319.xlsx	https://censusindia.gov.in/nada/index.php/catalog/46970/download/51216/1991-ST17T-2319.xlsx
ST17T_DISTRICT	23	data/raw/census_1991/scheduled_tribes/ST17T/district/1991-ST17T-2320.xlsx	https://censusindia.gov.in/nada/index.php/catalog/46971/download/51217/1991-ST17T-2320.xlsx
ST17T_DISTRICT	23	data/raw/census_1991/scheduled_tribes/ST17T/district/1991-ST17T-2321.xlsx	https://censusindia.gov.in/nada/index.php/catalog/46972/download/51218/1991-ST17T-2321.xlsx
ST17T_DISTRICT	24	data/raw/census_1991/scheduled_tribes/ST17T/district/1991-ST17T-2401.xlsx	https://censusindia.gov.in/nada/index.php/catalog/46973/download/51219/1991-ST17T-2401.xlsx
ST17T_DISTRICT	24	data/raw/census_1991/scheduled_tribes/ST17T/district/1991-ST17T-2402.xlsx	https://censusindia.gov.in/nada/index.php/catalog/46974/download/51220/1991-ST17T-2402.xlsx
ST17T_DISTRICT	24	data/raw/census_1991/scheduled_tribes/ST17T/district/1991-ST17T-2403.xlsx	https://censusindia.gov.in/nada/index.php/catalog/46975/download/51221/1991-ST17T-2403.xlsx
ST17T_STATE	25	data/raw/census_1991/scheduled_tribes/ST17T/state/1991-ST17T-2500.xlsx	https://censusindia.gov.in/nada/index.php/catalog/46976/download/51222/1991-ST17T-2500.xlsx
ST17T_DISTRICT	25	data/raw/census_1991/scheduled_tribes/ST17T/district/1991-ST17T-2501.xlsx	https://censusindia.gov.in/nada/index.php/catalog/46977/download/51223/1991-ST17T-2501.xlsx
ST17T_DISTRICT	25	data/raw/census_1991/scheduled_tribes/ST17T/district/1991-ST17T-2502.xlsx	https://censusindia.gov.in/nada/index.php/catalog/46978/download/51224/1991-ST17T-2502.xlsx
ST17T_DISTRICT	25	data/raw/census_1991/scheduled_tribes/ST17T/district/1991-ST17T-2503.xlsx	https://censusindia.gov.in/nada/index.php/catalog/46979/download/51225/1991-ST17T-2503.xlsx
ST17T_DISTRICT	25	data/raw/census_1991/scheduled_tribes/ST17T/district/1991-ST17T-2504.xlsx	https://censusindia.gov.in/nada/index.php/catalog/46980/download/51226/1991-ST17T-2504.xlsx
ST17T_DISTRICT	25	data/raw/census_1991/scheduled_tribes/ST17T/district/1991-ST17T-2505.xlsx	https://censusindia.gov.in/nada/index.php/catalog/46981/download/51227/1991-ST17T-2505.xlsx
ST17T_DISTRICT	25	data/raw/census_1991/scheduled_tribes/ST17T/district/1991-ST17T-2506.xlsx	https://censusindia.gov.in/nada/index.php/catalog/46982/download/51228/1991-ST17T-2506.xlsx
ST17T_DISTRICT	25	data/raw/census_1991/scheduled_tribes/ST17T/district/1991-ST17T-2507.xlsx	https://censusindia.gov.in/nada/index.php/catalog/46983/download/51229/1991-ST17T-2507.xlsx
ST17T_DISTRICT	25	data/raw/census_1991/scheduled_tribes/ST17T/district/1991-ST17T-2508.xlsx	https://censusindia.gov.in/nada/index.php/catalog/46984/download/51230/1991-ST17T-2508.xlsx
ST17T_DISTRICT	25	data/raw/census_1991/scheduled_tribes/ST17T/district/1991-ST17T-2509.xlsx	https://censusindia.gov.in/nada/index.php/catalog/46985/download/51231/1991-ST17T-2509.xlsx
ST17T_DISTRICT	25	data/raw/census_1991/scheduled_tribes/ST17T/district/1991-ST17T-2510.xlsx	https://censusindia.gov.in/nada/index.php/catalog/46986/download/51232/1991-ST17T-2510.xlsx
ST17T_DISTRICT	25	data/raw/census_1991/scheduled_tribes/ST17T/district/1991-ST17T-2511.xlsx	https://censusindia.gov.in/nada/index.php/catalog/46987/download/51233/1991-ST17T-2511.xlsx
ST17T_DISTRICT	25	data/raw/census_1991/scheduled_tribes/ST17T/district/1991-ST17T-2512.xlsx	https://censusindia.gov.in/nada/index.php/catalog/46988/download/51234/1991-ST17T-2512.xlsx
ST17T_DISTRICT	25	data/raw/census_1991/scheduled_tribes/ST17T/district/1991-ST17T-2513.xlsx	https://censusindia.gov.in/nada/index.php/catalog/46989/download/51235/1991-ST17T-2513.xlsx
ST17T_DISTRICT	25	data/raw/census_1991/scheduled_tribes/ST17T/district/1991-ST17T-2514.xlsx	https://censusindia.gov.in/nada/index.php/catalog/46990/download/51236/1991-ST17T-2514.xlsx
ST17T_DISTRICT	25	data/raw/census_1991/scheduled_tribes/ST17T/district/1991-ST17T-2515.xlsx	https://censusindia.gov.in/nada/index.php/catalog/46991/download/51237/1991-ST17T-2515.xlsx
ST17T_DISTRICT	25	data/raw/census_1991/scheduled_tribes/ST17T/district/1991-ST17T-2516.xlsx	https://censusindia.gov.in/nada/index.php/catalog/46992/download/51238/1991-ST17T-2516.xlsx
ST17T_DISTRICT	25	data/raw/census_1991/scheduled_tribes/ST17T/district/1991-ST17T-2517.xlsx	https://censusindia.gov.in/nada/index.php/catalog/46993/download/51239/1991-ST17T-2517.xlsx
ST17T_DISTRICT	25	data/raw/census_1991/scheduled_tribes/ST17T/district/1991-ST17T-2518.xlsx	https://censusindia.gov.in/nada/index.php/catalog/46994/download/51240/1991-ST17T-2518.xlsx
ST17T_DISTRICT	25	data/raw/census_1991/scheduled_tribes/ST17T/district/1991-ST17T-2519.xlsx	https://censusindia.gov.in/nada/index.php/catalog/46995/download/51241/1991-ST17T-2519.xlsx
ST17T_DISTRICT	25	data/raw/census_1991/scheduled_tribes/ST17T/district/1991-ST17T-2520.xlsx	https://censusindia.gov.in/nada/index.php/catalog/46996/download/51242/1991-ST17T-2520.xlsx
ST17T_DISTRICT	25	data/raw/census_1991/scheduled_tribes/ST17T/district/1991-ST17T-2521.xlsx	https://censusindia.gov.in/nada/index.php/catalog/46997/download/51243/1991-ST17T-2521.xlsx
ST17T_DISTRICT	25	data/raw/census_1991/scheduled_tribes/ST17T/district/1991-ST17T-2522.xlsx	https://censusindia.gov.in/nada/index.php/catalog/46998/download/51244/1991-ST17T-2522.xlsx
ST17T_DISTRICT	25	data/raw/census_1991/scheduled_tribes/ST17T/district/1991-ST17T-2523.xlsx	https://censusindia.gov.in/nada/index.php/catalog/46999/download/51245/1991-ST17T-2523.xlsx
ST17T_DISTRICT	25	data/raw/census_1991/scheduled_tribes/ST17T/district/1991-ST17T-2524.xlsx	https://censusindia.gov.in/nada/index.php/catalog/47000/download/51246/1991-ST17T-2524.xlsx
ST17T_DISTRICT	25	data/raw/census_1991/scheduled_tribes/ST17T/district/1991-ST17T-2525.xlsx	https://censusindia.gov.in/nada/index.php/catalog/47001/download/51247/1991-ST17T-2525.xlsx
ST17T_DISTRICT	25	data/raw/census_1991/scheduled_tribes/ST17T/district/1991-ST17T-2526.xlsx	https://censusindia.gov.in/nada/index.php/catalog/47002/download/51248/1991-ST17T-2526.xlsx
ST17T_DISTRICT	25	data/raw/census_1991/scheduled_tribes/ST17T/district/1991-ST17T-2527.xlsx	https://censusindia.gov.in/nada/index.php/catalog/47003/download/51249/1991-ST17T-2527.xlsx
ST17T_DISTRICT	25	data/raw/census_1991/scheduled_tribes/ST17T/district/1991-ST17T-2528.xlsx	https://censusindia.gov.in/nada/index.php/catalog/47004/download/51250/1991-ST17T-2528.xlsx
ST17T_DISTRICT	25	data/raw/census_1991/scheduled_tribes/ST17T/district/1991-ST17T-2529.xlsx	https://censusindia.gov.in/nada/index.php/catalog/47005/download/51251/1991-ST17T-2529.xlsx
ST17T_DISTRICT	25	data/raw/census_1991/scheduled_tribes/ST17T/district/1991-ST17T-2530.xlsx	https://censusindia.gov.in/nada/index.php/catalog/47006/download/51252/1991-ST17T-2530.xlsx
ST17T_DISTRICT	25	data/raw/census_1991/scheduled_tribes/ST17T/district/1991-ST17T-2531.xlsx	https://censusindia.gov.in/nada/index.php/catalog/47007/download/51253/1991-ST17T-2531.xlsx
ST17T_DISTRICT	25	data/raw/census_1991/scheduled_tribes/ST17T/district/1991-ST17T-2532.xlsx	https://censusindia.gov.in/nada/index.php/catalog/47008/download/51254/1991-ST17T-2532.xlsx
ST17T_DISTRICT	25	data/raw/census_1991/scheduled_tribes/ST17T/district/1991-ST17T-2533.xlsx	https://censusindia.gov.in/nada/index.php/catalog/47009/download/51255/1991-ST17T-2533.xlsx
ST17T_DISTRICT	25	data/raw/census_1991/scheduled_tribes/ST17T/district/1991-ST17T-2534.xlsx	https://censusindia.gov.in/nada/index.php/catalog/47010/download/51256/1991-ST17T-2534.xlsx
ST17T_DISTRICT	25	data/raw/census_1991/scheduled_tribes/ST17T/district/1991-ST17T-2535.xlsx	https://censusindia.gov.in/nada/index.php/catalog/47011/download/51257/1991-ST17T-2535.xlsx
ST17T_DISTRICT	25	data/raw/census_1991/scheduled_tribes/ST17T/district/1991-ST17T-2536.xlsx	https://censusindia.gov.in/nada/index.php/catalog/47012/download/51258/1991-ST17T-2536.xlsx
ST17T_DISTRICT	25	data/raw/census_1991/scheduled_tribes/ST17T/district/1991-ST17T-2537.xlsx	https://censusindia.gov.in/nada/index.php/catalog/47013/download/51259/1991-ST17T-2537.xlsx
ST17T_DISTRICT	25	data/raw/census_1991/scheduled_tribes/ST17T/district/1991-ST17T-2539.xlsx	https://censusindia.gov.in/nada/index.php/catalog/47014/download/51260/1991-ST17T-2539.xlsx
ST17T_DISTRICT	25	data/raw/census_1991/scheduled_tribes/ST17T/district/1991-ST17T-2540.xlsx	https://censusindia.gov.in/nada/index.php/catalog/47015/download/51261/1991-ST17T-2540.xlsx
ST17T_DISTRICT	25	data/raw/census_1991/scheduled_tribes/ST17T/district/1991-ST17T-2541.xlsx	https://censusindia.gov.in/nada/index.php/catalog/47016/download/51262/1991-ST17T-2541.xlsx
ST17T_DISTRICT	25	data/raw/census_1991/scheduled_tribes/ST17T/district/1991-ST17T-2542.xlsx	https://censusindia.gov.in/nada/index.php/catalog/47017/download/51263/1991-ST17T-2542.xlsx
ST17T_DISTRICT	25	data/raw/census_1991/scheduled_tribes/ST17T/district/1991-ST17T-2543.xlsx	https://censusindia.gov.in/nada/index.php/catalog/47018/download/51264/1991-ST17T-2543.xlsx
ST17T_DISTRICT	25	data/raw/census_1991/scheduled_tribes/ST17T/district/1991-ST17T-2544.xlsx	https://censusindia.gov.in/nada/index.php/catalog/47019/download/51265/1991-ST17T-2544.xlsx
ST17T_DISTRICT	25	data/raw/census_1991/scheduled_tribes/ST17T/district/1991-ST17T-2545.xlsx	https://censusindia.gov.in/nada/index.php/catalog/47020/download/51266/1991-ST17T-2545.xlsx
ST17T_DISTRICT	25	data/raw/census_1991/scheduled_tribes/ST17T/district/1991-ST17T-2546.xlsx	https://censusindia.gov.in/nada/index.php/catalog/47021/download/51267/1991-ST17T-2546.xlsx
ST17T_DISTRICT	25	data/raw/census_1991/scheduled_tribes/ST17T/district/1991-ST17T-2547.xlsx	https://censusindia.gov.in/nada/index.php/catalog/47022/download/51268/1991-ST17T-2547.xlsx
ST17T_DISTRICT	25	data/raw/census_1991/scheduled_tribes/ST17T/district/1991-ST17T-2548.xlsx	https://censusindia.gov.in/nada/index.php/catalog/47023/download/51269/1991-ST17T-2548.xlsx
ST17T_DISTRICT	25	data/raw/census_1991/scheduled_tribes/ST17T/district/1991-ST17T-2550.xlsx	https://censusindia.gov.in/nada/index.php/catalog/47024/download/51270/1991-ST17T-2550.xlsx
ST17T_DISTRICT	25	data/raw/census_1991/scheduled_tribes/ST17T/district/1991-ST17T-2551.xlsx	https://censusindia.gov.in/nada/index.php/catalog/47025/download/51271/1991-ST17T-2551.xlsx
ST17T_DISTRICT	25	data/raw/census_1991/scheduled_tribes/ST17T/district/1991-ST17T-2552.xlsx	https://censusindia.gov.in/nada/index.php/catalog/47026/download/51272/1991-ST17T-2552.xlsx
ST17T_DISTRICT	25	data/raw/census_1991/scheduled_tribes/ST17T/district/1991-ST17T-2553.xlsx	https://censusindia.gov.in/nada/index.php/catalog/47027/download/51273/1991-ST17T-2553.xlsx
ST17T_DISTRICT	25	data/raw/census_1991/scheduled_tribes/ST17T/district/1991-ST17T-2554.xlsx	https://censusindia.gov.in/nada/index.php/catalog/47028/download/51274/1991-ST17T-2554.xlsx
ST17T_DISTRICT	25	data/raw/census_1991/scheduled_tribes/ST17T/district/1991-ST17T-2555.xlsx	https://censusindia.gov.in/nada/index.php/catalog/47029/download/51275/1991-ST17T-2555.xlsx
ST17T_DISTRICT	25	data/raw/census_1991/scheduled_tribes/ST17T/district/1991-ST17T-2556.xlsx	https://censusindia.gov.in/nada/index.php/catalog/47030/download/51276/1991-ST17T-2556.xlsx
ST17T_DISTRICT	25	data/raw/census_1991/scheduled_tribes/ST17T/district/1991-ST17T-2557.xlsx	https://censusindia.gov.in/nada/index.php/catalog/47031/download/51277/1991-ST17T-2557.xlsx
ST17T_DISTRICT	25	data/raw/census_1991/scheduled_tribes/ST17T/district/1991-ST17T-2558.xlsx	https://censusindia.gov.in/nada/index.php/catalog/47032/download/51278/1991-ST17T-2558.xlsx
ST17T_DISTRICT	25	data/raw/census_1991/scheduled_tribes/ST17T/district/1991-ST17T-2559.xlsx	https://censusindia.gov.in/nada/index.php/catalog/47033/download/51279/1991-ST17T-2559.xlsx
ST17T_DISTRICT	25	data/raw/census_1991/scheduled_tribes/ST17T/district/1991-ST17T-2560.xlsx	https://censusindia.gov.in/nada/index.php/catalog/47034/download/51280/1991-ST17T-2560.xlsx
ST17T_DISTRICT	25	data/raw/census_1991/scheduled_tribes/ST17T/district/1991-ST17T-2561.xlsx	https://censusindia.gov.in/nada/index.php/catalog/47035/download/51281/1991-ST17T-2561.xlsx
ST17T_DISTRICT	25	data/raw/census_1991/scheduled_tribes/ST17T/district/1991-ST17T-2562.xlsx	https://censusindia.gov.in/nada/index.php/catalog/47036/download/51282/1991-ST17T-2562.xlsx
ST17T_DISTRICT	25	data/raw/census_1991/scheduled_tribes/ST17T/district/1991-ST17T-2563.xlsx	https://censusindia.gov.in/nada/index.php/catalog/47037/download/51283/1991-ST17T-2563.xlsx
ST17T_STATE	26	data/raw/census_1991/scheduled_tribes/ST17T/state/1991-ST17T-2600.xlsx	https://censusindia.gov.in/nada/index.php/catalog/47038/download/51284/1991-ST17T-2600.xlsx
ST17T_DISTRICT	26	data/raw/census_1991/scheduled_tribes/ST17T/district/1991-ST17T-2601.xlsx	https://censusindia.gov.in/nada/index.php/catalog/47039/download/51285/1991-ST17T-2601.xlsx
ST17T_DISTRICT	26	data/raw/census_1991/scheduled_tribes/ST17T/district/1991-ST17T-2602.xlsx	https://censusindia.gov.in/nada/index.php/catalog/47040/download/51286/1991-ST17T-2602.xlsx
ST17T_DISTRICT	26	data/raw/census_1991/scheduled_tribes/ST17T/district/1991-ST17T-2603.xlsx	https://censusindia.gov.in/nada/index.php/catalog/47041/download/51287/1991-ST17T-2603.xlsx
ST17T_DISTRICT	26	data/raw/census_1991/scheduled_tribes/ST17T/district/1991-ST17T-2604.xlsx	https://censusindia.gov.in/nada/index.php/catalog/47042/download/51288/1991-ST17T-2604.xlsx
ST17T_DISTRICT	26	data/raw/census_1991/scheduled_tribes/ST17T/district/1991-ST17T-2605.xlsx	https://censusindia.gov.in/nada/index.php/catalog/47043/download/51289/1991-ST17T-2605.xlsx
ST17T_DISTRICT	26	data/raw/census_1991/scheduled_tribes/ST17T/district/1991-ST17T-2606.xlsx	https://censusindia.gov.in/nada/index.php/catalog/47044/download/51290/1991-ST17T-2606.xlsx
ST17T_DISTRICT	26	data/raw/census_1991/scheduled_tribes/ST17T/district/1991-ST17T-2607.xlsx	https://censusindia.gov.in/nada/index.php/catalog/47045/download/51291/1991-ST17T-2607.xlsx
ST17T_DISTRICT	26	data/raw/census_1991/scheduled_tribes/ST17T/district/1991-ST17T-2608.xlsx	https://censusindia.gov.in/nada/index.php/catalog/47046/download/51292/1991-ST17T-2608.xlsx
ST17T_DISTRICT	26	data/raw/census_1991/scheduled_tribes/ST17T/district/1991-ST17T-2609.xlsx	https://censusindia.gov.in/nada/index.php/catalog/47047/download/51293/1991-ST17T-2609.xlsx
ST17T_DISTRICT	26	data/raw/census_1991/scheduled_tribes/ST17T/district/1991-ST17T-2610.xlsx	https://censusindia.gov.in/nada/index.php/catalog/47048/download/51294/1991-ST17T-2610.xlsx
ST17T_DISTRICT	26	data/raw/census_1991/scheduled_tribes/ST17T/district/1991-ST17T-2611.xlsx	https://censusindia.gov.in/nada/index.php/catalog/47049/download/51295/1991-ST17T-2611.xlsx
ST17T_DISTRICT	26	data/raw/census_1991/scheduled_tribes/ST17T/district/1991-ST17T-2612.xlsx	https://censusindia.gov.in/nada/index.php/catalog/47050/download/51296/1991-ST17T-2612.xlsx
ST17T_DISTRICT	26	data/raw/census_1991/scheduled_tribes/ST17T/district/1991-ST17T-2613.xlsx	https://censusindia.gov.in/nada/index.php/catalog/47051/download/51297/1991-ST17T-2613.xlsx
ST17T_DISTRICT	26	data/raw/census_1991/scheduled_tribes/ST17T/district/1991-ST17T-2614.xlsx	https://censusindia.gov.in/nada/index.php/catalog/47052/download/51298/1991-ST17T-2614.xlsx
ST17T_DISTRICT	26	data/raw/census_1991/scheduled_tribes/ST17T/district/1991-ST17T-2615.xlsx	https://censusindia.gov.in/nada/index.php/catalog/47053/download/51299/1991-ST17T-2615.xlsx
ST17T_DISTRICT	26	data/raw/census_1991/scheduled_tribes/ST17T/district/1991-ST17T-2616.xlsx	https://censusindia.gov.in/nada/index.php/catalog/47054/download/51300/1991-ST17T-2616.xlsx
ST17T_DISTRICT	26	data/raw/census_1991/scheduled_tribes/ST17T/district/1991-ST17T-2617.xlsx	https://censusindia.gov.in/nada/index.php/catalog/47055/download/51301/1991-ST17T-2617.xlsx
ST17T_STATE	27	data/raw/census_1991/scheduled_tribes/ST17T/state/1991-ST17T-2700.xlsx	https://censusindia.gov.in/nada/index.php/catalog/47056/download/51302/1991-ST17T-2700.xlsx
ST17T_DISTRICT	27	data/raw/census_1991/scheduled_tribes/ST17T/district/1991-ST17T-2701.xlsx	https://censusindia.gov.in/nada/index.php/catalog/47057/download/51303/1991-ST17T-2701.xlsx
ST17T_DISTRICT	27	data/raw/census_1991/scheduled_tribes/ST17T/district/1991-ST17T-2702.xlsx	https://censusindia.gov.in/nada/index.php/catalog/47058/download/51304/1991-ST17T-2702.xlsx
ST17T_STATE	29	data/raw/census_1991/scheduled_tribes/ST17T/state/1991-ST17T-2900.xlsx	https://censusindia.gov.in/nada/index.php/catalog/47059/download/51305/1991-ST17T-2900.xlsx
ST17T_DISTRICT	29	data/raw/census_1991/scheduled_tribes/ST17T/district/1991-ST17T-2901.xlsx	https://censusindia.gov.in/nada/index.php/catalog/47060/download/51306/1991-ST17T-2901.xlsx
ST17T_STATE	30	data/raw/census_1991/scheduled_tribes/ST17T/state/1991-ST17T-3000.xlsx	https://censusindia.gov.in/nada/index.php/catalog/47061/download/51307/1991-ST17T-3000.xlsx
ST17T_DISTRICT	30	data/raw/census_1991/scheduled_tribes/ST17T/district/1991-ST17T-3001.xlsx	https://censusindia.gov.in/nada/index.php/catalog/47062/download/51308/1991-ST17T-3001.xlsx
ST17T_DISTRICT	30	data/raw/census_1991/scheduled_tribes/ST17T/district/1991-ST17T-3002.xlsx	https://censusindia.gov.in/nada/index.php/catalog/47063/download/51309/1991-ST17T-3002.xlsx
ST17T_STATE	32	data/raw/census_1991/scheduled_tribes/ST17T/state/1991-ST17T-3200.xlsx	https://censusindia.gov.in/nada/index.php/catalog/47064/download/51310/1991-ST17T-3200.xlsx
ST17T_DISTRICT	32	data/raw/census_1991/scheduled_tribes/ST17T/district/1991-ST17T-3201.xlsx	https://censusindia.gov.in/nada/index.php/catalog/47065/download/51311/1991-ST17T-3201.xlsx
