"specification_id","analysis_id","welfare_specification_id","welfare_outcome_id","outcome_round","baseline_round","estimand","analysis_transform","tier","first_stage_estimate","first_stage_std.error","first_stage_p.value","partial_f","partial_p","effective_f","effective_f_critical_value","effective_f_p_value","effective_f_df","effective_f_status","effective_f_reason","first_stage_n","first_stage_status","first_stage_reason","reduced_form_term","reduced_form_estimate","reduced_form_std.error","reduced_form_statistic","reduced_form_p.value","reduced_form_n","reduced_form_status","reduced_form_reason","second_stage_estimate","second_stage_std.error","second_stage_statistic","second_stage_p.value","second_stage_n","second_stage_status","second_stage_reason","anderson_rubin_f_beta0","anderson_rubin_p_beta0","ar_95_lower","ar_95_upper","ar_95_empty","ar_95_n_components","ar_95_disconnected","ar_95_contains_zero","ar_95_grid_accepted_min","ar_95_grid_accepted_max","ar_95_left_truncated","ar_95_right_truncated","ar_95_components","ar_95_information","ar_95_sign_identified","n","status","reason","reduced_form_p_holm_within_welfare","anderson_rubin_p_beta0_holm_within_welfare","reduced_form_p_holm_family","anderson_rubin_p_beta0_holm_family","multiplicity_family"
"consumption_welfare__alt_welfare__mean_log_real_mpce__early_2009__ancova__region_main__nonzero_mean","consumption_iv__consumption_welfare__alt_welfare__mean_log_real_mpce__early_2009__ancova__region_main__nonzero_mean","alt_welfare__mean_log_real_mpce__early_2009__ancova","mean_log_real_mpce","nss_2009_10_type2","nss_2004_05","ancova","identity","C",5.49674663644457,3.29647474702984,0.137729686286629,2.78042978631043,0.137729686286629,4.78818821111625,23.1085112116065,0.834992813519444,1,"estimated",NA,521,"estimated",NA,"ling_distance_nonzero_mean",-0.0265779997411807,0.0278023007117156,-0.955964041133507,0.369766617943904,521,"estimated",NA,-0.00483522372396862,0.00663008212069509,-0.729285646232946,0.488633032806592,521,"estimated",NA,0.913867247940305,0.369766617943904,NA,NA,NA,NA,NA,TRUE,NA,NA,NA,NA,NA,NA,NA,521,"estimated",NA,1,1,1,1,"consumption_welfare_robustness"
"consumption_welfare__alt_welfare__mean_log_real_mpce__early_2009__ancova__region_main__glottolog_mean","consumption_iv__consumption_welfare__alt_welfare__mean_log_real_mpce__early_2009__ancova__region_main__glottolog_mean","alt_welfare__mean_log_real_mpce__early_2009__ancova","mean_log_real_mpce","nss_2009_10_type2","nss_2004_05","ancova","identity","C",-0.225853624864243,0.530838313312995,0.677116501451369,0.181021270752804,0.677116501451369,0.274497586748847,23.1085112116065,0.99594831564327,1,"estimated",NA,521,"estimated",NA,"ling_distance_glottolog_nonhindi_mean",0.00160865646627171,0.00519018168985805,0.309942225994732,0.761277737819978,521,"estimated",NA,-0.00712256208966981,0.0332105292938484,-0.214466985053115,0.833348009655206,521,"estimated",NA,0.0960641834545698,0.761277737819978,NA,NA,NA,NA,NA,TRUE,NA,NA,NA,NA,NA,NA,NA,521,"estimated",NA,1,1,1,1,"consumption_welfare_robustness"
"consumption_welfare__alt_welfare__mean_log_real_mpce__early_2009__ancova__region_main__dyen_noncognate","consumption_iv__consumption_welfare__alt_welfare__mean_log_real_mpce__early_2009__ancova__region_main__dyen_noncognate","alt_welfare__mean_log_real_mpce__early_2009__ancova","mean_log_real_mpce","nss_2009_10_type2","nss_2004_05","ancova","identity","C",-0.014993937239949,0.125091264626915,0.906236658384193,0.0143673744652003,0.906236658384193,0.0235269545849779,23.1085112116065,0.999146121980948,1,"estimated",NA,521,"estimated",NA,"ling_distance_dyen_noncognate_pct",-7.47692894649445e-05,0.000943658497561324,-0.0792334193547445,0.937930604390051,521,"estimated",NA,0.00498663481565579,0.0723204686196042,0.0689519151470769,0.94597021734861,521,"estimated",NA,0.00627793474264479,0.937930604390051,NA,NA,NA,NA,NA,TRUE,NA,NA,NA,NA,NA,NA,NA,521,"estimated",NA,1,1,1,1,"consumption_welfare_robustness"
"consumption_welfare__alt_welfare__mean_log_real_mpce__early_2009__ancova__state_main__nonzero_mean","consumption_iv__consumption_welfare__alt_welfare__mean_log_real_mpce__early_2009__ancova__state_main__nonzero_mean","alt_welfare__mean_log_real_mpce__early_2009__ancova","mean_log_real_mpce","nss_2009_10_type2","nss_2004_05","ancova","identity","C",0.768538802408268,0.861606333618861,0.411338283737762,0.795634914861359,0.411338283737762,1.05401549904696,23.1085112116065,0.98365902130671,1,"estimated",NA,521,"estimated",NA,"ling_distance_nonzero_mean",-0.0282312751808978,0.0283738031904087,-0.99497677457779,0.363282783256247,521,"estimated",NA,-0.0367337017889477,0.066858219076125,-0.549426866233493,0.605223747020623,521,"estimated",NA,0.989978781949221,0.363282783256247,NA,NA,NA,NA,NA,TRUE,NA,NA,NA,NA,NA,NA,NA,521,"estimated",NA,1,1,1,1,"consumption_welfare_robustness"
"consumption_welfare__alt_welfare__mean_log_real_mpce__early_2009__ancova__state_main__glottolog_mean","consumption_iv__consumption_welfare__alt_welfare__mean_log_real_mpce__early_2009__ancova__state_main__glottolog_mean","alt_welfare__mean_log_real_mpce__early_2009__ancova","mean_log_real_mpce","nss_2009_10_type2","nss_2004_05","ancova","identity","C",-0.198391840010203,0.196400371035553,0.342822433282788,1.02038250290167,0.342822433282788,1.15467464377816,23.1085112116065,0.981599774725824,1,"estimated",NA,521,"estimated",NA,"ling_distance_glottolog_nonhindi_mean",-0.00015938650078313,0.00465127734674039,-0.0342672536813629,0.973527250112801,521,"estimated",NA,0.000803392421649173,0.0233858464500366,0.0343537884491632,0.97346042836656,521,"estimated",NA,0.00117424467486288,0.973527250112801,NA,NA,NA,NA,NA,TRUE,NA,NA,NA,NA,NA,NA,NA,521,"estimated",NA,1,1,1,1,"consumption_welfare_robustness"
"consumption_welfare__alt_welfare__mean_log_real_mpce__early_2009__ancova__state_main__dyen_noncognate","consumption_iv__consumption_welfare__alt_welfare__mean_log_real_mpce__early_2009__ancova__state_main__dyen_noncognate","alt_welfare__mean_log_real_mpce__early_2009__ancova","mean_log_real_mpce","nss_2009_10_type2","nss_2004_05","ancova","identity","C",0.00852540452426527,0.036332004153012,0.819365932111063,0.0550619109738344,0.819365932111063,0.0598894906090596,23.1085112116065,0.998564463774651,1,"estimated",NA,521,"estimated",NA,"ling_distance_dyen_noncognate_pct",0.000251843562853381,0.000858818096332692,0.293244359811232,0.775524124062824,521,"estimated",NA,0.0295403651681632,0.104184813862712,0.283538109566426,0.782734461691667,521,"estimated",NA,0.0859922545610995,0.775524124062824,NA,NA,NA,NA,NA,TRUE,NA,NA,NA,NA,NA,NA,NA,521,"estimated",NA,1,1,1,1,"consumption_welfare_robustness"
"consumption_welfare__alt_welfare__mean_log_real_mpce__early_2009__change__region_main__nonzero_mean","consumption_iv__consumption_welfare__alt_welfare__mean_log_real_mpce__early_2009__change__region_main__nonzero_mean","alt_welfare__mean_log_real_mpce__early_2009__change","mean_log_real_mpce","nss_2009_10_type2","nss_2004_05","change","identity","C",5.54516390934669,3.21551478723991,0.125287067924271,2.97390953748865,0.125287067924271,5.03860386680107,23.1085112116065,0.820584352517099,1,"estimated",NA,521,"estimated",NA,"ling_distance_nonzero_mean",-0.0640197240773507,0.0583296157826649,-1.09755093048936,0.306280826573047,521,"estimated",NA,-0.0115451454860409,0.0127999345444615,-0.901969103508928,0.395030334084719,521,"estimated",NA,1.204618045018,0.306280826573059,NA,NA,NA,NA,NA,TRUE,NA,NA,NA,NA,NA,NA,NA,521,"estimated",NA,1,1,1,1,"consumption_welfare_robustness"
"consumption_welfare__alt_welfare__mean_log_real_mpce__early_2009__change__region_main__glottolog_mean","consumption_iv__consumption_welfare__alt_welfare__mean_log_real_mpce__early_2009__change__region_main__glottolog_mean","alt_welfare__mean_log_real_mpce__early_2009__change","mean_log_real_mpce","nss_2009_10_type2","nss_2004_05","change","identity","C",-0.229815536606189,0.526948364377436,0.669543066486061,0.190205315549745,0.669543066486062,0.283900738351995,23.1085112116065,0.995833798336165,1,"estimated",NA,521,"estimated",NA,"ling_distance_glottolog_nonhindi_mean",0.00321072459442608,0.0154655497709748,0.207604944018987,0.838593279073551,521,"estimated",NA,-0.0139708769991833,0.0770768775885743,-0.181258990196228,0.858819872198269,521,"estimated",NA,0.0430998127811271,0.83859327907355,NA,NA,NA,NA,NA,TRUE,NA,NA,NA,NA,NA,NA,NA,521,"estimated",NA,1,1,1,1,"consumption_welfare_robustness"
"consumption_welfare__alt_welfare__mean_log_real_mpce__early_2009__change__region_main__dyen_noncognate","consumption_iv__consumption_welfare__alt_welfare__mean_log_real_mpce__early_2009__change__region_main__dyen_noncognate","alt_welfare__mean_log_real_mpce__early_2009__change","mean_log_real_mpce","nss_2009_10_type2","nss_2004_05","change","identity","C",-0.0185676506901166,0.124590648032916,0.88359607638262,0.0222097170128823,0.88359607638262,0.0358467528951045,23.1085112116065,0.998926930311051,1,"estimated",NA,521,"estimated",NA,"ling_distance_dyen_noncognate_pct",0.00138462008851512,0.0029123272791538,0.475434233791688,0.641603727534821,521,"estimated",NA,-0.074571635993358,0.517676487955299,-0.144050652730817,0.887455614136646,521,"estimated",NA,0.226037710661083,0.641603727534825,NA,NA,NA,NA,NA,TRUE,NA,NA,NA,NA,NA,NA,NA,521,"estimated",NA,1,1,1,1,"consumption_welfare_robustness"
"consumption_welfare__alt_welfare__mean_log_real_mpce__early_2009__change__state_main__nonzero_mean","consumption_iv__consumption_welfare__alt_welfare__mean_log_real_mpce__early_2009__change__state_main__nonzero_mean","alt_welfare__mean_log_real_mpce__early_2009__change","mean_log_real_mpce","nss_2009_10_type2","nss_2004_05","change","identity","C",0.584970191874787,0.810981052362456,0.505403519561507,0.520290693659702,0.505403519561506,0.731781220659933,23.1085112116065,0.989497386942107,1,"estimated",NA,521,"estimated",NA,"ling_distance_nonzero_mean",0.0115344450263965,0.0364450290873106,0.316488841283777,0.765368300210609,521,"estimated",NA,0.0197180047575135,0.0671201322472111,0.293771840092475,0.781613498727091,521,"estimated",NA,0.100165186657147,0.76536830021061,NA,NA,NA,NA,NA,TRUE,NA,NA,NA,NA,NA,NA,NA,521,"estimated",NA,1,1,1,1,"consumption_welfare_robustness"
"consumption_welfare__alt_welfare__mean_log_real_mpce__early_2009__change__state_main__glottolog_mean","consumption_iv__consumption_welfare__alt_welfare__mean_log_real_mpce__early_2009__change__state_main__glottolog_mean","alt_welfare__mean_log_real_mpce__early_2009__change","mean_log_real_mpce","nss_2009_10_type2","nss_2004_05","change","identity","C",-0.174943935237871,0.208672876683929,0.426391316889326,0.702855061482384,0.426391316889326,0.778141851315406,23.1085112116065,0.98872695533275,1,"estimated",NA,521,"estimated",NA,"ling_distance_glottolog_nonhindi_mean",-0.00563697964787411,0.00405408546891749,-1.39044420525729,0.202201737177158,521,"estimated",NA,0.0322216351210344,0.0412934154999991,0.780309275241113,0.457882827253816,521,"estimated",NA,1.93333508793358,0.202201737177159,NA,NA,NA,NA,NA,TRUE,NA,NA,NA,NA,NA,NA,NA,521,"estimated",NA,1,1,1,1,"consumption_welfare_robustness"
"consumption_welfare__alt_welfare__mean_log_real_mpce__early_2009__change__state_main__dyen_noncognate","consumption_iv__consumption_welfare__alt_welfare__mean_log_real_mpce__early_2009__change__state_main__dyen_noncognate","alt_welfare__mean_log_real_mpce__early_2009__change","mean_log_real_mpce","nss_2009_10_type2","nss_2004_05","change","identity","C",0.0107219372223472,0.038667351197615,0.787379726982567,0.0768878424441416,0.787379726982567,0.083310447438475,23.1085112116065,0.998250504619574,1,"estimated",NA,521,"estimated",NA,"ling_distance_dyen_noncognate_pct",-0.000301676802353304,0.00089446980474175,-0.337268849942234,0.743098548534258,521,"estimated",NA,-0.0281364081973043,0.144517597908303,-0.194691917140479,0.849651413875013,521,"estimated",NA,0.11375027714136,0.743098548534255,NA,NA,NA,NA,NA,TRUE,NA,NA,NA,NA,NA,NA,NA,521,"estimated",NA,1,1,1,1,"consumption_welfare_robustness"
"consumption_welfare__alt_welfare__mean_log_real_mpce__medium_2011__ancova__region_main__nonzero_mean","consumption_iv__consumption_welfare__alt_welfare__mean_log_real_mpce__medium_2011__ancova__region_main__nonzero_mean","alt_welfare__mean_log_real_mpce__medium_2011__ancova","mean_log_real_mpce","nss_2011_12_type2","nss_2004_05","ancova","identity","C",5.64470263104835,3.15883589649471,0.114987831749674,3.19321386481593,0.114987831749674,5.62980728891583,23.1085112116065,0.785106507471336,1,"estimated",NA,525,"estimated",NA,"ling_distance_nonzero_mean",-0.0274947760046229,0.0212910533637297,-1.29137697111133,0.235627608585645,525,"estimated",NA,-0.00487089892980177,0.00569659209920366,-0.855054889831884,0.419466717957956,525,"estimated",NA,1.66765448151668,0.235627608585645,NA,NA,NA,NA,NA,TRUE,NA,NA,NA,NA,NA,NA,NA,525,"estimated",NA,1,1,1,1,"consumption_welfare_robustness"
"consumption_welfare__alt_welfare__mean_log_real_mpce__medium_2011__ancova__region_main__glottolog_mean","consumption_iv__consumption_welfare__alt_welfare__mean_log_real_mpce__medium_2011__ancova__region_main__glottolog_mean","alt_welfare__mean_log_real_mpce__medium_2011__ancova","mean_log_real_mpce","nss_2011_12_type2","nss_2004_05","ancova","identity","C",-0.144031753445087,0.529572814388002,0.789520231944128,0.0739716201142192,0.789520231944128,0.113157589536138,23.1085112116065,0.997876312530503,1,"estimated",NA,525,"estimated",NA,"ling_distance_glottolog_nonhindi_mean",-0.00026435841686195,0.00637160282812901,-0.0414900966040875,0.967477935463991,525,"estimated",NA,0.00183541761132206,0.0429837867894503,0.0427002306779665,0.966529978156877,525,"estimated",NA,0.00172142811621651,0.967477935463991,NA,NA,NA,NA,NA,TRUE,NA,NA,NA,NA,NA,NA,NA,525,"estimated",NA,1,1,1,1,"consumption_welfare_robustness"
"consumption_welfare__alt_welfare__mean_log_real_mpce__medium_2011__ancova__region_main__dyen_noncognate","consumption_iv__consumption_welfare__alt_welfare__mean_log_real_mpce__medium_2011__ancova__region_main__dyen_noncognate","alt_welfare__mean_log_real_mpce__medium_2011__ancova","mean_log_real_mpce","nss_2011_12_type2","nss_2004_05","ancova","identity","C",0.0017093196766151,0.118688733695762,0.988716517125279,0.000207408996998416,0.988716517125279,0.000337025578114637,23.1085112116065,0.999901254207912,1,"estimated",NA,525,"estimated",NA,"ling_distance_dyen_noncognate_pct",0.000292787224684468,0.0007545544968064,0.388026611628013,0.703941214367934,525,"estimated",NA,0.171288746448468,11.9959807719323,0.0142788446984879,0.988812726067523,525,"estimated",NA,0.150564651331517,0.703941214367934,NA,NA,NA,NA,NA,TRUE,NA,NA,NA,NA,NA,NA,NA,525,"estimated",NA,1,1,1,1,"consumption_welfare_robustness"
"consumption_welfare__alt_welfare__mean_log_real_mpce__medium_2011__ancova__state_main__nonzero_mean","consumption_iv__consumption_welfare__alt_welfare__mean_log_real_mpce__medium_2011__ancova__state_main__nonzero_mean","alt_welfare__mean_log_real_mpce__medium_2011__ancova","mean_log_real_mpce","nss_2011_12_type2","nss_2004_05","ancova","identity","C",0.730430424840105,0.814510997602677,0.40584369958893,0.804199510219202,0.40584369958893,1.08509187017826,23.1085112116065,0.983035385133659,1,"estimated",NA,525,"estimated",NA,"ling_distance_nonzero_mean",-0.0204757879219799,0.0227296372478655,-0.900840946060534,0.403848691023881,525,"estimated",NA,-0.0280324959443704,0.0527816267493458,-0.531103296180954,0.615237837496907,525,"estimated",NA,0.811514410099238,0.403848691023881,NA,NA,NA,NA,NA,TRUE,NA,NA,NA,NA,NA,NA,NA,525,"estimated",NA,1,1,1,1,"consumption_welfare_robustness"
"consumption_welfare__alt_welfare__mean_log_real_mpce__medium_2011__ancova__state_main__glottolog_mean","consumption_iv__consumption_welfare__alt_welfare__mean_log_real_mpce__medium_2011__ancova__state_main__glottolog_mean","alt_welfare__mean_log_real_mpce__medium_2011__ancova","mean_log_real_mpce","nss_2011_12_type2","nss_2004_05","ancova","identity","C",-0.242456243519559,0.194589550510802,0.246601568451616,1.55248607895415,0.246601568451616,1.74982446935067,23.1085112116065,0.967080479773581,1,"estimated",NA,525,"estimated",NA,"ling_distance_glottolog_nonhindi_mean",-0.00478116291497554,0.00820459750877217,-0.582741921204986,0.575467166960317,525,"estimated",NA,0.0197196939355834,0.0390378163898306,0.505143365055644,0.62652313385974,525,"estimated",NA,0.339588146729679,0.575467166960317,NA,NA,NA,NA,NA,TRUE,NA,NA,NA,NA,NA,NA,NA,525,"estimated",NA,1,1,1,1,"consumption_welfare_robustness"
"consumption_welfare__alt_welfare__mean_log_real_mpce__medium_2011__ancova__state_main__dyen_noncognate","consumption_iv__consumption_welfare__alt_welfare__mean_log_real_mpce__medium_2011__ancova__state_main__dyen_noncognate","alt_welfare__mean_log_real_mpce__medium_2011__ancova","mean_log_real_mpce","nss_2011_12_type2","nss_2004_05","ancova","identity","C",0.00951493145695495,0.0344583804435303,0.788829289644341,0.0762467971017505,0.788829289644341,0.0827671790935493,23.1085112116065,0.99825752834588,1,"estimated",NA,525,"estimated",NA,"ling_distance_dyen_noncognate_pct",0.00149872875166627,0.000785057395899696,1.9090690177483,0.0893589082513322,525,"estimated",NA,0.157513352402755,0.549758839801548,0.286513541937069,0.78112056080756,525,"estimated",NA,3.64454451452644,0.0893589082513322,NA,NA,NA,NA,NA,TRUE,NA,NA,NA,NA,NA,NA,NA,525,"estimated",NA,0.536153449507993,0.536153449507993,1,1,"consumption_welfare_robustness"
"consumption_welfare__alt_welfare__mean_log_real_mpce__medium_2011__change__region_main__nonzero_mean","consumption_iv__consumption_welfare__alt_welfare__mean_log_real_mpce__medium_2011__change__region_main__nonzero_mean","alt_welfare__mean_log_real_mpce__medium_2011__change","mean_log_real_mpce","nss_2011_12_type2","nss_2004_05","change","identity","C",5.67888330466463,3.07250766663602,0.103369868005923,3.41617364960903,0.103369868005923,5.90295383645191,23.1085112116065,0.768122630847513,1,"estimated",NA,525,"estimated",NA,"ling_distance_nonzero_mean",-0.0645996244782625,0.0546147238363958,-1.18282433637818,0.272270758138801,525,"estimated",NA,-0.0113754097438841,0.0121580822999351,-0.935625328341855,0.37800523432029,525,"estimated",NA,1.3990734107284,0.272270758138814,NA,NA,NA,NA,NA,TRUE,NA,NA,NA,NA,NA,NA,NA,525,"estimated",NA,1,1,1,1,"consumption_welfare_robustness"
"consumption_welfare__alt_welfare__mean_log_real_mpce__medium_2011__change__region_main__glottolog_mean","consumption_iv__consumption_welfare__alt_welfare__mean_log_real_mpce__medium_2011__change__region_main__glottolog_mean","alt_welfare__mean_log_real_mpce__medium_2011__change","mean_log_real_mpce","nss_2011_12_type2","nss_2004_05","change","identity","C",-0.142290973276412,0.522064795955521,0.78906652668119,0.074285813307616,0.78906652668119,0.1113510261192,23.1085112116065,0.997898453565776,1,"estimated",NA,525,"estimated",NA,"ling_distance_glottolog_nonhindi_mean",-0.00107262306415745,0.017265518419187,-0.0621251582556281,0.951317509861452,525,"estimated",NA,0.00753823689203451,0.122809154866185,0.0613817178389373,0.951899297648823,525,"estimated",NA,0.00385953528828703,0.951317509861451,NA,NA,NA,NA,NA,TRUE,NA,NA,NA,NA,NA,NA,NA,525,"estimated",NA,1,1,1,1,"consumption_welfare_robustness"
"consumption_welfare__alt_welfare__mean_log_real_mpce__medium_2011__change__region_main__dyen_noncognate","consumption_iv__consumption_welfare__alt_welfare__mean_log_real_mpce__medium_2011__change__region_main__dyen_noncognate","alt_welfare__mean_log_real_mpce__medium_2011__change","mean_log_real_mpce","nss_2011_12_type2","nss_2004_05","change","identity","C",-0.000421052734200633,0.118442716011237,0.997214564484498,1.26373574129354e-05,0.997214564484498,2.03190304704756e-05,23.1085112116065,0.999975765594004,1,"estimated",NA,525,"estimated",NA,"ling_distance_dyen_noncognate_pct",0.00128380625677124,0.00289127718955347,0.444027387415427,0.66391748244122,525,"estimated",NA,-3.04903911677741,856.85945547006,-0.00355838883181228,0.997212874165949,525,"estimated",NA,0.197160320774956,0.663917482441231,NA,NA,NA,NA,NA,TRUE,NA,NA,NA,NA,NA,NA,NA,525,"estimated",NA,1,1,1,1,"consumption_welfare_robustness"
"consumption_welfare__alt_welfare__mean_log_real_mpce__medium_2011__change__state_main__nonzero_mean","consumption_iv__consumption_welfare__alt_welfare__mean_log_real_mpce__medium_2011__change__state_main__nonzero_mean","alt_welfare__mean_log_real_mpce__medium_2011__change","mean_log_real_mpce","nss_2011_12_type2","nss_2004_05","change","identity","C",0.521822949334881,0.77212456825518,0.530705164088295,0.456742691912362,0.530705164088295,0.673923837964983,23.1085112116065,0.990426897961253,1,"estimated",NA,525,"estimated",NA,"ling_distance_nonzero_mean",0.0255829760532794,0.0225092135350327,1.136555749203,0.309895584339897,525,"estimated",NA,0.0490261612408892,0.0929831740334538,0.527258417993457,0.621744176341513,525,"estimated",NA,1.2917589710464,0.309895584339897,NA,NA,NA,NA,NA,TRUE,NA,NA,NA,NA,NA,NA,NA,525,"estimated",NA,1,1,1,1,"consumption_welfare_robustness"
"consumption_welfare__alt_welfare__mean_log_real_mpce__medium_2011__change__state_main__glottolog_mean","consumption_iv__consumption_welfare__alt_welfare__mean_log_real_mpce__medium_2011__change__state_main__glottolog_mean","alt_welfare__mean_log_real_mpce__medium_2011__change","mean_log_real_mpce","nss_2011_12_type2","nss_2004_05","change","identity","C",-0.217063548282175,0.206945005676487,0.323143902369897,1.10018038197603,0.323143902369897,1.22116589089622,23.1085112116065,0.980177063786099,1,"estimated",NA,525,"estimated",NA,"ling_distance_glottolog_nonhindi_mean",-0.0108565989671544,0.007160065086792,-1.51627098853909,0.165734854702309,525,"estimated",NA,0.0500157629094135,0.060419863747523,0.827803305191398,0.430417833344941,525,"estimated",NA,2.29907771068532,0.165734854702309,NA,NA,NA,NA,NA,TRUE,NA,NA,NA,NA,NA,NA,NA,525,"estimated",NA,0.828674273511545,0.828674273511545,1,1,"consumption_welfare_robustness"
"consumption_welfare__alt_welfare__mean_log_real_mpce__medium_2011__change__state_main__dyen_noncognate","consumption_iv__consumption_welfare__alt_welfare__mean_log_real_mpce__medium_2011__change__state_main__dyen_noncognate","alt_welfare__mean_log_real_mpce__medium_2011__change","mean_log_real_mpce","nss_2011_12_type2","nss_2004_05","change","identity","C",0.0112165017710201,0.0363766128546618,0.764987255319444,0.0950758775070443,0.764987255319444,0.102952022253033,23.1085112116065,0.998002103348762,1,"estimated",NA,525,"estimated",NA,"ling_distance_dyen_noncognate_pct",0.00104165078571881,0.000574432073219641,1.81335763492531,0.103904657989596,525,"estimated",NA,0.0928677057236501,0.306670365490606,0.302825822687764,0.769051287404491,525,"estimated",NA,3.28826591214193,0.103904657989595,NA,NA,NA,NA,NA,TRUE,NA,NA,NA,NA,NA,NA,NA,525,"estimated",NA,0.623427947937576,0.62342794793757,1,1,"consumption_welfare_robustness"
"consumption_welfare__alt_welfare__mean_log_real_mpce__long_2022__ancova__region_main__nonzero_mean","consumption_iv__consumption_welfare__alt_welfare__mean_log_real_mpce__long_2022__ancova__region_main__nonzero_mean","alt_welfare__mean_log_real_mpce__long_2022__ancova","mean_log_real_mpce","hces_2022_23","nss_2004_05","ancova","identity","C",4.25747230119935,2.79827200003998,0.174812003965973,2.3148550857826,0.174812003965973,3.96410806152879,23.1085112116065,0.879255168564456,1,"estimated",NA,524,"estimated",NA,"ling_distance_nonzero_mean",-0.0149201824870589,0.0250326769332696,-0.596028244475495,0.571149868121427,524,"estimated",NA,-0.00350446965511875,0.00667976502568219,-0.524639660473812,0.617097072217865,524,"estimated",NA,0.35524966821254,0.571149868121426,NA,NA,NA,NA,NA,TRUE,NA,NA,NA,NA,NA,NA,NA,524,"estimated",NA,1,1,1,1,"consumption_welfare_robustness"
"consumption_welfare__alt_welfare__mean_log_real_mpce__long_2022__ancova__region_main__glottolog_mean","consumption_iv__consumption_welfare__alt_welfare__mean_log_real_mpce__long_2022__ancova__region_main__glottolog_mean","alt_welfare__mean_log_real_mpce__long_2022__ancova","mean_log_real_mpce","hces_2022_23","nss_2004_05","ancova","identity","C",-0.0491421408381575,0.53116931377404,0.9276398945805,0.00855937767483241,0.9276398945805,0.0132854707197997,23.1085112116065,0.999367948239899,1,"estimated",NA,524,"estimated",NA,"ling_distance_glottolog_nonhindi_mean",0.00389113811502284,0.00723048617884674,0.53815718871113,0.599188647707679,524,"estimated",NA,-0.0791812902058723,0.885527057568672,-0.0894171324626429,0.93005726777241,524,"estimated",NA,0.289613159761467,0.599188647707679,NA,NA,NA,NA,NA,TRUE,NA,NA,NA,NA,NA,NA,NA,524,"estimated",NA,1,1,1,1,"consumption_welfare_robustness"
"consumption_welfare__alt_welfare__mean_log_real_mpce__long_2022__ancova__region_main__dyen_noncognate","consumption_iv__consumption_welfare__alt_welfare__mean_log_real_mpce__long_2022__ancova__region_main__dyen_noncognate","alt_welfare__mean_log_real_mpce__long_2022__ancova","mean_log_real_mpce","hces_2022_23","nss_2004_05","ancova","identity","C",0.00243743231999145,0.122191645089973,0.984374947054429,0.000397907483772327,0.984374947054429,0.000648167937038061,23.1085112116065,0.99986299591146,1,"estimated",NA,524,"estimated",NA,"ling_distance_dyen_noncognate_pct",0.000291721619260432,0.00138027093341506,0.211350983490361,0.835748623119288,524,"estimated",NA,0.119683987469932,6.10397420370829,0.0196075513224191,0.984641291240615,524,"estimated",NA,0.0446692382223428,0.835748623119288,NA,NA,NA,NA,NA,TRUE,NA,NA,NA,NA,NA,NA,NA,524,"estimated",NA,1,1,1,1,"consumption_welfare_robustness"
"consumption_welfare__alt_welfare__mean_log_real_mpce__long_2022__ancova__state_main__nonzero_mean","consumption_iv__consumption_welfare__alt_welfare__mean_log_real_mpce__long_2022__ancova__state_main__nonzero_mean","alt_welfare__mean_log_real_mpce__long_2022__ancova","mean_log_real_mpce","hces_2022_23","nss_2004_05","ancova","identity","C",0.757416365409724,0.859264605987219,0.41855787592597,0.776990167561413,0.418557875925969,1.08235591036601,23.1085112116065,0.983090723470489,1,"estimated",NA,524,"estimated",NA,"ling_distance_nonzero_mean",0.0230676304424259,0.021196005817141,1.08830081674026,0.326291024101225,524,"estimated",NA,0.0304556799877443,0.0387568326229062,0.785814472613645,0.467689827922856,524,"estimated",NA,1.18439866771752,0.326291024101225,NA,NA,NA,NA,NA,TRUE,NA,NA,NA,NA,NA,NA,NA,524,"estimated",NA,1,1,1,1,"consumption_welfare_robustness"
"consumption_welfare__alt_welfare__mean_log_real_mpce__long_2022__ancova__state_main__glottolog_mean","consumption_iv__consumption_welfare__alt_welfare__mean_log_real_mpce__long_2022__ancova__state_main__glottolog_mean","alt_welfare__mean_log_real_mpce__long_2022__ancova","mean_log_real_mpce","hces_2022_23","nss_2004_05","ancova","identity","C",-0.210461012843642,0.185903252239072,0.292676007157229,1.2816496912149,0.292676007157229,1.44446996386872,23.1085112116065,0.975032823711456,1,"estimated",NA,524,"estimated",NA,"ling_distance_glottolog_nonhindi_mean",0.00825973231953999,0.00782525253703407,1.05552278095176,0.324175840571641,524,"estimated",NA,-0.0392459021647132,0.0607922813145496,-0.64557376884161,0.537905005276617,524,"estimated",NA,1.11412834110813,0.324175840571641,NA,NA,NA,NA,NA,TRUE,NA,NA,NA,NA,NA,NA,NA,524,"estimated",NA,1,1,1,1,"consumption_welfare_robustness"
"consumption_welfare__alt_welfare__mean_log_real_mpce__long_2022__ancova__state_main__dyen_noncognate","consumption_iv__consumption_welfare__alt_welfare__mean_log_real_mpce__long_2022__ancova__state_main__dyen_noncognate","alt_welfare__mean_log_real_mpce__long_2022__ancova","mean_log_real_mpce","hces_2022_23","nss_2004_05","ancova","identity","C",0.0136951830998523,0.0330566693235542,0.688946982398913,0.171639602133328,0.688946982398913,0.184316814037882,23.1085112116065,0.997025894832385,1,"estimated",NA,524,"estimated",NA,"ling_distance_dyen_noncognate_pct",0.00260147588457606,0.00098771608249659,2.63382963047485,0.0285713015055026,524,"estimated",NA,0.189955538790949,0.451934255889412,0.420316752526569,0.684709606817311,524,"estimated",NA,6.9370585223673,0.0285713015055025,NA,NA,NA,NA,NA,FALSE,NA,NA,NA,NA,NA,NA,NA,524,"estimated",NA,0.171427809033016,0.171427809033015,1,1,"consumption_welfare_robustness"
"consumption_welfare__alt_welfare__mean_log_real_mpce__long_2022__change__region_main__nonzero_mean","consumption_iv__consumption_welfare__alt_welfare__mean_log_real_mpce__long_2022__change__region_main__nonzero_mean","alt_welfare__mean_log_real_mpce__long_2022__change","mean_log_real_mpce","hces_2022_23","nss_2004_05","change","identity","C",4.28771370531967,2.74924927023501,0.16417025439479,2.43233462359484,0.16417025439479,4.08093035688336,23.1085112116065,0.8733035213838,1,"estimated",NA,524,"estimated",NA,"ling_distance_nonzero_mean",-0.044580197004062,0.0617512954360127,-0.721931364990656,0.494459311649109,524,"estimated",NA,-0.0103971953511631,0.0151605375773158,-0.685806509046231,0.515577260084971,524,"estimated",NA,0.521184895757264,0.494459311649113,NA,NA,NA,NA,NA,TRUE,NA,NA,NA,NA,NA,NA,NA,524,"estimated",NA,1,1,1,1,"consumption_welfare_robustness"
"consumption_welfare__alt_welfare__mean_log_real_mpce__long_2022__change__region_main__glottolog_mean","consumption_iv__consumption_welfare__alt_welfare__mean_log_real_mpce__long_2022__change__region_main__glottolog_mean","alt_welfare__mean_log_real_mpce__long_2022__change","mean_log_real_mpce","hces_2022_23","nss_2004_05","change","identity","C",-0.047556308009462,0.525048583653328,0.929149184435358,0.00820384185356083,0.929149184435358,0.0124923702769934,23.1085112116065,0.999387823509668,1,"estimated",NA,524,"estimated",NA,"ling_distance_glottolog_nonhindi_mean",0.00291387644362824,0.0207877958432786,0.140172458186344,0.890576147900412,524,"estimated",NA,-0.0612721333011994,0.800219956414039,-0.0765691142917421,0.940080043226666,524,"estimated",NA,0.0196483180340033,0.890576147900409,NA,NA,NA,NA,NA,TRUE,NA,NA,NA,NA,NA,NA,NA,524,"estimated",NA,1,1,1,1,"consumption_welfare_robustness"
"consumption_welfare__alt_welfare__mean_log_real_mpce__long_2022__change__region_main__dyen_noncognate","consumption_iv__consumption_welfare__alt_welfare__mean_log_real_mpce__long_2022__change__region_main__dyen_noncognate","alt_welfare__mean_log_real_mpce__long_2022__change","mean_log_real_mpce","hces_2022_23","nss_2004_05","change","identity","C",0.000860684870421746,0.121908466550958,0.994469099631443,4.98448852643533e-05,0.994469099631443,8.02938813286589e-05,23.1085112116065,0.999951820622711,1,"estimated",NA,524,"estimated",NA,"ling_distance_dyen_noncognate_pct",0.00126157500621279,0.00355137644832738,0.35523550504114,0.727844739549407,524,"estimated",NA,1.46578039127893,208.053970751182,0.00704519306210166,0.994480588024275,524,"estimated",NA,0.126192264041834,0.727844739549407,NA,NA,NA,NA,NA,TRUE,NA,NA,NA,NA,NA,NA,NA,524,"estimated",NA,1,1,1,1,"consumption_welfare_robustness"
"consumption_welfare__alt_welfare__mean_log_real_mpce__long_2022__change__state_main__nonzero_mean","consumption_iv__consumption_welfare__alt_welfare__mean_log_real_mpce__long_2022__change__state_main__nonzero_mean","alt_welfare__mean_log_real_mpce__long_2022__change","mean_log_real_mpce","hces_2022_23","nss_2004_05","change","identity","C",0.546286678901974,0.809589780649101,0.535089205283535,0.455314190528973,0.535089205283535,0.685944474707812,23.1085112116065,0.99023667780708,1,"estimated",NA,524,"estimated",NA,"ling_distance_nonzero_mean",0.0687327535277696,0.0220372399961612,3.11893656100957,0.0331978046363841,524,"estimated",NA,0.12581810280615,0.204352936755026,0.615690211278823,0.569849565903096,524,"estimated",NA,9.72776527160223,0.0331978046363841,NA,NA,NA,NA,NA,FALSE,NA,NA,NA,NA,NA,NA,NA,524,"estimated",NA,0.199186827818305,0.199186827818305,1,1,"consumption_welfare_robustness"
"consumption_welfare__alt_welfare__mean_log_real_mpce__long_2022__change__state_main__glottolog_mean","consumption_iv__consumption_welfare__alt_welfare__mean_log_real_mpce__long_2022__change__state_main__glottolog_mean","alt_welfare__mean_log_real_mpce__long_2022__change","mean_log_real_mpce","hces_2022_23","nss_2004_05","change","identity","C",-0.190807575553611,0.196008772464486,0.360376723977483,0.947633071880287,0.360376723977484,1.05038587778137,23.1085112116065,0.98373115643067,1,"estimated",NA,524,"estimated",NA,"ling_distance_glottolog_nonhindi_mean",0.00317523428750049,0.00795253310593428,0.39927331897947,0.700710818054383,524,"estimated",NA,-0.0166410284198645,0.0513716808070048,-0.323933890393468,0.754750030824646,524,"estimated",NA,0.159419183248881,0.700710818054383,NA,NA,NA,NA,NA,TRUE,NA,NA,NA,NA,NA,NA,NA,524,"estimated",NA,1,1,1,1,"consumption_welfare_robustness"
"consumption_welfare__alt_welfare__mean_log_real_mpce__long_2022__change__state_main__dyen_noncognate","consumption_iv__consumption_welfare__alt_welfare__mean_log_real_mpce__long_2022__change__state_main__dyen_noncognate","alt_welfare__mean_log_real_mpce__long_2022__change","mean_log_real_mpce","hces_2022_23","nss_2004_05","change","identity","C",0.0153301570073525,0.0351544291062709,0.673627374985986,0.190166102882234,0.673627374985986,0.203791967862338,23.1085112116065,0.996795317442437,1,"estimated",NA,524,"estimated",NA,"ling_distance_dyen_noncognate_pct",0.00214227186825032,0.000977666470683949,2.19120930551259,0.0578163533260263,524,"estimated",NA,0.139742330572233,0.336259798320574,0.415578464241538,0.68799760641417,524,"estimated",NA,4.80139822056499,0.0578163533260258,NA,NA,NA,NA,NA,TRUE,NA,NA,NA,NA,NA,NA,NA,524,"estimated",NA,0.289081766630131,0.289081766630129,1,1,"consumption_welfare_robustness"
"consumption_welfare__alt_welfare__mean_log_real_mpce__long_2023__ancova__region_main__nonzero_mean","consumption_iv__consumption_welfare__alt_welfare__mean_log_real_mpce__long_2023__ancova__region_main__nonzero_mean","alt_welfare__mean_log_real_mpce__long_2023__ancova","mean_log_real_mpce","hces_2023_24","nss_2004_05","ancova","identity","C",4.33913743293232,2.89403692162319,0.181403094373421,2.24801226536121,0.181403094373421,3.87554483546558,23.1085112116065,0.883690207439129,1,"estimated",NA,522,"estimated",NA,"ling_distance_nonzero_mean",-0.0153019699611853,0.0259591336763969,-0.58946381462254,0.575755240479799,522,"estimated",NA,-0.00352650041573993,0.00650435141206225,-0.542175567144185,0.606047727787393,522,"estimated",NA,0.347467588749356,0.575755240479799,NA,NA,NA,NA,NA,TRUE,NA,NA,NA,NA,NA,NA,NA,522,"estimated",NA,1,1,1,1,"consumption_welfare_robustness"
"consumption_welfare__alt_welfare__mean_log_real_mpce__long_2023__ancova__region_main__glottolog_mean","consumption_iv__consumption_welfare__alt_welfare__mean_log_real_mpce__long_2023__ancova__region_main__glottolog_mean","alt_welfare__mean_log_real_mpce__long_2023__ancova","mean_log_real_mpce","hces_2023_24","nss_2004_05","ancova","identity","C",-0.0791389432583435,0.534321974316804,0.884460822569981,0.0219368579651929,0.884460822569981,0.0342765475931474,23.1085112116065,0.998953078957878,1,"estimated",NA,522,"estimated",NA,"ling_distance_glottolog_nonhindi_mean",0.00187947789265083,0.00747923307199208,0.251292863126437,0.805400315580608,522,"estimated",NA,-0.0237490900848291,0.203882340374989,-0.116484292073304,0.908996483327521,522,"estimated",NA,0.0631481030582822,0.805400315580608,NA,NA,NA,NA,NA,TRUE,NA,NA,NA,NA,NA,NA,NA,522,"estimated",NA,1,1,1,1,"consumption_welfare_robustness"
"consumption_welfare__alt_welfare__mean_log_real_mpce__long_2023__ancova__region_main__dyen_noncognate","consumption_iv__consumption_welfare__alt_welfare__mean_log_real_mpce__long_2023__ancova__region_main__dyen_noncognate","alt_welfare__mean_log_real_mpce__long_2023__ancova","mean_log_real_mpce","hces_2023_24","nss_2004_05","ancova","identity","C",-0.000156502766311878,0.12313305395882,0.999004160582849,1.61545451649814e-06,0.999004160582849,2.64815242427032e-06,23.1085112116065,0.999991251353543,1,"estimated",NA,522,"estimated",NA,"ling_distance_dyen_noncognate_pct",-0.00040741551028916,0.00134637994511484,-0.302600697349521,0.766728372610238,522,"estimated",NA,2.60324797911828,NA,NA,NA,522,"inference_unavailable","CR2/Satterthwaite inference is unavailable for endogenous treatment 'emi_exposure_all_children_0708'.",0.0915671820364167,0.766728372610238,NA,NA,NA,NA,NA,TRUE,NA,NA,NA,NA,NA,NA,NA,522,"estimated",NA,1,1,1,1,"consumption_welfare_robustness"
"consumption_welfare__alt_welfare__mean_log_real_mpce__long_2023__ancova__state_main__nonzero_mean","consumption_iv__consumption_welfare__alt_welfare__mean_log_real_mpce__long_2023__ancova__state_main__nonzero_mean","alt_welfare__mean_log_real_mpce__long_2023__ancova","mean_log_real_mpce","hces_2023_24","nss_2004_05","ancova","identity","C",0.643864064881818,0.819466426028175,0.468625614061532,0.617342312109974,0.468625614061532,0.854709091502465,23.1085112116065,0.98740393488547,1,"estimated",NA,522,"estimated",NA,"ling_distance_nonzero_mean",0.0145667109073984,0.0192646996999066,0.756134854646554,0.484615685654454,522,"estimated",NA,0.0226238917527646,0.0397155319784462,0.569648463101103,0.594256818891232,522,"estimated",NA,0.571739918411366,0.484615685654454,NA,NA,NA,NA,NA,TRUE,NA,NA,NA,NA,NA,NA,NA,522,"estimated",NA,1,1,1,1,"consumption_welfare_robustness"
"consumption_welfare__alt_welfare__mean_log_real_mpce__long_2023__ancova__state_main__glottolog_mean","consumption_iv__consumption_welfare__alt_welfare__mean_log_real_mpce__long_2023__ancova__state_main__glottolog_mean","alt_welfare__mean_log_real_mpce__long_2023__ancova","mean_log_real_mpce","hces_2023_24","nss_2004_05","ancova","identity","C",-0.245327088723583,0.194128560912786,0.245707003770571,1.59702656422728,0.245707003770571,1.81150737339955,23.1085112116065,0.96534531465152,1,"estimated",NA,522,"estimated",NA,"ling_distance_glottolog_nonhindi_mean",0.00813329366182518,0.0061576115861392,1.32085201348738,0.226987635831815,522,"estimated",NA,-0.0331528560671592,0.0441428251649708,-0.751036118401126,0.476458829554492,522,"estimated",NA,1.74465004153367,0.226987635831816,NA,NA,NA,NA,NA,TRUE,NA,NA,NA,NA,NA,NA,NA,522,"estimated",NA,1,1,1,1,"consumption_welfare_robustness"
"consumption_welfare__alt_welfare__mean_log_real_mpce__long_2023__ancova__state_main__dyen_noncognate","consumption_iv__consumption_welfare__alt_welfare__mean_log_real_mpce__long_2023__ancova__state_main__dyen_noncognate","alt_welfare__mean_log_real_mpce__long_2023__ancova","mean_log_real_mpce","hces_2023_24","nss_2004_05","ancova","identity","C",0.00387393155632513,0.0374148596325065,0.919912359511011,0.0107205149404253,0.919912359511011,0.011697380391486,23.1085112116065,0.999408319907831,1,"estimated",NA,522,"estimated",NA,"ling_distance_dyen_noncognate_pct",0.00188978521357021,0.000844505297975274,2.23774228308695,0.053413476103011,522,"estimated",NA,0.487821012345694,4.62415008223329,0.105494199727638,0.91840692077891,522,"estimated",NA,5.00749052551519,0.053413476103011,NA,NA,NA,NA,NA,TRUE,NA,NA,NA,NA,NA,NA,NA,522,"estimated",NA,0.320480856618066,0.320480856618066,1,1,"consumption_welfare_robustness"
"consumption_welfare__alt_welfare__mean_log_real_mpce__long_2023__change__region_main__nonzero_mean","consumption_iv__consumption_welfare__alt_welfare__mean_log_real_mpce__long_2023__change__region_main__nonzero_mean","alt_welfare__mean_log_real_mpce__long_2023__change","mean_log_real_mpce","hces_2023_24","nss_2004_05","change","identity","C",4.35604136797016,2.8333656566199,0.170369458937486,2.36362589847696,0.170369458937486,4.00071824262692,23.1085112116065,0.877402313836054,1,"estimated",NA,522,"estimated",NA,"ling_distance_nonzero_mean",-0.044362619144813,0.0646606624597829,-0.686083585555673,0.515889559243252,522,"estimated",NA,-0.0101841592853122,0.0151192033400814,-0.673590999223727,0.523314095516616,522,"estimated",NA,0.47071068636895,0.515889559243243,NA,NA,NA,NA,NA,TRUE,NA,NA,NA,NA,NA,NA,NA,522,"estimated",NA,1,1,1,1,"consumption_welfare_robustness"
"consumption_welfare__alt_welfare__mean_log_real_mpce__long_2023__change__region_main__glottolog_mean","consumption_iv__consumption_welfare__alt_welfare__mean_log_real_mpce__long_2023__change__region_main__glottolog_mean","alt_welfare__mean_log_real_mpce__long_2023__change","mean_log_real_mpce","hces_2023_24","nss_2004_05","change","identity","C",-0.0768352634513309,0.525620880579182,0.885947158038061,0.0213685941399991,0.885947158038061,0.0326500069000429,23.1085112116065,0.99898062877942,1,"estimated",NA,522,"estimated",NA,"ling_distance_glottolog_nonhindi_mean",-2.62432329209497e-05,0.0205924204155399,-0.00127441225418774,0.999001871844092,522,"estimated",NA,0.000341551934943845,0.267850508878071,0.00127515880546385,0.999001287139805,522,"estimated",NA,1.62412659362056e-06,0.999001871844093,NA,NA,NA,NA,NA,TRUE,NA,NA,NA,NA,NA,NA,NA,522,"estimated",NA,1,1,1,1,"consumption_welfare_robustness"
"consumption_welfare__alt_welfare__mean_log_real_mpce__long_2023__change__region_main__dyen_noncognate","consumption_iv__consumption_welfare__alt_welfare__mean_log_real_mpce__long_2023__change__region_main__dyen_noncognate","alt_welfare__mean_log_real_mpce__long_2023__change","mean_log_real_mpce","hces_2023_24","nss_2004_05","change","identity","C",-0.00127457709756262,0.122704948917314,0.991861234748188,0.000107896675409591,0.991861234748188,0.000174938151344181,23.1085112116065,0.999928874739473,1,"estimated",NA,522,"estimated",NA,"ling_distance_dyen_noncognate_pct",0.000526775531014092,0.00329045092577451,0.160092201007404,0.875132920339819,522,"estimated",NA,-0.41329436411343,39.7308105685254,-0.010402364265904,0.991849441331934,522,"estimated",NA,0.0256295128233955,0.875132920339818,NA,NA,NA,NA,NA,TRUE,NA,NA,NA,NA,NA,NA,NA,522,"estimated",NA,1,1,1,1,"consumption_welfare_robustness"
"consumption_welfare__alt_welfare__mean_log_real_mpce__long_2023__change__state_main__nonzero_mean","consumption_iv__consumption_welfare__alt_welfare__mean_log_real_mpce__long_2023__change__state_main__nonzero_mean","alt_welfare__mean_log_real_mpce__long_2023__change","mean_log_real_mpce","hces_2023_24","nss_2004_05","change","identity","C",0.407990765101264,0.780444713285565,0.628051345461547,0.273285368000343,0.628051345461547,0.413672190541092,23.1085112116065,0.994188080128022,1,"estimated",NA,522,"estimated",NA,"ling_distance_nonzero_mean",0.061377609902175,0.0277492929353503,2.2118621200609,0.0896174893454387,522,"estimated",NA,0.150438723501227,0.324106862090875,0.464163956698473,0.6660510491168,522,"estimated",NA,4.89233403816031,0.0896174893454387,NA,NA,NA,NA,NA,TRUE,NA,NA,NA,NA,NA,NA,NA,522,"estimated",NA,0.537704936072632,0.537704936072632,1,1,"consumption_welfare_robustness"
"consumption_welfare__alt_welfare__mean_log_real_mpce__long_2023__change__state_main__glottolog_mean","consumption_iv__consumption_welfare__alt_welfare__mean_log_real_mpce__long_2023__change__state_main__glottolog_mean","alt_welfare__mean_log_real_mpce__long_2023__change","mean_log_real_mpce","hces_2023_24","nss_2004_05","change","identity","C",-0.215082970113179,0.202351704461718,0.321383542930352,1.12979153469418,0.321383542930352,1.25755573667303,23.1085112116065,0.979377302692669,1,"estimated",NA,522,"estimated",NA,"ling_distance_glottolog_nonhindi_mean",0.00156192455388917,0.00740557285467683,0.210912050227522,0.838666418024973,522,"estimated",NA,-0.00726196292099037,0.037507707197499,-0.193612552288309,0.85170494388483,522,"estimated",NA,0.0444838929311769,0.838666418024973,NA,NA,NA,NA,NA,TRUE,NA,NA,NA,NA,NA,NA,NA,522,"estimated",NA,1,1,1,1,"consumption_welfare_robustness"
"consumption_welfare__alt_welfare__mean_log_real_mpce__long_2023__change__state_main__dyen_noncognate","consumption_iv__consumption_welfare__alt_welfare__mean_log_real_mpce__long_2023__change__state_main__dyen_noncognate","alt_welfare__mean_log_real_mpce__long_2023__change","mean_log_real_mpce","hces_2023_24","nss_2004_05","change","identity","C",0.00657903866046456,0.039336542206323,0.871019079348829,0.027972579306891,0.871019079348829,0.0303463543093671,23.1085112116065,0.99902053264647,1,"estimated",NA,522,"estimated",NA,"ling_distance_dyen_noncognate_pct",0.00125541073641806,0.00104281019408857,1.20387271196108,0.260558436839842,522,"estimated",NA,0.190819784044687,1.14629782754345,0.166466148203055,0.871617406796143,522,"estimated",NA,1.44930950660451,0.260558436839842,NA,NA,NA,NA,NA,TRUE,NA,NA,NA,NA,NA,NA,NA,522,"estimated",NA,1,1,1,1,"consumption_welfare_robustness"
"consumption_welfare__alt_welfare__weighted_median_real_mpce__early_2009__ancova__region_main__nonzero_mean","consumption_iv__consumption_welfare__alt_welfare__weighted_median_real_mpce__early_2009__ancova__region_main__nonzero_mean","alt_welfare__weighted_median_real_mpce__early_2009__ancova","weighted_median_real_mpce","nss_2009_10_type2","nss_2004_05","ancova","log","C",5.50854196472148,3.28566297202349,0.135956264126618,2.81078286673753,0.135956264126618,4.8258842479682,23.1085112116065,0.832849852109177,1,"estimated",NA,521,"estimated",NA,"ling_distance_nonzero_mean",-0.0192673790612135,0.0274976117851623,-0.700692816952568,0.50530342063158,521,"estimated",NA,-0.00349772756286664,0.0061182005198303,-0.57169220778721,0.58477149802826,521,"estimated",NA,0.490970423728916,0.505303420631584,NA,NA,NA,NA,NA,TRUE,NA,NA,NA,NA,NA,NA,NA,521,"estimated",NA,1,1,1,1,"consumption_welfare_robustness"
"consumption_welfare__alt_welfare__weighted_median_real_mpce__early_2009__ancova__region_main__glottolog_mean","consumption_iv__consumption_welfare__alt_welfare__weighted_median_real_mpce__early_2009__ancova__region_main__glottolog_mean","alt_welfare__weighted_median_real_mpce__early_2009__ancova","weighted_median_real_mpce","nss_2009_10_type2","nss_2004_05","ancova","log","C",-0.222212287986847,0.528690610776814,0.680761749347154,0.176657852524102,0.680761749347154,0.267418057605228,23.1085112116065,0.99603418950276,1,"estimated",NA,521,"estimated",NA,"ling_distance_glottolog_nonhindi_mean",0.00107210131217012,0.00531986759476444,0.201527818704591,0.843239573444775,521,"estimated",NA,-0.00482467158717278,0.0303199037339761,-0.159125557571158,0.875885769286431,521,"estimated",NA,0.0406134617118295,0.843239573444777,NA,NA,NA,NA,NA,TRUE,NA,NA,NA,NA,NA,NA,NA,521,"estimated",NA,1,1,1,1,"consumption_welfare_robustness"
"consumption_welfare__alt_welfare__weighted_median_real_mpce__early_2009__ancova__region_main__dyen_noncognate","consumption_iv__consumption_welfare__alt_welfare__weighted_median_real_mpce__early_2009__ancova__region_main__dyen_noncognate","alt_welfare__weighted_median_real_mpce__early_2009__ancova","weighted_median_real_mpce","nss_2009_10_type2","nss_2004_05","ancova","log","C",-0.0151652988737427,0.125446047546078,0.905437600151011,0.0146146353069706,0.905437600151011,0.0239391321501289,23.1085112116065,0.999138154650608,1,"estimated",NA,521,"estimated",NA,"ling_distance_dyen_noncognate_pct",-3.25972797355107e-05,0.000984601506402686,-0.0331070788776338,0.974040885384974,521,"estimated",NA,0.00214946503901016,0.0647119620668303,0.0332158842099446,0.973955605082129,521,"estimated",NA,0.0010960786718099,0.974040885384974,NA,NA,NA,NA,NA,TRUE,NA,NA,NA,NA,NA,NA,NA,521,"estimated",NA,1,1,1,1,"consumption_welfare_robustness"
"consumption_welfare__alt_welfare__weighted_median_real_mpce__early_2009__ancova__state_main__nonzero_mean","consumption_iv__consumption_welfare__alt_welfare__weighted_median_real_mpce__early_2009__ancova__state_main__nonzero_mean","alt_welfare__weighted_median_real_mpce__early_2009__ancova","weighted_median_real_mpce","nss_2009_10_type2","nss_2004_05","ancova","log","C",0.707653225204197,0.852915550890089,0.442163647891428,0.688381063754584,0.442163647891428,0.919417790758182,23.1085112116065,0.986236090634927,1,"estimated",NA,521,"estimated",NA,"ling_distance_nonzero_mean",-0.0255862093327133,0.0271714046719498,-0.941659426210195,0.38692852090458,521,"estimated",NA,-0.0361564229786853,0.0705732138722844,-0.512325016742431,0.628877905630909,521,"estimated",NA,0.886722474970492,0.386928520904586,NA,NA,NA,NA,NA,TRUE,NA,NA,NA,NA,NA,NA,NA,521,"estimated",NA,1,1,1,1,"consumption_welfare_robustness"
"consumption_welfare__alt_welfare__weighted_median_real_mpce__early_2009__ancova__state_main__glottolog_mean","consumption_iv__consumption_welfare__alt_welfare__weighted_median_real_mpce__early_2009__ancova__state_main__glottolog_mean","alt_welfare__weighted_median_real_mpce__early_2009__ancova","weighted_median_real_mpce","nss_2009_10_type2","nss_2004_05","ancova","log","C",-0.183402562639915,0.201889255314429,0.39086321152922,0.825247822596453,0.39086321152922,0.927836328404789,23.1085112116065,0.986080779759496,1,"estimated",NA,521,"estimated",NA,"ling_distance_glottolog_nonhindi_mean",-0.00196685965049945,0.00527697857610911,-0.372724585126075,0.719280788004287,521,"estimated",NA,0.0107242757254175,0.0292862909148593,0.36618757071679,0.723961152419463,521,"estimated",NA,0.138923616357423,0.71928078800427,NA,NA,NA,NA,NA,TRUE,NA,NA,NA,NA,NA,NA,NA,521,"estimated",NA,1,1,1,1,"consumption_welfare_robustness"
"consumption_welfare__alt_welfare__weighted_median_real_mpce__early_2009__ancova__state_main__dyen_noncognate","consumption_iv__consumption_welfare__alt_welfare__weighted_median_real_mpce__early_2009__ancova__state_main__dyen_noncognate","alt_welfare__weighted_median_real_mpce__early_2009__ancova","weighted_median_real_mpce","nss_2009_10_type2","nss_2004_05","ancova","log","C",0.00966604076314801,0.0371856111410534,0.800347039944485,0.0675689853928523,0.800347039944485,0.0733959554053181,23.1085112116065,0.998380369473742,1,"estimated",NA,521,"estimated",NA,"ling_distance_dyen_noncognate_pct",0.000157786282898552,0.00109116667261807,0.1446032827597,0.88798615985167,521,"estimated",NA,0.0163237758627965,0.0970137476520807,0.16826250153059,0.869835412201571,521,"estimated",NA,0.0209101093848799,0.887986159851676,NA,NA,NA,NA,NA,TRUE,NA,NA,NA,NA,NA,NA,NA,521,"estimated",NA,1,1,1,1,"consumption_welfare_robustness"
"consumption_welfare__alt_welfare__weighted_median_real_mpce__early_2009__change__region_main__nonzero_mean","consumption_iv__consumption_welfare__alt_welfare__weighted_median_real_mpce__early_2009__change__region_main__nonzero_mean","alt_welfare__weighted_median_real_mpce__early_2009__change","weighted_median_real_mpce","nss_2009_10_type2","nss_2004_05","change","log","C",5.54516390934669,3.21551478723991,0.125287067924271,2.97390953748865,0.125287067924271,5.03860386680107,23.1085112116065,0.820584352517099,1,"estimated",NA,521,"estimated",NA,"ling_distance_nonzero_mean",-0.0557102625680677,0.0584124806361903,-0.953739029079199,0.369847447309176,521,"estimated",NA,-0.0100466394643745,0.012269290749556,-0.81884435453109,0.438039956952954,521,"estimated",NA,0.909618135588896,0.369847447309186,NA,NA,NA,NA,NA,TRUE,NA,NA,NA,NA,NA,NA,NA,521,"estimated",NA,1,1,1,1,"consumption_welfare_robustness"
"consumption_welfare__alt_welfare__weighted_median_real_mpce__early_2009__change__region_main__glottolog_mean","consumption_iv__consumption_welfare__alt_welfare__weighted_median_real_mpce__early_2009__change__region_main__glottolog_mean","alt_welfare__weighted_median_real_mpce__early_2009__change","weighted_median_real_mpce","nss_2009_10_type2","nss_2004_05","change","log","C",-0.229815536606189,0.526948364377436,0.669543066486061,0.190205315549745,0.669543066486062,0.283900738351995,23.1085112116065,0.995833798336165,1,"estimated",NA,521,"estimated",NA,"ling_distance_glottolog_nonhindi_mean",0.00489099915810418,0.0163818443216072,0.298562180306713,0.769756855367472,521,"estimated",NA,-0.0212822824354347,0.0904658598364364,-0.235252088179047,0.817494837988755,521,"estimated",NA,0.0891393755094995,0.76975685536747,NA,NA,NA,NA,NA,TRUE,NA,NA,NA,NA,NA,NA,NA,521,"estimated",NA,1,1,1,1,"consumption_welfare_robustness"
"consumption_welfare__alt_welfare__weighted_median_real_mpce__early_2009__change__region_main__dyen_noncognate","consumption_iv__consumption_welfare__alt_welfare__weighted_median_real_mpce__early_2009__change__region_main__dyen_noncognate","alt_welfare__weighted_median_real_mpce__early_2009__change","weighted_median_real_mpce","nss_2009_10_type2","nss_2004_05","change","log","C",-0.0185676506901166,0.124590648032916,0.88359607638262,0.0222097170128823,0.88359607638262,0.0358467528951045,23.1085112116065,0.998926930311051,1,"estimated",NA,521,"estimated",NA,"ling_distance_dyen_noncognate_pct",0.0016672585883073,0.00309931137588151,0.537944848420755,0.598825683433077,521,"estimated",NA,-0.0897937286807436,0.622572206468077,-0.144230223816373,0.887316353940592,521,"estimated",NA,0.289384659942439,0.598825683433071,NA,NA,NA,NA,NA,TRUE,NA,NA,NA,NA,NA,NA,NA,521,"estimated",NA,1,1,1,1,"consumption_welfare_robustness"
"consumption_welfare__alt_welfare__weighted_median_real_mpce__early_2009__change__state_main__nonzero_mean","consumption_iv__consumption_welfare__alt_welfare__weighted_median_real_mpce__early_2009__change__state_main__nonzero_mean","alt_welfare__weighted_median_real_mpce__early_2009__change","weighted_median_real_mpce","nss_2009_10_type2","nss_2004_05","change","log","C",0.584970191874787,0.810981052362456,0.505403519561507,0.520290693659702,0.505403519561506,0.731781220659933,23.1085112116065,0.989497386942107,1,"estimated",NA,521,"estimated",NA,"ling_distance_nonzero_mean",0.0197063832353645,0.0331327797833657,0.594769994072701,0.579802472448441,521,"estimated",NA,0.033687841720973,0.0748406673768236,0.450127489528579,0.672860876981667,521,"estimated",NA,0.35375134584924,0.579802472448442,NA,NA,NA,NA,NA,TRUE,NA,NA,NA,NA,NA,NA,NA,521,"estimated",NA,1,1,1,1,"consumption_welfare_robustness"
"consumption_welfare__alt_welfare__weighted_median_real_mpce__early_2009__change__state_main__glottolog_mean","consumption_iv__consumption_welfare__alt_welfare__weighted_median_real_mpce__early_2009__change__state_main__glottolog_mean","alt_welfare__weighted_median_real_mpce__early_2009__change","weighted_median_real_mpce","nss_2009_10_type2","nss_2004_05","change","log","C",-0.174943935237871,0.208672876683929,0.426391316889326,0.702855061482384,0.426391316889326,0.778141851315406,23.1085112116065,0.98872695533275,1,"estimated",NA,521,"estimated",NA,"ling_distance_glottolog_nonhindi_mean",-0.0056720196352663,0.00383599492207475,-1.47863064224248,0.177855396778028,521,"estimated",NA,0.0324219277881994,0.040312666457285,0.804261554431122,0.444703722634736,521,"estimated",NA,2.18634857617843,0.177855396778027,NA,NA,NA,NA,NA,TRUE,NA,NA,NA,NA,NA,NA,NA,521,"estimated",NA,1,1,1,1,"consumption_welfare_robustness"
"consumption_welfare__alt_welfare__weighted_median_real_mpce__early_2009__change__state_main__dyen_noncognate","consumption_iv__consumption_welfare__alt_welfare__weighted_median_real_mpce__early_2009__change__state_main__dyen_noncognate","alt_welfare__weighted_median_real_mpce__early_2009__change","weighted_median_real_mpce","nss_2009_10_type2","nss_2004_05","change","log","C",0.0107219372223472,0.038667351197615,0.787379726982567,0.0768878424441416,0.787379726982567,0.083310447438475,23.1085112116065,0.998250504619574,1,"estimated",NA,521,"estimated",NA,"ling_distance_dyen_noncognate_pct",-0.000343448981746825,0.00109839419799797,-0.312682807659423,0.761140519425064,521,"estimated",NA,-0.0320323626807718,0.166103361305807,-0.192845963073548,0.851057495491886,521,"estimated",NA,0.0977705382057784,0.761140519425066,NA,NA,NA,NA,NA,TRUE,NA,NA,NA,NA,NA,NA,NA,521,"estimated",NA,1,1,1,1,"consumption_welfare_robustness"
"consumption_welfare__alt_welfare__weighted_median_real_mpce__medium_2011__ancova__region_main__nonzero_mean","consumption_iv__consumption_welfare__alt_welfare__weighted_median_real_mpce__medium_2011__ancova__region_main__nonzero_mean","alt_welfare__weighted_median_real_mpce__medium_2011__ancova","weighted_median_real_mpce","nss_2011_12_type2","nss_2004_05","ancova","log","C",5.65828444985006,3.15500578215355,0.113945555718523,3.21639392747398,0.113945555718523,5.65503110979199,23.1085112116065,0.783552339735169,1,"estimated",NA,525,"estimated",NA,"ling_distance_nonzero_mean",-0.0313571792686712,0.0205365678574031,-1.5268948290874,0.168584546655266,525,"estimated",NA,-0.00554181740889697,0.00593279988071231,-0.934098152697441,0.379904747261244,525,"estimated",NA,2.33140781909393,0.16858454665526,NA,NA,NA,NA,NA,TRUE,NA,NA,NA,NA,NA,NA,NA,525,"estimated",NA,1,1,1,1,"consumption_welfare_robustness"
"consumption_welfare__alt_welfare__weighted_median_real_mpce__medium_2011__ancova__region_main__glottolog_mean","consumption_iv__consumption_welfare__alt_welfare__weighted_median_real_mpce__medium_2011__ancova__region_main__glottolog_mean","alt_welfare__weighted_median_real_mpce__medium_2011__ancova","weighted_median_real_mpce","nss_2011_12_type2","nss_2004_05","ancova","log","C",-0.140690775489202,0.527092538814533,0.79332693960148,0.0712455116383199,0.79332693960148,0.108775806577584,23.1085112116065,0.997930104141448,1,"estimated",NA,525,"estimated",NA,"ling_distance_glottolog_nonhindi_mean",-0.00235659758773255,0.00671429878649824,-0.350981936113929,0.730698017868908,525,"estimated",NA,0.0167501926088541,0.0697629178160752,0.240101663365268,0.81364520614202,525,"estimated",NA,0.123188319478282,0.730698017868907,NA,NA,NA,NA,NA,TRUE,NA,NA,NA,NA,NA,NA,NA,525,"estimated",NA,1,1,1,1,"consumption_welfare_robustness"
"consumption_welfare__alt_welfare__weighted_median_real_mpce__medium_2011__ancova__region_main__dyen_noncognate","consumption_iv__consumption_welfare__alt_welfare__weighted_median_real_mpce__medium_2011__ancova__region_main__dyen_noncognate","alt_welfare__weighted_median_real_mpce__medium_2011__ancova","weighted_median_real_mpce","nss_2011_12_type2","nss_2004_05","ancova","log","C",0.00144588677003887,0.118987417174,0.990479542972099,0.00014766123376528,0.990479542972099,0.000239961807863582,23.1085112116065,0.999916690406276,1,"estimated",NA,525,"estimated",NA,"ling_distance_dyen_noncognate_pct",1.00327416118931e-05,0.000711117522753736,0.0141084156849943,0.988946525658359,525,"estimated",NA,0.00693881555822095,0.829322919647204,0.00836684407706077,0.993444721659954,525,"estimated",NA,0.000199047393140478,0.988946525658362,NA,NA,NA,NA,NA,TRUE,NA,NA,NA,NA,NA,NA,NA,525,"estimated",NA,1,1,1,1,"consumption_welfare_robustness"
"consumption_welfare__alt_welfare__weighted_median_real_mpce__medium_2011__ancova__state_main__nonzero_mean","consumption_iv__consumption_welfare__alt_welfare__weighted_median_real_mpce__medium_2011__ancova__state_main__nonzero_mean","alt_welfare__weighted_median_real_mpce__medium_2011__ancova","weighted_median_real_mpce","nss_2011_12_type2","nss_2004_05","ancova","log","C",0.652469985857077,0.805437180135947,0.450077274814481,0.656232492891635,0.450077274814481,0.90502243142988,23.1085112116065,0.986499860919685,1,"estimated",NA,525,"estimated",NA,"ling_distance_nonzero_mean",-0.0261965491031286,0.0197278582747041,-1.3278962540358,0.234440285781279,525,"estimated",NA,-0.0401498148128741,0.0690673707208406,-0.581313786725041,0.583058044981766,525,"estimated",NA,1.76330846148233,0.234440285781276,NA,NA,NA,NA,NA,TRUE,NA,NA,NA,NA,NA,NA,NA,525,"estimated",NA,1,1,1,1,"consumption_welfare_robustness"
"consumption_welfare__alt_welfare__weighted_median_real_mpce__medium_2011__ancova__state_main__glottolog_mean","consumption_iv__consumption_welfare__alt_welfare__weighted_median_real_mpce__medium_2011__ancova__state_main__glottolog_mean","alt_welfare__weighted_median_real_mpce__medium_2011__ancova","weighted_median_real_mpce","nss_2011_12_type2","nss_2004_05","ancova","log","C",-0.229556670349614,0.198425122659805,0.279310325222178,1.33840182064648,0.279310325222178,1.50315550662348,23.1085112116065,0.973586875429717,1,"estimated",NA,525,"estimated",NA,"ling_distance_glottolog_nonhindi_mean",-0.00644926961985992,0.00902926617287013,-0.714262875452469,0.494527593186054,525,"estimated",NA,0.0280944553257316,0.0482870787302746,0.581821391239335,0.576040728621777,525,"estimated",NA,0.510171455249636,0.494527593186051,NA,NA,NA,NA,NA,TRUE,NA,NA,NA,NA,NA,NA,NA,525,"estimated",NA,1,1,1,1,"consumption_welfare_robustness"
"consumption_welfare__alt_welfare__weighted_median_real_mpce__medium_2011__ancova__state_main__dyen_noncognate","consumption_iv__consumption_welfare__alt_welfare__weighted_median_real_mpce__medium_2011__ancova__state_main__dyen_noncognate","alt_welfare__weighted_median_real_mpce__medium_2011__ancova","weighted_median_real_mpce","nss_2011_12_type2","nss_2004_05","ancova","log","C",0.0102681744395925,0.0350715055236738,0.776464324916085,0.0857191108107349,0.776464324916085,0.092955326122663,23.1085112116065,0.998127300513159,1,"estimated",NA,525,"estimated",NA,"ling_distance_dyen_noncognate_pct",0.0010871147746089,0.00077524517435579,1.40228512291259,0.195040574538206,525,"estimated",NA,0.105872254216705,0.348993310409612,0.303364709462318,0.768647548521936,525,"estimated",NA,1.96640356594192,0.195040574538212,NA,NA,NA,NA,NA,TRUE,NA,NA,NA,NA,NA,NA,NA,525,"estimated",NA,1,1,1,1,"consumption_welfare_robustness"
"consumption_welfare__alt_welfare__weighted_median_real_mpce__medium_2011__change__region_main__nonzero_mean","consumption_iv__consumption_welfare__alt_welfare__weighted_median_real_mpce__medium_2011__change__region_main__nonzero_mean","alt_welfare__weighted_median_real_mpce__medium_2011__change","weighted_median_real_mpce","nss_2011_12_type2","nss_2004_05","change","log","C",5.67888330466463,3.07250766663602,0.103369868005923,3.41617364960903,0.103369868005923,5.90295383645191,23.1085112116065,0.768122630847513,1,"estimated",NA,525,"estimated",NA,"ling_distance_nonzero_mean",-0.0695441820618245,0.0554245870907475,-1.25475327309085,0.246479069711616,525,"estimated",NA,-0.0122461016243636,0.012453704063163,-0.98333006487496,0.355464591328281,525,"estimated",NA,1.57440577633213,0.246479069711627,NA,NA,NA,NA,NA,TRUE,NA,NA,NA,NA,NA,NA,NA,525,"estimated",NA,1,1,1,1,"consumption_welfare_robustness"
"consumption_welfare__alt_welfare__weighted_median_real_mpce__medium_2011__change__region_main__glottolog_mean","consumption_iv__consumption_welfare__alt_welfare__weighted_median_real_mpce__medium_2011__change__region_main__glottolog_mean","alt_welfare__weighted_median_real_mpce__medium_2011__change","weighted_median_real_mpce","nss_2011_12_type2","nss_2004_05","change","log","C",-0.142290973276412,0.522064795955521,0.78906652668119,0.074285813307616,0.78906652668119,0.1113510261192,23.1085112116065,0.997898453565776,1,"estimated",NA,525,"estimated",NA,"ling_distance_glottolog_nonhindi_mean",-0.00138233837868653,0.0180924032392905,-0.0764043538276089,0.940149139971677,525,"estimated",NA,0.0097148704998852,0.129822524700139,0.0748319332282622,0.941378403383349,525,"estimated",NA,0.00583762528381386,0.94014913997168,NA,NA,NA,NA,NA,TRUE,NA,NA,NA,NA,NA,NA,NA,525,"estimated",NA,1,1,1,1,"consumption_welfare_robustness"
"consumption_welfare__alt_welfare__weighted_median_real_mpce__medium_2011__change__region_main__dyen_noncognate","consumption_iv__consumption_welfare__alt_welfare__weighted_median_real_mpce__medium_2011__change__region_main__dyen_noncognate","alt_welfare__weighted_median_real_mpce__medium_2011__change","weighted_median_real_mpce","nss_2011_12_type2","nss_2004_05","change","log","C",-0.000421052734200633,0.118442716011237,0.997214564484498,1.26373574129354e-05,0.997214564484498,2.03190304704756e-05,23.1085112116065,0.999975765594004,1,"estimated",NA,525,"estimated",NA,"ling_distance_dyen_noncognate_pct",0.00113714570326107,0.00308647183899095,0.368428990310447,0.718153037133887,525,"estimated",NA,-2.70072038713272,758.951726387084,-0.00355848770512617,0.997212796723283,525,"estimated",NA,0.135739920901173,0.718153037133891,NA,NA,NA,NA,NA,TRUE,NA,NA,NA,NA,NA,NA,NA,525,"estimated",NA,1,1,1,1,"consumption_welfare_robustness"
"consumption_welfare__alt_welfare__weighted_median_real_mpce__medium_2011__change__state_main__nonzero_mean","consumption_iv__consumption_welfare__alt_welfare__weighted_median_real_mpce__medium_2011__change__state_main__nonzero_mean","alt_welfare__weighted_median_real_mpce__medium_2011__change","weighted_median_real_mpce","nss_2011_12_type2","nss_2004_05","change","log","C",0.521822949334881,0.77212456825518,0.530705164088295,0.456742691912362,0.530705164088295,0.673923837964983,23.1085112116065,0.990426897961253,1,"estimated",NA,525,"estimated",NA,"ling_distance_nonzero_mean",0.0244165702553278,0.0215493887055087,1.1330516419283,0.311226675592521,525,"estimated",NA,0.0467909092278328,0.0954380271429669,0.49027531926807,0.645782938003028,525,"estimated",NA,1.28380602327642,0.311226675592519,NA,NA,NA,NA,NA,TRUE,NA,NA,NA,NA,NA,NA,NA,525,"estimated",NA,1,1,1,1,"consumption_welfare_robustness"
"consumption_welfare__alt_welfare__weighted_median_real_mpce__medium_2011__change__state_main__glottolog_mean","consumption_iv__consumption_welfare__alt_welfare__weighted_median_real_mpce__medium_2011__change__state_main__glottolog_mean","alt_welfare__weighted_median_real_mpce__medium_2011__change","weighted_median_real_mpce","nss_2011_12_type2","nss_2004_05","change","log","C",-0.217063548282175,0.206945005676487,0.323143902369897,1.10018038197603,0.323143902369897,1.22116589089622,23.1085112116065,0.980177063786099,1,"estimated",NA,525,"estimated",NA,"ling_distance_glottolog_nonhindi_mean",-0.0119961987799607,0.00751597971910851,-1.59609248937458,0.146927446304713,525,"estimated",NA,0.0552658374697119,0.0671126895001687,0.823478210772241,0.432740789491777,525,"estimated",NA,2.54751123463791,0.146927446304715,NA,NA,NA,NA,NA,TRUE,NA,NA,NA,NA,NA,NA,NA,525,"estimated",NA,0.881564677828278,0.88156467782829,1,1,"consumption_welfare_robustness"
"consumption_welfare__alt_welfare__weighted_median_real_mpce__medium_2011__change__state_main__dyen_noncognate","consumption_iv__consumption_welfare__alt_welfare__weighted_median_real_mpce__medium_2011__change__state_main__dyen_noncognate","alt_welfare__weighted_median_real_mpce__medium_2011__change","weighted_median_real_mpce","nss_2011_12_type2","nss_2004_05","change","log","C",0.0112165017710201,0.0363766128546618,0.764987255319444,0.0950758775070443,0.764987255319444,0.102952022253033,23.1085112116065,0.998002103348762,1,"estimated",NA,525,"estimated",NA,"ling_distance_dyen_noncognate_pct",0.000598597178428142,0.000618866921969806,0.967247007681156,0.359223144873006,525,"estimated",NA,0.0533675463748477,0.19306381402762,0.276424386639399,0.788597819672193,525,"estimated",NA,0.935566773868138,0.359223144873009,NA,NA,NA,NA,NA,TRUE,NA,NA,NA,NA,NA,NA,NA,525,"estimated",NA,1,1,1,1,"consumption_welfare_robustness"
"consumption_welfare__alt_welfare__weighted_median_real_mpce__long_2022__ancova__region_main__nonzero_mean","consumption_iv__consumption_welfare__alt_welfare__weighted_median_real_mpce__long_2022__ancova__region_main__nonzero_mean","alt_welfare__weighted_median_real_mpce__long_2022__ancova","weighted_median_real_mpce","hces_2022_23","nss_2004_05","ancova","log","C",4.26681988767281,2.79210598492841,0.173116568666075,2.33531152298571,0.173116568666075,3.99596285654872,23.1085112116065,0.877643624200822,1,"estimated",NA,524,"estimated",NA,"ling_distance_nonzero_mean",-0.014176235384596,0.0256280593312787,-0.553152901721831,0.598480350373804,524,"estimated",NA,-0.00332243585569566,0.00675055932983399,-0.492171936184933,0.638626121417916,524,"estimated",NA,0.305978132683267,0.598480350373812,NA,NA,NA,NA,NA,TRUE,NA,NA,NA,NA,NA,NA,NA,524,"estimated",NA,1,1,1,1,"consumption_welfare_robustness"
"consumption_welfare__alt_welfare__weighted_median_real_mpce__long_2022__ancova__region_main__glottolog_mean","consumption_iv__consumption_welfare__alt_welfare__weighted_median_real_mpce__long_2022__ancova__region_main__glottolog_mean","alt_welfare__weighted_median_real_mpce__long_2022__ancova","weighted_median_real_mpce","hces_2022_23","nss_2004_05","ancova","log","C",-0.04533991677169,0.527939325642184,0.932812528136151,0.0073755329996009,0.932812528136151,0.0114197529256579,23.1085112116065,0.999415624155476,1,"estimated",NA,524,"estimated",NA,"ling_distance_glottolog_nonhindi_mean",0.00367280670713755,0.00747590815901132,0.49128569118528,0.631057161401929,524,"estimated",NA,-0.0810060310798611,0.975074381007176,-0.083076771021497,0.93500080690118,524,"estimated",NA,0.241361630363422,0.631057161401912,NA,NA,NA,NA,NA,TRUE,NA,NA,NA,NA,NA,NA,NA,524,"estimated",NA,1,1,1,1,"consumption_welfare_robustness"
"consumption_welfare__alt_welfare__weighted_median_real_mpce__long_2022__ancova__region_main__dyen_noncognate","consumption_iv__consumption_welfare__alt_welfare__weighted_median_real_mpce__long_2022__ancova__region_main__dyen_noncognate","alt_welfare__weighted_median_real_mpce__long_2022__ancova","weighted_median_real_mpce","hces_2022_23","nss_2004_05","ancova","log","C",0.00241932913442167,0.122364385602597,0.984513338349031,0.000390912756602935,0.984513338349031,0.000636765457737569,23.1085112116065,0.999864208657861,1,"estimated",NA,524,"estimated",NA,"ling_distance_dyen_noncognate_pct",0.00057564104661296,0.00137718168226273,0.417984826567815,0.682495315438313,524,"estimated",NA,0.237934160509613,12.1253155574,0.0196229252247711,0.984629709404589,524,"estimated",NA,0.174711315240922,0.682495315438317,NA,NA,NA,NA,NA,TRUE,NA,NA,NA,NA,NA,NA,NA,524,"estimated",NA,1,1,1,1,"consumption_welfare_robustness"
"consumption_welfare__alt_welfare__weighted_median_real_mpce__long_2022__ancova__state_main__nonzero_mean","consumption_iv__consumption_welfare__alt_welfare__weighted_median_real_mpce__long_2022__ancova__state_main__nonzero_mean","alt_welfare__weighted_median_real_mpce__long_2022__ancova","weighted_median_real_mpce","hces_2022_23","nss_2004_05","ancova","log","C",0.697318395026768,0.844464274569439,0.445717965288313,0.68186701356356,0.445717965288313,0.96091550379573,23.1085112116065,0.985462949438645,1,"estimated",NA,524,"estimated",NA,"ling_distance_nonzero_mean",0.020870668038863,0.0221417731980728,0.942592440639737,0.388224281577816,524,"estimated",NA,0.0299298974294654,0.043627783338627,0.686028377769223,0.522533839363148,524,"estimated",NA,0.888480509151182,0.388224281577815,NA,NA,NA,NA,NA,TRUE,NA,NA,NA,NA,NA,NA,NA,524,"estimated",NA,1,1,1,1,"consumption_welfare_robustness"
"consumption_welfare__alt_welfare__weighted_median_real_mpce__long_2022__ancova__state_main__glottolog_mean","consumption_iv__consumption_welfare__alt_welfare__weighted_median_real_mpce__long_2022__ancova__state_main__glottolog_mean","alt_welfare__weighted_median_real_mpce__long_2022__ancova","weighted_median_real_mpce","hces_2022_23","nss_2004_05","ancova","log","C",-0.198952439082613,0.189653614021759,0.326872325965329,1.10046513970186,0.326872325965329,1.23388546969155,23.1085112116065,0.979899219656269,1,"estimated",NA,524,"estimated",NA,"ling_distance_glottolog_nonhindi_mean",0.00871373793686434,0.00842278930343934,1.03454302641836,0.3331669970195,524,"estimated",NA,-0.0437980955501591,0.070783079077217,-0.618765051212027,0.554441235818523,524,"estimated",NA,1.07027927351087,0.3331669970195,NA,NA,NA,NA,NA,TRUE,NA,NA,NA,NA,NA,NA,NA,524,"estimated",NA,1,1,1,1,"consumption_welfare_robustness"
"consumption_welfare__alt_welfare__weighted_median_real_mpce__long_2022__ancova__state_main__dyen_noncognate","consumption_iv__consumption_welfare__alt_welfare__weighted_median_real_mpce__long_2022__ancova__state_main__dyen_noncognate","alt_welfare__weighted_median_real_mpce__long_2022__ancova","weighted_median_real_mpce","hces_2022_23","nss_2004_05","ancova","log","C",0.0146535083867375,0.0338616733045822,0.675972057777292,0.187269220924207,0.675972057777292,0.200966746067051,23.1085112116065,0.996828798234505,1,"estimated",NA,524,"estimated",NA,"ling_distance_dyen_noncognate_pct",0.00289314524140228,0.00104126749816671,2.77848415176316,0.0226343333903429,524,"estimated",NA,0.19743703453408,0.449869361973548,0.438876374394415,0.671695619575872,524,"estimated",NA,7.7199741815991,0.0226343333903424,NA,NA,NA,NA,NA,FALSE,NA,NA,NA,NA,NA,NA,NA,524,"estimated",NA,0.135806000342057,0.135806000342054,1,1,"consumption_welfare_robustness"
"consumption_welfare__alt_welfare__weighted_median_real_mpce__long_2022__change__region_main__nonzero_mean","consumption_iv__consumption_welfare__alt_welfare__weighted_median_real_mpce__long_2022__change__region_main__nonzero_mean","alt_welfare__weighted_median_real_mpce__long_2022__change","weighted_median_real_mpce","hces_2022_23","nss_2004_05","change","log","C",4.28771370531967,2.74924927023501,0.16417025439479,2.43233462359484,0.16417025439479,4.08093035688336,23.1085112116065,0.8733035213838,1,"estimated",NA,524,"estimated",NA,"ling_distance_nonzero_mean",-0.0405103571087976,0.0658721417321213,-0.614984666409343,0.558617904987103,524,"estimated",NA,-0.00944800886741692,0.0156779910049143,-0.602628797558016,0.566343857040928,524,"estimated",NA,0.378206139918623,0.558617904987097,NA,NA,NA,NA,NA,TRUE,NA,NA,NA,NA,NA,NA,NA,524,"estimated",NA,1,1,1,1,"consumption_welfare_robustness"
"consumption_welfare__alt_welfare__weighted_median_real_mpce__long_2022__change__region_main__glottolog_mean","consumption_iv__consumption_welfare__alt_welfare__weighted_median_real_mpce__long_2022__change__region_main__glottolog_mean","alt_welfare__weighted_median_real_mpce__long_2022__change","weighted_median_real_mpce","hces_2022_23","nss_2004_05","change","log","C",-0.047556308009462,0.525048583653328,0.929149184435358,0.00820384185356083,0.929149184435358,0.0124923702769934,23.1085112116065,0.999387823509668,1,"estimated",NA,524,"estimated",NA,"ling_distance_glottolog_nonhindi_mean",0.00541206318348523,0.0216214442523228,0.250309975611541,0.806084953874966,524,"estimated",NA,-0.11380326627666,1.33312303392101,-0.0853659140086563,0.933213018353818,524,"estimated",NA,0.0626550838906446,0.806084953874974,NA,NA,NA,NA,NA,TRUE,NA,NA,NA,NA,NA,NA,NA,524,"estimated",NA,1,1,1,1,"consumption_welfare_robustness"
"consumption_welfare__alt_welfare__weighted_median_real_mpce__long_2022__change__region_main__dyen_noncognate","consumption_iv__consumption_welfare__alt_welfare__weighted_median_real_mpce__long_2022__change__region_main__dyen_noncognate","alt_welfare__weighted_median_real_mpce__long_2022__change","weighted_median_real_mpce","hces_2022_23","nss_2004_05","change","log","C",0.000860684870421746,0.121908466550958,0.994469099631443,4.98448852643533e-05,0.994469099631443,8.02938813286589e-05,23.1085112116065,0.999951820622711,1,"estimated",NA,524,"estimated",NA,"ling_distance_dyen_noncognate_pct",0.00178755101413711,0.00371511537329022,0.481156258830798,0.638030341496131,524,"estimated",NA,2.0768937336654,294.566808294207,0.00705067127451456,0.994476296307434,524,"estimated",NA,0.231511345412033,0.638030341496143,NA,NA,NA,NA,NA,TRUE,NA,NA,NA,NA,NA,NA,NA,524,"estimated",NA,1,1,1,1,"consumption_welfare_robustness"
"consumption_welfare__alt_welfare__weighted_median_real_mpce__long_2022__change__state_main__nonzero_mean","consumption_iv__consumption_welfare__alt_welfare__weighted_median_real_mpce__long_2022__change__state_main__nonzero_mean","alt_welfare__weighted_median_real_mpce__long_2022__change","weighted_median_real_mpce","hces_2022_23","nss_2004_05","change","log","C",0.546286678901974,0.809589780649101,0.535089205283535,0.455314190528973,0.535089205283535,0.685944474707812,23.1085112116065,0.99023667780708,1,"estimated",NA,524,"estimated",NA,"ling_distance_nonzero_mean",0.0742290188452783,0.0279244840737925,2.65820556072308,0.0536113121373446,524,"estimated",NA,0.135879240171859,0.232258486480831,0.585034554520243,0.588467235319937,524,"estimated",NA,7.06605680305912,0.0536113121373444,NA,NA,NA,NA,NA,TRUE,NA,NA,NA,NA,NA,NA,NA,524,"estimated",NA,0.321667872824068,0.321667872824066,1,1,"consumption_welfare_robustness"
"consumption_welfare__alt_welfare__weighted_median_real_mpce__long_2022__change__state_main__glottolog_mean","consumption_iv__consumption_welfare__alt_welfare__weighted_median_real_mpce__long_2022__change__state_main__glottolog_mean","alt_welfare__weighted_median_real_mpce__long_2022__change","weighted_median_real_mpce","hces_2022_23","nss_2004_05","change","log","C",-0.190807575553611,0.196008772464486,0.360376723977483,0.947633071880287,0.360376723977484,1.05038587778137,23.1085112116065,0.98373115643067,1,"estimated",NA,524,"estimated",NA,"ling_distance_glottolog_nonhindi_mean",0.00495651754318545,0.0085098433174875,0.582445217645775,0.577186194177793,524,"estimated",NA,-0.0259765238818345,0.0597593029382047,-0.434685858178367,0.675906397982072,524,"estimated",NA,0.339242431558423,0.5771861941778,NA,NA,NA,NA,NA,TRUE,NA,NA,NA,NA,NA,NA,NA,524,"estimated",NA,1,1,1,1,"consumption_welfare_robustness"
"consumption_welfare__alt_welfare__weighted_median_real_mpce__long_2022__change__state_main__dyen_noncognate","consumption_iv__consumption_welfare__alt_welfare__weighted_median_real_mpce__long_2022__change__state_main__dyen_noncognate","alt_welfare__weighted_median_real_mpce__long_2022__change","weighted_median_real_mpce","hces_2022_23","nss_2004_05","change","log","C",0.0153301570073525,0.0351544291062709,0.673627374985986,0.190166102882234,0.673627374985986,0.203791967862338,23.1085112116065,0.996795317442437,1,"estimated",NA,524,"estimated",NA,"ling_distance_dyen_noncognate_pct",0.00255347204352386,0.0011679481641048,2.1862888456878,0.05827239050423,524,"estimated",NA,0.166565289728773,0.405306953712099,0.410960848816547,0.691252962189038,524,"estimated",NA,4.77985891677883,0.0582723905042315,NA,NA,NA,NA,NA,TRUE,NA,NA,NA,NA,NA,NA,NA,524,"estimated",NA,0.321667872824068,0.321667872824066,1,1,"consumption_welfare_robustness"
"consumption_welfare__alt_welfare__weighted_median_real_mpce__long_2023__ancova__region_main__nonzero_mean","consumption_iv__consumption_welfare__alt_welfare__weighted_median_real_mpce__long_2023__ancova__region_main__nonzero_mean","alt_welfare__weighted_median_real_mpce__long_2023__ancova","weighted_median_real_mpce","hces_2023_24","nss_2004_05","ancova","log","C",4.34596937683769,2.88780318892445,0.179906993948366,2.26484320050179,0.179906993948367,3.90204855293298,23.1085112116065,0.882370017735858,1,"estimated",NA,522,"estimated",NA,"ling_distance_nonzero_mean",-0.0151581620636966,0.0254278590103212,-0.59612419816957,0.571522293173541,522,"estimated",NA,-0.00348786674487105,0.00632235876586584,-0.551671753223165,0.599857796974553,522,"estimated",NA,0.355364059643276,0.571522293173561,NA,NA,NA,NA,NA,TRUE,NA,NA,NA,NA,NA,NA,NA,522,"estimated",NA,1,1,1,1,"consumption_welfare_robustness"
"consumption_welfare__alt_welfare__weighted_median_real_mpce__long_2023__ancova__region_main__glottolog_mean","consumption_iv__consumption_welfare__alt_welfare__weighted_median_real_mpce__long_2023__ancova__region_main__glottolog_mean","alt_welfare__weighted_median_real_mpce__long_2023__ancova","weighted_median_real_mpce","hces_2023_24","nss_2004_05","ancova","log","C",-0.0761709270378432,0.531276773321871,0.888124350028943,0.0205559154767528,0.888124350028943,0.0320560196476749,23.1085112116065,0.9989908146719,1,"estimated",NA,522,"estimated",NA,"ling_distance_glottolog_nonhindi_mean",0.000571127487005,0.00730696908453331,0.0781620231860441,0.938851798584353,522,"estimated",NA,-0.00749797211650313,0.118647582742782,-0.0631953213303817,0.950541925513487,522,"estimated",NA,0.00610930186853516,0.938851798584356,NA,NA,NA,NA,NA,TRUE,NA,NA,NA,NA,NA,NA,NA,522,"estimated",NA,1,1,1,1,"consumption_welfare_robustness"
"consumption_welfare__alt_welfare__weighted_median_real_mpce__long_2023__ancova__region_main__dyen_noncognate","consumption_iv__consumption_welfare__alt_welfare__weighted_median_real_mpce__long_2023__ancova__region_main__dyen_noncognate","alt_welfare__weighted_median_real_mpce__long_2023__ancova","weighted_median_real_mpce","hces_2023_24","nss_2004_05","ancova","log","C",-0.000217736750623068,0.123295936417492,0.998616386131479,3.11864505041479e-06,0.998616386131479,5.112663628851e-06,23.1085112116065,0.999987843890796,1,"estimated",NA,522,"estimated",NA,"ling_distance_dyen_noncognate_pct",-0.000469688156128427,0.00129967504734901,-0.361388915703558,0.723314125926996,522,"estimated",NA,2.15713771162632,NA,NA,NA,522,"inference_unavailable","CR2/Satterthwaite inference is unavailable for endogenous treatment 'emi_exposure_all_children_0708'.",0.130601948393393,0.723314125926996,NA,NA,NA,NA,NA,TRUE,NA,NA,NA,NA,NA,NA,NA,522,"estimated",NA,1,1,1,1,"consumption_welfare_robustness"
"consumption_welfare__alt_welfare__weighted_median_real_mpce__long_2023__ancova__state_main__nonzero_mean","consumption_iv__consumption_welfare__alt_welfare__weighted_median_real_mpce__long_2023__ancova__state_main__nonzero_mean","alt_welfare__weighted_median_real_mpce__long_2023__ancova","weighted_median_real_mpce","hces_2023_24","nss_2004_05","ancova","log","C",0.588703869378661,0.804163050484886,0.497063054931119,0.535926894576226,0.497063054931119,0.750788046363563,23.1085112116065,0.989184301986035,1,"estimated",NA,522,"estimated",NA,"ling_distance_nonzero_mean",0.0152916586812402,0.0189030169977412,0.808953337081985,0.455386205087984,522,"estimated",NA,0.0259751285435803,0.0467368174912526,0.555774439465029,0.602374909596948,522,"estimated",NA,0.654405501576088,0.455386205087981,NA,NA,NA,NA,NA,TRUE,NA,NA,NA,NA,NA,NA,NA,522,"estimated",NA,1,1,1,1,"consumption_welfare_robustness"
"consumption_welfare__alt_welfare__weighted_median_real_mpce__long_2023__ancova__state_main__glottolog_mean","consumption_iv__consumption_welfare__alt_welfare__weighted_median_real_mpce__long_2023__ancova__state_main__glottolog_mean","alt_welfare__weighted_median_real_mpce__long_2023__ancova","weighted_median_real_mpce","hces_2023_24","nss_2004_05","ancova","log","C",-0.2299899183801,0.19686842637308,0.27980138297196,1.36478882720179,0.27980138297196,1.54172861057075,23.1085112116065,0.972615121533919,1,"estimated",NA,522,"estimated",NA,"ling_distance_glottolog_nonhindi_mean",0.00690817997585004,0.00611181959806396,1.1302984103193,0.294465255115134,522,"estimated",NA,-0.0300368817229618,0.0448314270699153,-0.669996109562134,0.523685734014219,522,"estimated",NA,1.27757449637036,0.294465255115131,NA,NA,NA,NA,NA,TRUE,NA,NA,NA,NA,NA,NA,NA,522,"estimated",NA,1,1,1,1,"consumption_welfare_robustness"
"consumption_welfare__alt_welfare__weighted_median_real_mpce__long_2023__ancova__state_main__dyen_noncognate","consumption_iv__consumption_welfare__alt_welfare__weighted_median_real_mpce__long_2023__ancova__state_main__dyen_noncognate","alt_welfare__weighted_median_real_mpce__long_2023__ancova","weighted_median_real_mpce","hces_2023_24","nss_2004_05","ancova","log","C",0.00524038518893655,0.0380226016556606,0.893546824122246,0.0189951514976899,0.893546824122246,0.0207052263213153,23.1085112116065,0.999202271101716,1,"estimated",NA,522,"estimated",NA,"ling_distance_dyen_noncognate_pct",0.00189592967863758,0.000819624930630675,2.31316741082867,0.0472166251746967,522,"estimated",NA,0.361792045865762,2.56861845837128,0.140850831577053,0.891225077883137,522,"estimated",NA,5.35074347051989,0.0472166251746952,NA,NA,NA,NA,NA,FALSE,NA,NA,NA,NA,NA,NA,NA,522,"estimated",NA,0.28329975104818,0.283299751048171,1,1,"consumption_welfare_robustness"
"consumption_welfare__alt_welfare__weighted_median_real_mpce__long_2023__change__region_main__nonzero_mean","consumption_iv__consumption_welfare__alt_welfare__weighted_median_real_mpce__long_2023__change__region_main__nonzero_mean","alt_welfare__weighted_median_real_mpce__long_2023__change","weighted_median_real_mpce","hces_2023_24","nss_2004_05","change","log","C",4.35604136797016,2.8333656566199,0.170369458937486,2.36362589847696,0.170369458937486,4.00071824262692,23.1085112116065,0.877402313836054,1,"estimated",NA,522,"estimated",NA,"ling_distance_nonzero_mean",-0.0406312152406141,0.068437051274926,-0.593702014971246,0.572368893866911,522,"estimated",NA,-0.00932755495376605,0.0155456681447187,-0.600009910602325,0.568398482979558,522,"estimated",NA,0.352482082580943,0.572368893866898,NA,NA,NA,NA,NA,TRUE,NA,NA,NA,NA,NA,NA,NA,522,"estimated",NA,1,1,1,1,"consumption_welfare_robustness"
"consumption_welfare__alt_welfare__weighted_median_real_mpce__long_2023__change__region_main__glottolog_mean","consumption_iv__consumption_welfare__alt_welfare__weighted_median_real_mpce__long_2023__change__region_main__glottolog_mean","alt_welfare__weighted_median_real_mpce__long_2023__change","weighted_median_real_mpce","hces_2023_24","nss_2004_05","change","log","C",-0.0768352634513309,0.525620880579182,0.885947158038061,0.0213685941399991,0.885947158038061,0.0326500069000429,23.1085112116065,0.99898062877942,1,"estimated",NA,522,"estimated",NA,"ling_distance_glottolog_nonhindi_mean",0.00132123627958666,0.021240172739809,0.062204592013998,0.951314666172443,522,"estimated",NA,-0.0171957018205079,0.308353833425673,-0.0557661360310373,0.956347885417155,522,"estimated",NA,0.00386941126762843,0.95131466617244,NA,NA,NA,NA,NA,TRUE,NA,NA,NA,NA,NA,NA,NA,522,"estimated",NA,1,1,1,1,"consumption_welfare_robustness"
"consumption_welfare__alt_welfare__weighted_median_real_mpce__long_2023__change__region_main__dyen_noncognate","consumption_iv__consumption_welfare__alt_welfare__weighted_median_real_mpce__long_2023__change__region_main__dyen_noncognate","alt_welfare__weighted_median_real_mpce__long_2023__change","weighted_median_real_mpce","hces_2023_24","nss_2004_05","change","log","C",-0.00127457709756262,0.122704948917314,0.991861234748188,0.000107896675409591,0.991861234748188,0.000174938151344181,23.1085112116065,0.999928874739473,1,"estimated",NA,522,"estimated",NA,"ling_distance_dyen_noncognate_pct",0.000720519865617644,0.00346555243620636,0.207909093537299,0.838343257515155,522,"estimated",NA,-0.565301123834674,54.3610313678518,-0.0103990139555922,0.991852066297193,522,"estimated",NA,0.043226191175503,0.838343257515152,NA,NA,NA,NA,NA,TRUE,NA,NA,NA,NA,NA,NA,NA,522,"estimated",NA,1,1,1,1,"consumption_welfare_robustness"
"consumption_welfare__alt_welfare__weighted_median_real_mpce__long_2023__change__state_main__nonzero_mean","consumption_iv__consumption_welfare__alt_welfare__weighted_median_real_mpce__long_2023__change__state_main__nonzero_mean","alt_welfare__weighted_median_real_mpce__long_2023__change","weighted_median_real_mpce","hces_2023_24","nss_2004_05","change","log","C",0.407990765101264,0.780444713285565,0.628051345461547,0.273285368000343,0.628051345461547,0.413672190541092,23.1085112116065,0.994188080128022,1,"estimated",NA,522,"estimated",NA,"ling_distance_nonzero_mean",0.0689455879488271,0.0323675962928697,2.1300805696225,0.0983454494362116,522,"estimated",NA,0.1689881091589,0.374205623460566,0.451591581110239,0.674368336502513,522,"estimated",NA,4.53724323308334,0.0983454494362112,NA,NA,NA,NA,NA,TRUE,NA,NA,NA,NA,NA,NA,NA,522,"estimated",NA,0.59007269661727,0.590072696617267,1,1,"consumption_welfare_robustness"
"consumption_welfare__alt_welfare__weighted_median_real_mpce__long_2023__change__state_main__glottolog_mean","consumption_iv__consumption_welfare__alt_welfare__weighted_median_real_mpce__long_2023__change__state_main__glottolog_mean","alt_welfare__weighted_median_real_mpce__long_2023__change","weighted_median_real_mpce","hces_2023_24","nss_2004_05","change","log","C",-0.215082970113179,0.202351704461718,0.321383542930352,1.12979153469418,0.321383542930352,1.25755573667303,23.1085112116065,0.979377302692669,1,"estimated",NA,522,"estimated",NA,"ling_distance_glottolog_nonhindi_mean",0.00183742592843947,0.00739965755449509,0.248312292144288,0.81066665121397,522,"estimated",NA,-0.00854287035131607,0.0377257542331479,-0.226446641689932,0.827003638263382,522,"estimated",NA,0.0616589944299512,0.810666651213968,NA,NA,NA,NA,NA,TRUE,NA,NA,NA,NA,NA,NA,NA,522,"estimated",NA,1,1,1,1,"consumption_welfare_robustness"
"consumption_welfare__alt_welfare__weighted_median_real_mpce__long_2023__change__state_main__dyen_noncognate","consumption_iv__consumption_welfare__alt_welfare__weighted_median_real_mpce__long_2023__change__state_main__dyen_noncognate","alt_welfare__weighted_median_real_mpce__long_2023__change","weighted_median_real_mpce","hces_2023_24","nss_2004_05","change","log","C",0.00657903866046456,0.039336542206323,0.871019079348829,0.027972579306891,0.871019079348829,0.0303463543093671,23.1085112116065,0.99902053264647,1,"estimated",NA,522,"estimated",NA,"ling_distance_dyen_noncognate_pct",0.00140458107848167,0.00113411426427593,1.23848286078865,0.248103770647426,522,"estimated",NA,0.21349336141041,1.30143788675286,0.164044218770275,0.873466535222877,522,"estimated",NA,1.53383979646726,0.248103770647423,NA,NA,NA,NA,NA,TRUE,NA,NA,NA,NA,NA,NA,NA,522,"estimated",NA,1,1,1,1,"consumption_welfare_robustness"
"consumption_welfare__alt_welfare__bottom40_mean_real_mpce__long_2022__ancova__region_main__nonzero_mean","consumption_iv__consumption_welfare__alt_welfare__bottom40_mean_real_mpce__long_2022__ancova__region_main__nonzero_mean","alt_welfare__bottom40_mean_real_mpce__long_2022__ancova","bottom40_mean_real_mpce","hces_2022_23","nss_2004_05","ancova","log","C",5.2898931481575,3.18055477874051,0.136785500490794,2.76622842521116,0.136785500490794,4.99285331627514,23.1085112116065,0.823246525308826,1,"estimated",NA,442,"estimated",NA,"ling_distance_nonzero_mean",-0.0176830157611183,0.025992759260014,-0.68030544907639,0.516472559776665,442,"estimated",NA,-0.00334279261713903,0.0059406553430577,-0.56269761905064,0.589830216979278,442,"estimated",NA,0.46281550404301,0.516472559776674,NA,NA,NA,NA,NA,TRUE,NA,NA,NA,NA,NA,NA,NA,442,"estimated",NA,1,1,1,1,"consumption_welfare_robustness"
"consumption_welfare__alt_welfare__bottom40_mean_real_mpce__long_2022__ancova__region_main__glottolog_mean","consumption_iv__consumption_welfare__alt_welfare__bottom40_mean_real_mpce__long_2022__ancova__region_main__glottolog_mean","alt_welfare__bottom40_mean_real_mpce__long_2022__ancova","bottom40_mean_real_mpce","hces_2022_23","nss_2004_05","ancova","log","C",-0.118301073842379,0.593140498741669,0.844779668321332,0.0397797654045067,0.844779668321332,0.0644594781352741,23.1085112116065,0.998501066254051,1,"estimated",NA,442,"estimated",NA,"ling_distance_glottolog_nonhindi_mean",-0.000868207621731045,0.00779950266478496,-0.111315767048973,0.912946149604668,442,"estimated",NA,0.00733896653294902,0.0668972236535169,0.10970509883878,0.914200321569786,442,"estimated",NA,0.0123911999936997,0.912946149604673,NA,NA,NA,NA,NA,TRUE,NA,NA,NA,NA,NA,NA,NA,442,"estimated",NA,1,1,1,1,"consumption_welfare_robustness"
"consumption_welfare__alt_welfare__bottom40_mean_real_mpce__long_2022__ancova__region_main__dyen_noncognate","consumption_iv__consumption_welfare__alt_welfare__bottom40_mean_real_mpce__long_2022__ancova__region_main__dyen_noncognate","alt_welfare__bottom40_mean_real_mpce__long_2022__ancova","bottom40_mean_real_mpce","hces_2022_23","nss_2004_05","ancova","log","C",0.0096106813323479,0.13481737765403,0.944200844148207,0.00508178870765401,0.944200844148207,0.00836454962694188,23.1085112116065,0.999502131328636,1,"estimated",NA,442,"estimated",NA,"ling_distance_dyen_noncognate_pct",0.000234372683341598,0.00138515241744591,0.169203533408806,0.868111934647386,442,"estimated",NA,0.024386687607358,0.385989091704734,0.0631797326179693,0.950536857044053,442,"estimated",NA,0.0286298357180257,0.868111934647385,NA,NA,NA,NA,NA,TRUE,NA,NA,NA,NA,NA,NA,NA,442,"estimated",NA,1,1,1,1,"consumption_welfare_robustness"
"consumption_welfare__alt_welfare__bottom40_mean_real_mpce__long_2022__ancova__state_main__nonzero_mean","consumption_iv__consumption_welfare__alt_welfare__bottom40_mean_real_mpce__long_2022__ancova__state_main__nonzero_mean","alt_welfare__bottom40_mean_real_mpce__long_2022__ancova","bottom40_mean_real_mpce","hces_2022_23","nss_2004_05","ancova","log","C",0.525206028447088,0.86891670060362,0.570533132396936,0.365344956057029,0.570533132396936,0.495512850925577,23.1085112116065,0.993076435559011,1,"estimated",NA,442,"estimated",NA,"ling_distance_nonzero_mean",0.012387693244893,0.0230865638686488,0.536575876573616,0.613345485224182,442,"estimated",NA,0.0235863500683005,0.0500184643843357,0.471552862700179,0.65605078782121,442,"estimated",NA,0.287913671320776,0.613345485224163,NA,NA,NA,NA,NA,TRUE,NA,NA,NA,NA,NA,NA,NA,442,"estimated",NA,1,1,1,1,"consumption_welfare_robustness"
"consumption_welfare__alt_welfare__bottom40_mean_real_mpce__long_2022__ancova__state_main__glottolog_mean","consumption_iv__consumption_welfare__alt_welfare__bottom40_mean_real_mpce__long_2022__ancova__state_main__glottolog_mean","alt_welfare__bottom40_mean_real_mpce__long_2022__ancova","bottom40_mean_real_mpce","hces_2022_23","nss_2004_05","ancova","log","C",-0.525678921640236,0.211433230542465,0.0371780032082569,6.18151084463458,0.0371780032082569,6.58052157990913,23.1085112116065,0.724754636279601,1,"estimated",NA,442,"estimated",NA,"ling_distance_glottolog_nonhindi_mean",0.0032994185584826,0.0112571608887594,0.293095087747849,0.77676245973432,442,"estimated",NA,-0.00627649012097114,0.0210284507366844,-0.298476107420587,0.772796718760809,442,"estimated",NA,0.0859047304619191,0.77676245973432,NA,NA,NA,NA,NA,TRUE,NA,NA,NA,NA,NA,NA,NA,442,"estimated",NA,1,1,1,1,"consumption_welfare_robustness"
"consumption_welfare__alt_welfare__bottom40_mean_real_mpce__long_2022__ancova__state_main__dyen_noncognate","consumption_iv__consumption_welfare__alt_welfare__bottom40_mean_real_mpce__long_2022__ancova__state_main__dyen_noncognate","alt_welfare__bottom40_mean_real_mpce__long_2022__ancova","bottom40_mean_real_mpce","hces_2022_23","nss_2004_05","ancova","log","C",-0.0105070389451265,0.0398655886687684,0.798201290179652,0.0694647250688077,0.798201290179652,0.0722751801789592,23.1085112116065,0.998395297158391,1,"estimated",NA,442,"estimated",NA,"ling_distance_dyen_noncognate_pct",0.00215663370117565,0.00117443434501341,1.83631695576053,0.100336333414611,442,"estimated",NA,-0.205256087127192,0.77855305328174,-0.263637893733768,0.798144371424155,442,"estimated",NA,3.37205996201356,0.100336333414614,NA,NA,NA,NA,NA,TRUE,NA,NA,NA,NA,NA,NA,NA,442,"estimated",NA,0.602018000487666,0.602018000487684,1,1,"consumption_welfare_robustness"
"consumption_welfare__alt_welfare__bottom40_mean_real_mpce__long_2022__change__region_main__nonzero_mean","consumption_iv__consumption_welfare__alt_welfare__bottom40_mean_real_mpce__long_2022__change__region_main__nonzero_mean","alt_welfare__bottom40_mean_real_mpce__long_2022__change","bottom40_mean_real_mpce","hces_2022_23","nss_2004_05","change","log","C",5.28616509237786,3.05127232777434,0.121591298023912,3.00136977112234,0.121591298023912,5.34539254182453,23.1085112116065,0.802411737515504,1,"estimated",NA,442,"estimated",NA,"ling_distance_nonzero_mean",-0.0940795782223078,0.0702281299864329,-1.3396281267988,0.217324709727468,442,"estimated",NA,-0.0177973212297053,0.017341446841184,-1.02628814035509,0.334907899798635,442,"estimated",NA,1.79460351811032,0.217324709727484,NA,NA,NA,NA,NA,TRUE,NA,NA,NA,NA,NA,NA,NA,442,"estimated",NA,0.885395993123695,0.88539599312371,1,1,"consumption_welfare_robustness"
"consumption_welfare__alt_welfare__bottom40_mean_real_mpce__long_2022__change__region_main__glottolog_mean","consumption_iv__consumption_welfare__alt_welfare__bottom40_mean_real_mpce__long_2022__change__region_main__glottolog_mean","alt_welfare__bottom40_mean_real_mpce__long_2022__change","bottom40_mean_real_mpce","hces_2022_23","nss_2004_05","change","log","C",-0.112121506736235,0.57781721635885,0.848908422405749,0.0376527668639917,0.848908422405749,0.0593461051855562,23.1085112116065,0.99857208881563,1,"estimated",NA,442,"estimated",NA,"ling_distance_glottolog_nonhindi_mean",-0.00521527616889494,0.0258664071836796,-0.201623523973036,0.843089428458819,442,"estimated",NA,0.0465145030666188,0.306828337458557,0.151597806942787,0.88165073955724,442,"estimated",NA,0.0406520454193055,0.843089428458819,NA,NA,NA,NA,NA,TRUE,NA,NA,NA,NA,NA,NA,NA,442,"estimated",NA,1,1,1,1,"consumption_welfare_robustness"
"consumption_welfare__alt_welfare__bottom40_mean_real_mpce__long_2022__change__region_main__dyen_noncognate","consumption_iv__consumption_welfare__alt_welfare__bottom40_mean_real_mpce__long_2022__change__region_main__dyen_noncognate","alt_welfare__bottom40_mean_real_mpce__long_2022__change","bottom40_mean_real_mpce","hces_2022_23","nss_2004_05","change","log","C",0.00774847428221546,0.133202154295099,0.954453790653441,0.00338384057966077,0.954453790653441,0.00550006029234285,23.1085112116065,0.999598001608871,1,"estimated",NA,442,"estimated",NA,"ling_distance_dyen_noncognate_pct",0.00154992345401814,0.00423095264915261,0.36632966202743,0.719722762980777,442,"estimated",NA,0.200029502270794,3.50780696016787,0.0570240907045869,0.955350570493301,442,"estimated",NA,0.13419742128113,0.719722762980778,NA,NA,NA,NA,NA,TRUE,NA,NA,NA,NA,NA,NA,NA,442,"estimated",NA,1,1,1,1,"consumption_welfare_robustness"
"consumption_welfare__alt_welfare__bottom40_mean_real_mpce__long_2022__change__state_main__nonzero_mean","consumption_iv__consumption_welfare__alt_welfare__bottom40_mean_real_mpce__long_2022__change__state_main__nonzero_mean","alt_welfare__bottom40_mean_real_mpce__long_2022__change","bottom40_mean_real_mpce","hces_2022_23","nss_2004_05","change","log","C",0.42444958878077,0.868177472002004,0.646273351188967,0.239020532553352,0.646273351188967,0.334639838453952,23.1085112116065,0.99520576881471,1,"estimated",NA,442,"estimated",NA,"ling_distance_nonzero_mean",0.0442845971354901,0.0239077035836518,1.85231496536422,0.125148091115071,442,"estimated",NA,0.104334173730262,0.234559962909325,0.444808109773599,0.675655623258292,442,"estimated",NA,3.43107073091234,0.125148091115068,NA,NA,NA,NA,NA,TRUE,NA,NA,NA,NA,NA,NA,NA,442,"estimated",NA,0.750888546690426,0.750888546690408,1,1,"consumption_welfare_robustness"
"consumption_welfare__alt_welfare__bottom40_mean_real_mpce__long_2022__change__state_main__glottolog_mean","consumption_iv__consumption_welfare__alt_welfare__bottom40_mean_real_mpce__long_2022__change__state_main__glottolog_mean","alt_welfare__bottom40_mean_real_mpce__long_2022__change","bottom40_mean_real_mpce","hces_2022_23","nss_2004_05","change","log","C",-0.491624388835757,0.226368167146066,0.0614009799546218,4.71667692943304,0.0614009799546217,5.03889949596846,23.1085112116065,0.820567108205957,1,"estimated",NA,442,"estimated",NA,"ling_distance_glottolog_nonhindi_mean",-0.00600273639886594,0.00980815487225813,-0.612014846527798,0.557395729991998,442,"estimated",NA,0.0122100053113496,0.0224468663598745,0.543951441399229,0.601195044561639,442,"estimated",NA,0.374562172370434,0.557395729992003,NA,NA,NA,NA,NA,TRUE,NA,NA,NA,NA,NA,NA,NA,442,"estimated",NA,1,1,1,1,"consumption_welfare_robustness"
"consumption_welfare__alt_welfare__bottom40_mean_real_mpce__long_2022__change__state_main__dyen_noncognate","consumption_iv__consumption_welfare__alt_welfare__bottom40_mean_real_mpce__long_2022__change__state_main__dyen_noncognate","alt_welfare__bottom40_mean_real_mpce__long_2022__change","bottom40_mean_real_mpce","hces_2022_23","nss_2004_05","change","log","C",-0.0092751447867738,0.0420803802227863,0.83056182106732,0.0485827489681655,0.83056182106732,0.0513526359296825,23.1085112116065,0.998686722326411,1,"estimated",NA,442,"estimated",NA,"ling_distance_dyen_noncognate_pct",0.00171840588540679,0.00117136899581472,1.46700646128302,0.177079198624739,442,"estimated",NA,-0.185269979596127,0.80010843879403,-0.231556087416571,0.822161776573196,442,"estimated",NA,2.15210795744608,0.177079198624742,NA,NA,NA,NA,NA,TRUE,NA,NA,NA,NA,NA,NA,NA,442,"estimated",NA,0.885395993123695,0.88539599312371,1,1,"consumption_welfare_robustness"
"consumption_welfare__alt_welfare__bottom40_mean_real_mpce__long_2023__ancova__region_main__nonzero_mean","consumption_iv__consumption_welfare__alt_welfare__bottom40_mean_real_mpce__long_2023__ancova__region_main__nonzero_mean","alt_welfare__bottom40_mean_real_mpce__long_2023__ancova","bottom40_mean_real_mpce","hces_2023_24","nss_2004_05","ancova","log","C",5.40768068374973,3.19469340179055,0.13028469847357,2.86525783527468,0.13028469847357,5.32071241122559,23.1085112116065,0.803893451143801,1,"estimated",NA,444,"estimated",NA,"ling_distance_nonzero_mean",-0.0178811976917675,0.0303388501640565,-0.589382840650697,0.572421720984941,444,"estimated",NA,-0.00330662972492082,0.00625508775823845,-0.528630428976112,0.611897338805262,444,"estimated",NA,0.347372132853482,0.572421720984942,NA,NA,NA,NA,NA,TRUE,NA,NA,NA,NA,NA,NA,NA,444,"estimated",NA,1,1,1,1,"consumption_welfare_robustness"
"consumption_welfare__alt_welfare__bottom40_mean_real_mpce__long_2023__ancova__region_main__glottolog_mean","consumption_iv__consumption_welfare__alt_welfare__bottom40_mean_real_mpce__long_2023__ancova__region_main__glottolog_mean","alt_welfare__bottom40_mean_real_mpce__long_2023__ancova","bottom40_mean_real_mpce","hces_2023_24","nss_2004_05","ancova","log","C",-0.128138493177648,0.58678079021802,0.830330196131588,0.0476878178569327,0.830330196131588,0.0776414959574146,23.1085112116065,0.998324302176452,1,"estimated",NA,444,"estimated",NA,"ling_distance_glottolog_nonhindi_mean",-0.00399640047603124,0.00814474680296393,-0.490672156263583,0.631361774913398,444,"estimated",NA,0.0311881338458771,0.133272914010859,0.23401704748,0.818404840225664,444,"estimated",NA,0.240759164932365,0.631361774913391,NA,NA,NA,NA,NA,TRUE,NA,NA,NA,NA,NA,NA,NA,444,"estimated",NA,1,1,1,1,"consumption_welfare_robustness"
"consumption_welfare__alt_welfare__bottom40_mean_real_mpce__long_2023__ancova__region_main__dyen_noncognate","consumption_iv__consumption_welfare__alt_welfare__bottom40_mean_real_mpce__long_2023__ancova__region_main__dyen_noncognate","alt_welfare__bottom40_mean_real_mpce__long_2023__ancova","bottom40_mean_real_mpce","hces_2023_24","nss_2004_05","ancova","log","C",0.0152840089304502,0.131365665409111,0.909038797865968,0.0135366383266371,0.909038797865968,0.0230736772418098,23.1085112116065,0.999154948934867,1,"estimated",NA,444,"estimated",NA,"ling_distance_dyen_noncognate_pct",-0.0006471601995622,0.00139264184401717,-0.46469966584906,0.649329336023742,444,"estimated",NA,-0.0423423070809935,0.3730754693466,-0.113495285967612,0.911257976314764,444,"estimated",NA,0.215945779440223,0.649329336023745,NA,NA,NA,NA,NA,TRUE,NA,NA,NA,NA,NA,NA,NA,444,"estimated",NA,1,1,1,1,"consumption_welfare_robustness"
"consumption_welfare__alt_welfare__bottom40_mean_real_mpce__long_2023__ancova__state_main__nonzero_mean","consumption_iv__consumption_welfare__alt_welfare__bottom40_mean_real_mpce__long_2023__ancova__state_main__nonzero_mean","alt_welfare__bottom40_mean_real_mpce__long_2023__ancova","bottom40_mean_real_mpce","hces_2023_24","nss_2004_05","ancova","log","C",0.247636059782634,0.723169897353198,0.745122490020729,0.117259244191599,0.745122490020729,0.148667288877666,23.1085112116065,0.99744853268181,1,"estimated",NA,444,"estimated",NA,"ling_distance_nonzero_mean",0.0117597335163621,0.0207897944212769,0.565649341117428,0.594622702295427,444,"estimated",NA,0.0474879689440167,0.154264790066758,0.30783413975066,0.769879916274834,444,"estimated",NA,0.319959177106591,0.594622702295422,NA,NA,NA,NA,NA,TRUE,NA,NA,NA,NA,NA,NA,NA,444,"estimated",NA,1,1,1,1,"consumption_welfare_robustness"
"consumption_welfare__alt_welfare__bottom40_mean_real_mpce__long_2023__ancova__state_main__glottolog_mean","consumption_iv__consumption_welfare__alt_welfare__bottom40_mean_real_mpce__long_2023__ancova__state_main__glottolog_mean","alt_welfare__bottom40_mean_real_mpce__long_2023__ancova","bottom40_mean_real_mpce","hces_2023_24","nss_2004_05","ancova","log","C",-0.6074419025783,0.287711583263519,0.0676910099838347,4.45753539533629,0.0676910099838346,4.70202631378684,23.1085112116065,0.839855029645309,1,"estimated",NA,444,"estimated",NA,"ling_distance_glottolog_nonhindi_mean",0.00456497633944679,0.0080065622564665,0.570154355042938,0.584205061511946,444,"estimated",NA,-0.00751508303933287,0.013347636673631,-0.563027240183977,0.588823054071262,444,"estimated",NA,0.325075988574401,0.584205061511962,NA,NA,NA,NA,NA,TRUE,NA,NA,NA,NA,NA,NA,NA,444,"estimated",NA,1,1,1,1,"consumption_welfare_robustness"
"consumption_welfare__alt_welfare__bottom40_mean_real_mpce__long_2023__ancova__state_main__dyen_noncognate","consumption_iv__consumption_welfare__alt_welfare__bottom40_mean_real_mpce__long_2023__ancova__state_main__dyen_noncognate","alt_welfare__bottom40_mean_real_mpce__long_2023__ancova","bottom40_mean_real_mpce","hces_2023_24","nss_2004_05","ancova","log","C",-0.0298393506235188,0.0552289201187549,0.602123234006082,0.291907754386298,0.602123234006082,0.320034361971928,23.1085112116065,0.995388407815346,1,"estimated",NA,444,"estimated",NA,"ling_distance_dyen_noncognate_pct",0.00199344907324546,0.000758230728847682,2.62907977400889,0.0274193501699827,444,"estimated",NA,-0.0668060474370376,0.133415696974761,-0.500736037451992,0.628583567546737,444,"estimated",NA,6.91206045810266,0.0274193501699826,NA,NA,NA,NA,NA,FALSE,NA,NA,NA,NA,NA,NA,NA,444,"estimated",NA,0.164516101019896,0.164516101019896,1,1,"consumption_welfare_robustness"
"consumption_welfare__alt_welfare__bottom40_mean_real_mpce__long_2023__change__region_main__nonzero_mean","consumption_iv__consumption_welfare__alt_welfare__bottom40_mean_real_mpce__long_2023__change__region_main__nonzero_mean","alt_welfare__bottom40_mean_real_mpce__long_2023__change","bottom40_mean_real_mpce","hces_2023_24","nss_2004_05","change","log","C",5.35192210869168,3.04216980015554,0.116071847469626,3.09494308408276,0.116071847469626,5.7133310709274,23.1085112116065,0.779948760891061,1,"estimated",NA,444,"estimated",NA,"ling_distance_nonzero_mean",-0.0977807681126487,0.0715109229881858,-1.36735430094788,0.208207476167967,444,"estimated",NA,-0.0182702150978335,0.0172084702574718,-1.06169896710608,0.318963887476785,444,"estimated",NA,1.86965778432074,0.20820747616796,NA,NA,NA,NA,NA,TRUE,NA,NA,NA,NA,NA,NA,NA,444,"estimated",NA,1,1,1,1,"consumption_welfare_robustness"
"consumption_welfare__alt_welfare__bottom40_mean_real_mpce__long_2023__change__region_main__glottolog_mean","consumption_iv__consumption_welfare__alt_welfare__bottom40_mean_real_mpce__long_2023__change__region_main__glottolog_mean","alt_welfare__bottom40_mean_real_mpce__long_2023__change","bottom40_mean_real_mpce","hces_2023_24","nss_2004_05","change","log","C",-0.123881358405986,0.573706625321125,0.83217356551124,0.0466264324450004,0.83217356551124,0.0738275531550017,23.1085112116065,0.998374635602864,1,"estimated",NA,444,"estimated",NA,"ling_distance_glottolog_nonhindi_mean",-0.0080643513610903,0.0249423288049106,-0.323319904254594,0.751259499356653,444,"estimated",NA,0.0650973759479387,0.326555738444171,0.199345374416282,0.844875445736883,444,"estimated",NA,0.104535760487195,0.751259499356658,NA,NA,NA,NA,NA,TRUE,NA,NA,NA,NA,NA,NA,NA,444,"estimated",NA,1,1,1,1,"consumption_welfare_robustness"
"consumption_welfare__alt_welfare__bottom40_mean_real_mpce__long_2023__change__region_main__dyen_noncognate","consumption_iv__consumption_welfare__alt_welfare__bottom40_mean_real_mpce__long_2023__change__region_main__dyen_noncognate","alt_welfare__bottom40_mean_real_mpce__long_2023__change","bottom40_mean_real_mpce","hces_2023_24","nss_2004_05","change","log","C",0.0143213034898051,0.130126364081549,0.91393169965786,0.0121125199701712,0.91393169965786,0.0203973048409395,23.1085112116065,0.99920858322151,1,"estimated",NA,444,"estimated",NA,"ling_distance_dyen_noncognate_pct",0.00027859226113311,0.00395819554224585,0.070383652894278,0.944887235280017,444,"estimated",NA,0.0194529961139687,0.332863812122186,0.0584413066411316,0.954225926798298,444,"estimated",NA,0.00495385859474234,0.944887235280016,NA,NA,NA,NA,NA,TRUE,NA,NA,NA,NA,NA,NA,NA,444,"estimated",NA,1,1,1,1,"consumption_welfare_robustness"
"consumption_welfare__alt_welfare__bottom40_mean_real_mpce__long_2023__change__state_main__nonzero_mean","consumption_iv__consumption_welfare__alt_welfare__bottom40_mean_real_mpce__long_2023__change__state_main__nonzero_mean","alt_welfare__bottom40_mean_real_mpce__long_2023__change","bottom40_mean_real_mpce","hces_2023_24","nss_2004_05","change","log","C",0.098762302322822,0.736739787279676,0.898685829334912,0.0179702517949163,0.898685829334912,0.0239717991874764,23.1085112116065,0.999137525566487,1,"estimated",NA,444,"estimated",NA,"ling_distance_nonzero_mean",0.0413106502141431,0.0310187237764398,1.33179722389225,0.241446393063277,444,"estimated",NA,0.418283588399706,3.25643641220566,0.128448259217318,0.902893362160322,444,"estimated",NA,1.77368384556707,0.24144639306328,NA,NA,NA,NA,NA,TRUE,NA,NA,NA,NA,NA,NA,NA,444,"estimated",NA,1,1,1,1,"consumption_welfare_robustness"
"consumption_welfare__alt_welfare__bottom40_mean_real_mpce__long_2023__change__state_main__glottolog_mean","consumption_iv__consumption_welfare__alt_welfare__bottom40_mean_real_mpce__long_2023__change__state_main__glottolog_mean","alt_welfare__bottom40_mean_real_mpce__long_2023__change","bottom40_mean_real_mpce","hces_2023_24","nss_2004_05","change","log","C",-0.544330814748802,0.279145350584657,0.087361761642048,3.80246341099217,0.0873617616420479,3.97748627772965,23.1085112116065,0.878579404161937,1,"estimated",NA,444,"estimated",NA,"ling_distance_glottolog_nonhindi_mean",-0.00613727409104481,0.00722660793243692,-0.84926069719341,0.42066530260247,444,"estimated",NA,0.011274897405687,0.0152668705299581,0.73852053592531,0.481508411539763,444,"estimated",NA,0.721243731797442,0.420665302602469,NA,NA,NA,NA,NA,TRUE,NA,NA,NA,NA,NA,NA,NA,444,"estimated",NA,1,1,1,1,"consumption_welfare_robustness"
"consumption_welfare__alt_welfare__bottom40_mean_real_mpce__long_2023__change__state_main__dyen_noncognate","consumption_iv__consumption_welfare__alt_welfare__bottom40_mean_real_mpce__long_2023__change__state_main__dyen_noncognate","alt_welfare__bottom40_mean_real_mpce__long_2023__change","bottom40_mean_real_mpce","hces_2023_24","nss_2004_05","change","log","C",-0.026179753133125,0.0561428192046747,0.651980845813673,0.21744161256666,0.651980845813673,0.237735380997675,23.1085112116065,0.996391345885912,1,"estimated",NA,444,"estimated",NA,"ling_distance_dyen_noncognate_pct",0.00125746836809062,0.00101173555552135,1.24288245206787,0.245047213800723,444,"estimated",NA,-0.0480320941796318,0.109482199671584,-0.438720580365708,0.671117553503082,444,"estimated",NA,1.54475678965824,0.245047213800723,NA,NA,NA,NA,NA,TRUE,NA,NA,NA,NA,NA,NA,NA,444,"estimated",NA,1,1,1,1,"consumption_welfare_robustness"
