"beta","statistic","p.value","accepted","boundary_refined","specification_id","analysis_id"
-0.133737803535568,0.270687873743103,0.625185260810832,TRUE,FALSE,"consumption__early_2009__ancova","consumption_iv__consumption__early_2009__ancova"
-0.13306911451789,0.269094831673793,0.626179101418968,TRUE,FALSE,"consumption__early_2009__ancova","consumption_iv__consumption__early_2009__ancova"
-0.132400425500212,0.267492061268976,0.627182897778242,TRUE,FALSE,"consumption__early_2009__ancova","consumption_iv__consumption__early_2009__ancova"
-0.131731736482535,0.265879498951851,0.628196794697502,TRUE,FALSE,"consumption__early_2009__ancova","consumption_iv__consumption__early_2009__ancova"
-0.131063047464857,0.264257081287578,0.629220939703067,TRUE,FALSE,"consumption__early_2009__ancova","consumption_iv__consumption__early_2009__ancova"
-0.130394358447179,0.262624745016385,0.630255483100061,TRUE,FALSE,"consumption__early_2009__ancova","consumption_iv__consumption__early_2009__ancova"
-0.129725669429501,0.260982427087765,0.631300578035743,TRUE,FALSE,"consumption__early_2009__ancova","consumption_iv__consumption__early_2009__ancova"
-0.129056980411823,0.259330064697005,0.632356380564101,TRUE,FALSE,"consumption__early_2009__ancova","consumption_iv__consumption__early_2009__ancova"
-0.128388291394145,0.257667595323211,0.633423049712382,TRUE,FALSE,"consumption__early_2009__ancova","consumption_iv__consumption__early_2009__ancova"
-0.127719602376468,0.255994956769329,0.634500747549305,TRUE,FALSE,"consumption__early_2009__ancova","consumption_iv__consumption__early_2009__ancova"
-0.12705091335879,0.25431208720433,0.635589639254984,TRUE,FALSE,"consumption__early_2009__ancova","consumption_iv__consumption__early_2009__ancova"
-0.126382224341112,0.252618925207118,0.636689893192947,TRUE,FALSE,"consumption__early_2009__ancova","consumption_iv__consumption__early_2009__ancova"
-0.125713535323434,0.250915409813296,0.637801680983625,TRUE,FALSE,"consumption__early_2009__ancova","consumption_iv__consumption__early_2009__ancova"
-0.125044846305756,0.24920148056344,0.638925177580323,TRUE,FALSE,"consumption__early_2009__ancova","consumption_iv__consumption__early_2009__ancova"
-0.124376157288078,0.247477077554417,0.640060561346793,TRUE,FALSE,"consumption__early_2009__ancova","consumption_iv__consumption__early_2009__ancova"
-0.1237074682704,0.245742141492955,0.641208014137047,TRUE,FALSE,"consumption__early_2009__ancova","consumption_iv__consumption__early_2009__ancova"
-0.123038779252723,0.243996613751823,0.642367721377338,TRUE,FALSE,"consumption__early_2009__ancova","consumption_iv__consumption__early_2009__ancova"
-0.122370090235045,0.24224043642888,0.643539872150251,TRUE,FALSE,"consumption__early_2009__ancova","consumption_iv__consumption__early_2009__ancova"
-0.121701401217367,0.240473552408962,0.644724659281098,TRUE,FALSE,"consumption__early_2009__ancova","consumption_iv__consumption__early_2009__ancova"
-0.121032712199689,0.238695905428778,0.645922279426643,TRUE,FALSE,"consumption__early_2009__ancova","consumption_iv__consumption__early_2009__ancova"
-0.120364023182011,0.23690744014499,0.647132933166209,TRUE,FALSE,"consumption__early_2009__ancova","consumption_iv__consumption__early_2009__ancova"
-0.119695334164333,0.235108102205632,0.648356825095231,TRUE,FALSE,"consumption__early_2009__ancova","consumption_iv__consumption__early_2009__ancova"
-0.119026645146656,0.233297838324828,0.649594163921461,TRUE,FALSE,"consumption__early_2009__ancova","consumption_iv__consumption__early_2009__ancova"
-0.118357956128978,0.231476596361477,0.65084516256354,TRUE,FALSE,"consumption__early_2009__ancova","consumption_iv__consumption__early_2009__ancova"
-0.1176892671113,0.229644325401215,0.652110038252632,TRUE,FALSE,"consumption__early_2009__ancova","consumption_iv__consumption__early_2009__ancova"
-0.117020578093622,0.227800975842937,0.653389012636406,TRUE,FALSE,"consumption__early_2009__ancova","consumption_iv__consumption__early_2009__ancova"
-0.116351889075944,0.225946499489035,0.654682311886176,TRUE,FALSE,"consumption__early_2009__ancova","consumption_iv__consumption__early_2009__ancova"
-0.115683200058266,0.224080849640065,0.655990166806927,TRUE,FALSE,"consumption__early_2009__ancova","consumption_iv__consumption__early_2009__ancova"
-0.115014511040589,0.222203981194177,0.657312812950209,TRUE,FALSE,"consumption__early_2009__ancova","consumption_iv__consumption__early_2009__ancova"
-0.114345822022911,0.220315850751126,0.658650490730276,TRUE,FALSE,"consumption__early_2009__ancova","consumption_iv__consumption__early_2009__ancova"
-0.113677133005233,0.218416416721233,0.660003445543458,TRUE,FALSE,"consumption__early_2009__ancova","consumption_iv__consumption__early_2009__ancova"
-0.113008443987555,0.216505639439768,0.661371927890688,TRUE,FALSE,"consumption__early_2009__ancova","consumption_iv__consumption__early_2009__ancova"
-0.112339754969877,0.214583481286661,0.662756193503533,TRUE,FALSE,"consumption__early_2009__ancova","consumption_iv__consumption__early_2009__ancova"
-0.111671065952199,0.212649906812007,0.664156503473668,TRUE,FALSE,"consumption__early_2009__ancova","consumption_iv__consumption__early_2009__ancova"
-0.111002376934522,0.21070488286746,0.665573124386035,TRUE,FALSE,"consumption__early_2009__ancova","consumption_iv__consumption__early_2009__ancova"
-0.110333687916844,0.208748378744172,0.667006328455517,TRUE,FALSE,"consumption__early_2009__ancova","consumption_iv__consumption__early_2009__ancova"
-0.109664998899166,0.206780366317024,0.668456393667639,TRUE,FALSE,"consumption__early_2009__ancova","consumption_iv__consumption__early_2009__ancova"
-0.108996309881488,0.20480082019598,0.669923603923037,TRUE,FALSE,"consumption__early_2009__ancova","consumption_iv__consumption__early_2009__ancova"
-0.10832762086381,0.202809717884619,0.671408249185989,TRUE,FALSE,"consumption__early_2009__ancova","consumption_iv__consumption__early_2009__ancova"
-0.107658931846132,0.200807039946127,0.672910625637204,TRUE,FALSE,"consumption__early_2009__ancova","consumption_iv__consumption__early_2009__ancova"
-0.106990242828454,0.198792770177433,0.67443103583073,TRUE,FALSE,"consumption__early_2009__ancova","consumption_iv__consumption__early_2009__ancova"
-0.106321553810777,0.196766895791555,0.675969788855349,TRUE,FALSE,"consumption__early_2009__ancova","consumption_iv__consumption__early_2009__ancova"
-0.105652864793099,0.194729407608638,0.677527200500519,TRUE,FALSE,"consumption__early_2009__ancova","consumption_iv__consumption__early_2009__ancova"
-0.104984175775421,0.192680300256283,0.679103593426873,TRUE,FALSE,"consumption__early_2009__ancova","consumption_iv__consumption__early_2009__ancova"
-0.104315486757743,0.190619572379259,0.68069929734166,TRUE,FALSE,"consumption__early_2009__ancova","consumption_iv__consumption__early_2009__ancova"
-0.103646797740065,0.188547226859554,0.682314649178895,TRUE,FALSE,"consumption__early_2009__ancova","consumption_iv__consumption__early_2009__ancova"
-0.102978108722387,0.186463271046641,0.683949993284833,TRUE,FALSE,"consumption__early_2009__ancova","consumption_iv__consumption__early_2009__ancova"
-0.10230941970471,0.184367716999104,0.68560568160842,TRUE,FALSE,"consumption__early_2009__ancova","consumption_iv__consumption__early_2009__ancova"
-0.101640730687032,0.182260581737622,0.687282073897287,TRUE,FALSE,"consumption__early_2009__ancova","consumption_iv__consumption__early_2009__ancova"
-0.100972041669354,0.180141887510267,0.688979537899133,TRUE,FALSE,"consumption__early_2009__ancova","consumption_iv__consumption__early_2009__ancova"
-0.100303352651676,0.178011662070575,0.690698449568767,TRUE,FALSE,"consumption__early_2009__ancova","consumption_iv__consumption__early_2009__ancova"
-0.0996346636339982,0.175869938968804,0.692439193281118,TRUE,FALSE,"consumption__early_2009__ancova","consumption_iv__consumption__early_2009__ancova"
-0.0989659746163204,0.173716757857518,0.694202162050012,TRUE,FALSE,"consumption__early_2009__ancova","consumption_iv__consumption__early_2009__ancova"
-0.0982972855986425,0.171552164811686,0.695987757753265,TRUE,FALSE,"consumption__early_2009__ancova","consumption_iv__consumption__early_2009__ancova"
-0.0976285965809647,0.169376212664372,0.697796391363982,TRUE,FALSE,"consumption__early_2009__ancova","consumption_iv__consumption__early_2009__ancova"
-0.0969599075632869,0.167188961358521,0.699628483188463,TRUE,FALSE,"consumption__early_2009__ancova","consumption_iv__consumption__early_2009__ancova"
-0.096291218545609,0.164990478316077,0.7014844631105,TRUE,FALSE,"consumption__early_2009__ancova","consumption_iv__consumption__early_2009__ancova"
-0.0956225295279312,0.162780838824597,0.70336477084284,TRUE,FALSE,"consumption__early_2009__ancova","consumption_iv__consumption__early_2009__ancova"
-0.0949538405102533,0.160560126442923,0.70526985618542,TRUE,FALSE,"consumption__early_2009__ancova","consumption_iv__consumption__early_2009__ancova"
-0.0942851514925755,0.158328433426488,0.707200179290846,TRUE,FALSE,"consumption__early_2009__ancova","consumption_iv__consumption__early_2009__ancova"
-0.0936164624748977,0.156085861173362,0.70915621093723,TRUE,FALSE,"consumption__early_2009__ancova","consumption_iv__consumption__early_2009__ancova"
-0.0929477734572198,0.153832520691946,0.711138432808646,TRUE,FALSE,"consumption__early_2009__ancova","consumption_iv__consumption__early_2009__ancova"
-0.092279084439542,0.151568533091623,0.713147337783238,TRUE,FALSE,"consumption__early_2009__ancova","consumption_iv__consumption__early_2009__ancova"
-0.0916103954218641,0.149294030097382,0.715183430229256,TRUE,FALSE,"consumption__early_2009__ancova","consumption_iv__consumption__early_2009__ancova"
-0.0909417064041863,0.147009154589614,0.717247226309248,TRUE,FALSE,"consumption__early_2009__ancova","consumption_iv__consumption__early_2009__ancova"
-0.0902730173865084,0.144714061170428,0.719339254292516,TRUE,FALSE,"consumption__early_2009__ancova","consumption_iv__consumption__early_2009__ancova"
-0.0896043283688306,0.142408916757778,0.721460054876068,TRUE,FALSE,"consumption__early_2009__ancova","consumption_iv__consumption__early_2009__ancova"
-0.0889356393511528,0.14009390120891,0.723610181514201,TRUE,FALSE,"consumption__early_2009__ancova","consumption_iv__consumption__early_2009__ancova"
-0.0882669503334749,0.13776920797446,0.725790200757004,TRUE,FALSE,"consumption__early_2009__ancova","consumption_iv__consumption__early_2009__ancova"
-0.0875982613157971,0.135435044785014,0.728000692597779,TRUE,FALSE,"consumption__early_2009__ancova","consumption_iv__consumption__early_2009__ancova"
-0.0869295722981192,0.133091634371434,0.730242250829871,TRUE,FALSE,"consumption__early_2009__ancova","consumption_iv__consumption__early_2009__ancova"
-0.0862608832804414,0.130739215221213,0.732515483412613,TRUE,FALSE,"consumption__early_2009__ancova","consumption_iv__consumption__early_2009__ancova"
-0.0855921942627636,0.128378042372093,0.734821012847105,TRUE,FALSE,"consumption__early_2009__ancova","consumption_iv__consumption__early_2009__ancova"
-0.0849235052450857,0.126008388245439,0.737159476561494,TRUE,FALSE,"consumption__early_2009__ancova","consumption_iv__consumption__early_2009__ancova"
-0.0842548162274079,0.12363054352101,0.739531527306281,TRUE,FALSE,"consumption__early_2009__ancova","consumption_iv__consumption__early_2009__ancova"
-0.08358612720973,0.121244818055613,0.74193783355948,TRUE,FALSE,"consumption__early_2009__ancova","consumption_iv__consumption__early_2009__ancova"
-0.0829174381920522,0.118851541847511,0.744379079942171,TRUE,FALSE,"consumption__early_2009__ancova","consumption_iv__consumption__early_2009__ancova"
-0.0822487491743744,0.116451066049435,0.74685596764412,TRUE,FALSE,"consumption__early_2009__ancova","consumption_iv__consumption__early_2009__ancova"
-0.0815800601566965,0.114043764032438,0.74936921485986,TRUE,FALSE,"consumption__early_2009__ancova","consumption_iv__consumption__early_2009__ancova"
-0.0809113711390187,0.111630032503295,0.751919557235279,TRUE,FALSE,"consumption__early_2009__ancova","consumption_iv__consumption__early_2009__ancova"
-0.0802426821213408,0.109210292678289,0.754507748324784,TRUE,FALSE,"consumption__early_2009__ancova","consumption_iv__consumption__early_2009__ancova"
-0.079573993103663,0.106784991516429,0.757134560058986,TRUE,FALSE,"consumption__early_2009__ancova","consumption_iv__consumption__early_2009__ancova"
-0.0789053040859852,0.104354603015067,0.759800783223111,TRUE,FALSE,"consumption__early_2009__ancova","consumption_iv__consumption__early_2009__ancova"
-0.0782366150683073,0.101919629571303,0.762507227946032,TRUE,FALSE,"consumption__early_2009__ancova","consumption_iv__consumption__early_2009__ancova"
-0.0775679260506295,0.0994806034126507,0.765254724199927,TRUE,FALSE,"consumption__early_2009__ancova","consumption_iv__consumption__early_2009__ancova"
-0.0768992370329517,0.0970380881006418,0.768044122310451,TRUE,FALSE,"consumption__early_2009__ancova","consumption_iv__consumption__early_2009__ancova"
-0.0762305480152738,0.094592680111192,0.7708762934774,TRUE,FALSE,"consumption__early_2009__ancova","consumption_iv__consumption__early_2009__ancova"
-0.075561858997596,0.0921450104957329,0.7737521303058,TRUE,FALSE,"consumption__early_2009__ancova","consumption_iv__consumption__early_2009__ancova"
-0.0748931699799181,0.0896957466277812,0.776672547346814,TRUE,FALSE,"consumption__early_2009__ancova","consumption_iv__consumption__early_2009__ancova"
-0.0742244809622403,0.087245594038843,0.779638481648973,TRUE,FALSE,"consumption__early_2009__ancova","consumption_iv__consumption__early_2009__ancova"
-0.0735557919445624,0.084795298349159,0.782650893318578,TRUE,FALSE,"consumption__early_2009__ancova","consumption_iv__consumption__early_2009__ancova"
-0.0728871029268846,0.0823456472977079,0.785710766089675,TRUE,FALSE,"consumption__early_2009__ancova","consumption_iv__consumption__early_2009__ancova"
-0.0722184139092068,0.0798974728773018,0.788819107902553,TRUE,FALSE,"consumption__early_2009__ancova","consumption_iv__consumption__early_2009__ancova"
-0.0715497248915289,0.0774516535799973,0.791976951490725,TRUE,FALSE,"consumption__early_2009__ancova","consumption_iv__consumption__early_2009__ancova"
-0.0708810358738511,0.0750091167589867,0.795185354975516,TRUE,FALSE,"consumption__early_2009__ancova","consumption_iv__consumption__early_2009__ancova"
-0.0702123468561732,0.0725708411132051,0.79844540246755,TRUE,FALSE,"consumption__early_2009__ancova","consumption_iv__consumption__early_2009__ancova"
-0.0695436578384954,0.0701378593010623,0.801758204674588,TRUE,FALSE,"consumption__early_2009__ancova","consumption_iv__consumption__early_2009__ancova"
-0.0688749688208176,0.0677112606904188,0.805124899514561,TRUE,FALSE,"consumption__early_2009__ancova","consumption_iv__consumption__early_2009__ancova"
-0.0682062798031397,0.0652921942521311,0.808546652732769,TRUE,FALSE,"consumption__early_2009__ancova","consumption_iv__consumption__early_2009__ancova"
-0.0675375907854619,0.0628818716047411,0.812024658522225,TRUE,FALSE,"consumption__early_2009__ancova","consumption_iv__consumption__early_2009__ancova"
-0.066868901767784,0.0604815702186065,0.815560140145629,TRUE,FALSE,"consumption__early_2009__ancova","consumption_iv__consumption__early_2009__ancova"
-0.0662002127501062,0.0580926367878737,0.819154350557673,TRUE,FALSE,"consumption__early_2009__ancova","consumption_iv__consumption__early_2009__ancova"
-0.0655315237324284,0.055716490779584,0.82280857302564,TRUE,FALSE,"consumption__early_2009__ancova","consumption_iv__consumption__early_2009__ancova"
-0.0648628347147505,0.0533546281691338,0.826524121746819,TRUE,FALSE,"consumption__early_2009__ancova","consumption_iv__consumption__early_2009__ancova"
-0.0641941456970727,0.0510086253722933,0.830302342460365,TRUE,FALSE,"consumption__early_2009__ancova","consumption_iv__consumption__early_2009__ancova"
-0.0635254566793948,0.0486801433842869,0.834144613051317,TRUE,FALSE,"consumption__early_2009__ancova","consumption_iv__consumption__early_2009__ancova"
-0.062856767661717,0.0463709321370194,0.838052344144175,TRUE,FALSE,"consumption__early_2009__ancova","consumption_iv__consumption__early_2009__ancova"
-0.0621880786440391,0.0440828350861244,0.842026979683167,TRUE,FALSE,"consumption__early_2009__ancova","consumption_iv__consumption__early_2009__ancova"
-0.0615193896263613,0.0418177940401406,0.846069997495935,TRUE,FALSE,"consumption__early_2009__ancova","consumption_iv__consumption__early_2009__ancova"
-0.0608507006086835,0.0395778542447234,0.850182909837114,TRUE,FALSE,"consumption__early_2009__ancova","consumption_iv__consumption__early_2009__ancova"
-0.0601820115910056,0.0373651697353994,0.854367263907977,TRUE,FALSE,"consumption__early_2009__ancova","consumption_iv__consumption__early_2009__ancova"
-0.0595133225733278,0.0351820089732108,0.85862464234766,TRUE,FALSE,"consumption__early_2009__ancova","consumption_iv__consumption__early_2009__ancova"
-0.05884463355565,0.0330307607780606,0.862956663691475,TRUE,FALSE,"consumption__early_2009__ancova","consumption_iv__consumption__early_2009__ancova"
-0.0581759445379721,0.0309139405756071,0.867364982790775,TRUE,FALSE,"consumption__early_2009__ancova","consumption_iv__consumption__early_2009__ancova"
-0.0575072555202943,0.0288341969739846,0.871851291188953,TRUE,FALSE,"consumption__early_2009__ancova","consumption_iv__consumption__early_2009__ancova"
-0.0568385665026164,0.026794318687623,0.876417317447192,TRUE,FALSE,"consumption__early_2009__ancova","consumption_iv__consumption__early_2009__ancova"
-0.0561698774849386,0.0247972418262396,0.881064827412961,TRUE,FALSE,"consumption__early_2009__ancova","consumption_iv__consumption__early_2009__ancova"
-0.0555011884672608,0.0228460575677432,0.885795624423931,TRUE,FALSE,"consumption__early_2009__ancova","consumption_iv__consumption__early_2009__ancova"
-0.0548324994495829,0.0209440202347168,0.890611549439115,TRUE,FALSE,"consumption__early_2009__ancova","consumption_iv__consumption__early_2009__ancova"
-0.0541638104319051,0.0190945557950521,0.895514481088156,TRUE,FALSE,"consumption__early_2009__ancova","consumption_iv__consumption__early_2009__ancova"
-0.0534951214142272,0.0173012708080692,0.900506335629082,TRUE,FALSE,"consumption__early_2009__ancova","consumption_iv__consumption__early_2009__ancova"
-0.0528264323965494,0.0155679618383709,0.90558906680388,TRUE,FALSE,"consumption__early_2009__ancova","consumption_iv__consumption__early_2009__ancova"
-0.0521577433788716,0.013898625360453,0.910764665580557,TRUE,FALSE,"consumption__early_2009__ancova","consumption_iv__consumption__early_2009__ancova"
-0.0514890543611937,0.0122974681781786,0.916035159768693,TRUE,FALSE,"consumption__early_2009__ancova","consumption_iv__consumption__early_2009__ancova"
-0.0508203653435159,0.0107689183836634,0.9214026134956,TRUE,FALSE,"consumption__early_2009__ancova","consumption_iv__consumption__early_2009__ancova"
-0.050151676325838,0.00931763688139044,0.926869126527675,TRUE,FALSE,"consumption__early_2009__ancova","consumption_iv__consumption__early_2009__ancova"
-0.0494829873081602,0.00794852950373003,0.932436833421621,TRUE,FALSE,"consumption__early_2009__ancova","consumption_iv__consumption__early_2009__ancova"
-0.0488142982904824,0.00666675974508575,0.938107902487828,TRUE,FALSE,"consumption__early_2009__ancova","consumption_iv__consumption__early_2009__ancova"
-0.0481456092728045,0.00547776214224397,0.943884534547924,TRUE,FALSE,"consumption__early_2009__ancova","consumption_iv__consumption__early_2009__ancova"
-0.0474769202551267,0.00438725632931425,0.949768961466119,TRUE,FALSE,"consumption__early_2009__ancova","consumption_iv__consumption__early_2009__ancova"
-0.0468082312374488,0.00340126179593624,0.95576344443314,TRUE,FALSE,"consumption__early_2009__ancova","consumption_iv__consumption__early_2009__ancova"
-0.046139542219771,0.00252611337783927,0.961870271979535,TRUE,FALSE,"consumption__early_2009__ancova","consumption_iv__consumption__early_2009__ancova"
-0.0454708532020931,0.00176847750893619,0.968091757693782,TRUE,FALSE,"consumption__early_2009__ancova","consumption_iv__consumption__early_2009__ancova"
-0.0448021641844153,0.00113536926412126,0.974430237618867,TRUE,FALSE,"consumption__early_2009__ancova","consumption_iv__consumption__early_2009__ancova"
-0.0441334751667375,0.000634170221694239,0.980888067299005,TRUE,FALSE,"consumption__early_2009__ancova","consumption_iv__consumption__early_2009__ancova"
-0.0434647861490596,0.000272647173756114,0.987467618446513,TRUE,FALSE,"consumption__early_2009__ancova","consumption_iv__consumption__early_2009__ancova"
-0.0427960971313818,5.89717120565897e-05,0.994171275197101,TRUE,FALSE,"consumption__early_2009__ancova","consumption_iv__consumption__early_2009__ancova"
-0.0421274081137039,1.74071555128061e-06,0.998998570080323,TRUE,FALSE,"consumption__early_2009__ancova","consumption_iv__consumption__early_2009__ancova"
-0.0414587190960261,0.000109997764220554,0.992039521455163,TRUE,FALSE,"consumption__early_2009__ancova","consumption_iv__consumption__early_2009__ancova"
-0.0407900300783483,0.000393255501505636,0.984949184625186,TRUE,FALSE,"consumption__early_2009__ancova","consumption_iv__consumption__early_2009__ancova"
-0.0401213410606704,0.000861518964922967,0.977725172665263,TRUE,FALSE,"consumption__early_2009__ancova","consumption_iv__consumption__early_2009__ancova"
-0.0394526520429926,0.00152530990097337,0.970365112375238,TRUE,FALSE,"consumption__early_2009__ancova","consumption_iv__consumption__early_2009__ancova"
-0.0387839630253147,0.00239569207612068,0.962866651271111,TRUE,FALSE,"consumption__early_2009__ancova","consumption_iv__consumption__early_2009__ancova"
-0.0381152740076369,0.00348429759061071,0.955227465262815,TRUE,FALSE,"consumption__early_2009__ancova","consumption_iv__consumption__early_2009__ancova"
-0.0374465849899591,0.0048033541955122,0.947445267065932,TRUE,FALSE,"consumption__early_2009__ancova","consumption_iv__consumption__early_2009__ancova"
-0.0367778959722812,0.0063657136062131,0.939517815393544,TRUE,FALSE,"consumption__early_2009__ancova","consumption_iv__consumption__early_2009__ancova"
-0.0361092069546034,0.00818488079679873,0.931442924976679,TRUE,FALSE,"consumption__early_2009__ancova","consumption_iv__consumption__early_2009__ancova"
-0.0354405179369255,0.0102750442496406,0.923218477461576,TRUE,FALSE,"consumption__early_2009__ancova","consumption_iv__consumption__early_2009__ancova"
-0.0347718289192477,0.0126511071225421,0.914842433232523,TRUE,FALSE,"consumption__early_2009__ancova","consumption_iv__consumption__early_2009__ancova"
-0.0341031399015699,0.015328719282201,0.906312844207579,TRUE,FALSE,"consumption__early_2009__ancova","consumption_iv__consumption__early_2009__ancova"
-0.033434450883892,0.0183243101366294,0.897627867654099,TRUE,FALSE,"consumption__early_2009__ancova","consumption_iv__consumption__early_2009__ancova"
-0.0327657618662142,0.0216551221810001,0.888785781068286,TRUE,FALSE,"consumption__early_2009__ancova","consumption_iv__consumption__early_2009__ancova"
-0.0320970728485363,0.02533924515024,0.879784998160445,TRUE,FALSE,"consumption__early_2009__ancova","consumption_iv__consumption__early_2009__ancova"
-0.0314283838308585,0.0293956506479481,0.870624085982895,TRUE,FALSE,"consumption__early_2009__ancova","consumption_iv__consumption__early_2009__ancova"
-0.0307596948131807,0.0338442270936987,0.861301783232809,TRUE,FALSE,"consumption__early_2009__ancova","consumption_iv__consumption__early_2009__ancova"
-0.0300910057955028,0.0387058148000657,0.851817019754984,TRUE,FALSE,"consumption__early_2009__ancova","consumption_iv__consumption__early_2009__ancova"
-0.029422316777825,0.0440022409555601,0.842168937261662,TRUE,FALSE,"consumption__early_2009__ancova","consumption_iv__consumption__early_2009__ancova"
-0.0287536277601471,0.0497563542505434,0.832356911275917,TRUE,FALSE,"consumption__early_2009__ancova","consumption_iv__consumption__early_2009__ancova"
-0.0280849387424693,0.0559920588390336,0.822380574293141,TRUE,FALSE,"consumption__early_2009__ancova","consumption_iv__consumption__early_2009__ancova"
-0.0274162497247915,0.0627343472797253,0.812239840141268,TRUE,FALSE,"consumption__early_2009__ancova","consumption_iv__consumption__early_2009__ancova"
-0.0267475607071136,0.0700093320449771,0.801934929503076,TRUE,FALSE,"consumption__early_2009__ancova","consumption_iv__consumption__early_2009__ancova"
-0.0260788716894358,0.0778442751252111,0.791466396545261,TRUE,FALSE,"consumption__early_2009__ancova","consumption_iv__consumption__early_2009__ancova"
-0.0254101826717579,0.08626761518912,0.780835156576566,TRUE,FALSE,"consumption__early_2009__ancova","consumption_iv__consumption__early_2009__ancova"
-0.0247414936540801,0.0953089916855577,0.770042514633045,TRUE,FALSE,"consumption__early_2009__ancova","consumption_iv__consumption__early_2009__ancova"
-0.0240728046364023,0.104999265192432,0.759090194859985,TRUE,FALSE,"consumption__early_2009__ancova","consumption_iv__consumption__early_2009__ancova"
-0.0234041156187244,0.115370533228764,0.747980370530248,TRUE,FALSE,"consumption__early_2009__ancova","consumption_iv__consumption__early_2009__ancova"
-0.0227354266010466,0.126456140651057,0.736715694504094,TRUE,FALSE,"consumption__early_2009__ancova","consumption_iv__consumption__early_2009__ancova"
-0.0220667375833687,0.138290683651542,0.725299329899526,TRUE,FALSE,"consumption__early_2009__ancova","consumption_iv__consumption__early_2009__ancova"
-0.0213980485656909,0.150910006265747,0.713734980702724,TRUE,FALSE,"consumption__early_2009__ancova","consumption_iv__consumption__early_2009__ancova"
-0.0207293595480131,0.164351188180056,0.702026922006324,TRUE,FALSE,"consumption__early_2009__ancova","consumption_iv__consumption__early_2009__ancova"
-0.0200606705303352,0.178652522506849,0.690180029519936,TRUE,FALSE,"consumption__early_2009__ancova","consumption_iv__consumption__early_2009__ancova"
-0.0193919815126574,0.193853482067954,0.678199807951692,TRUE,FALSE,"consumption__early_2009__ancova","consumption_iv__consumption__early_2009__ancova"
-0.0187232924949795,0.209994672594084,0.666092417815949,TRUE,FALSE,"consumption__early_2009__ancova","consumption_iv__consumption__early_2009__ancova"
-0.0180546034773017,0.227117771118245,0.653864700175111,TRUE,FALSE,"consumption__early_2009__ancova","consumption_iv__consumption__early_2009__ancova"
-0.0173859144596239,0.245265447707503,0.641524198782509,TRUE,FALSE,"consumption__early_2009__ancova","consumption_iv__consumption__early_2009__ancova"
-0.016717225441946,0.264481268551417,0.629079179052646,TRUE,FALSE,"consumption__early_2009__ancova","consumption_iv__consumption__early_2009__ancova"
-0.0160485364242682,0.28480957830797,0.616538643249652,TRUE,FALSE,"consumption__early_2009__ancova","consumption_iv__consumption__early_2009__ancova"
-0.0153798474065903,0.30629535950166,0.603912341257306,TRUE,FALSE,"consumption__early_2009__ancova","consumption_iv__consumption__early_2009__ancova"
-0.0147111583889125,0.328984066683304,0.59121077627409,TRUE,FALSE,"consumption__early_2009__ancova","consumption_iv__consumption__early_2009__ancova"
-0.0140424693712346,0.352921433001827,0.578445204767966,TRUE,FALSE,"consumption__early_2009__ancova","consumption_iv__consumption__early_2009__ancova"
-0.0133737803535568,0.378153246812176,0.565627630030773,TRUE,FALSE,"consumption__early_2009__ancova","consumption_iv__consumption__early_2009__ancova"
-0.012705091335879,0.40472509596289,0.552770788691514,TRUE,FALSE,"consumption__early_2009__ancova","consumption_iv__consumption__early_2009__ancova"
-0.0120364023182011,0.4326820774769,0.539888129586698,TRUE,FALSE,"consumption__early_2009__ancova","consumption_iv__consumption__early_2009__ancova"
-0.0113677133005233,0.462068470477508,0.526993784442777,TRUE,FALSE,"consumption__early_2009__ancova","consumption_iv__consumption__early_2009__ancova"
-0.0106990242828454,0.492927370423897,0.514102529905777,TRUE,FALSE,"consumption__early_2009__ancova","consumption_iv__consumption__early_2009__ancova"
-0.0100303352651676,0.525300283027021,0.501229740554283,TRUE,FALSE,"consumption__early_2009__ancova","consumption_iv__consumption__early_2009__ancova"
-0.00936164624748977,0.559226676624057,0.488391332657769,TRUE,FALSE,"consumption__early_2009__ancova","consumption_iv__consumption__early_2009__ancova"
-0.00869295722981192,0.594743492316338,0.475603698590303,TRUE,FALSE,"consumption__early_2009__ancova","consumption_iv__consumption__early_2009__ancova"
-0.00802426821213409,0.63188461183029,0.462883631980544,TRUE,FALSE,"consumption__early_2009__ancova","consumption_iv__consumption__early_2009__ancova"
-0.00735557919445623,0.670680283860927,0.450248243868166,TRUE,FALSE,"consumption__early_2009__ancova","consumption_iv__consumption__early_2009__ancova"
-0.0066868901767784,0.71115651060495,0.437714870343725,TRUE,FALSE,"consumption__early_2009__ancova","consumption_iv__consumption__early_2009__ancova"
-0.00601820115910057,0.753334397291308,0.425300972368403,TRUE,FALSE,"consumption__early_2009__ancova","consumption_iv__consumption__early_2009__ancova"
-0.00534951214142271,0.797229468783723,0.413024028692586,TRUE,FALSE,"consumption__early_2009__ancova","consumption_iv__consumption__early_2009__ancova"
-0.00468082312374488,0.842850958736183,0.400901423017725,TRUE,FALSE,"consumption__early_2009__ancova","consumption_iv__consumption__early_2009__ancova"
-0.00401213410606704,0.890201078335607,0.388950326759987,TRUE,FALSE,"consumption__early_2009__ancova","consumption_iv__consumption__early_2009__ancova"
-0.00334344508838921,0.939274273330223,0.377187578972642,TRUE,FALSE,"consumption__early_2009__ancova","consumption_iv__consumption__early_2009__ancova"
-0.00267475607071135,0.99005647979278,0.36562956515581,TRUE,FALSE,"consumption__early_2009__ancova","consumption_iv__consumption__early_2009__ancova"
-0.00200606705303352,1.04252439085367,0.354292096820059,TRUE,FALSE,"consumption__early_2009__ancova","consumption_iv__consumption__early_2009__ancova"
-0.00133737803535569,1.09664474841039,0.343190293764466,TRUE,FALSE,"consumption__early_2009__ancova","consumption_iv__consumption__early_2009__ancova"
-0.000668689017677832,1.15237367550044,0.332338471074796,TRUE,FALSE,"consumption__early_2009__ancova","consumption_iv__consumption__early_2009__ancova"
0,1.20965606654379,0.321750032835511,TRUE,FALSE,"consumption__early_2009__ancova","consumption_iv__consumption__early_2009__ancova"
0.000668689017677832,1.26842505390536,0.31143737448143,TRUE,FALSE,"consumption__early_2009__ancova","consumption_iv__consumption__early_2009__ancova"
0.00133737803535569,1.32860157013386,0.301411795582667,TRUE,FALSE,"consumption__early_2009__ancova","consumption_iv__consumption__early_2009__ancova"
0.00200606705303352,1.39009402565842,0.291683424669667,TRUE,FALSE,"consumption__early_2009__ancova","consumption_iv__consumption__early_2009__ancova"
0.00267475607071135,1.45279812159392,0.282261157462559,TRUE,FALSE,"consumption__early_2009__ancova","consumption_iv__consumption__early_2009__ancova"
0.00334344508838921,1.516596816522,0.273152609579134,TRUE,FALSE,"consumption__early_2009__ancova","consumption_iv__consumption__early_2009__ancova"
0.00401213410606704,1.58136046458466,0.264364084470183,TRUE,FALSE,"consumption__early_2009__ancova","consumption_iv__consumption__early_2009__ancova"
0.00468082312374488,1.6469471399169,0.255900556978044,TRUE,FALSE,"consumption__early_2009__ancova","consumption_iv__consumption__early_2009__ancova"
0.00534951214142274,1.71320315931123,0.247765672550053,TRUE,FALSE,"consumption__early_2009__ancova","consumption_iv__consumption__early_2009__ancova"
0.00601820115910057,1.7799638110704,0.239961761775665,TRUE,FALSE,"consumption__early_2009__ancova","consumption_iv__consumption__early_2009__ancova"
0.0066868901767784,1.84705429333742,0.232489869566779,TRUE,FALSE,"consumption__early_2009__ancova","consumption_iv__consumption__early_2009__ancova"
0.00735557919445626,1.91429085986241,0.22534979798281,TRUE,FALSE,"consumption__early_2009__ancova","consumption_iv__consumption__early_2009__ancova"
0.00802426821213409,1.98148216537293,0.218540161421127,TRUE,FALSE,"consumption__early_2009__ancova","consumption_iv__consumption__early_2009__ancova"
0.00869295722981192,2.04843079663264,0.212058452662558,TRUE,FALSE,"consumption__early_2009__ancova","consumption_iv__consumption__early_2009__ancova"
0.00936164624748978,2.11493496913113,0.205901118088278,TRUE,FALSE,"consumption__early_2009__ancova","consumption_iv__consumption__early_2009__ancova"
0.0100303352651676,2.18079036345333,0.200063640268036,TRUE,FALSE,"consumption__early_2009__ancova","consumption_iv__consumption__early_2009__ancova"
0.0106990242828454,2.24579206996332,0.194540626066635,TRUE,FALSE,"consumption__early_2009__ancova","consumption_iv__consumption__early_2009__ancova"
0.0113677133005233,2.30973660581699,0.189325898420022,TRUE,FALSE,"consumption__early_2009__ancova","consumption_iv__consumption__early_2009__ancova"
0.0120364023182011,2.37242396473925,0.1844125899911,TRUE,FALSE,"consumption__early_2009__ancova","consumption_iv__consumption__early_2009__ancova"
0.012705091335879,2.43365965766938,0.179793237022598,TRUE,FALSE,"consumption__early_2009__ancova","consumption_iv__consumption__early_2009__ancova"
0.0133737803535568,2.49325670146823,0.17545987185063,TRUE,FALSE,"consumption__early_2009__ancova","consumption_iv__consumption__early_2009__ancova"
0.0140424693712347,2.55103751348425,0.171404112718743,TRUE,FALSE,"consumption__early_2009__ancova","consumption_iv__consumption__early_2009__ancova"
0.0147111583889125,2.6068356718793,0.167617249730532,TRUE,FALSE,"consumption__early_2009__ancova","consumption_iv__consumption__early_2009__ancova"
0.0153798474065903,2.66049750518119,0.164090325987347,TRUE,FALSE,"consumption__early_2009__ancova","consumption_iv__consumption__early_2009__ancova"
0.0160485364242682,2.71188347938033,0.160814213169439,TRUE,FALSE,"consumption__early_2009__ancova","consumption_iv__consumption__early_2009__ancova"
0.016717225441946,2.76086935681664,0.157779681025403,TRUE,FALSE,"consumption__early_2009__ancova","consumption_iv__consumption__early_2009__ancova"
0.0173859144596238,2.80734710783056,0.154977460429565,TRUE,FALSE,"consumption__early_2009__ancova","consumption_iv__consumption__early_2009__ancova"
0.0180546034773017,2.85122556336609,0.152398299845055,TRUE,FALSE,"consumption__early_2009__ancova","consumption_iv__consumption__early_2009__ancova"
0.0187232924949795,2.8924308040812,0.150033015188357,TRUE,FALSE,"consumption__early_2009__ancova","consumption_iv__consumption__early_2009__ancova"
0.0193919815126574,2.93090628873682,0.1478725332257,TRUE,FALSE,"consumption__early_2009__ancova","consumption_iv__consumption__early_2009__ancova"
0.0200606705303352,2.96661273137494,0.1459079287436,TRUE,FALSE,"consumption__early_2009__ancova","consumption_iv__consumption__early_2009__ancova"
0.0207293595480131,2.99952774283248,0.144130455823425,TRUE,FALSE,"consumption__early_2009__ancova","consumption_iv__consumption__early_2009__ancova"
0.0213980485656909,3.02964525724571,0.142531573615697,TRUE,FALSE,"consumption__early_2009__ancova","consumption_iv__consumption__early_2009__ancova"
0.0220667375833687,3.05697476825991,0.141102967054382,TRUE,FALSE,"consumption__early_2009__ancova","consumption_iv__consumption__early_2009__ancova"
0.0227354266010466,3.08154040258452,0.139836562977773,TRUE,FALSE,"consumption__early_2009__ancova","consumption_iv__consumption__early_2009__ancova"
0.0234041156187244,3.10337986032224,0.13872454213265,TRUE,FALSE,"consumption__early_2009__ancova","consumption_iv__consumption__early_2009__ancova"
0.0240728046364023,3.12254325218348,0.13775934753552,TRUE,FALSE,"consumption__early_2009__ancova","consumption_iv__consumption__early_2009__ancova"
0.0247414936540801,3.1390918633877,0.136933689650408,TRUE,FALSE,"consumption__early_2009__ancova","consumption_iv__consumption__early_2009__ancova"
0.0254101826717579,3.15309687285303,0.136240548820686,TRUE,FALSE,"consumption__early_2009__ancova","consumption_iv__consumption__early_2009__ancova"
0.0260788716894358,3.16463805436004,0.1356731753638,TRUE,FALSE,"consumption__early_2009__ancova","consumption_iv__consumption__early_2009__ancova"
0.0267475607071136,3.17380248388871,0.135225087705563,TRUE,FALSE,"consumption__early_2009__ancova","consumption_iv__consumption__early_2009__ancova"
0.0274162497247915,3.18068327444912,0.134890068895876,TRUE,FALSE,"consumption__early_2009__ancova","consumption_iv__consumption__early_2009__ancova"
0.0280849387424693,3.18537835660569,0.134662161812268,TRUE,FALSE,"consumption__early_2009__ancova","consumption_iv__consumption__early_2009__ancova"
0.0287536277601471,3.18798931968427,0.134535663322163,TRUE,FALSE,"consumption__early_2009__ancova","consumption_iv__consumption__early_2009__ancova"
0.029422316777825,3.1886203254629,0.134505117640945,TRUE,FALSE,"consumption__early_2009__ancova","consumption_iv__consumption__early_2009__ancova"
0.0300910057955028,3.18737710309708,0.134565309090601,TRUE,FALSE,"consumption__early_2009__ancova","consumption_iv__consumption__early_2009__ancova"
0.0307596948131807,3.18436603119789,0.134711254433523,TRUE,FALSE,"consumption__early_2009__ancova","consumption_iv__consumption__early_2009__ancova"
0.0314283838308585,3.17969331040305,0.134938194929264,TRUE,FALSE,"consumption__early_2009__ancova","consumption_iv__consumption__early_2009__ancova"
0.0320970728485363,3.17346422753482,0.135241588236782,TRUE,FALSE,"consumption__early_2009__ancova","consumption_iv__consumption__early_2009__ancova"
0.0327657618662142,3.16578251049333,0.135617100263363,TRUE,FALSE,"consumption__early_2009__ancova","consumption_iv__consumption__early_2009__ancova"
0.033434450883892,3.15674977143588,0.136060597041873,TRUE,FALSE,"consumption__early_2009__ancova","consumption_iv__consumption__early_2009__ancova"
0.0341031399015699,3.14646503450348,0.136568136701444,TRUE,FALSE,"consumption__early_2009__ancova","consumption_iv__consumption__early_2009__ancova"
0.0347718289192477,3.13502434336771,0.137135961582451,TRUE,FALSE,"consumption__early_2009__ancova","consumption_iv__consumption__early_2009__ancova"
0.0354405179369255,3.12252044315721,0.137760490534478,TRUE,FALSE,"consumption__early_2009__ancova","consumption_iv__consumption__early_2009__ancova"
0.0361092069546034,3.10904253085294,0.138438311425743,TRUE,FALSE,"consumption__early_2009__ancova","consumption_iv__consumption__early_2009__ancova"
0.0367778959722812,3.09467606797814,0.139166173884149,TRUE,FALSE,"consumption__early_2009__ancova","consumption_iv__consumption__early_2009__ancova"
0.0374465849899591,3.07950264932678,0.139940982283177,TRUE,FALSE,"consumption__early_2009__ancova","consumption_iv__consumption__early_2009__ancova"
0.0381152740076369,3.06359992153791,0.140759788980229,TRUE,FALSE,"consumption__early_2009__ancova","consumption_iv__consumption__early_2009__ancova"
0.0387839630253148,3.04704154550227,0.141619787810648,TRUE,FALSE,"consumption__early_2009__ancova","consumption_iv__consumption__early_2009__ancova"
0.0394526520429926,3.02989719685698,0.142518307837134,TRUE,FALSE,"consumption__early_2009__ancova","consumption_iv__consumption__early_2009__ancova"
0.0401213410606704,3.01223259915933,0.143452807351584,TRUE,FALSE,"consumption__early_2009__ancova","consumption_iv__consumption__early_2009__ancova"
0.0407900300783483,2.99410958470838,0.14442086812446,TRUE,FALSE,"consumption__early_2009__ancova","consumption_iv__consumption__early_2009__ancova"
0.0414587190960261,2.97558617839276,0.145420189895139,TRUE,FALSE,"consumption__early_2009__ancova","consumption_iv__consumption__early_2009__ancova"
0.0421274081137039,2.95671670035595,0.146448585096012,TRUE,FALSE,"consumption__early_2009__ancova","consumption_iv__consumption__early_2009__ancova"
0.0427960971313818,2.93755188369514,0.147503973802071,TRUE,FALSE,"consumption__early_2009__ancova","consumption_iv__consumption__early_2009__ancova"
0.0434647861490596,2.91813900381525,0.148584378897617,TRUE,FALSE,"consumption__early_2009__ancova","consumption_iv__consumption__early_2009__ancova"
0.0441334751667375,2.89852201645578,0.149687921451426,TRUE,FALSE,"consumption__early_2009__ancova","consumption_iv__consumption__early_2009__ancova"
0.0448021641844153,2.87874170177925,0.150812816291801,TRUE,FALSE,"consumption__early_2009__ancova","consumption_iv__consumption__early_2009__ancova"
0.0454708532020932,2.85883581226104,0.151957367772903,TRUE,FALSE,"consumption__early_2009__ancova","consumption_iv__consumption__early_2009__ancova"
0.046139542219771,2.83883922243754,0.153119965724214,TRUE,FALSE,"consumption__early_2009__ancova","consumption_iv__consumption__early_2009__ancova"
0.0468082312374488,2.81878407886781,0.154299081574997,TRUE,FALSE,"consumption__early_2009__ancova","consumption_iv__consumption__early_2009__ancova"
0.0474769202551267,2.79869994892611,0.155493264646128,TRUE,FALSE,"consumption__early_2009__ancova","consumption_iv__consumption__early_2009__ancova"
0.0481456092728045,2.77861396728362,0.156701138601898,TRUE,FALSE,"consumption__early_2009__ancova","consumption_iv__consumption__early_2009__ancova"
0.0488142982904823,2.75855097914897,0.15792139805474,TRUE,FALSE,"consumption__early_2009__ancova","consumption_iv__consumption__early_2009__ancova"
0.0494829873081602,2.7385336795239,0.159152805316248,TRUE,FALSE,"consumption__early_2009__ancova","consumption_iv__consumption__early_2009__ancova"
0.050151676325838,2.71858274789636,0.160394187288056,TRUE,FALSE,"consumption__early_2009__ancova","consumption_iv__consumption__early_2009__ancova"
0.0508203653435159,2.69871697793323,0.161644432486633,TRUE,FALSE,"consumption__early_2009__ancova","consumption_iv__consumption__early_2009__ancova"
0.0514890543611937,2.67895340186088,0.162902488196167,TRUE,FALSE,"consumption__early_2009__ancova","consumption_iv__consumption__early_2009__ancova"
0.0521577433788716,2.65930740932315,0.164167357744232,TRUE,FALSE,"consumption__early_2009__ancova","consumption_iv__consumption__early_2009__ancova"
0.0528264323965494,2.63979286059969,0.165438097894925,TRUE,FALSE,"consumption__early_2009__ancova","consumption_iv__consumption__early_2009__ancova"
0.0534951214142272,2.62042219413771,0.166713816354716,TRUE,FALSE,"consumption__early_2009__ancova","consumption_iv__consumption__early_2009__ancova"
0.0541638104319051,2.60120652841686,0.167993669386179,TRUE,FALSE,"consumption__early_2009__ancova","consumption_iv__consumption__early_2009__ancova"
0.0548324994495829,2.58215575821282,0.169276859525353,TRUE,FALSE,"consumption__early_2009__ancova","consumption_iv__consumption__early_2009__ancova"
0.0555011884672608,2.56327864537187,0.170562633398271,TRUE,FALSE,"consumption__early_2009__ancova","consumption_iv__consumption__early_2009__ancova"
0.0561698774849386,2.54458290423632,0.171850279632767,TRUE,FALSE,"consumption__early_2009__ancova","consumption_iv__consumption__early_2009__ancova"
0.0568385665026164,2.52607528188923,0.173139126861612,TRUE,FALSE,"consumption__early_2009__ancova","consumption_iv__consumption__early_2009__ancova"
0.0575072555202943,2.50776163340452,0.174428541813277,TRUE,FALSE,"consumption__early_2009__ancova","consumption_iv__consumption__early_2009__ancova"
0.0581759445379721,2.48964699230306,0.175717927486771,TRUE,FALSE,"consumption__early_2009__ancova","consumption_iv__consumption__early_2009__ancova"
0.05884463355565,2.47173563642381,0.177006721407129,TRUE,FALSE,"consumption__early_2009__ancova","consumption_iv__consumption__early_2009__ancova"
0.0595133225733278,2.45403114942459,0.178294393958326,TRUE,FALSE,"consumption__early_2009__ancova","consumption_iv__consumption__early_2009__ancova"
0.0601820115910056,2.43653647813119,0.179580446790333,TRUE,FALSE,"consumption__early_2009__ancova","consumption_iv__consumption__early_2009__ancova"
0.0608507006086835,2.41925398594911,0.180864411297501,TRUE,FALSE,"consumption__early_2009__ancova","consumption_iv__consumption__early_2009__ancova"
0.0615193896263613,2.40218550255525,0.182145847165129,TRUE,FALSE,"consumption__early_2009__ancova","consumption_iv__consumption__early_2009__ancova"
0.0621880786440392,2.38533237007783,0.183424340981583,TRUE,FALSE,"consumption__early_2009__ancova","consumption_iv__consumption__early_2009__ancova"
0.062856767661717,2.36869548597079,0.184699504913189,TRUE,FALSE,"consumption__early_2009__ancova","consumption_iv__consumption__early_2009__ancova"
0.0635254566793948,2.35227534278067,0.185970975439314,TRUE,FALSE,"consumption__early_2009__ancova","consumption_iv__consumption__early_2009__ancova"
0.0641941456970727,2.33607206499823,0.18723841214511,TRUE,FALSE,"consumption__early_2009__ancova","consumption_iv__consumption__early_2009__ancova"
0.0648628347147505,2.32008544317739,0.188501496569559,TRUE,FALSE,"consumption__early_2009__ancova","consumption_iv__consumption__early_2009__ancova"
0.0655315237324283,2.30431496549815,0.189759931106454,TRUE,FALSE,"consumption__early_2009__ancova","consumption_iv__consumption__early_2009__ancova"
0.0662002127501062,2.28875984694055,0.191013437956063,TRUE,FALSE,"consumption__early_2009__ancova","consumption_iv__consumption__early_2009__ancova"
0.066868901767784,2.2734190562282,0.192261758125395,TRUE,FALSE,"consumption__early_2009__ancova","consumption_iv__consumption__early_2009__ancova"
0.0675375907854619,2.2582913406929,0.193504650474894,TRUE,FALSE,"consumption__early_2009__ancova","consumption_iv__consumption__early_2009__ancova"
0.0682062798031397,2.243375249202,0.194741890809641,TRUE,FALSE,"consumption__early_2009__ancova","consumption_iv__consumption__early_2009__ancova"
0.0688749688208176,2.22866915328331,0.195973271013091,TRUE,FALSE,"consumption__early_2009__ancova","consumption_iv__consumption__early_2009__ancova"
0.0695436578384954,2.21417126657353,0.197198598221526,TRUE,FALSE,"consumption__early_2009__ancova","consumption_iv__consumption__early_2009__ancova"
0.0702123468561733,2.19987966270932,0.198417694037443,TRUE,FALSE,"consumption__early_2009__ancova","consumption_iv__consumption__early_2009__ancova"
0.0708810358738511,2.18579229177264,0.199630393780127,TRUE,FALSE,"consumption__early_2009__ancova","consumption_iv__consumption__early_2009__ancova"
0.0715497248915289,2.17190699539437,0.200836545771815,TRUE,FALSE,"consumption__early_2009__ancova","consumption_iv__consumption__early_2009__ancova"
0.0722184139092068,2.1582215206141,0.202036010657859,TRUE,FALSE,"consumption__early_2009__ancova","consumption_iv__consumption__early_2009__ancova"
0.0728871029268846,2.14473353258786,0.203228660759332,TRUE,FALSE,"consumption__early_2009__ancova","consumption_iv__consumption__early_2009__ancova"
0.0735557919445624,2.13144062622831,0.204414379456674,TRUE,FALSE,"consumption__early_2009__ancova","consumption_iv__consumption__early_2009__ancova"
0.0742244809622403,2.11834033685769,0.205593060602943,TRUE,FALSE,"consumption__early_2009__ancova","consumption_iv__consumption__early_2009__ancova"
0.0748931699799181,2.10543014994688,0.206764607965354,TRUE,FALSE,"consumption__early_2009__ancova","consumption_iv__consumption__early_2009__ancova"
0.075561858997596,2.09270751001037,0.207928934693792,TRUE,FALSE,"consumption__early_2009__ancova","consumption_iv__consumption__early_2009__ancova"
0.0762305480152738,2.08016982872065,0.209085962815093,TRUE,FALSE,"consumption__early_2009__ancova","consumption_iv__consumption__early_2009__ancova"
0.0768992370329517,2.06781449230209,0.210235622751902,TRUE,FALSE,"consumption__early_2009__ancova","consumption_iv__consumption__early_2009__ancova"
0.0775679260506295,2.0556388682595,0.21137785286497,TRUE,FALSE,"consumption__early_2009__ancova","consumption_iv__consumption__early_2009__ancova"
0.0782366150683073,2.04364031149318,0.212512599017805,TRUE,FALSE,"consumption__early_2009__ancova","consumption_iv__consumption__early_2009__ancova"
0.0789053040859852,2.03181616984786,0.21363981416265,TRUE,FALSE,"consumption__early_2009__ancova","consumption_iv__consumption__early_2009__ancova"
0.079573993103663,2.02016378913965,0.214759457946823,TRUE,FALSE,"consumption__early_2009__ancova","consumption_iv__consumption__early_2009__ancova"
0.0802426821213408,2.0086805177033,0.215871496338349,TRUE,FALSE,"consumption__early_2009__ancova","consumption_iv__consumption__early_2009__ancova"
0.0809113711390187,1.99736371049564,0.216975901270178,TRUE,FALSE,"consumption__early_2009__ancova","consumption_iv__consumption__early_2009__ancova"
0.0815800601566965,1.98621073279297,0.218072650301891,TRUE,FALSE,"consumption__early_2009__ancova","consumption_iv__consumption__early_2009__ancova"
0.0822487491743744,1.97521896351255,0.219161726298282,TRUE,FALSE,"consumption__early_2009__ancova","consumption_iv__consumption__early_2009__ancova"
0.0829174381920522,1.96438579819035,0.220243117123848,TRUE,FALSE,"consumption__early_2009__ancova","consumption_iv__consumption__early_2009__ancova"
0.08358612720973,1.95370865164197,0.221316815352518,TRUE,FALSE,"consumption__early_2009__ancova","consumption_iv__consumption__early_2009__ancova"
0.0842548162274079,1.94318496033271,0.22238281799189,TRUE,FALSE,"consumption__early_2009__ancova","consumption_iv__consumption__early_2009__ancova"
0.0849235052450857,1.93281218448053,0.223441126221286,TRUE,FALSE,"consumption__early_2009__ancova","consumption_iv__consumption__early_2009__ancova"
0.0855921942627636,1.92258780991482,0.224491745142895,TRUE,FALSE,"consumption__early_2009__ancova","consumption_iv__consumption__early_2009__ancova"
0.0862608832804414,1.91250934970954,0.225534683545541,TRUE,FALSE,"consumption__early_2009__ancova","consumption_iv__consumption__early_2009__ancova"
0.0869295722981193,1.90257434561218,0.226569953680223,TRUE,FALSE,"consumption__early_2009__ancova","consumption_iv__consumption__early_2009__ancova"
0.0875982613157971,1.89278036928295,0.227597571047144,TRUE,FALSE,"consumption__early_2009__ancova","consumption_iv__consumption__early_2009__ancova"
0.0882669503334749,1.88312502336274,0.228617554193444,TRUE,FALSE,"consumption__early_2009__ancova","consumption_iv__consumption__early_2009__ancova"
0.0889356393511528,1.87360594238333,0.229629924521225,TRUE,FALSE,"consumption__early_2009__ancova","consumption_iv__consumption__early_2009__ancova"
0.0896043283688306,1.86422079353346,0.230634706105402,TRUE,FALSE,"consumption__early_2009__ancova","consumption_iv__consumption__early_2009__ancova"
0.0902730173865084,1.85496727729423,0.231631925520803,TRUE,FALSE,"consumption__early_2009__ancova","consumption_iv__consumption__early_2009__ancova"
0.0909417064041863,1.84584312795474,0.232621611678133,TRUE,FALSE,"consumption__early_2009__ancova","consumption_iv__consumption__early_2009__ancova"
0.0916103954218641,1.83684611401858,0.233603795668398,TRUE,FALSE,"consumption__early_2009__ancova","consumption_iv__consumption__early_2009__ancova"
0.092279084439542,1.82797403851144,0.234578510615316,TRUE,FALSE,"consumption__early_2009__ancova","consumption_iv__consumption__early_2009__ancova"
0.0929477734572198,1.81922473919894,0.23554579153534,TRUE,FALSE,"consumption__early_2009__ancova","consumption_iv__consumption__early_2009__ancova"
0.0936164624748977,1.81059608872252,0.236505675204965,TRUE,FALSE,"consumption__early_2009__ancova","consumption_iv__consumption__early_2009__ancova"
0.0942851514925755,1.80208599466177,0.237458200034898,TRUE,FALSE,"consumption__early_2009__ancova","consumption_iv__consumption__early_2009__ancova"
0.0949538405102534,1.79369239952948,0.23840340595083,TRUE,FALSE,"consumption__early_2009__ancova","consumption_iv__consumption__early_2009__ancova"
0.0956225295279312,1.78541328070701,0.239341334280386,TRUE,FALSE,"consumption__early_2009__ancova","consumption_iv__consumption__early_2009__ancova"
0.096291218545609,1.77724665032478,0.240272027646061,TRUE,FALSE,"consumption__early_2009__ancova","consumption_iv__consumption__early_2009__ancova"
0.0969599075632869,1.76919055509406,0.241195529863792,TRUE,FALSE,"consumption__early_2009__ancova","consumption_iv__consumption__early_2009__ancova"
0.0976285965809647,1.76124307609536,0.242111885846847,TRUE,FALSE,"consumption__early_2009__ancova","consumption_iv__consumption__early_2009__ancova"
0.0982972855986425,1.7534023285272,0.243021141514875,TRUE,FALSE,"consumption__early_2009__ancova","consumption_iv__consumption__early_2009__ancova"
0.0989659746163204,1.74566646142042,0.243923343707755,TRUE,FALSE,"consumption__early_2009__ancova","consumption_iv__consumption__early_2009__ancova"
0.0996346636339982,1.73803365732145,0.244818540104078,TRUE,FALSE,"consumption__early_2009__ancova","consumption_iv__consumption__early_2009__ancova"
0.100303352651676,1.730502131948,0.245706779144019,TRUE,FALSE,"consumption__early_2009__ancova","consumption_iv__consumption__early_2009__ancova"
0.100972041669354,1.7230701338211,0.246588109956342,TRUE,FALSE,"consumption__early_2009__ancova","consumption_iv__consumption__early_2009__ancova"
0.101640730687032,1.71573594387574,0.247462582289393,TRUE,FALSE,"consumption__early_2009__ancova","consumption_iv__consumption__early_2009__ancova"
0.10230941970471,1.7084978750533,0.248330246445857,TRUE,FALSE,"consumption__early_2009__ancova","consumption_iv__consumption__early_2009__ancova"
0.102978108722387,1.70135427187854,0.249191153221035,TRUE,FALSE,"consumption__early_2009__ancova","consumption_iv__consumption__early_2009__ancova"
0.103646797740065,1.69430351002252,0.250045353844613,TRUE,FALSE,"consumption__early_2009__ancova","consumption_iv__consumption__early_2009__ancova"
0.104315486757743,1.68734399585456,0.250892899925583,TRUE,FALSE,"consumption__early_2009__ancova","consumption_iv__consumption__early_2009__ancova"
0.104984175775421,1.68047416598483,0.25173384340025,TRUE,FALSE,"consumption__early_2009__ancova","consumption_iv__consumption__early_2009__ancova"
0.105652864793099,1.67369248679877,0.252568236483192,TRUE,FALSE,"consumption__early_2009__ancova","consumption_iv__consumption__early_2009__ancova"
0.106321553810777,1.66699745398599,0.253396131620931,TRUE,FALSE,"consumption__early_2009__ancova","consumption_iv__consumption__early_2009__ancova"
0.106990242828454,1.66038759206412,0.254217581448273,TRUE,FALSE,"consumption__early_2009__ancova","consumption_iv__consumption__early_2009__ancova"
0.107658931846132,1.65386145389935,0.255032638747157,TRUE,FALSE,"consumption__early_2009__ancova","consumption_iv__consumption__early_2009__ancova"
0.10832762086381,1.6474176202251,0.255841356407824,TRUE,FALSE,"consumption__early_2009__ancova","consumption_iv__consumption__early_2009__ancova"
0.108996309881488,1.64105469915918,0.256643787392323,TRUE,FALSE,"consumption__early_2009__ancova","consumption_iv__consumption__early_2009__ancova"
0.109664998899166,1.63477132572132,0.257439984700076,TRUE,FALSE,"consumption__early_2009__ancova","consumption_iv__consumption__early_2009__ancova"
0.110333687916844,1.62856616135118,0.258230001335531,TRUE,FALSE,"consumption__early_2009__ancova","consumption_iv__consumption__early_2009__ancova"
0.111002376934522,1.62243789342796,0.259013890277744,TRUE,FALSE,"consumption__early_2009__ancova","consumption_iv__consumption__early_2009__ancova"
0.111671065952199,1.61638523479268,0.259791704451743,TRUE,FALSE,"consumption__early_2009__ancova","consumption_iv__consumption__early_2009__ancova"
0.112339754969877,1.61040692327279,0.260563496701714,TRUE,FALSE,"consumption__early_2009__ancova","consumption_iv__consumption__early_2009__ancova"
0.113008443987555,1.60450172121073,0.261329319765785,TRUE,FALSE,"consumption__early_2009__ancova","consumption_iv__consumption__early_2009__ancova"
0.113677133005233,1.59866841499648,0.262089226252387,TRUE,FALSE,"consumption__early_2009__ancova","consumption_iv__consumption__early_2009__ancova"
0.114345822022911,1.5929058146046,0.262843268618091,TRUE,FALSE,"consumption__early_2009__ancova","consumption_iv__consumption__early_2009__ancova"
0.115014511040589,1.5872127531358,0.263591499146915,TRUE,FALSE,"consumption__early_2009__ancova","consumption_iv__consumption__early_2009__ancova"
0.115683200058266,1.58158808636398,0.264333969930943,TRUE,FALSE,"consumption__early_2009__ancova","consumption_iv__consumption__early_2009__ancova"
0.116351889075944,1.57603069228922,0.265070732852146,TRUE,FALSE,"consumption__early_2009__ancova","consumption_iv__consumption__early_2009__ancova"
0.117020578093622,1.57053947069579,0.265801839565532,TRUE,FALSE,"consumption__early_2009__ancova","consumption_iv__consumption__early_2009__ancova"
0.1176892671113,1.56511334271655,0.266527341483385,TRUE,FALSE,"consumption__early_2009__ancova","consumption_iv__consumption__early_2009__ancova"
0.118357956128978,1.55975125040413,0.267247289760518,TRUE,FALSE,"consumption__early_2009__ancova","consumption_iv__consumption__early_2009__ancova"
0.119026645146656,1.55445215630722,0.267961735280729,TRUE,FALSE,"consumption__early_2009__ancova","consumption_iv__consumption__early_2009__ancova"
0.119695334164333,1.54921504305477,0.268670728644057,TRUE,FALSE,"consumption__early_2009__ancova","consumption_iv__consumption__early_2009__ancova"
0.120364023182011,1.54403891294605,0.269374320155052,TRUE,FALSE,"consumption__early_2009__ancova","consumption_iv__consumption__early_2009__ancova"
0.121032712199689,1.53892278754744,0.270072559811946,TRUE,FALSE,"consumption__early_2009__ancova","consumption_iv__consumption__early_2009__ancova"
0.121701401217367,1.5338657072965,0.270765497296572,TRUE,FALSE,"consumption__early_2009__ancova","consumption_iv__consumption__early_2009__ancova"
0.122370090235045,1.52886673111249,0.271453181965145,TRUE,FALSE,"consumption__early_2009__ancova","consumption_iv__consumption__early_2009__ancova"
0.123038779252723,1.52392493601386,0.272135662839754,TRUE,FALSE,"consumption__early_2009__ancova","consumption_iv__consumption__early_2009__ancova"
0.1237074682704,1.5190394167426,0.2728129886006,TRUE,FALSE,"consumption__early_2009__ancova","consumption_iv__consumption__early_2009__ancova"
0.124376157288078,1.51420928539575,0.273485207578828,TRUE,FALSE,"consumption__early_2009__ancova","consumption_iv__consumption__early_2009__ancova"
0.125044846305756,1.5094336710635,0.274152367750074,TRUE,FALSE,"consumption__early_2009__ancova","consumption_iv__consumption__early_2009__ancova"
0.125713535323434,1.50471171947427,0.274814516728566,TRUE,FALSE,"consumption__early_2009__ancova","consumption_iv__consumption__early_2009__ancova"
0.126382224341112,1.5000425926468,0.275471701761784,TRUE,FALSE,"consumption__early_2009__ancova","consumption_iv__consumption__early_2009__ancova"
0.12705091335879,1.49542546854836,0.276123969725748,TRUE,FALSE,"consumption__early_2009__ancova","consumption_iv__consumption__early_2009__ancova"
0.127719602376468,1.49085954076076,0.276771367120661,TRUE,FALSE,"consumption__early_2009__ancova","consumption_iv__consumption__early_2009__ancova"
0.128388291394145,1.48634401815207,0.277413940067168,TRUE,FALSE,"consumption__early_2009__ancova","consumption_iv__consumption__early_2009__ancova"
0.129056980411823,1.48187812455566,0.278051734302981,TRUE,FALSE,"consumption__early_2009__ancova","consumption_iv__consumption__early_2009__ancova"
0.129725669429501,1.47746109845504,0.278684795180017,TRUE,FALSE,"consumption__early_2009__ancova","consumption_iv__consumption__early_2009__ancova"
0.130394358447179,1.47309219267588,0.279313167661856,TRUE,FALSE,"consumption__early_2009__ancova","consumption_iv__consumption__early_2009__ancova"
0.131063047464857,1.46877067408417,0.279936896321611,TRUE,FALSE,"consumption__early_2009__ancova","consumption_iv__consumption__early_2009__ancova"
0.131731736482535,1.46449582329029,0.280556025340209,TRUE,FALSE,"consumption__early_2009__ancova","consumption_iv__consumption__early_2009__ancova"
0.132400425500212,1.46026693435998,0.281170598504921,TRUE,FALSE,"consumption__early_2009__ancova","consumption_iv__consumption__early_2009__ancova"
0.13306911451789,1.45608331453075,0.281780659208304,TRUE,FALSE,"consumption__early_2009__ancova","consumption_iv__consumption__early_2009__ancova"
0.133737803535568,1.45194428393482,0.282386250447374,TRUE,FALSE,"consumption__early_2009__ancova","consumption_iv__consumption__early_2009__ancova"
-0.15596267928415,0.519939847324887,0.505539862928007,TRUE,FALSE,"consumption__early_2009__change","consumption_iv__consumption__early_2009__change"
-0.15518286588773,0.519684786087375,0.505639028278684,TRUE,FALSE,"consumption__early_2009__change","consumption_iv__consumption__early_2009__change"
-0.154403052491309,0.519425212222832,0.505739987280601,TRUE,FALSE,"consumption__early_2009__change","consumption_iv__consumption__early_2009__change"
-0.153623239094888,0.519161038842577,0.505842775839621,TRUE,FALSE,"consumption__early_2009__change","consumption_iv__consumption__early_2009__change"
-0.152843425698467,0.518892177153486,0.505947430696923,TRUE,FALSE,"consumption__early_2009__change","consumption_iv__consumption__early_2009__change"
-0.152063612302047,0.518618536411407,0.506053989451294,TRUE,FALSE,"consumption__early_2009__change","consumption_iv__consumption__early_2009__change"
-0.151283798905626,0.51834002387357,0.506162490582005,TRUE,FALSE,"consumption__early_2009__change","consumption_iv__consumption__early_2009__change"
-0.150503985509205,0.518056544749466,0.506272973472482,TRUE,FALSE,"consumption__early_2009__change","consumption_iv__consumption__early_2009__change"
-0.149724172112784,0.517768002150692,0.506385478434587,TRUE,FALSE,"consumption__early_2009__change","consumption_iv__consumption__early_2009__change"
-0.148944358716364,0.5174742970391,0.506500046733779,TRUE,FALSE,"consumption__early_2009__change","consumption_iv__consumption__early_2009__change"
-0.148164545319943,0.51717532817423,0.506616720614782,TRUE,FALSE,"consumption__early_2009__change","consumption_iv__consumption__early_2009__change"
-0.147384731923522,0.516870992058574,0.506735543328337,TRUE,FALSE,"consumption__early_2009__change","consumption_iv__consumption__early_2009__change"
-0.146604918527101,0.516561182881992,0.506856559158545,TRUE,FALSE,"consumption__early_2009__change","consumption_iv__consumption__early_2009__change"
-0.145825105130681,0.516245792464487,0.506979813451093,TRUE,FALSE,"consumption__early_2009__change","consumption_iv__consumption__early_2009__change"
-0.14504529173426,0.51592471019721,0.50710535264247,TRUE,FALSE,"consumption__early_2009__change","consumption_iv__consumption__early_2009__change"
-0.144265478337839,0.515597822982479,0.507233224289841,TRUE,FALSE,"consumption__early_2009__change","consumption_iv__consumption__early_2009__change"
-0.143485664941418,0.515265015171544,0.507363477102109,TRUE,FALSE,"consumption__early_2009__change","consumption_iv__consumption__early_2009__change"
-0.142705851544998,0.51492616850131,0.507496160971699,TRUE,FALSE,"consumption__early_2009__change","consumption_iv__consumption__early_2009__change"
-0.141926038148577,0.514581162029042,0.507631327007474,TRUE,FALSE,"consumption__early_2009__change","consumption_iv__consumption__early_2009__change"
-0.141146224752156,0.514229872065401,0.507769027568634,TRUE,FALSE,"consumption__early_2009__change","consumption_iv__consumption__early_2009__change"
-0.140366411355735,0.513872172105827,0.507909316299648,TRUE,FALSE,"consumption__early_2009__change","consumption_iv__consumption__early_2009__change"
-0.139586597959315,0.51350793276011,0.508052248166261,TRUE,FALSE,"consumption__early_2009__change","consumption_iv__consumption__early_2009__change"
-0.138806784562894,0.513137021679966,0.508197879492697,TRUE,FALSE,"consumption__early_2009__change","consumption_iv__consumption__early_2009__change"
-0.138026971166473,0.51275930348481,0.508346267999987,TRUE,FALSE,"consumption__early_2009__change","consumption_iv__consumption__early_2009__change"
-0.137247157770052,0.512374639685737,0.508497472845438,TRUE,FALSE,"consumption__early_2009__change","consumption_iv__consumption__early_2009__change"
-0.136467344373632,0.511982888607226,0.508651554663469,TRUE,FALSE,"consumption__early_2009__change","consumption_iv__consumption__early_2009__change"
-0.135687530977211,0.511583905306969,0.508808575607659,TRUE,FALSE,"consumption__early_2009__change","consumption_iv__consumption__early_2009__change"
-0.13490771758079,0.511177541493645,0.508968599394123,TRUE,FALSE,"consumption__early_2009__change","consumption_iv__consumption__early_2009__change"
-0.134127904184369,0.510763645442412,0.509131691346322,TRUE,FALSE,"consumption__early_2009__change","consumption_iv__consumption__early_2009__change"
-0.133348090787949,0.510342061908478,0.509297918441179,TRUE,FALSE,"consumption__early_2009__change","consumption_iv__consumption__early_2009__change"
-0.132568277391528,0.509912632037926,0.509467349356886,TRUE,FALSE,"consumption__early_2009__change","consumption_iv__consumption__early_2009__change"
-0.131788463995107,0.509475193276901,0.509640054521964,TRUE,FALSE,"consumption__early_2009__change","consumption_iv__consumption__early_2009__change"
-0.131008650598686,0.509029579277841,0.509816106166144,TRUE,FALSE,"consumption__early_2009__change","consumption_iv__consumption__early_2009__change"
-0.130228837202266,0.508575619803791,0.509995578372692,TRUE,FALSE,"consumption__early_2009__change","consumption_iv__consumption__early_2009__change"
-0.129449023805845,0.508113140629889,0.510178547132562,TRUE,FALSE,"consumption__early_2009__change","consumption_iv__consumption__early_2009__change"
-0.128669210409424,0.50764196344253,0.510365090400231,TRUE,FALSE,"consumption__early_2009__change","consumption_iv__consumption__early_2009__change"
-0.127889397013003,0.507161905736063,0.510555288151297,TRUE,FALSE,"consumption__early_2009__change","consumption_iv__consumption__early_2009__change"
-0.127109583616583,0.506672780706558,0.510749222442075,TRUE,FALSE,"consumption__early_2009__change","consumption_iv__consumption__early_2009__change"
-0.126329770220162,0.506174397143147,0.510946977471021,TRUE,FALSE,"consumption__early_2009__change","consumption_iv__consumption__early_2009__change"
-0.125549956823741,0.505666559316672,0.511148639642158,TRUE,FALSE,"consumption__early_2009__change","consumption_iv__consumption__early_2009__change"
-0.12477014342732,0.505149066865307,0.511354297630661,TRUE,FALSE,"consumption__early_2009__change","consumption_iv__consumption__early_2009__change"
-0.1239903300309,0.504621714677544,0.511564042450507,TRUE,FALSE,"consumption__early_2009__change","consumption_iv__consumption__early_2009__change"
-0.123210516634479,0.504084292772215,0.511777967524381,TRUE,FALSE,"consumption__early_2009__change","consumption_iv__consumption__early_2009__change"
-0.122430703238058,0.503536586175648,0.511996168755834,TRUE,FALSE,"consumption__early_2009__change","consumption_iv__consumption__early_2009__change"
-0.121650889841637,0.502978374795608,0.51221874460392,TRUE,FALSE,"consumption__early_2009__change","consumption_iv__consumption__early_2009__change"
-0.120871076445217,0.502409433292491,0.512445796160158,TRUE,FALSE,"consumption__early_2009__change","consumption_iv__consumption__early_2009__change"
-0.120091263048796,0.501829530947182,0.512677427228147,TRUE,FALSE,"consumption__early_2009__change","consumption_iv__consumption__early_2009__change"
-0.119311449652375,0.501238431525877,0.512913744405759,TRUE,FALSE,"consumption__early_2009__change","consumption_iv__consumption__early_2009__change"
-0.118531636255954,0.500635893141668,0.513154857170088,TRUE,FALSE,"consumption__early_2009__change","consumption_iv__consumption__early_2009__change"
-0.117751822859534,0.500021668112949,0.513400877965186,TRUE,FALSE,"consumption__early_2009__change","consumption_iv__consumption__early_2009__change"
-0.116972009463113,0.499395502818374,0.51365192229279,TRUE,FALSE,"consumption__early_2009__change","consumption_iv__consumption__early_2009__change"
-0.116192196066692,0.498757137548722,0.51390810880598,TRUE,FALSE,"consumption__early_2009__change","consumption_iv__consumption__early_2009__change"
-0.115412382670271,0.498106306355298,0.514169559406004,TRUE,FALSE,"consumption__early_2009__change","consumption_iv__consumption__early_2009__change"
-0.114632569273851,0.497442736894838,0.514436399342387,TRUE,FALSE,"consumption__early_2009__change","consumption_iv__consumption__early_2009__change"
-0.11385275587743,0.496766150271113,0.514708757316328,TRUE,FALSE,"consumption__early_2009__change","consumption_iv__consumption__early_2009__change"
-0.113072942481009,0.496076260873183,0.514986765587539,TRUE,FALSE,"consumption__early_2009__change","consumption_iv__consumption__early_2009__change"
-0.112293129084588,0.495372776209842,0.515270560084795,TRUE,FALSE,"consumption__early_2009__change","consumption_iv__consumption__early_2009__change"
-0.111513315688168,0.494655396741011,0.515560280520029,TRUE,FALSE,"consumption__early_2009__change","consumption_iv__consumption__early_2009__change"
-0.110733502291747,0.493923815705276,0.515856070506406,TRUE,FALSE,"consumption__early_2009__change","consumption_iv__consumption__early_2009__change"
-0.109953688895326,0.493177718944169,0.516158077680279,TRUE,FALSE,"consumption__early_2009__change","consumption_iv__consumption__early_2009__change"
-0.109173875498905,0.492416784722806,0.516466453827311,TRUE,FALSE,"consumption__early_2009__change","consumption_iv__consumption__early_2009__change"
-0.108394062102485,0.491640683547233,0.516781355012776,TRUE,FALSE,"consumption__early_2009__change","consumption_iv__consumption__early_2009__change"
-0.107614248706064,0.49084907797805,0.517102941716364,TRUE,FALSE,"consumption__early_2009__change","consumption_iv__consumption__early_2009__change"
-0.106834435309643,0.490041622440924,0.517431378971403,TRUE,FALSE,"consumption__early_2009__change","consumption_iv__consumption__early_2009__change"
-0.106054621913222,0.489217963033538,0.517766836508866,TRUE,FALSE,"consumption__early_2009__change","consumption_iv__consumption__early_2009__change"
-0.105274808516802,0.488377737329241,0.518109488906222,TRUE,FALSE,"consumption__early_2009__change","consumption_iv__consumption__early_2009__change"
-0.104494995120381,0.487520574177478,0.518459515741296,TRUE,FALSE,"consumption__early_2009__change","consumption_iv__consumption__early_2009__change"
-0.10371518172396,0.486646093501094,0.518817101751316,TRUE,FALSE,"consumption__early_2009__change","consumption_iv__consumption__early_2009__change"
-0.102935368327539,0.485753906090509,0.519182436997336,TRUE,FALSE,"consumption__early_2009__change","consumption_iv__consumption__early_2009__change"
-0.102155554931119,0.484843613394934,0.51955571703422,TRUE,FALSE,"consumption__early_2009__change","consumption_iv__consumption__early_2009__change"
-0.101375741534698,0.483914807310831,0.519937143086314,TRUE,FALSE,"consumption__early_2009__change","consumption_iv__consumption__early_2009__change"
-0.100595928138277,0.482967069967695,0.520326922229054,TRUE,FALSE,"consumption__early_2009__change","consumption_iv__consumption__early_2009__change"
-0.0998161147418563,0.481999973511278,0.520725267576697,TRUE,FALSE,"consumption__early_2009__change","consumption_iv__consumption__early_2009__change"
-0.0990363013454355,0.481013079884642,0.52113239847632,TRUE,FALSE,"consumption__early_2009__change","consumption_iv__consumption__early_2009__change"
-0.0982564879490148,0.480005940607026,0.52154854070838,TRUE,FALSE,"consumption__early_2009__change","consumption_iv__consumption__early_2009__change"
-0.097476674552594,0.478978096551076,0.521973926693906,TRUE,FALSE,"consumption__early_2009__change","consumption_iv__consumption__early_2009__change"
-0.0966968611561733,0.477929077718296,0.522408795708738,TRUE,FALSE,"consumption__early_2009__change","consumption_iv__consumption__early_2009__change"
-0.0959170477597525,0.476858403013644,0.522853394104752,TRUE,FALSE,"consumption__early_2009__change","consumption_iv__consumption__early_2009__change"
-0.0951372343633318,0.47576558001882,0.523307975538639,TRUE,FALSE,"consumption__early_2009__change","consumption_iv__consumption__early_2009__change"
-0.094357420966911,0.474650104765567,0.523772801208065,TRUE,FALSE,"consumption__early_2009__change","consumption_iv__consumption__early_2009__change"
-0.0935776075704902,0.473511461508559,0.524248140095812,TRUE,FALSE,"consumption__early_2009__change","consumption_iv__consumption__early_2009__change"
-0.0927977941740695,0.472349122498847,0.524734269221893,TRUE,FALSE,"consumption__early_2009__change","consumption_iv__consumption__early_2009__change"
-0.0920179807776488,0.471162547758399,0.525231473903906,TRUE,FALSE,"consumption__early_2009__change","consumption_iv__consumption__early_2009__change"
-0.091238167381228,0.469951184855945,0.525740048025988,TRUE,FALSE,"consumption__early_2009__change","consumption_iv__consumption__early_2009__change"
-0.0904583539848072,0.468714468685051,0.526260294316487,TRUE,FALSE,"consumption__early_2009__change","consumption_iv__consumption__early_2009__change"
-0.0896785405883865,0.467451821245182,0.526792524634567,TRUE,FALSE,"consumption__early_2009__change","consumption_iv__consumption__early_2009__change"
-0.0888987271919657,0.466162651426048,0.527337060266181,TRUE,FALSE,"consumption__early_2009__change","consumption_iv__consumption__early_2009__change"
-0.088118913795545,0.464846354796637,0.527894232229385,TRUE,FALSE,"consumption__early_2009__change","consumption_iv__consumption__early_2009__change"
-0.0873391003991242,0.463502313399384,0.528464381589439,TRUE,FALSE,"consumption__early_2009__change","consumption_iv__consumption__early_2009__change"
-0.0865592870027035,0.462129895550697,0.529047859783821,TRUE,FALSE,"consumption__early_2009__change","consumption_iv__consumption__early_2009__change"
-0.0857794736062827,0.460728455648637,0.529645028957481,TRUE,FALSE,"consumption__early_2009__change","consumption_iv__consumption__early_2009__change"
-0.084999660209862,0.459297333989149,0.530256262308479,TRUE,FALSE,"consumption__early_2009__change","consumption_iv__consumption__early_2009__change"
-0.0842198468134412,0.457835856592047,0.530881944444223,TRUE,FALSE,"consumption__early_2009__change","consumption_iv__consumption__early_2009__change"
-0.0834400334170205,0.456343335037727,0.531522471748698,TRUE,FALSE,"consumption__early_2009__change","consumption_iv__consumption__early_2009__change"
-0.0826602200205997,0.454819066316714,0.532178252760594,TRUE,FALSE,"consumption__early_2009__change","consumption_iv__consumption__early_2009__change"
-0.081880406624179,0.453262332692867,0.532849708562865,TRUE,FALSE,"consumption__early_2009__change","consumption_iv__consumption__early_2009__change"
-0.0811005932277582,0.451672401582476,0.533537273183645,TRUE,FALSE,"consumption__early_2009__change","consumption_iv__consumption__early_2009__change"
-0.0803207798313375,0.450048525450768,0.534241394008849,TRUE,FALSE,"consumption__early_2009__change","consumption_iv__consumption__early_2009__change"
-0.0795409664349167,0.448389941727881,0.534962532206529,TRUE,FALSE,"consumption__early_2009__change","consumption_iv__consumption__early_2009__change"
-0.078761153038496,0.446695872746364,0.535701163163169,TRUE,FALSE,"consumption__early_2009__change","consumption_iv__consumption__early_2009__change"
-0.0779813396420752,0.444965525702468,0.536457776931994,TRUE,FALSE,"consumption__early_2009__change","consumption_iv__consumption__early_2009__change"
-0.0772015262456545,0.443198092643591,0.53723287869343,TRUE,FALSE,"consumption__early_2009__change","consumption_iv__consumption__early_2009__change"
-0.0764217128492337,0.441392750484494,0.538026989227724,TRUE,FALSE,"consumption__early_2009__change","consumption_iv__consumption__early_2009__change"
-0.075641899452813,0.439548661055219,0.538840645399698,TRUE,FALSE,"consumption__early_2009__change","consumption_iv__consumption__early_2009__change"
-0.0748620860563922,0.437664971183197,0.539674400655817,TRUE,FALSE,"consumption__early_2009__change","consumption_iv__consumption__early_2009__change"
-0.0740822726599714,0.435740812813454,0.540528825533183,TRUE,FALSE,"consumption__early_2009__change","consumption_iv__consumption__early_2009__change"
-0.0733024592635507,0.433775303169396,0.541404508180745,TRUE,FALSE,"consumption__early_2009__change","consumption_iv__consumption__early_2009__change"
-0.07252264586713,0.431767544958667,0.542302054892156,TRUE,FALSE,"consumption__early_2009__change","consumption_iv__consumption__early_2009__change"
-0.0717428324707092,0.429716626627308,0.543222090650338,TRUE,FALSE,"consumption__early_2009__change","consumption_iv__consumption__early_2009__change"
-0.0709630190742884,0.427621622666355,0.544165259683419,TRUE,FALSE,"consumption__early_2009__change","consumption_iv__consumption__early_2009__change"
-0.0701832056778677,0.425481593975668,0.545132226031486,TRUE,FALSE,"consumption__early_2009__change","consumption_iv__consumption__early_2009__change"
-0.0694033922814469,0.423295588288996,0.546123674123961,TRUE,FALSE,"consumption__early_2009__change","consumption_iv__consumption__early_2009__change"
-0.0686235788850262,0.421062640665633,0.547140309366844,TRUE,FALSE,"consumption__early_2009__change","consumption_iv__consumption__early_2009__change"
-0.0678437654886054,0.418781774053486,0.548182858739346,TRUE,FALSE,"consumption__early_2009__change","consumption_iv__consumption__early_2009__change"
-0.0670639520921847,0.41645199992914,0.549252071399077,TRUE,FALSE,"consumption__early_2009__change","consumption_iv__consumption__early_2009__change"
-0.0662841386957639,0.414072319020999,0.550348719294796,TRUE,FALSE,"consumption__early_2009__change","consumption_iv__consumption__early_2009__change"
-0.0655043252993432,0.41164172212087,0.551473597786002,TRUE,FALSE,"consumption__early_2009__change","consumption_iv__consumption__early_2009__change"
-0.0647245119029224,0.40915919099105,0.552627526267931,TRUE,FALSE,"consumption__early_2009__change","consumption_iv__consumption__early_2009__change"
-0.0639446985065017,0.406623699373286,0.553811348800775,TRUE,FALSE,"consumption__early_2009__change","consumption_iv__consumption__early_2009__change"
-0.0631648851100809,0.404034214106746,0.555025934741587,TRUE,FALSE,"consumption__early_2009__change","consumption_iv__consumption__early_2009__change"
-0.0623850717136602,0.40138969636225,0.55627217937725,TRUE,FALSE,"consumption__early_2009__change","consumption_iv__consumption__early_2009__change"
-0.0616052583172394,0.398689103000624,0.557551004556527,TRUE,FALSE,"consumption__early_2009__change","consumption_iv__consumption__early_2009__change"
-0.0608254449208187,0.395931388062965,0.558863359319187,TRUE,FALSE,"consumption__early_2009__change","consumption_iv__consumption__early_2009__change"
-0.0600456315243979,0.393115504401414,0.560210220519704,TRUE,FALSE,"consumption__early_2009__change","consumption_iv__consumption__early_2009__change"
-0.0592658181279772,0.390240405458618,0.561592593443152,TRUE,FALSE,"consumption__early_2009__change","consumption_iv__consumption__early_2009__change"
-0.0584860047315564,0.387305047205348,0.563011512410091,TRUE,FALSE,"consumption__early_2009__change","consumption_iv__consumption__early_2009__change"
-0.0577061913351357,0.384308390244846,0.56446804136755,TRUE,FALSE,"consumption__early_2009__change","consumption_iv__consumption__early_2009__change"
-0.0569263779387149,0.381249402093819,0.565963274462348,TRUE,FALSE,"consumption__early_2009__change","consumption_iv__consumption__early_2009__change"
-0.0561465645422942,0.378127059649462,0.567498336592953,TRUE,FALSE,"consumption__early_2009__change","consumption_iv__consumption__early_2009__change"
-0.0553667511458734,0.374940351852294,0.569074383935679,TRUE,FALSE,"consumption__early_2009__change","consumption_iv__consumption__early_2009__change"
-0.0545869377494526,0.371688282554707,0.570692604440563,TRUE,FALSE,"consumption__early_2009__change","consumption_iv__consumption__early_2009__change"
-0.0538071243530319,0.368369873605619,0.572354218291655,TRUE,FALSE,"consumption__early_2009__change","consumption_iv__consumption__early_2009__change"
-0.0530273109566111,0.364984168160652,0.574060478326504,TRUE,FALSE,"consumption__early_2009__change","consumption_iv__consumption__early_2009__change"
-0.0522474975601904,0.361530234228218,0.575812670408625,TRUE,FALSE,"consumption__early_2009__change","consumption_iv__consumption__early_2009__change"
-0.0514676841637696,0.358007168461414,0.5776121137464,TRUE,FALSE,"consumption__early_2009__change","consumption_iv__consumption__early_2009__change"
-0.0506878707673489,0.354414100204989,0.579460161151554,TRUE,FALSE,"consumption__early_2009__change","consumption_iv__consumption__early_2009__change"
-0.0499080573709281,0.35075019580688,0.58135819922948,TRUE,FALSE,"consumption__early_2009__change","consumption_iv__consumption__early_2009__change"
-0.0491282439745074,0.347014663203259,0.583307648493191,TRUE,FALSE,"consumption__early_2009__change","consumption_iv__consumption__early_2009__change"
-0.0483484305780866,0.343206756785019,0.585309963392242,TRUE,FALSE,"consumption__early_2009__change","consumption_iv__consumption__early_2009__change"
-0.0475686171816659,0.33932578255358,0.587366632247044,TRUE,FALSE,"consumption__early_2009__change","consumption_iv__consumption__early_2009__change"
-0.0467888037852451,0.335371103572214,0.589479177078696,TRUE,FALSE,"consumption__early_2009__change","consumption_iv__consumption__early_2009__change"
-0.0460089903888244,0.331342145718873,0.591649153323388,TRUE,FALSE,"consumption__early_2009__change","consumption_iv__consumption__early_2009__change"
-0.0452291769924036,0.327238403744494,0.593878149420131,TRUE,FALSE,"consumption__early_2009__change","consumption_iv__consumption__early_2009__change"
-0.0444493635959829,0.323059447639624,0.596167786259693,TRUE,FALSE,"consumption__early_2009__change","consumption_iv__consumption__early_2009__change"
-0.0436695501995621,0.318804929310504,0.598519716481942,TRUE,FALSE,"consumption__early_2009__change","consumption_iv__consumption__early_2009__change"
-0.0428897368031414,0.314474589563766,0.60093562360813,TRUE,FALSE,"consumption__early_2009__change","consumption_iv__consumption__early_2009__change"
-0.0421099234067206,0.310068265396477,0.603417220994086,TRUE,FALSE,"consumption__early_2009__change","consumption_iv__consumption__early_2009__change"
-0.0413301100102999,0.305585897586034,0.605966250589504,TRUE,FALSE,"consumption__early_2009__change","consumption_iv__consumption__early_2009__change"
-0.0405502966138791,0.30102753857141,0.608584481488005,TRUE,FALSE,"consumption__early_2009__change","consumption_iv__consumption__early_2009__change"
-0.0397704832174584,0.296393360614294,0.611273708252023,TRUE,FALSE,"consumption__early_2009__change","consumption_iv__consumption__early_2009__change"
-0.0389906698210376,0.291683664225014,0.614035748996149,TRUE,FALSE,"consumption__early_2009__change","consumption_iv__consumption__early_2009__change"
-0.0382108564246169,0.286898886834563,0.616872443212089,TRUE,FALSE,"consumption__early_2009__change","consumption_iv__consumption__early_2009__change"
-0.0374310430281961,0.282039611689967,0.619785649317997,TRUE,FALSE,"consumption__early_2009__change","consumption_iv__consumption__early_2009__change"
-0.0366512296317753,0.277106576945406,0.62277724191498,TRUE,FALSE,"consumption__early_2009__change","consumption_iv__consumption__early_2009__change"
-0.0358714162353546,0.272100684917335,0.625849108733132,TRUE,FALSE,"consumption__early_2009__change","consumption_iv__consumption__early_2009__change"
-0.0350916028389338,0.267023011466185,0.629003147249843,TRUE,FALSE,"consumption__early_2009__change","consumption_iv__consumption__early_2009__change"
-0.0343117894425131,0.261874815462152,0.632241260963207,TRUE,FALSE,"consumption__early_2009__change","consumption_iv__consumption__early_2009__change"
-0.0335319760460923,0.256657548286736,0.635565355303896,TRUE,FALSE,"consumption__early_2009__change","consumption_iv__consumption__early_2009__change"
-0.0327521626496716,0.251372863315752,0.638977333169539,TRUE,FALSE,"consumption__early_2009__change","consumption_iv__consumption__early_2009__change"
-0.0319723492532508,0.246022625323455,0.642479090066598,TRUE,FALSE,"consumption__early_2009__change","consumption_iv__consumption__early_2009__change"
-0.0311925358568301,0.240608919740932,0.646072508846028,TRUE,FALSE,"consumption__early_2009__change","consumption_iv__consumption__early_2009__change"
-0.0304127224604093,0.235134061695582,0.64975945402058,TRUE,FALSE,"consumption__early_2009__change","consumption_iv__consumption__early_2009__change"
-0.0296329090639886,0.229600604752116,0.65354176565344,TRUE,FALSE,"consumption__early_2009__change","consumption_iv__consumption__early_2009__change"
-0.0288530956675678,0.224011349268838,0.657421252810417,TRUE,FALSE,"consumption__early_2009__change","consumption_iv__consumption__early_2009__change"
-0.0280732822711471,0.218369350277065,0.661399686570384,TRUE,FALSE,"consumption__early_2009__change","consumption_iv__consumption__early_2009__change"
-0.0272934688747263,0.212677924785325,0.665478792591967,TRUE,FALSE,"consumption__early_2009__change","consumption_iv__consumption__early_2009__change"
-0.0265136554783056,0.206940658404456,0.669660243238063,TRUE,FALSE,"consumption__early_2009__change","consumption_iv__consumption__early_2009__change"
-0.0257338420818848,0.201161411184766,0.673945649263782,TRUE,FALSE,"consumption__early_2009__change","consumption_iv__consumption__early_2009__change"
-0.0249540286854641,0.195344322551815,0.678336551078103,TRUE,FALSE,"consumption__early_2009__change","consumption_iv__consumption__early_2009__change"
-0.0241742152890433,0.189493815224251,0.682834409594303,TRUE,FALSE,"consumption__early_2009__change","consumption_iv__consumption__early_2009__change"
-0.0233944018926226,0.183614597994008,0.687440596690159,TRUE,FALSE,"consumption__early_2009__change","consumption_iv__consumption__early_2009__change"
-0.0226145884962018,0.177711667248428,0.692156385304441,TRUE,FALSE,"consumption__early_2009__change","consumption_iv__consumption__early_2009__change"
-0.021834775099781,0.171790307113429,0.696982939202959,TRUE,FALSE,"consumption__early_2009__change","consumption_iv__consumption__early_2009__change"
-0.0210549617033603,0.165856088098479,0.701921302454129,TRUE,FALSE,"consumption__early_2009__change","consumption_iv__consumption__early_2009__change"
-0.0202751483069395,0.159914864127316,0.706972388661205,TRUE,FALSE,"consumption__early_2009__change","consumption_iv__consumption__early_2009__change"
-0.0194953349105188,0.153972767843412,0.712136970005693,TRUE,FALSE,"consumption__early_2009__change","consumption_iv__consumption__early_2009__change"
-0.0187155215140981,0.148036204086097,0.717415666164221,TRUE,FALSE,"consumption__early_2009__change","consumption_iv__consumption__early_2009__change"
-0.0179357081176773,0.142111841442426,0.722808933168731,TRUE,FALSE,"consumption__early_2009__change","consumption_iv__consumption__early_2009__change"
-0.0171558947212565,0.13620660179115,0.728317052287632,TRUE,FALSE,"consumption__early_2009__change","consumption_iv__consumption__early_2009__change"
-0.0163760813248358,0.130327647768737,0.73394011901301,TRUE,FALSE,"consumption__early_2009__change","consumption_iv__consumption__early_2009__change"
-0.015596267928415,0.124482368103172,0.739678032246242,TRUE,FALSE,"consumption__early_2009__change","consumption_iv__consumption__early_2009__change"
-0.0148164545319943,0.118678360779337,0.745530483781131,TRUE,FALSE,"consumption__early_2009__change","consumption_iv__consumption__early_2009__change"
-0.0140366411355735,0.112923414020164,0.751496948189579,TRUE,FALSE,"consumption__early_2009__change","consumption_iv__consumption__early_2009__change"
-0.0132568277391528,0.107225485089863,0.757576673220268,TRUE,FALSE,"consumption__early_2009__change","consumption_iv__consumption__early_2009__change"
-0.012477014342732,0.101592676949872,0.76376867082485,TRUE,FALSE,"consumption__early_2009__change","consumption_iv__consumption__early_2009__change"
-0.0116972009463113,0.0960332128238438,0.770071708929182,TRUE,FALSE,"consumption__early_2009__change","consumption_iv__consumption__early_2009__change"
-0.0109173875498905,0.0905554087551906,0.776484304068675,TRUE,FALSE,"consumption__early_2009__change","consumption_iv__consumption__early_2009__change"
-0.0101375741534698,0.0851676442686357,0.783004715006789,TRUE,FALSE,"consumption__early_2009__change","consumption_iv__consumption__early_2009__change"
-0.00935776075704903,0.0798783312758555,0.789630937453941,TRUE,FALSE,"consumption__early_2009__change","consumption_iv__consumption__early_2009__change"
-0.00857794736062828,0.0746958813938642,0.796360700000349,TRUE,FALSE,"consumption__early_2009__change","consumption_iv__consumption__early_2009__change"
-0.00779813396420753,0.069628671872903,0.803191461370725,TRUE,FALSE,"consumption__early_2009__change","consumption_iv__consumption__early_2009__change"
-0.00701832056778676,0.0646850103577311,0.810120409100898,TRUE,FALSE,"consumption__early_2009__change","consumption_iv__consumption__early_2009__change"
-0.00623850717136601,0.0598730987316625,0.817144459726649,TRUE,FALSE,"consumption__early_2009__change","consumption_iv__consumption__early_2009__change"
-0.00545869377494526,0.0552009963160673,0.824260260563019,TRUE,FALSE,"consumption__early_2009__change","consumption_iv__consumption__early_2009__change"
-0.00467888037852451,0.0506765827185653,0.831464193138444,TRUE,FALSE,"consumption__early_2009__change","consumption_iv__consumption__early_2009__change"
-0.00389906698210377,0.046307520640452,0.838752378332122,TRUE,FALSE,"consumption__early_2009__change","consumption_iv__consumption__early_2009__change"
-0.00311925358568302,0.0421012189673004,0.846120683245486,TRUE,FALSE,"consumption__early_2009__change","consumption_iv__consumption__early_2009__change"
-0.00233944018926224,0.0380647964758911,0.853564729819535,TRUE,FALSE,"consumption__early_2009__change","consumption_iv__consumption__early_2009__change"
-0.0015596267928415,0.0342050464951508,0.861079905189485,TRUE,FALSE,"consumption__early_2009__change","consumption_iv__consumption__early_2009__change"
-0.000779813396420748,0.030528402858375,0.868661373747069,TRUE,FALSE,"consumption__early_2009__change","consumption_iv__consumption__early_2009__change"
0,0.0270409074784823,0.876304090859159,TRUE,FALSE,"consumption__early_2009__change","consumption_iv__consumption__early_2009__change"
0.000779813396420748,0.0237481798673035,0.884002818169661,TRUE,FALSE,"consumption__early_2009__change","consumption_iv__consumption__early_2009__change"
0.0015596267928415,0.0206553889040201,0.89175214039025,TRUE,FALSE,"consumption__early_2009__change","consumption_iv__consumption__early_2009__change"
0.00233944018926227,0.0177672271369206,0.899546483464956,TRUE,FALSE,"consumption__early_2009__change","consumption_iv__consumption__early_2009__change"
0.00311925358568302,0.0150878878770371,0.907380133974203,TRUE,FALSE,"consumption__early_2009__change","consumption_iv__consumption__early_2009__change"
0.00389906698210377,0.0126210453122058,0.9152472596263,TRUE,FALSE,"consumption__early_2009__change","consumption_iv__consumption__early_2009__change"
0.00467888037852451,0.0103698378363331,0.923141930668658,TRUE,FALSE,"consumption__early_2009__change","consumption_iv__consumption__early_2009__change"
0.00545869377494526,0.00833685475158801,0.931058142037872,TRUE,FALSE,"consumption__early_2009__change","consumption_iv__consumption__early_2009__change"
0.00623850717136601,0.00652412646171564,0.938989836057186,TRUE,FALSE,"consumption__early_2009__change","consumption_iv__consumption__early_2009__change"
0.00701832056778676,0.00493311823325585,0.946930925482436,TRUE,FALSE,"consumption__early_2009__change","consumption_iv__consumption__early_2009__change"
0.00779813396420753,0.00356472755911875,0.954875316693026,TRUE,FALSE,"consumption__early_2009__change","consumption_iv__consumption__early_2009__change"
0.00857794736062828,0.00241928511636867,0.962816932823254,TRUE,FALSE,"consumption__early_2009__change","consumption_iv__consumption__early_2009__change"
0.00935776075704903,0.00149655926807245,0.970749736631475,TRUE,FALSE,"consumption__early_2009__change","consumption_iv__consumption__early_2009__change"
0.0101375741534698,0.000795764018498016,0.978667752909502,TRUE,FALSE,"consumption__early_2009__change","consumption_iv__consumption__early_2009__change"
0.0109173875498905,0.000315570292418337,0.986565090243017,TRUE,FALSE,"consumption__early_2009__change","consumption_iv__consumption__early_2009__change"
0.0116972009463113,5.41203735740343e-05,0.99443596194468,TRUE,FALSE,"consumption__early_2009__change","consumption_iv__consumption__early_2009__change"
0.012477014342732,9.04530499694956e-06,0.997725294004945,TRUE,FALSE,"consumption__early_2009__change","consumption_iv__consumption__early_2009__change"
0.0132568277391528,0.000177485025392268,0.989924196157675,TRUE,FALSE,"consumption__early_2009__change","consumption_iv__consumption__early_2009__change"
0.0140366411355735,0.000556110991545152,0.982166102070864,TRUE,FALSE,"consumption__early_2009__change","consumption_iv__consumption__early_2009__change"
0.0148164545319943,0.00114115101699049,0.97445619216611,TRUE,FALSE,"consumption__early_2009__change","consumption_iv__consumption__early_2009__change"
0.015596267928415,0.0019284160421647,0.966799455066211,TRUE,FALSE,"consumption__early_2009__change","consumption_iv__consumption__early_2009__change"
0.0163760813248358,0.00291332854098403,0.959200674482624,TRUE,FALSE,"consumption__early_2009__change","consumption_iv__consumption__early_2009__change"
0.0171558947212566,0.00409095226321793,0.951664417704972,TRUE,FALSE,"consumption__early_2009__change","consumption_iv__consumption__early_2009__change"
0.0179357081176773,0.00545602301098865,0.944195025723791,TRUE,FALSE,"consumption__early_2009__change","consumption_iv__consumption__early_2009__change"
0.0187155215140981,0.00700298015101918,0.936796604997768,TRUE,FALSE,"consumption__early_2009__change","consumption_iv__consumption__early_2009__change"
0.0194953349105188,0.00872599857150716,0.929473020857938,TRUE,FALSE,"consumption__early_2009__change","consumption_iv__consumption__early_2009__change"
0.0202751483069395,0.0106190208033897,0.922227892523624,TRUE,FALSE,"consumption__early_2009__change","consumption_iv__consumption__early_2009__change"
0.0210549617033603,0.0126757890398325,0.915064589688628,TRUE,FALSE,"consumption__early_2009__change","consumption_iv__consumption__early_2009__change"
0.0218347750997811,0.0148898768045493,0.907986230621754,TRUE,FALSE,"consumption__early_2009__change","consumption_iv__consumption__early_2009__change"
0.0226145884962018,0.0172547200385768,0.900995681712898,TRUE,FALSE,"consumption__early_2009__change","consumption_iv__consumption__early_2009__change"
0.0233944018926226,0.0197636473959797,0.894095558384877,TRUE,FALSE,"consumption__early_2009__change","consumption_iv__consumption__early_2009__change"
0.0241742152890433,0.0224099095608193,0.887288227282692,TRUE,FALSE,"consumption__early_2009__change","consumption_iv__consumption__early_2009__change"
0.0249540286854641,0.025186707420823,0.880575809644065,TRUE,FALSE,"consumption__early_2009__change","consumption_iv__consumption__early_2009__change"
0.0257338420818848,0.0280872189561181,0.873960185750666,TRUE,FALSE,"consumption__early_2009__change","consumption_iv__consumption__early_2009__change"
0.0265136554783056,0.0311046247247846,0.867443000355333,TRUE,FALSE,"consumption__early_2009__change","consumption_iv__consumption__early_2009__change"
0.0272934688747263,0.0342321318495919,0.861025668979221,TRUE,FALSE,"consumption__early_2009__change","consumption_iv__consumption__early_2009__change"
0.0280732822711471,0.0374629964323662,0.854709384972404,TRUE,FALSE,"consumption__early_2009__change","consumption_iv__consumption__early_2009__change"
0.0288530956675678,0.0407905443434328,0.848495127232653,TRUE,FALSE,"consumption__early_2009__change","consumption_iv__consumption__early_2009__change"
0.0296329090639886,0.044208190353451,0.842383668479367,TRUE,FALSE,"consumption__early_2009__change","consumption_iv__consumption__early_2009__change"
0.0304127224604093,0.0477094555932029,0.83637558398333,TRUE,FALSE,"consumption__early_2009__change","consumption_iv__consumption__early_2009__change"
0.0311925358568301,0.0512879833439158,0.830471260657011,TRUE,FALSE,"consumption__early_2009__change","consumption_iv__consumption__early_2009__change"
0.0319723492532508,0.054937553175756,0.824670906415474,TRUE,FALSE,"consumption__early_2009__change","consumption_iv__consumption__early_2009__change"
0.0327521626496716,0.0586520934658182,0.818974559723373,TRUE,FALSE,"consumption__early_2009__change","consumption_iv__consumption__early_2009__change"
0.0335319760460923,0.0624256923387093,0.81338209924968,TRUE,FALSE,"consumption__early_2009__change","consumption_iv__consumption__early_2009__change"
0.0343117894425131,0.066252607082876,0.807893253558352,TRUE,FALSE,"consumption__early_2009__change","consumption_iv__consumption__early_2009__change"
0.0350916028389338,0.070127272104664,0.802507610769148,TRUE,FALSE,"consumption__early_2009__change","consumption_iv__consumption__early_2009__change"
0.0358714162353546,0.0740443054886635,0.797224628130001,TRUE,FALSE,"consumption__early_2009__change","consumption_iv__consumption__early_2009__change"
0.0366512296317754,0.0779985142386461,0.792043641448395,TRUE,FALSE,"consumption__early_2009__change","consumption_iv__consumption__early_2009__change"
0.0374310430281961,0.0819848982774546,0.786963874335667,TRUE,FALSE,"consumption__early_2009__change","consumption_iv__consumption__early_2009__change"
0.0382108564246169,0.0859986532867724,0.781984447224608,TRUE,FALSE,"consumption__early_2009__change","consumption_iv__consumption__early_2009__change"
0.0389906698210376,0.0900351724697704,0.777104386126069,TRUE,FALSE,"consumption__early_2009__change","consumption_iv__consumption__early_2009__change"
0.0397704832174584,0.0940900473196772,0.77232263109657,TRUE,FALSE,"consumption__early_2009__change","consumption_iv__consumption__early_2009__change"
0.0405502966138791,0.0981590674775736,0.767638044393404,TRUE,FALSE,"consumption__early_2009__change","consumption_iv__consumption__early_2009__change"
0.0413301100102999,0.102238219761108,0.763049418299175,TRUE,FALSE,"consumption__early_2009__change","consumption_iv__consumption__early_2009__change"
0.0421099234067206,0.106323686444204,0.758555482601924,TRUE,FALSE,"consumption__early_2009__change","consumption_iv__consumption__early_2009__change"
0.0428897368031414,0.110411842865474,0.754154911721033,TRUE,FALSE,"consumption__early_2009__change","consumption_iv__consumption__early_2009__change"
0.0436695501995621,0.114499254439894,0.749846331473071,TRUE,FALSE,"consumption__early_2009__change","consumption_iv__consumption__early_2009__change"
0.0444493635959829,0.118582673145522,0.745628325474512,TRUE,FALSE,"consumption__early_2009__change","consumption_iv__consumption__early_2009__change"
0.0452291769924036,0.122659033552659,0.741499441182059,TRUE,FALSE,"consumption__early_2009__change","consumption_iv__consumption__early_2009__change"
0.0460089903888244,0.126725448460019,0.737458195572841,TRUE,FALSE,"consumption__early_2009__change","consumption_iv__consumption__early_2009__change"
0.0467888037852451,0.130779204197725,0.733503080469869,TRUE,FALSE,"consumption__early_2009__change","consumption_iv__consumption__early_2009__change"
0.0475686171816659,0.134817755653341,0.729632567519597,TRUE,FALSE,"consumption__early_2009__change","consumption_iv__consumption__early_2009__change"
0.0483484305780866,0.138838721073123,0.725845112830045,TRUE,FALSE,"consumption__early_2009__change","consumption_iv__consumption__early_2009__change"
0.0491282439745074,0.142839876686315,0.722139161279624,TRUE,FALSE,"consumption__early_2009__change","consumption_iv__consumption__early_2009__change"
0.0499080573709281,0.146819151196771,0.718513150507449,TRUE,FALSE,"consumption__early_2009__change","consumption_iv__consumption__early_2009__change"
0.0506878707673489,0.150774620182069,0.714965514597085,TRUE,FALSE,"consumption__early_2009__change","consumption_iv__consumption__early_2009__change"
0.0514676841637697,0.154704500436563,0.711494687466253,TRUE,FALSE,"consumption__early_2009__change","consumption_iv__consumption__early_2009__change"
0.0522474975601904,0.158607144291267,0.708099105975474,TRUE,FALSE,"consumption__early_2009__change","consumption_iv__consumption__early_2009__change"
0.0530273109566111,0.162481033940067,0.704777212768924,TRUE,FALSE,"consumption__early_2009__change","consumption_iv__consumption__early_2009__change"
0.0538071243530319,0.166324775798525,0.701527458860882,TRUE,FALSE,"consumption__early_2009__change","consumption_iv__consumption__early_2009__change"
0.0545869377494526,0.17013709491831,0.69834830598136,TRUE,FALSE,"consumption__early_2009__change","consumption_iv__consumption__early_2009__change"
0.0553667511458734,0.173916829477642,0.695238228694215,TRUE,FALSE,"consumption__early_2009__change","consumption_iv__consumption__early_2009__change"
0.0561465645422942,0.177662925365216,0.692195716301098,TRUE,FALSE,"consumption__early_2009__change","consumption_iv__consumption__early_2009__change"
0.0569263779387149,0.181374430873073,0.689219274543912,TRUE,FALSE,"consumption__early_2009__change","consumption_iv__consumption__early_2009__change"
0.0577061913351357,0.185050491510686,0.686307427118913,TRUE,FALSE,"consumption__early_2009__change","consumption_iv__consumption__early_2009__change"
0.0584860047315564,0.188690344951455,0.683458717014363,TRUE,FALSE,"consumption__early_2009__change","consumption_iv__consumption__early_2009__change"
0.0592658181279772,0.192293316120275,0.680671707683704,TRUE,FALSE,"consumption__early_2009__change","consumption_iv__consumption__early_2009__change"
0.0600456315243979,0.195858812429026,0.677944984065876,TRUE,FALSE,"consumption__early_2009__change","consumption_iv__consumption__early_2009__change"
0.0608254449208187,0.199386319165661,0.675277153463534,TRUE,FALSE,"consumption__early_2009__change","consumption_iv__consumption__early_2009__change"
0.0616052583172394,0.202875395040731,0.672666846289827,TRUE,FALSE,"consumption__early_2009__change","consumption_iv__consumption__early_2009__change"
0.0623850717136602,0.2063256678942,0.670112716693608,TRUE,FALSE,"consumption__early_2009__change","consumption_iv__consumption__early_2009__change"
0.0631648851100809,0.209736830563987,0.667613443072713,TRUE,FALSE,"consumption__early_2009__change","consumption_iv__consumption__early_2009__change"
0.0639446985065017,0.213108636916959,0.665167728484167,TRUE,FALSE,"consumption__early_2009__change","consumption_iv__consumption__early_2009__change"
0.0647245119029224,0.216440898041782,0.66277430096003,TRUE,FALSE,"consumption__early_2009__change","consumption_iv__consumption__early_2009__change"
0.0655043252993432,0.219733478602884,0.660431913736632,TRUE,FALSE,"consumption__early_2009__change","consumption_iv__consumption__early_2009__change"
0.0662841386957639,0.222986293353317,0.658139345405033,TRUE,FALSE,"consumption__early_2009__change","consumption_iv__consumption__early_2009__change"
0.0670639520921847,0.226199303804332,0.655895399989666,TRUE,FALSE,"consumption__early_2009__change","consumption_iv__consumption__early_2009__change"
0.0678437654886054,0.229372515048887,0.653698906961692,TRUE,FALSE,"consumption__early_2009__change","consumption_iv__consumption__early_2009__change"
0.0686235788850262,0.232505972735541,0.651548721193466,TRUE,FALSE,"consumption__early_2009__change","consumption_iv__consumption__early_2009__change"
0.0694033922814469,0.235599760189091,0.649443722859867,TRUE,FALSE,"consumption__early_2009__change","consumption_iv__consumption__early_2009__change"
0.0701832056778677,0.238653995674263,0.647382817291699,TRUE,FALSE,"consumption__early_2009__change","consumption_iv__consumption__early_2009__change"
0.0709630190742885,0.241668829797978,0.645364934786399,TRUE,FALSE,"consumption__early_2009__change","consumption_iv__consumption__early_2009__change"
0.0717428324707092,0.244644443045945,0.6433890303806,TRUE,FALSE,"consumption__early_2009__change","consumption_iv__consumption__early_2009__change"
0.07252264586713,0.247581043449099,0.641454083588877,TRUE,FALSE,"consumption__early_2009__change","consumption_iv__consumption__early_2009__change"
0.0733024592635507,0.250478864375381,0.639559098112578,TRUE,FALSE,"consumption__early_2009__change","consumption_iv__consumption__early_2009__change"
0.0740822726599714,0.25333816244205,0.637703101522564,TRUE,FALSE,"consumption__early_2009__change","consumption_iv__consumption__early_2009__change"
0.0748620860563922,0.256159215544045,0.635885144919109,TRUE,FALSE,"consumption__early_2009__change","consumption_iv__consumption__early_2009__change"
0.075641899452813,0.258942320993783,0.634104302572064,TRUE,FALSE,"consumption__early_2009__change","consumption_iv__consumption__early_2009__change"
0.0764217128492337,0.261687793767386,0.632359671544393,TRUE,FALSE,"consumption__early_2009__change","consumption_iv__consumption__early_2009__change"
0.0772015262456545,0.264395964853449,0.630650371301263,TRUE,FALSE,"consumption__early_2009__change","consumption_iv__consumption__early_2009__change"
0.0779813396420752,0.267067179699353,0.628975543307416,TRUE,FALSE,"consumption__early_2009__change","consumption_iv__consumption__early_2009__change"
0.078761153038496,0.269701796750599,0.627334350615065,TRUE,FALSE,"consumption__early_2009__change","consumption_iv__consumption__early_2009__change"
0.0795409664349167,0.272300186079543,0.625725977443878,TRUE,FALSE,"consumption__early_2009__change","consumption_iv__consumption__early_2009__change"
0.0803207798313375,0.274862728098505,0.624149628755375,TRUE,FALSE,"consumption__early_2009__change","consumption_iv__consumption__early_2009__change"
0.0811005932277582,0.277389812353737,0.622604529823017,TRUE,FALSE,"consumption__early_2009__change","consumption_iv__consumption__early_2009__change"
0.081880406624179,0.279881836395978,0.621089925799658,TRUE,FALSE,"consumption__early_2009__change","consumption_iv__consumption__early_2009__change"
0.0826602200205997,0.282339204723994,0.619605081283565,TRUE,FALSE,"consumption__early_2009__change","consumption_iv__consumption__early_2009__change"
0.0834400334170205,0.284762327797073,0.618149279884385,TRUE,FALSE,"consumption__early_2009__change","consumption_iv__consumption__early_2009__change"
0.0842198468134412,0.287151621113125,0.616721823790024,TRUE,FALSE,"consumption__early_2009__change","consumption_iv__consumption__early_2009__change"
0.084999660209862,0.289507504348976,0.615322033335367,TRUE,FALSE,"consumption__early_2009__change","consumption_iv__consumption__early_2009__change"
0.0857794736062827,0.291830400559387,0.613949246573807,TRUE,FALSE,"consumption__early_2009__change","consumption_iv__consumption__early_2009__change"
0.0865592870027035,0.294120735431569,0.612602818852376,TRUE,FALSE,"consumption__early_2009__change","consumption_iv__consumption__early_2009__change"
0.0873391003991242,0.296378936592438,0.611282122390975,TRUE,FALSE,"consumption__early_2009__change","consumption_iv__consumption__early_2009__change"
0.088118913795545,0.298605432965448,0.609986545866462,TRUE,FALSE,"consumption__early_2009__change","consumption_iv__consumption__early_2009__change"
0.0888987271919657,0.300800654174126,0.608715494002146,TRUE,FALSE,"consumption__early_2009__change","consumption_iv__consumption__early_2009__change"
0.0896785405883865,0.302965029990066,0.607468387162915,TRUE,FALSE,"consumption__early_2009__change","consumption_iv__consumption__early_2009__change"
0.0904583539848073,0.305098989822275,0.606244660956706,TRUE,FALSE,"consumption__early_2009__change","consumption_iv__consumption__early_2009__change"
0.091238167381228,0.307202962245929,0.605043765842374,TRUE,FALSE,"consumption__early_2009__change","consumption_iv__consumption__early_2009__change"
0.0920179807776488,0.309277374567949,0.603865166744413,TRUE,FALSE,"consumption__early_2009__change","consumption_iv__consumption__early_2009__change"
0.0927977941740695,0.311322652427442,0.602708342674614,TRUE,FALSE,"consumption__early_2009__change","consumption_iv__consumption__early_2009__change"
0.0935776075704902,0.313339219428519,0.601572786361095,TRUE,FALSE,"consumption__early_2009__change","consumption_iv__consumption__early_2009__change"
0.094357420966911,0.315327496804074,0.600458003884523,TRUE,FALSE,"consumption__early_2009__change","consumption_iv__consumption__early_2009__change"
0.0951372343633318,0.317287903108043,0.599363514321999,TRUE,FALSE,"consumption__early_2009__change","consumption_iv__consumption__early_2009__change"
0.0959170477597525,0.319220853934903,0.598288849398367,TRUE,FALSE,"consumption__early_2009__change","consumption_iv__consumption__early_2009__change"
0.0966968611561733,0.321126761664373,0.597233553145228,TRUE,FALSE,"consumption__early_2009__change","consumption_iv__consumption__early_2009__change"
0.097476674552594,0.323006035229873,0.596197181567576,TRUE,FALSE,"consumption__early_2009__change","consumption_iv__consumption__early_2009__change"
0.0982564879490148,0.32485907990911,0.595179302318145,TRUE,FALSE,"consumption__early_2009__change","consumption_iv__consumption__early_2009__change"
0.0990363013454355,0.326686297135504,0.594179494379378,TRUE,FALSE,"consumption__early_2009__change","consumption_iv__consumption__early_2009__change"
0.0998161147418563,0.328488084329113,0.593197347752969,TRUE,FALSE,"consumption__early_2009__change","consumption_iv__consumption__early_2009__change"
0.100595928138277,0.330264834745467,0.592232463157105,TRUE,FALSE,"consumption__early_2009__change","consumption_iv__consumption__early_2009__change"
0.101375741534698,0.33201693734163,0.591284451731074,TRUE,FALSE,"consumption__early_2009__change","consumption_iv__consumption__early_2009__change"
0.102155554931119,0.333744776657926,0.590352934747374,TRUE,FALSE,"consumption__early_2009__change","consumption_iv__consumption__early_2009__change"
0.102935368327539,0.335448732714331,0.589437543331214,TRUE,FALSE,"consumption__early_2009__change","consumption_iv__consumption__early_2009__change"
0.10371518172396,0.337129180920834,0.58853791818713,TRUE,FALSE,"consumption__early_2009__change","consumption_iv__consumption__early_2009__change"
0.104494995120381,0.338786492000247,0.587653709332932,TRUE,FALSE,"consumption__early_2009__change","consumption_iv__consumption__early_2009__change"
0.105274808516802,0.340421031923225,0.586784575840495,TRUE,FALSE,"consumption__early_2009__change","consumption_iv__consumption__early_2009__change"
0.106054621913222,0.342033161854083,0.585930185583608,TRUE,FALSE,"consumption__early_2009__change","consumption_iv__consumption__early_2009__change"
0.106834435309643,0.34362323810693,0.585090214992565,TRUE,FALSE,"consumption__early_2009__change","consumption_iv__consumption__early_2009__change"
0.107614248706064,0.34519161211149,0.584264348815333,TRUE,FALSE,"consumption__early_2009__change","consumption_iv__consumption__early_2009__change"
0.108394062102485,0.346738630387257,0.583452279885489,TRUE,FALSE,"consumption__early_2009__change","consumption_iv__consumption__early_2009__change"
0.109173875498905,0.348264634526419,0.582653708896229,TRUE,FALSE,"consumption__early_2009__change","consumption_iv__consumption__early_2009__change"
0.109953688895326,0.349769961183728,0.58186834418095,TRUE,FALSE,"consumption__early_2009__change","consumption_iv__consumption__early_2009__change"
0.110733502291747,0.351254942073732,0.581095901499734,TRUE,FALSE,"consumption__early_2009__change","consumption_iv__consumption__early_2009__change"
0.111513315688168,0.352719903974095,0.58033610383198,TRUE,FALSE,"consumption__early_2009__change","consumption_iv__consumption__early_2009__change"
0.112293129084588,0.35416516873505,0.579588681174766,TRUE,FALSE,"consumption__early_2009__change","consumption_iv__consumption__early_2009__change"
0.113072942481009,0.35559105329414,0.57885337034698,TRUE,FALSE,"consumption__early_2009__change","consumption_iv__consumption__early_2009__change"
0.11385275587743,0.356997869695964,0.578129914799008,TRUE,FALSE,"consumption__early_2009__change","consumption_iv__consumption__early_2009__change"
0.114632569273851,0.358385925116424,0.577418064427871,TRUE,FALSE,"consumption__early_2009__change","consumption_iv__consumption__early_2009__change"
0.115412382670271,0.359755521891186,0.576717575397637,TRUE,FALSE,"consumption__early_2009__change","consumption_iv__consumption__early_2009__change"
0.116192196066692,0.361106957547927,0.576028209964986,TRUE,FALSE,"consumption__early_2009__change","consumption_iv__consumption__early_2009__change"
0.116972009463113,0.36244052484192,0.575349736309865,TRUE,FALSE,"consumption__early_2009__change","consumption_iv__consumption__early_2009__change"
0.117751822859534,0.363756511794888,0.574681928370952,TRUE,FALSE,"consumption__early_2009__change","consumption_iv__consumption__early_2009__change"
0.118531636255954,0.365055201736605,0.57402456568594,TRUE,FALSE,"consumption__early_2009__change","consumption_iv__consumption__early_2009__change"
0.119311449652375,0.366336873349013,0.573377433236452,TRUE,FALSE,"consumption__early_2009__change","consumption_iv__consumption__early_2009__change"
0.120091263048796,0.367601800712705,0.572740321297438,TRUE,FALSE,"consumption__early_2009__change","consumption_iv__consumption__early_2009__change"
0.120871076445217,0.368850253355447,0.57211302529095,TRUE,FALSE,"consumption__early_2009__change","consumption_iv__consumption__early_2009__change"
0.121650889841637,0.37008249630234,0.571495345644273,TRUE,FALSE,"consumption__early_2009__change","consumption_iv__consumption__early_2009__change"
0.122430703238058,0.371298790127898,0.570887087652034,TRUE,FALSE,"consumption__early_2009__change","consumption_iv__consumption__early_2009__change"
0.123210516634479,0.372499391009126,0.570288061342549,TRUE,FALSE,"consumption__early_2009__change","consumption_iv__consumption__early_2009__change"
0.1239903300309,0.373684550780329,0.569698081347825,TRUE,FALSE,"consumption__early_2009__change","consumption_iv__consumption__early_2009__change"
0.12477014342732,0.374854516988479,0.569116966777608,TRUE,FALSE,"consumption__early_2009__change","consumption_iv__consumption__early_2009__change"
0.125549956823741,0.376009532949805,0.568544541096964,TRUE,FALSE,"consumption__early_2009__change","consumption_iv__consumption__early_2009__change"
0.126329770220162,0.377149837807002,0.567980632007502,TRUE,FALSE,"consumption__early_2009__change","consumption_iv__consumption__early_2009__change"
0.127109583616583,0.378275666587107,0.567425071332055,TRUE,FALSE,"consumption__early_2009__change","consumption_iv__consumption__early_2009__change"
0.127889397013003,0.379387250259872,0.566877694902732,TRUE,FALSE,"consumption__early_2009__change","consumption_iv__consumption__early_2009__change"
0.128669210409424,0.380484815796373,0.566338342452317,TRUE,FALSE,"consumption__early_2009__change","consumption_iv__consumption__early_2009__change"
0.129449023805845,0.381568586228222,0.565806857508683,TRUE,FALSE,"consumption__early_2009__change","consumption_iv__consumption__early_2009__change"
0.130228837202266,0.382638780706444,0.565283087292541,TRUE,FALSE,"consumption__early_2009__change","consumption_iv__consumption__early_2009__change"
0.131008650598686,0.383695614561007,0.564766882617897,TRUE,FALSE,"consumption__early_2009__change","consumption_iv__consumption__early_2009__change"
0.131788463995107,0.384739299359852,0.564258097795664,TRUE,FALSE,"consumption__early_2009__change","consumption_iv__consumption__early_2009__change"
0.132568277391528,0.385770042968158,0.563756590539925,TRUE,FALSE,"consumption__early_2009__change","consumption_iv__consumption__early_2009__change"
0.133348090787949,0.386788049607309,0.563262221877009,TRUE,FALSE,"consumption__early_2009__change","consumption_iv__consumption__early_2009__change"
0.134127904184369,0.387793519913688,0.562774856057194,TRUE,FALSE,"consumption__early_2009__change","consumption_iv__consumption__early_2009__change"
0.13490771758079,0.388786650997185,0.562294360468983,TRUE,FALSE,"consumption__early_2009__change","consumption_iv__consumption__early_2009__change"
0.135687530977211,0.389767636499378,0.561820605555869,TRUE,FALSE,"consumption__early_2009__change","consumption_iv__consumption__early_2009__change"
0.136467344373632,0.390736666651354,0.561353464735516,TRUE,FALSE,"consumption__early_2009__change","consumption_iv__consumption__early_2009__change"
0.137247157770052,0.391693928331033,0.560892814321313,TRUE,FALSE,"consumption__early_2009__change","consumption_iv__consumption__early_2009__change"
0.138026971166473,0.392639605120012,0.560438533446206,TRUE,FALSE,"consumption__early_2009__change","consumption_iv__consumption__early_2009__change"
0.138806784562894,0.393573877360192,0.559990503988603,TRUE,FALSE,"consumption__early_2009__change","consumption_iv__consumption__early_2009__change"
0.139586597959315,0.394496922209434,0.559548610500621,TRUE,FALSE,"consumption__early_2009__change","consumption_iv__consumption__early_2009__change"
0.140366411355735,0.395408913696916,0.559112740138284,TRUE,FALSE,"consumption__early_2009__change","consumption_iv__consumption__early_2009__change"
0.141146224752156,0.396310022777859,0.558682782593738,TRUE,FALSE,"consumption__early_2009__change","consumption_iv__consumption__early_2009__change"
0.141926038148577,0.397200417387603,0.558258630029442,TRUE,FALSE,"consumption__early_2009__change","consumption_iv__consumption__early_2009__change"
0.142705851544998,0.398080262495099,0.557840177014216,TRUE,FALSE,"consumption__early_2009__change","consumption_iv__consumption__early_2009__change"
0.143485664941418,0.398949720155645,0.557427320461173,TRUE,FALSE,"consumption__early_2009__change","consumption_iv__consumption__early_2009__change"
0.144265478337839,0.399808949563047,0.557019959567379,TRUE,FALSE,"consumption__early_2009__change","consumption_iv__consumption__early_2009__change"
0.14504529173426,0.400658107101077,0.556617995755242,TRUE,FALSE,"consumption__early_2009__change","consumption_iv__consumption__early_2009__change"
0.145825105130681,0.401497346394215,0.556221332615587,TRUE,FALSE,"consumption__early_2009__change","consumption_iv__consumption__early_2009__change"
0.146604918527101,0.40232681835763,0.555829875852364,TRUE,FALSE,"consumption__early_2009__change","consumption_iv__consumption__early_2009__change"
0.147384731923522,0.403146671246598,0.555443533228868,TRUE,FALSE,"consumption__early_2009__change","consumption_iv__consumption__early_2009__change"
0.148164545319943,0.403957050705032,0.555062214515547,TRUE,FALSE,"consumption__early_2009__change","consumption_iv__consumption__early_2009__change"
0.148944358716364,0.40475809981341,0.554685831439237,TRUE,FALSE,"consumption__early_2009__change","consumption_iv__consumption__early_2009__change"
0.149724172112784,0.405549959135874,0.554314297633868,TRUE,FALSE,"consumption__early_2009__change","consumption_iv__consumption__early_2009__change"
0.150503985509205,0.406332766766718,0.553947528592508,TRUE,FALSE,"consumption__early_2009__change","consumption_iv__consumption__early_2009__change"
0.151283798905626,0.407106658376025,0.553585441620801,TRUE,FALSE,"consumption__early_2009__change","consumption_iv__consumption__early_2009__change"
0.152063612302047,0.407871767254605,0.553227955791698,TRUE,FALSE,"consumption__early_2009__change","consumption_iv__consumption__early_2009__change"
0.152843425698467,0.408628224358281,0.552874991901418,TRUE,FALSE,"consumption__early_2009__change","consumption_iv__consumption__early_2009__change"
0.153623239094888,0.409376158351295,0.552526472426699,TRUE,FALSE,"consumption__early_2009__change","consumption_iv__consumption__early_2009__change"
0.154403052491309,0.410115695649103,0.552182321483196,TRUE,FALSE,"consumption__early_2009__change","consumption_iv__consumption__early_2009__change"
0.15518286588773,0.410846960460495,0.551842464785,TRUE,FALSE,"consumption__early_2009__change","consumption_iv__consumption__early_2009__change"
0.15596267928415,0.411570074828745,0.5515068296054,TRUE,FALSE,"consumption__early_2009__change","consumption_iv__consumption__early_2009__change"
-0.133489906141263,0.463546383018867,0.523403865074791,TRUE,FALSE,"consumption__medium_2011__ancova","consumption_iv__consumption__medium_2011__ancova"
-0.132822456610556,0.462114644821332,0.524021314844298,TRUE,FALSE,"consumption__medium_2011__ancova","consumption_iv__consumption__medium_2011__ancova"
-0.13215500707985,0.460671346958296,0.524645207148627,TRUE,FALSE,"consumption__medium_2011__ancova","consumption_iv__consumption__medium_2011__ancova"
-0.131487557549144,0.459216358794159,0.525275640512587,TRUE,FALSE,"consumption__medium_2011__ancova","consumption_iv__consumption__medium_2011__ancova"
-0.130820108018437,0.457749547932531,0.525912715426455,TRUE,FALSE,"consumption__medium_2011__ancova","consumption_iv__consumption__medium_2011__ancova"
-0.130152658487731,0.456270780192871,0.526556534393883,TRUE,FALSE,"consumption__medium_2011__ancova","consumption_iv__consumption__medium_2011__ancova"
-0.129485208957025,0.454779919586631,0.527207201981338,TRUE,FALSE,"consumption__medium_2011__ancova","consumption_iv__consumption__medium_2011__ancova"
-0.128817759426318,0.453276828293768,0.527864824868758,TRUE,FALSE,"consumption__medium_2011__ancova","consumption_iv__consumption__medium_2011__ancova"
-0.128150309895612,0.451761366638954,0.528529511901747,TRUE,FALSE,"consumption__medium_2011__ancova","consumption_iv__consumption__medium_2011__ancova"
-0.127482860364906,0.450233393067525,0.529201374145369,TRUE,FALSE,"consumption__medium_2011__ancova","consumption_iv__consumption__medium_2011__ancova"
-0.126815410834199,0.448692764121584,0.529880524939405,TRUE,FALSE,"consumption__medium_2011__ancova","consumption_iv__consumption__medium_2011__ancova"
-0.126147961303493,0.447139334416197,0.530567079955165,TRUE,FALSE,"consumption__medium_2011__ancova","consumption_iv__consumption__medium_2011__ancova"
-0.125480511772787,0.445572956615049,0.531261157254189,TRUE,FALSE,"consumption__medium_2011__ancova","consumption_iv__consumption__medium_2011__ancova"
-0.124813062242081,0.443993481406654,0.531962877348428,TRUE,FALSE,"consumption__medium_2011__ancova","consumption_iv__consumption__medium_2011__ancova"
-0.124145612711374,0.442400757480285,0.532672363262339,TRUE,FALSE,"consumption__medium_2011__ancova","consumption_iv__consumption__medium_2011__ancova"
-0.123478163180668,0.440794631502056,0.533389740596765,TRUE,FALSE,"consumption__medium_2011__ancova","consumption_iv__consumption__medium_2011__ancova"
-0.122810713649962,0.439174948091022,0.534115137594757,TRUE,FALSE,"consumption__medium_2011__ancova","consumption_iv__consumption__medium_2011__ancova"
-0.122143264119255,0.437541549795366,0.534848685209347,TRUE,FALSE,"consumption__medium_2011__ancova","consumption_iv__consumption__medium_2011__ancova"
-0.121475814588549,0.435894277068896,0.535590517173301,TRUE,FALSE,"consumption__medium_2011__ancova","consumption_iv__consumption__medium_2011__ancova"
-0.120808365057843,0.434232968247475,0.536340770071055,TRUE,FALSE,"consumption__medium_2011__ancova","consumption_iv__consumption__medium_2011__ancova"
-0.120140915527136,0.432557459525858,0.537099583412754,TRUE,FALSE,"consumption__medium_2011__ancova","consumption_iv__consumption__medium_2011__ancova"
-0.11947346599643,0.430867584934639,0.537867099710588,TRUE,FALSE,"consumption__medium_2011__ancova","consumption_iv__consumption__medium_2011__ancova"
-0.118806016465724,0.429163176317664,0.538643464557377,TRUE,FALSE,"consumption__medium_2011__ancova","consumption_iv__consumption__medium_2011__ancova"
-0.118138566935017,0.427444063309496,0.539428826707688,TRUE,FALSE,"consumption__medium_2011__ancova","consumption_iv__consumption__medium_2011__ancova"
-0.117471117404311,0.425710073313613,0.540223338161279,TRUE,FALSE,"consumption__medium_2011__ancova","consumption_iv__consumption__medium_2011__ancova"
-0.116803667873605,0.423961031480843,0.541027154249215,TRUE,FALSE,"consumption__medium_2011__ancova","consumption_iv__consumption__medium_2011__ancova"
-0.116136218342898,0.422196760688276,0.541840433722638,TRUE,FALSE,"consumption__medium_2011__ancova","consumption_iv__consumption__medium_2011__ancova"
-0.115468768812192,0.420417081518894,0.542663338844235,TRUE,FALSE,"consumption__medium_2011__ancova","consumption_iv__consumption__medium_2011__ancova"
-0.114801319281486,0.418621812241615,0.543496035482638,TRUE,FALSE,"consumption__medium_2011__ancova","consumption_iv__consumption__medium_2011__ancova"
-0.11413386975078,0.416810768792242,0.544338693209682,TRUE,FALSE,"consumption__medium_2011__ancova","consumption_iv__consumption__medium_2011__ancova"
-0.113466420220073,0.414983764754964,0.545191485400808,TRUE,FALSE,"consumption__medium_2011__ancova","consumption_iv__consumption__medium_2011__ancova"
-0.112798970689367,0.413140611344954,0.546054589338516,TRUE,FALSE,"consumption__medium_2011__ancova","consumption_iv__consumption__medium_2011__ancova"
-0.112131521158661,0.411281117391662,0.546928186319193,TRUE,FALSE,"consumption__medium_2011__ancova","consumption_iv__consumption__medium_2011__ancova"
-0.111464071627954,0.409405089323173,0.547812461763307,TRUE,FALSE,"consumption__medium_2011__ancova","consumption_iv__consumption__medium_2011__ancova"
-0.110796622097248,0.407512331151848,0.548707605329037,TRUE,FALSE,"consumption__medium_2011__ancova","consumption_iv__consumption__medium_2011__ancova"
-0.110129172566542,0.405602644460949,0.549613811029636,TRUE,FALSE,"consumption__medium_2011__ancova","consumption_iv__consumption__medium_2011__ancova"
-0.109461723035835,0.40367582839265,0.550531277354537,TRUE,FALSE,"consumption__medium_2011__ancova","consumption_iv__consumption__medium_2011__ancova"
-0.108794273505129,0.401731679637743,0.551460207394235,TRUE,FALSE,"consumption__medium_2011__ancova","consumption_iv__consumption__medium_2011__ancova"
-0.108126823974423,0.399769992426469,0.552400808969417,TRUE,FALSE,"consumption__medium_2011__ancova","consumption_iv__consumption__medium_2011__ancova"
-0.107459374443716,0.397790558521346,0.553353294764134,TRUE,FALSE,"consumption__medium_2011__ancova","consumption_iv__consumption__medium_2011__ancova"
-0.10679192491301,0.39579316721178,0.554317882463342,TRUE,FALSE,"consumption__medium_2011__ancova","consumption_iv__consumption__medium_2011__ancova"
-0.106124475382304,0.393777605310607,0.555294794894957,TRUE,FALSE,"consumption__medium_2011__ancova","consumption_iv__consumption__medium_2011__ancova"
-0.105457025851597,0.391743657152852,0.556284260176545,TRUE,FALSE,"consumption__medium_2011__ancova","consumption_iv__consumption__medium_2011__ancova"
-0.104789576320891,0.389691104596756,0.557286511866854,TRUE,FALSE,"consumption__medium_2011__ancova","consumption_iv__consumption__medium_2011__ancova"
-0.104122126790185,0.387619727027281,0.558301789122373,TRUE,FALSE,"consumption__medium_2011__ancova","consumption_iv__consumption__medium_2011__ancova"
-0.103454677259479,0.385529301362393,0.559330336859037,TRUE,FALSE,"consumption__medium_2011__ancova","consumption_iv__consumption__medium_2011__ancova"
-0.102787227728772,0.383419602062175,0.560372405919343,TRUE,FALSE,"consumption__medium_2011__ancova","consumption_iv__consumption__medium_2011__ancova"
-0.102119778198066,0.381290401141033,0.561428253245061,TRUE,FALSE,"consumption__medium_2011__ancova","consumption_iv__consumption__medium_2011__ancova"
-0.10145232866736,0.379141468183397,0.562498142055667,TRUE,FALSE,"consumption__medium_2011__ancova","consumption_iv__consumption__medium_2011__ancova"
-0.100784879136653,0.37697257036286,0.563582342032852,TRUE,FALSE,"consumption__medium_2011__ancova","consumption_iv__consumption__medium_2011__ancova"
-0.100117429605947,0.374783472465276,0.564681129511212,TRUE,FALSE,"consumption__medium_2011__ancova","consumption_iv__consumption__medium_2011__ancova"
-0.0994499800752406,0.372573936916042,0.565794787675378,TRUE,FALSE,"consumption__medium_2011__ancova","consumption_iv__consumption__medium_2011__ancova"
-0.0987825305445343,0.370343723811672,0.566923606763925,TRUE,FALSE,"consumption__medium_2011__ancova","consumption_iv__consumption__medium_2011__ancova"
-0.098115081013828,0.368092590956406,0.568067884280098,TRUE,FALSE,"consumption__medium_2011__ancova","consumption_iv__consumption__medium_2011__ancova"
-0.0974476314831217,0.365820293903724,0.569227925209847,TRUE,FALSE,"consumption__medium_2011__ancova","consumption_iv__consumption__medium_2011__ancova"
-0.0967801819524154,0.363526586003398,0.57040404224732,TRUE,FALSE,"consumption__medium_2011__ancova","consumption_iv__consumption__medium_2011__ancova"
-0.0961127324217091,0.361211218454505,0.571596556028064,TRUE,FALSE,"consumption__medium_2011__ancova","consumption_iv__consumption__medium_2011__ancova"
-0.0954452828910027,0.358873940364578,0.572805795370351,TRUE,FALSE,"consumption__medium_2011__ancova","consumption_iv__consumption__medium_2011__ancova"
-0.0947778333602964,0.356514498815689,0.574032097524756,TRUE,FALSE,"consumption__medium_2011__ancova","consumption_iv__consumption__medium_2011__ancova"
-0.0941103838295901,0.354132638937498,0.575275808432518,TRUE,FALSE,"consumption__medium_2011__ancova","consumption_iv__consumption__medium_2011__ancova"
-0.0934429342988838,0.351728103988173,0.576537282992816,TRUE,FALSE,"consumption__medium_2011__ancova","consumption_iv__consumption__medium_2011__ancova"
-0.0927754847681775,0.349300635443496,0.57781688533939,TRUE,FALSE,"consumption__medium_2011__ancova","consumption_iv__consumption__medium_2011__ancova"
-0.0921080352374712,0.346849973094705,0.5791149891269,TRUE,FALSE,"consumption__medium_2011__ancova","consumption_iv__consumption__medium_2011__ancova"
-0.0914405857067649,0.344375855155892,0.580431977827251,TRUE,FALSE,"consumption__medium_2011__ancova","consumption_iv__consumption__medium_2011__ancova"
-0.0907731361760586,0.341878018381255,0.581768245036463,TRUE,FALSE,"consumption__medium_2011__ancova","consumption_iv__consumption__medium_2011__ancova"
-0.0901056866453522,0.339356198193245,0.583124194792286,TRUE,FALSE,"consumption__medium_2011__ancova","consumption_iv__consumption__medium_2011__ancova"
-0.0894382371146459,0.336810128822155,0.58450024190307,TRUE,FALSE,"consumption__medium_2011__ancova","consumption_iv__consumption__medium_2011__ancova"
-0.0887707875839396,0.334239543457891,0.585896812288352,TRUE,FALSE,"consumption__medium_2011__ancova","consumption_iv__consumption__medium_2011__ancova"
-0.0881033380532333,0.331644174414855,0.587314343331511,TRUE,FALSE,"consumption__medium_2011__ancova","consumption_iv__consumption__medium_2011__ancova"
-0.087435888522527,0.329023753310858,0.588753284244983,TRUE,FALSE,"consumption__medium_2011__ancova","consumption_iv__consumption__medium_2011__ancova"
-0.0867684389918207,0.326378011260834,0.59021409644856,TRUE,FALSE,"consumption__medium_2011__ancova","consumption_iv__consumption__medium_2011__ancova"
-0.0861009894611144,0.323706679086575,0.591697253961175,TRUE,FALSE,"consumption__medium_2011__ancova","consumption_iv__consumption__medium_2011__ancova"
-0.0854335399304081,0.3210094875433,0.593203243806814,TRUE,FALSE,"consumption__medium_2011__ancova","consumption_iv__consumption__medium_2011__ancova"
-0.0847660903997017,0.318286167564521,0.594732566434911,TRUE,FALSE,"consumption__medium_2011__ancova","consumption_iv__consumption__medium_2011__ancova"
-0.0840986408689954,0.315536450526239,0.59628573615588,TRUE,FALSE,"consumption__medium_2011__ancova","consumption_iv__consumption__medium_2011__ancova"
-0.0834311913382891,0.312760068531572,0.597863281592442,TRUE,FALSE,"consumption__medium_2011__ancova","consumption_iv__consumption__medium_2011__ancova"
-0.0827637418075828,0.309956754717631,0.599465746147115,TRUE,FALSE,"consumption__medium_2011__ancova","consumption_iv__consumption__medium_2011__ancova"
-0.0820962922768765,0.30712624358584,0.601093688486614,TRUE,FALSE,"consumption__medium_2011__ancova","consumption_iv__consumption__medium_2011__ancova"
-0.0814288427461702,0.304268271357193,0.602747683043838,TRUE,FALSE,"consumption__medium_2011__ancova","consumption_iv__consumption__medium_2011__ancova"
-0.0807613932154639,0.301382576354494,0.604428320537871,TRUE,FALSE,"consumption__medium_2011__ancova","consumption_iv__consumption__medium_2011__ancova"
-0.0800939436847576,0.298468899412819,0.606136208512997,TRUE,FALSE,"consumption__medium_2011__ancova","consumption_iv__consumption__medium_2011__ancova"
-0.0794264941540512,0.295526984320683,0.607871971897059,TRUE,FALSE,"consumption__medium_2011__ancova","consumption_iv__consumption__medium_2011__ancova"
-0.0787590446233449,0.292556578293516,0.609636253580145,TRUE,FALSE,"consumption__medium_2011__ancova","consumption_iv__consumption__medium_2011__ancova"
-0.0780915950926386,0.289557432481765,0.611429715014215,TRUE,FALSE,"consumption__medium_2011__ancova","consumption_iv__consumption__medium_2011__ancova"
-0.0774241455619323,0.286529302515981,0.613253036834416,TRUE,FALSE,"consumption__medium_2011__ancova","consumption_iv__consumption__medium_2011__ancova"
-0.076756696031226,0.283471949091224,0.61510691950292,TRUE,FALSE,"consumption__medium_2011__ancova","consumption_iv__consumption__medium_2011__ancova"
-0.0760892465005197,0.280385138593581,0.616992083975965,TRUE,FALSE,"consumption__medium_2011__ancova","consumption_iv__consumption__medium_2011__ancova"
-0.0754217969698134,0.277268643771382,0.618909272395066,TRUE,FALSE,"consumption__medium_2011__ancova","consumption_iv__consumption__medium_2011__ancova"
-0.074754347439107,0.274122244454215,0.620859248803126,TRUE,FALSE,"consumption__medium_2011__ancova","consumption_iv__consumption__medium_2011__ancova"
-0.0740868979084007,0.270945728323158,0.622842799886171,TRUE,FALSE,"consumption__medium_2011__ancova","consumption_iv__consumption__medium_2011__ancova"
-0.0734194483776944,0.267738891734883,0.624860735742022,TRUE,FALSE,"consumption__medium_2011__ancova","consumption_iv__consumption__medium_2011__ancova"
-0.0727519988469881,0.264501540604252,0.626913890676162,TRUE,FALSE,"consumption__medium_2011__ancova","consumption_iv__consumption__medium_2011__ancova"
-0.0720845493162818,0.261233491348534,0.629003124026147,TRUE,FALSE,"consumption__medium_2011__ancova","consumption_iv__consumption__medium_2011__ancova"
-0.0714170997855755,0.257934571897578,0.631129321015333,TRUE,FALSE,"consumption__medium_2011__ancova","consumption_iv__consumption__medium_2011__ancova"
-0.0707496502548692,0.254604622774335,0.633293393636832,TRUE,FALSE,"consumption__medium_2011__ancova","consumption_iv__consumption__medium_2011__ancova"
-0.0700822007241629,0.251243498250557,0.635496281568503,TRUE,FALSE,"consumption__medium_2011__ancova","consumption_iv__consumption__medium_2011__ancova"
-0.0694147511934565,0.247851067582393,0.637738953120102,TRUE,FALSE,"consumption__medium_2011__ancova","consumption_iv__consumption__medium_2011__ancova"
-0.0687473016627502,0.244427216331334,0.640022406213411,TRUE,FALSE,"consumption__medium_2011__ancova","consumption_iv__consumption__medium_2011__ancova"
-0.0680798521320439,0.240971847776359,0.64234766939614,TRUE,FALSE,"consumption__medium_2011__ancova","consumption_iv__consumption__medium_2011__ancova"
-0.0674124026013376,0.237484884422976,0.644715802890749,TRUE,FALSE,"consumption__medium_2011__ancova","consumption_iv__consumption__medium_2011__ancova"
-0.0667449530706313,0.233966269616067,0.647127899678771,TRUE,FALSE,"consumption__medium_2011__ancova","consumption_iv__consumption__medium_2011__ancova"
-0.066077503539925,0.230415969262932,0.649585086621793,TRUE,FALSE,"consumption__medium_2011__ancova","consumption_iv__consumption__medium_2011__ancova"
-0.0654100540092187,0.226833973674257,0.652088525619696,TRUE,FALSE,"consumption__medium_2011__ancova","consumption_iv__consumption__medium_2011__ancova"
-0.0647426044785124,0.223220299530627,0.65463941480703,TRUE,FALSE,"consumption__medium_2011__ancova","consumption_iv__consumption__medium_2011__ancova"
-0.064075154947806,0.219574991983216,0.657238989788054,TRUE,FALSE,"consumption__medium_2011__ancova","consumption_iv__consumption__medium_2011__ancova"
-0.0634077054170997,0.215898126896935,0.65988852491153,TRUE,FALSE,"consumption__medium_2011__ancova","consumption_iv__consumption__medium_2011__ancova"
-0.0627402558863934,0.212189813246265,0.662589334585299,TRUE,FALSE,"consumption__medium_2011__ancova","consumption_iv__consumption__medium_2011__ancova"
-0.0620728063556871,0.208450195673365,0.665342774631466,TRUE,FALSE,"consumption__medium_2011__ancova","consumption_iv__consumption__medium_2011__ancova"
-0.0614053568249808,0.204679457219165,0.668150243682603,TRUE,FALSE,"consumption__medium_2011__ancova","consumption_iv__consumption__medium_2011__ancova"
-0.0607379072942745,0.200877822239523,0.671013184618725,TRUE,FALSE,"consumption__medium_2011__ancova","consumption_iv__consumption__medium_2011__ancova"
-0.0600704577635682,0.197045559517612,0.673933086045862,TRUE,FALSE,"consumption__medium_2011__ancova","consumption_iv__consumption__medium_2011__ancova"
-0.0594030082328618,0.193182985586463,0.676911483815409,TRUE,FALSE,"consumption__medium_2011__ancova","consumption_iv__consumption__medium_2011__ancova"
-0.0587355587021555,0.189290468275012,0.679949962584289,TRUE,FALSE,"consumption__medium_2011__ancova","consumption_iv__consumption__medium_2011__ancova"
-0.0580681091714492,0.185368430492144,0.683050157415484,TRUE,FALSE,"consumption__medium_2011__ancova","consumption_iv__consumption__medium_2011__ancova"
-0.0574006596407429,0.181417354264842,0.686213755417757,TRUE,FALSE,"consumption__medium_2011__ancova","consumption_iv__consumption__medium_2011__ancova"
-0.0567332101100366,0.177437785046448,0.689442497423818,TRUE,FALSE,"consumption__medium_2011__ancova","consumption_iv__consumption__medium_2011__ancova"
-0.0560657605793303,0.17343033631317,0.692738179705066,TRUE,FALSE,"consumption__medium_2011__ancova","consumption_iv__consumption__medium_2011__ancova"
-0.055398311048624,0.169395694467124,0.696102655721293,TRUE,FALSE,"consumption__medium_2011__ancova","consumption_iv__consumption__medium_2011__ancova"
-0.0547308615179177,0.165334624065844,0.699537837902903,TRUE,FALSE,"consumption__medium_2011__ancova","consumption_iv__consumption__medium_2011__ancova"
-0.0540634119872113,0.161247973399251,0.703045699462814,TRUE,FALSE,"consumption__medium_2011__ancova","consumption_iv__consumption__medium_2011__ancova"
-0.053395962456505,0.157136680436536,0.706628276234392,TRUE,FALSE,"consumption__medium_2011__ancova","consumption_iv__consumption__medium_2011__ancova"
-0.0527285129257987,0.153001779166098,0.710287668531659,TRUE,FALSE,"consumption__medium_2011__ancova","consumption_iv__consumption__medium_2011__ancova"
-0.0520610633950924,0.148844406353786,0.714026043026648,TRUE,FALSE,"consumption__medium_2011__ancova","consumption_iv__consumption__medium_2011__ancova"
-0.0513936138643861,0.144665808745585,0.717845634638353,TRUE,FALSE,"consumption__medium_2011__ancova","consumption_iv__consumption__medium_2011__ancova"
-0.0507261643336798,0.14046735074259,0.721748748426615,TRUE,FALSE,"consumption__medium_2011__ancova","consumption_iv__consumption__medium_2011__ancova"
-0.0500587148029735,0.136250522577409,0.725737761483383,TRUE,FALSE,"consumption__medium_2011__ancova","consumption_iv__consumption__medium_2011__ancova"
-0.0493912652722672,0.132016949022799,0.729815124812577,TRUE,FALSE,"consumption__medium_2011__ancova","consumption_iv__consumption__medium_2011__ancova"
-0.0487238157415608,0.127768398664947,0.733983365188373,TRUE,FALSE,"consumption__medium_2011__ancova","consumption_iv__consumption__medium_2011__ancova"
-0.0480563662108545,0.123506793775237,0.738245086980521,TRUE,FALSE,"consumption__medium_2011__ancova","consumption_iv__consumption__medium_2011__ancova"
-0.0473889166801482,0.119234220816153,0.742602973933442,TRUE,FALSE,"consumption__medium_2011__ancova","consumption_iv__consumption__medium_2011__ancova"
-0.0467214671494419,0.114952941618135,0.747059790884542,TRUE,FALSE,"consumption__medium_2011__ancova","consumption_iv__consumption__medium_2011__ancova"
-0.0460540176187356,0.110665405266529,0.75161838540447,TRUE,FALSE,"consumption__medium_2011__ancova","consumption_iv__consumption__medium_2011__ancova"
-0.0453865680880293,0.106374260738238,0.756281689340943,TRUE,FALSE,"consumption__medium_2011__ancova","consumption_iv__consumption__medium_2011__ancova"
-0.044719118557323,0.102082370330315,0.761052720244165,TRUE,FALSE,"consumption__medium_2011__ancova","consumption_iv__consumption__medium_2011__ancova"
-0.0440516690266167,0.0977928239231574,0.765934582650257,TRUE,FALSE,"consumption__medium_2011__ancova","consumption_iv__consumption__medium_2011__ancova"
-0.0433842194959103,0.0935089541225737,0.770930469195795,TRUE,FALSE,"consumption__medium_2011__ancova","consumption_iv__consumption__medium_2011__ancova"
-0.042716769965204,0.0892343523261574,0.776043661533266,TRUE,FALSE,"consumption__medium_2011__ancova","consumption_iv__consumption__medium_2011__ancova"
-0.0420493204344977,0.0849728857600157,0.781277531014035,TRUE,FALSE,"consumption__medium_2011__ancova","consumption_iv__consumption__medium_2011__ancova"
-0.0413818709037914,0.0807287155324626,0.786635539101629,TRUE,FALSE,"consumption__medium_2011__ancova","consumption_iv__consumption__medium_2011__ancova"
-0.0407144213730851,0.0765063157517035,0.792121237473727,TRUE,FALSE,"consumption__medium_2011__ancova","consumption_iv__consumption__medium_2011__ancova"
-0.0400469718423788,0.0723104937539165,0.79773826776732,TRUE,FALSE,"consumption__medium_2011__ancova","consumption_iv__consumption__medium_2011__ancova"
-0.0393795223116725,0.0681464114879767,0.803490360915858,TRUE,FALSE,"consumption__medium_2011__ancova","consumption_iv__consumption__medium_2011__ancova"
-0.0387120727809662,0.0640196081010267,0.809381336022924,TRUE,FALSE,"consumption__medium_2011__ancova","consumption_iv__consumption__medium_2011__ancova"
-0.0380446232502598,0.0599360237677539,0.815415098710325,TRUE,FALSE,"consumption__medium_2011__ancova","consumption_iv__consumption__medium_2011__ancova"
-0.0373771737195535,0.0559020248025127,0.821595638873528,TRUE,FALSE,"consumption__medium_2011__ancova","consumption_iv__consumption__medium_2011__ancova"
-0.0367097241888472,0.0519244300902643,0.827927027769841,TRUE,FALSE,"consumption__medium_2011__ancova","consumption_iv__consumption__medium_2011__ancova"
-0.0360422746581409,0.048010538866442,0.83441341435889,TRUE,FALSE,"consumption__medium_2011__ancova","consumption_iv__consumption__medium_2011__ancova"
-0.0353748251274346,0.0441681598698676,0.841059020806981,TRUE,FALSE,"consumption__medium_2011__ancova","consumption_iv__consumption__medium_2011__ancova"
-0.0347073755967283,0.0404056418843224,0.847868137059912,TRUE,FALSE,"consumption__medium_2011__ancova","consumption_iv__consumption__medium_2011__ancova"
-0.034039926066022,0.0367319056745898,0.854845114380711,TRUE,FALSE,"consumption__medium_2011__ancova","consumption_iv__consumption__medium_2011__ancova"
-0.0333724765353157,0.033156477310727,0.86199435774053,TRUE,FALSE,"consumption__medium_2011__ancova","consumption_iv__consumption__medium_2011__ancova"
-0.0327050270046093,0.02968952285942,0.869320316943405,TRUE,FALSE,"consumption__medium_2011__ancova","consumption_iv__consumption__medium_2011__ancova"
-0.032037577473903,0.0263418844046487,0.876827476356054,TRUE,FALSE,"consumption__medium_2011__ancova","consumption_iv__consumption__medium_2011__ancova"
-0.0313701279431967,0.0231251173386831,0.884520343107179,TRUE,FALSE,"consumption__medium_2011__ancova","consumption_iv__consumption__medium_2011__ancova"
-0.0307026784124904,0.0200515288410298,0.892403433611818,TRUE,FALSE,"consumption__medium_2011__ancova","consumption_iv__consumption__medium_2011__ancova"
-0.0300352288817841,0.0171342174349521,0.900481258268888,TRUE,FALSE,"consumption__medium_2011__ancova","consumption_iv__consumption__medium_2011__ancova"
-0.0293677793510778,0.0143871134784307,0.908758304174432,TRUE,FALSE,"consumption__medium_2011__ancova","consumption_iv__consumption__medium_2011__ancova"
-0.0287003298203715,0.0118250204097558,0.917239015686022,TRUE,FALSE,"consumption__medium_2011__ancova","consumption_iv__consumption__medium_2011__ancova"
-0.0280328802896651,0.00946365652476003,0.925927772670709,TRUE,FALSE,"consumption__medium_2011__ancova","consumption_iv__consumption__medium_2011__ancova"
-0.0273654307589588,0.0073196970141292,0.934828866266474,TRUE,FALSE,"consumption__medium_2011__ancova","consumption_iv__consumption__medium_2011__ancova"
-0.0266979812282525,0.00541081593423175,0.94394647198634,TRUE,FALSE,"consumption__medium_2011__ancova","consumption_iv__consumption__medium_2011__ancova"
-0.0260305316975462,0.00375572772218567,0.953284619999127,TRUE,FALSE,"consumption__medium_2011__ancova","consumption_iv__consumption__medium_2011__ancova"
-0.0253630821668399,0.00237422779661472,0.962847162425165,TRUE,FALSE,"consumption__medium_2011__ancova","consumption_iv__consumption__medium_2011__ancova"
-0.0246956326361336,0.00128723170710452,0.972637737498938,TRUE,FALSE,"consumption__medium_2011__ancova","consumption_iv__consumption__medium_2011__ancova"
-0.0240281831054273,0.000516812209575145,0.982659730464501,TRUE,FALSE,"consumption__medium_2011__ancova","consumption_iv__consumption__medium_2011__ancova"
-0.023360733574721,8.62335495046112e-05,0.992916231092962,TRUE,FALSE,"consumption__medium_2011__ancova","consumption_iv__consumption__medium_2011__ancova"
-0.0226932840440146,1.99821311664821e-05,0.996590012259484,TRUE,FALSE,"consumption__medium_2011__ancova","consumption_iv__consumption__medium_2011__ancova"
-0.0220258345133083,0.000343792638490709,0.985856642097607,TRUE,FALSE,"consumption__medium_2011__ancova","consumption_iv__consumption__medium_2011__ancova"
-0.021358384982602,0.0010846685520798,0.974881744735865,TRUE,FALSE,"consumption__medium_2011__ancova","consumption_iv__consumption__medium_2011__ancova"
-0.0206909354518957,0.00227089587808104,0.963663906691896,TRUE,FALSE,"consumption__medium_2011__ancova","consumption_iv__consumption__medium_2011__ancova"
-0.0200234859211894,0.00393204876911464,0.95220227440007,TRUE,FALSE,"consumption__medium_2011__ancova","consumption_iv__consumption__medium_2011__ancova"
-0.0193560363904831,0.00609898557671349,0.940496617042154,TRUE,FALSE,"consumption__medium_2011__ancova","consumption_iv__consumption__medium_2011__ancova"
-0.0186885868597768,0.0088038337312895,0.928547392199894,TRUE,FALSE,"consumption__medium_2011__ancova","consumption_iv__consumption__medium_2011__ancova"
-0.0180211373290705,0.0120799617017115,0.916355813932458,TRUE,FALSE,"consumption__medium_2011__ancova","consumption_iv__consumption__medium_2011__ancova"
-0.0173536877983641,0.0159619361467109,0.903923922763883,TRUE,FALSE,"consumption__medium_2011__ancova","consumption_iv__consumption__medium_2011__ancova"
-0.0166862382676578,0.0204854622383858,0.891254656938097,TRUE,FALSE,"consumption__medium_2011__ancova","consumption_iv__consumption__medium_2011__ancova"
-0.0160187887369515,0.0256873050204703,0.878351924158726,TRUE,FALSE,"consumption__medium_2011__ancova","consumption_iv__consumption__medium_2011__ancova"
-0.0153513392062452,0.0316051895665008,0.86522067288336,TRUE,FALSE,"consumption__medium_2011__ancova","consumption_iv__consumption__medium_2011__ancova"
-0.0146838896755389,0.0382776776350028,0.851866962085335,TRUE,FALSE,"consumption__medium_2011__ancova","consumption_iv__consumption__medium_2011__ancova"
-0.0140164401448326,0.0457440184885226,0.838298028237809,TRUE,FALSE,"consumption__medium_2011__ancova","consumption_iv__consumption__medium_2011__ancova"
-0.0133489906141263,0.0540439715610275,0.82452234811891,TRUE,FALSE,"consumption__medium_2011__ancova","consumption_iv__consumption__medium_2011__ancova"
-0.01268154108342,0.0632175987371361,0.810549695885869,TRUE,FALSE,"consumption__medium_2011__ancova","consumption_iv__consumption__medium_2011__ancova"
-0.0120140915527136,0.0733050241566465,0.796391192732454,TRUE,FALSE,"consumption__medium_2011__ancova","consumption_iv__consumption__medium_2011__ancova"
-0.0113466420220073,0.0843461596954775,0.78205934732944,TRUE,FALSE,"consumption__medium_2011__ancova","consumption_iv__consumption__medium_2011__ancova"
-0.010679192491301,0.0963803946095337,0.767568085167116,TRUE,FALSE,"consumption__medium_2011__ancova","consumption_iv__consumption__medium_2011__ancova"
-0.0100117429605947,0.109446248277087,0.752932764876644,TRUE,FALSE,"consumption__medium_2011__ancova","consumption_iv__consumption__medium_2011__ancova"
-0.00934429342988839,0.123580985547785,0.738170179616875,TRUE,FALSE,"consumption__medium_2011__ancova","consumption_iv__consumption__medium_2011__ancova"
-0.00867684389918208,0.138820194914573,0.723298541681526,TRUE,FALSE,"consumption__medium_2011__ancova","consumption_iv__consumption__medium_2011__ancova"
-0.00800939436847575,0.155197330573978,0.70833744861963,TRUE,FALSE,"consumption__medium_2011__ancova","consumption_iv__consumption__medium_2011__ancova"
-0.00734194483776945,0.172743220432152,0.693307829377303,TRUE,FALSE,"consumption__medium_2011__ancova","consumption_iv__consumption__medium_2011__ancova"
-0.00667449530706313,0.191485543250021,0.678231869262149,TRUE,FALSE,"consumption__medium_2011__ancova","consumption_iv__consumption__medium_2011__ancova"
-0.00600704577635683,0.211448279382904,0.663132912912065,TRUE,FALSE,"consumption__medium_2011__ancova","consumption_iv__consumption__medium_2011__ancova"
-0.0053395962456505,0.23265114094779,0.648035344907612,TRUE,FALSE,"consumption__medium_2011__ancova","consumption_iv__consumption__medium_2011__ancova"
-0.0046721467149442,0.255108988708561,0.632964448201864,TRUE,FALSE,"consumption__medium_2011__ancova","consumption_iv__consumption__medium_2011__ancova"
-0.00400469718423788,0.278831244471267,0.617946241137352,TRUE,FALSE,"consumption__medium_2011__ancova","consumption_iv__consumption__medium_2011__ancova"
-0.00333724765353158,0.303821309275632,0.603007294461094,TRUE,FALSE,"consumption__medium_2011__ancova","consumption_iv__consumption__medium_2011__ancova"
-0.00266979812282525,0.330075999093307,0.588174530413481,TRUE,FALSE,"consumption__medium_2011__ancova","consumption_iv__consumption__medium_2011__ancova"
-0.00200234859211895,0.357585011025098,0.573475006628798,TRUE,FALSE,"consumption__medium_2011__ancova","consumption_iv__consumption__medium_2011__ancova"
-0.00133489906141263,0.386330434054432,0.558935688211014,TRUE,FALSE,"consumption__medium_2011__ancova","consumption_iv__consumption__medium_2011__ancova"
-0.000667449530706327,0.416286319166563,0.544583211912745,TRUE,FALSE,"consumption__medium_2011__ancova","consumption_iv__consumption__medium_2011__ancova"
0,0.447418324010412,0.530443646808179,TRUE,FALSE,"consumption__medium_2011__ancova","consumption_iv__consumption__medium_2011__ancova"
0.000667449530706299,0.479683447174902,0.516542256186957,TRUE,FALSE,"consumption__medium_2011__ancova","consumption_iv__consumption__medium_2011__ancova"
0.00133489906141263,0.51302986649891,0.502903265582241,TRUE,FALSE,"consumption__medium_2011__ancova","consumption_iv__consumption__medium_2011__ancova"
0.00200234859211892,0.547396894597627,0.489549641856134,TRUE,FALSE,"consumption__medium_2011__ancova","consumption_iv__consumption__medium_2011__ancova"
0.00266979812282525,0.582715062917662,0.476502888099501,TRUE,FALSE,"consumption__medium_2011__ancova","consumption_iv__consumption__medium_2011__ancova"
0.00333724765353155,0.61890634315073,0.463782858751559,TRUE,FALSE,"consumption__medium_2011__ancova","consumption_iv__consumption__medium_2011__ancova"
0.00400469718423788,0.655884511760995,0.451407598824776,TRUE,FALSE,"consumption__medium_2011__ancova","consumption_iv__consumption__medium_2011__ancova"
0.00467214671494418,0.693555659796113,0.439393210449502,TRUE,FALSE,"consumption__medium_2011__ancova","consumption_iv__consumption__medium_2011__ancova"
0.0053395962456505,0.731818846168465,0.427753749160296,TRUE,FALSE,"consumption__medium_2011__ancova","consumption_iv__consumption__medium_2011__ancova"
0.0060070457763568,0.770566888345781,0.41650115147259,TRUE,FALSE,"consumption__medium_2011__ancova","consumption_iv__consumption__medium_2011__ancova"
0.00667449530706313,0.809687280071646,0.405645194380242,TRUE,FALSE,"consumption__medium_2011__ancova","consumption_iv__consumption__medium_2011__ancova"
0.00734194483776943,0.849063221523493,0.395193486490882,TRUE,FALSE,"consumption__medium_2011__ancova","consumption_iv__consumption__medium_2011__ancova"
0.00800939436847575,0.88857474342111,0.385151489645921,TRUE,FALSE,"consumption__medium_2011__ancova","consumption_iv__consumption__medium_2011__ancova"
0.00867684389918205,0.928099903227786,0.3755225690824,TRUE,FALSE,"consumption__medium_2011__ancova","consumption_iv__consumption__medium_2011__ancova"
0.00934429342988838,0.96751602889346,0.366308069522871,TRUE,FALSE,"consumption__medium_2011__ancova","consumption_iv__consumption__medium_2011__ancova"
0.0100117429605947,1.00670098376287,0.35750741403998,TRUE,FALSE,"consumption__medium_2011__ancova","consumption_iv__consumption__medium_2011__ancova"
0.010679192491301,1.0455344253724,0.349118222160018,TRUE,FALSE,"consumption__medium_2011__ancova","consumption_iv__consumption__medium_2011__ancova"
0.0113466420220073,1.08389903098156,0.341136443438506,TRUE,FALSE,"consumption__medium_2011__ancova","consumption_iv__consumption__medium_2011__ancova"
0.0120140915527136,1.12168166379058,0.333556502665288,TRUE,FALSE,"consumption__medium_2011__ancova","consumption_iv__consumption__medium_2011__ancova"
0.0126815410834199,1.15877445585943,0.326371452916759,TRUE,FALSE,"consumption__medium_2011__ancova","consumption_iv__consumption__medium_2011__ancova"
0.0133489906141263,1.19507578662399,0.319573132857748,TRUE,FALSE,"consumption__medium_2011__ancova","consumption_iv__consumption__medium_2011__ancova"
0.0140164401448326,1.2304911394772,0.313152324976822,TRUE,FALSE,"consumption__medium_2011__ancova","consumption_iv__consumption__medium_2011__ancova"
0.0146838896755389,1.26493382293737,0.307098911796881,TRUE,FALSE,"consumption__medium_2011__ancova","consumption_iv__consumption__medium_2011__ancova"
0.0153513392062452,1.29832554728247,0.30140202750863,TRUE,FALSE,"consumption__medium_2011__ancova","consumption_iv__consumption__medium_2011__ancova"
0.0160187887369515,1.33059685195583,0.296050202908816,TRUE,FALSE,"consumption__medium_2011__ancova","consumption_iv__consumption__medium_2011__ancova"
0.0166862382676578,1.36168738337148,0.29103150196223,TRUE,FALSE,"consumption__medium_2011__ancova","consumption_iv__consumption__medium_2011__ancova"
0.0173536877983641,1.39154602677229,0.286333648731683,TRUE,FALSE,"consumption__medium_2011__ancova","consumption_iv__consumption__medium_2011__ancova"
0.0180211373290704,1.4201308993759,0.281944143818829,TRUE,FALSE,"consumption__medium_2011__ancova","consumption_iv__consumption__medium_2011__ancova"
0.0186885868597768,1.44740921508903,0.27785036981735,TRUE,FALSE,"consumption__medium_2011__ancova","consumption_iv__consumption__medium_2011__ancova"
0.0193560363904831,1.47335703347706,0.274039685597428,TRUE,FALSE,"consumption__medium_2011__ancova","consumption_iv__consumption__medium_2011__ancova"
0.0200234859211894,1.49795890744472,0.270499509507212,TRUE,FALSE,"consumption__medium_2011__ancova","consumption_iv__consumption__medium_2011__ancova"
0.0206909354518957,1.5212074451942,0.267217391796631,TRUE,FALSE,"consumption__medium_2011__ancova","consumption_iv__consumption__medium_2011__ancova"
0.021358384982602,1.54310280252276,0.264181076741399,TRUE,FALSE,"consumption__medium_2011__ancova","consumption_iv__consumption__medium_2011__ancova"
0.0220258345133083,1.56365212146204,0.261378555073558,TRUE,FALSE,"consumption__medium_2011__ancova","consumption_iv__consumption__medium_2011__ancova"
0.0226932840440146,1.58286893072283,0.258798107413831,TRUE,FALSE,"consumption__medium_2011__ancova","consumption_iv__consumption__medium_2011__ancova"
0.0233607335747209,1.6007725224711,0.256428339456519,TRUE,FALSE,"consumption__medium_2011__ancova","consumption_iv__consumption__medium_2011__ancova"
0.0240281831054273,1.61738731872837,0.254258209682939,TRUE,FALSE,"consumption__medium_2011__ancova","consumption_iv__consumption__medium_2011__ancova"
0.0246956326361336,1.63274223923985,0.252277050381714,TRUE,FALSE,"consumption__medium_2011__ancova","consumption_iv__consumption__medium_2011__ancova"
0.0253630821668399,1.64687008107684,0.250474582737367,TRUE,FALSE,"consumption__medium_2011__ancova","consumption_iv__consumption__medium_2011__ancova"
0.0260305316975462,1.6598069186129,0.248840926717281,TRUE,FALSE,"consumption__medium_2011__ancova","consumption_iv__consumption__medium_2011__ancova"
0.0266979812282525,1.67159153089209,0.247366606445953,TRUE,FALSE,"consumption__medium_2011__ancova","consumption_iv__consumption__medium_2011__ancova"
0.0273654307589588,1.68226486185783,0.246042551706431,TRUE,FALSE,"consumption__medium_2011__ancova","consumption_iv__consumption__medium_2011__ancova"
0.0280328802896651,1.69186951745305,0.244860096157144,TRUE,FALSE,"consumption__medium_2011__ancova","consumption_iv__consumption__medium_2011__ancova"
0.0287003298203714,1.70044930228801,0.243810972797333,TRUE,FALSE,"consumption__medium_2011__ancova","consumption_iv__consumption__medium_2011__ancova"
0.0293677793510778,1.70804879739887,0.242887307160431,TRUE,FALSE,"consumption__medium_2011__ancova","consumption_iv__consumption__medium_2011__ancova"
0.0300352288817841,1.71471297960451,0.24208160866232,TRUE,FALSE,"consumption__medium_2011__ancova","consumption_iv__consumption__medium_2011__ancova"
0.0307026784124904,1.7204868821217,0.24138676048031,TRUE,FALSE,"consumption__medium_2011__ancova","consumption_iv__consumption__medium_2011__ancova"
0.0313701279431967,1.72541529539242,0.240796008292346,TRUE,FALSE,"consumption__medium_2011__ancova","consumption_iv__consumption__medium_2011__ancova"
0.032037577473903,1.72954250652665,0.240302948161824,TRUE,FALSE,"consumption__medium_2011__ancova","consumption_iv__consumption__medium_2011__ancova"
0.0327050270046093,1.73291207534293,0.239901513813536,TRUE,FALSE,"consumption__medium_2011__ancova","consumption_iv__consumption__medium_2011__ancova"
0.0333724765353156,1.73556664468387,0.239585963510433,TRUE,FALSE,"consumption__medium_2011__ancova","consumption_iv__consumption__medium_2011__ancova"
0.0340399260660219,1.73754778248778,0.239350866708289,TRUE,FALSE,"consumption__medium_2011__ancova","consumption_iv__consumption__medium_2011__ancova"
0.0347073755967283,1.73889585298512,0.239191090636884,TRUE,FALSE,"consumption__medium_2011__ancova","consumption_iv__consumption__medium_2011__ancova"
0.0353748251274346,1.73964991435379,0.23910178693075,TRUE,FALSE,"consumption__medium_2011__ancova","consumption_iv__consumption__medium_2011__ancova"
0.0360422746581409,1.73984764019018,0.239078378410491,TRUE,FALSE,"consumption__medium_2011__ancova","consumption_iv__consumption__medium_2011__ancova"
0.0367097241888472,1.73952526222403,0.239116546096369,TRUE,FALSE,"consumption__medium_2011__ancova","consumption_iv__consumption__medium_2011__ancova"
0.0373771737195535,1.73871753181284,0.239212216519134,TRUE,FALSE,"consumption__medium_2011__ancova","consumption_iv__consumption__medium_2011__ancova"
0.0380446232502598,1.73745769788547,0.239361549378765,TRUE,FALSE,"consumption__medium_2011__ancova","consumption_iv__consumption__medium_2011__ancova"
0.0387120727809661,1.73577749915626,0.239560925589566,TRUE,FALSE,"consumption__medium_2011__ancova","consumption_iv__consumption__medium_2011__ancova"
0.0393795223116725,1.7337071685944,0.239806935739646,TRUE,FALSE,"consumption__medium_2011__ancova","consumption_iv__consumption__medium_2011__ancova"
0.0400469718423788,1.73127544829978,0.24009636898423,TRUE,FALSE,"consumption__medium_2011__ancova","consumption_iv__consumption__medium_2011__ancova"
0.0407144213730851,1.72850961310843,0.240426202384565,TRUE,FALSE,"consumption__medium_2011__ancova","consumption_iv__consumption__medium_2011__ancova"
0.0413818709037914,1.72543550141053,0.240793590698759,TRUE,FALSE,"consumption__medium_2011__ancova","consumption_iv__consumption__medium_2011__ancova"
0.0420493204344977,1.72207755183179,0.241195856624955,TRUE,FALSE,"consumption__medium_2011__ancova","consumption_iv__consumption__medium_2011__ancova"
0.042716769965204,1.71845884457152,0.241630481494219,TRUE,FALSE,"consumption__medium_2011__ancova","consumption_iv__consumption__medium_2011__ancova"
0.0433842194959103,1.7146011463406,0.242095096406427,TRUE,FALSE,"consumption__medium_2011__ancova","consumption_iv__consumption__medium_2011__ancova"
0.0440516690266166,1.71052495797267,0.24258747380005,TRUE,FALSE,"consumption__medium_2011__ancova","consumption_iv__consumption__medium_2011__ancova"
0.044719118557323,1.70624956390112,0.243105519445076,TRUE,FALSE,"consumption__medium_2011__ancova","consumption_iv__consumption__medium_2011__ancova"
0.0453865680880293,1.70179308281075,0.243647264846135,TRUE,FALSE,"consumption__medium_2011__ancova","consumption_iv__consumption__medium_2011__ancova"
0.0460540176187356,1.69717251887032,0.244210860042194,TRUE,FALSE,"consumption__medium_2011__ancova","consumption_iv__consumption__medium_2011__ancova"
0.0467214671494419,1.69240381304435,0.244794566788191,TRUE,FALSE,"consumption__medium_2011__ancova","consumption_iv__consumption__medium_2011__ancova"
0.0473889166801482,1.6875018940628,0.245396752103606,TRUE,FALSE,"consumption__medium_2011__ancova","consumption_iv__consumption__medium_2011__ancova"
0.0480563662108545,1.68248072870073,0.246015882172436,TRUE,FALSE,"consumption__medium_2011__ancova","consumption_iv__consumption__medium_2011__ancova"
0.0487238157415608,1.67735337108185,0.246650516579226,TRUE,FALSE,"consumption__medium_2011__ancova","consumption_iv__consumption__medium_2011__ancova"
0.0493912652722671,1.67213201077763,0.24729930286559,TRUE,FALSE,"consumption__medium_2011__ancova","consumption_iv__consumption__medium_2011__ancova"
0.0500587148029735,1.66682801952009,0.247960971392101,TRUE,FALSE,"consumption__medium_2011__ancova","consumption_iv__consumption__medium_2011__ancova"
0.0507261643336798,1.66145199639005,0.248634330490571,TRUE,FALSE,"consumption__medium_2011__ancova","consumption_iv__consumption__medium_2011__ancova"
0.0513936138643861,1.65601381137966,0.24931826189197,TRUE,FALSE,"consumption__medium_2011__ancova","consumption_iv__consumption__medium_2011__ancova"
0.0520610633950924,1.65052264725591,0.250011716416094,TRUE,FALSE,"consumption__medium_2011__ancova","consumption_iv__consumption__medium_2011__ancova"
0.0527285129257987,1.64498703968265,0.250713709908988,TRUE,FALSE,"consumption__medium_2011__ancova","consumption_iv__consumption__medium_2011__ancova"
0.053395962456505,1.63941491557733,0.251423319415067,TRUE,FALSE,"consumption__medium_2011__ancova","consumption_iv__consumption__medium_2011__ancova"
0.0540634119872113,1.6338136296993,0.25213967957121,TRUE,FALSE,"consumption__medium_2011__ancova","consumption_iv__consumption__medium_2011__ancova"
0.0547308615179176,1.6281899994815,0.252861979210597,TRUE,FALSE,"consumption__medium_2011__ancova","consumption_iv__consumption__medium_2011__ancova"
0.055398311048624,1.62255033812943,0.253589458164762,TRUE,FALSE,"consumption__medium_2011__ancova","consumption_iv__consumption__medium_2011__ancova"
0.0560657605793303,1.61690048602262,0.254321404252652,TRUE,FALSE,"consumption__medium_2011__ancova","consumption_iv__consumption__medium_2011__ancova"
0.0567332101100366,1.61124584046098,0.255057150446208,TRUE,FALSE,"consumption__medium_2011__ancova","consumption_iv__consumption__medium_2011__ancova"
0.0574006596407429,1.60559138380569,0.255796072202292,TRUE,FALSE,"consumption__medium_2011__ancova","consumption_iv__consumption__medium_2011__ancova"
0.0580681091714492,1.59994171006723,0.256537584951632,TRUE,FALSE,"consumption__medium_2011__ancova","consumption_iv__consumption__medium_2011__ancova"
0.0587355587021555,1.59430104999991,0.257281141735426,TRUE,FALSE,"consumption__medium_2011__ancova","consumption_iv__consumption__medium_2011__ancova"
0.0594030082328618,1.58867329475995,0.258026230981373,TRUE,FALSE,"consumption__medium_2011__ancova","consumption_iv__consumption__medium_2011__ancova"
0.0600704577635681,1.5830620181913,0.25877237441063,TRUE,FALSE,"consumption__medium_2011__ancova","consumption_iv__consumption__medium_2011__ancova"
0.0607379072942745,1.57747049779741,0.259519125068448,TRUE,FALSE,"consumption__medium_2011__ancova","consumption_iv__consumption__medium_2011__ancova"
0.0614053568249808,1.57190173446358,0.260266065470852,TRUE,FALSE,"consumption__medium_2011__ancova","consumption_iv__consumption__medium_2011__ancova"
0.0620728063556871,1.56635847098962,0.261012805860696,TRUE,FALSE,"consumption__medium_2011__ancova","consumption_iv__consumption__medium_2011__ancova"
0.0627402558863934,1.56084320949216,0.261758982566747,TRUE,FALSE,"consumption__medium_2011__ancova","consumption_iv__consumption__medium_2011__ancova"
0.0634077054170997,1.55535822773736,0.262504256459415,TRUE,FALSE,"consumption__medium_2011__ancova","consumption_iv__consumption__medium_2011__ancova"
0.064075154947806,1.54990559445955,0.263248311497634,TRUE,FALSE,"consumption__medium_2011__ancova","consumption_iv__consumption__medium_2011__ancova"
0.0647426044785124,1.54448718372168,0.2639908533614,TRUE,FALSE,"consumption__medium_2011__ancova","consumption_iv__consumption__medium_2011__ancova"
0.0654100540092186,1.53910468837084,0.264731608164886,TRUE,FALSE,"consumption__medium_2011__ancova","consumption_iv__consumption__medium_2011__ancova"
0.066077503539925,1.53375963264086,0.265470321245259,TRUE,FALSE,"consumption__medium_2011__ancova","consumption_iv__consumption__medium_2011__ancova"
0.0667449530706313,1.52845338394999,0.266206756022853,TRUE,FALSE,"consumption__medium_2011__ancova","consumption_iv__consumption__medium_2011__ancova"
0.0674124026013376,1.52318716394175,0.266940692928281,TRUE,FALSE,"consumption__medium_2011__ancova","consumption_iv__consumption__medium_2011__ancova"
0.0680798521320439,1.5179620588133,0.267671928392604,TRUE,FALSE,"consumption__medium_2011__ancova","consumption_iv__consumption__medium_2011__ancova"
0.0687473016627502,1.512779028974,0.26840027389676,TRUE,FALSE,"consumption__medium_2011__ancova","consumption_iv__consumption__medium_2011__ancova"
0.0694147511934565,1.50763891807524,0.269125555076688,TRUE,FALSE,"consumption__medium_2011__ancova","consumption_iv__consumption__medium_2011__ancova"
0.0700822007241629,1.50254246144897,0.26984761088093,TRUE,FALSE,"consumption__medium_2011__ancova","consumption_iv__consumption__medium_2011__ancova"
0.0707496502548692,1.49749029399244,0.270566292777479,TRUE,FALSE,"consumption__medium_2011__ancova","consumption_iv__consumption__medium_2011__ancova"
0.0714170997855755,1.49248295753295,0.271281464006996,TRUE,FALSE,"consumption__medium_2011__ancova","consumption_iv__consumption__medium_2011__ancova"
0.0720845493162818,1.48752090770517,0.271992998879648,TRUE,FALSE,"consumption__medium_2011__ancova","consumption_iv__consumption__medium_2011__ancova"
0.0727519988469881,1.48260452037208,0.272700782112914,TRUE,FALSE,"consumption__medium_2011__ancova","consumption_iv__consumption__medium_2011__ancova"
0.0734194483776944,1.47773409761774,0.273404708208041,TRUE,FALSE,"consumption__medium_2011__ancova","consumption_iv__consumption__medium_2011__ancova"
0.0740868979084007,1.47290987334,0.274104680862724,TRUE,FALSE,"consumption__medium_2011__ancova","consumption_iv__consumption__medium_2011__ancova"
0.074754347439107,1.46813201846798,0.27480061241796,TRUE,FALSE,"consumption__medium_2011__ancova","consumption_iv__consumption__medium_2011__ancova"
0.0754217969698134,1.463400645829,0.275492423337,TRUE,FALSE,"consumption__medium_2011__ancova","consumption_iv__consumption__medium_2011__ancova"
0.0760892465005197,1.45871581468681,0.276180041714587,TRUE,FALSE,"consumption__medium_2011__ancova","consumption_iv__consumption__medium_2011__ancova"
0.076756696031226,1.45407753497333,0.276863402814558,TRUE,FALSE,"consumption__medium_2011__ancova","consumption_iv__consumption__medium_2011__ancova"
0.0774241455619323,1.44948577123312,0.277542448634252,TRUE,FALSE,"consumption__medium_2011__ancova","consumption_iv__consumption__medium_2011__ancova"
0.0780915950926386,1.44494044629933,0.278217127494122,TRUE,FALSE,"consumption__medium_2011__ancova","consumption_iv__consumption__medium_2011__ancova"
0.0787590446233449,1.440441444719,0.278887393651023,TRUE,FALSE,"consumption__medium_2011__ancova","consumption_iv__consumption__medium_2011__ancova"
0.0794264941540512,1.43598861594382,0.279553206933854,TRUE,FALSE,"consumption__medium_2011__ancova","consumption_iv__consumption__medium_2011__ancova"
0.0800939436847575,1.43158177730179,0.28021453240019,TRUE,FALSE,"consumption__medium_2011__ancova","consumption_iv__consumption__medium_2011__ancova"
0.0807613932154639,1.4272207167642,0.280871340012719,TRUE,FALSE,"consumption__medium_2011__ancova","consumption_iv__consumption__medium_2011__ancova"
0.0814288427461702,1.4229051955214,0.281523604334299,TRUE,FALSE,"consumption__medium_2011__ancova","consumption_iv__consumption__medium_2011__ancova"
0.0820962922768765,1.41863495037996,0.282171304240571,TRUE,FALSE,"consumption__medium_2011__ancova","consumption_iv__consumption__medium_2011__ancova"
0.0827637418075828,1.41440969599311,0.282814422649078,TRUE,FALSE,"consumption__medium_2011__ancova","consumption_iv__consumption__medium_2011__ancova"
0.0834311913382891,1.41022912693528,0.283452946263969,TRUE,FALSE,"consumption__medium_2011__ancova","consumption_iv__consumption__medium_2011__ancova"
0.0840986408689954,1.4060929196312,0.284086865335372,TRUE,FALSE,"consumption__medium_2011__ancova","consumption_iv__consumption__medium_2011__ancova"
0.0847660903997017,1.4020007341494,0.28471617343254,TRUE,FALSE,"consumption__medium_2011__ancova","consumption_iv__consumption__medium_2011__ancova"
0.085433539930408,1.39795221586855,0.285340867230082,TRUE,FALSE,"consumption__medium_2011__ancova","consumption_iv__consumption__medium_2011__ancova"
0.0861009894611144,1.39394699702586,0.285960946306398,TRUE,FALSE,"consumption__medium_2011__ancova","consumption_iv__consumption__medium_2011__ancova"
0.0867684389918207,1.38998469815473,0.286576412953697,TRUE,FALSE,"consumption__medium_2011__ancova","consumption_iv__consumption__medium_2011__ancova"
0.087435888522527,1.38606492941931,0.287187271998947,TRUE,FALSE,"consumption__medium_2011__ancova","consumption_iv__consumption__medium_2011__ancova"
0.0881033380532333,1.38218729185314,0.287793530635001,TRUE,FALSE,"consumption__medium_2011__ancova","consumption_iv__consumption__medium_2011__ancova"
0.0887707875839396,1.37835137850729,0.288395198261556,TRUE,FALSE,"consumption__medium_2011__ancova","consumption_iv__consumption__medium_2011__ancova"
0.0894382371146459,1.37455677551577,0.288992286335054,TRUE,FALSE,"consumption__medium_2011__ancova","consumption_iv__consumption__medium_2011__ancova"
0.0901056866453522,1.37080306308168,0.289584808227358,TRUE,FALSE,"consumption__medium_2011__ancova","consumption_iv__consumption__medium_2011__ancova"
0.0907731361760585,1.36708981639094,0.290172779092477,TRUE,FALSE,"consumption__medium_2011__ancova","consumption_iv__consumption__medium_2011__ancova"
0.0914405857067649,1.36341660645822,0.290756215740896,TRUE,FALSE,"consumption__medium_2011__ancova","consumption_iv__consumption__medium_2011__ancova"
0.0921080352374712,1.35978300090863,0.291335136521259,TRUE,FALSE,"consumption__medium_2011__ancova","consumption_iv__consumption__medium_2011__ancova"
0.0927754847681775,1.35618856470111,0.291909561208707,TRUE,FALSE,"consumption__medium_2011__ancova","consumption_iv__consumption__medium_2011__ancova"
0.0934429342988838,1.35263286079594,0.292479510899765,TRUE,FALSE,"consumption__medium_2011__ancova","consumption_iv__consumption__medium_2011__ancova"
0.0941103838295901,1.34911545077095,0.293045007913244,TRUE,FALSE,"consumption__medium_2011__ancova","consumption_iv__consumption__medium_2011__ancova"
0.0947778333602964,1.34563589538982,0.293606075696865,TRUE,FALSE,"consumption__medium_2011__ancova","consumption_iv__consumption__medium_2011__ancova"
0.0954452828910027,1.34219375512566,0.29416273873926,TRUE,FALSE,"consumption__medium_2011__ancova","consumption_iv__consumption__medium_2011__ancova"
0.096112732421709,1.33878859064257,0.294715022487132,TRUE,FALSE,"consumption__medium_2011__ancova","consumption_iv__consumption__medium_2011__ancova"
0.0967801819524154,1.33541996323875,0.295262953267129,TRUE,FALSE,"consumption__medium_2011__ancova","consumption_iv__consumption__medium_2011__ancova"
0.0974476314831217,1.33208743525276,0.295806558212384,TRUE,FALSE,"consumption__medium_2011__ancova","consumption_iv__consumption__medium_2011__ancova"
0.098115081013828,1.3287905704367,0.296345865193201,TRUE,FALSE,"consumption__medium_2011__ancova","consumption_iv__consumption__medium_2011__ancova"
0.0987825305445343,1.32552893429766,0.296880902751845,TRUE,FALSE,"consumption__medium_2011__ancova","consumption_iv__consumption__medium_2011__ancova"
0.0994499800752406,1.3223020944094,0.297411700041225,TRUE,FALSE,"consumption__medium_2011__ancova","consumption_iv__consumption__medium_2011__ancova"
0.100117429605947,1.31910962069757,0.297938286767034,TRUE,FALSE,"consumption__medium_2011__ancova","consumption_iv__consumption__medium_2011__ancova"
0.100784879136653,1.31595108569897,0.298460693133401,TRUE,FALSE,"consumption__medium_2011__ancova","consumption_iv__consumption__medium_2011__ancova"
0.10145232866736,1.31282606479732,0.298978949791717,TRUE,FALSE,"consumption__medium_2011__ancova","consumption_iv__consumption__medium_2011__ancova"
0.102119778198066,1.30973413643672,0.299493087792549,TRUE,FALSE,"consumption__medium_2011__ancova","consumption_iv__consumption__medium_2011__ancova"
0.102787227728772,1.30667488231554,0.300003138540277,TRUE,FALSE,"consumption__medium_2011__ancova","consumption_iv__consumption__medium_2011__ancova"
0.103454677259478,1.30364788756008,0.300509133750623,TRUE,FALSE,"consumption__medium_2011__ancova","consumption_iv__consumption__medium_2011__ancova"
0.104122126790185,1.30065274088131,0.301011105410611,TRUE,FALSE,"consumption__medium_2011__ancova","consumption_iv__consumption__medium_2011__ancova"
0.104789576320891,1.29768903471477,0.301509085741001,TRUE,FALSE,"consumption__medium_2011__ancova","consumption_iv__consumption__medium_2011__ancova"
0.105457025851597,1.29475636534568,0.302003107160931,TRUE,FALSE,"consumption__medium_2011__ancova","consumption_iv__consumption__medium_2011__ancova"
0.106124475382304,1.29185433301897,0.302493202254835,TRUE,FALSE,"consumption__medium_2011__ancova","consumption_iv__consumption__medium_2011__ancova"
0.10679192491301,1.2889825420371,0.302979403741257,TRUE,FALSE,"consumption__medium_2011__ancova","consumption_iv__consumption__medium_2011__ancova"
0.107459374443716,1.2861406008449,0.303461744443694,TRUE,FALSE,"consumption__medium_2011__ancova","consumption_iv__consumption__medium_2011__ancova"
0.108126823974423,1.28332812210341,0.303940257263197,TRUE,FALSE,"consumption__medium_2011__ancova","consumption_iv__consumption__medium_2011__ancova"
0.108794273505129,1.28054472275315,0.304414975152702,TRUE,FALSE,"consumption__medium_2011__ancova","consumption_iv__consumption__medium_2011__ancova"
0.109461723035835,1.27779002406743,0.304885931093005,TRUE,FALSE,"consumption__medium_2011__ancova","consumption_iv__consumption__medium_2011__ancova"
0.110129172566542,1.2750636516971,0.305353158070187,TRUE,FALSE,"consumption__medium_2011__ancova","consumption_iv__consumption__medium_2011__ancova"
0.110796622097248,1.27236523570628,0.305816689054609,TRUE,FALSE,"consumption__medium_2011__ancova","consumption_iv__consumption__medium_2011__ancova"
0.111464071627954,1.26969441060091,0.306276556981162,TRUE,FALSE,"consumption__medium_2011__ancova","consumption_iv__consumption__medium_2011__ancova"
0.112131521158661,1.26705081534989,0.306732794730862,TRUE,FALSE,"consumption__medium_2011__ancova","consumption_iv__consumption__medium_2011__ancova"
0.112798970689367,1.26443409339985,0.307185435113616,TRUE,FALSE,"consumption__medium_2011__ancova","consumption_iv__consumption__medium_2011__ancova"
0.113466420220073,1.26184389268323,0.30763451085225,TRUE,FALSE,"consumption__medium_2011__ancova","consumption_iv__consumption__medium_2011__ancova"
0.11413386975078,1.25927986562187,0.30808005456742,TRUE,FALSE,"consumption__medium_2011__ancova","consumption_iv__consumption__medium_2011__ancova"
0.114801319281486,1.25674166912385,0.308522098763842,TRUE,FALSE,"consumption__medium_2011__ancova","consumption_iv__consumption__medium_2011__ancova"
0.115468768812192,1.25422896457739,0.308960675817147,TRUE,FALSE,"consumption__medium_2011__ancova","consumption_iv__consumption__medium_2011__ancova"
0.116136218342898,1.25174141783891,0.309395817961937,TRUE,FALSE,"consumption__medium_2011__ancova","consumption_iv__consumption__medium_2011__ancova"
0.116803667873605,1.24927869921794,0.309827557280539,TRUE,FALSE,"consumption__medium_2011__ancova","consumption_iv__consumption__medium_2011__ancova"
0.117471117404311,1.24684048345781,0.31025592569268,TRUE,FALSE,"consumption__medium_2011__ancova","consumption_iv__consumption__medium_2011__ancova"
0.118138566935017,1.24442644971347,0.310680954945841,TRUE,FALSE,"consumption__medium_2011__ancova","consumption_iv__consumption__medium_2011__ancova"
0.118806016465724,1.24203628152602,0.31110267660638,TRUE,FALSE,"consumption__medium_2011__ancova","consumption_iv__consumption__medium_2011__ancova"
0.11947346599643,1.23966966679447,0.311521122051345,TRUE,FALSE,"consumption__medium_2011__ancova","consumption_iv__consumption__medium_2011__ancova"
0.120140915527136,1.23732629774476,0.311936322460956,TRUE,FALSE,"consumption__medium_2011__ancova","consumption_iv__consumption__medium_2011__ancova"
0.120808365057843,1.2350058708972,0.312348308811593,TRUE,FALSE,"consumption__medium_2011__ancova","consumption_iv__consumption__medium_2011__ancova"
0.121475814588549,1.23270808703072,0.312757111869535,TRUE,FALSE,"consumption__medium_2011__ancova","consumption_iv__consumption__medium_2011__ancova"
0.122143264119255,1.23043265114634,0.313162762185063,TRUE,FALSE,"consumption__medium_2011__ancova","consumption_iv__consumption__medium_2011__ancova"
0.122810713649962,1.22817927242837,0.31356529008718,TRUE,FALSE,"consumption__medium_2011__ancova","consumption_iv__consumption__medium_2011__ancova"
0.123478163180668,1.22594766420399,0.313964725678823,TRUE,FALSE,"consumption__medium_2011__ancova","consumption_iv__consumption__medium_2011__ancova"
0.124145612711374,1.22373754390195,0.314361098832473,TRUE,FALSE,"consumption__medium_2011__ancova","consumption_iv__consumption__medium_2011__ancova"
0.124813062242081,1.22154863300994,0.314754439186186,TRUE,FALSE,"consumption__medium_2011__ancova","consumption_iv__consumption__medium_2011__ancova"
0.125480511772787,1.21938065703059,0.315144776140129,TRUE,FALSE,"consumption__medium_2011__ancova","consumption_iv__consumption__medium_2011__ancova"
0.126147961303493,1.21723334543705,0.315532138853372,TRUE,FALSE,"consumption__medium_2011__ancova","consumption_iv__consumption__medium_2011__ancova"
0.126815410834199,1.21510643162741,0.315916556241131,TRUE,FALSE,"consumption__medium_2011__ancova","consumption_iv__consumption__medium_2011__ancova"
0.127482860364906,1.21299965287868,0.3162980569723,TRUE,FALSE,"consumption__medium_2011__ancova","consumption_iv__consumption__medium_2011__ancova"
0.128150309895612,1.21091275030003,0.316676669467318,TRUE,FALSE,"consumption__medium_2011__ancova","consumption_iv__consumption__medium_2011__ancova"
0.128817759426318,1.20884546878571,0.317052421896347,TRUE,FALSE,"consumption__medium_2011__ancova","consumption_iv__consumption__medium_2011__ancova"
0.129485208957025,1.20679755696754,0.317425342177689,TRUE,FALSE,"consumption__medium_2011__ancova","consumption_iv__consumption__medium_2011__ancova"
0.130152658487731,1.20476876716708,0.317795457976517,TRUE,FALSE,"consumption__medium_2011__ancova","consumption_iv__consumption__medium_2011__ancova"
0.130820108018437,1.20275885534757,0.318162796703836,TRUE,FALSE,"consumption__medium_2011__ancova","consumption_iv__consumption__medium_2011__ancova"
0.131487557549144,1.20076758106588,0.318527385515656,TRUE,FALSE,"consumption__medium_2011__ancova","consumption_iv__consumption__medium_2011__ancova"
0.13215500707985,1.19879470742405,0.318889251312433,TRUE,FALSE,"consumption__medium_2011__ancova","consumption_iv__consumption__medium_2011__ancova"
0.132822456610556,1.19684000102129,0.319248420738656,TRUE,FALSE,"consumption__medium_2011__ancova","consumption_iv__consumption__medium_2011__ancova"
0.133489906141263,1.19490323190571,0.319604920182651,TRUE,FALSE,"consumption__medium_2011__ancova","consumption_iv__consumption__medium_2011__ancova"
-0.163625701686275,0.973272475100106,0.371507493290027,TRUE,FALSE,"consumption__medium_2011__change","consumption_iv__consumption__medium_2011__change"
-0.162807573177844,0.976210247790526,0.370848857199467,TRUE,FALSE,"consumption__medium_2011__change","consumption_iv__consumption__medium_2011__change"
-0.161989444669413,0.979179784505247,0.370185091219885,TRUE,FALSE,"consumption__medium_2011__change","consumption_iv__consumption__medium_2011__change"
-0.161171316160981,0.982181576221199,0.369516140612317,TRUE,FALSE,"consumption__medium_2011__change","consumption_iv__consumption__medium_2011__change"
-0.16035318765255,0.98521612352721,0.368841949977196,TRUE,FALSE,"consumption__medium_2011__change","consumption_iv__consumption__medium_2011__change"
-0.159535059144118,0.988283936844449,0.368162463248159,TRUE,FALSE,"consumption__medium_2011__change","consumption_iv__consumption__medium_2011__change"
-0.158716930635687,0.991385536653175,0.367477623685779,TRUE,FALSE,"consumption__medium_2011__change","consumption_iv__consumption__medium_2011__change"
-0.157898802127256,0.994521453725106,0.366787373871421,TRUE,FALSE,"consumption__medium_2011__change","consumption_iv__consumption__medium_2011__change"
-0.157080673618824,0.997692229361426,0.366091655701252,TRUE,FALSE,"consumption__medium_2011__change","consumption_iv__consumption__medium_2011__change"
-0.156262545110393,1.00089841563722,0.365390410380294,TRUE,FALSE,"consumption__medium_2011__change","consumption_iv__consumption__medium_2011__change"
-0.155444416601962,1.00414057565153,0.36468357841672,TRUE,FALSE,"consumption__medium_2011__change","consumption_iv__consumption__medium_2011__change"
-0.15462628809353,1.00741928378414,0.363971099616216,TRUE,FALSE,"consumption__medium_2011__change","consumption_iv__consumption__medium_2011__change"
-0.153808159585099,1.01073512595896,0.363252913076487,TRUE,FALSE,"consumption__medium_2011__change","consumption_iv__consumption__medium_2011__change"
-0.152990031076667,1.01408869991331,0.362528957182091,TRUE,FALSE,"consumption__medium_2011__change","consumption_iv__consumption__medium_2011__change"
-0.152171902568236,1.01748061547496,0.361799169599268,TRUE,FALSE,"consumption__medium_2011__change","consumption_iv__consumption__medium_2011__change"
-0.151353774059805,1.02091149484546,0.361063487271133,TRUE,FALSE,"consumption__medium_2011__change","consumption_iv__consumption__medium_2011__change"
-0.150535645551373,1.02438197289085,0.360321846413049,TRUE,FALSE,"consumption__medium_2011__change","consumption_iv__consumption__medium_2011__change"
-0.149717517042942,1.02789269743955,0.359574182508264,TRUE,FALSE,"consumption__medium_2011__change","consumption_iv__consumption__medium_2011__change"
-0.148899388534511,1.03144432958785,0.358820430303817,TRUE,FALSE,"consumption__medium_2011__change","consumption_iv__consumption__medium_2011__change"
-0.148081260026079,1.03503754401273,0.358060523806794,TRUE,FALSE,"consumption__medium_2011__change","consumption_iv__consumption__medium_2011__change"
-0.147263131517648,1.03867302929316,0.357294396280758,TRUE,FALSE,"consumption__medium_2011__change","consumption_iv__consumption__medium_2011__change"
-0.146445003009216,1.04235148823819,0.356521980242798,TRUE,FALSE,"consumption__medium_2011__change","consumption_iv__consumption__medium_2011__change"
-0.145626874500785,1.04607363822461,0.355743207460639,TRUE,FALSE,"consumption__medium_2011__change","consumption_iv__consumption__medium_2011__change"
-0.144808745992354,1.0498402115417,0.354958008950416,TRUE,FALSE,"consumption__medium_2011__change","consumption_iv__consumption__medium_2011__change"
-0.143990617483922,1.05365195574518,0.35416631497475,TRUE,FALSE,"consumption__medium_2011__change","consumption_iv__consumption__medium_2011__change"
-0.143172488975491,1.0575096340197,0.353368055041307,TRUE,FALSE,"consumption__medium_2011__change","consumption_iv__consumption__medium_2011__change"
-0.14235436046706,1.06141402554975,0.352563157901949,TRUE,FALSE,"consumption__medium_2011__change","consumption_iv__consumption__medium_2011__change"
-0.141536231958628,1.0653659259005,0.351751551552236,TRUE,FALSE,"consumption__medium_2011__change","consumption_iv__consumption__medium_2011__change"
-0.140718103450197,1.06936614740652,0.350933163231775,TRUE,FALSE,"consumption__medium_2011__change","consumption_iv__consumption__medium_2011__change"
-0.139899974941765,1.07341551957111,0.350107919424926,TRUE,FALSE,"consumption__medium_2011__change","consumption_iv__consumption__medium_2011__change"
-0.139081846433334,1.07751488947432,0.34927574586233,TRUE,FALSE,"consumption__medium_2011__change","consumption_iv__consumption__medium_2011__change"
-0.138263717924903,1.08166512219091,0.348436567523105,TRUE,FALSE,"consumption__medium_2011__change","consumption_iv__consumption__medium_2011__change"
-0.137445589416471,1.08586710121807,0.347590308637783,TRUE,FALSE,"consumption__medium_2011__change","consumption_iv__consumption__medium_2011__change"
-0.13662746090804,1.0901217289133,0.346736892692042,TRUE,FALSE,"consumption__medium_2011__change","consumption_iv__consumption__medium_2011__change"
-0.135809332399609,1.09442992694194,0.345876242431367,TRUE,FALSE,"consumption__medium_2011__change","consumption_iv__consumption__medium_2011__change"
-0.134991203891177,1.09879263673545,0.345008279866539,TRUE,FALSE,"consumption__medium_2011__change","consumption_iv__consumption__medium_2011__change"
-0.134173075382746,1.10321081995965,0.344132926280169,TRUE,FALSE,"consumption__medium_2011__change","consumption_iv__consumption__medium_2011__change"
-0.133354946874314,1.10768545899373,0.343250102234222,TRUE,FALSE,"consumption__medium_2011__change","consumption_iv__consumption__medium_2011__change"
-0.132536818365883,1.11221755741933,0.342359727578738,TRUE,FALSE,"consumption__medium_2011__change","consumption_iv__consumption__medium_2011__change"
-0.131718689857452,1.11680814052101,0.341461721461594,TRUE,FALSE,"consumption__medium_2011__change","consumption_iv__consumption__medium_2011__change"
-0.13090056134902,1.12145825579672,0.34055600233966,TRUE,FALSE,"consumption__medium_2011__change","consumption_iv__consumption__medium_2011__change"
-0.130082432840589,1.12616897347923,0.339642487991229,TRUE,FALSE,"consumption__medium_2011__change","consumption_iv__consumption__medium_2011__change"
-0.129264304332158,1.13094138706884,0.338721095529803,TRUE,FALSE,"consumption__medium_2011__change","consumption_iv__consumption__medium_2011__change"
-0.128446175823726,1.13577661387585,0.337791741419558,TRUE,FALSE,"consumption__medium_2011__change","consumption_iv__consumption__medium_2011__change"
-0.127628047315295,1.14067579557472,0.336854341492237,TRUE,FALSE,"consumption__medium_2011__change","consumption_iv__consumption__medium_2011__change"
-0.126809918806863,1.14564009876847,0.335908810965834,TRUE,FALSE,"consumption__medium_2011__change","consumption_iv__consumption__medium_2011__change"
-0.125991790298432,1.15067071556377,0.334955064465076,TRUE,FALSE,"consumption__medium_2011__change","consumption_iv__consumption__medium_2011__change"
-0.125173661790001,1.15576886415651,0.333993016043809,TRUE,FALSE,"consumption__medium_2011__change","consumption_iv__consumption__medium_2011__change"
-0.124355533281569,1.16093578942763,0.333022579209441,TRUE,FALSE,"consumption__medium_2011__change","consumption_iv__consumption__medium_2011__change"
-0.123537404773138,1.16617276354917,0.332043666949517,TRUE,FALSE,"consumption__medium_2011__change","consumption_iv__consumption__medium_2011__change"
-0.122719276264706,1.17148108660015,0.331056191760598,TRUE,FALSE,"consumption__medium_2011__change","consumption_iv__consumption__medium_2011__change"
-0.121901147756275,1.17686208719184,0.330060065679572,TRUE,FALSE,"consumption__medium_2011__change","consumption_iv__consumption__medium_2011__change"
-0.121083019247844,1.18231712310204,0.329055200317592,TRUE,FALSE,"consumption__medium_2011__change","consumption_iv__consumption__medium_2011__change"
-0.120264890739412,1.18784758191879,0.328041506896587,TRUE,FALSE,"consumption__medium_2011__change","consumption_iv__consumption__medium_2011__change"
-0.119446762230981,1.1934548816912,0.327018896288883,TRUE,FALSE,"consumption__medium_2011__change","consumption_iv__consumption__medium_2011__change"
-0.11862863372255,1.19914047158873,0.325987279059704,TRUE,FALSE,"consumption__medium_2011__change","consumption_iv__consumption__medium_2011__change"
-0.117810505214118,1.20490583256687,0.324946565513035,TRUE,FALSE,"consumption__medium_2011__change","consumption_iv__consumption__medium_2011__change"
-0.116992376705687,1.21075247803908,0.323896665740883,TRUE,FALSE,"consumption__medium_2011__change","consumption_iv__consumption__medium_2011__change"
-0.116174248197255,1.21668195455394,0.322837489676179,TRUE,FALSE,"consumption__medium_2011__change","consumption_iv__consumption__medium_2011__change"
-0.115356119688824,1.22269584247641,0.321768947149556,TRUE,FALSE,"consumption__medium_2011__change","consumption_iv__consumption__medium_2011__change"
-0.114537991180393,1.22879575667224,0.320690947950185,TRUE,FALSE,"consumption__medium_2011__change","consumption_iv__consumption__medium_2011__change"
-0.113719862671961,1.2349833471938,0.319603401890997,TRUE,FALSE,"consumption__medium_2011__change","consumption_iv__consumption__medium_2011__change"
-0.11290173416353,1.24126029996669,0.318506218878387,TRUE,FALSE,"consumption__medium_2011__change","consumption_iv__consumption__medium_2011__change"
-0.112083605655099,1.24762833747465,0.317399308986839,TRUE,FALSE,"consumption__medium_2011__change","consumption_iv__consumption__medium_2011__change"
-0.111265477146667,1.25408921944119,0.316282582538685,TRUE,FALSE,"consumption__medium_2011__change","consumption_iv__consumption__medium_2011__change"
-0.110447348638236,1.26064474350671,0.315155950189182,TRUE,FALSE,"consumption__medium_2011__change","consumption_iv__consumption__medium_2011__change"
-0.109629220129804,1.2672967458975,0.314019323017443,TRUE,FALSE,"consumption__medium_2011__change","consumption_iv__consumption__medium_2011__change"
-0.108811091621373,1.27404710208524,0.312872612623386,TRUE,FALSE,"consumption__medium_2011__change","consumption_iv__consumption__medium_2011__change"
-0.107992963112942,1.28089772743363,0.311715731231107,TRUE,FALSE,"consumption__medium_2011__change","consumption_iv__consumption__medium_2011__change"
-0.10717483460451,1.28785057782968,0.310548591799006,TRUE,FALSE,"consumption__medium_2011__change","consumption_iv__consumption__medium_2011__change"
-0.106356706096079,1.29490765029553,0.309371108137134,TRUE,FALSE,"consumption__medium_2011__change","consumption_iv__consumption__medium_2011__change"
-0.105538577587648,1.30207098357758,0.308183195032124,TRUE,FALSE,"consumption__medium_2011__change","consumption_iv__consumption__medium_2011__change"
-0.104720449079216,1.30934265870895,0.306984768380076,TRUE,FALSE,"consumption__medium_2011__change","consumption_iv__consumption__medium_2011__change"
-0.103902320570785,1.31672479954023,0.305775745327986,TRUE,FALSE,"consumption__medium_2011__change","consumption_iv__consumption__medium_2011__change"
-0.103084192062353,1.32421957323377,0.304556044424119,TRUE,FALSE,"consumption__medium_2011__change","consumption_iv__consumption__medium_2011__change"
-0.102266063553922,1.33182919071657,0.303325585777766,TRUE,FALSE,"consumption__medium_2011__change","consumption_iv__consumption__medium_2011__change"
-0.101447935045491,1.33955590708442,0.302084291229139,TRUE,FALSE,"consumption__medium_2011__change","consumption_iv__consumption__medium_2011__change"
-0.100629806537059,1.34740202195232,0.300832084529681,TRUE,FALSE,"consumption__medium_2011__change","consumption_iv__consumption__medium_2011__change"
-0.099811678028628,1.35536987974263,0.299568891533612,TRUE,FALSE,"consumption__medium_2011__change","consumption_iv__consumption__medium_2011__change"
-0.0989935495201966,1.36346186990356,0.298294640401237,TRUE,FALSE,"consumption__medium_2011__change","consumption_iv__consumption__medium_2011__change"
-0.0981754210117652,1.37168042704912,0.297009261814687,TRUE,FALSE,"consumption__medium_2011__change","consumption_iv__consumption__medium_2011__change"
-0.0973572925033338,1.38002803101122,0.295712689206779,TRUE,FALSE,"consumption__medium_2011__change","consumption_iv__consumption__medium_2011__change"
-0.0965391639949024,1.38850720679276,0.294404859003786,TRUE,FALSE,"consumption__medium_2011__change","consumption_iv__consumption__medium_2011__change"
-0.0957210354864711,1.3971205244115,0.293085710882729,TRUE,FALSE,"consumption__medium_2011__change","consumption_iv__consumption__medium_2011__change"
-0.0949029069780397,1.40587059862047,0.291755188044254,TRUE,FALSE,"consumption__medium_2011__change","consumption_iv__consumption__medium_2011__change"
-0.0940847784696083,1.41476008849267,0.2904132375017,TRUE,FALSE,"consumption__medium_2011__change","consumption_iv__consumption__medium_2011__change"
-0.0932666499611769,1.42379169685478,0.289059810387333,TRUE,FALSE,"consumption__medium_2011__change","consumption_iv__consumption__medium_2011__change"
-0.0924485214527456,1.43296816955256,0.287694862276793,TRUE,FALSE,"consumption__medium_2011__change","consumption_iv__consumption__medium_2011__change"
-0.0916303929443142,1.44229229453128,0.2863183535326,TRUE,FALSE,"consumption__medium_2011__change","consumption_iv__consumption__medium_2011__change"
-0.0908122644358828,1.4517669007113,0.284930249667778,TRUE,FALSE,"consumption__medium_2011__change","consumption_iv__consumption__medium_2011__change"
-0.0899941359274514,1.46139485663686,0.283530521730806,TRUE,FALSE,"consumption__medium_2011__change","consumption_iv__consumption__medium_2011__change"
-0.0891760074190201,1.47117906887624,0.28211914671285,TRUE,FALSE,"consumption__medium_2011__change","consumption_iv__consumption__medium_2011__change"
-0.0883578789105887,1.48112248014627,0.280696107978689,TRUE,FALSE,"consumption__medium_2011__change","consumption_iv__consumption__medium_2011__change"
-0.0875397504021573,1.49122806713552,0.279261395722375,TRUE,FALSE,"consumption__medium_2011__change","consumption_iv__consumption__medium_2011__change"
-0.0867216218937259,1.50149883799449,0.277815007449154,TRUE,FALSE,"consumption__medium_2011__change","consumption_iv__consumption__medium_2011__change"
-0.0859034933852945,1.51193782946145,0.276356948484842,TRUE,FALSE,"consumption__medium_2011__change","consumption_iv__consumption__medium_2011__change"
-0.0850853648768632,1.52254810358741,0.274887232514268,TRUE,FALSE,"consumption__medium_2011__change","consumption_iv__consumption__medium_2011__change"
-0.0842672363684318,1.5333327440223,0.273405882150172,TRUE,FALSE,"consumption__medium_2011__change","consumption_iv__consumption__medium_2011__change"
-0.0834491078600004,1.54429485182,0.27191292953421,TRUE,FALSE,"consumption__medium_2011__change","consumption_iv__consumption__medium_2011__change"
-0.082630979351569,1.55543754071668,0.27040841697169,TRUE,FALSE,"consumption__medium_2011__change","consumption_iv__consumption__medium_2011__change"
-0.0818128508431377,1.56676393183298,0.26889239760178,TRUE,FALSE,"consumption__medium_2011__change","consumption_iv__consumption__medium_2011__change"
-0.0809947223347063,1.578277147746,0.267364936104993,TRUE,FALSE,"consumption__medium_2011__change","consumption_iv__consumption__medium_2011__change"
-0.0801765938262749,1.58998030587331,0.265826109449804,TRUE,FALSE,"consumption__medium_2011__change","consumption_iv__consumption__medium_2011__change"
-0.0793584653178435,1.6018765111053,0.264276007680367,TRUE,FALSE,"consumption__medium_2011__change","consumption_iv__consumption__medium_2011__change"
-0.0785403368094122,1.61396884761765,0.262714734747398,TRUE,FALSE,"consumption__medium_2011__change","consumption_iv__consumption__medium_2011__change"
-0.0777222083009808,1.62626036979006,0.261142409384251,TRUE,FALSE,"consumption__medium_2011__change","consumption_iv__consumption__medium_2011__change"
-0.0769040797925494,1.63875409215076,0.259559166030506,TRUE,FALSE,"consumption__medium_2011__change","consumption_iv__consumption__medium_2011__change"
-0.076085951284118,1.65145297826045,0.257965155805254,TRUE,FALSE,"consumption__medium_2011__change","consumption_iv__consumption__medium_2011__change"
-0.0752678227756867,1.66435992844248,0.256360547532468,TRUE,FALSE,"consumption__medium_2011__change","consumption_iv__consumption__medium_2011__change"
-0.0744496942672553,1.67747776625865,0.254745528820875,TRUE,FALSE,"consumption__medium_2011__change","consumption_iv__consumption__medium_2011__change"
-0.0736315657588239,1.69080922362139,0.253120307200936,TRUE,FALSE,"consumption__medium_2011__change","consumption_iv__consumption__medium_2011__change"
-0.0728134372503925,1.70435692442675,0.251485111321419,TRUE,FALSE,"consumption__medium_2011__change","consumption_iv__consumption__medium_2011__change"
-0.0719953087419611,1.7181233665822,0.249840192208314,TRUE,FALSE,"consumption__medium_2011__change","consumption_iv__consumption__medium_2011__change"
-0.0711771802335298,1.73211090229471,0.248185824588854,TRUE,FALSE,"consumption__medium_2011__change","consumption_iv__consumption__medium_2011__change"
-0.0703590517250984,1.7463217164758,0.246522308283383,TRUE,FALSE,"consumption__medium_2011__change","consumption_iv__consumption__medium_2011__change"
-0.069540923216667,1.76075780310845,0.244849969668089,TRUE,FALSE,"consumption__medium_2011__change","consumption_iv__consumption__medium_2011__change"
-0.0687227947082356,1.77542093941281,0.243169163211427,TRUE,FALSE,"consumption__medium_2011__change","consumption_iv__consumption__medium_2011__change"
-0.0679046661998043,1.79031265763453,0.241480273087366,TRUE,FALSE,"consumption__medium_2011__change","consumption_iv__consumption__medium_2011__change"
-0.0670865376913729,1.80543421427105,0.239783714868395,TRUE,FALSE,"consumption__medium_2011__change","consumption_iv__consumption__medium_2011__change"
-0.0662684091829415,1.82078655653758,0.238079937301539,TRUE,FALSE,"consumption__medium_2011__change","consumption_iv__consumption__medium_2011__change"
-0.0654502806745101,1.83637028586615,0.236369424170384,TRUE,FALSE,"consumption__medium_2011__change","consumption_iv__consumption__medium_2011__change"
-0.0646321521660787,1.85218561821747,0.234652696246395,TRUE,FALSE,"consumption__medium_2011__change","consumption_iv__consumption__medium_2011__change"
-0.0638140236576474,1.86823234097708,0.232930313332589,TRUE,FALSE,"consumption__medium_2011__change","consumption_iv__consumption__medium_2011__change"
-0.062995895149216,1.88450976619555,0.231202876402798,TRUE,FALSE,"consumption__medium_2011__change","consumption_iv__consumption__medium_2011__change"
-0.0621777666407846,1.90101667992291,0.229471029839742,TRUE,FALSE,"consumption__medium_2011__change","consumption_iv__consumption__medium_2011__change"
-0.0613596381323532,1.91775128738163,0.227735463774876,TRUE,FALSE,"consumption__medium_2011__change","consumption_iv__consumption__medium_2011__change"
-0.0605415096239219,1.93471115371289,0.225996916533235,TRUE,FALSE,"consumption__medium_2011__change","consumption_iv__consumption__medium_2011__change"
-0.0597233811154905,1.95189314002822,0.224256177186207,TRUE,FALSE,"consumption__medium_2011__change","consumption_iv__consumption__medium_2011__change"
-0.0589052526070591,1.96929333449509,0.222514088215251,TRUE,FALSE,"consumption__medium_2011__change","consumption_iv__consumption__medium_2011__change"
-0.0580871240986277,1.98690697818847,0.220771548289203,TRUE,FALSE,"consumption__medium_2011__change","consumption_iv__consumption__medium_2011__change"
-0.0572689955901964,2.00472838544189,0.219029515158051,TRUE,FALSE,"consumption__medium_2011__change","consumption_iv__consumption__medium_2011__change"
-0.056450867081765,2.02275085844518,0.217289008665536,TRUE,FALSE,"consumption__medium_2011__change","consumption_iv__consumption__medium_2011__change"
-0.0556327385733336,2.04096659584841,0.215551113883063,TRUE,FALSE,"consumption__medium_2011__change","consumption_iv__consumption__medium_2011__change"
-0.0548146100649022,2.05936659515783,0.213816984366855,TRUE,FALSE,"consumption__medium_2011__change","consumption_iv__consumption__medium_2011__change"
-0.0539964815564709,2.07794054873611,0.212087845540456,TRUE,FALSE,"consumption__medium_2011__change","consumption_iv__consumption__medium_2011__change"
-0.0531783530480395,2.09667673326451,0.210364998203987,TRUE,FALSE,"consumption__medium_2011__change","consumption_iv__consumption__medium_2011__change"
-0.0523602245396081,2.11556189257277,0.208649822171548,TRUE,FALSE,"consumption__medium_2011__change","consumption_iv__consumption__medium_2011__change"
-0.0515420960311767,2.13458111380956,0.2069437800377,TRUE,FALSE,"consumption__medium_2011__change","consumption_iv__consumption__medium_2011__change"
-0.0507239675227454,2.15371769700581,0.205248421073556,TRUE,FALSE,"consumption__medium_2011__change","consumption_iv__consumption__medium_2011__change"
-0.049905839014314,2.17295301818019,0.203565385252662,TRUE,FALSE,"consumption__medium_2011__change","consumption_iv__consumption__medium_2011__change"
-0.0490877105058826,2.19226638625283,0.201896407406312,TRUE,FALSE,"consumption__medium_2011__change","consumption_iv__consumption__medium_2011__change"
-0.0482695819974512,2.21163489417268,0.200243321507403,TRUE,FALSE,"consumption__medium_2011__change","consumption_iv__consumption__medium_2011__change"
-0.0474514534890198,2.23103326482345,0.198608065081546,TRUE,FALSE,"consumption__medium_2011__change","consumption_iv__consumption__medium_2011__change"
-0.0466333249805885,2.25043369246678,0.196992683743211,TRUE,FALSE,"consumption__medium_2011__change","consumption_iv__consumption__medium_2011__change"
-0.0458151964721571,2.26980568069515,0.195399335854299,TRUE,FALSE,"consumption__medium_2011__change","consumption_iv__consumption__medium_2011__change"
-0.0449970679637257,2.28911587811857,0.193830297301596,TRUE,FALSE,"consumption__medium_2011__change","consumption_iv__consumption__medium_2011__change"
-0.0441789394552943,2.30832791329235,0.192287966388623,TRUE,FALSE,"consumption__medium_2011__change","consumption_iv__consumption__medium_2011__change"
-0.043360810946863,2.32740223070684,0.190774868836686,TRUE,FALSE,"consumption__medium_2011__change","consumption_iv__consumption__medium_2011__change"
-0.0425426824384316,2.34629593001571,0.18929366288848,TRUE,FALSE,"consumption__medium_2011__change","consumption_iv__consumption__medium_2011__change"
-0.0417245539300002,2.36496261106357,0.187847144506597,TRUE,FALSE,"consumption__medium_2011__change","consumption_iv__consumption__medium_2011__change"
-0.0409064254215688,2.38335222769447,0.18643825265767,TRUE,FALSE,"consumption__medium_2011__change","consumption_iv__consumption__medium_2011__change"
-0.0400882969131375,2.40141095377372,0.185070074671207,TRUE,FALSE,"consumption__medium_2011__change","consumption_iv__consumption__medium_2011__change"
-0.0392701684047061,2.41908106533076,0.183745851660143,TRUE,FALSE,"consumption__medium_2011__change","consumption_iv__consumption__medium_2011__change"
-0.0384520398962747,2.43630084322341,0.18246898398782,TRUE,FALSE,"consumption__medium_2011__change","consumption_iv__consumption__medium_2011__change"
-0.0376339113878433,2.45300450122767,0.181243036763168,TRUE,FALSE,"consumption__medium_2011__change","consumption_iv__consumption__medium_2011__change"
-0.036815782879412,2.46912214495007,0.180071745342664,TRUE,FALSE,"consumption__medium_2011__change","consumption_iv__consumption__medium_2011__change"
-0.0359976543709806,2.4845797674361,0.178959020813547,TRUE,FALSE,"consumption__medium_2011__change","consumption_iv__consumption__medium_2011__change"
-0.0351795258625492,2.49929928777697,0.177908955428101,TRUE,FALSE,"consumption__medium_2011__change","consumption_iv__consumption__medium_2011__change"
-0.0343613973541178,2.51319863938166,0.176925827953135,TRUE,FALSE,"consumption__medium_2011__change","consumption_iv__consumption__medium_2011__change"
-0.0335432688456865,2.5261919148458,0.176014108892168,TRUE,FALSE,"consumption__medium_2011__change","consumption_iv__consumption__medium_2011__change"
-0.0327251403372551,2.53818957448603,0.175178465529971,TRUE,FALSE,"consumption__medium_2011__change","consumption_iv__consumption__medium_2011__change"
-0.0319070118288237,2.54909872557951,0.174423766739769,TRUE,FALSE,"consumption__medium_2011__change","consumption_iv__consumption__medium_2011__change"
-0.0310888833203923,2.55882347911066,0.173755087482823,TRUE,FALSE,"consumption__medium_2011__change","consumption_iv__consumption__medium_2011__change"
-0.0302707548119609,2.56726539034707,0.173177712917489,TRUE,FALSE,"consumption__medium_2011__change","consumption_iv__consumption__medium_2011__change"
-0.0294526263035295,2.57432398879737,0.172697142020682,TRUE,FALSE,"consumption__medium_2011__change","consumption_iv__consumption__medium_2011__change"
-0.0286344977950982,2.57989740201109,0.172319090608338,TRUE,FALSE,"consumption__medium_2011__change","consumption_iv__consumption__medium_2011__change"
-0.0278163692866668,2.58388307623129,0.17204949362335,TRUE,FALSE,"consumption__medium_2011__change","consumption_iv__consumption__medium_2011__change"
-0.0269982407782354,2.58617859508121,0.171894506539176,TRUE,FALSE,"consumption__medium_2011__change","consumption_iv__consumption__medium_2011__change"
-0.026180112269804,2.58668259524746,0.17186050570525,TRUE,FALSE,"consumption__medium_2011__change","consumption_iv__consumption__medium_2011__change"
-0.0253619837613727,2.58529577551783,0.171954087436651,TRUE,FALSE,"consumption__medium_2011__change","consumption_iv__consumption__medium_2011__change"
-0.0245438552529413,2.58192199257044,0.172182065625519,TRUE,FALSE,"consumption__medium_2011__change","consumption_iv__consumption__medium_2011__change"
-0.0237257267445099,2.57646943364424,0.172551467626051,TRUE,FALSE,"consumption__medium_2011__change","consumption_iv__consumption__medium_2011__change"
-0.0229075982360785,2.56885185272456,0.173069528139387,TRUE,FALSE,"consumption__medium_2011__change","consumption_iv__consumption__medium_2011__change"
-0.0220894697276472,2.55898985326004,0.173743680800307,TRUE,FALSE,"consumption__medium_2011__change","consumption_iv__consumption__medium_2011__change"
-0.0212713412192158,2.54681219682568,0.17458154714552,TRUE,FALSE,"consumption__medium_2011__change","consumption_iv__consumption__medium_2011__change"
-0.0204532127107844,2.53225711371735,0.175590922625262,TRUE,FALSE,"consumption__medium_2011__change","consumption_iv__consumption__medium_2011__change"
-0.019635084202353,2.51527358839481,0.176779759307287,TRUE,FALSE,"consumption__medium_2011__change","consumption_iv__consumption__medium_2011__change"
-0.0188169556939217,2.49582259017116,0.178156144917535,TRUE,FALSE,"consumption__medium_2011__change","consumption_iv__consumption__medium_2011__change"
-0.0179988271854903,2.47387821778153,0.179728277866578,TRUE,FALSE,"consumption__medium_2011__change","consumption_iv__consumption__medium_2011__change"
-0.0171806986770589,2.4494287256344,0.181504437927875,TRUE,FALSE,"consumption__medium_2011__change","consumption_iv__consumption__medium_2011__change"
-0.0163625701686275,2.42247739982256,0.183492952264896,TRUE,FALSE,"consumption__medium_2011__change","consumption_iv__consumption__medium_2011__change"
-0.0155444416601962,2.39304325346595,0.185702156551686,TRUE,FALSE,"consumption__medium_2011__change","consumption_iv__consumption__medium_2011__change"
-0.0147263131517648,2.36116151374852,0.188140350996672,TRUE,FALSE,"consumption__medium_2011__change","consumption_iv__consumption__medium_2011__change"
-0.0139081846433334,2.32688387709223,0.190815751164303,TRUE,FALSE,"consumption__medium_2011__change","consumption_iv__consumption__medium_2011__change"
-0.013090056134902,2.2902785142146,0.193736433593465,TRUE,FALSE,"consumption__medium_2011__change","consumption_iv__consumption__medium_2011__change"
-0.0122719276264706,2.25142981318745,0.19691027633554,TRUE,FALSE,"consumption__medium_2011__change","consumption_iv__consumption__medium_2011__change"
-0.0114537991180393,2.21043785582644,0.20034489467697,TRUE,FALSE,"consumption__medium_2011__change","consumption_iv__consumption__medium_2011__change"
-0.0106356706096079,2.16741763050309,0.204047572468536,TRUE,FALSE,"consumption__medium_2011__change","consumption_iv__consumption__medium_2011__change"
-0.00981754210117652,2.12249799243415,0.208025189652662,TRUE,FALSE,"consumption__medium_2011__change","consumption_iv__consumption__medium_2011__change"
-0.00899941359274514,2.07582039030033,0.21228414675547,TRUE,FALSE,"consumption__medium_2011__change","consumption_iv__consumption__medium_2011__change"
-0.00818128508431376,2.02753738529402,0.216830287285951,TRUE,FALSE,"consumption__medium_2011__change","consumption_iv__consumption__medium_2011__change"
-0.00736315657588238,1.97781099504097,0.221668819153012,TRUE,FALSE,"consumption__medium_2011__change","consumption_iv__consumption__medium_2011__change"
-0.006545028067451,1.92681089997341,0.22680423636428,TRUE,FALSE,"consumption__medium_2011__change","consumption_iv__consumption__medium_2011__change"
-0.00572689955901964,1.87471255340999,0.232240242400229,TRUE,FALSE,"consumption__medium_2011__change","consumption_iv__consumption__medium_2011__change"
-0.00490877105058826,1.82169523866877,0.237979676754942,TRUE,FALSE,"consumption__medium_2011__change","consumption_iv__consumption__medium_2011__change"
-0.00409064254215688,1.76794011693956,0.244024446193571,TRUE,FALSE,"consumption__medium_2011__change","consumption_iv__consumption__medium_2011__change"
-0.0032725140337255,1.71362830841003,0.250375462289629,TRUE,FALSE,"consumption__medium_2011__change","consumption_iv__consumption__medium_2011__change"
-0.00245438552529412,1.65893904639886,0.257032586768549,TRUE,FALSE,"consumption__medium_2011__change","consumption_iv__consumption__medium_2011__change"
-0.00163625701686276,1.60404794020611,0.263994586094735,TRUE,FALSE,"consumption__medium_2011__change","consumption_iv__consumption__medium_2011__change"
-0.000818128508431382,1.54912537730342,0.271259096598052,TRUE,FALSE,"consumption__medium_2011__change","consumption_iv__consumption__medium_2011__change"
0,1.49433508965816,0.278822601245025,TRUE,FALSE,"consumption__medium_2011__change","consumption_iv__consumption__medium_2011__change"
0.000818128508431382,1.4398329027296,0.286680418925186,TRUE,FALSE,"consumption__medium_2011__change","consumption_iv__consumption__medium_2011__change"
0.00163625701686276,1.38576567930005,0.294826706852137,TRUE,FALSE,"consumption__medium_2011__change","consumption_iv__consumption__medium_2011__change"
0.00245438552529414,1.33227046409455,0.303254476381418,TRUE,FALSE,"consumption__medium_2011__change","consumption_iv__consumption__medium_2011__change"
0.0032725140337255,1.27947382934169,0.311955622234884,TRUE,FALSE,"consumption__medium_2011__change","consumption_iv__consumption__medium_2011__change"
0.00409064254215688,1.22749141623259,0.320920964805696,TRUE,FALSE,"consumption__medium_2011__change","consumption_iv__consumption__medium_2011__change"
0.00490877105058826,1.17642766278048,0.330140304912079,TRUE,FALSE,"consumption__medium_2011__change","consumption_iv__consumption__medium_2011__change"
0.00572689955901964,1.12637570496063,0.339602490082675,TRUE,FALSE,"consumption__medium_2011__change","consumption_iv__consumption__medium_2011__change"
0.00654502806745103,1.0774174352455,0.349295491202968,TRUE,FALSE,"consumption__medium_2011__change","consumption_iv__consumption__medium_2011__change"
0.00736315657588238,1.02962370073597,0.359206488138823,TRUE,FALSE,"consumption__medium_2011__change","consumption_iv__consumption__medium_2011__change"
0.00818128508431376,0.983054621972788,0.369321962786766,TRUE,FALSE,"consumption__medium_2011__change","consumption_iv__consumption__medium_2011__change"
0.00899941359274514,0.937760013114952,0.379627797885179,TRUE,FALSE,"consumption__medium_2011__change","consumption_iv__consumption__medium_2011__change"
0.00981754210117652,0.89377988439752,0.390109379857665,TRUE,FALSE,"consumption__medium_2011__change","consumption_iv__consumption__medium_2011__change"
0.0106356706096079,0.851145008520696,0.400751703948694,TRUE,FALSE,"consumption__medium_2011__change","consumption_iv__consumption__medium_2011__change"
0.0114537991180393,0.809877533763821,0.411539479949621,TRUE,FALSE,"consumption__medium_2011__change","consumption_iv__consumption__medium_2011__change"
0.0122719276264706,0.76999162805696,0.422457236894732,TRUE,FALSE,"consumption__medium_2011__change","consumption_iv__consumption__medium_2011__change"
0.013090056134902,0.7314941398757,0.433489425226777,TRUE,FALSE,"consumption__medium_2011__change","consumption_iv__consumption__medium_2011__change"
0.0139081846433334,0.694385263566706,0.444620515081339,TRUE,FALSE,"consumption__medium_2011__change","consumption_iv__consumption__medium_2011__change"
0.0147263131517648,0.658659198482858,0.455835089512712,TRUE,FALSE,"consumption__medium_2011__change","consumption_iv__consumption__medium_2011__change"
0.0155444416601962,0.624304793050496,0.467117931671551,TRUE,FALSE,"consumption__medium_2011__change","consumption_iv__consumption__medium_2011__change"
0.0163625701686275,0.591306166554369,0.478454105140254,TRUE,FALSE,"consumption__medium_2011__change","consumption_iv__consumption__medium_2011__change"
0.0171806986770589,0.559643302976141,0.489829026827955,TRUE,FALSE,"consumption__medium_2011__change","consumption_iv__consumption__medium_2011__change"
0.0179988271854903,0.529292612634473,0.501228532017543,TRUE,FALSE,"consumption__medium_2011__change","consumption_iv__consumption__medium_2011__change"
0.0188169556939217,0.500227458634494,0.512638931337146,TRUE,FALSE,"consumption__medium_2011__change","consumption_iv__consumption__medium_2011__change"
0.019635084202353,0.472418646237368,0.524047059593644,TRUE,FALSE,"consumption__medium_2011__change","consumption_iv__consumption__medium_2011__change"
0.0204532127107844,0.445834874204729,0.535440316554049,TRUE,FALSE,"consumption__medium_2011__change","consumption_iv__consumption__medium_2011__change"
0.0212713412192158,0.420443147967594,0.546806699888597,TRUE,FALSE,"consumption__medium_2011__change","consumption_iv__consumption__medium_2011__change"
0.0220894697276472,0.396209155120083,0.558134830597933,TRUE,FALSE,"consumption__medium_2011__change","consumption_iv__consumption__medium_2011__change"
0.0229075982360785,0.373097604260411,0.569413971334224,TRUE,FALSE,"consumption__medium_2011__change","consumption_iv__consumption__medium_2011__change"
0.0237257267445099,0.35107252860577,0.580634038093979,TRUE,FALSE,"consumption__medium_2011__change","consumption_iv__consumption__medium_2011__change"
0.0245438552529413,0.330097556109179,0.591785605809465,TRUE,FALSE,"consumption__medium_2011__change","consumption_iv__consumption__medium_2011__change"
0.0253619837613727,0.310136148018701,0.602859908397271,TRUE,FALSE,"consumption__medium_2011__change","consumption_iv__consumption__medium_2011__change"
0.026180112269804,0.291151807954826,0.613848833839375,TRUE,FALSE,"consumption__medium_2011__change","consumption_iv__consumption__medium_2011__change"
0.0269982407782354,0.273108263654722,0.624744914874849,TRUE,FALSE,"consumption__medium_2011__change","consumption_iv__consumption__medium_2011__change"
0.0278163692866668,0.2559696235522,0.635541315872043,TRUE,FALSE,"consumption__medium_2011__change","consumption_iv__consumption__medium_2011__change"
0.0286344977950982,0.239700510340387,0.646231816433456,TRUE,FALSE,"consumption__medium_2011__change","consumption_iv__consumption__medium_2011__change"
0.0294526263035296,0.224266173610074,0.656810792260095,TRUE,FALSE,"consumption__medium_2011__change","consumption_iv__consumption__medium_2011__change"
0.0302707548119609,0.209632583577141,0.667273193771362,TRUE,FALSE,"consumption__medium_2011__change","consumption_iv__consumption__medium_2011__change"
0.0310888833203923,0.195766507815049,0.677614522941483,TRUE,FALSE,"consumption__medium_2011__change","consumption_iv__consumption__medium_2011__change"
0.0319070118288237,0.182635572798636,0.68783080877576,TRUE,FALSE,"consumption__medium_2011__change","consumption_iv__consumption__medium_2011__change"
0.0327251403372551,0.170208311947334,0.69791858181118,TRUE,FALSE,"consumption__medium_2011__change","consumption_iv__consumption__medium_2011__change"
0.0335432688456865,0.158454201734815,0.707874847986183,TRUE,FALSE,"consumption__medium_2011__change","consumption_iv__consumption__medium_2011__change"
0.0343613973541178,0.147343687309043,0.717697062185869,TRUE,FALSE,"consumption__medium_2011__change","consumption_iv__consumption__medium_2011__change"
0.0351795258625492,0.136848198946471,0.727383101730762,TRUE,FALSE,"consumption__medium_2011__change","consumption_iv__consumption__medium_2011__change"
0.0359976543709806,0.126940160545674,0.73693124004197,TRUE,FALSE,"consumption__medium_2011__change","consumption_iv__consumption__medium_2011__change"
0.036815782879412,0.11759299125414,0.746340120680784,TRUE,FALSE,"consumption__medium_2011__change","consumption_iv__consumption__medium_2011__change"
0.0376339113878433,0.108781101213824,0.755608731930156,TRUE,FALSE,"consumption__medium_2011__change","consumption_iv__consumption__medium_2011__change"
0.0384520398962747,0.100479882311415,0.76473638205568,TRUE,FALSE,"consumption__medium_2011__change","consumption_iv__consumption__medium_2011__change"
0.0392701684047061,0.0926656947245471,0.773722675358078,TRUE,FALSE,"consumption__medium_2011__change","consumption_iv__consumption__medium_2011__change"
0.0400882969131375,0.085315849969001,0.782567489104645,TRUE,FALSE,"consumption__medium_2011__change","consumption_iv__consumption__medium_2011__change"
0.0409064254215688,0.078408591071146,0.79127095140659,TRUE,FALSE,"consumption__medium_2011__change","consumption_iv__consumption__medium_2011__change"
0.0417245539300002,0.0719230704171278,0.799833420089817,TRUE,FALSE,"consumption__medium_2011__change","consumption_iv__consumption__medium_2011__change"
0.0425426824384316,0.0658393257629926,0.808255462590807,TRUE,FALSE,"consumption__medium_2011__change","consumption_iv__consumption__medium_2011__change"
0.043360810946863,0.0601382548296578,0.816537836894693,TRUE,FALSE,"consumption__medium_2011__change","consumption_iv__consumption__medium_2011__change"
0.0441789394552943,0.0548015888519212,0.824681473520322,TRUE,FALSE,"consumption__medium_2011__change","consumption_iv__consumption__medium_2011__change"
0.0449970679637257,0.0498118654011716,0.832687458547221,TRUE,FALSE,"consumption__medium_2011__change","consumption_iv__consumption__medium_2011__change"
0.0458151964721571,0.045152400757631,0.840557017670374,TRUE,FALSE,"consumption__medium_2011__change","consumption_iv__consumption__medium_2011__change"
0.0466333249805885,0.0408072620686835,0.84829150126134,TRUE,FALSE,"consumption__medium_2011__change","consumption_iv__consumption__medium_2011__change"
0.0474514534890199,0.036761239494321,0.855892370409312,TRUE,FALSE,"consumption__medium_2011__change","consumption_iv__consumption__medium_2011__change"
0.0482695819974512,0.0329998185102952,0.863361183910082,TRUE,FALSE,"consumption__medium_2011__change","consumption_iv__consumption__medium_2011__change"
0.0490877105058826,0.0295091525115218,0.870699586168376,TRUE,FALSE,"consumption__medium_2011__change","consumption_iv__consumption__medium_2011__change"
0.049905839014314,0.026276035834603,0.877909295975528,TRUE,FALSE,"consumption__medium_2011__change","consumption_iv__consumption__medium_2011__change"
0.0507239675227454,0.0232878772966933,0.884992096123417,TRUE,FALSE,"consumption__medium_2011__change","consumption_iv__consumption__medium_2011__change"
0.0515420960311767,0.0205326743295921,0.89194982381405,TRUE,FALSE,"consumption__medium_2011__change","consumption_iv__consumption__medium_2011__change"
0.0523602245396081,0.0179989877717545,0.898784361823579,TRUE,FALSE,"consumption__medium_2011__change","consumption_iv__consumption__medium_2011__change"
0.0531783530480395,0.0156759173666336,0.905497630380007,TRUE,FALSE,"consumption__medium_2011__change","consumption_iv__consumption__medium_2011__change"
0.0539964815564709,0.0135530780039037,0.912091579713466,TRUE,FALSE,"consumption__medium_2011__change","consumption_iv__consumption__medium_2011__change"
0.0548146100649022,0.011620576729355,0.918568183239307,TRUE,FALSE,"consumption__medium_2011__change","consumption_iv__consumption__medium_2011__change"
0.0556327385733336,0.0098689905404655,0.924929431334679,TRUE,FALSE,"consumption__medium_2011__change","consumption_iv__consumption__medium_2011__change"
0.056450867081765,0.0082893449768585,0.931177325670771,TRUE,FALSE,"consumption__medium_2011__change","consumption_iv__consumption__medium_2011__change"
0.0572689955901964,0.00687309350840676,0.937313874064122,TRUE,FALSE,"consumption__medium_2011__change","consumption_iv__consumption__medium_2011__change"
0.0580871240986277,0.00561209771830424,0.943341085811613,TRUE,FALSE,"consumption__medium_2011__change","consumption_iv__consumption__medium_2011__change"
0.0589052526070591,0.00449860827374244,0.949260967475763,TRUE,FALSE,"consumption__medium_2011__change","consumption_iv__consumption__medium_2011__change"
0.0597233811154905,0.00352524667314533,0.955075519088067,TRUE,FALSE,"consumption__medium_2011__change","consumption_iv__consumption__medium_2011__change"
0.0605415096239219,0.0026849877557562,0.960786730739893,TRUE,FALSE,"consumption__medium_2011__change","consumption_iv__consumption__medium_2011__change"
0.0613596381323533,0.00197114295685046,0.966396579532177,TRUE,FALSE,"consumption__medium_2011__change","consumption_iv__consumption__medium_2011__change"
0.0621777666407846,0.0013773442898686,0.971907026856689,TRUE,FALSE,"consumption__medium_2011__change","consumption_iv__consumption__medium_2011__change"
0.062995895149216,0.000897529035231105,0.977320015983077,TRUE,FALSE,"consumption__medium_2011__change","consumption_iv__consumption__medium_2011__change"
0.0638140236576474,0.000525925114410831,0.982637469927554,TRUE,FALSE,"consumption__medium_2011__change","consumption_iv__consumption__medium_2011__change"
0.0646321521660788,0.000257037126986686,0.987861289580864,TRUE,FALSE,"consumption__medium_2011__change","consumption_iv__consumption__medium_2011__change"
0.0654502806745101,8.56330279036363e-05,0.992993352074049,TRUE,FALSE,"consumption__medium_2011__change","consumption_iv__consumption__medium_2011__change"
0.0662684091829415,6.73142180165895e-06,0.99803550936232,TRUE,FALSE,"consumption__medium_2011__change","consumption_iv__consumption__medium_2011__change"
0.0670865376913729,1.55894511787052e-05,0.997010412991271,TRUE,FALSE,"consumption__medium_2011__change","consumption_iv__consumption__medium_2011__change"
0.0679046661998043,0.000107691255221477,0.992142616849695,TRUE,FALSE,"consumption__medium_2011__change","consumption_iv__consumption__medium_2011__change"
0.0687227947082356,0.000278736976322382,0.987359332369299,TRUE,FALSE,"consumption__medium_2011__change","consumption_iv__consumption__medium_2011__change"
0.069540923216667,0.000524632291629749,0.982658818715298,TRUE,FALSE,"consumption__medium_2011__change","consumption_iv__consumption__medium_2011__change"
0.0703590517250984,0.000841478447369651,0.978039364639526,TRUE,FALSE,"consumption__medium_2011__change","consumption_iv__consumption__medium_2011__change"
0.0711771802335298,0.00122556277420144,0.973499288932645,TRUE,FALSE,"consumption__medium_2011__change","consumption_iv__consumption__medium_2011__change"
0.0719953087419611,0.00167334966237486,0.969036940763065,TRUE,FALSE,"consumption__medium_2011__change","consumption_iv__consumption__medium_2011__change"
0.0728134372503925,0.00218147197609129,0.96465069991314,TRUE,FALSE,"consumption__medium_2011__change","consumption_iv__consumption__medium_2011__change"
0.0736315657588239,0.0027467228870755,0.960338976922814,TRUE,FALSE,"consumption__medium_2011__change","consumption_iv__consumption__medium_2011__change"
0.0744496942672553,0.00336604810804128,0.956100213149878,TRUE,FALSE,"consumption__medium_2011__change","consumption_iv__consumption__medium_2011__change"
0.0752678227756867,0.00403653850740306,0.951932880755325,TRUE,FALSE,"consumption__medium_2011__change","consumption_iv__consumption__medium_2011__change"
0.076085951284118,0.00475542308724745,0.947835482621761,TRUE,FALSE,"consumption__medium_2011__change","consumption_iv__consumption__medium_2011__change"
0.0769040797925494,0.00552006230730641,0.94380655221187,TRUE,FALSE,"consumption__medium_2011__change","consumption_iv__consumption__medium_2011__change"
0.0777222083009808,0.00632794173832992,0.939844653373597,TRUE,FALSE,"consumption__medium_2011__change","consumption_iv__consumption__medium_2011__change"
0.0785403368094122,0.00717666602893104,0.935948380098127,TRUE,FALSE,"consumption__medium_2011__change","consumption_iv__consumption__medium_2011__change"
0.0793584653178435,0.00806395317064566,0.932116356236207,TRUE,FALSE,"consumption__medium_2011__change","consumption_iv__consumption__medium_2011__change"
0.0801765938262749,0.00898762904666914,0.928347235177631,TRUE,FALSE,"consumption__medium_2011__change","consumption_iv__consumption__medium_2011__change"
0.0809947223347063,0.00994562225023934,0.924639699498875,TRUE,FALSE,"consumption__medium_2011__change","consumption_iv__consumption__medium_2011__change"
0.0818128508431377,0.0109359591594043,0.920992460582787,TRUE,FALSE,"consumption__medium_2011__change","consumption_iv__consumption__medium_2011__change"
0.082630979351569,0.0119567592554441,0.91740425821427,TRUE,FALSE,"consumption__medium_2011__change","consumption_iv__consumption__medium_2011__change"
0.0834491078600004,0.0130062306727597,0.91387386015562,TRUE,FALSE,"consumption__medium_2011__change","consumption_iv__consumption__medium_2011__change"
0.0842672363684318,0.0140826659688054,0.910400061704246,TRUE,FALSE,"consumption__medium_2011__change","consumption_iv__consumption__medium_2011__change"
0.0850853648768632,0.0151844381028663,0.906981685236274,TRUE,FALSE,"consumption__medium_2011__change","consumption_iv__consumption__medium_2011__change"
0.0859034933852945,0.0163099966133575,0.903617579738099,TRUE,FALSE,"consumption__medium_2011__change","consumption_iv__consumption__medium_2011__change"
0.086721621893726,0.017457863983599,0.900306620328508,TRUE,FALSE,"consumption__medium_2011__change","consumption_iv__consumption__medium_2011__change"
0.0875397504021573,0.0186266321865498,0.89704770777356,TRUE,FALSE,"consumption__medium_2011__change","consumption_iv__consumption__medium_2011__change"
0.0883578789105887,0.0198149593995474,0.893839767995956,TRUE,FALSE,"consumption__medium_2011__change","consumption_iv__consumption__medium_2011__change"
0.08917600741902,0.021021566880413,0.890681751580814,TRUE,FALSE,"consumption__medium_2011__change","consumption_iv__consumption__medium_2011__change"
0.0899941359274514,0.0222452359968427,0.887572633279222,TRUE,FALSE,"consumption__medium_2011__change","consumption_iv__consumption__medium_2011__change"
0.0908122644358828,0.0234848054012269,0.884511411511269,TRUE,FALSE,"consumption__medium_2011__change","consumption_iv__consumption__medium_2011__change"
0.0916303929443142,0.0247391683436722,0.881497107869466,TRUE,FALSE,"consumption__medium_2011__change","consumption_iv__consumption__medium_2011__change"
0.0924485214527456,0.0260072701162106,0.878528766623791,TRUE,FALSE,"consumption__medium_2011__change","consumption_iv__consumption__medium_2011__change"
0.093266649961177,0.0272881056214906,0.87560545422951,TRUE,FALSE,"consumption__medium_2011__change","consumption_iv__consumption__medium_2011__change"
0.0940847784696083,0.0285807170597778,0.872726258838394,TRUE,FALSE,"consumption__medium_2011__change","consumption_iv__consumption__medium_2011__change"
0.0949029069780397,0.0298841917281974,0.869890289814327,TRUE,FALSE,"consumption__medium_2011__change","consumption_iv__consumption__medium_2011__change"
0.0957210354864711,0.031197659926629,0.867096677253814,TRUE,FALSE,"consumption__medium_2011__change","consumption_iv__consumption__medium_2011__change"
0.0965391639949024,0.0325202929648555,0.86434457151206,TRUE,FALSE,"consumption__medium_2011__change","consumption_iv__consumption__medium_2011__change"
0.0973572925033338,0.0338513012658213,0.861633142735216,TRUE,FALSE,"consumption__medium_2011__change","consumption_iv__consumption__medium_2011__change"
0.0981754210117652,0.0351899325602457,0.858961580399087,TRUE,FALSE,"consumption__medium_2011__change","consumption_iv__consumption__medium_2011__change"
0.0989935495201966,0.0365354701679764,0.856329092854727,TRUE,FALSE,"consumption__medium_2011__change","consumption_iv__consumption__medium_2011__change"
0.099811678028628,0.0378872313616533,0.85373490688142,TRUE,FALSE,"consumption__medium_2011__change","consumption_iv__consumption__medium_2011__change"
0.100629806537059,0.0392445658087185,0.851178267246985,TRUE,FALSE,"consumption__medium_2011__change","consumption_iv__consumption__medium_2011__change"
0.101447935045491,0.0406068540877106,0.848658436275932,TRUE,FALSE,"consumption__medium_2011__change","consumption_iv__consumption__medium_2011__change"
0.102266063553922,0.0419735062751829,0.846174693425533,TRUE,FALSE,"consumption__medium_2011__change","consumption_iv__consumption__medium_2011__change"
0.103084192062353,0.0433439605997306,0.843726334869951,TRUE,FALSE,"consumption__medium_2011__change","consumption_iv__consumption__medium_2011__change"
0.103902320570785,0.0447176821598718,0.841312673092379,TRUE,FALSE,"consumption__medium_2011__change","consumption_iv__consumption__medium_2011__change"
0.104720449079216,0.0460941617023898,0.838933036485674,TRUE,FALSE,"consumption__medium_2011__change","consumption_iv__consumption__medium_2011__change"
0.105538577587648,0.0474729144583471,0.836586768961137,TRUE,FALSE,"consumption__medium_2011__change","consumption_iv__consumption__medium_2011__change"
0.106356706096079,0.0488534790339298,0.834273229565464,TRUE,FALSE,"consumption__medium_2011__change","consumption_iv__consumption__medium_2011__change"
0.10717483460451,0.0502354163531343,0.831991792106353,TRUE,FALSE,"consumption__medium_2011__change","consumption_iv__consumption__medium_2011__change"
0.107992963112942,0.0516183086501571,0.829741844786011,TRUE,FALSE,"consumption__medium_2011__change","consumption_iv__consumption__medium_2011__change"
0.108811091621373,0.0530017585086999,0.827522789843141,TRUE,FALSE,"consumption__medium_2011__change","consumption_iv__consumption__medium_2011__change"
0.109629220129804,0.0543853879460896,0.825334043202994,TRUE,FALSE,"consumption__medium_2011__change","consumption_iv__consumption__medium_2011__change"
0.110447348638236,0.055768837539862,0.823175034135675,TRUE,FALSE,"consumption__medium_2011__change","consumption_iv__consumption__medium_2011__change"
0.111265477146667,0.0571517655949149,0.821045204922348,TRUE,FALSE,"consumption__medium_2011__change","consumption_iv__consumption__medium_2011__change"
0.112083605655099,0.0585338473491838,0.818944010529344,TRUE,FALSE,"consumption__medium_2011__change","consumption_iv__consumption__medium_2011__change"
0.11290173416353,0.0599147742158115,0.816870918290337,TRUE,FALSE,"consumption__medium_2011__change","consumption_iv__consumption__medium_2011__change"
0.113719862671961,0.0612942530603194,0.814825407596016,TRUE,FALSE,"consumption__medium_2011__change","consumption_iv__consumption__medium_2011__change"
0.114537991180393,0.0626720055109175,0.812806969591431,TRUE,FALSE,"consumption__medium_2011__change","consumption_iv__consumption__medium_2011__change"
0.115356119688824,0.0640477673003338,0.810815106880904,TRUE,FALSE,"consumption__medium_2011__change","consumption_iv__consumption__medium_2011__change"
0.116174248197255,0.0654212876377294,0.808849333240252,TRUE,FALSE,"consumption__medium_2011__change","consumption_iv__consumption__medium_2011__change"
0.116992376705687,0.0667923286093017,0.806909173336126,TRUE,FALSE,"consumption__medium_2011__change","consumption_iv__consumption__medium_2011__change"
0.117810505214118,0.0681606646059612,0.804994162452689,TRUE,FALSE,"consumption__medium_2011__change","consumption_iv__consumption__medium_2011__change"
0.11862863372255,0.0695260817771061,0.803103846225022,TRUE,FALSE,"consumption__medium_2011__change","consumption_iv__consumption__medium_2011__change"
0.119446762230981,0.0708883775090612,0.8012377803794,TRUE,FALSE,"consumption__medium_2011__change","consumption_iv__consumption__medium_2011__change"
0.120264890739412,0.0722473599269805,0.79939553048035,TRUE,FALSE,"consumption__medium_2011__change","consumption_iv__consumption__medium_2011__change"
0.121083019247844,0.0736028474192539,0.797576671684102,TRUE,FALSE,"consumption__medium_2011__change","consumption_iv__consumption__medium_2011__change"
0.121901147756275,0.0749546681832172,0.795780788498518,TRUE,FALSE,"consumption__medium_2011__change","consumption_iv__consumption__medium_2011__change"
0.122719276264707,0.076302659791249,0.794007474549212,TRUE,FALSE,"consumption__medium_2011__change","consumption_iv__consumption__medium_2011__change"
0.123537404773138,0.0776466687762344,0.792256332351813,TRUE,FALSE,"consumption__medium_2011__change","consumption_iv__consumption__medium_2011__change"
0.124355533281569,0.0789865502355413,0.790526973090155,TRUE,FALSE,"consumption__medium_2011__change","consumption_iv__consumption__medium_2011__change"
0.125173661790001,0.0803221674525629,0.788819016400357,TRUE,FALSE,"consumption__medium_2011__change","consumption_iv__consumption__medium_2011__change"
0.125991790298432,0.08165339153513,0.787132090160501,TRUE,FALSE,"consumption__medium_2011__change","consumption_iv__consumption__medium_2011__change"
0.126809918806863,0.0829801010698951,0.785465830285905,TRUE,FALSE,"consumption__medium_2011__change","consumption_iv__consumption__medium_2011__change"
0.127628047315295,0.0843021817920428,0.783819880529743,TRUE,FALSE,"consumption__medium_2011__change","consumption_iv__consumption__medium_2011__change"
0.128446175823726,0.085619526269433,0.782193892289115,TRUE,FALSE,"consumption__medium_2011__change","consumption_iv__consumption__medium_2011__change"
0.129264304332158,0.0869320336008214,0.780587524416016,TRUE,FALSE,"consumption__medium_2011__change","consumption_iv__consumption__medium_2011__change"
0.130082432840589,0.0882396091272232,0.779000443033473,TRUE,FALSE,"consumption__medium_2011__change","consumption_iv__consumption__medium_2011__change"
0.13090056134902,0.0895421641559259,0.777432321356547,TRUE,FALSE,"consumption__medium_2011__change","consumption_iv__consumption__medium_2011__change"
0.131718689857452,0.0908396156966414,0.775882839518021,TRUE,FALSE,"consumption__medium_2011__change","consumption_iv__consumption__medium_2011__change"
0.132536818365883,0.0921318862090515,0.774351684398854,TRUE,FALSE,"consumption__medium_2011__change","consumption_iv__consumption__medium_2011__change"
0.133354946874314,0.0934189033615217,0.772838549462948,TRUE,FALSE,"consumption__medium_2011__change","consumption_iv__consumption__medium_2011__change"
0.134173075382746,0.0947005998001074,0.771343134596543,TRUE,FALSE,"consumption__medium_2011__change","consumption_iv__consumption__medium_2011__change"
0.134991203891177,0.0959769129277467,0.769865145951682,TRUE,FALSE,"consumption__medium_2011__change","consumption_iv__consumption__medium_2011__change"
0.135809332399609,0.0972477846929022,0.768404295793988,TRUE,FALSE,"consumption__medium_2011__change","consumption_iv__consumption__medium_2011__change"
0.13662746090804,0.0985131613874618,0.766960302354329,TRUE,FALSE,"consumption__medium_2011__change","consumption_iv__consumption__medium_2011__change"
0.137445589416471,0.0997729934531505,0.765532889684686,TRUE,FALSE,"consumption__medium_2011__change","consumption_iv__consumption__medium_2011__change"
0.138263717924903,0.101027235296571,0.764121787517499,TRUE,FALSE,"consumption__medium_2011__change","consumption_iv__consumption__medium_2011__change"
0.139081846433334,0.102275845111881,0.762726731129129,TRUE,FALSE,"consumption__medium_2011__change","consumption_iv__consumption__medium_2011__change"
0.139899974941765,0.103518784711358,0.761347461206607,TRUE,FALSE,"consumption__medium_2011__change","consumption_iv__consumption__medium_2011__change"
0.140718103450197,0.104756019363075,0.75998372371811,TRUE,FALSE,"consumption__medium_2011__change","consumption_iv__consumption__medium_2011__change"
0.141536231958628,0.105987517635479,0.7586352697869,TRUE,FALSE,"consumption__medium_2011__change","consumption_iv__consumption__medium_2011__change"
0.14235436046706,0.107213251248827,0.757301855568357,TRUE,FALSE,"consumption__medium_2011__change","consumption_iv__consumption__medium_2011__change"
0.143172488975491,0.108433194932639,0.755983242130628,TRUE,FALSE,"consumption__medium_2011__change","consumption_iv__consumption__medium_2011__change"
0.143990617483922,0.109647326289512,0.754679195338092,TRUE,FALSE,"consumption__medium_2011__change","consumption_iv__consumption__medium_2011__change"
0.144808745992354,0.110855625664599,0.753389485738054,TRUE,FALSE,"consumption__medium_2011__change","consumption_iv__consumption__medium_2011__change"
0.145626874500785,0.112058076020575,0.752113888450471,TRUE,FALSE,"consumption__medium_2011__change","consumption_iv__consumption__medium_2011__change"
0.146445003009216,0.113254662818053,0.750852183060432,TRUE,FALSE,"consumption__medium_2011__change","consumption_iv__consumption__medium_2011__change"
0.147263131517648,0.114445373900967,0.749604153513554,TRUE,FALSE,"consumption__medium_2011__change","consumption_iv__consumption__medium_2011__change"
0.148081260026079,0.115630199386754,0.748369588014185,TRUE,FALSE,"consumption__medium_2011__change","consumption_iv__consumption__medium_2011__change"
0.148899388534511,0.116809131561302,0.747148278926136,TRUE,FALSE,"consumption__medium_2011__change","consumption_iv__consumption__medium_2011__change"
0.149717517042942,0.117982164778322,0.745940022676016,TRUE,FALSE,"consumption__medium_2011__change","consumption_iv__consumption__medium_2011__change"
0.150535645551373,0.119149295362804,0.744744619659259,TRUE,FALSE,"consumption__medium_2011__change","consumption_iv__consumption__medium_2011__change"
0.151353774059805,0.120310521518752,0.743561874148372,TRUE,FALSE,"consumption__medium_2011__change","consumption_iv__consumption__medium_2011__change"
0.152171902568236,0.121465843240657,0.742391594203725,TRUE,FALSE,"consumption__medium_2011__change","consumption_iv__consumption__medium_2011__change"
0.152990031076667,0.122615262228728,0.741233591586612,TRUE,FALSE,"consumption__medium_2011__change","consumption_iv__consumption__medium_2011__change"
0.153808159585099,0.123758781807757,0.740087681674496,TRUE,FALSE,"consumption__medium_2011__change","consumption_iv__consumption__medium_2011__change"
0.15462628809353,0.124896406849238,0.73895368337859,TRUE,FALSE,"consumption__medium_2011__change","consumption_iv__consumption__medium_2011__change"
0.155444416601962,0.126028143696914,0.73783141906341,TRUE,FALSE,"consumption__medium_2011__change","consumption_iv__consumption__medium_2011__change"
0.156262545110393,0.127154000095385,0.73672071446845,TRUE,FALSE,"consumption__medium_2011__change","consumption_iv__consumption__medium_2011__change"
0.157080673618824,0.128273985121586,0.735621398631993,TRUE,FALSE,"consumption__medium_2011__change","consumption_iv__consumption__medium_2011__change"
0.157898802127256,0.129388109119435,0.734533303816587,TRUE,FALSE,"consumption__medium_2011__change","consumption_iv__consumption__medium_2011__change"
0.158716930635687,0.130496383636824,0.733456265436791,TRUE,FALSE,"consumption__medium_2011__change","consumption_iv__consumption__medium_2011__change"
0.159535059144118,0.131598821365611,0.732390121988424,TRUE,FALSE,"consumption__medium_2011__change","consumption_iv__consumption__medium_2011__change"
0.16035318765255,0.132695436083915,0.73133471497982,TRUE,FALSE,"consumption__medium_2011__change","consumption_iv__consumption__medium_2011__change"
0.161171316160981,0.133786242600819,0.730289888864815,TRUE,FALSE,"consumption__medium_2011__change","consumption_iv__consumption__medium_2011__change"
0.161989444669413,0.134871256703528,0.729255490977316,TRUE,FALSE,"consumption__medium_2011__change","consumption_iv__consumption__medium_2011__change"
0.162807573177844,0.135950495106584,0.728231371467651,TRUE,FALSE,"consumption__medium_2011__change","consumption_iv__consumption__medium_2011__change"
0.163625701686275,0.137023975403343,0.727217383240411,TRUE,FALSE,"consumption__medium_2011__change","consumption_iv__consumption__medium_2011__change"
-0.133868410695381,0.870690253149955,0.396753222522238,TRUE,FALSE,"consumption__long_2022__ancova","consumption_iv__consumption__long_2022__ancova"
-0.133199068641904,0.871410096754248,0.396573676996575,TRUE,FALSE,"consumption__long_2022__ancova","consumption_iv__consumption__long_2022__ancova"
-0.132529726588427,0.872135901743517,0.396392786545333,TRUE,FALSE,"consumption__long_2022__ancova","consumption_iv__consumption__long_2022__ancova"
-0.13186038453495,0.872867738595483,0.39621053695125,TRUE,FALSE,"consumption__long_2022__ancova","consumption_iv__consumption__long_2022__ancova"
-0.131191042481473,0.873605678817828,0.39602691381705,TRUE,FALSE,"consumption__long_2022__ancova","consumption_iv__consumption__long_2022__ancova"
-0.130521700427996,0.874349794964381,0.395841902563271,TRUE,FALSE,"consumption__long_2022__ancova","consumption_iv__consumption__long_2022__ancova"
-0.129852358374519,0.875100160651871,0.395655488425981,TRUE,FALSE,"consumption__long_2022__ancova","consumption_iv__consumption__long_2022__ancova"
-0.129183016321042,0.875856850576742,0.39546765645454,TRUE,FALSE,"consumption__long_2022__ancova","consumption_iv__consumption__long_2022__ancova"
-0.128513674267565,0.876619940532098,0.395278391509373,TRUE,FALSE,"consumption__long_2022__ancova","consumption_iv__consumption__long_2022__ancova"
-0.127844332214089,0.877389507425092,0.39508767825968,TRUE,FALSE,"consumption__long_2022__ancova","consumption_iv__consumption__long_2022__ancova"
-0.127174990160612,0.878165629294229,0.39489550118122,TRUE,FALSE,"consumption__long_2022__ancova","consumption_iv__consumption__long_2022__ancova"
-0.126505648107135,0.878948385327232,0.394701844554013,TRUE,FALSE,"consumption__long_2022__ancova","consumption_iv__consumption__long_2022__ancova"
-0.125836306053658,0.879737855878644,0.394506692460147,TRUE,FALSE,"consumption__long_2022__ancova","consumption_iv__consumption__long_2022__ancova"
-0.125166964000181,0.880534122488245,0.39431002878145,TRUE,FALSE,"consumption__long_2022__ancova","consumption_iv__consumption__long_2022__ancova"
-0.124497621946704,0.881337267898928,0.394111837197347,TRUE,FALSE,"consumption__long_2022__ancova","consumption_iv__consumption__long_2022__ancova"
-0.123828279893227,0.882147376075538,0.393912101182531,TRUE,FALSE,"consumption__long_2022__ancova","consumption_iv__consumption__long_2022__ancova"
-0.12315893783975,0.882964532223124,0.393710804004843,TRUE,FALSE,"consumption__long_2022__ancova","consumption_iv__consumption__long_2022__ancova"
-0.122489595786273,0.883788822806105,0.393507928722983,TRUE,FALSE,"consumption__long_2022__ancova","consumption_iv__consumption__long_2022__ancova"
-0.121820253732796,0.884620335567015,0.393303458184384,TRUE,FALSE,"consumption__long_2022__ancova","consumption_iv__consumption__long_2022__ancova"
-0.12115091167932,0.88545915954562,0.393097375023057,TRUE,FALSE,"consumption__long_2022__ancova","consumption_iv__consumption__long_2022__ancova"
-0.120481569625843,0.886305385098369,0.392889661657413,TRUE,FALSE,"consumption__long_2022__ancova","consumption_iv__consumption__long_2022__ancova"
-0.119812227572366,0.88715910391773,0.392680300288186,TRUE,FALSE,"consumption__long_2022__ancova","consumption_iv__consumption__long_2022__ancova"
-0.119142885518889,0.888020409051604,0.39246927289639,TRUE,FALSE,"consumption__long_2022__ancova","consumption_iv__consumption__long_2022__ancova"
-0.118473543465412,0.888889394923092,0.392256561241267,TRUE,FALSE,"consumption__long_2022__ancova","consumption_iv__consumption__long_2022__ancova"
-0.117804201411935,0.889766157350287,0.392042146858286,TRUE,FALSE,"consumption__long_2022__ancova","consumption_iv__consumption__long_2022__ancova"
-0.117134859358458,0.890650793565957,0.391826011057248,TRUE,FALSE,"consumption__long_2022__ancova","consumption_iv__consumption__long_2022__ancova"
-0.116465517304981,0.891543402237478,0.391608134920391,TRUE,FALSE,"consumption__long_2022__ancova","consumption_iv__consumption__long_2022__ancova"
-0.115796175251504,0.892444083486877,0.391388499300547,TRUE,FALSE,"consumption__long_2022__ancova","consumption_iv__consumption__long_2022__ancova"
-0.115126833198027,0.893352938910486,0.39116708481946,TRUE,FALSE,"consumption__long_2022__ancova","consumption_iv__consumption__long_2022__ancova"
-0.11445749114455,0.894270071599286,0.390943871866014,TRUE,FALSE,"consumption__long_2022__ancova","consumption_iv__consumption__long_2022__ancova"
-0.113788149091074,0.895195586158428,0.390718840594737,TRUE,FALSE,"consumption__long_2022__ancova","consumption_iv__consumption__long_2022__ancova"
-0.113118807037597,0.896129588727383,0.390491970924222,TRUE,FALSE,"consumption__long_2022__ancova","consumption_iv__consumption__long_2022__ancova"
-0.11244946498412,0.897072186999551,0.390263242535766,TRUE,FALSE,"consumption__long_2022__ancova","consumption_iv__consumption__long_2022__ancova"
-0.111780122930643,0.898023490242,0.390032634872049,TRUE,FALSE,"consumption__long_2022__ancova","consumption_iv__consumption__long_2022__ancova"
-0.111110780877166,0.898983609314899,0.389800127135971,TRUE,FALSE,"consumption__long_2022__ancova","consumption_iv__consumption__long_2022__ancova"
-0.110441438823689,0.899952656691078,0.389565698289533,TRUE,FALSE,"consumption__long_2022__ancova","consumption_iv__consumption__long_2022__ancova"
-0.109772096770212,0.9009307464748,0.389329327053,TRUE,FALSE,"consumption__long_2022__ancova","consumption_iv__consumption__long_2022__ancova"
-0.109102754716735,0.901917994420818,0.389090991904069,TRUE,FALSE,"consumption__long_2022__ancova","consumption_iv__consumption__long_2022__ancova"
-0.108433412663258,0.902914517952737,0.38885067107729,TRUE,FALSE,"consumption__long_2022__ancova","consumption_iv__consumption__long_2022__ancova"
-0.107764070609781,0.903920436181343,0.388608342563585,TRUE,FALSE,"consumption__long_2022__ancova","consumption_iv__consumption__long_2022__ancova"
-0.107094728556305,0.904935869922147,0.388363984110033,TRUE,FALSE,"consumption__long_2022__ancova","consumption_iv__consumption__long_2022__ancova"
-0.106425386502828,0.905960941712667,0.388117573219809,TRUE,FALSE,"consumption__long_2022__ancova","consumption_iv__consumption__long_2022__ancova"
-0.105756044449351,0.906995775829234,0.38786908715232,TRUE,FALSE,"consumption__long_2022__ancova","consumption_iv__consumption__long_2022__ancova"
-0.105086702395874,0.908040498302831,0.387618502923665,TRUE,FALSE,"consumption__long_2022__ancova","consumption_iv__consumption__long_2022__ancova"
-0.104417360342397,0.909095236934751,0.387365797307217,TRUE,FALSE,"consumption__long_2022__ancova","consumption_iv__consumption__long_2022__ancova"
-0.10374801828892,0.910160121311014,0.387110946834598,TRUE,FALSE,"consumption__long_2022__ancova","consumption_iv__consumption__long_2022__ancova"
-0.103078676235443,0.911235282816227,0.386853927796864,TRUE,FALSE,"consumption__long_2022__ancova","consumption_iv__consumption__long_2022__ancova"
-0.102409334181966,0.912320854646419,0.386594716246033,TRUE,FALSE,"consumption__long_2022__ancova","consumption_iv__consumption__long_2022__ancova"
-0.101739992128489,0.913416971820728,0.386333287996961,TRUE,FALSE,"consumption__long_2022__ancova","consumption_iv__consumption__long_2022__ancova"
-0.101070650075012,0.914523771192075,0.386069618629557,TRUE,FALSE,"consumption__long_2022__ancova","consumption_iv__consumption__long_2022__ancova"
-0.100401308021535,0.915641391456635,0.385803683491355,TRUE,FALSE,"consumption__long_2022__ancova","consumption_iv__consumption__long_2022__ancova"
-0.0997319659680586,0.916769973161576,0.385535457700597,TRUE,FALSE,"consumption__long_2022__ancova","consumption_iv__consumption__long_2022__ancova"
-0.0990626239145817,0.917909658711711,0.38526491614964,TRUE,FALSE,"consumption__long_2022__ancova","consumption_iv__consumption__long_2022__ancova"
-0.0983932818611048,0.919060592374239,0.384992033508909,TRUE,FALSE,"consumption__long_2022__ancova","consumption_iv__consumption__long_2022__ancova"
-0.0977239398076279,0.920222920281609,0.384716784231366,TRUE,FALSE,"consumption__long_2022__ancova","consumption_iv__consumption__long_2022__ancova"
-0.097054597754151,0.921396790432675,0.384439142557462,TRUE,FALSE,"consumption__long_2022__ancova","consumption_iv__consumption__long_2022__ancova"
-0.0963852557006741,0.922582352691429,0.384159082520727,TRUE,FALSE,"consumption__long_2022__ancova","consumption_iv__consumption__long_2022__ancova"
-0.0957159136471972,0.923779758783555,0.383876577953954,TRUE,FALSE,"consumption__long_2022__ancova","consumption_iv__consumption__long_2022__ancova"
-0.0950465715937203,0.924989162290399,0.383591602496049,TRUE,FALSE,"consumption__long_2022__ancova","consumption_iv__consumption__long_2022__ancova"
-0.0943772295402434,0.926210718640059,0.383304129599621,TRUE,FALSE,"consumption__long_2022__ancova","consumption_iv__consumption__long_2022__ancova"
-0.0937078874867665,0.927444585095571,0.383014132539314,TRUE,FALSE,"consumption__long_2022__ancova","consumption_iv__consumption__long_2022__ancova"
-0.0930385454332896,0.92869092074004,0.382721584420902,TRUE,FALSE,"consumption__long_2022__ancova","consumption_iv__consumption__long_2022__ancova"
-0.0923692033798127,0.929949886457763,0.382426458191368,TRUE,FALSE,"consumption__long_2022__ancova","consumption_iv__consumption__long_2022__ancova"
-0.0916998613263358,0.931221644912121,0.382128726649778,TRUE,FALSE,"consumption__long_2022__ancova","consumption_iv__consumption__long_2022__ancova"
-0.0910305192728589,0.932506360518856,0.381828362459261,TRUE,FALSE,"consumption__long_2022__ancova","consumption_iv__consumption__long_2022__ancova"
-0.090361177219382,0.933804199415073,0.381525338160009,TRUE,FALSE,"consumption__long_2022__ancova","consumption_iv__consumption__long_2022__ancova"
-0.089691835165905,0.935115329423741,0.38121962618333,TRUE,FALSE,"consumption__long_2022__ancova","consumption_iv__consumption__long_2022__ancova"
-0.0890224931124281,0.936439920012413,0.380911198867052,TRUE,FALSE,"consumption__long_2022__ancova","consumption_iv__consumption__long_2022__ancova"
-0.0883531510589512,0.93777814224673,0.380600028472126,TRUE,FALSE,"consumption__long_2022__ancova","consumption_iv__consumption__long_2022__ancova"
-0.0876838090054743,0.939130168737768,0.380286087200631,TRUE,FALSE,"consumption__long_2022__ancova","consumption_iv__consumption__long_2022__ancova"
-0.0870144669519974,0.940496173582917,0.379969347215232,TRUE,FALSE,"consumption__long_2022__ancova","consumption_iv__consumption__long_2022__ancova"
-0.0863451248985205,0.94187633229949,0.379649780660275,TRUE,FALSE,"consumption__long_2022__ancova","consumption_iv__consumption__long_2022__ancova"
-0.0856757828450436,0.94327082175104,0.37932735968448,TRUE,FALSE,"consumption__long_2022__ancova","consumption_iv__consumption__long_2022__ancova"
-0.0850064407915667,0.944679820065302,0.379002056465484,TRUE,FALSE,"consumption__long_2022__ancova","consumption_iv__consumption__long_2022__ancova"
-0.0843370987380898,0.946103506543398,0.378673843236271,TRUE,FALSE,"consumption__long_2022__ancova","consumption_iv__consumption__long_2022__ancova"
-0.0836677566846129,0.947542061559329,0.378342692313708,TRUE,FALSE,"consumption__long_2022__ancova","consumption_iv__consumption__long_2022__ancova"
-0.082998414631136,0.94899566644968,0.378008576129155,TRUE,FALSE,"consumption__long_2022__ancova","consumption_iv__consumption__long_2022__ancova"
-0.0823290725776591,0.950464503391747,0.377671467261546,TRUE,FALSE,"consumption__long_2022__ancova","consumption_iv__consumption__long_2022__ancova"
-0.0816597305241822,0.951948755270421,0.37733133847282,TRUE,FALSE,"consumption__long_2022__ancova","consumption_iv__consumption__long_2022__ancova"
-0.0809903884707053,0.953448605531555,0.376988162746186,TRUE,FALSE,"consumption__long_2022__ancova","consumption_iv__consumption__long_2022__ancova"
-0.0803210464172284,0.954964238022366,0.376641913327054,TRUE,FALSE,"consumption__long_2022__ancova","consumption_iv__consumption__long_2022__ancova"
-0.0796517043637515,0.956495836816472,0.376292563767139,TRUE,FALSE,"consumption__long_2022__ancova","consumption_iv__consumption__long_2022__ancova"
-0.0789823623102746,0.958043586023117,0.37594008797179,TRUE,FALSE,"consumption__long_2022__ancova","consumption_iv__consumption__long_2022__ancova"
-0.0783130202567977,0.959607669579643,0.375584460250702,TRUE,FALSE,"consumption__long_2022__ancova","consumption_iv__consumption__long_2022__ancova"
-0.0776436782033208,0.96118827102477,0.375225655372502,TRUE,FALSE,"consumption__long_2022__ancova","consumption_iv__consumption__long_2022__ancova"
-0.0769743361498439,0.962785573253051,0.374863648623086,TRUE,FALSE,"consumption__long_2022__ancova","consumption_iv__consumption__long_2022__ancova"
-0.076304994096367,0.964399758246744,0.374498415868459,TRUE,FALSE,"consumption__long_2022__ancova","consumption_iv__consumption__long_2022__ancova"
-0.0756356520428901,0.96603100678595,0.374129933621834,TRUE,FALSE,"consumption__long_2022__ancova","consumption_iv__consumption__long_2022__ancova"
-0.0749663099894132,0.967679498133067,0.373758179115795,TRUE,FALSE,"consumption__long_2022__ancova","consumption_iv__consumption__long_2022__ancova"
-0.0742969679359363,0.969345409691273,0.373383130379493,TRUE,FALSE,"consumption__long_2022__ancova","consumption_iv__consumption__long_2022__ancova"
-0.0736276258824594,0.971028916634123,0.373004766321457,TRUE,FALSE,"consumption__long_2022__ancova","consumption_iv__consumption__long_2022__ancova"
-0.0729582838289825,0.97273019150428,0.372623066818342,TRUE,FALSE,"consumption__long_2022__ancova","consumption_iv__consumption__long_2022__ancova"
-0.0722889417755056,0.974449403779297,0.372238012809971,TRUE,FALSE,"consumption__long_2022__ancova","consumption_iv__consumption__long_2022__ancova"
-0.0716195997220287,0.976186719401824,0.37184958640116,TRUE,FALSE,"consumption__long_2022__ancova","consumption_iv__consumption__long_2022__ancova"
-0.0709502576685518,0.977942300271104,0.371457770970873,TRUE,FALSE,"consumption__long_2022__ancova","consumption_iv__consumption__long_2022__ancova"
-0.0702809156150749,0.9797163036937,0.371062551289029,TRUE,FALSE,"consumption__long_2022__ancova","consumption_iv__consumption__long_2022__ancova"
-0.069611573561598,0.981508881789096,0.370663913641796,TRUE,FALSE,"consumption__long_2022__ancova","consumption_iv__consumption__long_2022__ancova"
-0.068942231508121,0.983320180848357,0.37026184596559,TRUE,FALSE,"consumption__long_2022__ancova","consumption_iv__consumption__long_2022__ancova"
-0.0682728894546441,0.985150340640498,0.369856337990795,TRUE,FALSE,"consumption__long_2022__ancova","consumption_iv__consumption__long_2022__ancova"
-0.0676035474011672,0.986999493664092,0.369447381395564,TRUE,FALSE,"consumption__long_2022__ancova","consumption_iv__consumption__long_2022__ancova"
-0.0669342053476903,0.988867764338644,0.369034969970696,TRUE,FALSE,"consumption__long_2022__ancova","consumption_iv__consumption__long_2022__ancova"
-0.0662648632942134,0.99075526813251,0.368619099796078,TRUE,FALSE,"consumption__long_2022__ancova","consumption_iv__consumption__long_2022__ancova"
-0.0655955212407365,0.992662110620753,0.3681997694299,TRUE,FALSE,"consumption__long_2022__ancova","consumption_iv__consumption__long_2022__ancova"
-0.0649261791872596,0.994588386469521,0.367776980111142,TRUE,FALSE,"consumption__long_2022__ancova","consumption_iv__consumption__long_2022__ancova"
-0.0642568371337827,0.996534178339299,0.367350735976722,TRUE,FALSE,"consumption__long_2022__ancova","consumption_iv__consumption__long_2022__ancova"
-0.0635874950803058,0.998499555702802,0.366921044293922,TRUE,FALSE,"consumption__long_2022__ancova","consumption_iv__consumption__long_2022__ancova"
-0.0629181530268289,1.00048457356901,0.36648791570964,TRUE,FALSE,"consumption__long_2022__ancova","consumption_iv__consumption__long_2022__ancova"
-0.062248810973352,1.00248927110756,0.366051364517355,TRUE,FALSE,"consumption__long_2022__ancova","consumption_iv__consumption__long_2022__ancova"
-0.0615794689198751,1.00451367016488,0.36561140894332,TRUE,FALSE,"consumption__long_2022__ancova","consumption_iv__consumption__long_2022__ancova"
-0.0609101268663982,1.0065577736644,0.365168071453232,TRUE,FALSE,"consumption__long_2022__ancova","consumption_iv__consumption__long_2022__ancova"
-0.0602407848129213,1.00862156388104,0.364721379081059,TRUE,FALSE,"consumption__long_2022__ancova","consumption_iv__consumption__long_2022__ancova"
-0.0595714427594444,1.01070500058114,0.36427136378148,TRUE,FALSE,"consumption__long_2022__ancova","consumption_iv__consumption__long_2022__ancova"
-0.0589021007059675,1.01280801901643,0.363818062807885,TRUE,FALSE,"consumption__long_2022__ancova","consumption_iv__consumption__long_2022__ancova"
-0.0582327586524906,1.01493052776149,0.363361519117664,TRUE,FALSE,"consumption__long_2022__ancova","consumption_iv__consumption__long_2022__ancova"
-0.0575634165990137,1.01707240638209,0.362901781806934,TRUE,FALSE,"consumption__long_2022__ancova","consumption_iv__consumption__long_2022__ancova"
-0.0568940745455368,1.01923350292122,0.36243890657689,TRUE,FALSE,"consumption__long_2022__ancova","consumption_iv__consumption__long_2022__ancova"
-0.0562247324920599,1.02141363118875,0.361972956234151,TRUE,FALSE,"consumption__long_2022__ancova","consumption_iv__consumption__long_2022__ancova"
-0.055555390438583,1.02361256783934,0.361504001227675,TRUE,FALSE,"consumption__long_2022__ancova","consumption_iv__consumption__long_2022__ancova"
-0.0548860483851061,1.02583004922192,0.361032120225018,TRUE,FALSE,"consumption__long_2022__ancova","consumption_iv__consumption__long_2022__ancova"
-0.0542167063316292,1.0280657679832,0.360557400730925,TRUE,FALSE,"consumption__long_2022__ancova","consumption_iv__consumption__long_2022__ancova"
-0.0535473642781523,1.03031936940542,0.360079939751554,TRUE,FALSE,"consumption__long_2022__ancova","consumption_iv__consumption__long_2022__ancova"
-0.0528780222246754,1.03259044745831,0.359599844507687,TRUE,FALSE,"consumption__long_2022__ancova","consumption_iv__consumption__long_2022__ancova"
-0.0522086801711985,1.03487854054209,0.359117233200886,TRUE,FALSE,"consumption__long_2022__ancova","consumption_iv__consumption__long_2022__ancova"
-0.0515393381177216,1.03718312689812,0.358632235836506,TRUE,FALSE,"consumption__long_2022__ancova","consumption_iv__consumption__long_2022__ancova"
-0.0508699960642447,1.03950361966056,0.358144995108118,TRUE,FALSE,"consumption__long_2022__ancova","consumption_iv__consumption__long_2022__ancova"
-0.0502006540107677,1.04183936152145,0.357655667348032,TRUE,FALSE,"consumption__long_2022__ancova","consumption_iv__consumption__long_2022__ancova"
-0.0495313119572909,1.04418961897894,0.35716442354908,TRUE,FALSE,"consumption__long_2022__ancova","consumption_iv__consumption__long_2022__ancova"
-0.0488619699038139,1.04655357613626,0.356671450463272,TRUE,FALSE,"consumption__long_2022__ancova","consumption_iv__consumption__long_2022__ancova"
-0.048192627850337,1.04893032801601,0.356176951783412,TRUE,FALSE,"consumption__long_2022__ancova","consumption_iv__consumption__long_2022__ancova"
-0.0475232857968601,1.05131887335339,0.355681149414009,TRUE,FALSE,"consumption__long_2022__ancova","consumption_iv__consumption__long_2022__ancova"
-0.0468539437433832,1.05371810682635,0.355184284838865,TRUE,FALSE,"consumption__long_2022__ancova","consumption_iv__consumption__long_2022__ancova"
-0.0461846016899063,1.05612681068116,0.354686620592639,TRUE,FALSE,"consumption__long_2022__ancova","consumption_iv__consumption__long_2022__ancova"
-0.0455152596364294,1.05854364570533,0.354188441844968,TRUE,FALSE,"consumption__long_2022__ancova","consumption_iv__consumption__long_2022__ancova"
-0.0448459175829525,1.06096714149913,0.353690058105914,TRUE,FALSE,"consumption__long_2022__ancova","consumption_iv__consumption__long_2022__ancova"
-0.0441765755294756,1.06339568599209,0.353191805062479,TRUE,FALSE,"consumption__long_2022__ancova","consumption_iv__consumption__long_2022__ancova"
-0.0435072334759987,1.06582751414707,0.35269404655678,TRUE,FALSE,"consumption__long_2022__ancova","consumption_iv__consumption__long_2022__ancova"
-0.0428378914225218,1.06826069579193,0.352197176717068,TRUE,FALSE,"consumption__long_2022__ancova","consumption_iv__consumption__long_2022__ancova"
-0.0421685493690449,1.07069312251289,0.351701622254083,TRUE,FALSE,"consumption__long_2022__ancova","consumption_iv__consumption__long_2022__ancova"
-0.041499207315568,1.07312249354148,0.351207844935887,TRUE,FALSE,"consumption__long_2022__ancova","consumption_iv__consumption__long_2022__ancova"
-0.0408298652620911,1.07554630056128,0.350716344255674,TRUE,FALSE,"consumption__long_2022__ancova","consumption_iv__consumption__long_2022__ancova"
-0.0401605232086142,1.07796181135669,0.35022766030816,TRUE,FALSE,"consumption__long_2022__ancova","consumption_iv__consumption__long_2022__ancova"
-0.0394911811551373,1.08036605222273,0.34974237689121,TRUE,FALSE,"consumption__long_2022__ancova","consumption_iv__consumption__long_2022__ancova"
-0.0388218391016604,1.08275578904798,0.349261124851251,TRUE,FALSE,"consumption__long_2022__ancova","consumption_iv__consumption__long_2022__ancova"
-0.0381524970481835,1.08512750698165,0.34878458569181,TRUE,FALSE,"consumption__long_2022__ancova","consumption_iv__consumption__long_2022__ancova"
-0.0374831549947066,1.08747738858902,0.348313495466725,TRUE,FALSE,"consumption__long_2022__ancova","consumption_iv__consumption__long_2022__ancova"
-0.0368138129412297,1.08980129039767,0.347848648980832,TRUE,FALSE,"consumption__long_2022__ancova","consumption_iv__consumption__long_2022__ancova"
-0.0361444708877528,1.09209471773218,0.347390904323028,TRUE,FALSE,"consumption__long_2022__ancova","consumption_iv__consumption__long_2022__ancova"
-0.0354751288342759,1.09435279773386,0.346941187758322,TRUE,FALSE,"consumption__long_2022__ancova","consumption_iv__consumption__long_2022__ancova"
-0.034805786780799,1.09657025045834,0.34650049900784,TRUE,FALSE,"consumption__long_2022__ancova","consumption_iv__consumption__long_2022__ancova"
-0.0341364447273221,1.0987413579451,0.346069916947608,TRUE,FALSE,"consumption__long_2022__ancova","consumption_iv__consumption__long_2022__ancova"
-0.0334671026738452,1.10085993115219,0.345650605759561,TRUE,FALSE,"consumption__long_2022__ancova","consumption_iv__consumption__long_2022__ancova"
-0.0327977606203683,1.10291927465259,0.345243821570507,TRUE,FALSE,"consumption__long_2022__ancova","consumption_iv__consumption__long_2022__ancova"
-0.0321284185668914,1.10491214899308,0.344850919617418,TRUE,FALSE,"consumption__long_2022__ancova","consumption_iv__consumption__long_2022__ancova"
-0.0314590765134145,1.10683073062366,0.344473361980081,TRUE,FALSE,"consumption__long_2022__ancova","consumption_iv__consumption__long_2022__ancova"
-0.0307897344599375,1.10866656931647,0.344112725924989,TRUE,FALSE,"consumption__long_2022__ancova","consumption_iv__consumption__long_2022__ancova"
-0.0301203924064607,1.1104105430078,0.343770712907109,TRUE,FALSE,"consumption__long_2022__ancova","consumption_iv__consumption__long_2022__ancova"
-0.0294510503529837,1.11205281001625,0.343449158279144,TRUE,FALSE,"consumption__long_2022__ancova","consumption_iv__consumption__long_2022__ancova"
-0.0287817082995068,1.11358275861524,0.343150041760901,TRUE,FALSE,"consumption__long_2022__ancova","consumption_iv__consumption__long_2022__ancova"
-0.0281123662460299,1.11498895397049,0.342875498724144,TRUE,FALSE,"consumption__long_2022__ancova","consumption_iv__consumption__long_2022__ancova"
-0.027443024192553,1.11625908249382,0.342627832351156,TRUE,FALSE,"consumption__long_2022__ancova","consumption_iv__consumption__long_2022__ancova"
-0.0267736821390761,1.11737989371459,0.34240952672775,TRUE,FALSE,"consumption__long_2022__ancova","consumption_iv__consumption__long_2022__ancova"
-0.0261043400855992,1.1183371398299,0.342223260934164,TRUE,FALSE,"consumption__long_2022__ancova","consumption_iv__consumption__long_2022__ancova"
-0.0254349980321223,1.11911551317226,0.342071924198503,TRUE,FALSE,"consumption__long_2022__ancova","consumption_iv__consumption__long_2022__ancova"
-0.0247656559786454,1.11969858191926,0.341958632179495,TRUE,FALSE,"consumption__long_2022__ancova","consumption_iv__consumption__long_2022__ancova"
-0.0240963139251685,1.12006872447937,0.341886744445288,TRUE,FALSE,"consumption__long_2022__ancova","consumption_iv__consumption__long_2022__ancova"
-0.0234269718716916,1.1202070631125,0.341859883215043,TRUE,FALSE,"consumption__long_2022__ancova","consumption_iv__consumption__long_2022__ancova"
-0.0227576298182147,1.1200933974935,0.341881953428115,TRUE,FALSE,"consumption__long_2022__ancova","consumption_iv__consumption__long_2022__ancova"
-0.0220882877647378,1.11970613910121,0.341957164202161,TRUE,FALSE,"consumption__long_2022__ancova","consumption_iv__consumption__long_2022__ancova"
-0.0214189457112609,1.11902224751344,0.342090051736634,TRUE,FALSE,"consumption__long_2022__ancova","consumption_iv__consumption__long_2022__ancova"
-0.020749603657784,1.11801716992317,0.342285503709482,TRUE,FALSE,"consumption__long_2022__ancova","consumption_iv__consumption__long_2022__ancova"
-0.0200802616043071,1.11666478545164,0.34254878520421,TRUE,FALSE,"consumption__long_2022__ancova","consumption_iv__consumption__long_2022__ancova"
-0.0194109195508302,1.11493735613287,0.342885566189294,TRUE,FALSE,"consumption__long_2022__ancova","consumption_iv__consumption__long_2022__ancova"
-0.0187415774973533,1.11280548677498,0.343301950552525,TRUE,FALSE,"consumption__long_2022__ancova","consumption_iv__consumption__long_2022__ancova"
-0.0180722354438764,1.1102380962739,0.343804506667172,TRUE,FALSE,"consumption__long_2022__ancova","consumption_iv__consumption__long_2022__ancova"
-0.0174028933903995,1.1072024033538,0.344400299435297,TRUE,FALSE,"consumption__long_2022__ancova","consumption_iv__consumption__long_2022__ancova"
-0.0167335513369226,1.10366393014122,0.345096923713438,TRUE,FALSE,"consumption__long_2022__ancova","consumption_iv__consumption__long_2022__ancova"
-0.0160642092834457,1.09958652743575,0.345902538976288,TRUE,FALSE,"consumption__long_2022__ancova","consumption_iv__consumption__long_2022__ancova"
-0.0153948672299688,1.09493242600848,0.346825905014057,TRUE,FALSE,"consumption__long_2022__ancova","consumption_iv__consumption__long_2022__ancova"
-0.0147255251764919,1.08966231873081,0.347876418385858,TRUE,FALSE,"consumption__long_2022__ancova","consumption_iv__consumption__long_2022__ancova"
-0.014056183123015,1.0837354787877,0.349064149264031,TRUE,FALSE,"consumption__long_2022__ancova","consumption_iv__consumption__long_2022__ancova"
-0.0133868410695381,1.07710991963751,0.350399878200411,TRUE,FALSE,"consumption__long_2022__ancova","consumption_iv__consumption__long_2022__ancova"
-0.0127174990160612,1.06974260271602,0.351895132222855,TRUE,FALSE,"consumption__long_2022__ancova","consumption_iv__consumption__long_2022__ancova"
-0.0120481569625843,1.06158969910075,0.353562219527949,TRUE,FALSE,"consumption__long_2022__ancova","consumption_iv__consumption__long_2022__ancova"
-0.0113788149091074,1.05260691140784,0.355414261871812,TRUE,FALSE,"consumption__long_2022__ancova","consumption_iv__consumption__long_2022__ancova"
-0.0107094728556305,1.04274986203962,0.357465223572724,TRUE,FALSE,"consumption__long_2022__ancova","consumption_iv__consumption__long_2022__ancova"
-0.0100401308021535,1.03197455345587,0.359729935830064,TRUE,FALSE,"consumption__long_2022__ancova","consumption_iv__consumption__long_2022__ancova"
-0.00937078874867664,1.02023790535854,0.362224114830145,TRUE,FALSE,"consumption__long_2022__ancova","consumption_iv__consumption__long_2022__ancova"
-0.00870144669519973,1.00749837246608,0.364964371857364,TRUE,FALSE,"consumption__long_2022__ancova","consumption_iv__consumption__long_2022__ancova"
-0.00803210464172285,0.99371664485859,0.367968213358956,TRUE,FALSE,"consumption__long_2022__ancova","consumption_iv__consumption__long_2022__ancova"
-0.00736276258824595,0.97885643061317,0.371254028634723,TRUE,FALSE,"consumption__long_2022__ancova","consumption_iv__consumption__long_2022__ancova"
-0.00669342053476904,0.962885317592047,0.374841062545923,TRUE,FALSE,"consumption__long_2022__ancova","consumption_iv__consumption__long_2022__ancova"
-0.00602407848129213,0.945775707753847,0.378749370377115,TRUE,FALSE,"consumption__long_2022__ancova","consumption_iv__consumption__long_2022__ancova"
-0.00535473642781523,0.927505813253328,0.382999751758514,TRUE,FALSE,"consumption__long_2022__ancova","consumption_iv__consumption__long_2022__ancova"
-0.00468539437433832,0.908060698929966,0.387613660389428,TRUE,FALSE,"consumption__long_2022__ancova","consumption_iv__consumption__long_2022__ancova"
-0.00401605232086141,0.887433350680411,0.392613086226022,TRUE,FALSE,"consumption__long_2022__ancova","consumption_iv__consumption__long_2022__ancova"
-0.00334671026738451,0.865625743861397,0.398020406842111,TRUE,FALSE,"consumption__long_2022__ancova","consumption_iv__consumption__long_2022__ancova"
-0.0026773682139076,0.842649880535859,0.403858204882076,TRUE,FALSE,"consumption__long_2022__ancova","consumption_iv__consumption__long_2022__ancova"
-0.00200802616043072,0.818528759408899,0.41014904894101,TRUE,FALSE,"consumption__long_2022__ancova","consumption_iv__consumption__long_2022__ancova"
-0.00133868410695381,0.793297238109636,0.416915235873434,TRUE,FALSE,"consumption__long_2022__ancova","consumption_iv__consumption__long_2022__ancova"
-0.000669342053476907,0.767002744537494,0.424178493484447,TRUE,FALSE,"consumption__long_2022__ancova","consumption_iv__consumption__long_2022__ancova"
0,0.739705792781927,0.431959643828688,TRUE,FALSE,"consumption__long_2022__ancova","consumption_iv__consumption__long_2022__ancova"
0.000669342053476907,0.711480260113914,0.44027822894549,TRUE,FALSE,"consumption__long_2022__ancova","consumption_iv__consumption__long_2022__ancova"
0.00133868410695381,0.682413385129467,0.449152102782436,TRUE,FALSE,"consumption__long_2022__ancova","consumption_iv__consumption__long_2022__ancova"
0.00200802616043072,0.652605453545041,0.458596995266918,TRUE,FALSE,"consumption__long_2022__ancova","consumption_iv__consumption__long_2022__ancova"
0.0026773682139076,0.622169147468985,0.468626056897875,TRUE,FALSE,"consumption__long_2022__ancova","consumption_iv__consumption__long_2022__ancova"
0.00334671026738451,0.591228546024041,0.479249394728438,TRUE,FALSE,"consumption__long_2022__ancova","consumption_iv__consumption__long_2022__ancova"
0.00401605232086141,0.559917779511706,0.490473613037557,TRUE,FALSE,"consumption__long_2022__ancova","consumption_iv__consumption__long_2022__ancova"
0.00468539437433832,0.528379355174628,0.502301374144937,TRUE,FALSE,"consumption__long_2022__ancova","consumption_iv__consumption__long_2022__ancova"
0.00535473642781523,0.496762189051317,0.514730996489795,TRUE,FALSE,"consumption__long_2022__ancova","consumption_iv__consumption__long_2022__ancova"
0.00602407848129213,0.465219394286913,0.527756108042291,TRUE,FALSE,"consumption__long_2022__ancova","consumption_iv__consumption__long_2022__ancova"
0.00669342053476904,0.433905890357584,0.541365373134229,TRUE,FALSE,"consumption__long_2022__ancova","consumption_iv__consumption__long_2022__ancova"
0.00736276258824595,0.402975908805295,0.55554230972459,TRUE,FALSE,"consumption__long_2022__ancova","consumption_iv__consumption__long_2022__ancova"
0.00803210464172285,0.372580478296821,0.570265211859993,TRUE,FALSE,"consumption__long_2022__ancova","consumption_iv__consumption__long_2022__ancova"
0.00870144669519973,0.342864974408965,0.585507188668136,TRUE,FALSE,"consumption__long_2022__ancova","consumption_iv__consumption__long_2022__ancova"
0.00937078874867664,0.313966817212748,0.601236326752132,TRUE,FALSE,"consumption__long_2022__ancova","consumption_iv__consumption__long_2022__ancova"
0.0100401308021535,0.286013392601086,0.617415977578277,TRUE,FALSE,"consumption__long_2022__ancova","consumption_iv__consumption__long_2022__ancova"
0.0107094728556305,0.259120261924382,0.634005165709844,TRUE,FALSE,"consumption__long_2022__ancova","consumption_iv__consumption__long_2022__ancova"
0.0113788149091074,0.233389709771649,0.650959107948269,TRUE,FALSE,"consumption__long_2022__ancova","consumption_iv__consumption__long_2022__ancova"
0.0120481569625843,0.208909662822871,0.668229828042937,TRUE,FALSE,"consumption__long_2022__ancova","consumption_iv__consumption__long_2022__ancova"
0.0127174990160612,0.185752994890402,0.685766847044659,TRUE,FALSE,"consumption__long_2022__ancova","consumption_iv__consumption__long_2022__ancova"
0.0133868410695381,0.163977215839226,0.703517925962339,TRUE,FALSE,"consumption__long_2022__ancova","consumption_iv__consumption__long_2022__ancova"
0.014056183123015,0.143624526170787,0.721429835384986,TRUE,FALSE,"consumption__long_2022__ancova","consumption_iv__consumption__long_2022__ancova"
0.0147255251764919,0.12472220558554,0.739449126261984,TRUE,FALSE,"consumption__long_2022__ancova","consumption_iv__consumption__long_2022__ancova"
0.0153948672299688,0.107283293412248,0.757522877070829,TRUE,FALSE,"consumption__long_2022__ancova","consumption_iv__consumption__long_2022__ancova"
0.0160642092834457,0.0913075117134422,0.775599394979555,TRUE,FALSE,"consumption__long_2022__ancova","consumption_iv__consumption__long_2022__ancova"
0.0167335513369226,0.0767823781487875,0.79362885206511,TRUE,FALSE,"consumption__long_2022__ancova","consumption_iv__consumption__long_2022__ancova"
0.0174028933903995,0.0636844550470296,0.811563841851297,TRUE,FALSE,"consumption__long_2022__ancova","consumption_iv__consumption__long_2022__ancova"
0.0180722354438764,0.0519806831743703,0.829359846011656,TRUE,FALSE,"consumption__long_2022__ancova","consumption_iv__consumption__long_2022__ancova"
0.0187415774973533,0.0416297528310056,0.846975605704384,TRUE,FALSE,"consumption__long_2022__ancova","consumption_iv__consumption__long_2022__ancova"
0.0194109195508302,0.0325834705652892,0.864373396354948,TRUE,FALSE,"consumption__long_2022__ancova","consumption_iv__consumption__long_2022__ancova"
0.0200802616043071,0.0247880863722359,0.881519208544914,TRUE,FALSE,"consumption__long_2022__ancova","consumption_iv__consumption__long_2022__ancova"
0.020749603657784,0.0181855532096837,0.898382840838349,TRUE,FALSE,"consumption__long_2022__ancova","consumption_iv__consumption__long_2022__ancova"
0.0214189457112609,0.0127146975737748,0.914937912795623,TRUE,FALSE,"consumption__long_2022__ancova","consumption_iv__consumption__long_2022__ancova"
0.0220882877647378,0.00831228637710345,0.931161808077727,TRUE,FALSE,"consumption__long_2022__ancova","consumption_iv__consumption__long_2022__ancova"
0.0227576298182147,0.00491398122470305,0.947035558471958,TRUE,FALSE,"consumption__long_2022__ancova","consumption_iv__consumption__long_2022__ancova"
0.0234269718716916,0.00245517623395569,0.962543679959052,TRUE,FALSE,"consumption__long_2022__ancova","consumption_iv__consumption__long_2022__ancova"
0.0240963139251685,0.000871719727193255,0.977673971702025,TRUE,FALSE,"consumption__long_2022__ancova","consumption_iv__consumption__long_2022__ancova"
0.0247656559786454,0.000100523438699923,0.992417288185677,TRUE,FALSE,"consumption__long_2022__ancova","consumption_iv__consumption__long_2022__ancova"
0.0254349980321223,8.00653668625115e-05,0.993232706202883,TRUE,FALSE,"consumption__long_2022__ancova","consumption_iv__consumption__long_2022__ancova"
0.0261043400855992,0.000750794148136819,0.979279791985804,TRUE,FALSE,"consumption__long_2022__ancova","consumption_iv__consumption__long_2022__ancova"
0.0267736821390761,0.00205544392993572,0.965725451837548,TRUE,FALSE,"consumption__long_2022__ancova","consumption_iv__consumption__long_2022__ancova"
0.027443024192553,0.00393926928169582,0.952569124518994,TRUE,FALSE,"consumption__long_2022__ancova","consumption_iv__consumption__long_2022__ancova"
0.0281123662460299,0.00635020981260197,0.93980845093204,TRUE,FALSE,"consumption__long_2022__ancova","consumption_iv__consumption__long_2022__ancova"
0.0287817082995069,0.00923899395998093,0.927439508807387,TRUE,FALSE,"consumption__long_2022__ancova","consumption_iv__consumption__long_2022__ancova"
0.0294510503529838,0.0125591909628912,0.915457033506563,TRUE,FALSE,"consumption__long_2022__ancova","consumption_iv__consumption__long_2022__ancova"
0.0301203924064606,0.0162672194178017,0.90385462325951,TRUE,FALSE,"consumption__long_2022__ancova","consumption_iv__consumption__long_2022__ancova"
0.0307897344599375,0.0203223200904998,0.892624927870244,TRUE,FALSE,"consumption__long_2022__ancova","consumption_iv__consumption__long_2022__ancova"
0.0314590765134145,0.0246864998823685,0.881759820505866,TRUE,FALSE,"consumption__long_2022__ancova","consumption_iv__consumption__long_2022__ancova"
0.0321284185668914,0.0293244530593199,0.871250552649491,TRUE,FALSE,"consumption__long_2022__ancova","consumption_iv__consumption__long_2022__ancova"
0.0327977606203683,0.0342034650778012,0.861087892656454,TRUE,FALSE,"consumption__long_2022__ancova","consumption_iv__consumption__long_2022__ancova"
0.0334671026738452,0.0392933036050287,0.85126224861976,TRUE,FALSE,"consumption__long_2022__ancova","consumption_iv__consumption__long_2022__ancova"
0.0341364447273221,0.0445661006450739,0.841763776436577,TRUE,FALSE,"consumption__long_2022__ancova","consumption_iv__consumption__long_2022__ancova"
0.034805786780799,0.0499962290554257,0.832582474089344,TRUE,FALSE,"consumption__long_2022__ancova","consumption_iv__consumption__long_2022__ancova"
0.0354751288342759,0.055560176175143,0.823708263222675,TRUE,FALSE,"consumption__long_2022__ancova","consumption_iv__consumption__long_2022__ancova"
0.0361444708877528,0.0612364167868259,0.815131059121468,TRUE,FALSE,"consumption__long_2022__ancova","consumption_iv__consumption__long_2022__ancova"
0.0368138129412297,0.0670052871965568,0.806840830189656,TRUE,FALSE,"consumption__long_2022__ancova","consumption_iv__consumption__long_2022__ancova"
0.0374831549947066,0.0728488618382132,0.798827647996294,TRUE,FALSE,"consumption__long_2022__ancova","consumption_iv__consumption__long_2022__ancova"
0.0381524970481835,0.0787508334843447,0.791081728907229,TRUE,FALSE,"consumption__long_2022__ancova","consumption_iv__consumption__long_2022__ancova"
0.0388218391016604,0.0846963978714506,0.783593468259951,TRUE,FALSE,"consumption__long_2022__ancova","consumption_iv__consumption__long_2022__ancova"
0.0394911811551373,0.0906721433179671,0.776353467971006,TRUE,FALSE,"consumption__long_2022__ancova","consumption_iv__consumption__long_2022__ancova"
0.0401605232086142,0.0966659457220845,0.769352558394717,TRUE,FALSE,"consumption__long_2022__ancova","consumption_iv__consumption__long_2022__ancova"
0.0408298652620911,0.102666869171114,0.762581815178733,TRUE,FALSE,"consumption__long_2022__ancova","consumption_iv__consumption__long_2022__ancova"
0.041499207315568,0.108665072267221,0.756032571791502,TRUE,FALSE,"consumption__long_2022__ancova","consumption_iv__consumption__long_2022__ancova"
0.0421685493690449,0.114651720173214,0.74969642832844,TRUE,FALSE,"consumption__long_2022__ancova","consumption_iv__consumption__long_2022__ancova"
0.0428378914225218,0.12061890230384,0.743565257137713,TRUE,FALSE,"consumption__long_2022__ancova","consumption_iv__consumption__long_2022__ancova"
0.0435072334759987,0.126559555525903,0.737631205747156,TRUE,FALSE,"consumption__long_2022__ancova","consumption_iv__consumption__long_2022__ancova"
0.0441765755294756,0.132467392685921,0.731886697516742,TRUE,FALSE,"consumption__long_2022__ancova","consumption_iv__consumption__long_2022__ancova"
0.0448459175829525,0.13833683625029,0.726324430390362,TRUE,FALSE,"consumption__long_2022__ancova","consumption_iv__consumption__long_2022__ancova"
0.0455152596364294,0.144162956820633,0.720937374073703,TRUE,FALSE,"consumption__long_2022__ancova","consumption_iv__consumption__long_2022__ancova"
0.0461846016899063,0.14994141627281,0.715718765922867,TRUE,FALSE,"consumption__long_2022__ancova","consumption_iv__consumption__long_2022__ancova"
0.0468539437433832,0.155668415260174,0.710662105791033,TRUE,FALSE,"consumption__long_2022__ancova","consumption_iv__consumption__long_2022__ancova"
0.0475232857968601,0.16134064482013,0.70576115004623,TRUE,FALSE,"consumption__long_2022__ancova","consumption_iv__consumption__long_2022__ancova"
0.048192627850337,0.166955241824611,0.701009904943897,TRUE,FALSE,"consumption__long_2022__ancova","consumption_iv__consumption__long_2022__ancova"
0.0488619699038139,0.172509748020907,0.696402619510995,TRUE,FALSE,"consumption__long_2022__ancova","consumption_iv__consumption__long_2022__ancova"
0.0495313119572909,0.178002072416101,0.69193377807596,TRUE,FALSE,"consumption__long_2022__ancova","consumption_iv__consumption__long_2022__ancova"
0.0502006540107678,0.18343045676923,0.687598092557204,TRUE,FALSE,"consumption__long_2022__ancova","consumption_iv__consumption__long_2022__ancova"
0.0508699960642447,0.188793443964248,0.683390494606446,TRUE,FALSE,"consumption__long_2022__ancova","consumption_iv__consumption__long_2022__ancova"
0.0515393381177215,0.19408984904996,0.679306127686296,TRUE,FALSE,"consumption__long_2022__ancova","consumption_iv__consumption__long_2022__ancova"
0.0522086801711985,0.19931873274356,0.675340339149202,TRUE,FALSE,"consumption__long_2022__ancova","consumption_iv__consumption__long_2022__ancova"
0.0528780222246754,0.20447937720734,0.671488672372431,TRUE,FALSE,"consumption__long_2022__ancova","consumption_iv__consumption__long_2022__ancova"
0.0535473642781523,0.209571263920035,0.667746858993835,TRUE,FALSE,"consumption__long_2022__ancova","consumption_iv__consumption__long_2022__ancova"
0.0542167063316292,0.214594053475212,0.664110811285094,TRUE,FALSE,"consumption__long_2022__ancova","consumption_iv__consumption__long_2022__ancova"
0.0548860483851061,0.219547567151893,0.660576614690699,TRUE,FALSE,"consumption__long_2022__ancova","consumption_iv__consumption__long_2022__ancova"
0.055555390438583,0.224431770112022,0.657140520555799,TRUE,FALSE,"consumption__long_2022__ancova","consumption_iv__consumption__long_2022__ancova"
0.0562247324920599,0.229246756091563,0.653798939059426,TRUE,FALSE,"consumption__long_2022__ancova","consumption_iv__consumption__long_2022__ancova"
0.0568940745455368,0.233992733460221,0.650548432366345,TRUE,FALSE,"consumption__long_2022__ancova","consumption_iv__consumption__long_2022__ancova"
0.0575634165990137,0.238670012535788,0.647385708005784,TRUE,FALSE,"consumption__long_2022__ancova","consumption_iv__consumption__long_2022__ancova"
0.0582327586524906,0.243278994047125,0.644307612482731,TRUE,FALSE,"consumption__long_2022__ancova","consumption_iv__consumption__long_2022__ancova"
0.0589021007059675,0.247820158647922,0.641311125124857,TRUE,FALSE,"consumption__long_2022__ancova","consumption_iv__consumption__long_2022__ancova"
0.0595714427594444,0.252294057392097,0.638393352165301,TRUE,FALSE,"consumption__long_2022__ancova","consumption_iv__consumption__long_2022__ancova"
0.0602407848129213,0.256701303087706,0.635551521060497,TRUE,FALSE,"consumption__long_2022__ancova","consumption_iv__consumption__long_2022__ancova"
0.0609101268663982,0.261042562454119,0.632782975039989,TRUE,FALSE,"consumption__long_2022__ancova","consumption_iv__consumption__long_2022__ancova"
0.0615794689198751,0.265318549012353,0.630085167884668,TRUE,FALSE,"consumption__long_2022__ancova","consumption_iv__consumption__long_2022__ancova"
0.062248810973352,0.26953001664521,0.627455658928258,TRUE,FALSE,"consumption__long_2022__ancova","consumption_iv__consumption__long_2022__ancova"
0.0629181530268289,0.273677753768642,0.624892108276533,TRUE,FALSE,"consumption__long_2022__ancova","consumption_iv__consumption__long_2022__ancova"
0.0635874950803058,0.277762578060307,0.622392272238336,TRUE,FALSE,"consumption__long_2022__ancova","consumption_iv__consumption__long_2022__ancova"
0.0642568371337827,0.28178533169717,0.619953998961253,TRUE,FALSE,"consumption__long_2022__ancova","consumption_iv__consumption__long_2022__ancova"
0.0649261791872596,0.285746877056315,0.617575224265628,TRUE,FALSE,"consumption__long_2022__ancova","consumption_iv__consumption__long_2022__ancova"
0.0655955212407365,0.289648092838603,0.615253967669402,TRUE,FALSE,"consumption__long_2022__ancova","consumption_iv__consumption__long_2022__ancova"
0.0662648632942134,0.293489870577275,0.612988328596817,TRUE,FALSE,"consumption__long_2022__ancova","consumption_iv__consumption__long_2022__ancova"
0.0669342053476903,0.297273111497244,0.610776482763713,TRUE,FALSE,"consumption__long_2022__ancova","consumption_iv__consumption__long_2022__ancova"
0.0676035474011672,0.300998723693908,0.608616678732136,TRUE,FALSE,"consumption__long_2022__ancova","consumption_iv__consumption__long_2022__ancova"
0.0682728894546441,0.30466761960261,0.60650723462727,TRUE,FALSE,"consumption__long_2022__ancova","consumption_iv__consumption__long_2022__ancova"
0.068942231508121,0.308280713732559,0.604446535009732,TRUE,FALSE,"consumption__long_2022__ancova","consumption_iv__consumption__long_2022__ancova"
0.069611573561598,0.311838920641582,0.602433027896217,TRUE,FALSE,"consumption__long_2022__ancova","consumption_iv__consumption__long_2022__ancova"
0.0702809156150749,0.315343153129688,0.600465221921963,TRUE,FALSE,"consumption__long_2022__ancova","consumption_iv__consumption__long_2022__ancova"
0.0709502576685518,0.318794320631542,0.598541683638551,TRUE,FALSE,"consumption__long_2022__ancova","consumption_iv__consumption__long_2022__ancova"
0.0716195997220287,0.322193327789592,0.596661034940824,TRUE,FALSE,"consumption__long_2022__ancova","consumption_iv__consumption__long_2022__ancova"
0.0722889417755056,0.325541073191664,0.594821950616629,TRUE,FALSE,"consumption__long_2022__ancova","consumption_iv__consumption__long_2022__ancova"
0.0729582838289825,0.328838448257349,0.593023156013894,TRUE,FALSE,"consumption__long_2022__ancova","consumption_iv__consumption__long_2022__ancova"
0.0736276258824594,0.332086336259836,0.59126342481914,TRUE,FALSE,"consumption__long_2022__ancova","consumption_iv__consumption__long_2022__ancova"
0.0742969679359363,0.335285611470167,0.589541576942303,TRUE,FALSE,"consumption__long_2022__ancova","consumption_iv__consumption__long_2022__ancova"
0.0749663099894132,0.338437138412994,0.58785647650241,TRUE,FALSE,"consumption__long_2022__ancova","consumption_iv__consumption__long_2022__ancova"
0.0756356520428901,0.341541771222719,0.586207029909499,TRUE,FALSE,"consumption__long_2022__ancova","consumption_iv__consumption__long_2022__ancova"
0.076304994096367,0.344600353091056,0.584592184037778,TRUE,FALSE,"consumption__long_2022__ancova","consumption_iv__consumption__long_2022__ancova"
0.0769743361498439,0.347613715796907,0.583010924485712,TRUE,FALSE,"consumption__long_2022__ancova","consumption_iv__consumption__long_2022__ancova"
0.0776436782033208,0.350582679310834,0.581462273918642,TRUE,FALSE,"consumption__long_2022__ancova","consumption_iv__consumption__long_2022__ancova"
0.0783130202567977,0.353508051466716,0.579945290489924,TRUE,FALSE,"consumption__long_2022__ancova","consumption_iv__consumption__long_2022__ancova"
0.0789823623102746,0.356390627694372,0.578459066336497,TRUE,FALSE,"consumption__long_2022__ancova","consumption_iv__consumption__long_2022__ancova"
0.0796517043637515,0.359231190806514,0.577002726145507,TRUE,FALSE,"consumption__long_2022__ancova","consumption_iv__consumption__long_2022__ancova"
0.0803210464172284,0.362030510835341,0.575575425788026,TRUE,FALSE,"consumption__long_2022__ancova","consumption_iv__consumption__long_2022__ancova"
0.0809903884707053,0.364789344913091,0.57417635101691,TRUE,FALSE,"consumption__long_2022__ancova","consumption_iv__consumption__long_2022__ancova"
0.0816597305241822,0.367508437192415,0.572804716225353,TRUE,FALSE,"consumption__long_2022__ancova","consumption_iv__consumption__long_2022__ancova"
0.0823290725776591,0.370188518802506,0.571459763263124,TRUE,FALSE,"consumption__long_2022__ancova","consumption_iv__consumption__long_2022__ancova"
0.082998414631136,0.372830307836758,0.5701407603078,TRUE,FALSE,"consumption__long_2022__ancova","consumption_iv__consumption__long_2022__ancova"
0.0836677566846129,0.375434509369178,0.568847000787978,TRUE,FALSE,"consumption__long_2022__ancova","consumption_iv__consumption__long_2022__ancova"
0.0843370987380898,0.378001815495882,0.567577802356126,TRUE,FALSE,"consumption__long_2022__ancova","consumption_iv__consumption__long_2022__ancova"
0.0850064407915667,0.380532905399226,0.566332505908437,TRUE,FALSE,"consumption__long_2022__ancova","consumption_iv__consumption__long_2022__ancova"
0.0856757828450436,0.383028445431811,0.565110474649443,TRUE,FALSE,"consumption__long_2022__ancova","consumption_iv__consumption__long_2022__ancova"
0.0863451248985205,0.385489089218024,0.563911093199171,TRUE,FALSE,"consumption__long_2022__ancova","consumption_iv__consumption__long_2022__ancova"
0.0870144669519974,0.387915477771273,0.562733766740621,TRUE,FALSE,"consumption__long_2022__ancova","consumption_iv__consumption__long_2022__ancova"
0.0876838090054743,0.39030823962436,0.561577920205851,TRUE,FALSE,"consumption__long_2022__ancova","consumption_iv__consumption__long_2022__ancova"
0.0883531510589512,0.39266799097226,0.560442997498324,TRUE,FALSE,"consumption__long_2022__ancova","consumption_iv__consumption__long_2022__ancova"
0.0890224931124281,0.394995335824465,0.5593284607503,TRUE,FALSE,"consumption__long_2022__ancova","consumption_iv__consumption__long_2022__ancova"
0.089691835165905,0.397290866166652,0.558233789613028,TRUE,FALSE,"consumption__long_2022__ancova","consumption_iv__consumption__long_2022__ancova"
0.090361177219382,0.399555162129613,0.557158480578465,TRUE,FALSE,"consumption__long_2022__ancova","consumption_iv__consumption__long_2022__ancova"
0.0910305192728589,0.40178879216448,0.556102046330927,TRUE,FALSE,"consumption__long_2022__ancova","consumption_iv__consumption__long_2022__ancova"
0.0916998613263358,0.403992313223398,0.555064015127085,TRUE,FALSE,"consumption__long_2022__ancova","consumption_iv__consumption__long_2022__ancova"
0.0923692033798127,0.406166270944256,0.554043930203171,TRUE,FALSE,"consumption__long_2022__ancova","consumption_iv__consumption__long_2022__ancova"
0.0930385454332896,0.408311199839152,0.553041349207803,TRUE,FALSE,"consumption__long_2022__ancova","consumption_iv__consumption__long_2022__ancova"
0.0937078874867665,0.410427623485216,0.552055843659504,TRUE,FALSE,"consumption__long_2022__ancova","consumption_iv__consumption__long_2022__ancova"
0.0943772295402434,0.412516054717736,0.551086998427411,TRUE,FALSE,"consumption__long_2022__ancova","consumption_iv__consumption__long_2022__ancova"
0.0950465715937203,0.414576995824231,0.550134411234426,TRUE,FALSE,"consumption__long_2022__ancova","consumption_iv__consumption__long_2022__ancova"
0.0957159136471972,0.416610938739769,0.549197692181327,TRUE,FALSE,"consumption__long_2022__ancova","consumption_iv__consumption__long_2022__ancova"
0.0963852557006741,0.418618365242144,0.548276463291274,TRUE,FALSE,"consumption__long_2022__ancova","consumption_iv__consumption__long_2022__ancova"
0.097054597754151,0.420599747147089,0.547370358073436,TRUE,FALSE,"consumption__long_2022__ancova","consumption_iv__consumption__long_2022__ancova"
0.0977239398076279,0.42255554650286,0.546479021104988,TRUE,FALSE,"consumption__long_2022__ancova","consumption_iv__consumption__long_2022__ancova"
0.0983932818611048,0.424486215783882,0.545602107630579,TRUE,FALSE,"consumption__long_2022__ancova","consumption_iv__consumption__long_2022__ancova"
0.0990626239145817,0.426392198083101,0.544739283178475,TRUE,FALSE,"consumption__long_2022__ancova","consumption_iv__consumption__long_2022__ancova"
0.0997319659680586,0.428273927302928,0.543890223192552,TRUE,FALSE,"consumption__long_2022__ancova","consumption_iv__consumption__long_2022__ancova"
0.100401308021535,0.430131828344299,0.543054612679477,TRUE,FALSE,"consumption__long_2022__ancova","consumption_iv__consumption__long_2022__ancova"
0.101070650075012,0.431966317293583,0.542232145870423,TRUE,FALSE,"consumption__long_2022__ancova","consumption_iv__consumption__long_2022__ancova"
0.101739992128489,0.433777801607813,0.541422525896361,TRUE,FALSE,"consumption__long_2022__ancova","consumption_iv__consumption__long_2022__ancova"
0.102409334181966,0.435566680296883,0.540625464476816,TRUE,FALSE,"consumption__long_2022__ancova","consumption_iv__consumption__long_2022__ancova"
0.103078676235443,0.437333344103854,0.539840681620938,TRUE,FALSE,"consumption__long_2022__ancova","consumption_iv__consumption__long_2022__ancova"
0.10374801828892,0.439078175682268,0.53906790534074,TRUE,FALSE,"consumption__long_2022__ancova","consumption_iv__consumption__long_2022__ancova"
0.104417360342397,0.440801549770914,0.538306871375727,TRUE,FALSE,"consumption__long_2022__ancova","consumption_iv__consumption__long_2022__ancova"
0.105086702395874,0.442503833365853,0.537557322928453,TRUE,FALSE,"consumption__long_2022__ancova","consumption_iv__consumption__long_2022__ancova"
0.105756044449351,0.44418538588938,0.536819010410626,TRUE,FALSE,"consumption__long_2022__ancova","consumption_iv__consumption__long_2022__ancova"
0.106425386502828,0.445846559356286,0.536091691199113,TRUE,FALSE,"consumption__long_2022__ancova","consumption_iv__consumption__long_2022__ancova"
0.107094728556305,0.447487698536943,0.535375129401589,TRUE,FALSE,"consumption__long_2022__ancova","consumption_iv__consumption__long_2022__ancova"
0.107764070609781,0.449109141117647,0.534669095631218,TRUE,FALSE,"consumption__long_2022__ancova","consumption_iv__consumption__long_2022__ancova"
0.108433412663258,0.450711217857716,0.53397336679016,TRUE,FALSE,"consumption__long_2022__ancova","consumption_iv__consumption__long_2022__ancova"
0.109102754716735,0.45229425274367,0.533287725861385,TRUE,FALSE,"consumption__long_2022__ancova","consumption_iv__consumption__long_2022__ancova"
0.109772096770212,0.453858563140305,0.532611961708511,TRUE,FALSE,"consumption__long_2022__ancova","consumption_iv__consumption__long_2022__ancova"
0.110441438823689,0.455404459938961,0.531945868883186,TRUE,FALSE,"consumption__long_2022__ancova","consumption_iv__consumption__long_2022__ancova"
0.111110780877166,0.456932247702355,0.531289247439963,TRUE,FALSE,"consumption__long_2022__ancova","consumption_iv__consumption__long_2022__ancova"
0.111780122930643,0.458442224806879,0.530641902757982,TRUE,FALSE,"consumption__long_2022__ancova","consumption_iv__consumption__long_2022__ancova"
0.11244946498412,0.459934683581472,0.53000364536953,TRUE,FALSE,"consumption__long_2022__ancova","consumption_iv__consumption__long_2022__ancova"
0.113118807037597,0.461409910443944,0.529374290794857,TRUE,FALSE,"consumption__long_2022__ancova","consumption_iv__consumption__long_2022__ancova"
0.113788149091074,0.462868186034012,0.528753659383285,TRUE,FALSE,"consumption__long_2022__ancova","consumption_iv__consumption__long_2022__ancova"
0.11445749114455,0.464309785343568,0.528141576160144,TRUE,FALSE,"consumption__long_2022__ancova","consumption_iv__consumption__long_2022__ancova"
0.115126833198027,0.465734977844238,0.527537870679292,TRUE,FALSE,"consumption__long_2022__ancova","consumption_iv__consumption__long_2022__ancova"
0.115796175251504,0.46714402761177,0.52694237688118,TRUE,FALSE,"consumption__long_2022__ancova","consumption_iv__consumption__long_2022__ancova"
0.116465517304981,0.46853719344801,0.526354932955946,TRUE,FALSE,"consumption__long_2022__ancova","consumption_iv__consumption__long_2022__ancova"
0.117134859358458,0.469914728999792,0.525775381211611,TRUE,FALSE,"consumption__long_2022__ancova","consumption_iv__consumption__long_2022__ancova"
0.117804201411935,0.471276882875315,0.525203567946976,TRUE,FALSE,"consumption__long_2022__ancova","consumption_iv__consumption__long_2022__ancova"
0.118473543465412,0.47262389875793,0.524639343329034,TRUE,FALSE,"consumption__long_2022__ancova","consumption_iv__consumption__long_2022__ancova"
0.119142885518889,0.473956015516952,0.524082561274943,TRUE,FALSE,"consumption__long_2022__ancova","consumption_iv__consumption__long_2022__ancova"
0.119812227572366,0.475273467316392,0.523533079337978,TRUE,FALSE,"consumption__long_2022__ancova","consumption_iv__consumption__long_2022__ancova"
0.120481569625843,0.476576483720717,0.522990758597726,TRUE,FALSE,"consumption__long_2022__ancova","consumption_iv__consumption__long_2022__ancova"
0.121150911679319,0.477865289798498,0.522455463553986,TRUE,FALSE,"consumption__long_2022__ancova","consumption_iv__consumption__long_2022__ancova"
0.121820253732796,0.479140106223371,0.521927062024516,TRUE,FALSE,"consumption__long_2022__ancova","consumption_iv__consumption__long_2022__ancova"
0.122489595786273,0.480401149372739,0.521405425046288,TRUE,FALSE,"consumption__long_2022__ancova","consumption_iv__consumption__long_2022__ancova"
0.12315893783975,0.48164863142416,0.520890426780168,TRUE,FALSE,"consumption__long_2022__ancova","consumption_iv__consumption__long_2022__ancova"
0.123828279893227,0.482882760449343,0.520381944418946,TRUE,FALSE,"consumption__long_2022__ancova","consumption_iv__consumption__long_2022__ancova"
0.124497621946704,0.484103740506094,0.519879858098445,TRUE,FALSE,"consumption__long_2022__ancova","consumption_iv__consumption__long_2022__ancova"
0.125166964000181,0.485311771727802,0.519384050811791,TRUE,FALSE,"consumption__long_2022__ancova","consumption_iv__consumption__long_2022__ancova"
0.125836306053658,0.486507050411094,0.518894408326477,TRUE,FALSE,"consumption__long_2022__ancova","consumption_iv__consumption__long_2022__ancova"
0.126505648107135,0.487689769101294,0.518410819104282,TRUE,FALSE,"consumption__long_2022__ancova","consumption_iv__consumption__long_2022__ancova"
0.127174990160612,0.488860116675563,0.517933174224006,TRUE,FALSE,"consumption__long_2022__ancova","consumption_iv__consumption__long_2022__ancova"
0.127844332214089,0.490018278424582,0.517461367306578,TRUE,FALSE,"consumption__long_2022__ancova","consumption_iv__consumption__long_2022__ancova"
0.128513674267565,0.491164436131689,0.516995294442909,TRUE,FALSE,"consumption__long_2022__ancova","consumption_iv__consumption__long_2022__ancova"
0.129183016321042,0.492298768150667,0.516534854123923,TRUE,FALSE,"consumption__long_2022__ancova","consumption_iv__consumption__long_2022__ancova"
0.129852358374519,0.493421449481175,0.516079947173095,TRUE,FALSE,"consumption__long_2022__ancova","consumption_iv__consumption__long_2022__ancova"
0.130521700427996,0.494532651842728,0.515630476681073,TRUE,FALSE,"consumption__long_2022__ancova","consumption_iv__consumption__long_2022__ancova"
0.131191042481473,0.495632543746718,0.515186347942512,TRUE,FALSE,"consumption__long_2022__ancova","consumption_iv__consumption__long_2022__ancova"
0.13186038453495,0.496721290566737,0.51474746839496,TRUE,FALSE,"consumption__long_2022__ancova","consumption_iv__consumption__long_2022__ancova"
0.132529726588427,0.4977990546072,0.514313747559727,TRUE,FALSE,"consumption__long_2022__ancova","consumption_iv__consumption__long_2022__ancova"
0.133199068641904,0.4988659951704,0.513885096984637,TRUE,FALSE,"consumption__long_2022__ancova","consumption_iv__consumption__long_2022__ancova"
0.133868410695381,0.499922268621725,0.513461430188712,TRUE,FALSE,"consumption__long_2022__ancova","consumption_iv__consumption__long_2022__ancova"
-0.193146145317695,1.19219064031141,0.333424215692707,TRUE,FALSE,"consumption__long_2022__change","consumption_iv__consumption__long_2022__change"
-0.192180414591106,1.19670739286609,0.33261324752171,TRUE,FALSE,"consumption__long_2022__change","consumption_iv__consumption__long_2022__change"
-0.191214683864518,1.2012774009688,0.331796064354933,TRUE,FALSE,"consumption__long_2022__change","consumption_iv__consumption__long_2022__change"
-0.19024895313793,1.20590158067311,0.330972599483004,TRUE,FALSE,"consumption__long_2022__change","consumption_iv__consumption__long_2022__change"
-0.189283222411341,1.21058086860102,0.330142785343108,TRUE,FALSE,"consumption__long_2022__change","consumption_iv__consumption__long_2022__change"
-0.188317491684753,1.21531622251036,0.329306553508237,TRUE,FALSE,"consumption__long_2022__change","consumption_iv__consumption__long_2022__change"
-0.187351760958164,1.22010862188087,0.32846383467634,TRUE,FALSE,"consumption__long_2022__change","consumption_iv__consumption__long_2022__change"
-0.186386030231576,1.22495906851933,0.327614558659461,TRUE,FALSE,"consumption__long_2022__change","consumption_iv__consumption__long_2022__change"
-0.185420299504987,1.22986858718484,0.326758654372797,TRUE,FALSE,"consumption__long_2022__change","consumption_iv__consumption__long_2022__change"
-0.184454568778399,1.23483822623443,0.325896049823772,TRUE,FALSE,"consumption__long_2022__change","consumption_iv__consumption__long_2022__change"
-0.18348883805181,1.23986905829056,0.325026672101032,TRUE,FALSE,"consumption__long_2022__change","consumption_iv__consumption__long_2022__change"
-0.182523107325222,1.24496218093065,0.32415044736344,TRUE,FALSE,"consumption__long_2022__change","consumption_iv__consumption__long_2022__change"
-0.181557376598633,1.2501187173999,0.323267300829058,TRUE,FALSE,"consumption__long_2022__change","consumption_iv__consumption__long_2022__change"
-0.180591645872045,1.2553398173481,0.322377156764131,TRUE,FALSE,"consumption__long_2022__change","consumption_iv__consumption__long_2022__change"
-0.179625915145456,1.26062665759152,0.321479938472046,TRUE,FALSE,"consumption__long_2022__change","consumption_iv__consumption__long_2022__change"
-0.178660184418868,1.26598044290058,0.320575568282362,TRUE,FALSE,"consumption__long_2022__change","consumption_iv__consumption__long_2022__change"
-0.177694453692279,1.27140240681467,0.319663967539814,TRUE,FALSE,"consumption__long_2022__change","consumption_iv__consumption__long_2022__change"
-0.176728722965691,1.27689381248512,0.318745056593368,TRUE,FALSE,"consumption__long_2022__change","consumption_iv__consumption__long_2022__change"
-0.175762992239102,1.28245595354697,0.317818754785351,TRUE,FALSE,"consumption__long_2022__change","consumption_iv__consumption__long_2022__change"
-0.174797261512514,1.28809015502144,0.316884980440613,TRUE,FALSE,"consumption__long_2022__change","consumption_iv__consumption__long_2022__change"
-0.173831530785925,1.29379777424957,0.315943650855809,TRUE,FALSE,"consumption__long_2022__change","consumption_iv__consumption__long_2022__change"
-0.172865800059337,1.29958020185906,0.314994682288711,TRUE,FALSE,"consumption__long_2022__change","consumption_iv__consumption__long_2022__change"
-0.171900069332749,1.30543886276481,0.314037989947703,TRUE,FALSE,"consumption__long_2022__change","consumption_iv__consumption__long_2022__change"
-0.17093433860616,1.3113752172054,0.313073487981333,TRUE,FALSE,"consumption__long_2022__change","consumption_iv__consumption__long_2022__change"
-0.169968607879572,1.3173907618159,0.312101089468105,TRUE,FALSE,"consumption__long_2022__change","consumption_iv__consumption__long_2022__change"
-0.169002877152983,1.32348703074,0.311120706406303,TRUE,FALSE,"consumption__long_2022__change","consumption_iv__consumption__long_2022__change"
-0.168037146426395,1.32966559678128,0.310132249704153,TRUE,FALSE,"consumption__long_2022__change","consumption_iv__consumption__long_2022__change"
-0.167071415699806,1.33592807259692,0.309135629170061,TRUE,FALSE,"consumption__long_2022__change","consumption_iv__consumption__long_2022__change"
-0.166105684973218,1.34227611193434,0.308130753503183,TRUE,FALSE,"consumption__long_2022__change","consumption_iv__consumption__long_2022__change"
-0.165139954246629,1.34871141091336,0.3071175302842,TRUE,FALSE,"consumption__long_2022__change","consumption_iv__consumption__long_2022__change"
-0.164174223520041,1.35523570935537,0.306095865966408,TRUE,FALSE,"consumption__long_2022__change","consumption_iv__consumption__long_2022__change"
-0.163208492793452,1.36185079216189,0.305065665867071,TRUE,FALSE,"consumption__long_2022__change","consumption_iv__consumption__long_2022__change"
-0.162242762066864,1.36855849074397,0.304026834159199,TRUE,FALSE,"consumption__long_2022__change","consumption_iv__consumption__long_2022__change"
-0.161277031340275,1.37536068450511,0.302979273863665,TRUE,FALSE,"consumption__long_2022__change","consumption_iv__consumption__long_2022__change"
-0.160311300613687,1.3822593023803,0.301922886841688,TRUE,FALSE,"consumption__long_2022__change","consumption_iv__consumption__long_2022__change"
-0.159345569887098,1.38925632443238,0.300857573787867,TRUE,FALSE,"consumption__long_2022__change","consumption_iv__consumption__long_2022__change"
-0.15837983916051,1.39635378350984,0.299783234223584,TRUE,FALSE,"consumption__long_2022__change","consumption_iv__consumption__long_2022__change"
-0.157414108433921,1.40355376696708,0.298699766491056,TRUE,FALSE,"consumption__long_2022__change","consumption_iv__consumption__long_2022__change"
-0.156448377707333,1.41085841845123,0.297607067747877,TRUE,FALSE,"consumption__long_2022__change","consumption_iv__consumption__long_2022__change"
-0.155482646980744,1.41826993975773,0.296505033962188,TRUE,FALSE,"consumption__long_2022__change","consumption_iv__consumption__long_2022__change"
-0.154516916254156,1.42579059275767,0.295393559908569,TRUE,FALSE,"consumption__long_2022__change","consumption_iv__consumption__long_2022__change"
-0.153551185527567,1.43342270140044,0.294272539164601,TRUE,FALSE,"consumption__long_2022__change","consumption_iv__consumption__long_2022__change"
-0.152585454800979,1.44116865379498,0.29314186410821,TRUE,FALSE,"consumption__long_2022__change","consumption_iv__consumption__long_2022__change"
-0.151619724074391,1.44903090437281,0.29200142591587,TRUE,FALSE,"consumption__long_2022__change","consumption_iv__consumption__long_2022__change"
-0.150653993347802,1.45701197613676,0.290851114561709,TRUE,FALSE,"consumption__long_2022__change","consumption_iv__consumption__long_2022__change"
-0.149688262621214,1.46511446299956,0.289690818817545,TRUE,FALSE,"consumption__long_2022__change","consumption_iv__consumption__long_2022__change"
-0.148722531894625,1.47334103221601,0.28852042625396,TRUE,FALSE,"consumption__long_2022__change","consumption_iv__consumption__long_2022__change"
-0.147756801168037,1.48169442691283,0.28733982324254,TRUE,FALSE,"consumption__long_2022__change","consumption_iv__consumption__long_2022__change"
-0.146791070441448,1.49017746872129,0.286148894959238,TRUE,FALSE,"consumption__long_2022__change","consumption_iv__consumption__long_2022__change"
-0.14582533971486,1.49879306051719,0.284947525389011,TRUE,FALSE,"consumption__long_2022__change","consumption_iv__consumption__long_2022__change"
-0.144859608988271,1.5075441892724,0.283735597331888,TRUE,FALSE,"consumption__long_2022__change","consumption_iv__consumption__long_2022__change"
-0.143893878261683,1.51643392902453,0.282512992410401,TRUE,FALSE,"consumption__long_2022__change","consumption_iv__consumption__long_2022__change"
-0.142928147535094,1.52546544396935,0.281279591078606,TRUE,FALSE,"consumption__long_2022__change","consumption_iv__consumption__long_2022__change"
-0.141962416808506,1.53464199168161,0.280035272632793,TRUE,FALSE,"consumption__long_2022__change","consumption_iv__consumption__long_2022__change"
-0.140996686081917,1.54396692647129,0.2787799152239,TRUE,FALSE,"consumption__long_2022__change","consumption_iv__consumption__long_2022__change"
-0.140030955355329,1.55344370288095,0.27751339587185,TRUE,FALSE,"consumption__long_2022__change","consumption_iv__consumption__long_2022__change"
-0.13906522462874,1.56307587933079,0.276235590481926,TRUE,FALSE,"consumption__long_2022__change","consumption_iv__consumption__long_2022__change"
-0.138099493902152,1.57286712191984,0.274946373863189,TRUE,FALSE,"consumption__long_2022__change","consumption_iv__consumption__long_2022__change"
-0.137133763175563,1.5828212083889,0.273645619749305,TRUE,FALSE,"consumption__long_2022__change","consumption_iv__consumption__long_2022__change"
-0.136168032448975,1.59294203225509,0.272333200821666,TRUE,FALSE,"consumption__long_2022__change","consumption_iv__consumption__long_2022__change"
-0.135202301722386,1.60323360712455,0.271008988735239,TRUE,FALSE,"consumption__long_2022__change","consumption_iv__consumption__long_2022__change"
-0.134236570995798,1.61370007119394,0.26967285414701,TRUE,FALSE,"consumption__long_2022__change","consumption_iv__consumption__long_2022__change"
-0.13327084026921,1.62434569194847,0.26832466674746,TRUE,FALSE,"consumption__long_2022__change","consumption_iv__consumption__long_2022__change"
-0.132305109542621,1.63517487106704,0.266964295295114,TRUE,FALSE,"consumption__long_2022__change","consumption_iv__consumption__long_2022__change"
-0.131339378816033,1.64619214954506,0.26559160765435,TRUE,FALSE,"consumption__long_2022__change","consumption_iv__consumption__long_2022__change"
-0.130373648089444,1.65740221304494,0.264206470836786,TRUE,FALSE,"consumption__long_2022__change","consumption_iv__consumption__long_2022__change"
-0.129407917362856,1.66880989748689,0.262808751046336,TRUE,FALSE,"consumption__long_2022__change","consumption_iv__consumption__long_2022__change"
-0.128442186636267,1.68042019489162,0.261398313728208,TRUE,FALSE,"consumption__long_2022__change","consumption_iv__consumption__long_2022__change"
-0.127476455909679,1.69223825948732,0.259975023622178,TRUE,FALSE,"consumption__long_2022__change","consumption_iv__consumption__long_2022__change"
-0.12651072518309,1.7042694140961,0.258538744820191,TRUE,FALSE,"consumption__long_2022__change","consumption_iv__consumption__long_2022__change"
-0.125544994456502,1.71651915681215,0.2570893408288,TRUE,FALSE,"consumption__long_2022__change","consumption_iv__consumption__long_2022__change"
-0.124579263729913,1.72899316798844,0.255626674636549,TRUE,FALSE,"consumption__long_2022__change","consumption_iv__consumption__long_2022__change"
-0.123613533003325,1.74169731754739,0.254150608786668,TRUE,FALSE,"consumption__long_2022__change","consumption_iv__consumption__long_2022__change"
-0.122647802276736,1.75463767263226,0.252661005455424,TRUE,FALSE,"consumption__long_2022__change","consumption_iv__consumption__long_2022__change"
-0.121682071550148,1.76782050561764,0.251157726536404,TRUE,FALSE,"consumption__long_2022__change","consumption_iv__consumption__long_2022__change"
-0.120716340823559,1.78125230249773,0.249640633731134,TRUE,FALSE,"consumption__long_2022__change","consumption_iv__consumption__long_2022__change"
-0.119750610096971,1.7949397716725,0.248109588646386,TRUE,FALSE,"consumption__long_2022__change","consumption_iv__consumption__long_2022__change"
-0.118784879370382,1.80888985315295,0.246564452898594,TRUE,FALSE,"consumption__long_2022__change","consumption_iv__consumption__long_2022__change"
-0.117819148643794,1.82310972820837,0.245005088225717,TRUE,FALSE,"consumption__long_2022__change","consumption_iv__consumption__long_2022__change"
-0.116853417917205,1.83760682947857,0.243431356607109,TRUE,FALSE,"consumption__long_2022__change","consumption_iv__consumption__long_2022__change"
-0.115887687190617,1.85238885157706,0.241843120391757,TRUE,FALSE,"consumption__long_2022__change","consumption_iv__consumption__long_2022__change"
-0.114921956464028,1.86746376221131,0.240240242435426,TRUE,FALSE,"consumption__long_2022__change","consumption_iv__consumption__long_2022__change"
-0.11395622573744,1.88283981384907,0.238622586247173,TRUE,FALSE,"consumption__long_2022__change","consumption_iv__consumption__long_2022__change"
-0.112990495010852,1.89852555595937,0.236990016145876,TRUE,FALSE,"consumption__long_2022__change","consumption_iv__consumption__long_2022__change"
-0.112024764284263,1.91452984786133,0.235342397427223,TRUE,FALSE,"consumption__long_2022__change","consumption_iv__consumption__long_2022__change"
-0.111059033557675,1.93086187221369,0.23367959654181,TRUE,FALSE,"consumption__long_2022__change","consumption_iv__consumption__long_2022__change"
-0.110093302831086,1.94753114918053,0.232001481285013,TRUE,FALSE,"consumption__long_2022__change","consumption_iv__consumption__long_2022__change"
-0.109127572104498,1.96454755131113,0.230307920999249,TRUE,FALSE,"consumption__long_2022__change","consumption_iv__consumption__long_2022__change"
-0.108161841377909,1.98192131917397,0.228598786789334,TRUE,FALSE,"consumption__long_2022__change","consumption_iv__consumption__long_2022__change"
-0.107196110651321,1.99966307778732,0.226873951751654,TRUE,FALSE,"consumption__long_2022__change","consumption_iv__consumption__long_2022__change"
-0.106230379924732,2.0177838538909,0.225133291217963,TRUE,FALSE,"consumption__long_2022__change","consumption_iv__consumption__long_2022__change"
-0.105264649198144,2.03629509410675,0.223376683014552,TRUE,FALSE,"consumption__long_2022__change","consumption_iv__consumption__long_2022__change"
-0.104298918471555,2.05520868403947,0.221604007737673,TRUE,FALSE,"consumption__long_2022__change","consumption_iv__consumption__long_2022__change"
-0.103333187744967,2.07453696836949,0.219815149046075,TRUE,FALSE,"consumption__long_2022__change","consumption_iv__consumption__long_2022__change"
-0.102367457018378,2.09429277199578,0.218009993971602,TRUE,FALSE,"consumption__long_2022__change","consumption_iv__consumption__long_2022__change"
-0.10140172629179,2.11448942228835,0.216188433248811,TRUE,FALSE,"consumption__long_2022__change","consumption_iv__consumption__long_2022__change"
-0.100435995565201,2.13514077251436,0.214350361664589,TRUE,FALSE,"consumption__long_2022__change","consumption_iv__consumption__long_2022__change"
-0.0994702648386129,2.15626122650462,0.212495678428896,TRUE,FALSE,"consumption__long_2022__change","consumption_iv__consumption__long_2022__change"
-0.0985045341120244,2.17786576463302,0.210624287567643,TRUE,FALSE,"consumption__long_2022__change","consumption_iv__consumption__long_2022__change"
-0.0975388033854359,2.19996997118323,0.208736098338962,TRUE,FALSE,"consumption__long_2022__change","consumption_iv__consumption__long_2022__change"
-0.0965730726588475,2.22259006318429,0.206831025673946,TRUE,FALSE,"consumption__long_2022__change","consumption_iv__consumption__long_2022__change"
-0.095607341932259,2.24574292079852,0.204908990643214,TRUE,FALSE,"consumption__long_2022__change","consumption_iv__consumption__long_2022__change"
-0.0946416112056705,2.26944611935232,0.202969920950514,TRUE,FALSE,"consumption__long_2022__change","consumption_iv__consumption__long_2022__change"
-0.093675880479082,2.29371796310488,0.201013751454715,TRUE,FALSE,"consumption__long_2022__change","consumption_iv__consumption__long_2022__change"
-0.0927101497524936,2.31857752085398,0.199040424721623,TRUE,FALSE,"consumption__long_2022__change","consumption_iv__consumption__long_2022__change"
-0.0917444190259051,2.34404466348593,0.197049891607008,TRUE,FALSE,"consumption__long_2022__change","consumption_iv__consumption__long_2022__change"
-0.0907786882993166,2.37014010358135,0.195042111872276,TRUE,FALSE,"consumption__long_2022__change","consumption_iv__consumption__long_2022__change"
-0.0898129575727281,2.39688543719328,0.193017054834445,TRUE,FALSE,"consumption__long_2022__change","consumption_iv__consumption__long_2022__change"
-0.0888472268461397,2.42430318792368,0.190974700051817,TRUE,FALSE,"consumption__long_2022__change","consumption_iv__consumption__long_2022__change"
-0.0878814961195512,2.45241685342742,0.188915038047061,TRUE,FALSE,"consumption__long_2022__change","consumption_iv__consumption__long_2022__change"
-0.0869157653929627,2.48125095448147,0.186838071069291,TRUE,FALSE,"consumption__long_2022__change","consumption_iv__consumption__long_2022__change"
-0.0859500346663742,2.51083108676369,0.184743813896778,TRUE,FALSE,"consumption__long_2022__change","consumption_iv__consumption__long_2022__change"
-0.0849843039397858,2.54118397549108,0.182632294682016,TRUE,FALSE,"consumption__long_2022__change","consumption_iv__consumption__long_2022__change"
-0.0840185732131973,2.5723375330758,0.180503555840799,TRUE,FALSE,"consumption__long_2022__change","consumption_iv__consumption__long_2022__change"
-0.0830528424866088,2.60432091996265,0.178357654987029,TRUE,FALSE,"consumption__long_2022__change","consumption_iv__consumption__long_2022__change"
-0.0820871117600203,2.63716460881958,0.176194665914902,TRUE,FALSE,"consumption__long_2022__change","consumption_iv__consumption__long_2022__change"
-0.0811213810334319,2.67090045225691,0.174014679630241,TRUE,FALSE,"consumption__long_2022__change","consumption_iv__consumption__long_2022__change"
-0.0801556503068434,2.70556175425955,0.171817805432499,TRUE,FALSE,"consumption__long_2022__change","consumption_iv__consumption__long_2022__change"
-0.0791899195802549,2.74118334551913,0.169604172049111,TRUE,FALSE,"consumption__long_2022__change","consumption_iv__consumption__long_2022__change"
-0.0782241888536664,2.77780166285792,0.167373928823722,TRUE,FALSE,"consumption__long_2022__change","consumption_iv__consumption__long_2022__change"
-0.077258458127078,2.81545483294078,0.165127246959677,TRUE,FALSE,"consumption__long_2022__change","consumption_iv__consumption__long_2022__change"
-0.0762927274004895,2.85418276047051,0.162864320820171,TRUE,FALSE,"consumption__long_2022__change","consumption_iv__consumption__long_2022__change"
-0.075326996673901,2.89402722106329,0.160585369286245,TRUE,FALSE,"consumption__long_2022__change","consumption_iv__consumption__long_2022__change"
-0.0743612659473125,2.93503195899846,0.158290637173596,TRUE,FALSE,"consumption__long_2022__change","consumption_iv__consumption__long_2022__change"
-0.0733955352207241,2.97724279002901,0.155980396709113,TRUE,FALSE,"consumption__long_2022__change","consumption_iv__consumption__long_2022__change"
-0.0724298044941356,3.02070770943252,0.153654949067637,TRUE,FALSE,"consumption__long_2022__change","consumption_iv__consumption__long_2022__change"
-0.0714640737675471,3.06547700546548,0.151314625969317,TRUE,FALSE,"consumption__long_2022__change","consumption_iv__consumption__long_2022__change"
-0.0704983430409586,3.11160337836739,0.148959791337428,TRUE,FALSE,"consumption__long_2022__change","consumption_iv__consumption__long_2022__change"
-0.0695326123143702,3.15914206503154,0.146590843016322,TRUE,FALSE,"consumption__long_2022__change","consumption_iv__consumption__long_2022__change"
-0.0685668815877817,3.20815096942854,0.144208214548531,TRUE,FALSE,"consumption__long_2022__change","consumption_iv__consumption__long_2022__change"
-0.0676011508611932,3.25869079882059,0.141812377009732,TRUE,FALSE,"consumption__long_2022__change","consumption_iv__consumption__long_2022__change"
-0.0666354201346047,3.31082520575281,0.139403840899472,TRUE,FALSE,"consumption__long_2022__change","consumption_iv__consumption__long_2022__change"
-0.0656696894080163,3.36462093573374,0.136983158085091,TRUE,FALSE,"consumption__long_2022__change","consumption_iv__consumption__long_2022__change"
-0.0647039586814278,3.42014798043178,0.134550923795411,TRUE,FALSE,"consumption__long_2022__change","consumption_iv__consumption__long_2022__change"
-0.0637382279548393,3.47747973610738,0.132107778659898,TRUE,FALSE,"consumption__long_2022__change","consumption_iv__consumption__long_2022__change"
-0.0627724972282508,3.53669316686703,0.129654410788134,TRUE,FALSE,"consumption__long_2022__change","consumption_iv__consumption__long_2022__change"
-0.0618067665016624,3.59786897216547,0.127191557883307,TRUE,FALSE,"consumption__long_2022__change","consumption_iv__consumption__long_2022__change"
-0.0608410357750739,3.66109175778691,0.124720009382294,TRUE,FALSE,"consumption__long_2022__change","consumption_iv__consumption__long_2022__change"
-0.0598753050484854,3.7264502092997,0.122240608613574,TRUE,FALSE,"consumption__long_2022__change","consumption_iv__consumption__long_2022__change"
-0.058909574321897,3.79403726669497,0.119754254962806,TRUE,FALSE,"consumption__long_2022__change","consumption_iv__consumption__long_2022__change"
-0.0579438435953085,3.86395029857606,0.117261906034377,TRUE,FALSE,"consumption__long_2022__change","consumption_iv__consumption__long_2022__change"
-0.05697811286872,3.93629127385733,0.114764579795446,TRUE,FALSE,"consumption__long_2022__change","consumption_iv__consumption__long_2022__change"
-0.0560123821421315,4.01116692844027,0.112263356687257,TRUE,FALSE,"consumption__long_2022__change","consumption_iv__consumption__long_2022__change"
-0.055046651415543,4.0886889237506,0.10975938168647,TRUE,FALSE,"consumption__long_2022__change","consumption_iv__consumption__long_2022__change"
-0.0540809206889546,4.16897399332469,0.107253866297188,TRUE,FALSE,"consumption__long_2022__change","consumption_iv__consumption__long_2022__change"
-0.0531151899623661,4.25214407280982,0.10474809045207,TRUE,FALSE,"consumption__long_2022__change","consumption_iv__consumption__long_2022__change"
-0.0521494592357776,4.33832640776354,0.102243404298684,TRUE,FALSE,"consumption__long_2022__change","consumption_iv__consumption__long_2022__change"
-0.0511837285091891,4.42765363248456,0.0997412298447019,TRUE,FALSE,"consumption__long_2022__change","consumption_iv__consumption__long_2022__change"
-0.0502179977826007,4.52026381174496,0.0972430624331325,TRUE,FALSE,"consumption__long_2022__change","consumption_iv__consumption__long_2022__change"
-0.0492522670560122,4.61630043569206,0.094750472016244,TRUE,FALSE,"consumption__long_2022__change","consumption_iv__consumption__long_2022__change"
-0.0482865363294237,4.71591235631126,0.0922651041943036,TRUE,FALSE,"consumption__long_2022__change","consumption_iv__consumption__long_2022__change"
-0.0473208056028352,4.81925365164269,0.0897886809828969,TRUE,FALSE,"consumption__long_2022__change","consumption_iv__consumption__long_2022__change"
-0.0463550748762468,4.9264834013853,0.0873230012702796,TRUE,FALSE,"consumption__long_2022__change","consumption_iv__consumption__long_2022__change"
-0.0453893441496583,5.03776535454701,0.0848699409242236,TRUE,FALSE,"consumption__long_2022__change","consumption_iv__consumption__long_2022__change"
-0.0444236134230698,5.15326746635861,0.0824314525061618,TRUE,FALSE,"consumption__long_2022__change","consumption_iv__consumption__long_2022__change"
-0.0434578826964813,5.27316127771027,0.0800095645492318,TRUE,FALSE,"consumption__long_2022__change","consumption_iv__consumption__long_2022__change"
-0.0424921519698929,5.3976211058327,0.0776063803563444,TRUE,FALSE,"consumption__long_2022__change","consumption_iv__consumption__long_2022__change"
-0.0415264212433044,5.52682300979387,0.0752240762745983,TRUE,FALSE,"consumption__long_2022__change","consumption_iv__consumption__long_2022__change"
-0.0405606905167159,5.66094348855987,0.0728648994037728,TRUE,FALSE,"consumption__long_2022__change","consumption_iv__consumption__long_2022__change"
-0.0395949597901274,5.80015786287232,0.070531164699116,TRUE,FALSE,"consumption__long_2022__change","consumption_iv__consumption__long_2022__change"
-0.038629229063539,5.94463828501359,0.068225251432775,TRUE,FALSE,"consumption__long_2022__change","consumption_iv__consumption__long_2022__change"
-0.0376634983369505,6.0945513127195,0.0659495989841185,TRUE,FALSE,"consumption__long_2022__change","consumption_iv__consumption__long_2022__change"
-0.036697767610362,6.25005497516229,0.063706701937207,TRUE,FALSE,"consumption__long_2022__change","consumption_iv__consumption__long_2022__change"
-0.0357320368837735,6.4112952502508,0.0614991044741951,TRUE,FALSE,"consumption__long_2022__change","consumption_iv__consumption__long_2022__change"
-0.0347663061571851,6.57840186379153,0.0593293940667318,TRUE,FALSE,"consumption__long_2022__change","consumption_iv__consumption__long_2022__change"
-0.0338005754305966,6.75148331277842,0.0572001944839419,TRUE,FALSE,"consumption__long_2022__change","consumption_iv__consumption__long_2022__change"
-0.0328348447040081,6.9306210079004,0.0551141581555861,TRUE,FALSE,"consumption__long_2022__change","consumption_iv__consumption__long_2022__change"
-0.0318691139774196,7.11586242520008,0.0530739579528554,TRUE,FALSE,"consumption__long_2022__change","consumption_iv__consumption__long_2022__change"
-0.0309033832508312,7.3072131549348,0.0510822784773048,TRUE,FALSE,"consumption__long_2022__change","consumption_iv__consumption__long_2022__change"
-0.0303679905729496,7.41591435385879,0.0500000009590858,TRUE,TRUE,"consumption__long_2022__change","consumption_iv__consumption__long_2022__change"
-0.0299376525242427,7.50462773875141,0.049141806980737,FALSE,FALSE,"consumption__long_2022__change","consumption_iv__consumption__long_2022__change"
-0.0289719217976542,7.70799919641068,0.0472552240756587,FALSE,FALSE,"consumption__long_2022__change","consumption_iv__consumption__long_2022__change"
-0.0280061910710658,7.91714716317109,0.0454251944370846,FALSE,FALSE,"consumption__long_2022__change","consumption_iv__consumption__long_2022__change"
-0.0270404603444773,8.13180459181553,0.0436543577417898,FALSE,FALSE,"consumption__long_2022__change","consumption_iv__consumption__long_2022__change"
-0.0260747296178888,8.35160302301836,0.0419453201400307,FALSE,FALSE,"consumption__long_2022__change","consumption_iv__consumption__long_2022__change"
-0.0251089988913003,8.57605649860506,0.0403006466066084,FALSE,FALSE,"consumption__long_2022__change","consumption_iv__consumption__long_2022__change"
-0.0241432681647119,8.80454428884191,0.0387228545716479,FALSE,FALSE,"consumption__long_2022__change","consumption_iv__consumption__long_2022__change"
-0.0231775374381234,9.03629273162532,0.0372144092851903,FALSE,FALSE,"consumption__long_2022__change","consumption_iv__consumption__long_2022__change"
-0.0222118067115349,9.27035664195667,0.0357777214215139,FALSE,FALSE,"consumption__long_2022__change","consumption_iv__consumption__long_2022__change"
-0.0212460759849464,9.50560094622337,0.0344151474765741,FALSE,FALSE,"consumption__long_2022__change","consumption_iv__consumption__long_2022__change"
-0.020280345258358,9.74068342628477,0.0331289935519902,FALSE,FALSE,"consumption__long_2022__change","consumption_iv__consumption__long_2022__change"
-0.0193146145317695,9.97403971706598,0.0319215231480542,FALSE,FALSE,"consumption__long_2022__change","consumption_iv__consumption__long_2022__change"
-0.018348883805181,10.2038719753612,0.0307949696021747,FALSE,FALSE,"consumption__long_2022__change","consumption_iv__consumption__long_2022__change"
-0.0173831530785925,10.4281429050101,0.0297515538035502,FALSE,FALSE,"consumption__long_2022__change","consumption_iv__consumption__long_2022__change"
-0.0164174223520041,10.6445770521445,0.0287935077847892,FALSE,FALSE,"consumption__long_2022__change","consumption_iv__consumption__long_2022__change"
-0.0154516916254156,10.8506714300964,0.0279231047317092,FALSE,FALSE,"consumption__long_2022__change","consumption_iv__consumption__long_2022__change"
-0.0144859608988271,11.0437175429308,0.0271426958587416,FALSE,FALSE,"consumption__long_2022__change","consumption_iv__consumption__long_2022__change"
-0.0135202301722386,11.2208366893282,0.026454754464665,FALSE,FALSE,"consumption__long_2022__change","consumption_iv__consumption__long_2022__change"
-0.0125544994456502,11.3790299860367,0.0258619273079333,FALSE,FALSE,"consumption__long_2022__change","consumption_iv__consumption__long_2022__change"
-0.0115887687190617,11.5152438068421,0.0253670932199502,FALSE,FALSE,"consumption__long_2022__change","consumption_iv__consumption__long_2022__change"
-0.0106230379924732,11.6264502718914,0.0249734286070382,FALSE,FALSE,"consumption__long_2022__change","consumption_iv__consumption__long_2022__change"
-0.00965730726588473,11.7097410711524,0.0246844791785326,FALSE,FALSE,"consumption__long_2022__change","consumption_iv__consumption__long_2022__change"
-0.00869157653929625,11.7624313519556,0.0245042368828492,FALSE,FALSE,"consumption__long_2022__change","consumption_iv__consumption__long_2022__change"
-0.0077258458127078,11.7821687968253,0.0244372206422504,FALSE,FALSE,"consumption__long_2022__change","consumption_iv__consumption__long_2022__change"
-0.00676011508611932,11.7670415761407,0.0244885590606012,FALSE,FALSE,"consumption__long_2022__change","consumption_iv__consumption__long_2022__change"
-0.00579438435953084,11.715677827594,0.024664072851067,FALSE,FALSE,"consumption__long_2022__change","consumption_iv__consumption__long_2022__change"
-0.00482865363294238,11.6273289318586,0.0249703543110427,FALSE,FALSE,"consumption__long_2022__change","consumption_iv__consumption__long_2022__change"
-0.0038629229063539,11.5019293033558,0.0254148407825793,FALSE,FALSE,"consumption__long_2022__change","consumption_iv__consumption__long_2022__change"
-0.00289719217976542,11.3401267672603,0.02600587870489,FALSE,FALSE,"consumption__long_2022__change","consumption_iv__consumption__long_2022__change"
-0.00193146145317694,11.1432797715073,0.02675277462101,FALSE,FALSE,"consumption__long_2022__change","consumption_iv__consumption__long_2022__change"
-0.000965730726588482,10.9134204533239,0.0276658293745068,FALSE,FALSE,"consumption__long_2022__change","consumption_iv__consumption__long_2022__change"
0,10.6531855870268,0.0287563517549537,FALSE,FALSE,"consumption__long_2022__change","consumption_iv__consumption__long_2022__change"
0.000965730726588482,10.3657202666862,0.0300366480499856,FALSE,FALSE,"consumption__long_2022__change","consumption_iv__consumption__long_2022__change"
0.00193146145317696,10.0545614294644,0.031519984358008,FALSE,FALSE,"consumption__long_2022__change","consumption_iv__consumption__long_2022__change"
0.00289719217976542,9.72350971063807,0.0332205191202431,FALSE,FALSE,"consumption__long_2022__change","consumption_iv__consumption__long_2022__change"
0.0038629229063539,9.37649850321326,0.0351532041423088,FALSE,FALSE,"consumption__long_2022__change","consumption_iv__consumption__long_2022__change"
0.00482865363294238,9.01746850927101,0.0373336533774135,FALSE,FALSE,"consumption__long_2022__change","consumption_iv__consumption__long_2022__change"
0.00579438435953086,8.65025470023466,0.0397779799029401,FALSE,FALSE,"consumption__long_2022__change","consumption_iv__consumption__long_2022__change"
0.00676011508611932,8.27849072763117,0.0425026027911262,FALSE,FALSE,"consumption__long_2022__change","consumption_iv__consumption__long_2022__change"
0.0077258458127078,7.90553375327722,0.045524026890434,FALSE,FALSE,"consumption__long_2022__change","consumption_iv__consumption__long_2022__change"
0.00869157653929628,7.5344106780828,0.0488585998243768,FALSE,FALSE,"consumption__long_2022__change","consumption_iv__consumption__long_2022__change"
0.00900210643081393,7.41591445304918,0.0499999999871177,TRUE,TRUE,"consumption__long_2022__change","consumption_iv__consumption__long_2022__change"
0.00965730726588476,7.16778505217291,0.0525222517015794,TRUE,FALSE,"consumption__long_2022__change","consumption_iv__consumption__long_2022__change"
0.0106230379924732,6.80794266879916,0.0565302240380263,TRUE,FALSE,"consumption__long_2022__change","consumption_iv__consumption__long_2022__change"
0.0115887687190617,6.45679301911218,0.0608967951508808,TRUE,FALSE,"consumption__long_2022__change","consumption_iv__consumption__long_2022__change"
0.0125544994456502,6.11588338560708,0.065635009737564,TRUE,FALSE,"consumption__long_2022__change","consumption_iv__consumption__long_2022__change"
0.0135202301722387,5.78642230657101,0.0707564204675184,TRUE,FALSE,"consumption__long_2022__change","consumption_iv__consumption__long_2022__change"
0.0144859608988271,5.46930935951625,0.076270849172822,TRUE,FALSE,"consumption__long_2022__change","consumption_iv__consumption__long_2022__change"
0.0154516916254156,5.1651685943273,0.0821861746371427,TRUE,FALSE,"consumption__long_2022__change","consumption_iv__consumption__long_2022__change"
0.0164174223520041,4.87438341392025,0.0885081530826032,TRUE,FALSE,"consumption__long_2022__change","consumption_iv__consumption__long_2022__change"
0.0173831530785926,4.59713118657948,0.095240276293514,TRUE,FALSE,"consumption__long_2022__change","consumption_iv__consumption__long_2022__change"
0.018348883805181,4.33341633417817,0.102383670962463,TRUE,FALSE,"consumption__long_2022__change","consumption_iv__consumption__long_2022__change"
0.0193146145317695,4.08310104633702,0.109937041375852,TRUE,FALSE,"consumption__long_2022__change","consumption_iv__consumption__long_2022__change"
0.020280345258358,3.84593310882948,0.117896656053735,TRUE,FALSE,"consumption__long_2022__change","consumption_iv__consumption__long_2022__change"
0.0212460759849465,3.62157060237721,0.126256377501442,TRUE,FALSE,"consumption__long_2022__change","consumption_iv__consumption__long_2022__change"
0.0222118067115349,3.40960342955081,0.135007732888239,TRUE,FALSE,"consumption__long_2022__change","consumption_iv__consumption__long_2022__change"
0.0231775374381234,3.20957177089888,0.144140022299271,TRUE,FALSE,"consumption__long_2022__change","consumption_iv__consumption__long_2022__change"
0.0241432681647119,3.02098166649656,0.153640460253869,TRUE,FALSE,"consumption__long_2022__change","consumption_iv__consumption__long_2022__change"
0.0251089988913004,2.84331797583145,0.163494345471673,TRUE,FALSE,"consumption__long_2022__change","consumption_iv__consumption__long_2022__change"
0.0260747296178888,2.67605499655059,0.173685253408218,TRUE,FALSE,"consumption__long_2022__change","consumption_iv__consumption__long_2022__change"
0.0270404603444773,2.51866502908705,0.184195245867149,TRUE,FALSE,"consumption__long_2022__change","consumption_iv__consumption__long_2022__change"
0.0280061910710658,2.37062516612819,0.195005092009827,TRUE,FALSE,"consumption__long_2022__change","consumption_iv__consumption__long_2022__change"
0.0289719217976543,2.23142256847414,0.206094495296224,TRUE,FALSE,"consumption__long_2022__change","consumption_iv__consumption__long_2022__change"
0.0299376525242427,2.10055846600345,0.217442321269442,TRUE,FALSE,"consumption__long_2022__change","consumption_iv__consumption__long_2022__change"
0.0309033832508312,1.97755109708677,0.229026821601989,TRUE,FALSE,"consumption__long_2022__change","consumption_iv__consumption__long_2022__change"
0.0318691139774197,1.86193777388815,0.240825850416551,TRUE,FALSE,"consumption__long_2022__change","consumption_iv__consumption__long_2022__change"
0.0328348447040082,1.75327623590928,0.252817069540743,TRUE,FALSE,"consumption__long_2022__change","consumption_iv__consumption__long_2022__change"
0.0338005754305966,1.6511454307005,0.264978140020668,TRUE,FALSE,"consumption__long_2022__change","consumption_iv__consumption__long_2022__change"
0.0347663061571851,1.55514583934389,0.277286897874033,TRUE,FALSE,"consumption__long_2022__change","consumption_iv__consumption__long_2022__change"
0.0357320368837736,1.46489944530988,0.2897215126864,TRUE,FALSE,"consumption__long_2022__change","consumption_iv__consumption__long_2022__change"
0.0366977676103621,1.38004942861825,0.302260628226995,TRUE,FALSE,"consumption__long_2022__change","consumption_iv__consumption__long_2022__change"
0.0376634983369505,1.3002596528065,0.314883484770487,TRUE,FALSE,"consumption__long_2022__change","consumption_iv__consumption__long_2022__change"
0.038629229063539,1.22521399985464,0.327570023252131,TRUE,FALSE,"consumption__long_2022__change","consumption_iv__consumption__long_2022__change"
0.0395949597901275,1.15461559774556,0.34030097175149,TRUE,FALSE,"consumption__long_2022__change","consumption_iv__consumption__long_2022__change"
0.040560690516716,1.08818597653414,0.353057915096362,TRUE,FALSE,"consumption__long_2022__change","consumption_iv__consumption__long_2022__change"
0.0415264212433044,1.02566418145412,0.365823348605902,TRUE,FALSE,"consumption__long_2022__change","consumption_iv__consumption__long_2022__change"
0.0424921519698929,0.966805865501712,0.378580717156786,TRUE,FALSE,"consumption__long_2022__change","consumption_iv__consumption__long_2022__change"
0.0434578826964814,0.911382378929459,0.391314440863068,TRUE,FALSE,"consumption__long_2022__change","consumption_iv__consumption__long_2022__change"
0.0444236134230699,0.859179868981672,0.404009928719657,TRUE,FALSE,"consumption__long_2022__change","consumption_iv__consumption__long_2022__change"
0.0453893441496583,0.809998399875375,0.416653581575405,TRUE,FALSE,"consumption__long_2022__change","consumption_iv__consumption__long_2022__change"
0.0463550748762468,0.763651100341403,0.429232785784448,TRUE,FALSE,"consumption__long_2022__change","consumption_iv__consumption__long_2022__change"
0.0473208056028353,0.719963343884352,0.441735898839831,TRUE,FALSE,"consumption__long_2022__change","consumption_iv__consumption__long_2022__change"
0.0482865363294238,0.678771965205169,0.454152228228045,TRUE,FALSE,"consumption__long_2022__change","consumption_iv__consumption__long_2022__change"
0.0492522670560122,0.639924514877792,0.466472004662662,TRUE,FALSE,"consumption__long_2022__change","consumption_iv__consumption__long_2022__change"
0.0502179977826007,0.603278553312623,0.478686350765588,TRUE,FALSE,"consumption__long_2022__change","consumption_iv__consumption__long_2022__change"
0.0511837285091892,0.56870098422592,0.490787246168021,TRUE,FALSE,"consumption__long_2022__change","consumption_iv__consumption__long_2022__change"
0.0521494592357777,0.536067427211573,0.502767489905863,TRUE,FALSE,"consumption__long_2022__change","consumption_iv__consumption__long_2022__change"
0.0531151899623661,0.505261628550232,0.514620660886404,TRUE,FALSE,"consumption__long_2022__change","consumption_iv__consumption__long_2022__change"
0.0540809206889546,0.476174909052142,0.526341077109047,TRUE,FALSE,"consumption__long_2022__change","consumption_iv__consumption__long_2022__change"
0.0550466514155431,0.448705647494388,0.537923754232288,TRUE,FALSE,"consumption__long_2022__change","consumption_iv__consumption__long_2022__change"
0.0560123821421315,0.422758798055279,0.549364363994798,TRUE,FALSE,"consumption__long_2022__change","consumption_iv__consumption__long_2022__change"
0.05697811286872,0.398245440053929,0.560659192919977,TRUE,FALSE,"consumption__long_2022__change","consumption_iv__consumption__long_2022__change"
0.0579438435953085,0.375082358255822,0.571805101662084,TRUE,FALSE,"consumption__long_2022__change","consumption_iv__consumption__long_2022__change"
0.058909574321897,0.353191651996715,0.582799485286811,TRUE,FALSE,"consumption__long_2022__change","consumption_iv__consumption__long_2022__change"
0.0598753050484855,0.332500371394769,0.593640234721885,TRUE,FALSE,"consumption__long_2022__change","consumption_iv__consumption__long_2022__change"
0.0608410357750739,0.312940178961625,0.604325699561337,TRUE,FALSE,"consumption__long_2022__change","consumption_iv__consumption__long_2022__change"
0.0618067665016624,0.294447034976474,0.614854652362852,TRUE,FALSE,"consumption__long_2022__change","consumption_iv__consumption__long_2022__change"
0.0627724972282509,0.276960905053781,0.625226254537836,TRUE,FALSE,"consumption__long_2022__change","consumption_iv__consumption__long_2022__change"
0.0637382279548393,0.260425488406629,0.63544002390073,TRUE,FALSE,"consumption__long_2022__change","consumption_iv__consumption__long_2022__change"
0.0647039586814278,0.244787965384559,0.645495803915162,TRUE,FALSE,"consumption__long_2022__change","consumption_iv__consumption__long_2022__change"
0.0656696894080163,0.229998762942803,0.655393734650597,TRUE,FALSE,"consumption__long_2022__change","consumption_iv__consumption__long_2022__change"
0.0666354201346047,0.216011336778293,0.665134225443194,TRUE,FALSE,"consumption__long_2022__change","consumption_iv__consumption__long_2022__change"
0.0676011508611933,0.202781968946093,0.674717929237688,TRUE,FALSE,"consumption__long_2022__change","consumption_iv__consumption__long_2022__change"
0.0685668815877817,0.190269579844604,0.684145718574527,TRUE,FALSE,"consumption__long_2022__change","consumption_iv__consumption__long_2022__change"
0.0695326123143702,0.178435553532163,0.693418663175224,TRUE,FALSE,"consumption__long_2022__change","consumption_iv__consumption__long_2022__change"
0.0704983430409587,0.167243575406958,0.702538009071336,TRUE,FALSE,"consumption__long_2022__change","consumption_iv__consumption__long_2022__change"
0.0714640737675471,0.156659481349336,0.711505159216201,TRUE,FALSE,"consumption__long_2022__change","consumption_iv__consumption__long_2022__change"
0.0724298044941356,0.146651117488863,0.720321655514311,TRUE,FALSE,"consumption__long_2022__change","consumption_iv__consumption__long_2022__change"
0.0733955352207241,0.137188209818219,0.728989162200362,TRUE,FALSE,"consumption__long_2022__change","consumption_iv__consumption__long_2022__change"
0.0743612659473125,0.128242242932155,0.737509450498545,TRUE,FALSE,"consumption__long_2022__change","consumption_iv__consumption__long_2022__change"
0.075326996673901,0.119786347222323,0.74588438449207,TRUE,FALSE,"consumption__long_2022__change","consumption_iv__consumption__long_2022__change"
0.0762927274004895,0.111795193908095,0.754115908133251,TRUE,FALSE,"consumption__long_2022__change","consumption_iv__consumption__long_2022__change"
0.077258458127078,0.10424489732909,0.762206033325712,TRUE,FALSE,"consumption__long_2022__change","consumption_iv__consumption__long_2022__change"
0.0782241888536665,0.097112923968505,0.770156829011186,TRUE,FALSE,"consumption__long_2022__change","consumption_iv__consumption__long_2022__change"
0.0791899195802549,0.0903780077150278,0.77797041119642,TRUE,FALSE,"consumption__long_2022__change","consumption_iv__consumption__long_2022__change"
0.0801556503068434,0.0840200709091178,0.785648933856837,TRUE,FALSE,"consumption__long_2022__change","consumption_iv__consumption__long_2022__change"
0.0811213810334319,0.0780201507526142,0.793194580657164,TRUE,FALSE,"consumption__long_2022__change","consumption_iv__consumption__long_2022__change"
0.0820871117600203,0.0723603306930914,0.800609557431096,TRUE,FALSE,"consumption__long_2022__change","consumption_iv__consumption__long_2022__change"
0.0830528424866089,0.0670236764228866,0.807896085365809,TRUE,FALSE,"consumption__long_2022__change","consumption_iv__consumption__long_2022__change"
0.0840185732131973,0.0619941761608541,0.815056394838666,TRUE,FALSE,"consumption__long_2022__change","consumption_iv__consumption__long_2022__change"
0.0849843039397858,0.0572566849087366,0.822092719857927,TRUE,FALSE,"consumption__long_2022__change","consumption_iv__consumption__long_2022__change"
0.0859500346663743,0.0527968723982593,0.829007293060689,TRUE,FALSE,"consumption__long_2022__change","consumption_iv__consumption__long_2022__change"
0.0869157653929627,0.0486011744657582,0.835802341224971,TRUE,FALSE,"consumption__long_2022__change","consumption_iv__consumption__long_2022__change"
0.0878814961195512,0.0446567476112285,0.842480081255099,TRUE,FALSE,"consumption__long_2022__change","consumption_iv__consumption__long_2022__change"
0.0888472268461397,0.0409514265167321,0.849042716602434,TRUE,FALSE,"consumption__long_2022__change","consumption_iv__consumption__long_2022__change"
0.0898129575727281,0.0374736843159292,0.855492434086006,TRUE,FALSE,"consumption__long_2022__change","consumption_iv__consumption__long_2022__change"
0.0907786882993167,0.0342125954222612,0.86183140107962,TRUE,FALSE,"consumption__long_2022__change","consumption_iv__consumption__long_2022__change"
0.0917444190259051,0.0311578007372319,0.868061763034986,TRUE,FALSE,"consumption__long_2022__change","consumption_iv__consumption__long_2022__change"
0.0927101497524936,0.0282994750737385,0.874185641312169,TRUE,FALSE,"consumption__long_2022__change","consumption_iv__consumption__long_2022__change"
0.0936758804790821,0.0256282966416173,0.88020513129062,TRUE,FALSE,"consumption__long_2022__change","consumption_iv__consumption__long_2022__change"
0.0946416112056705,0.0231354184536117,0.886122300736453,TRUE,FALSE,"consumption__long_2022__change","consumption_iv__consumption__long_2022__change"
0.095607341932259,0.0208124415205625,0.89193918840309,TRUE,FALSE,"consumption__long_2022__change","consumption_iv__consumption__long_2022__change"
0.0965730726588475,0.0186513897140934,0.89765780284434,TRUE,FALSE,"consumption__long_2022__change","consumption_iv__consumption__long_2022__change"
0.0975388033854359,0.016644686184058,0.90328012142031,TRUE,FALSE,"consumption__long_2022__change","consumption_iv__consumption__long_2022__change"
0.0985045341120244,0.0147851312259675,0.908808089478568,TRUE,FALSE,"consumption__long_2022__change","consumption_iv__consumption__long_2022__change"
0.0994702648386129,0.0130658815014122,0.914243619693853,TRUE,FALSE,"consumption__long_2022__change","consumption_iv__consumption__long_2022__change"
0.100435995565201,0.0114804305213374,0.919588591551207,TRUE,FALSE,"consumption__long_2022__change","consumption_iv__consumption__long_2022__change"
0.10140172629179,0.0100225903084983,0.924844850958621,TRUE,FALSE,"consumption__long_2022__change","consumption_iv__consumption__long_2022__change"
0.102367457018378,0.00868647416139229,0.930014209976396,TRUE,FALSE,"consumption__long_2022__change","consumption_iv__consumption__long_2022__change"
0.103333187744967,0.00746648044746858,0.935098446651502,TRUE,FALSE,"consumption__long_2022__change","consumption_iv__consumption__long_2022__change"
0.104298918471555,0.00635727735855513,0.940099304945997,TRUE,FALSE,"consumption__long_2022__change","consumption_iv__consumption__long_2022__change"
0.105264649198144,0.00535378856604808,0.945018494749944,TRUE,FALSE,"consumption__long_2022__change","consumption_iv__consumption__long_2022__change"
0.106230379924732,0.00445117971792577,0.94985769196943,TRUE,FALSE,"consumption__long_2022__change","consumption_iv__consumption__long_2022__change"
0.107196110651321,0.00364484572353927,0.9546185386817,TRUE,FALSE,"consumption__long_2022__change","consumption_iv__consumption__long_2022__change"
0.108161841377909,0.00293039877595323,0.959302643349771,TRUE,FALSE,"consumption__long_2022__change","consumption_iv__consumption__long_2022__change"
0.109127572104498,0.0023036570650519,0.963911581089676,TRUE,FALSE,"consumption__long_2022__change","consumption_iv__consumption__long_2022__change"
0.110093302831086,0.00176063413784943,0.968446893983905,TRUE,FALSE,"consumption__long_2022__change","consumption_iv__consumption__long_2022__change"
0.111059033557675,0.0012975288653696,0.97291009143554,TRUE,FALSE,"consumption__long_2022__change","consumption_iv__consumption__long_2022__change"
0.112024764284263,0.000910715978264383,0.977302650557784,TRUE,FALSE,"consumption__long_2022__change","consumption_iv__consumption__long_2022__change"
0.112990495010852,0.000596737135884845,0.981626016594078,TRUE,FALSE,"consumption__long_2022__change","consumption_iv__consumption__long_2022__change"
0.11395622573744,0.000352292495873888,0.985881603364581,TRUE,FALSE,"consumption__long_2022__change","consumption_iv__consumption__long_2022__change"
0.114921956464029,0.000174232753561893,0.990070793735132,TRUE,FALSE,"consumption__long_2022__change","consumption_iv__consumption__long_2022__change"
0.115887687190617,5.95516224949918e-05,0.994194940105047,TRUE,FALSE,"consumption__long_2022__change","consumption_iv__consumption__long_2022__change"
0.116853417917205,5.37872930911623e-06,0.998255364910695,TRUE,FALSE,"consumption__long_2022__change","consumption_iv__consumption__long_2022__change"
0.117819148643794,8.972897940139e-06,0.997746638858077,TRUE,FALSE,"consumption__long_2022__change","consumption_iv__consumption__long_2022__change"
0.118784879370382,6.77157997917807e-05,0.993809807131513,TRUE,FALSE,"consumption__long_2022__change","consumption_iv__consumption__long_2022__change"
0.119750610096971,0.000179105948002441,0.989932904225439,TRUE,FALSE,"consumption__long_2022__change","consumption_iv__consumption__long_2022__change"
0.120716340823559,0.000340753015378455,0.986114722301149,TRUE,FALSE,"consumption__long_2022__change","consumption_iv__consumption__long_2022__change"
0.121682071550148,0.000550372456869435,0.982354080821465,TRUE,FALSE,"consumption__long_2022__change","consumption_iv__consumption__long_2022__change"
0.122647802276736,0.000805780418696788,0.978649826004621,TRUE,FALSE,"consumption__long_2022__change","consumption_iv__consumption__long_2022__change"
0.123613533003325,0.00110488891738115,0.975000830277584,TRUE,FALSE,"consumption__long_2022__change","consumption_iv__consumption__long_2022__change"
0.124579263729913,0.00144570127298213,0.971405991730126,TRUE,FALSE,"consumption__long_2022__change","consumption_iv__consumption__long_2022__change"
0.125544994456502,0.00182630778184995,0.96786423357091,TRUE,FALSE,"consumption__long_2022__change","consumption_iv__consumption__long_2022__change"
0.12651072518309,0.00224488161512446,0.964374503586549,TRUE,FALSE,"consumption__long_2022__change","consumption_iv__consumption__long_2022__change"
0.127476455909679,0.00269967493006236,0.9609357736047,TRUE,FALSE,"consumption__long_2022__change","consumption_iv__consumption__long_2022__change"
0.128442186636267,0.00318901518207932,0.957547038962017,TRUE,FALSE,"consumption__long_2022__change","consumption_iv__consumption__long_2022__change"
0.129407917362856,0.00371130162616446,0.954207317977591,TRUE,FALSE,"consumption__long_2022__change","consumption_iv__consumption__long_2022__change"
0.130373648089444,0.00426500199698691,0.950915651432651,TRUE,FALSE,"consumption__long_2022__change","consumption_iv__consumption__long_2022__change"
0.131339378816033,0.00484864935769635,0.947671102057009,TRUE,FALSE,"consumption__long_2022__change","consumption_iv__consumption__long_2022__change"
0.132305109542621,0.00546083910800791,0.944472754022788,TRUE,FALSE,"consumption__long_2022__change","consumption_iv__consumption__long_2022__change"
0.13327084026921,0.00610022614279293,0.941319712445585,TRUE,FALSE,"consumption__long_2022__change","consumption_iv__consumption__long_2022__change"
0.134236570995798,0.0067655221527865,0.938211102893904,TRUE,FALSE,"consumption__long_2022__change","consumption_iv__consumption__long_2022__change"
0.135202301722386,0.00745549305969294,0.93514607090671,TRUE,FALSE,"consumption__long_2022__change","consumption_iv__consumption__long_2022__change"
0.136168032448975,0.00816895657835677,0.932123781519386,TRUE,FALSE,"consumption__long_2022__change","consumption_iv__consumption__long_2022__change"
0.137133763175563,0.00890477989903427,0.92914341879858,TRUE,FALSE,"consumption__long_2022__change","consumption_iv__consumption__long_2022__change"
0.138099493902152,0.00966187748335071,0.92620418538574,TRUE,FALSE,"consumption__long_2022__change","consumption_iv__consumption__long_2022__change"
0.13906522462874,0.0104392089677627,0.923305302049776,TRUE,FALSE,"consumption__long_2022__change","consumption_iv__consumption__long_2022__change"
0.140030955355329,0.0112357771689004,0.920446007248403,TRUE,FALSE,"consumption__long_2022__change","consumption_iv__consumption__long_2022__change"
0.140996686081917,0.0120506261851855,0.917625556698966,TRUE,FALSE,"consumption__long_2022__change","consumption_iv__consumption__long_2022__change"
0.141962416808506,0.0128828395898112,0.914843222958026,TRUE,FALSE,"consumption__long_2022__change","consumption_iv__consumption__long_2022__change"
0.142928147535094,0.0137315387101634,0.912098295010142,TRUE,FALSE,"consumption__long_2022__change","consumption_iv__consumption__long_2022__change"
0.143893878261683,0.0145958809891489,0.909390077865797,TRUE,FALSE,"consumption__long_2022__change","consumption_iv__consumption__long_2022__change"
0.144859608988271,0.0154750584242698,0.906717892168069,TRUE,FALSE,"consumption__long_2022__change","consumption_iv__consumption__long_2022__change"
0.14582533971486,0.0163682960802657,0.904081073808456,TRUE,FALSE,"consumption__long_2022__change","consumption_iv__consumption__long_2022__change"
0.146791070441448,0.0172748506715963,0.901478973551523,TRUE,FALSE,"consumption__long_2022__change","consumption_iv__consumption__long_2022__change"
0.147756801168037,0.0181940092112071,0.898910956668202,TRUE,FALSE,"consumption__long_2022__change","consumption_iv__consumption__long_2022__change"
0.148722531894625,0.0191250877221155,0.896376402577854,TRUE,FALSE,"consumption__long_2022__change","consumption_iv__consumption__long_2022__change"
0.149688262621214,0.0200674300086737,0.893874704498821,TRUE,FALSE,"consumption__long_2022__change","consumption_iv__consumption__long_2022__change"
0.150653993347802,0.0210204064844377,0.89140526910748,TRUE,FALSE,"consumption__long_2022__change","consumption_iv__consumption__long_2022__change"
0.151619724074391,0.0219834130538741,0.888967516205436,TRUE,FALSE,"consumption__long_2022__change","consumption_iv__consumption__long_2022__change"
0.152585454800979,0.0229558700450947,0.88656087839502,TRUE,FALSE,"consumption__long_2022__change","consumption_iv__consumption__long_2022__change"
0.153551185527567,0.0239372211911131,0.884184800762819,TRUE,FALSE,"consumption__long_2022__change","consumption_iv__consumption__long_2022__change"
0.154516916254156,0.0249269326573119,0.881838740570858,TRUE,FALSE,"consumption__long_2022__change","consumption_iv__consumption__long_2022__change"
0.155482646980744,0.025924492112601,0.879522166955856,TRUE,FALSE,"consumption__long_2022__change","consumption_iv__consumption__long_2022__change"
0.156448377707333,0.0269294078424046,0.877234560635703,TRUE,FALSE,"consumption__long_2022__change","consumption_iv__consumption__long_2022__change"
0.157414108433921,0.0279412079011633,0.874975413623642,TRUE,FALSE,"consumption__long_2022__change","consumption_iv__consumption__long_2022__change"
0.15837983916051,0.0289594393026186,0.872744228949523,TRUE,FALSE,"consumption__long_2022__change","consumption_iv__consumption__long_2022__change"
0.159345569887098,0.0299836672459334,0.870540520388267,TRUE,FALSE,"consumption__long_2022__change","consumption_iv__consumption__long_2022__change"
0.160311300613687,0.0310134743759059,0.868363812195366,TRUE,FALSE,"consumption__long_2022__change","consumption_iv__consumption__long_2022__change"
0.161277031340275,0.0320484600757895,0.866213638848945,TRUE,FALSE,"consumption__long_2022__change","consumption_iv__consumption__long_2022__change"
0.162242762066864,0.0330882397909321,0.864089544798734,TRUE,FALSE,"consumption__long_2022__change","consumption_iv__consumption__long_2022__change"
0.163208492793452,0.0341324443819242,0.861991084221418,TRUE,FALSE,"consumption__long_2022__change","consumption_iv__consumption__long_2022__change"
0.164174223520041,0.0351807195058198,0.859917820782318,TRUE,FALSE,"consumption__long_2022__change","consumption_iv__consumption__long_2022__change"
0.165139954246629,0.0362327250240869,0.85786932740327,TRUE,FALSE,"consumption__long_2022__change","consumption_iv__consumption__long_2022__change"
0.166105684973218,0.0372881344359644,0.855845186036685,TRUE,FALSE,"consumption__long_2022__change","consumption_iv__consumption__long_2022__change"
0.167071415699806,0.0383466343362444,0.853844987445227,TRUE,FALSE,"consumption__long_2022__change","consumption_iv__consumption__long_2022__change"
0.168037146426395,0.0394079238960484,0.851868330987534,TRUE,FALSE,"consumption__long_2022__change","consumption_iv__consumption__long_2022__change"
0.169002877152983,0.04047171436577,0.849914824409371,TRUE,FALSE,"consumption__long_2022__change","consumption_iv__consumption__long_2022__change"
0.169968607879572,0.0415377285990259,0.84798408364033,TRUE,FALSE,"consumption__long_2022__change","consumption_iv__consumption__long_2022__change"
0.17093433860616,0.0426057005967313,0.84607573259577,TRUE,FALSE,"consumption__long_2022__change","consumption_iv__consumption__long_2022__change"
0.171900069332749,0.043675375070285,0.844189402984054,TRUE,FALSE,"consumption__long_2022__change","consumption_iv__consumption__long_2022__change"
0.172865800059337,0.0447465070230546,0.8423247341188,TRUE,FALSE,"consumption__long_2022__change","consumption_iv__consumption__long_2022__change"
0.173831530785925,0.0458188613493546,0.84048137273599,TRUE,FALSE,"consumption__long_2022__change","consumption_iv__consumption__long_2022__change"
0.174797261512514,0.0468922124500085,0.838658972816024,TRUE,FALSE,"consumption__long_2022__change","consumption_iv__consumption__long_2022__change"
0.175762992239102,0.047966343863907,0.836857195410274,TRUE,FALSE,"consumption__long_2022__change","consumption_iv__consumption__long_2022__change"
0.176728722965691,0.0490410479146839,0.835075708472342,TRUE,FALSE,"consumption__long_2022__change","consumption_iv__consumption__long_2022__change"
0.177694453692279,0.0501161253719503,0.833314186693651,TRUE,FALSE,"consumption__long_2022__change","consumption_iv__consumption__long_2022__change"
0.178660184418868,0.051191385126435,0.831572311343294,TRUE,FALSE,"consumption__long_2022__change","consumption_iv__consumption__long_2022__change"
0.179625915145456,0.0522666438782648,0.829849770112262,TRUE,FALSE,"consumption__long_2022__change","consumption_iv__consumption__long_2022__change"
0.180591645872045,0.0533417258380041,0.828146256961593,TRUE,FALSE,"consumption__long_2022__change","consumption_iv__consumption__long_2022__change"
0.181557376598633,0.0544164624397965,0.826461471974509,TRUE,FALSE,"consumption__long_2022__change","consumption_iv__consumption__long_2022__change"
0.182523107325222,0.0554906920660346,0.824795121212496,TRUE,FALSE,"consumption__long_2022__change","consumption_iv__consumption__long_2022__change"
0.18348883805181,0.0565642597831814,0.823146916575013,TRUE,FALSE,"consumption__long_2022__change","consumption_iv__consumption__long_2022__change"
0.184454568778399,0.0576370170880676,0.821516575663042,TRUE,FALSE,"consumption__long_2022__change","consumption_iv__consumption__long_2022__change"
0.185420299504987,0.0587088216644276,0.819903821646018,TRUE,FALSE,"consumption__long_2022__change","consumption_iv__consumption__long_2022__change"
0.186386030231576,0.0597795371490923,0.818308383132285,TRUE,FALSE,"consumption__long_2022__change","consumption_iv__consumption__long_2022__change"
0.187351760958164,0.0608490329074295,0.816729994042959,TRUE,FALSE,"consumption__long_2022__change","consumption_iv__consumption__long_2022__change"
0.188317491684753,0.0619171838176966,0.815168393489008,TRUE,FALSE,"consumption__long_2022__change","consumption_iv__consumption__long_2022__change"
0.189283222411341,0.0629838700638954,0.813623325651521,TRUE,FALSE,"consumption__long_2022__change","consumption_iv__consumption__long_2022__change"
0.19024895313793,0.0640489769367416,0.812094539665101,TRUE,FALSE,"consumption__long_2022__change","consumption_iv__consumption__long_2022__change"
0.191214683864518,0.0651123946424495,0.810581789504243,TRUE,FALSE,"consumption__long_2022__change","consumption_iv__consumption__long_2022__change"
0.192180414591106,0.0661740181189443,0.809084833872691,TRUE,FALSE,"consumption__long_2022__change","consumption_iv__consumption__long_2022__change"
0.193146145317695,0.0672337468593027,0.807603436095532,TRUE,FALSE,"consumption__long_2022__change","consumption_iv__consumption__long_2022__change"
-0.126003373683393,0.593636790024803,0.479257019567456,TRUE,FALSE,"consumption__long_2023__ancova","consumption_iv__consumption__long_2023__ancova"
-0.125373356814976,0.593915842441882,0.479159726478463,TRUE,FALSE,"consumption__long_2023__ancova","consumption_iv__consumption__long_2023__ancova"
-0.124743339946559,0.594196886155743,0.479061777016242,TRUE,FALSE,"consumption__long_2023__ancova","consumption_iv__consumption__long_2023__ancova"
-0.124113323078142,0.594479939125481,0.478963165707055,TRUE,FALSE,"consumption__long_2023__ancova","consumption_iv__consumption__long_2023__ancova"
-0.123483306209725,0.594765019435734,0.478863887047912,TRUE,FALSE,"consumption__long_2023__ancova","consumption_iv__consumption__long_2023__ancova"
-0.122853289341308,0.595052145294372,0.478763935507608,TRUE,FALSE,"consumption__long_2023__ancova","consumption_iv__consumption__long_2023__ancova"
-0.122223272472892,0.595341335029659,0.478663305527932,TRUE,FALSE,"consumption__long_2023__ancova","consumption_iv__consumption__long_2023__ancova"
-0.121593255604475,0.595632607087287,0.478561991524924,TRUE,FALSE,"consumption__long_2023__ancova","consumption_iv__consumption__long_2023__ancova"
-0.120963238736058,0.595925980027121,0.47845998789024,TRUE,FALSE,"consumption__long_2023__ancova","consumption_iv__consumption__long_2023__ancova"
-0.120333221867641,0.596221472519666,0.478357288992597,TRUE,FALSE,"consumption__long_2023__ancova","consumption_iv__consumption__long_2023__ancova"
-0.119703204999224,0.596519103342212,0.478253889179348,TRUE,FALSE,"consumption__long_2023__ancova","consumption_iv__consumption__long_2023__ancova"
-0.119073188130807,0.596818891374684,0.478149782778141,TRUE,FALSE,"consumption__long_2023__ancova","consumption_iv__consumption__long_2023__ancova"
-0.11844317126239,0.597120855595169,0.478044964098706,TRUE,FALSE,"consumption__long_2023__ancova","consumption_iv__consumption__long_2023__ancova"
-0.117813154393973,0.597425015075183,0.477939427434713,TRUE,FALSE,"consumption__long_2023__ancova","consumption_iv__consumption__long_2023__ancova"
-0.117183137525556,0.597731388974298,0.477833167065862,TRUE,FALSE,"consumption__long_2023__ancova","consumption_iv__consumption__long_2023__ancova"
-0.116553120657139,0.598039996534712,0.477726177259988,TRUE,FALSE,"consumption__long_2023__ancova","consumption_iv__consumption__long_2023__ancova"
-0.115923103788722,0.598350857075122,0.4776184522754,TRUE,FALSE,"consumption__long_2023__ancova","consumption_iv__consumption__long_2023__ancova"
-0.115293086920305,0.598663989984462,0.477509986363272,TRUE,FALSE,"consumption__long_2023__ancova","consumption_iv__consumption__long_2023__ancova"
-0.114663070051888,0.598979414714836,0.477400773770295,TRUE,FALSE,"consumption__long_2023__ancova","consumption_iv__consumption__long_2023__ancova"
-0.114033053183471,0.599297150774203,0.477290808741427,TRUE,FALSE,"consumption__long_2023__ancova","consumption_iv__consumption__long_2023__ancova"
-0.113403036315054,0.599617217718618,0.477180085522777,TRUE,FALSE,"consumption__long_2023__ancova","consumption_iv__consumption__long_2023__ancova"
-0.112773019446637,0.599939635143557,0.477068598364811,TRUE,FALSE,"consumption__long_2023__ancova","consumption_iv__consumption__long_2023__ancova"
-0.11214300257822,0.600264422675128,0.476956341525581,TRUE,FALSE,"consumption__long_2023__ancova","consumption_iv__consumption__long_2023__ancova"
-0.111512985709803,0.600591599960339,0.476843309274285,TRUE,FALSE,"consumption__long_2023__ancova","consumption_iv__consumption__long_2023__ancova"
-0.110882968841386,0.600921186656926,0.476729495894957,TRUE,FALSE,"consumption__long_2023__ancova","consumption_iv__consumption__long_2023__ancova"
-0.110252951972969,0.601253202422356,0.476614895690443,TRUE,FALSE,"consumption__long_2023__ancova","consumption_iv__consumption__long_2023__ancova"
-0.109622935104552,0.601587666902354,0.47649950298653,TRUE,FALSE,"consumption__long_2023__ancova","consumption_iv__consumption__long_2023__ancova"
-0.108992918236135,0.601924599718292,0.476383312136455,TRUE,FALSE,"consumption__long_2023__ancova","consumption_iv__consumption__long_2023__ancova"
-0.108362901367718,0.602264020454249,0.476266317525514,TRUE,FALSE,"consumption__long_2023__ancova","consumption_iv__consumption__long_2023__ancova"
-0.107732884499301,0.602605948642838,0.476148513576089,TRUE,FALSE,"consumption__long_2023__ancova","consumption_iv__consumption__long_2023__ancova"
-0.107102867630884,0.602950403750391,0.476029894752877,TRUE,FALSE,"consumption__long_2023__ancova","consumption_iv__consumption__long_2023__ancova"
-0.106472850762467,0.603297405161134,0.475910455568456,TRUE,FALSE,"consumption__long_2023__ancova","consumption_iv__consumption__long_2023__ancova"
-0.10584283389405,0.603646972160272,0.475790190589207,TRUE,FALSE,"consumption__long_2023__ancova","consumption_iv__consumption__long_2023__ancova"
-0.105212817025633,0.603999123916237,0.475669094441505,TRUE,FALSE,"consumption__long_2023__ancova","consumption_iv__consumption__long_2023__ancova"
-0.104582800157216,0.604353879461688,0.475547161818324,TRUE,FALSE,"consumption__long_2023__ancova","consumption_iv__consumption__long_2023__ancova"
-0.103952783288799,0.604711257673377,0.475424387486209,TRUE,FALSE,"consumption__long_2023__ancova","consumption_iv__consumption__long_2023__ancova"
-0.103322766420383,0.605071277250788,0.475300766292646,TRUE,FALSE,"consumption__long_2023__ancova","consumption_iv__consumption__long_2023__ancova"
-0.102692749551966,0.605433956693486,0.475176293173851,TRUE,FALSE,"consumption__long_2023__ancova","consumption_iv__consumption__long_2023__ancova"
-0.102062732683549,0.605799314277103,0.475050963163003,TRUE,FALSE,"consumption__long_2023__ancova","consumption_iv__consumption__long_2023__ancova"
-0.101432715815132,0.606167368027872,0.474924771398944,TRUE,FALSE,"consumption__long_2023__ancova","consumption_iv__consumption__long_2023__ancova"
-0.100802698946715,0.60653813569549,0.474797713135421,TRUE,FALSE,"consumption__long_2023__ancova","consumption_iv__consumption__long_2023__ancova"
-0.100172682078298,0.606911634724657,0.474669783750756,TRUE,FALSE,"consumption__long_2023__ancova","consumption_iv__consumption__long_2023__ancova"
-0.0995426652098807,0.607287882224612,0.474540978758157,TRUE,FALSE,"consumption__long_2023__ancova","consumption_iv__consumption__long_2023__ancova"
-0.0989126483414638,0.607666894937077,0.474411293816543,TRUE,FALSE,"consumption__long_2023__ancova","consumption_iv__consumption__long_2023__ancova"
-0.0982826314730468,0.608048689201967,0.474280724742091,TRUE,FALSE,"consumption__long_2023__ancova","consumption_iv__consumption__long_2023__ancova"
-0.0976526146046298,0.608433280921598,0.474149267520253,TRUE,FALSE,"consumption__long_2023__ancova","consumption_iv__consumption__long_2023__ancova"
-0.0970225977362129,0.608820685522217,0.474016918318647,TRUE,FALSE,"consumption__long_2023__ancova","consumption_iv__consumption__long_2023__ancova"
-0.0963925808677959,0.609210917913572,0.473883673500555,TRUE,FALSE,"consumption__long_2023__ancova","consumption_iv__consumption__long_2023__ancova"
-0.0957625639993789,0.60960399244603,0.473749529639224,TRUE,FALSE,"consumption__long_2023__ancova","consumption_iv__consumption__long_2023__ancova"
-0.095132547130962,0.609999922865086,0.47361448353298,TRUE,FALSE,"consumption__long_2023__ancova","consumption_iv__consumption__long_2023__ancova"
-0.094502530262545,0.610398722263368,0.473478532221152,TRUE,FALSE,"consumption__long_2023__ancova","consumption_iv__consumption__long_2023__ancova"
-0.093872513394128,0.610800403029519,0.473341673000987,TRUE,FALSE,"consumption__long_2023__ancova","consumption_iv__consumption__long_2023__ancova"
-0.093242496525711,0.611204976794483,0.473203903445382,TRUE,FALSE,"consumption__long_2023__ancova","consumption_iv__consumption__long_2023__ancova"
-0.0926124796572941,0.611612454374163,0.473065221421773,TRUE,FALSE,"consumption__long_2023__ancova","consumption_iv__consumption__long_2023__ancova"
-0.0919824627888771,0.612022845709089,0.472925625111972,TRUE,FALSE,"consumption__long_2023__ancova","consumption_iv__consumption__long_2023__ancova"
-0.0913524459204602,0.612436159800225,0.472785113033224,TRUE,FALSE,"consumption__long_2023__ancova","consumption_iv__consumption__long_2023__ancova"
-0.0907224290520432,0.612852404641411,0.472643684060321,TRUE,FALSE,"consumption__long_2023__ancova","consumption_iv__consumption__long_2023__ancova"
-0.0900924121836262,0.613271587147287,0.472501337449153,TRUE,FALSE,"consumption__long_2023__ancova","consumption_iv__consumption__long_2023__ancova"
-0.0894623953152092,0.613693713077549,0.472358072861406,TRUE,FALSE,"consumption__long_2023__ancova","consumption_iv__consumption__long_2023__ancova"
-0.0888323784467923,0.614118786956139,0.472213890390867,TRUE,FALSE,"consumption__long_2023__ancova","consumption_iv__consumption__long_2023__ancova"
-0.0882023615783753,0.614546811986339,0.472068790590997,TRUE,FALSE,"consumption__long_2023__ancova","consumption_iv__consumption__long_2023__ancova"
-0.0875723447099584,0.614977789960308,0.471922774504278,TRUE,FALSE,"consumption__long_2023__ancova","consumption_iv__consumption__long_2023__ancova"
-0.0869423278415414,0.615411721163615,0.471775843693105,TRUE,FALSE,"consumption__long_2023__ancova","consumption_iv__consumption__long_2023__ancova"
-0.0863123109731244,0.615848604273873,0.47162800027255,TRUE,FALSE,"consumption__long_2023__ancova","consumption_iv__consumption__long_2023__ancova"
-0.0856822941047075,0.616288436253698,0.471479246944888,TRUE,FALSE,"consumption__long_2023__ancova","consumption_iv__consumption__long_2023__ancova"
-0.0850522772362905,0.616731212237142,0.471329587036171,TRUE,FALSE,"consumption__long_2023__ancova","consumption_iv__consumption__long_2023__ancova"
-0.0844222603678735,0.617176925409324,0.471179024534941,TRUE,FALSE,"consumption__long_2023__ancova","consumption_iv__consumption__long_2023__ancova"
-0.0837922434994565,0.61762556687913,0.471027564133092,TRUE,FALSE,"consumption__long_2023__ancova","consumption_iv__consumption__long_2023__ancova"
-0.0831622266310396,0.618077125544169,0.470875211269166,TRUE,FALSE,"consumption__long_2023__ancova","consumption_iv__consumption__long_2023__ancova"
-0.0825322097626226,0.61853158794795,0.470721972174057,TRUE,FALSE,"consumption__long_2023__ancova","consumption_iv__consumption__long_2023__ancova"
-0.0819021928942057,0.618988938128199,0.470567853919508,TRUE,FALSE,"consumption__long_2023__ancova","consumption_iv__consumption__long_2023__ancova"
-0.0812721760257887,0.619449157456297,0.470412864469348,TRUE,FALSE,"consumption__long_2023__ancova","consumption_iv__consumption__long_2023__ancova"
-0.0806421591573717,0.619912224467287,0.470257012733677,TRUE,FALSE,"consumption__long_2023__ancova","consumption_iv__consumption__long_2023__ancova"
-0.0800121422889548,0.62037811467942,0.47010030862631,TRUE,FALSE,"consumption__long_2023__ancova","consumption_iv__consumption__long_2023__ancova"
-0.0793821254205378,0.620846800403057,0.469942763125529,TRUE,FALSE,"consumption__long_2023__ancova","consumption_iv__consumption__long_2023__ancova"
-0.0787521085521208,0.621318250537878,0.469784388338471,TRUE,FALSE,"consumption__long_2023__ancova","consumption_iv__consumption__long_2023__ancova"
-0.0781220916837039,0.621792430358138,0.469625197569231,TRUE,FALSE,"consumption__long_2023__ancova","consumption_iv__consumption__long_2023__ancova"
-0.0774920748152869,0.622269301284757,0.469465205391057,TRUE,FALSE,"consumption__long_2023__ancova","consumption_iv__consumption__long_2023__ancova"
-0.0768620579468699,0.622748820643795,0.46930442772277,TRUE,FALSE,"consumption__long_2023__ancova","consumption_iv__consumption__long_2023__ancova"
-0.076232041078453,0.62323094140977,0.469142881909898,TRUE,FALSE,"consumption__long_2023__ancova","consumption_iv__consumption__long_2023__ancova"
-0.075602024210036,0.623715611934211,0.468980586810379,TRUE,FALSE,"consumption__long_2023__ancova","consumption_iv__consumption__long_2023__ancova"
-0.074972007341619,0.624202775656832,0.46881756288567,TRUE,FALSE,"consumption__long_2023__ancova","consumption_iv__consumption__long_2023__ancova"
-0.0743419904732021,0.624692370799585,0.468653832297163,TRUE,FALSE,"consumption__long_2023__ancova","consumption_iv__consumption__long_2023__ancova"
-0.0737119736047851,0.62518433004165,0.468489419008509,TRUE,FALSE,"consumption__long_2023__ancova","consumption_iv__consumption__long_2023__ancova"
-0.0730819567363681,0.625678580174592,0.46832434889411,TRUE,FALSE,"consumption__long_2023__ancova","consumption_iv__consumption__long_2023__ancova"
-0.0724519398679512,0.626175041736364,0.468158649854154,TRUE,FALSE,"consumption__long_2023__ancova","consumption_iv__consumption__long_2023__ancova"
-0.0718219229995342,0.626673628622349,0.467992351936791,TRUE,FALSE,"consumption__long_2023__ancova","consumption_iv__consumption__long_2023__ancova"
-0.0711919061311172,0.627174247672697,0.467825487467654,TRUE,FALSE,"consumption__long_2023__ancova","consumption_iv__consumption__long_2023__ancova"
-0.0705618892627003,0.627676798233693,0.467658091187444,TRUE,FALSE,"consumption__long_2023__ancova","consumption_iv__consumption__long_2023__ancova"
-0.0699318723942833,0.628181171692056,0.46749020039792,TRUE,FALSE,"consumption__long_2023__ancova","consumption_iv__consumption__long_2023__ancova"
-0.0693018555258663,0.628687250979878,0.467321855117004,TRUE,FALSE,"consumption__long_2023__ancova","consumption_iv__consumption__long_2023__ancova"
-0.0686718386574494,0.62919491004872,0.467153098243469,TRUE,FALSE,"consumption__long_2023__ancova","consumption_iv__consumption__long_2023__ancova"
-0.0680418217890324,0.629704013310465,0.466983975731971,TRUE,FALSE,"consumption__long_2023__ancova","consumption_iv__consumption__long_2023__ancova"
-0.0674118049206154,0.630214415043023,0.466814536779004,TRUE,FALSE,"consumption__long_2023__ancova","consumption_iv__consumption__long_2023__ancova"
-0.0667817880521985,0.630725958758465,0.46664483402055,TRUE,FALSE,"consumption__long_2023__ancova","consumption_iv__consumption__long_2023__ancova"
-0.0661517711837815,0.631238476530881,0.466474923742292,TRUE,FALSE,"consumption__long_2023__ancova","consumption_iv__consumption__long_2023__ancova"
-0.0655217543153645,0.631751788281602,0.466304866103101,TRUE,FALSE,"consumption__long_2023__ancova","consumption_iv__consumption__long_2023__ancova"
-0.0648917374469476,0.632265701018716,0.466134725372813,TRUE,FALSE,"consumption__long_2023__ancova","consumption_iv__consumption__long_2023__ancova"
-0.0642617205785306,0.632780008027933,0.465964570185187,TRUE,FALSE,"consumption__long_2023__ancova","consumption_iv__consumption__long_2023__ancova"
-0.0636317037101136,0.633294488011299,0.4657944738072,TRUE,FALSE,"consumption__long_2023__ancova","consumption_iv__consumption__long_2023__ancova"
-0.0630016868416967,0.633808904170777,0.465624514425602,TRUE,FALSE,"consumption__long_2023__ancova","consumption_iv__consumption__long_2023__ancova"
-0.0623716699732797,0.634323003231912,0.465454775452278,TRUE,FALSE,"consumption__long_2023__ancova","consumption_iv__consumption__long_2023__ancova"
-0.0617416531048627,0.634836514404872,0.465285345849292,TRUE,FALSE,"consumption__long_2023__ancova","consumption_iv__consumption__long_2023__ancova"
-0.0611116362364458,0.635349148277514,0.465116320475333,TRUE,FALSE,"consumption__long_2023__ancova","consumption_iv__consumption__long_2023__ancova"
-0.0604816193680288,0.635860595636374,0.46494780045489,TRUE,FALSE,"consumption__long_2023__ancova","consumption_iv__consumption__long_2023__ancova"
-0.0598516024996118,0.636370526210251,0.464779893571906,TRUE,FALSE,"consumption__long_2023__ancova","consumption_iv__consumption__long_2023__ancova"
-0.0592215856311949,0.636878587331757,0.464612714689409,TRUE,FALSE,"consumption__long_2023__ancova","consumption_iv__consumption__long_2023__ancova"
-0.0585915687627779,0.637384402510271,0.464446386197288,TRUE,FALSE,"consumption__long_2023__ancova","consumption_iv__consumption__long_2023__ancova"
-0.0579615518943609,0.637887569910981,0.464281038489963,TRUE,FALSE,"consumption__long_2023__ancova","consumption_iv__consumption__long_2023__ancova"
-0.057331535025944,0.638387660733173,0.464116810476223,TRUE,FALSE,"consumption__long_2023__ancova","consumption_iv__consumption__long_2023__ancova"
-0.056701518157527,0.638884217480676,0.463953850123597,TRUE,FALSE,"consumption__long_2023__ancova","consumption_iv__consumption__long_2023__ancova"
-0.05607150128911,0.639376752117376,0.463792315039655,TRUE,FALSE,"consumption__long_2023__ancova","consumption_iv__consumption__long_2023__ancova"
-0.0554414844206931,0.6398647440995,0.463632373093021,TRUE,FALSE,"consumption__long_2023__ancova","consumption_iv__consumption__long_2023__ancova"
-0.0548114675522761,0.640347638276219,0.463474203076997,TRUE,FALSE,"consumption__long_2023__ancova","consumption_iv__consumption__long_2023__ancova"
-0.0541814506838591,0.640824842649446,0.463317995418922,TRUE,FALSE,"consumption__long_2023__ancova","consumption_iv__consumption__long_2023__ancova"
-0.0535514338154422,0.64129572598309,0.463163952938632,TRUE,FALSE,"consumption__long_2023__ancova","consumption_iv__consumption__long_2023__ancova"
-0.0529214169470252,0.641759615251173,0.463012291659718,TRUE,FALSE,"consumption__long_2023__ancova","consumption_iv__consumption__long_2023__ancova"
-0.0522914000786082,0.642215792913483,0.46286324167757,TRUE,FALSE,"consumption__long_2023__ancova","consumption_iv__consumption__long_2023__ancova"
-0.0516613832101913,0.642663494007505,0.462717048088209,TRUE,FALSE,"consumption__long_2023__ancova","consumption_iv__consumption__long_2023__ancova"
-0.0510313663417743,0.643101903042569,0.462573971982937,TRUE,FALSE,"consumption__long_2023__ancova","consumption_iv__consumption__long_2023__ancova"
-0.0504013494733573,0.643530150683919,0.462434291513299,TRUE,FALSE,"consumption__long_2023__ancova","consumption_iv__consumption__long_2023__ancova"
-0.0497713326049404,0.643947310211308,0.462298303031988,TRUE,FALSE,"consumption__long_2023__ancova","consumption_iv__consumption__long_2023__ancova"
-0.0491413157365234,0.644352393736409,0.462166322315522,TRUE,FALSE,"consumption__long_2023__ancova","consumption_iv__consumption__long_2023__ancova"
-0.0485112988681064,0.644744348163579,0.462038685874577,TRUE,FALSE,"consumption__long_2023__ancova","consumption_iv__consumption__long_2023__ancova"
-0.0478812819996895,0.645122050874772,0.461915752359242,TRUE,FALSE,"consumption__long_2023__ancova","consumption_iv__consumption__long_2023__ancova"
-0.0472512651312725,0.645484305121178,0.46179790406603,TRUE,FALSE,"consumption__long_2023__ancova","consumption_iv__consumption__long_2023__ancova"
-0.0466212482628555,0.64582983510093,0.461685548554776,TRUE,FALSE,"consumption__long_2023__ancova","consumption_iv__consumption__long_2023__ancova"
-0.0459912313944386,0.646157280701805,0.461579120383889,TRUE,FALSE,"consumption__long_2023__ancova","consumption_iv__consumption__long_2023__ancova"
-0.0453612145260216,0.646465191886824,0.461479082973064,TRUE,FALSE,"consumption__long_2023__ancova","consumption_iv__consumption__long_2023__ancova"
-0.0447311976576046,0.646752022698379,0.461385930603598,TRUE,FALSE,"consumption__long_2023__ancova","consumption_iv__consumption__long_2023__ancova"
-0.0441011807891877,0.647016124856952,0.461300190566692,TRUE,FALSE,"consumption__long_2023__ancova","consumption_iv__consumption__long_2023__ancova"
-0.0434711639207707,0.647255740926482,0.461222425471856,TRUE,FALSE,"consumption__long_2023__ancova","consumption_iv__consumption__long_2023__ancova"
-0.0428411470523537,0.647468997020416,0.461153235727375,TRUE,FALSE,"consumption__long_2023__ancova","consumption_iv__consumption__long_2023__ancova"
-0.0422111301839368,0.64765389501795,0.461093262206847,TRUE,FALSE,"consumption__long_2023__ancova","consumption_iv__consumption__long_2023__ancova"
-0.0415811133155198,0.647808304260791,0.461043189116193,TRUE,FALSE,"consumption__long_2023__ancova","consumption_iv__consumption__long_2023__ancova"
-0.0409510964471028,0.647929952699415,0.461003747076746,TRUE,FALSE,"consumption__long_2023__ancova","consumption_iv__consumption__long_2023__ancova"
-0.0403210795786859,0.648016417454538,0.460975716441958,TRUE,FALSE,"consumption__long_2023__ancova","consumption_iv__consumption__long_2023__ancova"
-0.0396910627102689,0.648065114762244,0.460959930865398,TRUE,FALSE,"consumption__long_2023__ancova","consumption_iv__consumption__long_2023__ancova"
-0.0390610458418519,0.64807328926673,0.46095728114035,TRUE,FALSE,"consumption__long_2023__ancova","consumption_iv__consumption__long_2023__ancova"
-0.038431028973435,0.648038002626482,0.460968719332042,TRUE,FALSE,"consumption__long_2023__ancova","consumption_iv__consumption__long_2023__ancova"
-0.037801012105018,0.647956121398752,0.460995263225417,TRUE,FALSE,"consumption__long_2023__ancova","consumption_iv__consumption__long_2023__ancova"
-0.037170995236601,0.647824304166874,0.461038001113252,TRUE,FALSE,"consumption__long_2023__ancova","consumption_iv__consumption__long_2023__ancova"
-0.0365409783681841,0.647638987876994,0.4610980969508,TRUE,FALSE,"consumption__long_2023__ancova","consumption_iv__consumption__long_2023__ancova"
-0.0359109614997671,0.647396373350698,0.461176795905538,TRUE,FALSE,"consumption__long_2023__ancova","consumption_iv__consumption__long_2023__ancova"
-0.0352809446313501,0.647092409943383,0.461275430332219,TRUE,FALSE,"consumption__long_2023__ancova","consumption_iv__consumption__long_2023__ancova"
-0.0346509277629332,0.646722779320658,0.461395426205735,TRUE,FALSE,"consumption__long_2023__ancova","consumption_iv__consumption__long_2023__ancova"
-0.0340209108945162,0.646282878329417,0.461538310046425,TRUE,FALSE,"consumption__long_2023__ancova","consumption_iv__consumption__long_2023__ancova"
-0.0333908940260992,0.645767800946371,0.461705716374562,TRUE,FALSE,"consumption__long_2023__ancova","consumption_iv__consumption__long_2023__ancova"
-0.0327608771576823,0.64517231929378,0.461899395733137,TRUE,FALSE,"consumption__long_2023__ancova","consumption_iv__consumption__long_2023__ancova"
-0.0321308602892653,0.644490863721623,0.46212122332026,TRUE,FALSE,"consumption__long_2023__ancova","consumption_iv__consumption__long_2023__ancova"
-0.0315008434208483,0.643717501967407,0.462373208274681,TRUE,FALSE,"consumption__long_2023__ancova","consumption_iv__consumption__long_2023__ancova"
-0.0308708265524314,0.642845917419011,0.462657503660196,TRUE,FALSE,"consumption__long_2023__ancova","consumption_iv__consumption__long_2023__ancova"
-0.0302408096840144,0.641869386524095,0.462976417196576,TRUE,FALSE,"consumption__long_2023__ancova","consumption_iv__consumption__long_2023__ancova"
-0.0296107928155974,0.640780755411805,0.463332422786315,TRUE,FALSE,"consumption__long_2023__ancova","consumption_iv__consumption__long_2023__ancova"
-0.0289807759471805,0.639572415817609,0.463728172888255,TRUE,FALSE,"consumption__long_2023__ancova","consumption_iv__consumption__long_2023__ancova"
-0.0283507590787635,0.638236280434478,0.464166511789843,TRUE,FALSE,"consumption__long_2023__ancova","consumption_iv__consumption__long_2023__ancova"
-0.0277207422103465,0.636763757851031,0.46465048983019,TRUE,FALSE,"consumption__long_2023__ancova","consumption_iv__consumption__long_2023__ancova"
-0.0270907253419296,0.635145727281037,0.465183378625852,TRUE,FALSE,"consumption__long_2023__ancova","consumption_iv__consumption__long_2023__ancova"
-0.0264607084735126,0.633372513341518,0.465768687349681,TRUE,FALSE,"consumption__long_2023__ancova","consumption_iv__consumption__long_2023__ancova"
-0.0258306916050956,0.6314338611974,0.46641018011051,TRUE,FALSE,"consumption__long_2023__ancova","consumption_iv__consumption__long_2023__ancova"
-0.0252006747366787,0.629318912462473,0.467111894476954,TRUE,FALSE,"consumption__long_2023__ancova","consumption_iv__consumption__long_2023__ancova"
-0.0245706578682617,0.627016182327883,0.467878161182608,TRUE,FALSE,"consumption__long_2023__ancova","consumption_iv__consumption__long_2023__ancova"
-0.0239406409998447,0.624513538484509,0.468713625041081,TRUE,FALSE,"consumption__long_2023__ancova","consumption_iv__consumption__long_2023__ancova"
-0.0233106241314278,0.621798182515102,0.46962326708715,TRUE,FALSE,"consumption__long_2023__ancova","consumption_iv__consumption__long_2023__ancova"
-0.0226806072630108,0.618856634552204,0.470612427945881,TRUE,FALSE,"consumption__long_2023__ancova","consumption_iv__consumption__long_2023__ancova"
-0.0220505903945938,0.615674722139906,0.471686832410657,TRUE,FALSE,"consumption__long_2023__ancova","consumption_iv__consumption__long_2023__ancova"
-0.0214205735261769,0.612237574388357,0.472852615187295,TRUE,FALSE,"consumption__long_2023__ancova","consumption_iv__consumption__long_2023__ancova"
-0.0207905566577599,0.60852962268408,0.474116347729232,TRUE,FALSE,"consumption__long_2023__ancova","consumption_iv__consumption__long_2023__ancova"
-0.0201605397893429,0.604534609403893,0.475485066050962,TRUE,FALSE,"consumption__long_2023__ancova","consumption_iv__consumption__long_2023__ancova"
-0.019530522920926,0.60023560628284,0.476966299359547,TRUE,FALSE,"consumption__long_2023__ancova","consumption_iv__consumption__long_2023__ancova"
-0.018900506052509,0.595615044299683,0.47856809928731,TRUE,FALSE,"consumption__long_2023__ancova","consumption_iv__consumption__long_2023__ancova"
-0.018270489184092,0.590654757167513,0.480299069439984,TRUE,FALSE,"consumption__long_2023__ancova","consumption_iv__consumption__long_2023__ancova"
-0.0176404723156751,0.58533604074031,0.482168394894017,TRUE,FALSE,"consumption__long_2023__ancova","consumption_iv__consumption__long_2023__ancova"
-0.0170104554472581,0.579639730870509,0.484185871179612,TRUE,FALSE,"consumption__long_2023__ancova","consumption_iv__consumption__long_2023__ancova"
-0.0163804385788411,0.573546302453655,0.486361932175537,TRUE,FALSE,"consumption__long_2023__ancova","consumption_iv__consumption__long_2023__ancova"
-0.0157504217104242,0.56703599257865,0.488707676209848,TRUE,FALSE,"consumption__long_2023__ancova","consumption_iv__consumption__long_2023__ancova"
-0.0151204048420072,0.56008895082583,0.491234889514274,TRUE,FALSE,"consumption__long_2023__ancova","consumption_iv__consumption__long_2023__ancova"
-0.0144903879735902,0.552685419823151,0.493956066009616,TRUE,FALSE,"consumption__long_2023__ancova","consumption_iv__consumption__long_2023__ancova"
-0.0138603711051733,0.544805949134328,0.496884422213213,TRUE,FALSE,"consumption__long_2023__ancova","consumption_iv__consumption__long_2023__ancova"
-0.0132303542367563,0.536431645399082,0.50003390585191,TRUE,FALSE,"consumption__long_2023__ancova","consumption_iv__consumption__long_2023__ancova"
-0.0126003373683393,0.527544461328572,0.503419196541513,TRUE,FALSE,"consumption__long_2023__ancova","consumption_iv__consumption__long_2023__ancova"
-0.0119703204999224,0.518127525646356,0.507055696658409,TRUE,FALSE,"consumption__long_2023__ancova","consumption_iv__consumption__long_2023__ancova"
-0.0113403036315054,0.508165515312677,0.510959510288882,TRUE,FALSE,"consumption__long_2023__ancova","consumption_iv__consumption__long_2023__ancova"
-0.0107102867630884,0.497645070341302,0.515147407904669,TRUE,FALSE,"consumption__long_2023__ancova","consumption_iv__consumption__long_2023__ancova"
-0.0100802698946715,0.486555250170461,0.519636774194926,TRUE,FALSE,"consumption__long_2023__ancova","consumption_iv__consumption__long_2023__ancova"
-0.0094502530262545,0.474888028859491,0.524445536300039,TRUE,FALSE,"consumption__long_2023__ancova","consumption_iv__consumption__long_2023__ancova"
-0.00882023615783754,0.462638824330466,0.529592069565018,TRUE,FALSE,"consumption__long_2023__ancova","consumption_iv__consumption__long_2023__ancova"
-0.00819021928942057,0.449807054460513,0.53509507788777,TRUE,FALSE,"consumption__long_2023__ancova","consumption_iv__consumption__long_2023__ancova"
-0.00756020242100361,0.436396710096794,0.540973445807816,TRUE,FALSE,"consumption__long_2023__ancova","consumption_iv__consumption__long_2023__ancova"
-0.00693018555258663,0.422416932061794,0.54724605970712,TRUE,FALSE,"consumption__long_2023__ancova","consumption_iv__consumption__long_2023__ancova"
-0.00630016868416967,0.407882576066136,0.553931595908772,TRUE,FALSE,"consumption__long_2023__ancova","consumption_iv__consumption__long_2023__ancova"
-0.0056701518157527,0.392814746300599,0.56104827410301,TRUE,FALSE,"consumption__long_2023__ancova","consumption_iv__consumption__long_2023__ancova"
-0.00504013494733574,0.377241275536122,0.568613575444023,TRUE,FALSE,"consumption__long_2023__ancova","consumption_iv__consumption__long_2023__ancova"
-0.00441011807891878,0.361197127098647,0.576643925863271,TRUE,FALSE,"consumption__long_2023__ancova","consumption_iv__consumption__long_2023__ancova"
-0.0037801012105018,0.344724692373283,0.585154346661743,TRUE,FALSE,"consumption__long_2023__ancova","consumption_iv__consumption__long_2023__ancova"
-0.00315008434208484,0.327873956868129,0.594158076258008,TRUE,FALSE,"consumption__long_2023__ancova","consumption_iv__consumption__long_2023__ancova"
-0.00252006747366787,0.310702508632122,0.603666169052093,TRUE,FALSE,"consumption__long_2023__ancova","consumption_iv__consumption__long_2023__ancova"
-0.00189005060525091,0.29327536525141,0.613687079645765,TRUE,FALSE,"consumption__long_2023__ancova","consumption_iv__consumption__long_2023__ancova"
-0.00126003373683393,0.275664599947189,0.62422624302419,TRUE,FALSE,"consumption__long_2023__ancova","consumption_iv__consumption__long_2023__ancova"
-0.00063001686841696,0.257948753525421,0.635285663608305,TRUE,FALSE,"consumption__long_2023__ancova","consumption_iv__consumption__long_2023__ancova"
0,0.240212027016824,0.646863528131936,TRUE,FALSE,"consumption__long_2023__ancova","consumption_iv__consumption__long_2023__ancova"
0.00063001686841696,0.222543259502542,0.658953858873738,TRUE,FALSE,"consumption__long_2023__ancova","consumption_iv__consumption__long_2023__ancova"
0.00126003373683392,0.205034706379355,0.671546224647625,TRUE,FALSE,"consumption__long_2023__ancova","consumption_iv__consumption__long_2023__ancova"
0.00189005060525088,0.187780644515509,0.684625526909442,TRUE,FALSE,"consumption__long_2023__ancova","consumption_iv__consumption__long_2023__ancova"
0.00252006747366787,0.170875841569897,0.698171877201188,TRUE,FALSE,"consumption__long_2023__ancova","consumption_iv__consumption__long_2023__ancova"
0.00315008434208483,0.15441393631271,0.712160579821743,TRUE,FALSE,"consumption__long_2023__ancova","consumption_iv__consumption__long_2023__ancova"
0.00378010121050179,0.138485784223481,0.72656223008138,TRUE,FALSE,"consumption__long_2023__ancova","consumption_iv__consumption__long_2023__ancova"
0.00441011807891875,0.123177827188259,0.741342933889334,TRUE,FALSE,"consumption__long_2023__ancova","consumption_iv__consumption__long_2023__ancova"
0.00504013494733574,0.108570547236525,0.756464648974621,TRUE,FALSE,"consumption__long_2023__ancova","consumption_iv__consumption__long_2023__ancova"
0.0056701518157527,0.0947370616908288,0.771885642111832,TRUE,FALSE,"consumption__long_2023__ancova","consumption_iv__consumption__long_2023__ancova"
0.00630016868416966,0.0817419109333393,0.787561050756611,TRUE,FALSE,"consumption__long_2023__ancova","consumption_iv__consumption__long_2023__ancova"
0.00693018555258662,0.069640080650113,0.803443531968849,TRUE,FALSE,"consumption__long_2023__ancova","consumption_iv__consumption__long_2023__ancova"
0.00756020242100358,0.0584762886175838,0.819483976880368,TRUE,FALSE,"consumption__long_2023__ancova","consumption_iv__consumption__long_2023__ancova"
0.00819021928942057,0.0482845527833838,0.835632265645319,TRUE,FALSE,"consumption__long_2023__ancova","consumption_iv__consumption__long_2023__ancova"
0.00882023615783753,0.039088043619457,0.851838036060877,TRUE,FALSE,"consumption__long_2023__ancova","consumption_iv__consumption__long_2023__ancova"
0.00945025302625449,0.030899210523544,0.86805143898896,TRUE,FALSE,"consumption__long_2023__ancova","consumption_iv__consumption__long_2023__ancova"
0.0100802698946715,0.0237201603396018,0.88422385529635,TRUE,FALSE,"consumption__long_2023__ancova","consumption_iv__consumption__long_2023__ancova"
0.0107102867630884,0.0175432565714676,0.900308552062491,TRUE,FALSE,"consumption__long_2023__ancova","consumption_iv__consumption__long_2023__ancova"
0.0113403036315054,0.0123519010305484,0.916261259961943,TRUE,FALSE,"consumption__long_2023__ancova","consumption_iv__consumption__long_2023__ancova"
0.0119703204999224,0.00812145566666703,0.932040658611605,TRUE,FALSE,"consumption__long_2023__ancova","consumption_iv__consumption__long_2023__ancova"
0.0126003373683393,0.00482026110054951,0.947608761858316,TRUE,FALSE,"consumption__long_2023__ancova","consumption_iv__consumption__long_2023__ancova"
0.0132303542367563,0.00241070961389666,0.962931200067897,TRUE,FALSE,"consumption__long_2023__ancova","consumption_iv__consumption__long_2023__ancova"
0.0138603711051733,0.000850333614830473,0.977977401120914,TRUE,FALSE,"consumption__long_2023__ancova","consumption_iv__consumption__long_2023__ancova"
0.0144903879735902,9.28753555664218e-05,0.992720675767649,TRUE,FALSE,"consumption__long_2023__ancova","consumption_iv__consumption__long_2023__ancova"
0.0151204048420072,8.930938786424e-05,0.992861783913557,TRUE,FALSE,"consumption__long_2023__ancova","consumption_iv__consumption__long_2023__ancova"
0.0157504217104242,0.000788795385083231,0.978788982030467,TRUE,FALSE,"consumption__long_2023__ancova","consumption_iv__consumption__long_2023__ancova"
0.0163804385788411,0.0021395450941082,0.965076260160407,TRUE,FALSE,"consumption__long_2023__ancova","consumption_iv__consumption__long_2023__ancova"
0.0170104554472581,0.00408959295324978,0.951735489726474,TRUE,FALSE,"consumption__long_2023__ancova","consumption_iv__consumption__long_2023__ancova"
0.0176404723156751,0.00658746507323011,0.938775303000947,TRUE,FALSE,"consumption__long_2023__ancova","consumption_iv__consumption__long_2023__ancova"
0.018270489184092,0.00958274567269617,0.926201351015968,TRUE,FALSE,"consumption__long_2023__ancova","consumption_iv__consumption__long_2023__ancova"
0.018900506052509,0.0130265436188416,0.914016577785784,TRUE,FALSE,"consumption__long_2023__ancova","consumption_iv__consumption__long_2023__ancova"
0.019530522920926,0.0168718644473832,0.902221501607791,TRUE,FALSE,"consumption__long_2023__ancova","consumption_iv__consumption__long_2023__ancova"
0.0201605397893429,0.0210738951769587,0.890814495680993,TRUE,FALSE,"consumption__long_2023__ancova","consumption_iv__consumption__long_2023__ancova"
0.0207905566577599,0.0255902104745934,0.879792061766545,TRUE,FALSE,"consumption__long_2023__ancova","consumption_iv__consumption__long_2023__ancova"
0.0214205735261769,0.0303809093784949,0.86914909202899,TRUE,FALSE,"consumption__long_2023__ancova","consumption_iv__consumption__long_2023__ancova"
0.0220505903945938,0.035408691950706,0.85887911549493,TRUE,FALSE,"consumption__long_2023__ancova","consumption_iv__consumption__long_2023__ancova"
0.0226806072630108,0.040638885025733,0.848974526709251,TRUE,FALSE,"consumption__long_2023__ancova","consumption_iv__consumption__long_2023__ancova"
0.0233106241314278,0.0460394257417931,0.839426795144861,TRUE,FALSE,"consumption__long_2023__ancova","consumption_iv__consumption__long_2023__ancova"
0.0239406409998447,0.0515808108750889,0.830226654730186,TRUE,FALSE,"consumption__long_2023__ancova","consumption_iv__consumption__long_2023__ancova"
0.0245706578682617,0.0572360192209627,0.821364273501374,TRUE,FALSE,"consumption__long_2023__ancova","consumption_iv__consumption__long_2023__ancova"
0.0252006747366786,0.0629804134339124,0.81282940388486,TRUE,FALSE,"consumption__long_2023__ancova","consumption_iv__consumption__long_2023__ancova"
0.0258306916050956,0.0687916269010208,0.804611514480272,TRUE,FALSE,"consumption__long_2023__ancova","consumption_iv__consumption__long_2023__ancova"
0.0264607084735126,0.0746494404100054,0.796699904469326,TRUE,FALSE,"consumption__long_2023__ancova","consumption_iv__consumption__long_2023__ancova"
0.0270907253419296,0.0805356526101522,0.789083801936836,TRUE,FALSE,"consumption__long_2023__ancova","consumption_iv__consumption__long_2023__ancova"
0.0277207422103465,0.0864339475645832,0.78175244747657,TRUE,FALSE,"consumption__long_2023__ancova","consumption_iv__consumption__long_2023__ancova"
0.0283507590787635,0.0923297620631487,0.774695164483519,TRUE,FALSE,"consumption__long_2023__ancova","consumption_iv__consumption__long_2023__ancova"
0.0289807759471805,0.0982101548125317,0.767901417515725,TRUE,FALSE,"consumption__long_2023__ancova","consumption_iv__consumption__long_2023__ancova"
0.0296107928155974,0.104063679138748,0.761360860060719,TRUE,FALSE,"consumption__long_2023__ancova","consumption_iv__consumption__long_2023__ancova"
0.0302408096840144,0.109880260427414,0.755063372968836,TRUE,FALSE,"consumption__long_2023__ancova","consumption_iv__consumption__long_2023__ancova"
0.0308708265524313,0.115651079181243,0.748999094729565,TRUE,FALSE,"consumption__long_2023__ancova","consumption_iv__consumption__long_2023__ancova"
0.0315008434208483,0.121368460287582,0.743158444672109,TRUE,FALSE,"consumption__long_2023__ancova","consumption_iv__consumption__long_2023__ancova"
0.0321308602892653,0.127025768854117,0.737532140073506,TRUE,FALSE,"consumption__long_2023__ancova","consumption_iv__consumption__long_2023__ancova"
0.0327608771576822,0.132617312781893,0.732111208060031,TRUE,FALSE,"consumption__long_2023__ancova","consumption_iv__consumption__long_2023__ancova"
0.0333908940260992,0.138138252095428,0.726886993092867,TRUE,FALSE,"consumption__long_2023__ancova","consumption_iv__consumption__long_2023__ancova"
0.0340209108945162,0.143584514933676,0.721851160739279,TRUE,FALSE,"consumption__long_2023__ancova","consumption_iv__consumption__long_2023__ancova"
0.0346509277629332,0.148952720017873,0.71699569834666,TRUE,FALSE,"consumption__long_2023__ancova","consumption_iv__consumption__long_2023__ancova"
0.0352809446313501,0.154240105348165,0.712312913159349,TRUE,FALSE,"consumption__long_2023__ancova","consumption_iv__consumption__long_2023__ancova"
0.0359109614997671,0.159444462835634,0.707795428348028,TRUE,FALSE,"consumption__long_2023__ancova","consumption_iv__consumption__long_2023__ancova"
0.036540978368184,0.164564078547155,0.703436177357668,TRUE,FALSE,"consumption__long_2023__ancova","consumption_iv__consumption__long_2023__ancova"
0.037170995236601,0.169597678223654,0.699228396923116,TRUE,FALSE,"consumption__long_2023__ancova","consumption_iv__consumption__long_2023__ancova"
0.037801012105018,0.174544377725138,0.695165619050979,TRUE,FALSE,"consumption__long_2023__ancova","consumption_iv__consumption__long_2023__ancova"
0.038431028973435,0.179403638056431,0.691241662221765,TRUE,FALSE,"consumption__long_2023__ancova","consumption_iv__consumption__long_2023__ancova"
0.0390610458418519,0.184175224634236,0.687450622026837,TRUE,FALSE,"consumption__long_2023__ancova","consumption_iv__consumption__long_2023__ancova"
0.0396910627102689,0.188859170466505,0.683786861420686,TRUE,FALSE,"consumption__long_2023__ancova","consumption_iv__consumption__long_2023__ancova"
0.0403210795786859,0.193455742928961,0.680245000739146,TRUE,FALSE,"consumption__long_2023__ancova","consumption_iv__consumption__long_2023__ancova"
0.0409510964471028,0.197965413839557,0.676819907608303,TRUE,FALSE,"consumption__long_2023__ancova","consumption_iv__consumption__long_2023__ancova"
0.0415811133155198,0.202388832548571,0.673506686846747,TRUE,FALSE,"consumption__long_2023__ancova","consumption_iv__consumption__long_2023__ancova"
0.0422111301839367,0.206726801779815,0.67030067044474,TRUE,FALSE,"consumption__long_2023__ancova","consumption_iv__consumption__long_2023__ancova"
0.0428411470523537,0.210980255976657,0.667197407687374,TRUE,FALSE,"consumption__long_2023__ancova","consumption_iv__consumption__long_2023__ancova"
0.0434711639207707,0.215150241923951,0.664192655475189,TRUE,FALSE,"consumption__long_2023__ancova","consumption_iv__consumption__long_2023__ancova"
0.0441011807891876,0.219237901434481,0.661282368883822,TRUE,FALSE,"consumption__long_2023__ancova","consumption_iv__consumption__long_2023__ancova"
0.0447311976576046,0.223244455905292,0.658462691994294,TRUE,FALSE,"consumption__long_2023__ancova","consumption_iv__consumption__long_2023__ancova"
0.0453612145260216,0.227171192565076,0.655729949017264,TRUE,FALSE,"consumption__long_2023__ancova","consumption_iv__consumption__long_2023__ancova"
0.0459912313944386,0.231019452248636,0.653080635727759,TRUE,FALSE,"consumption__long_2023__ancova","consumption_iv__consumption__long_2023__ancova"
0.0466212482628555,0.234790618549005,0.650511411220803,TRUE,FALSE,"consumption__long_2023__ancova","consumption_iv__consumption__long_2023__ancova"
0.0472512651312725,0.238486108210852,0.648019089993711,TRUE,FALSE,"consumption__long_2023__ancova","consumption_iv__consumption__long_2023__ancova"
0.0478812819996894,0.242107362640423,0.645600634357295,TRUE,FALSE,"consumption__long_2023__ancova","consumption_iv__consumption__long_2023__ancova"
0.0485112988681064,0.245655840419941,0.643253147174202,TRUE,FALSE,"consumption__long_2023__ancova","consumption_iv__consumption__long_2023__ancova"
0.0491413157365234,0.249133010723269,0.640973864921089,TRUE,FALSE,"consumption__long_2023__ancova","consumption_iv__consumption__long_2023__ancova"
0.0497713326049403,0.252540347540783,0.638760151068279,TRUE,FALSE,"consumption__long_2023__ancova","consumption_iv__consumption__long_2023__ancova"
0.0504013494733573,0.255879324628999,0.636609489769822,TRUE,FALSE,"consumption__long_2023__ancova","consumption_iv__consumption__long_2023__ancova"
0.0510313663417743,0.259151411109147,0.634519479855209,TRUE,FALSE,"consumption__long_2023__ancova","consumption_iv__consumption__long_2023__ancova"
0.0516613832101913,0.262358067646464,0.632487829113031,TRUE,FALSE,"consumption__long_2023__ancova","consumption_iv__consumption__long_2023__ancova"
0.0522914000786082,0.265500743148014,0.6305123488566,TRUE,FALSE,"consumption__long_2023__ancova","consumption_iv__consumption__long_2023__ancova"
0.0529214169470252,0.268580871923331,0.628590948760905,TRUE,FALSE,"consumption__long_2023__ancova","consumption_iv__consumption__long_2023__ancova"
0.0535514338154421,0.271599871258131,0.626721631959762,TRUE,FALSE,"consumption__long_2023__ancova","consumption_iv__consumption__long_2023__ancova"
0.0541814506838591,0.274559139355109,0.624902490392701,TRUE,FALSE,"consumption__long_2023__ancova","consumption_iv__consumption__long_2023__ancova"
0.0548114675522761,0.277460053602093,0.623131700390058,TRUE,FALSE,"consumption__long_2023__ancova","consumption_iv__consumption__long_2023__ancova"
0.055441484420693,0.280303969130363,0.62140751848588,TRUE,FALSE,"consumption__long_2023__ancova","consumption_iv__consumption__long_2023__ancova"
0.05607150128911,0.283092217630657,0.619728277447744,TRUE,FALSE,"consumption__long_2023__ancova","consumption_iv__consumption__long_2023__ancova"
0.056701518157527,0.285826106397409,0.618092382513126,TRUE,FALSE,"consumption__long_2023__ancova","consumption_iv__consumption__long_2023__ancova"
0.057331535025944,0.288506917574604,0.616498307822272,TRUE,FALSE,"consumption__long_2023__ancova","consumption_iv__consumption__long_2023__ancova"
0.0579615518943609,0.291135907579926,0.61494459303758,TRUE,FALSE,"consumption__long_2023__ancova","consumption_iv__consumption__long_2023__ancova"
0.0585915687627779,0.293714306685663,0.61342984014021,TRUE,FALSE,"consumption__long_2023__ancova","consumption_iv__consumption__long_2023__ancova"
0.0592215856311948,0.296243318737774,0.611952710394566,TRUE,FALSE,"consumption__long_2023__ancova","consumption_iv__consumption__long_2023__ancova"
0.0598516024996118,0.29872412099539,0.610511921472365,TRUE,FALSE,"consumption__long_2023__ancova","consumption_iv__consumption__long_2023__ancova"
0.0604816193680288,0.301157864076639,0.609106244727281,TRUE,FALSE,"consumption__long_2023__ancova","consumption_iv__consumption__long_2023__ancova"
0.0611116362364457,0.30354567199631,0.607734502612694,TRUE,FALSE,"consumption__long_2023__ancova","consumption_iv__consumption__long_2023__ancova"
0.0617416531048627,0.30588864228358,0.606395566234737,TRUE,FALSE,"consumption__long_2023__ancova","consumption_iv__consumption__long_2023__ancova"
0.0623716699732797,0.308187846169158,0.605088353033278,TRUE,FALSE,"consumption__long_2023__ancova","consumption_iv__consumption__long_2023__ancova"
0.0630016868416967,0.310444328831801,0.603811824584155,TRUE,FALSE,"consumption__long_2023__ancova","consumption_iv__consumption__long_2023__ancova"
0.0636317037101136,0.312659109696149,0.602564984515818,TRUE,FALSE,"consumption__long_2023__ancova","consumption_iv__consumption__long_2023__ancova"
0.0642617205785306,0.314833182773602,0.601346876534521,TRUE,FALSE,"consumption__long_2023__ancova","consumption_iv__consumption__long_2023__ancova"
0.0648917374469475,0.316967517040193,0.600156582551718,TRUE,FALSE,"consumption__long_2023__ancova","consumption_iv__consumption__long_2023__ancova"
0.0655217543153645,0.319063056844681,0.59899322090853,TRUE,FALSE,"consumption__long_2023__ancova","consumption_iv__consumption__long_2023__ancova"
0.0661517711837815,0.321120722342122,0.597855944691636,TRUE,FALSE,"consumption__long_2023__ancova","consumption_iv__consumption__long_2023__ancova"
0.0667817880521984,0.323141409947911,0.596743940135732,TRUE,FALSE,"consumption__long_2023__ancova","consumption_iv__consumption__long_2023__ancova"
0.0674118049206154,0.325125992807868,0.595656425107978,TRUE,FALSE,"consumption__long_2023__ancova","consumption_iv__consumption__long_2023__ancova"
0.0680418217890324,0.32707532128155,0.594592647669458,TRUE,FALSE,"consumption__long_2023__ancova","consumption_iv__consumption__long_2023__ancova"
0.0686718386574494,0.328990223434176,0.593551884710193,TRUE,FALSE,"consumption__long_2023__ancova","consumption_iv__consumption__long_2023__ancova"
0.0693018555258663,0.330871505535791,0.592533440652876,TRUE,FALSE,"consumption__long_2023__ancova","consumption_iv__consumption__long_2023__ancova"
0.0699318723942833,0.33271995256386,0.591536646222304,TRUE,FALSE,"consumption__long_2023__ancova","consumption_iv__consumption__long_2023__ancova"
0.0705618892627002,0.334536328708111,0.590560857276361,TRUE,FALSE,"consumption__long_2023__ancova","consumption_iv__consumption__long_2023__ancova"
0.0711919061311172,0.336321377874868,0.589605453695684,TRUE,FALSE,"consumption__long_2023__ancova","consumption_iv__consumption__long_2023__ancova"
0.0718219229995342,0.338075824190065,0.588669838328353,TRUE,FALSE,"consumption__long_2023__ancova","consumption_iv__consumption__long_2023__ancova"
0.0724519398679511,0.339800372498645,0.587753435987106,TRUE,FALSE,"consumption__long_2023__ancova","consumption_iv__consumption__long_2023__ancova"
0.0730819567363681,0.341495708859647,0.58685569249594,TRUE,FALSE,"consumption__long_2023__ancova","consumption_iv__consumption__long_2023__ancova"
0.0737119736047851,0.343162501036077,0.585976073783359,TRUE,FALSE,"consumption__long_2023__ancova","consumption_iv__consumption__long_2023__ancova"
0.0743419904732021,0.344801398977754,0.585114065020254,TRUE,FALSE,"consumption__long_2023__ancova","consumption_iv__consumption__long_2023__ancova"
0.074972007341619,0.34641303529751,0.584269169799412,TRUE,FALSE,"consumption__long_2023__ancova","consumption_iv__consumption__long_2023__ancova"
0.075602024210036,0.347998025739335,0.583440909354847,TRUE,FALSE,"consumption__long_2023__ancova","consumption_iv__consumption__long_2023__ancova"
0.0762320410784529,0.349556969638193,0.582628821818705,TRUE,FALSE,"consumption__long_2023__ancova","consumption_iv__consumption__long_2023__ancova"
0.0768620579468699,0.351090450370944,0.581832461513809,TRUE,FALSE,"consumption__long_2023__ancova","consumption_iv__consumption__long_2023__ancova"
0.0774920748152869,0.352599035798411,0.581051398279784,TRUE,FALSE,"consumption__long_2023__ancova","consumption_iv__consumption__long_2023__ancova"
0.0781220916837038,0.354083278697717,0.580285216831303,TRUE,FALSE,"consumption__long_2023__ancova","consumption_iv__consumption__long_2023__ancova"
0.0787521085521208,0.355543717185172,0.57953351614651,TRUE,FALSE,"consumption__long_2023__ancova","consumption_iv__consumption__long_2023__ancova"
0.0793821254205378,0.356980875129471,0.57879590888413,TRUE,FALSE,"consumption__long_2023__ancova","consumption_iv__consumption__long_2023__ancova"
0.0800121422889548,0.358395262554898,0.578072020827845,TRUE,FALSE,"consumption__long_2023__ancova","consumption_iv__consumption__long_2023__ancova"
0.0806421591573717,0.359787376034714,0.577361490356451,TRUE,FALSE,"consumption__long_2023__ancova","consumption_iv__consumption__long_2023__ancova"
0.0812721760257887,0.36115769907477,0.576663967938414,TRUE,FALSE,"consumption__long_2023__ancova","consumption_iv__consumption__long_2023__ancova"
0.0819021928942056,0.362506702486935,0.575979115649821,TRUE,FALSE,"consumption__long_2023__ancova","consumption_iv__consumption__long_2023__ancova"
0.0825322097626226,0.363834844753017,0.575306606714201,TRUE,FALSE,"consumption__long_2023__ancova","consumption_iv__consumption__long_2023__ancova"
0.0831622266310396,0.365142572378983,0.574646125063258,TRUE,FALSE,"consumption__long_2023__ancova","consumption_iv__consumption__long_2023__ancova"
0.0837922434994565,0.366430320239289,0.5739973649176,TRUE,FALSE,"consumption__long_2023__ancova","consumption_iv__consumption__long_2023__ancova"
0.0844222603678735,0.36769851191185,0.573360030386253,TRUE,FALSE,"consumption__long_2023__ancova","consumption_iv__consumption__long_2023__ancova"
0.0850522772362905,0.36894756000386,0.572733835083996,TRUE,FALSE,"consumption__long_2023__ancova","consumption_iv__consumption__long_2023__ancova"
0.0856822941047075,0.370177866468114,0.572118501765862,TRUE,FALSE,"consumption__long_2023__ancova","consumption_iv__consumption__long_2023__ancova"
0.0863123109731244,0.37138982291054,0.571513761977699,TRUE,FALSE,"consumption__long_2023__ancova","consumption_iv__consumption__long_2023__ancova"
0.0869423278415414,0.372583810888718,0.570919355722176,TRUE,FALSE,"consumption__long_2023__ancova","consumption_iv__consumption__long_2023__ancova"
0.0875723447099583,0.373760202201774,0.570335031139402,TRUE,FALSE,"consumption__long_2023__ancova","consumption_iv__consumption__long_2023__ancova"
0.0882023615783753,0.374919359171922,0.569760544201366,TRUE,FALSE,"consumption__long_2023__ancova","consumption_iv__consumption__long_2023__ancova"
0.0888323784467923,0.376061634917497,0.569195658419723,TRUE,FALSE,"consumption__long_2023__ancova","consumption_iv__consumption__long_2023__ancova"
0.0894623953152092,0.377187373618187,0.568640144566016,TRUE,FALSE,"consumption__long_2023__ancova","consumption_iv__consumption__long_2023__ancova"
0.0900924121836262,0.378296910772043,0.568093780404035,TRUE,FALSE,"consumption__long_2023__ancova","consumption_iv__consumption__long_2023__ancova"
0.0907224290520432,0.379390573444986,0.567556350433487,TRUE,FALSE,"consumption__long_2023__ancova","consumption_iv__consumption__long_2023__ancova"
0.0913524459204601,0.380468680512871,0.567027645644489,TRUE,FALSE,"consumption__long_2023__ancova","consumption_iv__consumption__long_2023__ancova"
0.0919824627888771,0.381531542896135,0.566507463282468,TRUE,FALSE,"consumption__long_2023__ancova","consumption_iv__consumption__long_2023__ancova"
0.0926124796572941,0.382579463787329,0.565995606622911,TRUE,FALSE,"consumption__long_2023__ancova","consumption_iv__consumption__long_2023__ancova"
0.093242496525711,0.383612738871927,0.565491884755417,TRUE,FALSE,"consumption__long_2023__ancova","consumption_iv__consumption__long_2023__ancova"
0.093872513394128,0.384631656542163,0.564996112376828,TRUE,FALSE,"consumption__long_2023__ancova","consumption_iv__consumption__long_2023__ancova"
0.094502530262545,0.385636498104627,0.564508109592739,TRUE,FALSE,"consumption__long_2023__ancova","consumption_iv__consumption__long_2023__ancova"
0.095132547130962,0.386627537981259,0.56402770172729,TRUE,FALSE,"consumption__long_2023__ancova","consumption_iv__consumption__long_2023__ancova"
0.0957625639993789,0.387605043904413,0.563554719140603,TRUE,FALSE,"consumption__long_2023__ancova","consumption_iv__consumption__long_2023__ancova"
0.0963925808677959,0.388569277105914,0.563088997053637,TRUE,FALSE,"consumption__long_2023__ancova","consumption_iv__consumption__long_2023__ancova"
0.0970225977362128,0.38952049250015,0.562630375380199,TRUE,FALSE,"consumption__long_2023__ancova","consumption_iv__consumption__long_2023__ancova"
0.0976526146046298,0.390458938861839,0.562178698565558,TRUE,FALSE,"consumption__long_2023__ancova","consumption_iv__consumption__long_2023__ancova"
0.0982826314730468,0.391384858998128,0.561733815431599,TRUE,FALSE,"consumption__long_2023__ancova","consumption_iv__consumption__long_2023__ancova"
0.0989126483414637,0.39229848991545,0.561295579028107,TRUE,FALSE,"consumption__long_2023__ancova","consumption_iv__consumption__long_2023__ancova"
0.0995426652098807,0.393200062981474,0.560863846489834,TRUE,FALSE,"consumption__long_2023__ancova","consumption_iv__consumption__long_2023__ancova"
0.100172682078298,0.39408980408173,0.560438478899337,TRUE,FALSE,"consumption__long_2023__ancova","consumption_iv__consumption__long_2023__ancova"
0.100802698946715,0.3949679337718,0.560019341155013,TRUE,FALSE,"consumption__long_2023__ancova","consumption_iv__consumption__long_2023__ancova"
0.101432715815132,0.395834667424665,0.559606301844342,TRUE,FALSE,"consumption__long_2023__ancova","consumption_iv__consumption__long_2023__ancova"
0.102062732683549,0.396690215373517,0.559199233122051,TRUE,FALSE,"consumption__long_2023__ancova","consumption_iv__consumption__long_2023__ancova"
0.102692749551966,0.397534783050314,0.5587980105929,TRUE,FALSE,"consumption__long_2023__ancova","consumption_iv__consumption__long_2023__ancova"
0.103322766420383,0.398368571120162,0.558402513198938,TRUE,FALSE,"consumption__long_2023__ancova","consumption_iv__consumption__long_2023__ancova"
0.103952783288799,0.399191775611307,0.558012623111177,TRUE,FALSE,"consumption__long_2023__ancova","consumption_iv__consumption__long_2023__ancova"
0.104582800157216,0.400004588041626,0.557628225625157,TRUE,FALSE,"consumption__long_2023__ancova","consumption_iv__consumption__long_2023__ancova"
0.105212817025633,0.400807195540765,0.557249209060675,TRUE,FALSE,"consumption__long_2023__ancova","consumption_iv__consumption__long_2023__ancova"
0.10584283389405,0.401599780969124,0.55687546466502,TRUE,FALSE,"consumption__long_2023__ancova","consumption_iv__consumption__long_2023__ancova"
0.106472850762467,0.402382523032683,0.556506886520059,TRUE,FALSE,"consumption__long_2023__ancova","consumption_iv__consumption__long_2023__ancova"
0.107102867630884,0.403155596394808,0.556143371452571,TRUE,FALSE,"consumption__long_2023__ancova","consumption_iv__consumption__long_2023__ancova"
0.107732884499301,0.403919171784486,0.555784818947967,TRUE,FALSE,"consumption__long_2023__ancova","consumption_iv__consumption__long_2023__ancova"
0.108362901367718,0.404673416101133,0.555431131067255,TRUE,FALSE,"consumption__long_2023__ancova","consumption_iv__consumption__long_2023__ancova"
0.108992918236135,0.405418492516797,0.55508221236679,TRUE,FALSE,"consumption__long_2023__ancova","consumption_iv__consumption__long_2023__ancova"
0.109622935104552,0.406154560574607,0.554737969821243,TRUE,FALSE,"consumption__long_2023__ancova","consumption_iv__consumption__long_2023__ancova"
0.110252951972969,0.406881776284828,0.554398312749113,TRUE,FALSE,"consumption__long_2023__ancova","consumption_iv__consumption__long_2023__ancova"
0.110882968841386,0.407600292217737,0.554063152741044,TRUE,FALSE,"consumption__long_2023__ancova","consumption_iv__consumption__long_2023__ancova"
0.111512985709803,0.408310257593825,0.553732403590675,TRUE,FALSE,"consumption__long_2023__ancova","consumption_iv__consumption__long_2023__ancova"
0.11214300257822,0.409011818371434,0.553405981227889,TRUE,FALSE,"consumption__long_2023__ancova","consumption_iv__consumption__long_2023__ancova"
0.112773019446637,0.409705117331655,0.553083803654494,TRUE,FALSE,"consumption__long_2023__ancova","consumption_iv__consumption__long_2023__ancova"
0.113403036315054,0.410390294160619,0.552765790882213,TRUE,FALSE,"consumption__long_2023__ancova","consumption_iv__consumption__long_2023__ancova"
0.114033053183471,0.411067485529832,0.552451864872627,TRUE,FALSE,"consumption__long_2023__ancova","consumption_iv__consumption__long_2023__ancova"
0.114663070051888,0.411736825173394,0.552141949479566,TRUE,FALSE,"consumption__long_2023__ancova","consumption_iv__consumption__long_2023__ancova"
0.115293086920305,0.412398443963759,0.551835970393117,TRUE,FALSE,"consumption__long_2023__ancova","consumption_iv__consumption__long_2023__ancova"
0.115923103788722,0.413052469984701,0.551533855085845,TRUE,FALSE,"consumption__long_2023__ancova","consumption_iv__consumption__long_2023__ancova"
0.116553120657139,0.413699028602382,0.551235532760739,TRUE,FALSE,"consumption__long_2023__ancova","consumption_iv__consumption__long_2023__ancova"
0.117183137525556,0.414338242534462,0.550940934300904,TRUE,FALSE,"consumption__long_2023__ancova","consumption_iv__consumption__long_2023__ancova"
0.117813154393973,0.414970231916836,0.550649992221116,TRUE,FALSE,"consumption__long_2023__ancova","consumption_iv__consumption__long_2023__ancova"
0.11844317126239,0.415595114368884,0.55036264062083,TRUE,FALSE,"consumption__long_2023__ancova","consumption_iv__consumption__long_2023__ancova"
0.119073188130807,0.416213005056551,0.550078815138891,TRUE,FALSE,"consumption__long_2023__ancova","consumption_iv__consumption__long_2023__ancova"
0.119703204999224,0.416824016753773,0.549798452909697,TRUE,FALSE,"consumption__long_2023__ancova","consumption_iv__consumption__long_2023__ancova"
0.120333221867641,0.417428259901925,0.549521492520916,TRUE,FALSE,"consumption__long_2023__ancova","consumption_iv__consumption__long_2023__ancova"
0.120963238736058,0.418025842667897,0.549247873972468,TRUE,FALSE,"consumption__long_2023__ancova","consumption_iv__consumption__long_2023__ancova"
0.121593255604475,0.418616871000222,0.548977538636985,TRUE,FALSE,"consumption__long_2023__ancova","consumption_iv__consumption__long_2023__ancova"
0.122223272472891,0.41920144868377,0.548710429221506,TRUE,FALSE,"consumption__long_2023__ancova","consumption_iv__consumption__long_2023__ancova"
0.122853289341308,0.419779677392821,0.548446489730453,TRUE,FALSE,"consumption__long_2023__ancova","consumption_iv__consumption__long_2023__ancova"
0.123483306209725,0.420351656742761,0.54818566542976,TRUE,FALSE,"consumption__long_2023__ancova","consumption_iv__consumption__long_2023__ancova"
0.124113323078142,0.420917484340109,0.54792790281226,TRUE,FALSE,"consumption__long_2023__ancova","consumption_iv__consumption__long_2023__ancova"
0.124743339946559,0.421477255831346,0.5476731495641,TRUE,FALSE,"consumption__long_2023__ancova","consumption_iv__consumption__long_2023__ancova"
0.125373356814976,0.422031064950357,0.547421354532238,TRUE,FALSE,"consumption__long_2023__ancova","consumption_iv__consumption__long_2023__ancova"
0.126003373683393,0.422579003564322,0.547172467693081,TRUE,FALSE,"consumption__long_2023__ancova","consumption_iv__consumption__long_2023__ancova"
-0.18598150112228,0.862244222488585,0.404352089685567,TRUE,FALSE,"consumption__long_2023__change","consumption_iv__consumption__long_2023__change"
-0.185051593616669,0.865990496712578,0.403422451209141,TRUE,FALSE,"consumption__long_2023__change","consumption_iv__consumption__long_2023__change"
-0.184121686111057,0.869781809330631,0.402485496285846,TRUE,FALSE,"consumption__long_2023__change","consumption_iv__consumption__long_2023__change"
-0.183191778605446,0.873618940356423,0.401541144945208,TRUE,FALSE,"consumption__long_2023__change","consumption_iv__consumption__long_2023__change"
-0.182261871099834,0.877502687249982,0.400589316190552,TRUE,FALSE,"consumption__long_2023__change","consumption_iv__consumption__long_2023__change"
-0.181331963594223,0.881433865392113,0.399629927986625,TRUE,FALSE,"consumption__long_2023__change","consumption_iv__consumption__long_2023__change"
-0.180402056088612,0.885413308574227,0.398662897247126,TRUE,FALSE,"consumption__long_2023__change","consumption_iv__consumption__long_2023__change"
-0.179472148583,0.889441869503498,0.397688139822291,TRUE,FALSE,"consumption__long_2023__change","consumption_iv__consumption__long_2023__change"
-0.178542241077389,0.893520420324646,0.396705570486398,TRUE,FALSE,"consumption__long_2023__change","consumption_iv__consumption__long_2023__change"
-0.177612333571777,0.897649853158028,0.395715102925381,TRUE,FALSE,"consumption__long_2023__change","consumption_iv__consumption__long_2023__change"
-0.176682426066166,0.901831080655591,0.394716649724367,TRUE,FALSE,"consumption__long_2023__change","consumption_iv__consumption__long_2023__change"
-0.175752518560555,0.906065036574695,0.3937101223553,TRUE,FALSE,"consumption__long_2023__change","consumption_iv__consumption__long_2023__change"
-0.174822611054943,0.910352676370714,0.392695431164588,TRUE,FALSE,"consumption__long_2023__change","consumption_iv__consumption__long_2023__change"
-0.173892703549332,0.914694977808907,0.391672485360855,TRUE,FALSE,"consumption__long_2023__change","consumption_iv__consumption__long_2023__change"
-0.17296279604372,0.91909294159681,0.390641193002682,TRUE,FALSE,"consumption__long_2023__change","consumption_iv__consumption__long_2023__change"
-0.172032888538109,0.923547592037106,0.389601460986535,TRUE,FALSE,"consumption__long_2023__change","consumption_iv__consumption__long_2023__change"
-0.171102981032498,0.92805997770233,0.38855319503477,TRUE,FALSE,"consumption__long_2023__change","consumption_iv__consumption__long_2023__change"
-0.170173073526886,0.932631172132307,0.387496299683714,TRUE,FALSE,"consumption__long_2023__change","consumption_iv__consumption__long_2023__change"
-0.169243166021275,0.937262274554589,0.386430678271971,TRUE,FALSE,"consumption__long_2023__change","consumption_iv__consumption__long_2023__change"
-0.168313258515663,0.941954410629386,0.385356232928844,TRUE,FALSE,"consumption__long_2023__change","consumption_iv__consumption__long_2023__change"
-0.167383351010052,0.946708733219376,0.384272864563004,TRUE,FALSE,"consumption__long_2023__change","consumption_iv__consumption__long_2023__change"
-0.166453443504441,0.951526423186008,0.3831804728513,TRUE,FALSE,"consumption__long_2023__change","consumption_iv__consumption__long_2023__change"
-0.165523535998829,0.956408690212617,0.382078956227872,TRUE,FALSE,"consumption__long_2023__change","consumption_iv__consumption__long_2023__change"
-0.164593628493218,0.961356773655831,0.380968211873503,TRUE,FALSE,"consumption__long_2023__change","consumption_iv__consumption__long_2023__change"
-0.163663720987606,0.966371943426221,0.379848135705283,TRUE,FALSE,"consumption__long_2023__change","consumption_iv__consumption__long_2023__change"
-0.162733813481995,0.97145550089932,0.378718622366585,TRUE,FALSE,"consumption__long_2023__change","consumption_iv__consumption__long_2023__change"
-0.161803905976384,0.976608779858173,0.377579565217429,TRUE,FALSE,"consumption__long_2023__change","consumption_iv__consumption__long_2023__change"
-0.160873998470772,0.981833147468929,0.376430856325177,TRUE,FALSE,"consumption__long_2023__change","consumption_iv__consumption__long_2023__change"
-0.159944090965161,0.987130005290133,0.375272386455749,TRUE,FALSE,"consumption__long_2023__change","consumption_iv__consumption__long_2023__change"
-0.159014183459549,0.992500790317641,0.37410404506527,TRUE,FALSE,"consumption__long_2023__change","consumption_iv__consumption__long_2023__change"
-0.158084275953938,0.997946976066646,0.372925720292162,TRUE,FALSE,"consumption__long_2023__change","consumption_iv__consumption__long_2023__change"
-0.157154368448327,1.00347007369152,0.371737298949909,TRUE,FALSE,"consumption__long_2023__change","consumption_iv__consumption__long_2023__change"
-0.156224460942715,1.00907163314565,0.370538666520369,TRUE,FALSE,"consumption__long_2023__change","consumption_iv__consumption__long_2023__change"
-0.155294553437104,1.01475324438289,0.369329707147699,TRUE,FALSE,"consumption__long_2023__change","consumption_iv__consumption__long_2023__change"
-0.154364645931492,1.02051653860179,0.368110303633065,TRUE,FALSE,"consumption__long_2023__change","consumption_iv__consumption__long_2023__change"
-0.153434738425881,1.02636318953497,0.366880337430004,TRUE,FALSE,"consumption__long_2023__change","consumption_iv__consumption__long_2023__change"
-0.15250483092027,1.03229491478445,0.36563968864077,TRUE,FALSE,"consumption__long_2023__change","consumption_iv__consumption__long_2023__change"
-0.151574923414658,1.03831347720644,0.364388236013347,TRUE,FALSE,"consumption__long_2023__change","consumption_iv__consumption__long_2023__change"
-0.150645015909047,1.04442068634564,0.36312585693961,TRUE,FALSE,"consumption__long_2023__change","consumption_iv__consumption__long_2023__change"
-0.149715108403435,1.05061839992284,0.361852427454339,TRUE,FALSE,"consumption__long_2023__change","consumption_iv__consumption__long_2023__change"
-0.148785200897824,1.05690852537661,0.360567822235451,TRUE,FALSE,"consumption__long_2023__change","consumption_iv__consumption__long_2023__change"
-0.147855293392213,1.0632930214622,0.359271914605338,TRUE,FALSE,"consumption__long_2023__change","consumption_iv__consumption__long_2023__change"
-0.146925385886601,1.06977389990981,0.357964576533425,TRUE,FALSE,"consumption__long_2023__change","consumption_iv__consumption__long_2023__change"
-0.14599547838099,1.07635322714424,0.356645678640152,TRUE,FALSE,"consumption__long_2023__change","consumption_iv__consumption__long_2023__change"
-0.145065570875378,1.08303312606907,0.355315090202324,TRUE,FALSE,"consumption__long_2023__change","consumption_iv__consumption__long_2023__change"
-0.144135663369767,1.08981577791767,0.35397267916001,TRUE,FALSE,"consumption__long_2023__change","consumption_iv__consumption__long_2023__change"
-0.143205755864156,1.096703424174,0.352618312125078,TRUE,FALSE,"consumption__long_2023__change","consumption_iv__consumption__long_2023__change"
-0.142275848358544,1.10369836856595,0.351251854391477,TRUE,FALSE,"consumption__long_2023__change","consumption_iv__consumption__long_2023__change"
-0.141345940852933,1.11080297913447,0.349873169947376,TRUE,FALSE,"consumption__long_2023__change","consumption_iv__consumption__long_2023__change"
-0.140416033347321,1.11801969038161,0.348482121489272,TRUE,FALSE,"consumption__long_2023__change","consumption_iv__consumption__long_2023__change"
-0.13948612584171,1.12535100550047,0.347078570438263,TRUE,FALSE,"consumption__long_2023__change","consumption_iv__consumption__long_2023__change"
-0.138556218336099,1.13279949869122,0.345662376958497,TRUE,FALSE,"consumption__long_2023__change","consumption_iv__consumption__long_2023__change"
-0.137626310830487,1.14036781756617,0.344233399978072,TRUE,FALSE,"consumption__long_2023__change","consumption_iv__consumption__long_2023__change"
-0.136696403324876,1.14805868564788,0.342791497212477,TRUE,FALSE,"consumption__long_2023__change","consumption_iv__consumption__long_2023__change"
-0.135766495819264,1.15587490496443,0.34133652519074,TRUE,FALSE,"consumption__long_2023__change","consumption_iv__consumption__long_2023__change"
-0.134836588313653,1.16381935874599,0.339868339284428,TRUE,FALSE,"consumption__long_2023__change","consumption_iv__consumption__long_2023__change"
-0.133906680808042,1.17189501422646,0.3383867937398,TRUE,FALSE,"consumption__long_2023__change","consumption_iv__consumption__long_2023__change"
-0.13297677330243,1.18010492555563,0.336891741713106,TRUE,FALSE,"consumption__long_2023__change","consumption_iv__consumption__long_2023__change"
-0.132046865796819,1.18845223682582,0.335383035309417,TRUE,FALSE,"consumption__long_2023__change","consumption_iv__consumption__long_2023__change"
-0.131116958291207,1.19694018521798,0.33386052562513,TRUE,FALSE,"consumption__long_2023__change","consumption_iv__consumption__long_2023__change"
-0.130187050785596,1.20557210427322,0.332324062794283,TRUE,FALSE,"consumption__long_2023__change","consumption_iv__consumption__long_2023__change"
-0.129257143279985,1.21435142729373,0.33077349603913,TRUE,FALSE,"consumption__long_2023__change","consumption_iv__consumption__long_2023__change"
-0.128327235774373,1.22328169087997,0.329208673725006,TRUE,FALSE,"consumption__long_2023__change","consumption_iv__consumption__long_2023__change"
-0.127397328268762,1.23236653860951,0.327629443419855,TRUE,FALSE,"consumption__long_2023__change","consumption_iv__consumption__long_2023__change"
-0.12646742076315,1.24160972486321,0.32603565195874,TRUE,FALSE,"consumption__long_2023__change","consumption_iv__consumption__long_2023__change"
-0.125537513257539,1.25101511880596,0.324427145513495,TRUE,FALSE,"consumption__long_2023__change","consumption_iv__consumption__long_2023__change"
-0.124607605751928,1.26058670852785,0.322803769667976,TRUE,FALSE,"consumption__long_2023__change","consumption_iv__consumption__long_2023__change"
-0.123677698246316,1.27032860535329,0.321165369499122,TRUE,FALSE,"consumption__long_2023__change","consumption_iv__consumption__long_2023__change"
-0.122747790740705,1.28024504832468,0.319511789664266,TRUE,FALSE,"consumption__long_2023__change","consumption_iv__consumption__long_2023__change"
-0.121817883235093,1.29034040886909,0.317842874494939,TRUE,FALSE,"consumption__long_2023__change","consumption_iv__consumption__long_2023__change"
-0.120887975729482,1.30061919565456,0.316158468097725,TRUE,FALSE,"consumption__long_2023__change","consumption_iv__consumption__long_2023__change"
-0.119958068223871,1.31108605964535,0.314458414462366,TRUE,FALSE,"consumption__long_2023__change","consumption_iv__consumption__long_2023__change"
-0.119028160718259,1.32174579936403,0.312742557577703,TRUE,FALSE,"consumption__long_2023__change","consumption_iv__consumption__long_2023__change"
-0.118098253212648,1.33260336636904,0.311010741555846,TRUE,FALSE,"consumption__long_2023__change","consumption_iv__consumption__long_2023__change"
-0.117168345707036,1.34366387095794,0.309262810764951,TRUE,FALSE,"consumption__long_2023__change","consumption_iv__consumption__long_2023__change"
-0.116238438201425,1.3549325881044,0.307498609971292,TRUE,FALSE,"consumption__long_2023__change","consumption_iv__consumption__long_2023__change"
-0.115308530695814,1.36641496364021,0.305717984490957,TRUE,FALSE,"consumption__long_2023__change","consumption_iv__consumption__long_2023__change"
-0.114378623190202,1.37811662069153,0.303920780351857,TRUE,FALSE,"consumption__long_2023__change","consumption_iv__consumption__long_2023__change"
-0.113448715684591,1.39004336638117,0.302106844466456,TRUE,FALSE,"consumption__long_2023__change","consumption_iv__consumption__long_2023__change"
-0.112518808178979,1.40220119880636,0.300276024816074,TRUE,FALSE,"consumption__long_2023__change","consumption_iv__consumption__long_2023__change"
-0.111588900673368,1.41459631430499,0.298428170647117,TRUE,FALSE,"consumption__long_2023__change","consumption_iv__consumption__long_2023__change"
-0.110658993167757,1.42723511502112,0.296563132680091,TRUE,FALSE,"consumption__long_2023__change","consumption_iv__consumption__long_2023__change"
-0.109729085662145,1.44012421678209,0.294680763332024,TRUE,FALSE,"consumption__long_2023__change","consumption_iv__consumption__long_2023__change"
-0.108799178156534,1.45327045729983,0.292780916953035,TRUE,FALSE,"consumption__long_2023__change","consumption_iv__consumption__long_2023__change"
-0.107869270650922,1.46668090470901,0.290863450077816,TRUE,FALSE,"consumption__long_2023__change","consumption_iv__consumption__long_2023__change"
-0.106939363145311,1.48036286645537,0.288928221692825,TRUE,FALSE,"consumption__long_2023__change","consumption_iv__consumption__long_2023__change"
-0.1060094556397,1.49432389854739,0.28697509352003,TRUE,FALSE,"consumption__long_2023__change","consumption_iv__consumption__long_2023__change"
-0.105079548134088,1.50857181518563,0.285003930318047,TRUE,FALSE,"consumption__long_2023__change","consumption_iv__consumption__long_2023__change"
-0.104149640628477,1.52311469878222,0.283014600201728,TRUE,FALSE,"consumption__long_2023__change","consumption_iv__consumption__long_2023__change"
-0.103219733122865,1.53796091038691,0.281006974980875,TRUE,FALSE,"consumption__long_2023__change","consumption_iv__consumption__long_2023__change"
-0.102289825617254,1.55311910053139,0.278980930519421,TRUE,FALSE,"consumption__long_2023__change","consumption_iv__consumption__long_2023__change"
-0.101359918111643,1.56859822050828,0.276936347115814,TRUE,FALSE,"consumption__long_2023__change","consumption_iv__consumption__long_2023__change"
-0.100430010606031,1.58440753409777,0.274873109905893,TRUE,FALSE,"consumption__long_2023__change","consumption_iv__consumption__long_2023__change"
-0.0995001031004198,1.6005566297565,0.272791109289274,TRUE,FALSE,"consumption__long_2023__change","consumption_iv__consumption__long_2023__change"
-0.0985701955948084,1.61705543328258,0.270690241380471,TRUE,FALSE,"consumption__long_2023__change","consumption_iv__consumption__long_2023__change"
-0.097640288089197,1.6339142209706,0.268570408485895,TRUE,FALSE,"consumption__long_2023__change","consumption_iv__consumption__long_2023__change"
-0.0967103805835856,1.6511436332689,0.266431519608097,TRUE,FALSE,"consumption__long_2023__change","consumption_iv__consumption__long_2023__change"
-0.0957804730779742,1.66875468895216,0.264273490978453,TRUE,FALSE,"consumption__long_2023__change","consumption_iv__consumption__long_2023__change"
-0.0948505655723628,1.68675879982049,0.262096246619679,TRUE,FALSE,"consumption__long_2023__change","consumption_iv__consumption__long_2023__change"
-0.0939206580667514,1.70516778593504,0.259899718939586,TRUE,FALSE,"consumption__long_2023__change","consumption_iv__consumption__long_2023__change"
-0.09299075056114,1.72399389139883,0.257683849357483,TRUE,FALSE,"consumption__long_2023__change","consumption_iv__consumption__long_2023__change"
-0.0920608430555286,1.7432498006907,0.255448588964633,TRUE,FALSE,"consumption__long_2023__change","consumption_iv__consumption__long_2023__change"
-0.0911309355499172,1.76294865555554,0.25319389922042,TRUE,FALSE,"consumption__long_2023__change","consumption_iv__consumption__long_2023__change"
-0.0902010280443058,1.78310407245488,0.250919752685571,TRUE,FALSE,"consumption__long_2023__change","consumption_iv__consumption__long_2023__change"
-0.0892711205386944,1.80373016057524,0.24862613379418,TRUE,FALSE,"consumption__long_2023__change","consumption_iv__consumption__long_2023__change"
-0.088341213033083,1.82484154039099,0.246313039665987,TRUE,FALSE,"consumption__long_2023__change","consumption_iv__consumption__long_2023__change"
-0.0874113055274716,1.84645336277179,0.243980480960607,TRUE,FALSE,"consumption__long_2023__change","consumption_iv__consumption__long_2023__change"
-0.0864813980218602,1.86858132862108,0.241628482775318,TRUE,FALSE,"consumption__long_2023__change","consumption_iv__consumption__long_2023__change"
-0.0855514905162488,1.89124170902517,0.239257085588036,TRUE,FALSE,"consumption__long_2023__change","consumption_iv__consumption__long_2023__change"
-0.0846215830106374,1.91445136588653,0.236866346247064,TRUE,FALSE,"consumption__long_2023__change","consumption_iv__consumption__long_2023__change"
-0.083691675505026,1.93822777300503,0.234456339009345,TRUE,FALSE,"consumption__long_2023__change","consumption_iv__consumption__long_2023__change"
-0.0827617679994146,1.96258903756355,0.232027156628692,TRUE,FALSE,"consumption__long_2023__change","consumption_iv__consumption__long_2023__change"
-0.0818318604938032,1.98755392196177,0.229578911495646,TRUE,FALSE,"consumption__long_2023__change","consumption_iv__consumption__long_2023__change"
-0.0809019529881918,2.01314186593072,0.227111736830383,TRUE,FALSE,"consumption__long_2023__change","consumption_iv__consumption__long_2023__change"
-0.0799720454825804,2.03937300884435,0.224625787930241,TRUE,FALSE,"consumption__long_2023__change","consumption_iv__consumption__long_2023__change"
-0.079042137976969,2.06626821213064,0.222121243473043,TRUE,FALSE,"consumption__long_2023__change","consumption_iv__consumption__long_2023__change"
-0.0781122304713576,2.09384908166186,0.219598306877657,TRUE,FALSE,"consumption__long_2023__change","consumption_iv__consumption__long_2023__change"
-0.0771823229657462,2.12213798998578,0.217057207722706,TRUE,FALSE,"consumption__long_2023__change","consumption_iv__consumption__long_2023__change"
-0.0762524154601348,2.15115809823034,0.214498203224584,TRUE,FALSE,"consumption__long_2023__change","consumption_iv__consumption__long_2023__change"
-0.0753225079545234,2.18093337748947,0.211921579775384,TRUE,FALSE,"consumption__long_2023__change","consumption_iv__consumption__long_2023__change"
-0.074392600448912,2.21148862946184,0.209327654541404,TRUE,FALSE,"consumption__long_2023__change","consumption_iv__consumption__long_2023__change"
-0.0734626929433006,2.24284950607926,0.206716777122451,TRUE,FALSE,"consumption__long_2023__change","consumption_iv__consumption__long_2023__change"
-0.0725327854376892,2.27504252781737,0.204089331271996,TRUE,FALSE,"consumption__long_2023__change","consumption_iv__consumption__long_2023__change"
-0.0716028779320778,2.30809510033357,0.201445736677834,TRUE,FALSE,"consumption__long_2023__change","consumption_iv__consumption__long_2023__change"
-0.0706729704264664,2.34203552902202,0.19878645080255,TRUE,FALSE,"consumption__long_2023__change","consumption_iv__consumption__long_2023__change"
-0.069743062920855,2.37689303101343,0.196111970782613,TRUE,FALSE,"consumption__long_2023__change","consumption_iv__consumption__long_2023__change"
-0.0688131554152436,2.41269774407587,0.193422835384528,TRUE,FALSE,"consumption__long_2023__change","consumption_iv__consumption__long_2023__change"
-0.0678832479096322,2.44948073179344,0.190719627015869,TRUE,FALSE,"consumption__long_2023__change","consumption_iv__consumption__long_2023__change"
-0.0669533404040208,2.48727398430961,0.18800297378839,TRUE,FALSE,"consumption__long_2023__change","consumption_iv__consumption__long_2023__change"
-0.0660234328984094,2.52611041381924,0.185273551629818,TRUE,FALSE,"consumption__long_2023__change","consumption_iv__consumption__long_2023__change"
-0.065093525392798,2.56602384387803,0.182532086440194,TRUE,FALSE,"consumption__long_2023__change","consumption_iv__consumption__long_2023__change"
-0.0641636178871866,2.60704899147042,0.179779356287749,TRUE,FALSE,"consumption__long_2023__change","consumption_iv__consumption__long_2023__change"
-0.0632337103815752,2.64922144063042,0.177016193638505,TRUE,FALSE,"consumption__long_2023__change","consumption_iv__consumption__long_2023__change"
-0.0623038028759638,2.69257760624717,0.174243487612859,TRUE,FALSE,"consumption__long_2023__change","consumption_iv__consumption__long_2023__change"
-0.0613738953703524,2.73715468650646,0.171462186261312,TRUE,FALSE,"consumption__long_2023__change","consumption_iv__consumption__long_2023__change"
-0.060443987864741,2.78299060221601,0.168673298850447,TRUE,FALSE,"consumption__long_2023__change","consumption_iv__consumption__long_2023__change"
-0.0595140803591296,2.83012392103563,0.165877898149229,TRUE,FALSE,"consumption__long_2023__change","consumption_iv__consumption__long_2023__change"
-0.0585841728535182,2.8785937643862,0.163077122704242,TRUE,FALSE,"consumption__long_2023__change","consumption_iv__consumption__long_2023__change"
-0.0576542653479068,2.92843969453295,0.160272179091435,TRUE,FALSE,"consumption__long_2023__change","consumption_iv__consumption__long_2023__change"
-0.0567243578422954,2.97970157903622,0.157464344130477,TRUE,FALSE,"consumption__long_2023__change","consumption_iv__consumption__long_2023__change"
-0.055794450336684,3.03241942942926,0.154654967046584,TRUE,FALSE,"consumption__long_2023__change","consumption_iv__consumption__long_2023__change"
-0.0548645428310726,3.08663321062173,0.151845471563222,TRUE,FALSE,"consumption__long_2023__change","consumption_iv__consumption__long_2023__change"
-0.0539346353254612,3.142382617134,0.149037357907828,TRUE,FALSE,"consumption__long_2023__change","consumption_iv__consumption__long_2023__change"
-0.0530047278198498,3.19970681184762,0.146232204711296,TRUE,FALSE,"consumption__long_2023__change","consumption_iv__consumption__long_2023__change"
-0.0520748203142384,3.25864412250719,0.143431670780812,TRUE,FALSE,"consumption__long_2023__change","consumption_iv__consumption__long_2023__change"
-0.051144912808627,3.31923169073808,0.140637496724405,TRUE,FALSE,"consumption__long_2023__change","consumption_iv__consumption__long_2023__change"
-0.0502150053030156,3.3815050678515,0.137851506404705,TRUE,FALSE,"consumption__long_2023__change","consumption_iv__consumption__long_2023__change"
-0.0492850977974042,3.44549775120861,0.135075608198506,TRUE,FALSE,"consumption__long_2023__change","consumption_iv__consumption__long_2023__change"
-0.0483551902917928,3.51124065441145,0.132311796038385,TRUE,FALSE,"consumption__long_2023__change","consumption_iv__consumption__long_2023__change"
-0.0474252827861814,3.57876150410491,0.129562150212367,TRUE,FALSE,"consumption__long_2023__change","consumption_iv__consumption__long_2023__change"
-0.04649537528057,3.64808415572116,0.126828837897959,TRUE,FALSE,"consumption__long_2023__change","consumption_iv__consumption__long_2023__change"
-0.0455654677749586,3.71922782011034,0.124114113407655,TRUE,FALSE,"consumption__long_2023__change","consumption_iv__consumption__long_2023__change"
-0.0446355602693472,3.79220619270445,0.121420318124438,TRUE,FALSE,"consumption__long_2023__change","consumption_iv__consumption__long_2023__change"
-0.0437056527637358,3.86702647670535,0.118749880107835,TRUE,FALSE,"consumption__long_2023__change","consumption_iv__consumption__long_2023__change"
-0.0427757452581244,3.94368829181291,0.116105313354154,TRUE,FALSE,"consumption__long_2023__change","consumption_iv__consumption__long_2023__change"
-0.041845837752513,4.02218246029332,0.113489216698196,TRUE,FALSE,"consumption__long_2023__change","consumption_iv__consumption__long_2023__change"
-0.0409159302469016,4.10248966278854,0.110904272348811,TRUE,FALSE,"consumption__long_2023__change","consumption_iv__consumption__long_2023__change"
-0.0399860227412902,4.18457895729208,0.108353244056621,TRUE,FALSE,"consumption__long_2023__change","consumption_iv__consumption__long_2023__change"
-0.0390561152356788,4.2684061562587,0.105838974919462,TRUE,FALSE,"consumption__long_2023__change","consumption_iv__consumption__long_2023__change"
-0.0381262077300674,4.3539120589939,0.103364384839847,TRUE,FALSE,"consumption__long_2023__change","consumption_iv__consumption__long_2023__change"
-0.037196300224456,4.44102053942788,0.1009324676586,TRUE,FALSE,"consumption__long_2023__change","consumption_iv__consumption__long_2023__change"
-0.0362663927188446,4.52963649325291,0.0985462880002088,TRUE,FALSE,"consumption__long_2023__change","consumption_iv__consumption__long_2023__change"
-0.0353364852132332,4.61964365334856,0.0962089778782703,TRUE,FALSE,"consumption__long_2023__change","consumption_iv__consumption__long_2023__change"
-0.0344065777076218,4.71090228859923,0.0939237331233278,TRUE,FALSE,"consumption__long_2023__change","consumption_iv__consumption__long_2023__change"
-0.0334766702020104,4.80324680875475,0.0916938097106726,TRUE,FALSE,"consumption__long_2023__change","consumption_iv__consumption__long_2023__change"
-0.032546762696399,4.89648330703156,0.0895225200817214,TRUE,FALSE,"consumption__long_2023__change","consumption_iv__consumption__long_2023__change"
-0.0316168551907876,4.99038708277374,0.087413229569226,TRUE,FALSE,"consumption__long_2023__change","consumption_iv__consumption__long_2023__change"
-0.0306869476851762,5.08470019869889,0.0853693530534032,TRUE,FALSE,"consumption__long_2023__change","consumption_iv__consumption__long_2023__change"
-0.0297570401795648,5.17912914096965,0.0833943519923028,TRUE,FALSE,"consumption__long_2023__change","consumption_iv__consumption__long_2023__change"
-0.0288271326739534,5.27334266532367,0.0814917319849651,TRUE,FALSE,"consumption__long_2023__change","consumption_iv__consumption__long_2023__change"
-0.027897225168342,5.36696992838808,0.0796650410389918,TRUE,FALSE,"consumption__long_2023__change","consumption_iv__consumption__long_2023__change"
-0.0269673176627306,5.45959901948154,0.0779178687242882,TRUE,FALSE,"consumption__long_2023__change","consumption_iv__consumption__long_2023__change"
-0.0260374101571192,5.5507760238169,0.076253846400696,TRUE,FALSE,"consumption__long_2023__change","consumption_iv__consumption__long_2023__change"
-0.0251075026515078,5.64000476191354,0.0746766487078529,TRUE,FALSE,"consumption__long_2023__change","consumption_iv__consumption__long_2023__change"
-0.0241775951458964,5.72674736078118,0.0731899964994168,TRUE,FALSE,"consumption__long_2023__change","consumption_iv__consumption__long_2023__change"
-0.023247687640285,5.81042581831141,0.0717976613896535,TRUE,FALSE,"consumption__long_2023__change","consumption_iv__consumption__long_2023__change"
-0.0223177801346736,5.89042472136969,0.0705034720567136,TRUE,FALSE,"consumption__long_2023__change","consumption_iv__consumption__long_2023__change"
-0.0213878726290622,5.96609526822479,0.0693113224126279,TRUE,FALSE,"consumption__long_2023__change","consumption_iv__consumption__long_2023__change"
-0.0204579651234508,6.03676072513731,0.0682251817039864,TRUE,FALSE,"consumption__long_2023__change","consumption_iv__consumption__long_2023__change"
-0.0195280576178394,6.1017234133435,0.0672491065487773,TRUE,FALSE,"consumption__long_2023__change","consumption_iv__consumption__long_2023__change"
-0.018598150112228,6.16027327505975,0.066387254843472,TRUE,FALSE,"consumption__long_2023__change","consumption_iv__consumption__long_2023__change"
-0.0176682426066166,6.21169800508749,0.0656439013904467,TRUE,FALSE,"consumption__long_2023__change","consumption_iv__consumption__long_2023__change"
-0.0167383351010052,6.25529465890963,0.0650234550001597,TRUE,FALSE,"consumption__long_2023__change","consumption_iv__consumption__long_2023__change"
-0.0158084275953938,6.29038256115102,0.0645304767166269,TRUE,FALSE,"consumption__long_2023__change","consumption_iv__consumption__long_2023__change"
-0.0148785200897824,6.31631724391086,0.0641696987014969,TRUE,FALSE,"consumption__long_2023__change","consumption_iv__consumption__long_2023__change"
-0.013948612584171,6.33250504854002,0.0639460431946145,TRUE,FALSE,"consumption__long_2023__change","consumption_iv__consumption__long_2023__change"
-0.0130187050785596,6.33841793422322,0.0638646408521117,TRUE,FALSE,"consumption__long_2023__change","consumption_iv__consumption__long_2023__change"
-0.0120887975729482,6.33360796066049,0.0639308476519309,TRUE,FALSE,"consumption__long_2023__change","consumption_iv__consumption__long_2023__change"
-0.0111588900673368,6.31772085897745,0.0641502594576004,TRUE,FALSE,"consumption__long_2023__change","consumption_iv__consumption__long_2023__change"
-0.0102289825617254,6.290508082884,0.0645287232506341,TRUE,FALSE,"consumption__long_2023__change","consumption_iv__consumption__long_2023__change"
-0.00929907505611402,6.25183674744678,0.065072343987289,TRUE,FALSE,"consumption__long_2023__change","consumption_iv__consumption__long_2023__change"
-0.0083691675505026,6.20169691923503,0.0657874860134332,TRUE,FALSE,"consumption__long_2023__change","consumption_iv__consumption__long_2023__change"
-0.0074392600448912,6.140205818927,0.0666807679883972,TRUE,FALSE,"consumption__long_2023__change","consumption_iv__consumption__long_2023__change"
-0.00650935253927981,6.06760863142173,0.0677590503303033,TRUE,FALSE,"consumption__long_2023__change","consumption_iv__consumption__long_2023__change"
-0.00557944503366842,5.98427578066818,0.0690294143052663,TRUE,FALSE,"consumption__long_2023__change","consumption_iv__consumption__long_2023__change"
-0.00464953752805702,5.89069670490075,0.0704991320428266,TRUE,FALSE,"consumption__long_2023__change","consumption_iv__consumption__long_2023__change"
-0.0037196300224456,5.78747034860988,0.0721756269692404,TRUE,FALSE,"consumption__long_2023__change","consumption_iv__consumption__long_2023__change"
-0.00278972251683421,5.6752927555671,0.0740664244053212,TRUE,FALSE,"consumption__long_2023__change","consumption_iv__consumption__long_2023__change"
-0.00185981501122282,5.55494228887245,0.076179092369758,TRUE,FALSE,"consumption__long_2023__change","consumption_iv__consumption__long_2023__change"
-0.000929907505611421,5.42726310831593,0.0785211729528398,TRUE,FALSE,"consumption__long_2023__change","consumption_iv__consumption__long_2023__change"
0,5.29314759532326,0.0811001049671209,TRUE,FALSE,"consumption__long_2023__change","consumption_iv__consumption__long_2023__change"
0.000929907505611394,5.1535184289761,0.0839231389263267,TRUE,FALSE,"consumption__long_2023__change","consumption_iv__consumption__long_2023__change"
0.00185981501122279,5.00931098522221,0.0869972457360884,TRUE,FALSE,"consumption__long_2023__change","consumption_iv__consumption__long_2023__change"
0.00278972251683418,4.86145666158488,0.0903290207834224,TRUE,FALSE,"consumption__long_2023__change","consumption_iv__consumption__long_2023__change"
0.0037196300224456,4.71086763050274,0.093924585370309,TRUE,FALSE,"consumption__long_2023__change","consumption_iv__consumption__long_2023__change"
0.004649537528057,4.55842340652337,0.0977894876360595,TRUE,FALSE,"consumption__long_2023__change","consumption_iv__consumption__long_2023__change"
0.00557944503366839,4.40495948684881,0.101928605241148,TRUE,FALSE,"consumption__long_2023__change","consumption_iv__consumption__long_2023__change"
0.00650935253927978,4.25125820114993,0.106346052133769,TRUE,FALSE,"consumption__long_2023__change","consumption_iv__consumption__long_2023__change"
0.0074392600448912,4.09804179335025,0.11104509168468,TRUE,FALSE,"consumption__long_2023__change","consumption_iv__consumption__long_2023__change"
0.0083691675505026,3.94596766115179,0.116028058356026,TRUE,FALSE,"consumption__long_2023__change","consumption_iv__consumption__long_2023__change"
0.00929907505611399,3.79562560196329,0.121296289870324,TRUE,FALSE,"consumption__long_2023__change","consumption_iv__consumption__long_2023__change"
0.0102289825617254,3.64753685788821,0.126850071574799,TRUE,FALSE,"consumption__long_2023__change","consumption_iv__consumption__long_2023__change"
0.0111588900673368,3.50215471692757,0.132688594366473,TRUE,FALSE,"consumption__long_2023__change","consumption_iv__consumption__long_2023__change"
0.0120887975729482,3.35986641057193,0.138809927169412,TRUE,FALSE,"consumption__long_2023__change","consumption_iv__consumption__long_2023__change"
0.0130187050785596,3.22099604660316,0.145211004554334,TRUE,FALSE,"consumption__long_2023__change","consumption_iv__consumption__long_2023__change"
0.013948612584171,3.08580832688435,0.151887629679936,TRUE,FALSE,"consumption__long_2023__change","consumption_iv__consumption__long_2023__change"
0.0148785200897824,2.95451281981964,0.158834492331885,TRUE,FALSE,"consumption__long_2023__change","consumption_iv__consumption__long_2023__change"
0.0158084275953938,2.82726858287803,0.16604520145554,TRUE,FALSE,"consumption__long_2023__change","consumption_iv__consumption__long_2023__change"
0.0167383351010052,2.70418895937461,0.173512331235864,TRUE,FALSE,"consumption__long_2023__change","consumption_iv__consumption__long_2023__change"
0.0176682426066166,2.58534640337603,0.181227479483654,TRUE,FALSE,"consumption__long_2023__change","consumption_iv__consumption__long_2023__change"
0.018598150112228,2.47077721545049,0.189181336849147,TRUE,FALSE,"consumption__long_2023__change","consumption_iv__consumption__long_2023__change"
0.0195280576178394,2.36048609882285,0.197363765207158,TRUE,FALSE,"consumption__long_2023__change","consumption_iv__consumption__long_2023__change"
0.0204579651234508,2.25445046957184,0.205763883443158,TRUE,FALSE,"consumption__long_2023__change","consumption_iv__consumption__long_2023__change"
0.0213878726290622,2.15262447541394,0.214370158816299,TRUE,FALSE,"consumption__long_2023__change","consumption_iv__consumption__long_2023__change"
0.0223177801346736,2.0549426952474,0.223170502078907,TRUE,FALSE,"consumption__long_2023__change","consumption_iv__consumption__long_2023__change"
0.023247687640285,1.96132350606261,0.232152364586779,TRUE,FALSE,"consumption__long_2023__change","consumption_iv__consumption__long_2023__change"
0.0241775951458964,1.87167211528904,0.241302835733308,TRUE,FALSE,"consumption__long_2023__change","consumption_iv__consumption__long_2023__change"
0.0251075026515078,1.78588326545523,0.250608739174286,TRUE,FALSE,"consumption__long_2023__change","consumption_iv__consumption__long_2023__change"
0.0260374101571192,1.7038436245255,0.260056726471715,TRUE,FALSE,"consumption__long_2023__change","consumption_iv__consumption__long_2023__change"
0.0269673176627306,1.6254338798173,0.269633366963943,TRUE,FALSE,"consumption__long_2023__change","consumption_iv__consumption__long_2023__change"
0.027897225168342,1.55053055632638,0.279325232859408,TRUE,FALSE,"consumption__long_2023__change","consumption_iv__consumption__long_2023__change"
0.0288271326739534,1.4790075819199,0.289118978743875,TRUE,FALSE,"consumption__long_2023__change","consumption_iv__consumption__long_2023__change"
0.0297570401795648,1.41073762247578,0.29900141488062,TRUE,FALSE,"consumption__long_2023__change","consumption_iv__consumption__long_2023__change"
0.0306869476851762,1.34559320989867,0.30895957386387,TRUE,FALSE,"consumption__long_2023__change","consumption_iv__consumption__long_2023__change"
0.0316168551907876,1.28344768523051,0.318980770354127,TRUE,FALSE,"consumption__long_2023__change","consumption_iv__consumption__long_2023__change"
0.032546762696399,1.22417597796687,0.329052653776769,TRUE,FALSE,"consumption__long_2023__change","consumption_iv__consumption__long_2023__change"
0.0334766702020104,1.16765524132697,0.339163254000418,TRUE,FALSE,"consumption__long_2023__change","consumption_iv__consumption__long_2023__change"
0.0344065777076218,1.11376536171002,0.349301020128115,TRUE,FALSE,"consumption__long_2023__change","consumption_iv__consumption__long_2023__change"
0.0353364852132332,1.06238935899058,0.359454852631733,TRUE,FALSE,"consumption__long_2023__change","consumption_iv__consumption__long_2023__change"
0.0362663927188446,1.01341369271497,0.369614129139538,TRUE,FALSE,"consumption__long_2023__change","consumption_iv__consumption__long_2023__change"
0.037196300224456,0.966728487716137,0.379768724247823,TRUE,FALSE,"consumption__long_2023__change","consumption_iv__consumption__long_2023__change"
0.0381262077300674,0.922227691182866,0.389909023773289,TRUE,FALSE,"consumption__long_2023__change","consumption_iv__consumption__long_2023__change"
0.0390561152356788,0.879809171835832,0.400025933892709,TRUE,FALSE,"consumption__long_2023__change","consumption_iv__consumption__long_2023__change"
0.0399860227412902,0.839374770575921,0.410110885634438,TRUE,FALSE,"consumption__long_2023__change","consumption_iv__consumption__long_2023__change"
0.0409159302469016,0.800830310797485,0.420155835191901,TRUE,FALSE,"consumption__long_2023__change","consumption_iv__consumption__long_2023__change"
0.041845837752513,0.764085575492016,0.430153260526126,TRUE,FALSE,"consumption__long_2023__change","consumption_iv__consumption__long_2023__change"
0.0427757452581244,0.729054257309827,0.440096154713071,TRUE,FALSE,"consumption__long_2023__change","consumption_iv__consumption__long_2023__change"
0.0437056527637358,0.695653886891834,0.449978016473853,TRUE,FALSE,"consumption__long_2023__change","consumption_iv__consumption__long_2023__change"
0.0446355602693472,0.663805744022765,0.459792838304081,TRUE,FALSE,"consumption__long_2023__change","consumption_iv__consumption__long_2023__change"
0.0455654677749586,0.633434755488666,0.469535092592209,TRUE,FALSE,"consumption__long_2023__change","consumption_iv__consumption__long_2023__change"
0.04649537528057,0.604469382931319,0.479199716089125,TRUE,FALSE,"consumption__long_2023__change","consumption_iv__consumption__long_2023__change"
0.0474252827861814,0.57684150347884,0.488782093061435,TRUE,FALSE,"consumption__long_2023__change","consumption_iv__consumption__long_2023__change"
0.0483551902917928,0.550486285483833,0.498278037430872,TRUE,FALSE,"consumption__long_2023__change","consumption_iv__consumption__long_2023__change"
0.0492850977974042,0.525342061312409,0.507683774172332,TRUE,FALSE,"consumption__long_2023__change","consumption_iv__consumption__long_2023__change"
0.0502150053030156,0.501350198792996,0.51699592021359,TRUE,FALSE,"consumption__long_2023__change","consumption_iv__consumption__long_2023__change"
0.051144912808627,0.478454972644845,0.526211465051872,TRUE,FALSE,"consumption__long_2023__change","consumption_iv__consumption__long_2023__change"
0.0520748203142384,0.456603436960738,0.53532775127514,TRUE,FALSE,"consumption__long_2023__change","consumption_iv__consumption__long_2023__change"
0.0530047278198498,0.43574529960643,0.544342455151245,TRUE,FALSE,"consumption__long_2023__change","consumption_iv__consumption__long_2023__change"
0.0539346353254612,0.415832799221417,0.55325356742423,TRUE,FALSE,"consumption__long_2023__change","consumption_iv__consumption__long_2023__change"
0.0548645428310726,0.396820585352632,0.562059374436015,TRUE,FALSE,"consumption__long_2023__change","consumption_iv__consumption__long_2023__change"
0.055794450336684,0.378665602126516,0.570758439671256,TRUE,FALSE,"consumption__long_2023__change","consumption_iv__consumption__long_2023__change"
0.0567243578422954,0.361326975755057,0.579349585806434,TRUE,FALSE,"consumption__long_2023__change","consumption_iv__consumption__long_2023__change"
0.0576542653479068,0.344765906084982,0.587831877326695,TRUE,FALSE,"consumption__long_2023__change","consumption_iv__consumption__long_2023__change"
0.0585841728535182,0.328945562320659,0.596204603761674,TRUE,FALSE,"consumption__long_2023__change","consumption_iv__consumption__long_2023__change"
0.0595140803591296,0.313830982994342,0.604467263576673,TRUE,FALSE,"consumption__long_2023__change","consumption_iv__consumption__long_2023__change"
0.060443987864741,0.299388980202881,0.612619548746555,TRUE,FALSE,"consumption__long_2023__change","consumption_iv__consumption__long_2023__change"
0.0613738953703524,0.285588048091752,0.620661330028765,TRUE,FALSE,"consumption__long_2023__change","consumption_iv__consumption__long_2023__change"
0.0623038028759638,0.272398275533607,0.628592642943934,TRUE,FALSE,"consumption__long_2023__change","consumption_iv__consumption__long_2023__change"
0.0632337103815752,0.259791262921802,0.63641367446581,TRUE,FALSE,"consumption__long_2023__change","consumption_iv__consumption__long_2023__change"
0.0641636178871866,0.247740042980114,0.644124750415601,TRUE,FALSE,"consumption__long_2023__change","consumption_iv__consumption__long_2023__change"
0.065093525392798,0.236219005473456,0.651726323551302,TRUE,FALSE,"consumption__long_2023__change","consumption_iv__consumption__long_2023__change"
0.0660234328984094,0.225203825693294,0.659218962338171,TRUE,FALSE,"consumption__long_2023__change","consumption_iv__consumption__long_2023__change"
0.0669533404040208,0.214671396582953,0.666603340383365,TRUE,FALSE,"consumption__long_2023__change","consumption_iv__consumption__long_2023__change"
0.0678832479096322,0.20459976436334,0.673880226514623,TRUE,FALSE,"consumption__long_2023__change","consumption_iv__consumption__long_2023__change"
0.0688131554152436,0.194968067515347,0.681050475481553,TRUE,FALSE,"consumption__long_2023__change","consumption_iv__consumption__long_2023__change"
0.069743062920855,0.185756478975343,0.688115019255607,TRUE,FALSE,"consumption__long_2023__change","consumption_iv__consumption__long_2023__change"
0.0706729704264664,0.176946151399162,0.695074858904667,TRUE,FALSE,"consumption__long_2023__change","consumption_iv__consumption__long_2023__change"
0.0716028779320778,0.168519165352487,0.701931057016713,TRUE,FALSE,"consumption__long_2023__change","consumption_iv__consumption__long_2023__change"
0.0725327854376892,0.160458480287641,0.708684730646993,TRUE,FALSE,"consumption__long_2023__change","consumption_iv__consumption__long_2023__change"
0.0734626929433006,0.152747888169895,0.715337044763116,TRUE,FALSE,"consumption__long_2023__change","consumption_iv__consumption__long_2023__change"
0.074392600448912,0.145371969620508,0.721889206162405,TRUE,FALSE,"consumption__long_2023__change","consumption_iv__consumption__long_2023__change"
0.0753225079545234,0.138316052447878,0.728342457836299,TRUE,FALSE,"consumption__long_2023__change","consumption_iv__consumption__long_2023__change"
0.0762524154601348,0.131566172442727,0.734698073757062,TRUE,FALSE,"consumption__long_2023__change","consumption_iv__consumption__long_2023__change"
0.0771823229657462,0.12510903631815,0.740957354062596,TRUE,FALSE,"consumption__long_2023__change","consumption_iv__consumption__long_2023__change"
0.0781122304713576,0.118931986679944,0.74712162061615,TRUE,FALSE,"consumption__long_2023__change","consumption_iv__consumption__long_2023__change"
0.079042137976969,0.113022968917997,0.753192212918134,TRUE,FALSE,"consumption__long_2023__change","consumption_iv__consumption__long_2023__change"
0.0799720454825804,0.107370499914194,0.759170484348386,TRUE,FALSE,"consumption__long_2023__change","consumption_iv__consumption__long_2023__change"
0.0809019529881918,0.101963638467338,0.765057798717953,TRUE,FALSE,"consumption__long_2023__change","consumption_iv__consumption__long_2023__change"
0.0818318604938032,0.0967919573402751,0.770855527110569,TRUE,FALSE,"consumption__long_2023__change","consumption_iv__consumption__long_2023__change"
0.0827617679994146,0.0918455168393843,0.776565044994611,TRUE,FALSE,"consumption__long_2023__change","consumption_iv__consumption__long_2023__change"
0.083691675505026,0.0871148398407385,0.782187729587775,TRUE,FALSE,"consumption__long_2023__change","consumption_iv__consumption__long_2023__change"
0.0846215830106374,0.0825908881823051,0.78772495745691,TRUE,FALSE,"consumption__long_2023__change","consumption_iv__consumption__long_2023__change"
0.0855514905162488,0.0782650403451925,0.793178102337113,TRUE,FALSE,"consumption__long_2023__change","consumption_iv__consumption__long_2023__change"
0.0864813980218602,0.0741290703514579,0.798548533154628,TRUE,FALSE,"consumption__long_2023__change","consumption_iv__consumption__long_2023__change"
0.0874113055274716,0.0701751278099941,0.803837612238863,TRUE,FALSE,"consumption__long_2023__change","consumption_iv__consumption__long_2023__change"
0.088341213033083,0.06639571904536,0.809046693710231,TRUE,FALSE,"consumption__long_2023__change","consumption_iv__consumption__long_2023__change"
0.0892711205386944,0.062783689248474,0.81417712203076,TRUE,FALSE,"consumption__long_2023__change","consumption_iv__consumption__long_2023__change"
0.0902010280443058,0.0593322055913183,0.819230230705437,TRUE,FALSE,"consumption__long_2023__change","consumption_iv__consumption__long_2023__change"
0.0911309355499172,0.0560347412510038,0.824207341123105,TRUE,FALSE,"consumption__long_2023__change","consumption_iv__consumption__long_2023__change"
0.0920608430555286,0.0528850602918031,0.829109761526198,TRUE,FALSE,"consumption__long_2023__change","consumption_iv__consumption__long_2023__change"
0.09299075056114,0.0498772033565813,0.833938786099457,TRUE,FALSE,"consumption__long_2023__change","consumption_iv__consumption__long_2023__change"
0.0939206580667514,0.0470054741218336,0.838695694168407,TRUE,FALSE,"consumption__long_2023__change","consumption_iv__consumption__long_2023__change"
0.0948505655723628,0.0442644264732117,0.843381749498961,TRUE,FALSE,"consumption__long_2023__change","consumption_iv__consumption__long_2023__change"
0.0957804730779742,0.0416488523609895,0.847998199689908,TRUE,FALSE,"consumption__long_2023__change","consumption_iv__consumption__long_2023__change"
0.0967103805835856,0.0391537702970093,0.852546275651069,TRUE,FALSE,"consumption__long_2023__change","consumption_iv__consumption__long_2023__change"
0.097640288089197,0.036774414457208,0.857027191159837,TRUE,FALSE,"consumption__long_2023__change","consumption_iv__consumption__long_2023__change"
0.0985701955948084,0.034506224355631,0.861442142489772,TRUE,FALSE,"consumption__long_2023__change","consumption_iv__consumption__long_2023__change"
0.0995001031004198,0.032344835057975,0.865792308105141,TRUE,FALSE,"consumption__long_2023__change","consumption_iv__consumption__long_2023__change"
0.100430010606031,0.0302860679045327,0.870078848415745,TRUE,FALSE,"consumption__long_2023__change","consumption_iv__consumption__long_2023__change"
0.101359918111643,0.0283259217141274,0.87430290558685,TRUE,FALSE,"consumption__long_2023__change","consumption_iv__consumption__long_2023__change"
0.102289825617254,0.0264605644422982,0.8784656033994,TRUE,FALSE,"consumption__long_2023__change","consumption_iv__consumption__long_2023__change"
0.103219733122865,0.0246863252685634,0.882568047156002,TRUE,FALSE,"consumption__long_2023__change","consumption_iv__consumption__long_2023__change"
0.104149640628477,0.0229996870890946,0.886611323628403,TRUE,FALSE,"consumption__long_2023__change","consumption_iv__consumption__long_2023__change"
0.105079548134088,0.0213972793923077,0.890596501042971,TRUE,FALSE,"consumption__long_2023__change","consumption_iv__consumption__long_2023__change"
0.1060094556397,0.0198758714965477,0.894524629100093,TRUE,FALSE,"consumption__long_2023__change","consumption_iv__consumption__long_2023__change"
0.106939363145311,0.0184323661298266,0.898396739024724,TRUE,FALSE,"consumption__long_2023__change","consumption_iv__consumption__long_2023__change"
0.107869270650922,0.0170637933330794,0.902213843644692,TRUE,FALSE,"consumption__long_2023__change","consumption_iv__consumption__long_2023__change"
0.108799178156534,0.0157673046692954,0.905976937494045,TRUE,FALSE,"consumption__long_2023__change","consumption_iv__consumption__long_2023__change"
0.109729085662145,0.0145401677218838,0.909686996939024,TRUE,FALSE,"consumption__long_2023__change","consumption_iv__consumption__long_2023__change"
0.110658993167757,0.0133797608667415,0.913344980323988,TRUE,FALSE,"consumption__long_2023__change","consumption_iv__consumption__long_2023__change"
0.111588900673368,0.0122835683032152,0.916951828135299,TRUE,FALSE,"consumption__long_2023__change","consumption_iv__consumption__long_2023__change"
0.112518808178979,0.0112491753300933,0.920508463181072,TRUE,FALSE,"consumption__long_2023__change","consumption_iv__consumption__long_2023__change"
0.113448715684591,0.0102742638534952,0.924015790785047,TRUE,FALSE,"consumption__long_2023__change","consumption_iv__consumption__long_2023__change"
0.114378623190202,0.00935660811439203,0.927474698992586,TRUE,FALSE,"consumption__long_2023__change","consumption_iv__consumption__long_2023__change"
0.115308530695814,0.00849407062400156,0.930886058787585,TRUE,FALSE,"consumption__long_2023__change","consumption_iv__consumption__long_2023__change"
0.116238438201425,0.00768459829613849,0.934250724318642,TRUE,FALSE,"consumption__long_2023__change","consumption_iv__consumption__long_2023__change"
0.117168345707036,0.00692621876614254,0.937569533133156,TRUE,FALSE,"consumption__long_2023__change","consumption_iv__consumption__long_2023__change"
0.118098253212648,0.00621703688655942,0.940843306418341,TRUE,FALSE,"consumption__long_2023__change","consumption_iv__consumption__long_2023__change"
0.119028160718259,0.00555523139041299,0.944072849247728,TRUE,FALSE,"consumption__long_2023__change","consumption_iv__consumption__long_2023__change"
0.119958068223871,0.00493905171325824,0.947258950832555,TRUE,FALSE,"consumption__long_2023__change","consumption_iv__consumption__long_2023__change"
0.120887975729482,0.00436681496585896,0.950402384776795,TRUE,FALSE,"consumption__long_2023__change","consumption_iv__consumption__long_2023__change"
0.121817883235093,0.00383690304970449,0.953503909335015,TRUE,FALSE,"consumption__long_2023__change","consumption_iv__consumption__long_2023__change"
0.122747790740705,0.00334775990796455,0.956564267672613,TRUE,FALSE,"consumption__long_2023__change","consumption_iv__consumption__long_2023__change"
0.123677698246316,0.00289788890503116,0.959584188127301,TRUE,FALSE,"consumption__long_2023__change","consumption_iv__consumption__long_2023__change"
0.124607605751928,0.00248585032802941,0.962564384471519,TRUE,FALSE,"consumption__long_2023__change","consumption_iv__consumption__long_2023__change"
0.125537513257539,0.00211025900412924,0.965505556175089,TRUE,FALSE,"consumption__long_2023__change","consumption_iv__consumption__long_2023__change"
0.12646742076315,0.00176978202779827,0.968408388667585,TRUE,FALSE,"consumption__long_2023__change","consumption_iv__consumption__long_2023__change"
0.127397328268762,0.00146313659244245,0.971273553600109,TRUE,FALSE,"consumption__long_2023__change","consumption_iv__consumption__long_2023__change"
0.128327235774373,0.00118908792123963,0.974101709105689,TRUE,FALSE,"consumption__long_2023__change","consumption_iv__consumption__long_2023__change"
0.129257143279985,0.000946447292154881,0.976893500058426,TRUE,FALSE,"consumption__long_2023__change","consumption_iv__consumption__long_2023__change"
0.130187050785596,0.000734070152503496,0.979649558330586,TRUE,FALSE,"consumption__long_2023__change","consumption_iv__consumption__long_2023__change"
0.131116958291207,0.000550854318589383,0.982370503047712,TRUE,FALSE,"consumption__long_2023__change","consumption_iv__consumption__long_2023__change"
0.132046865796819,0.00039573825624587,0.985056940841229,TRUE,FALSE,"consumption__long_2023__change","consumption_iv__consumption__long_2023__change"
0.13297677330243,0.000267699438300153,0.987709466098316,TRUE,FALSE,"consumption__long_2023__change","consumption_iv__consumption__long_2023__change"
0.133906680808042,0.000165752775181424,0.990328661209127,TRUE,FALSE,"consumption__long_2023__change","consumption_iv__consumption__long_2023__change"
0.134836588313653,8.89491151321596e-05,0.992915096810848,TRUE,FALSE,"consumption__long_2023__change","consumption_iv__consumption__long_2023__change"
0.135766495819264,3.63738106367517e-05,0.995469332028523,TRUE,FALSE,"consumption__long_2023__change","consumption_iv__consumption__long_2023__change"
0.136696403324876,7.14534786564534e-06,0.997991914712624,TRUE,FALSE,"consumption__long_2023__change","consumption_iv__consumption__long_2023__change"
0.137626310830487,4.14036108682378e-07,0.999516618326847,TRUE,FALSE,"consumption__long_2023__change","consumption_iv__consumption__long_2023__change"
0.138556218336099,1.53607543224026e-05,0.997055741089862,TRUE,FALSE,"consumption__long_2023__change","consumption_iv__consumption__long_2023__change"
0.13948612584171,5.11957520667164e-05,0.9946249381594,TRUE,FALSE,"consumption__long_2023__change","consumption_iv__consumption__long_2023__change"
0.140416033347321,0.000107157502247096,0.992223704478303,TRUE,FALSE,"consumption__long_2023__change","consumption_iv__consumption__long_2023__change"
0.141345940852933,0.000182511603213486,0.989851545129759,TRUE,FALSE,"consumption__long_2023__change","consumption_iv__consumption__long_2023__change"
0.142275848358544,0.000276549727888565,0.987507975121674,TRUE,FALSE,"consumption__long_2023__change","consumption_iv__consumption__long_2023__change"
0.143205755864156,0.00038858861772008,0.985192519174837,TRUE,FALSE,"consumption__long_2023__change","consumption_iv__consumption__long_2023__change"
0.144135663369767,0.000517969119364024,0.982904711514919,TRUE,FALSE,"consumption__long_2023__change","consumption_iv__consumption__long_2023__change"
0.145065570875378,0.000664055262111474,0.980644095668317,TRUE,FALSE,"consumption__long_2023__change","consumption_iv__consumption__long_2023__change"
0.14599547838099,0.000826233374167346,0.978410224261897,TRUE,FALSE,"consumption__long_2023__change","consumption_iv__consumption__long_2023__change"
0.146925385886601,0.00100391123599724,0.976202658826507,TRUE,FALSE,"consumption__long_2023__change","consumption_iv__consumption__long_2023__change"
0.147855293392213,0.00119651726902828,0.974020969604418,TRUE,FALSE,"consumption__long_2023__change","consumption_iv__consumption__long_2023__change"
0.148785200897824,0.00140349975809662,0.971864735360505,TRUE,FALSE,"consumption__long_2023__change","consumption_iv__consumption__long_2023__change"
0.149715108403435,0.00162432610609285,0.969733543197303,TRUE,FALSE,"consumption__long_2023__change","consumption_iv__consumption__long_2023__change"
0.150645015909047,0.00185848211935929,0.967626988373733,TRUE,FALSE,"consumption__long_2023__change","consumption_iv__consumption__long_2023__change"
0.151574923414658,0.00210547132243868,0.965544674127588,TRUE,FALSE,"consumption__long_2023__change","consumption_iv__consumption__long_2023__change"
0.15250483092027,0.00236481430084749,0.963486211501781,TRUE,FALSE,"consumption__long_2023__change","consumption_iv__consumption__long_2023__change"
0.153434738425881,0.00263604807064469,0.961451219174088,TRUE,FALSE,"consumption__long_2023__change","consumption_iv__consumption__long_2023__change"
0.154364645931492,0.00291872547354915,0.959439323290747,TRUE,FALSE,"consumption__long_2023__change","consumption_iv__consumption__long_2023__change"
0.155294553437104,0.00321241459654613,0.957450157303281,TRUE,FALSE,"consumption__long_2023__change","consumption_iv__consumption__long_2023__change"
0.156224460942715,0.00351669821480776,0.955483361809171,TRUE,FALSE,"consumption__long_2023__change","consumption_iv__consumption__long_2023__change"
0.157154368448327,0.0038311732569802,0.953538584395748,TRUE,FALSE,"consumption__long_2023__change","consumption_iv__consumption__long_2023__change"
0.158084275953938,0.00415545029180785,0.951615479487582,TRUE,FALSE,"consumption__long_2023__change","consumption_iv__consumption__long_2023__change"
0.159014183459549,0.00448915303516897,0.949713708197251,TRUE,FALSE,"consumption__long_2023__change","consumption_iv__consumption__long_2023__change"
0.159944090965161,0.00483191787665254,0.947832938179334,TRUE,FALSE,"consumption__long_2023__change","consumption_iv__consumption__long_2023__change"
0.160873998470772,0.00518339342479736,0.945972843487734,TRUE,FALSE,"consumption__long_2023__change","consumption_iv__consumption__long_2023__change"
0.161803905976384,0.00554324007022613,0.944133104436069,TRUE,FALSE,"consumption__long_2023__change","consumption_iv__consumption__long_2023__change"
0.162733813481995,0.00591112956585256,0.94231340746135,TRUE,FALSE,"consumption__long_2023__change","consumption_iv__consumption__long_2023__change"
0.163663720987606,0.00628674462350105,0.940513444990504,TRUE,FALSE,"consumption__long_2023__change","consumption_iv__consumption__long_2023__change"
0.164593628493218,0.0066697785261403,0.938732915310201,TRUE,FALSE,"consumption__long_2023__change","consumption_iv__consumption__long_2023__change"
0.165523535998829,0.00705993475517782,0.936971522439342,TRUE,FALSE,"consumption__long_2023__change","consumption_iv__consumption__long_2023__change"
0.166453443504441,0.00745692663207541,0.935228976004676,TRUE,FALSE,"consumption__long_2023__change","consumption_iv__consumption__long_2023__change"
0.167383351010052,0.00786047697377978,0.933504991119013,TRUE,FALSE,"consumption__long_2023__change","consumption_iv__consumption__long_2023__change"
0.168313258515663,0.00827031776125972,0.93179928826255,TRUE,FALSE,"consumption__long_2023__change","consumption_iv__consumption__long_2023__change"
0.169243166021275,0.00868618982076886,0.930111593166514,TRUE,FALSE,"consumption__long_2023__change","consumption_iv__consumption__long_2023__change"
0.170173073526886,0.00910784251711213,0.928441636699887,TRUE,FALSE,"consumption__long_2023__change","consumption_iv__consumption__long_2023__change"
0.171102981032498,0.00953503345861073,0.926789154758353,TRUE,FALSE,"consumption__long_2023__change","consumption_iv__consumption__long_2023__change"
0.172032888538109,0.00996752821311062,0.925153888156095,TRUE,FALSE,"consumption__long_2023__change","consumption_iv__consumption__long_2023__change"
0.17296279604372,0.0104051000346941,0.923535582519936,TRUE,FALSE,"consumption__long_2023__change","consumption_iv__consumption__long_2023__change"
0.173892703549332,0.0108475296006169,0.921933988185921,TRUE,FALSE,"consumption__long_2023__change","consumption_iv__consumption__long_2023__change"
0.174822611054943,0.0112946047580087,0.920348860098438,TRUE,FALSE,"consumption__long_2023__change","consumption_iv__consumption__long_2023__change"
0.175752518560555,0.0117461202800442,0.918779957711446,TRUE,FALSE,"consumption__long_2023__change","consumption_iv__consumption__long_2023__change"
0.176682426066166,0.0122018776310877,0.917227044892166,TRUE,FALSE,"consumption__long_2023__change","consumption_iv__consumption__long_2023__change"
0.177612333571777,0.0126616847405169,0.91568988982693,TRUE,FALSE,"consumption__long_2023__change","consumption_iv__consumption__long_2023__change"
0.178542241077389,0.0131253557848457,0.914168264929251,TRUE,FALSE,"consumption__long_2023__change","consumption_iv__consumption__long_2023__change"
0.179472148583,0.0135927109778434,0.912661946749953,TRUE,FALSE,"consumption__long_2023__change","consumption_iv__consumption__long_2023__change"
0.180402056088612,0.0140635763682988,0.911170715889428,TRUE,FALSE,"consumption__long_2023__change","consumption_iv__consumption__long_2023__change"
0.181331963594223,0.0145377836451009,0.909694356912031,TRUE,FALSE,"consumption__long_2023__change","consumption_iv__consumption__long_2023__change"
0.182261871099834,0.0150151699494732,0.908232658262173,TRUE,FALSE,"consumption__long_2023__change","consumption_iv__consumption__long_2023__change"
0.183191778605446,0.0154955776938592,0.906785412182755,TRUE,FALSE,"consumption__long_2023__change","consumption_iv__consumption__long_2023__change"
0.184121686111057,0.0159788543874481,0.905352414635096,TRUE,FALSE,"consumption__long_2023__change","consumption_iv__consumption__long_2023__change"
0.185051593616669,0.0164648524678708,0.903933465220988,TRUE,FALSE,"consumption__long_2023__change","consumption_iv__consumption__long_2023__change"
0.18598150112228,0.016953429138926,0.902528367106499,TRUE,FALSE,"consumption__long_2023__change","consumption_iv__consumption__long_2023__change"
