"specification_id","adjustment_id","construction_id","fixed_effect","instrument","tested_covariates","n_tested_covariates","joint_f","joint_p","n","status","reason","construct_id","treatment","analysis_id","analysis_scope","domain","margin","source_side","paper_role","label"
"unadjusted__nonzero_mean","unadjusted","nonzero_mean","none","ling_distance_nonzero_mean","log_population_2001;urban_share_2001;adult_secondary_plus_share_2001;sc_share_2001;st_share_2001;muslim_share_2001;dependency_ratio_2001;electricity_access_share_2001;log_population_density_2001;literacy_share_2001;worker_share_2001;cultivator_share_workers_2001;agricultural_labourer_share_workers_2001",13,2.32186853066933,0.147133369536129,520,"estimated",NA,"emi_total_0708","dise_emi_enrollment_share_total_0708","dise_weak_iv__emi_total_0708__unadjusted__nonzero_mean","structural_iv","medium","enrollment_composition","administrative_equilibrium","formal_english_exposure","DISE 2007-08 English-medium enrollment / total enrollment"
"unadjusted__distant_share","unadjusted","distant_share","none","ling_share_distance_ge3","log_population_2001;urban_share_2001;adult_secondary_plus_share_2001;sc_share_2001;st_share_2001;muslim_share_2001;dependency_ratio_2001;electricity_access_share_2001;log_population_density_2001;literacy_share_2001;worker_share_2001;cultivator_share_workers_2001;agricultural_labourer_share_workers_2001",13,14.4182531044417,0.00139621697098122,520,"estimated",NA,"emi_total_0708","dise_emi_enrollment_share_total_0708","dise_weak_iv__emi_total_0708__unadjusted__distant_share","structural_iv","medium","enrollment_composition","administrative_equilibrium","formal_english_exposure","DISE 2007-08 English-medium enrollment / total enrollment"
"unadjusted__top3_legacy","unadjusted","top3_legacy","none","ling_distance_top3_legacy","log_population_2001;urban_share_2001;adult_secondary_plus_share_2001;sc_share_2001;st_share_2001;muslim_share_2001;dependency_ratio_2001;electricity_access_share_2001;log_population_density_2001;literacy_share_2001;worker_share_2001;cultivator_share_workers_2001;agricultural_labourer_share_workers_2001",13,4.49424170929674,0.0337323468809328,520,"estimated",NA,"emi_total_0708","dise_emi_enrollment_share_total_0708","dise_weak_iv__emi_total_0708__unadjusted__top3_legacy","structural_iv","medium","enrollment_composition","administrative_equilibrium","formal_english_exposure","DISE 2007-08 English-medium enrollment / total enrollment"
"unadjusted__nonzero_mean_hindi_urdu","unadjusted","nonzero_mean_hindi_urdu","none","ling_distance_nonzero_mean","log_population_2001;urban_share_2001;adult_secondary_plus_share_2001;sc_share_2001;st_share_2001;muslim_share_2001;dependency_ratio_2001;electricity_access_share_2001;log_population_density_2001;literacy_share_2001;worker_share_2001;cultivator_share_workers_2001;agricultural_labourer_share_workers_2001",13,1.83742814125664,0.218333533738556,520,"estimated",NA,"emi_total_0708","dise_emi_enrollment_share_total_0708","dise_weak_iv__emi_total_0708__unadjusted__nonzero_mean_hindi_urdu","structural_iv","medium","enrollment_composition","administrative_equilibrium","formal_english_exposure","DISE 2007-08 English-medium enrollment / total enrollment"
"unadjusted__nonzero_mean_shastry","unadjusted","nonzero_mean_shastry","none","ling_distance_nonzero_mean","log_population_2001;urban_share_2001;adult_secondary_plus_share_2001;sc_share_2001;st_share_2001;muslim_share_2001;dependency_ratio_2001;electricity_access_share_2001;log_population_density_2001;literacy_share_2001;worker_share_2001;cultivator_share_workers_2001;agricultural_labourer_share_workers_2001",13,2.19502641904991,0.15672594841842,520,"estimated",NA,"emi_total_0708","dise_emi_enrollment_share_total_0708","dise_weak_iv__emi_total_0708__unadjusted__nonzero_mean_shastry","structural_iv","medium","enrollment_composition","administrative_equilibrium","formal_english_exposure","DISE 2007-08 English-medium enrollment / total enrollment"
"unadjusted__nonzero_mean_sensitivity_low","unadjusted","nonzero_mean_sensitivity_low","none","ling_distance_nonzero_mean_sensitivity_low","log_population_2001;urban_share_2001;adult_secondary_plus_share_2001;sc_share_2001;st_share_2001;muslim_share_2001;dependency_ratio_2001;electricity_access_share_2001;log_population_density_2001;literacy_share_2001;worker_share_2001;cultivator_share_workers_2001;agricultural_labourer_share_workers_2001",13,2.18503136351337,0.158150209314059,520,"estimated",NA,"emi_total_0708","dise_emi_enrollment_share_total_0708","dise_weak_iv__emi_total_0708__unadjusted__nonzero_mean_sensitivity_low","structural_iv","medium","enrollment_composition","administrative_equilibrium","formal_english_exposure","DISE 2007-08 English-medium enrollment / total enrollment"
"unadjusted__nonzero_mean_sensitivity_high","unadjusted","nonzero_mean_sensitivity_high","none","ling_distance_nonzero_mean_sensitivity_high","log_population_2001;urban_share_2001;adult_secondary_plus_share_2001;sc_share_2001;st_share_2001;muslim_share_2001;dependency_ratio_2001;electricity_access_share_2001;log_population_density_2001;literacy_share_2001;worker_share_2001;cultivator_share_workers_2001;agricultural_labourer_share_workers_2001",13,2.50799771639936,0.119241579116923,520,"estimated",NA,"emi_total_0708","dise_emi_enrollment_share_total_0708","dise_weak_iv__emi_total_0708__unadjusted__nonzero_mean_sensitivity_high","structural_iv","medium","enrollment_composition","administrative_equilibrium","formal_english_exposure","DISE 2007-08 English-medium enrollment / total enrollment"
"unadjusted__nonzero_mean_hindi_urdu_separate","unadjusted","nonzero_mean_hindi_urdu_separate","none","ling_distance_nonzero_mean","log_population_2001;urban_share_2001;adult_secondary_plus_share_2001;sc_share_2001;st_share_2001;muslim_share_2001;dependency_ratio_2001;electricity_access_share_2001;log_population_density_2001;literacy_share_2001;worker_share_2001;cultivator_share_workers_2001;agricultural_labourer_share_workers_2001",13,2.43858789653027,0.126390978142058,520,"estimated",NA,"emi_total_0708","dise_emi_enrollment_share_total_0708","dise_weak_iv__emi_total_0708__unadjusted__nonzero_mean_hindi_urdu_separate","structural_iv","medium","enrollment_composition","administrative_equilibrium","formal_english_exposure","DISE 2007-08 English-medium enrollment / total enrollment"
"unadjusted__glottolog_mean","unadjusted","glottolog_mean","none","ling_distance_glottolog_nonhindi_mean","log_population_2001;urban_share_2001;adult_secondary_plus_share_2001;sc_share_2001;st_share_2001;muslim_share_2001;dependency_ratio_2001;electricity_access_share_2001;log_population_density_2001;literacy_share_2001;worker_share_2001;cultivator_share_workers_2001;agricultural_labourer_share_workers_2001",13,1.77198899083359,0.241251672038279,520,"estimated",NA,"emi_total_0708","dise_emi_enrollment_share_total_0708","dise_weak_iv__emi_total_0708__unadjusted__glottolog_mean","structural_iv","medium","enrollment_composition","administrative_equilibrium","formal_english_exposure","DISE 2007-08 English-medium enrollment / total enrollment"
"unadjusted__glottolog_mean_shastry","unadjusted","glottolog_mean_shastry","none","ling_distance_glottolog_nonhindi_mean","log_population_2001;urban_share_2001;adult_secondary_plus_share_2001;sc_share_2001;st_share_2001;muslim_share_2001;dependency_ratio_2001;electricity_access_share_2001;log_population_density_2001;literacy_share_2001;worker_share_2001;cultivator_share_workers_2001;agricultural_labourer_share_workers_2001",13,1.72428412749918,0.245404787370491,520,"estimated",NA,"emi_total_0708","dise_emi_enrollment_share_total_0708","dise_weak_iv__emi_total_0708__unadjusted__glottolog_mean_shastry","structural_iv","medium","enrollment_composition","administrative_equilibrium","formal_english_exposure","DISE 2007-08 English-medium enrollment / total enrollment"
"unadjusted__dyen_noncognate","unadjusted","dyen_noncognate","none","ling_distance_dyen_noncognate_pct","log_population_2001;urban_share_2001;adult_secondary_plus_share_2001;sc_share_2001;st_share_2001;muslim_share_2001;dependency_ratio_2001;electricity_access_share_2001;log_population_density_2001;literacy_share_2001;worker_share_2001;cultivator_share_workers_2001;agricultural_labourer_share_workers_2001",13,3.70141925482465,0.0537808913114654,520,"estimated",NA,"emi_total_0708","dise_emi_enrollment_share_total_0708","dise_weak_iv__emi_total_0708__unadjusted__dyen_noncognate","structural_iv","medium","enrollment_composition","administrative_equilibrium","formal_english_exposure","DISE 2007-08 English-medium enrollment / total enrollment"
"unadjusted__dyen_noncognate_shastry","unadjusted","dyen_noncognate_shastry","none","ling_distance_dyen_noncognate_pct","log_population_2001;urban_share_2001;adult_secondary_plus_share_2001;sc_share_2001;st_share_2001;muslim_share_2001;dependency_ratio_2001;electricity_access_share_2001;log_population_density_2001;literacy_share_2001;worker_share_2001;cultivator_share_workers_2001;agricultural_labourer_share_workers_2001",13,2.94169256514477,0.084096511293735,520,"estimated",NA,"emi_total_0708","dise_emi_enrollment_share_total_0708","dise_weak_iv__emi_total_0708__unadjusted__dyen_noncognate_shastry","structural_iv","medium","enrollment_composition","administrative_equilibrium","formal_english_exposure","DISE 2007-08 English-medium enrollment / total enrollment"
"region_main__nonzero_mean","region_main","nonzero_mean","region","ling_distance_nonzero_mean","literacy_share_2001;worker_share_2001;cultivator_share_workers_2001;agricultural_labourer_share_workers_2001",4,8.74894519045474,0.000692958306324427,520,"estimated",NA,"emi_total_0708","dise_emi_enrollment_share_total_0708","dise_weak_iv__emi_total_0708__region_main__nonzero_mean","structural_iv","medium","enrollment_composition","administrative_equilibrium","formal_english_exposure","DISE 2007-08 English-medium enrollment / total enrollment"
"region_main__distant_share","region_main","distant_share","region","ling_share_distance_ge3","literacy_share_2001;worker_share_2001;cultivator_share_workers_2001;agricultural_labourer_share_workers_2001",4,1.96553055627555,0.150515498877165,520,"estimated",NA,"emi_total_0708","dise_emi_enrollment_share_total_0708","dise_weak_iv__emi_total_0708__region_main__distant_share","structural_iv","medium","enrollment_composition","administrative_equilibrium","formal_english_exposure","DISE 2007-08 English-medium enrollment / total enrollment"
"region_main__top3_legacy","region_main","top3_legacy","region","ling_distance_top3_legacy","literacy_share_2001;worker_share_2001;cultivator_share_workers_2001;agricultural_labourer_share_workers_2001",4,0.906210816732607,0.484576981229452,520,"estimated",NA,"emi_total_0708","dise_emi_enrollment_share_total_0708","dise_weak_iv__emi_total_0708__region_main__top3_legacy","structural_iv","medium","enrollment_composition","administrative_equilibrium","formal_english_exposure","DISE 2007-08 English-medium enrollment / total enrollment"
"region_main__nonzero_mean_hindi_urdu","region_main","nonzero_mean_hindi_urdu","region","ling_distance_nonzero_mean","literacy_share_2001;worker_share_2001;cultivator_share_workers_2001;agricultural_labourer_share_workers_2001",4,7.86650678587335,0.00120220028769066,520,"estimated",NA,"emi_total_0708","dise_emi_enrollment_share_total_0708","dise_weak_iv__emi_total_0708__region_main__nonzero_mean_hindi_urdu","structural_iv","medium","enrollment_composition","administrative_equilibrium","formal_english_exposure","DISE 2007-08 English-medium enrollment / total enrollment"
"region_main__nonzero_mean_shastry","region_main","nonzero_mean_shastry","region","ling_distance_nonzero_mean","literacy_share_2001;worker_share_2001;cultivator_share_workers_2001;agricultural_labourer_share_workers_2001",4,7.30135098484133,0.00177536617001818,520,"estimated",NA,"emi_total_0708","dise_emi_enrollment_share_total_0708","dise_weak_iv__emi_total_0708__region_main__nonzero_mean_shastry","structural_iv","medium","enrollment_composition","administrative_equilibrium","formal_english_exposure","DISE 2007-08 English-medium enrollment / total enrollment"
"region_main__nonzero_mean_sensitivity_low","region_main","nonzero_mean_sensitivity_low","region","ling_distance_nonzero_mean_sensitivity_low","literacy_share_2001;worker_share_2001;cultivator_share_workers_2001;agricultural_labourer_share_workers_2001",4,7.34003649561711,0.00173189030488216,520,"estimated",NA,"emi_total_0708","dise_emi_enrollment_share_total_0708","dise_weak_iv__emi_total_0708__region_main__nonzero_mean_sensitivity_low","structural_iv","medium","enrollment_composition","administrative_equilibrium","formal_english_exposure","DISE 2007-08 English-medium enrollment / total enrollment"
"region_main__nonzero_mean_sensitivity_high","region_main","nonzero_mean_sensitivity_high","region","ling_distance_nonzero_mean_sensitivity_high","literacy_share_2001;worker_share_2001;cultivator_share_workers_2001;agricultural_labourer_share_workers_2001",4,5.23630632420194,0.0075847203782733,520,"estimated",NA,"emi_total_0708","dise_emi_enrollment_share_total_0708","dise_weak_iv__emi_total_0708__region_main__nonzero_mean_sensitivity_high","structural_iv","medium","enrollment_composition","administrative_equilibrium","formal_english_exposure","DISE 2007-08 English-medium enrollment / total enrollment"
"region_main__nonzero_mean_hindi_urdu_separate","region_main","nonzero_mean_hindi_urdu_separate","region","ling_distance_nonzero_mean","literacy_share_2001;worker_share_2001;cultivator_share_workers_2001;agricultural_labourer_share_workers_2001",4,8.52022383431927,0.000794334533962523,520,"estimated",NA,"emi_total_0708","dise_emi_enrollment_share_total_0708","dise_weak_iv__emi_total_0708__region_main__nonzero_mean_hindi_urdu_separate","structural_iv","medium","enrollment_composition","administrative_equilibrium","formal_english_exposure","DISE 2007-08 English-medium enrollment / total enrollment"
"region_main__glottolog_mean","region_main","glottolog_mean","region","ling_distance_glottolog_nonhindi_mean","literacy_share_2001;worker_share_2001;cultivator_share_workers_2001;agricultural_labourer_share_workers_2001",4,1.43448248818305,0.269804801837459,520,"estimated",NA,"emi_total_0708","dise_emi_enrollment_share_total_0708","dise_weak_iv__emi_total_0708__region_main__glottolog_mean","structural_iv","medium","enrollment_composition","administrative_equilibrium","formal_english_exposure","DISE 2007-08 English-medium enrollment / total enrollment"
"region_main__glottolog_mean_shastry","region_main","glottolog_mean_shastry","region","ling_distance_glottolog_nonhindi_mean","literacy_share_2001;worker_share_2001;cultivator_share_workers_2001;agricultural_labourer_share_workers_2001",4,1.50420130627527,0.250596857157463,520,"estimated",NA,"emi_total_0708","dise_emi_enrollment_share_total_0708","dise_weak_iv__emi_total_0708__region_main__glottolog_mean_shastry","structural_iv","medium","enrollment_composition","administrative_equilibrium","formal_english_exposure","DISE 2007-08 English-medium enrollment / total enrollment"
"region_main__dyen_noncognate","region_main","dyen_noncognate","region","ling_distance_dyen_noncognate_pct","literacy_share_2001;worker_share_2001;cultivator_share_workers_2001;agricultural_labourer_share_workers_2001",4,3.31980912074319,0.0380913170013376,520,"estimated",NA,"emi_total_0708","dise_emi_enrollment_share_total_0708","dise_weak_iv__emi_total_0708__region_main__dyen_noncognate","structural_iv","medium","enrollment_composition","administrative_equilibrium","formal_english_exposure","DISE 2007-08 English-medium enrollment / total enrollment"
"region_main__dyen_noncognate_shastry","region_main","dyen_noncognate_shastry","region","ling_distance_dyen_noncognate_pct","literacy_share_2001;worker_share_2001;cultivator_share_workers_2001;agricultural_labourer_share_workers_2001",4,3.54501034342537,0.0314453773166405,520,"estimated",NA,"emi_total_0708","dise_emi_enrollment_share_total_0708","dise_weak_iv__emi_total_0708__region_main__dyen_noncognate_shastry","structural_iv","medium","enrollment_composition","administrative_equilibrium","formal_english_exposure","DISE 2007-08 English-medium enrollment / total enrollment"
"region_expanded__nonzero_mean",NA,NA,NA,NA,NA,0,NA,NA,NA,"not_applicable","All diagnostic balance covariates are already included as nuisance controls.","emi_total_0708","dise_emi_enrollment_share_total_0708","dise_weak_iv__emi_total_0708__region_expanded__nonzero_mean","structural_iv","medium","enrollment_composition","administrative_equilibrium","formal_english_exposure","DISE 2007-08 English-medium enrollment / total enrollment"
"region_expanded__distant_share",NA,NA,NA,NA,NA,0,NA,NA,NA,"not_applicable","All diagnostic balance covariates are already included as nuisance controls.","emi_total_0708","dise_emi_enrollment_share_total_0708","dise_weak_iv__emi_total_0708__region_expanded__distant_share","structural_iv","medium","enrollment_composition","administrative_equilibrium","formal_english_exposure","DISE 2007-08 English-medium enrollment / total enrollment"
"region_expanded__top3_legacy",NA,NA,NA,NA,NA,0,NA,NA,NA,"not_applicable","All diagnostic balance covariates are already included as nuisance controls.","emi_total_0708","dise_emi_enrollment_share_total_0708","dise_weak_iv__emi_total_0708__region_expanded__top3_legacy","structural_iv","medium","enrollment_composition","administrative_equilibrium","formal_english_exposure","DISE 2007-08 English-medium enrollment / total enrollment"
"region_expanded__nonzero_mean_hindi_urdu",NA,NA,NA,NA,NA,0,NA,NA,NA,"not_applicable","All diagnostic balance covariates are already included as nuisance controls.","emi_total_0708","dise_emi_enrollment_share_total_0708","dise_weak_iv__emi_total_0708__region_expanded__nonzero_mean_hindi_urdu","structural_iv","medium","enrollment_composition","administrative_equilibrium","formal_english_exposure","DISE 2007-08 English-medium enrollment / total enrollment"
"region_expanded__nonzero_mean_shastry",NA,NA,NA,NA,NA,0,NA,NA,NA,"not_applicable","All diagnostic balance covariates are already included as nuisance controls.","emi_total_0708","dise_emi_enrollment_share_total_0708","dise_weak_iv__emi_total_0708__region_expanded__nonzero_mean_shastry","structural_iv","medium","enrollment_composition","administrative_equilibrium","formal_english_exposure","DISE 2007-08 English-medium enrollment / total enrollment"
"region_expanded__nonzero_mean_sensitivity_low",NA,NA,NA,NA,NA,0,NA,NA,NA,"not_applicable","All diagnostic balance covariates are already included as nuisance controls.","emi_total_0708","dise_emi_enrollment_share_total_0708","dise_weak_iv__emi_total_0708__region_expanded__nonzero_mean_sensitivity_low","structural_iv","medium","enrollment_composition","administrative_equilibrium","formal_english_exposure","DISE 2007-08 English-medium enrollment / total enrollment"
"region_expanded__nonzero_mean_sensitivity_high",NA,NA,NA,NA,NA,0,NA,NA,NA,"not_applicable","All diagnostic balance covariates are already included as nuisance controls.","emi_total_0708","dise_emi_enrollment_share_total_0708","dise_weak_iv__emi_total_0708__region_expanded__nonzero_mean_sensitivity_high","structural_iv","medium","enrollment_composition","administrative_equilibrium","formal_english_exposure","DISE 2007-08 English-medium enrollment / total enrollment"
"region_expanded__nonzero_mean_hindi_urdu_separate",NA,NA,NA,NA,NA,0,NA,NA,NA,"not_applicable","All diagnostic balance covariates are already included as nuisance controls.","emi_total_0708","dise_emi_enrollment_share_total_0708","dise_weak_iv__emi_total_0708__region_expanded__nonzero_mean_hindi_urdu_separate","structural_iv","medium","enrollment_composition","administrative_equilibrium","formal_english_exposure","DISE 2007-08 English-medium enrollment / total enrollment"
"region_expanded__glottolog_mean",NA,NA,NA,NA,NA,0,NA,NA,NA,"not_applicable","All diagnostic balance covariates are already included as nuisance controls.","emi_total_0708","dise_emi_enrollment_share_total_0708","dise_weak_iv__emi_total_0708__region_expanded__glottolog_mean","structural_iv","medium","enrollment_composition","administrative_equilibrium","formal_english_exposure","DISE 2007-08 English-medium enrollment / total enrollment"
"region_expanded__glottolog_mean_shastry",NA,NA,NA,NA,NA,0,NA,NA,NA,"not_applicable","All diagnostic balance covariates are already included as nuisance controls.","emi_total_0708","dise_emi_enrollment_share_total_0708","dise_weak_iv__emi_total_0708__region_expanded__glottolog_mean_shastry","structural_iv","medium","enrollment_composition","administrative_equilibrium","formal_english_exposure","DISE 2007-08 English-medium enrollment / total enrollment"
"region_expanded__dyen_noncognate",NA,NA,NA,NA,NA,0,NA,NA,NA,"not_applicable","All diagnostic balance covariates are already included as nuisance controls.","emi_total_0708","dise_emi_enrollment_share_total_0708","dise_weak_iv__emi_total_0708__region_expanded__dyen_noncognate","structural_iv","medium","enrollment_composition","administrative_equilibrium","formal_english_exposure","DISE 2007-08 English-medium enrollment / total enrollment"
"region_expanded__dyen_noncognate_shastry",NA,NA,NA,NA,NA,0,NA,NA,NA,"not_applicable","All diagnostic balance covariates are already included as nuisance controls.","emi_total_0708","dise_emi_enrollment_share_total_0708","dise_weak_iv__emi_total_0708__region_expanded__dyen_noncognate_shastry","structural_iv","medium","enrollment_composition","administrative_equilibrium","formal_english_exposure","DISE 2007-08 English-medium enrollment / total enrollment"
"state_main__nonzero_mean","state_main","nonzero_mean","state","ling_distance_nonzero_mean","literacy_share_2001;worker_share_2001;cultivator_share_workers_2001;agricultural_labourer_share_workers_2001",4,0.875698367190285,0.506066685895756,520,"estimated",NA,"emi_total_0708","dise_emi_enrollment_share_total_0708","dise_weak_iv__emi_total_0708__state_main__nonzero_mean","structural_iv","medium","enrollment_composition","administrative_equilibrium","formal_english_exposure","DISE 2007-08 English-medium enrollment / total enrollment"
"state_main__distant_share","state_main","distant_share","state","ling_share_distance_ge3","literacy_share_2001;worker_share_2001;cultivator_share_workers_2001;agricultural_labourer_share_workers_2001",4,0.634720446248265,0.647187252222955,520,"estimated",NA,"emi_total_0708","dise_emi_enrollment_share_total_0708","dise_weak_iv__emi_total_0708__state_main__distant_share","structural_iv","medium","enrollment_composition","administrative_equilibrium","formal_english_exposure","DISE 2007-08 English-medium enrollment / total enrollment"
"state_main__top3_legacy","state_main","top3_legacy","state","ling_distance_top3_legacy","literacy_share_2001;worker_share_2001;cultivator_share_workers_2001;agricultural_labourer_share_workers_2001",4,0.781859229926697,0.557780670630027,520,"estimated",NA,"emi_total_0708","dise_emi_enrollment_share_total_0708","dise_weak_iv__emi_total_0708__state_main__top3_legacy","structural_iv","medium","enrollment_composition","administrative_equilibrium","formal_english_exposure","DISE 2007-08 English-medium enrollment / total enrollment"
"state_main__nonzero_mean_hindi_urdu","state_main","nonzero_mean_hindi_urdu","state","ling_distance_nonzero_mean","literacy_share_2001;worker_share_2001;cultivator_share_workers_2001;agricultural_labourer_share_workers_2001",4,0.955090551848818,0.466087274008552,520,"estimated",NA,"emi_total_0708","dise_emi_enrollment_share_total_0708","dise_weak_iv__emi_total_0708__state_main__nonzero_mean_hindi_urdu","structural_iv","medium","enrollment_composition","administrative_equilibrium","formal_english_exposure","DISE 2007-08 English-medium enrollment / total enrollment"
"state_main__nonzero_mean_shastry","state_main","nonzero_mean_shastry","state","ling_distance_nonzero_mean","literacy_share_2001;worker_share_2001;cultivator_share_workers_2001;agricultural_labourer_share_workers_2001",4,1.12287282826378,0.390420378736913,520,"estimated",NA,"emi_total_0708","dise_emi_enrollment_share_total_0708","dise_weak_iv__emi_total_0708__state_main__nonzero_mean_shastry","structural_iv","medium","enrollment_composition","administrative_equilibrium","formal_english_exposure","DISE 2007-08 English-medium enrollment / total enrollment"
"state_main__nonzero_mean_sensitivity_low","state_main","nonzero_mean_sensitivity_low","state","ling_distance_nonzero_mean_sensitivity_low","literacy_share_2001;worker_share_2001;cultivator_share_workers_2001;agricultural_labourer_share_workers_2001",4,1.17102888866116,0.371049872544951,520,"estimated",NA,"emi_total_0708","dise_emi_enrollment_share_total_0708","dise_weak_iv__emi_total_0708__state_main__nonzero_mean_sensitivity_low","structural_iv","medium","enrollment_composition","administrative_equilibrium","formal_english_exposure","DISE 2007-08 English-medium enrollment / total enrollment"
"state_main__nonzero_mean_sensitivity_high","state_main","nonzero_mean_sensitivity_high","state","ling_distance_nonzero_mean_sensitivity_high","literacy_share_2001;worker_share_2001;cultivator_share_workers_2001;agricultural_labourer_share_workers_2001",4,1.01919076660039,0.435580989939606,520,"estimated",NA,"emi_total_0708","dise_emi_enrollment_share_total_0708","dise_weak_iv__emi_total_0708__state_main__nonzero_mean_sensitivity_high","structural_iv","medium","enrollment_composition","administrative_equilibrium","formal_english_exposure","DISE 2007-08 English-medium enrollment / total enrollment"
"state_main__nonzero_mean_hindi_urdu_separate","state_main","nonzero_mean_hindi_urdu_separate","state","ling_distance_nonzero_mean","literacy_share_2001;worker_share_2001;cultivator_share_workers_2001;agricultural_labourer_share_workers_2001",4,1.63144297229359,0.229409454708932,520,"estimated",NA,"emi_total_0708","dise_emi_enrollment_share_total_0708","dise_weak_iv__emi_total_0708__state_main__nonzero_mean_hindi_urdu_separate","structural_iv","medium","enrollment_composition","administrative_equilibrium","formal_english_exposure","DISE 2007-08 English-medium enrollment / total enrollment"
"state_main__glottolog_mean","state_main","glottolog_mean","state","ling_distance_glottolog_nonhindi_mean","literacy_share_2001;worker_share_2001;cultivator_share_workers_2001;agricultural_labourer_share_workers_2001",4,0.577354094431089,0.684495807978014,520,"estimated",NA,"emi_total_0708","dise_emi_enrollment_share_total_0708","dise_weak_iv__emi_total_0708__state_main__glottolog_mean","structural_iv","medium","enrollment_composition","administrative_equilibrium","formal_english_exposure","DISE 2007-08 English-medium enrollment / total enrollment"
"state_main__glottolog_mean_shastry","state_main","glottolog_mean_shastry","state","ling_distance_glottolog_nonhindi_mean","literacy_share_2001;worker_share_2001;cultivator_share_workers_2001;agricultural_labourer_share_workers_2001",4,0.679840905890599,0.618876170214426,520,"estimated",NA,"emi_total_0708","dise_emi_enrollment_share_total_0708","dise_weak_iv__emi_total_0708__state_main__glottolog_mean_shastry","structural_iv","medium","enrollment_composition","administrative_equilibrium","formal_english_exposure","DISE 2007-08 English-medium enrollment / total enrollment"
"state_main__dyen_noncognate","state_main","dyen_noncognate","state","ling_distance_dyen_noncognate_pct","literacy_share_2001;worker_share_2001;cultivator_share_workers_2001;agricultural_labourer_share_workers_2001",4,2.02654630829235,0.153063465246181,520,"estimated",NA,"emi_total_0708","dise_emi_enrollment_share_total_0708","dise_weak_iv__emi_total_0708__state_main__dyen_noncognate","structural_iv","medium","enrollment_composition","administrative_equilibrium","formal_english_exposure","DISE 2007-08 English-medium enrollment / total enrollment"
"state_main__dyen_noncognate_shastry","state_main","dyen_noncognate_shastry","state","ling_distance_dyen_noncognate_pct","literacy_share_2001;worker_share_2001;cultivator_share_workers_2001;agricultural_labourer_share_workers_2001",4,1.98268158903803,0.160530442902775,520,"estimated",NA,"emi_total_0708","dise_emi_enrollment_share_total_0708","dise_weak_iv__emi_total_0708__state_main__dyen_noncognate_shastry","structural_iv","medium","enrollment_composition","administrative_equilibrium","formal_english_exposure","DISE 2007-08 English-medium enrollment / total enrollment"
"state_expanded__nonzero_mean",NA,NA,NA,NA,NA,0,NA,NA,NA,"not_applicable","All diagnostic balance covariates are already included as nuisance controls.","emi_total_0708","dise_emi_enrollment_share_total_0708","dise_weak_iv__emi_total_0708__state_expanded__nonzero_mean","structural_iv","medium","enrollment_composition","administrative_equilibrium","formal_english_exposure","DISE 2007-08 English-medium enrollment / total enrollment"
"state_expanded__distant_share",NA,NA,NA,NA,NA,0,NA,NA,NA,"not_applicable","All diagnostic balance covariates are already included as nuisance controls.","emi_total_0708","dise_emi_enrollment_share_total_0708","dise_weak_iv__emi_total_0708__state_expanded__distant_share","structural_iv","medium","enrollment_composition","administrative_equilibrium","formal_english_exposure","DISE 2007-08 English-medium enrollment / total enrollment"
"state_expanded__top3_legacy",NA,NA,NA,NA,NA,0,NA,NA,NA,"not_applicable","All diagnostic balance covariates are already included as nuisance controls.","emi_total_0708","dise_emi_enrollment_share_total_0708","dise_weak_iv__emi_total_0708__state_expanded__top3_legacy","structural_iv","medium","enrollment_composition","administrative_equilibrium","formal_english_exposure","DISE 2007-08 English-medium enrollment / total enrollment"
"state_expanded__nonzero_mean_hindi_urdu",NA,NA,NA,NA,NA,0,NA,NA,NA,"not_applicable","All diagnostic balance covariates are already included as nuisance controls.","emi_total_0708","dise_emi_enrollment_share_total_0708","dise_weak_iv__emi_total_0708__state_expanded__nonzero_mean_hindi_urdu","structural_iv","medium","enrollment_composition","administrative_equilibrium","formal_english_exposure","DISE 2007-08 English-medium enrollment / total enrollment"
"state_expanded__nonzero_mean_shastry",NA,NA,NA,NA,NA,0,NA,NA,NA,"not_applicable","All diagnostic balance covariates are already included as nuisance controls.","emi_total_0708","dise_emi_enrollment_share_total_0708","dise_weak_iv__emi_total_0708__state_expanded__nonzero_mean_shastry","structural_iv","medium","enrollment_composition","administrative_equilibrium","formal_english_exposure","DISE 2007-08 English-medium enrollment / total enrollment"
"state_expanded__nonzero_mean_sensitivity_low",NA,NA,NA,NA,NA,0,NA,NA,NA,"not_applicable","All diagnostic balance covariates are already included as nuisance controls.","emi_total_0708","dise_emi_enrollment_share_total_0708","dise_weak_iv__emi_total_0708__state_expanded__nonzero_mean_sensitivity_low","structural_iv","medium","enrollment_composition","administrative_equilibrium","formal_english_exposure","DISE 2007-08 English-medium enrollment / total enrollment"
"state_expanded__nonzero_mean_sensitivity_high",NA,NA,NA,NA,NA,0,NA,NA,NA,"not_applicable","All diagnostic balance covariates are already included as nuisance controls.","emi_total_0708","dise_emi_enrollment_share_total_0708","dise_weak_iv__emi_total_0708__state_expanded__nonzero_mean_sensitivity_high","structural_iv","medium","enrollment_composition","administrative_equilibrium","formal_english_exposure","DISE 2007-08 English-medium enrollment / total enrollment"
"state_expanded__nonzero_mean_hindi_urdu_separate",NA,NA,NA,NA,NA,0,NA,NA,NA,"not_applicable","All diagnostic balance covariates are already included as nuisance controls.","emi_total_0708","dise_emi_enrollment_share_total_0708","dise_weak_iv__emi_total_0708__state_expanded__nonzero_mean_hindi_urdu_separate","structural_iv","medium","enrollment_composition","administrative_equilibrium","formal_english_exposure","DISE 2007-08 English-medium enrollment / total enrollment"
"state_expanded__glottolog_mean",NA,NA,NA,NA,NA,0,NA,NA,NA,"not_applicable","All diagnostic balance covariates are already included as nuisance controls.","emi_total_0708","dise_emi_enrollment_share_total_0708","dise_weak_iv__emi_total_0708__state_expanded__glottolog_mean","structural_iv","medium","enrollment_composition","administrative_equilibrium","formal_english_exposure","DISE 2007-08 English-medium enrollment / total enrollment"
"state_expanded__glottolog_mean_shastry",NA,NA,NA,NA,NA,0,NA,NA,NA,"not_applicable","All diagnostic balance covariates are already included as nuisance controls.","emi_total_0708","dise_emi_enrollment_share_total_0708","dise_weak_iv__emi_total_0708__state_expanded__glottolog_mean_shastry","structural_iv","medium","enrollment_composition","administrative_equilibrium","formal_english_exposure","DISE 2007-08 English-medium enrollment / total enrollment"
"state_expanded__dyen_noncognate",NA,NA,NA,NA,NA,0,NA,NA,NA,"not_applicable","All diagnostic balance covariates are already included as nuisance controls.","emi_total_0708","dise_emi_enrollment_share_total_0708","dise_weak_iv__emi_total_0708__state_expanded__dyen_noncognate","structural_iv","medium","enrollment_composition","administrative_equilibrium","formal_english_exposure","DISE 2007-08 English-medium enrollment / total enrollment"
"state_expanded__dyen_noncognate_shastry",NA,NA,NA,NA,NA,0,NA,NA,NA,"not_applicable","All diagnostic balance covariates are already included as nuisance controls.","emi_total_0708","dise_emi_enrollment_share_total_0708","dise_weak_iv__emi_total_0708__state_expanded__dyen_noncognate_shastry","structural_iv","medium","enrollment_composition","administrative_equilibrium","formal_english_exposure","DISE 2007-08 English-medium enrollment / total enrollment"
"absorption__region_fe","region_fe","nonzero_mean","region","ling_distance_nonzero_mean","log_population_2001;urban_share_2001;adult_secondary_plus_share_2001;sc_share_2001;st_share_2001;muslim_share_2001;dependency_ratio_2001;electricity_access_share_2001;log_population_density_2001;literacy_share_2001;worker_share_2001;cultivator_share_workers_2001;agricultural_labourer_share_workers_2001",13,2.69781008382931,0.0976114319726338,520,"estimated",NA,"emi_total_0708","dise_emi_enrollment_share_total_0708","dise_weak_iv__emi_total_0708__absorption__region_fe","structural_iv","medium","enrollment_composition","administrative_equilibrium","formal_english_exposure","DISE 2007-08 English-medium enrollment / total enrollment"
"absorption__state_fe","state_fe","nonzero_mean","state","ling_distance_nonzero_mean","log_population_2001;urban_share_2001;adult_secondary_plus_share_2001;sc_share_2001;st_share_2001;muslim_share_2001;dependency_ratio_2001;electricity_access_share_2001;log_population_density_2001;literacy_share_2001;worker_share_2001;cultivator_share_workers_2001;agricultural_labourer_share_workers_2001",13,1.13951821077091,0.483016772803559,520,"estimated",NA,"emi_total_0708","dise_emi_enrollment_share_total_0708","dise_weak_iv__emi_total_0708__absorption__state_fe","structural_iv","medium","enrollment_composition","administrative_equilibrium","formal_english_exposure","DISE 2007-08 English-medium enrollment / total enrollment"
"absorption__census_controls","census_controls","nonzero_mean","none","ling_distance_nonzero_mean","literacy_share_2001;worker_share_2001;cultivator_share_workers_2001;agricultural_labourer_share_workers_2001",4,1.1399976000807,0.376066701478707,520,"estimated",NA,"emi_total_0708","dise_emi_enrollment_share_total_0708","dise_weak_iv__emi_total_0708__absorption__census_controls","structural_iv","medium","enrollment_composition","administrative_equilibrium","formal_english_exposure","DISE 2007-08 English-medium enrollment / total enrollment"
"absorption__expanded_controls",NA,NA,NA,NA,NA,0,NA,NA,NA,"not_applicable","All diagnostic balance covariates are already included as nuisance controls.","emi_total_0708","dise_emi_enrollment_share_total_0708","dise_weak_iv__emi_total_0708__absorption__expanded_controls","structural_iv","medium","enrollment_composition","administrative_equilibrium","formal_english_exposure","DISE 2007-08 English-medium enrollment / total enrollment"
"absorption__region_fe_main_without_human_capital","region_fe_main_without_human_capital","nonzero_mean","region","ling_distance_nonzero_mean","adult_secondary_plus_share_2001;literacy_share_2001;worker_share_2001;cultivator_share_workers_2001;agricultural_labourer_share_workers_2001",5,6.55283904583525,0.0022650912296326,520,"estimated",NA,"emi_total_0708","dise_emi_enrollment_share_total_0708","dise_weak_iv__emi_total_0708__absorption__region_fe_main_without_human_capital","structural_iv","medium","enrollment_composition","administrative_equilibrium","formal_english_exposure","DISE 2007-08 English-medium enrollment / total enrollment"
"absorption__state_fe_main_without_human_capital","state_fe_main_without_human_capital","nonzero_mean","state","ling_distance_nonzero_mean","adult_secondary_plus_share_2001;literacy_share_2001;worker_share_2001;cultivator_share_workers_2001;agricultural_labourer_share_workers_2001",5,0.893515118965394,0.516212240099312,520,"estimated",NA,"emi_total_0708","dise_emi_enrollment_share_total_0708","dise_weak_iv__emi_total_0708__absorption__state_fe_main_without_human_capital","structural_iv","medium","enrollment_composition","administrative_equilibrium","formal_english_exposure","DISE 2007-08 English-medium enrollment / total enrollment"
"absorption__region_fe_expanded_without_human_capital","region_fe_expanded_without_human_capital","nonzero_mean","region","ling_distance_nonzero_mean","adult_secondary_plus_share_2001;literacy_share_2001",2,6.12547812613683,0.0102174492034542,520,"estimated",NA,"emi_total_0708","dise_emi_enrollment_share_total_0708","dise_weak_iv__emi_total_0708__absorption__region_fe_expanded_without_human_capital","structural_iv","medium","enrollment_composition","administrative_equilibrium","formal_english_exposure","DISE 2007-08 English-medium enrollment / total enrollment"
"absorption__state_fe_expanded_without_human_capital","state_fe_expanded_without_human_capital","nonzero_mean","state","ling_distance_nonzero_mean","adult_secondary_plus_share_2001;literacy_share_2001",2,1.82937081110133,0.193247692505317,520,"estimated",NA,"emi_total_0708","dise_emi_enrollment_share_total_0708","dise_weak_iv__emi_total_0708__absorption__state_fe_expanded_without_human_capital","structural_iv","medium","enrollment_composition","administrative_equilibrium","formal_english_exposure","DISE 2007-08 English-medium enrollment / total enrollment"
"absorption__region_fe_plus_basic_scale_geography","region_fe_plus_basic_scale_geography","nonzero_mean","region","ling_distance_nonzero_mean","adult_secondary_plus_share_2001;sc_share_2001;st_share_2001;muslim_share_2001;dependency_ratio_2001;electricity_access_share_2001;literacy_share_2001;worker_share_2001;cultivator_share_workers_2001;agricultural_labourer_share_workers_2001",10,4.24847383314076,0.0197058822069008,520,"estimated",NA,"emi_total_0708","dise_emi_enrollment_share_total_0708","dise_weak_iv__emi_total_0708__absorption__region_fe_plus_basic_scale_geography","structural_iv","medium","enrollment_composition","administrative_equilibrium","formal_english_exposure","DISE 2007-08 English-medium enrollment / total enrollment"
"absorption__region_fe_plus_social_composition","region_fe_plus_social_composition","nonzero_mean","region","ling_distance_nonzero_mean","adult_secondary_plus_share_2001;dependency_ratio_2001;electricity_access_share_2001;literacy_share_2001;worker_share_2001;cultivator_share_workers_2001;agricultural_labourer_share_workers_2001",7,5.37862077049619,0.00571210265977855,520,"estimated",NA,"emi_total_0708","dise_emi_enrollment_share_total_0708","dise_weak_iv__emi_total_0708__absorption__region_fe_plus_social_composition","structural_iv","medium","enrollment_composition","administrative_equilibrium","formal_english_exposure","DISE 2007-08 English-medium enrollment / total enrollment"
"absorption__region_fe_plus_human_capital","region_fe_plus_human_capital","nonzero_mean","region","ling_distance_nonzero_mean","dependency_ratio_2001;electricity_access_share_2001;worker_share_2001;cultivator_share_workers_2001;agricultural_labourer_share_workers_2001",5,4.39025086620124,0.0140020385229781,520,"estimated",NA,"emi_total_0708","dise_emi_enrollment_share_total_0708","dise_weak_iv__emi_total_0708__absorption__region_fe_plus_human_capital","structural_iv","medium","enrollment_composition","administrative_equilibrium","formal_english_exposure","DISE 2007-08 English-medium enrollment / total enrollment"
"absorption__region_fe_plus_demography","region_fe_plus_demography","nonzero_mean","region","ling_distance_nonzero_mean","electricity_access_share_2001;worker_share_2001;cultivator_share_workers_2001;agricultural_labourer_share_workers_2001",4,5.74967616364692,0.00616449935896607,520,"estimated",NA,"emi_total_0708","dise_emi_enrollment_share_total_0708","dise_weak_iv__emi_total_0708__absorption__region_fe_plus_demography","structural_iv","medium","enrollment_composition","administrative_equilibrium","formal_english_exposure","DISE 2007-08 English-medium enrollment / total enrollment"
"absorption__region_fe_plus_economic_structure","region_fe_plus_economic_structure","nonzero_mean","region","ling_distance_nonzero_mean","electricity_access_share_2001",1,1.20373005819614,0.2968049964965,520,"estimated",NA,"emi_total_0708","dise_emi_enrollment_share_total_0708","dise_weak_iv__emi_total_0708__absorption__region_fe_plus_economic_structure","structural_iv","medium","enrollment_composition","administrative_equilibrium","formal_english_exposure","DISE 2007-08 English-medium enrollment / total enrollment"
"absorption__state_fe_plus_basic_scale_geography","state_fe_plus_basic_scale_geography","nonzero_mean","state","ling_distance_nonzero_mean","adult_secondary_plus_share_2001;sc_share_2001;st_share_2001;muslim_share_2001;dependency_ratio_2001;electricity_access_share_2001;literacy_share_2001;worker_share_2001;cultivator_share_workers_2001;agricultural_labourer_share_workers_2001",10,1.6281159687485,0.267755478008194,520,"estimated",NA,"emi_total_0708","dise_emi_enrollment_share_total_0708","dise_weak_iv__emi_total_0708__absorption__state_fe_plus_basic_scale_geography","structural_iv","medium","enrollment_composition","administrative_equilibrium","formal_english_exposure","DISE 2007-08 English-medium enrollment / total enrollment"
"absorption__state_fe_plus_social_composition","state_fe_plus_social_composition","nonzero_mean","state","ling_distance_nonzero_mean","adult_secondary_plus_share_2001;dependency_ratio_2001;electricity_access_share_2001;literacy_share_2001;worker_share_2001;cultivator_share_workers_2001;agricultural_labourer_share_workers_2001",7,0.893535228629922,0.546871337338696,520,"estimated",NA,"emi_total_0708","dise_emi_enrollment_share_total_0708","dise_weak_iv__emi_total_0708__absorption__state_fe_plus_social_composition","structural_iv","medium","enrollment_composition","administrative_equilibrium","formal_english_exposure","DISE 2007-08 English-medium enrollment / total enrollment"
"absorption__state_fe_plus_human_capital","state_fe_plus_human_capital","nonzero_mean","state","ling_distance_nonzero_mean","dependency_ratio_2001;electricity_access_share_2001;worker_share_2001;cultivator_share_workers_2001;agricultural_labourer_share_workers_2001",5,1.33968987735358,0.320201883503689,520,"estimated",NA,"emi_total_0708","dise_emi_enrollment_share_total_0708","dise_weak_iv__emi_total_0708__absorption__state_fe_plus_human_capital","structural_iv","medium","enrollment_composition","administrative_equilibrium","formal_english_exposure","DISE 2007-08 English-medium enrollment / total enrollment"
"absorption__state_fe_plus_demography","state_fe_plus_demography","nonzero_mean","state","ling_distance_nonzero_mean","electricity_access_share_2001;worker_share_2001;cultivator_share_workers_2001;agricultural_labourer_share_workers_2001",4,1.50636640348309,0.265002445567383,520,"estimated",NA,"emi_total_0708","dise_emi_enrollment_share_total_0708","dise_weak_iv__emi_total_0708__absorption__state_fe_plus_demography","structural_iv","medium","enrollment_composition","administrative_equilibrium","formal_english_exposure","DISE 2007-08 English-medium enrollment / total enrollment"
"absorption__state_fe_plus_economic_structure","state_fe_plus_economic_structure","nonzero_mean","state","ling_distance_nonzero_mean","electricity_access_share_2001",1,1.40114428344061,0.263219105211025,520,"estimated",NA,"emi_total_0708","dise_emi_enrollment_share_total_0708","dise_weak_iv__emi_total_0708__absorption__state_fe_plus_economic_structure","structural_iv","medium","enrollment_composition","administrative_equilibrium","formal_english_exposure","DISE 2007-08 English-medium enrollment / total enrollment"
"absorption__region_main_without_basic_scale_geography","region_main_without_basic_scale_geography","nonzero_mean","region","ling_distance_nonzero_mean","log_population_2001;urban_share_2001;log_population_density_2001;literacy_share_2001;worker_share_2001;cultivator_share_workers_2001;agricultural_labourer_share_workers_2001",7,5.01596339148906,0.00585019079526256,520,"estimated",NA,"emi_total_0708","dise_emi_enrollment_share_total_0708","dise_weak_iv__emi_total_0708__absorption__region_main_without_basic_scale_geography","structural_iv","medium","enrollment_composition","administrative_equilibrium","formal_english_exposure","DISE 2007-08 English-medium enrollment / total enrollment"
"absorption__region_block_only_social_composition","region_block_only_social_composition","nonzero_mean","region","ling_distance_nonzero_mean","log_population_2001;urban_share_2001;adult_secondary_plus_share_2001;dependency_ratio_2001;electricity_access_share_2001;log_population_density_2001;literacy_share_2001;worker_share_2001;cultivator_share_workers_2001;agricultural_labourer_share_workers_2001",10,3.31620215677833,0.0373709738073195,520,"estimated",NA,"emi_total_0708","dise_emi_enrollment_share_total_0708","dise_weak_iv__emi_total_0708__absorption__region_block_only_social_composition","structural_iv","medium","enrollment_composition","administrative_equilibrium","formal_english_exposure","DISE 2007-08 English-medium enrollment / total enrollment"
"absorption__region_main_without_social_composition","region_main_without_social_composition","nonzero_mean","region","ling_distance_nonzero_mean","sc_share_2001;st_share_2001;muslim_share_2001;literacy_share_2001;worker_share_2001;cultivator_share_workers_2001;agricultural_labourer_share_workers_2001",7,6.61136571206165,0.00267407995389324,520,"estimated",NA,"emi_total_0708","dise_emi_enrollment_share_total_0708","dise_weak_iv__emi_total_0708__absorption__region_main_without_social_composition","structural_iv","medium","enrollment_composition","administrative_equilibrium","formal_english_exposure","DISE 2007-08 English-medium enrollment / total enrollment"
"absorption__region_block_only_human_capital","region_block_only_human_capital","nonzero_mean","region","ling_distance_nonzero_mean","log_population_2001;urban_share_2001;sc_share_2001;st_share_2001;muslim_share_2001;dependency_ratio_2001;electricity_access_share_2001;log_population_density_2001;literacy_share_2001;worker_share_2001;cultivator_share_workers_2001;agricultural_labourer_share_workers_2001",12,3.21967285984228,0.0565433676396519,520,"estimated",NA,"emi_total_0708","dise_emi_enrollment_share_total_0708","dise_weak_iv__emi_total_0708__absorption__region_block_only_human_capital","structural_iv","medium","enrollment_composition","administrative_equilibrium","formal_english_exposure","DISE 2007-08 English-medium enrollment / total enrollment"
"absorption__region_block_only_demography","region_block_only_demography","nonzero_mean","region","ling_distance_nonzero_mean","log_population_2001;urban_share_2001;adult_secondary_plus_share_2001;sc_share_2001;st_share_2001;muslim_share_2001;electricity_access_share_2001;log_population_density_2001;literacy_share_2001;worker_share_2001;cultivator_share_workers_2001;agricultural_labourer_share_workers_2001",12,3.0026827874104,0.0657640701713247,520,"estimated",NA,"emi_total_0708","dise_emi_enrollment_share_total_0708","dise_weak_iv__emi_total_0708__absorption__region_block_only_demography","structural_iv","medium","enrollment_composition","administrative_equilibrium","formal_english_exposure","DISE 2007-08 English-medium enrollment / total enrollment"
"absorption__region_main_without_demography","region_main_without_demography","nonzero_mean","region","ling_distance_nonzero_mean","dependency_ratio_2001;literacy_share_2001;worker_share_2001;cultivator_share_workers_2001;agricultural_labourer_share_workers_2001",5,6.55844083504629,0.00221513907498096,520,"estimated",NA,"emi_total_0708","dise_emi_enrollment_share_total_0708","dise_weak_iv__emi_total_0708__absorption__region_main_without_demography","structural_iv","medium","enrollment_composition","administrative_equilibrium","formal_english_exposure","DISE 2007-08 English-medium enrollment / total enrollment"
"absorption__region_block_only_economic_structure","region_block_only_economic_structure","nonzero_mean","region","ling_distance_nonzero_mean","log_population_2001;urban_share_2001;adult_secondary_plus_share_2001;sc_share_2001;st_share_2001;muslim_share_2001;dependency_ratio_2001;electricity_access_share_2001;log_population_density_2001;literacy_share_2001;worker_share_2001;cultivator_share_workers_2001;agricultural_labourer_share_workers_2001",13,2.69781008382931,0.0976114319726338,520,"estimated",NA,"emi_total_0708","dise_emi_enrollment_share_total_0708","dise_weak_iv__emi_total_0708__absorption__region_block_only_economic_structure","structural_iv","medium","enrollment_composition","administrative_equilibrium","formal_english_exposure","DISE 2007-08 English-medium enrollment / total enrollment"
"absorption__region_main_without_economic_structure","region_main_without_economic_structure","nonzero_mean","region","ling_distance_nonzero_mean","literacy_share_2001;worker_share_2001;cultivator_share_workers_2001;agricultural_labourer_share_workers_2001",4,8.74894519045474,0.000692958306324427,520,"estimated",NA,"emi_total_0708","dise_emi_enrollment_share_total_0708","dise_weak_iv__emi_total_0708__absorption__region_main_without_economic_structure","structural_iv","medium","enrollment_composition","administrative_equilibrium","formal_english_exposure","DISE 2007-08 English-medium enrollment / total enrollment"
"absorption__region_block_only_basic_development","region_block_only_basic_development","nonzero_mean","region","ling_distance_nonzero_mean","log_population_2001;urban_share_2001;adult_secondary_plus_share_2001;sc_share_2001;st_share_2001;muslim_share_2001;dependency_ratio_2001;log_population_density_2001;literacy_share_2001;worker_share_2001;cultivator_share_workers_2001;agricultural_labourer_share_workers_2001",12,3.05912017608605,0.0555932864017447,520,"estimated",NA,"emi_total_0708","dise_emi_enrollment_share_total_0708","dise_weak_iv__emi_total_0708__absorption__region_block_only_basic_development","structural_iv","medium","enrollment_composition","administrative_equilibrium","formal_english_exposure","DISE 2007-08 English-medium enrollment / total enrollment"
"absorption__region_main_without_basic_development","region_main_without_basic_development","nonzero_mean","region","ling_distance_nonzero_mean","electricity_access_share_2001;literacy_share_2001;worker_share_2001;cultivator_share_workers_2001;agricultural_labourer_share_workers_2001",5,7.45293524041397,0.00166088113776398,520,"estimated",NA,"emi_total_0708","dise_emi_enrollment_share_total_0708","dise_weak_iv__emi_total_0708__absorption__region_main_without_basic_development","structural_iv","medium","enrollment_composition","administrative_equilibrium","formal_english_exposure","DISE 2007-08 English-medium enrollment / total enrollment"
"absorption__state_main_without_basic_scale_geography","state_main_without_basic_scale_geography","nonzero_mean","state","ling_distance_nonzero_mean","log_population_2001;urban_share_2001;log_population_density_2001;literacy_share_2001;worker_share_2001;cultivator_share_workers_2001;agricultural_labourer_share_workers_2001",7,1.50970779455964,0.258874691784961,520,"estimated",NA,"emi_total_0708","dise_emi_enrollment_share_total_0708","dise_weak_iv__emi_total_0708__absorption__state_main_without_basic_scale_geography","structural_iv","medium","enrollment_composition","administrative_equilibrium","formal_english_exposure","DISE 2007-08 English-medium enrollment / total enrollment"
"absorption__state_block_only_social_composition","state_block_only_social_composition","nonzero_mean","state","ling_distance_nonzero_mean","log_population_2001;urban_share_2001;adult_secondary_plus_share_2001;dependency_ratio_2001;electricity_access_share_2001;log_population_density_2001;literacy_share_2001;worker_share_2001;cultivator_share_workers_2001;agricultural_labourer_share_workers_2001",10,1.42969915586173,0.318672624197636,520,"estimated",NA,"emi_total_0708","dise_emi_enrollment_share_total_0708","dise_weak_iv__emi_total_0708__absorption__state_block_only_social_composition","structural_iv","medium","enrollment_composition","administrative_equilibrium","formal_english_exposure","DISE 2007-08 English-medium enrollment / total enrollment"
"absorption__state_main_without_social_composition","state_main_without_social_composition","nonzero_mean","state","ling_distance_nonzero_mean","sc_share_2001;st_share_2001;muslim_share_2001;literacy_share_2001;worker_share_2001;cultivator_share_workers_2001;agricultural_labourer_share_workers_2001",7,3.04129566991412,0.0571869619864648,520,"estimated",NA,"emi_total_0708","dise_emi_enrollment_share_total_0708","dise_weak_iv__emi_total_0708__absorption__state_main_without_social_composition","structural_iv","medium","enrollment_composition","administrative_equilibrium","formal_english_exposure","DISE 2007-08 English-medium enrollment / total enrollment"
"absorption__state_block_only_human_capital","state_block_only_human_capital","nonzero_mean","state","ling_distance_nonzero_mean","log_population_2001;urban_share_2001;sc_share_2001;st_share_2001;muslim_share_2001;dependency_ratio_2001;electricity_access_share_2001;log_population_density_2001;literacy_share_2001;worker_share_2001;cultivator_share_workers_2001;agricultural_labourer_share_workers_2001",12,1.28370961675706,0.404380904462797,520,"estimated",NA,"emi_total_0708","dise_emi_enrollment_share_total_0708","dise_weak_iv__emi_total_0708__absorption__state_block_only_human_capital","structural_iv","medium","enrollment_composition","administrative_equilibrium","formal_english_exposure","DISE 2007-08 English-medium enrollment / total enrollment"
"absorption__state_block_only_demography","state_block_only_demography","nonzero_mean","state","ling_distance_nonzero_mean","log_population_2001;urban_share_2001;adult_secondary_plus_share_2001;sc_share_2001;st_share_2001;muslim_share_2001;electricity_access_share_2001;log_population_density_2001;literacy_share_2001;worker_share_2001;cultivator_share_workers_2001;agricultural_labourer_share_workers_2001",12,1.35494756590461,0.37731295019803,520,"estimated",NA,"emi_total_0708","dise_emi_enrollment_share_total_0708","dise_weak_iv__emi_total_0708__absorption__state_block_only_demography","structural_iv","medium","enrollment_composition","administrative_equilibrium","formal_english_exposure","DISE 2007-08 English-medium enrollment / total enrollment"
"absorption__state_main_without_demography","state_main_without_demography","nonzero_mean","state","ling_distance_nonzero_mean","dependency_ratio_2001;literacy_share_2001;worker_share_2001;cultivator_share_workers_2001;agricultural_labourer_share_workers_2001",5,1.29443209038455,0.332650352962637,520,"estimated",NA,"emi_total_0708","dise_emi_enrollment_share_total_0708","dise_weak_iv__emi_total_0708__absorption__state_main_without_demography","structural_iv","medium","enrollment_composition","administrative_equilibrium","formal_english_exposure","DISE 2007-08 English-medium enrollment / total enrollment"
"absorption__state_block_only_economic_structure","state_block_only_economic_structure","nonzero_mean","state","ling_distance_nonzero_mean","log_population_2001;urban_share_2001;adult_secondary_plus_share_2001;sc_share_2001;st_share_2001;muslim_share_2001;dependency_ratio_2001;electricity_access_share_2001;log_population_density_2001;literacy_share_2001;worker_share_2001;cultivator_share_workers_2001;agricultural_labourer_share_workers_2001",13,1.13951821077091,0.483016772803559,520,"estimated",NA,"emi_total_0708","dise_emi_enrollment_share_total_0708","dise_weak_iv__emi_total_0708__absorption__state_block_only_economic_structure","structural_iv","medium","enrollment_composition","administrative_equilibrium","formal_english_exposure","DISE 2007-08 English-medium enrollment / total enrollment"
"absorption__state_main_without_economic_structure","state_main_without_economic_structure","nonzero_mean","state","ling_distance_nonzero_mean","literacy_share_2001;worker_share_2001;cultivator_share_workers_2001;agricultural_labourer_share_workers_2001",4,0.875698367190285,0.506066685895756,520,"estimated",NA,"emi_total_0708","dise_emi_enrollment_share_total_0708","dise_weak_iv__emi_total_0708__absorption__state_main_without_economic_structure","structural_iv","medium","enrollment_composition","administrative_equilibrium","formal_english_exposure","DISE 2007-08 English-medium enrollment / total enrollment"
"absorption__state_block_only_basic_development","state_block_only_basic_development","nonzero_mean","state","ling_distance_nonzero_mean","log_population_2001;urban_share_2001;adult_secondary_plus_share_2001;sc_share_2001;st_share_2001;muslim_share_2001;dependency_ratio_2001;log_population_density_2001;literacy_share_2001;worker_share_2001;cultivator_share_workers_2001;agricultural_labourer_share_workers_2001",12,1.41294730786793,0.354950413346329,520,"estimated",NA,"emi_total_0708","dise_emi_enrollment_share_total_0708","dise_weak_iv__emi_total_0708__absorption__state_block_only_basic_development","structural_iv","medium","enrollment_composition","administrative_equilibrium","formal_english_exposure","DISE 2007-08 English-medium enrollment / total enrollment"
"absorption__state_main_without_basic_development","state_main_without_basic_development","nonzero_mean","state","ling_distance_nonzero_mean","electricity_access_share_2001;literacy_share_2001;worker_share_2001;cultivator_share_workers_2001;agricultural_labourer_share_workers_2001",5,1.25430243130213,0.349903154291409,520,"estimated",NA,"emi_total_0708","dise_emi_enrollment_share_total_0708","dise_weak_iv__emi_total_0708__absorption__state_main_without_basic_development","structural_iv","medium","enrollment_composition","administrative_equilibrium","formal_english_exposure","DISE 2007-08 English-medium enrollment / total enrollment"
"absorption__region_main_literacy","region_main_literacy","nonzero_mean","region","ling_distance_nonzero_mean","adult_secondary_plus_share_2001;worker_share_2001;cultivator_share_workers_2001;agricultural_labourer_share_workers_2001",4,5.93332474920121,0.00400194439431186,520,"estimated",NA,"emi_total_0708","dise_emi_enrollment_share_total_0708","dise_weak_iv__emi_total_0708__absorption__region_main_literacy","structural_iv","medium","enrollment_composition","administrative_equilibrium","formal_english_exposure","DISE 2007-08 English-medium enrollment / total enrollment"
"absorption__region_main_decomposed_economic","region_main_decomposed_economic","nonzero_mean","region","ling_distance_nonzero_mean","literacy_share_2001",1,1.47265278241984,0.245316383922658,520,"estimated",NA,"emi_total_0708","dise_emi_enrollment_share_total_0708","dise_weak_iv__emi_total_0708__absorption__region_main_decomposed_economic","structural_iv","medium","enrollment_composition","administrative_equilibrium","formal_english_exposure","DISE 2007-08 English-medium enrollment / total enrollment"
"absorption__region_main_literacy_decomposed_economic","region_main_literacy_decomposed_economic","nonzero_mean","region","ling_distance_nonzero_mean","adult_secondary_plus_share_2001",1,10.1840975735549,0.00476342402682255,520,"estimated",NA,"emi_total_0708","dise_emi_enrollment_share_total_0708","dise_weak_iv__emi_total_0708__absorption__region_main_literacy_decomposed_economic","structural_iv","medium","enrollment_composition","administrative_equilibrium","formal_english_exposure","DISE 2007-08 English-medium enrollment / total enrollment"
"absorption__state_main_literacy","state_main_literacy","nonzero_mean","state","ling_distance_nonzero_mean","adult_secondary_plus_share_2001;worker_share_2001;cultivator_share_workers_2001;agricultural_labourer_share_workers_2001",4,0.976589351304164,0.454205568320078,520,"estimated",NA,"emi_total_0708","dise_emi_enrollment_share_total_0708","dise_weak_iv__emi_total_0708__absorption__state_main_literacy","structural_iv","medium","enrollment_composition","administrative_equilibrium","formal_english_exposure","DISE 2007-08 English-medium enrollment / total enrollment"
"absorption__state_main_decomposed_economic","state_main_decomposed_economic","nonzero_mean","state","ling_distance_nonzero_mean","literacy_share_2001",1,0.277164304256818,0.605785104524569,520,"estimated",NA,"emi_total_0708","dise_emi_enrollment_share_total_0708","dise_weak_iv__emi_total_0708__absorption__state_main_decomposed_economic","structural_iv","medium","enrollment_composition","administrative_equilibrium","formal_english_exposure","DISE 2007-08 English-medium enrollment / total enrollment"
"absorption__state_main_literacy_decomposed_economic","state_main_literacy_decomposed_economic","nonzero_mean","state","ling_distance_nonzero_mean","adult_secondary_plus_share_2001",1,3.02864524193533,0.102189108194206,520,"estimated",NA,"emi_total_0708","dise_emi_enrollment_share_total_0708","dise_weak_iv__emi_total_0708__absorption__state_main_literacy_decomposed_economic","structural_iv","medium","enrollment_composition","administrative_equilibrium","formal_english_exposure","DISE 2007-08 English-medium enrollment / total enrollment"
"unadjusted__nonzero_mean","unadjusted","nonzero_mean","none","ling_distance_nonzero_mean","log_population_2001;urban_share_2001;adult_secondary_plus_share_2001;sc_share_2001;st_share_2001;muslim_share_2001;dependency_ratio_2001;electricity_access_share_2001;log_population_density_2001;literacy_share_2001;worker_share_2001;cultivator_share_workers_2001;agricultural_labourer_share_workers_2001",13,2.07611142585219,0.225913025368589,458,"estimated",NA,"emi_total_0508_pooled","dise_emi_enrollment_share_total_0508_pooled","dise_weak_iv__emi_total_0508_pooled__unadjusted__nonzero_mean","structural_iv","medium","pooled_enrollment_composition","administrative_equilibrium","formal_english_exposure","DISE pooled 2005-06 to 2007-08 English-medium enrollment / total enrollment"
"unadjusted__distant_share","unadjusted","distant_share","none","ling_share_distance_ge3","log_population_2001;urban_share_2001;adult_secondary_plus_share_2001;sc_share_2001;st_share_2001;muslim_share_2001;dependency_ratio_2001;electricity_access_share_2001;log_population_density_2001;literacy_share_2001;worker_share_2001;cultivator_share_workers_2001;agricultural_labourer_share_workers_2001",13,9.49573091101497,0.0133041240807445,458,"estimated",NA,"emi_total_0508_pooled","dise_emi_enrollment_share_total_0508_pooled","dise_weak_iv__emi_total_0508_pooled__unadjusted__distant_share","structural_iv","medium","pooled_enrollment_composition","administrative_equilibrium","formal_english_exposure","DISE pooled 2005-06 to 2007-08 English-medium enrollment / total enrollment"
"unadjusted__top3_legacy","unadjusted","top3_legacy","none","ling_distance_top3_legacy","log_population_2001;urban_share_2001;adult_secondary_plus_share_2001;sc_share_2001;st_share_2001;muslim_share_2001;dependency_ratio_2001;electricity_access_share_2001;log_population_density_2001;literacy_share_2001;worker_share_2001;cultivator_share_workers_2001;agricultural_labourer_share_workers_2001",13,3.2042760057058,0.111797029661,458,"estimated",NA,"emi_total_0508_pooled","dise_emi_enrollment_share_total_0508_pooled","dise_weak_iv__emi_total_0508_pooled__unadjusted__top3_legacy","structural_iv","medium","pooled_enrollment_composition","administrative_equilibrium","formal_english_exposure","DISE pooled 2005-06 to 2007-08 English-medium enrollment / total enrollment"
"unadjusted__nonzero_mean_hindi_urdu","unadjusted","nonzero_mean_hindi_urdu","none","ling_distance_nonzero_mean","log_population_2001;urban_share_2001;adult_secondary_plus_share_2001;sc_share_2001;st_share_2001;muslim_share_2001;dependency_ratio_2001;electricity_access_share_2001;log_population_density_2001;literacy_share_2001;worker_share_2001;cultivator_share_workers_2001;agricultural_labourer_share_workers_2001",13,1.28737164269067,0.415147437446915,458,"estimated",NA,"emi_total_0508_pooled","dise_emi_enrollment_share_total_0508_pooled","dise_weak_iv__emi_total_0508_pooled__unadjusted__nonzero_mean_hindi_urdu","structural_iv","medium","pooled_enrollment_composition","administrative_equilibrium","formal_english_exposure","DISE pooled 2005-06 to 2007-08 English-medium enrollment / total enrollment"
"unadjusted__nonzero_mean_shastry","unadjusted","nonzero_mean_shastry","none","ling_distance_nonzero_mean","log_population_2001;urban_share_2001;adult_secondary_plus_share_2001;sc_share_2001;st_share_2001;muslim_share_2001;dependency_ratio_2001;electricity_access_share_2001;log_population_density_2001;literacy_share_2001;worker_share_2001;cultivator_share_workers_2001;agricultural_labourer_share_workers_2001",13,1.51377924631659,0.33678754252815,458,"estimated",NA,"emi_total_0508_pooled","dise_emi_enrollment_share_total_0508_pooled","dise_weak_iv__emi_total_0508_pooled__unadjusted__nonzero_mean_shastry","structural_iv","medium","pooled_enrollment_composition","administrative_equilibrium","formal_english_exposure","DISE pooled 2005-06 to 2007-08 English-medium enrollment / total enrollment"
"unadjusted__nonzero_mean_sensitivity_low","unadjusted","nonzero_mean_sensitivity_low","none","ling_distance_nonzero_mean_sensitivity_low","log_population_2001;urban_share_2001;adult_secondary_plus_share_2001;sc_share_2001;st_share_2001;muslim_share_2001;dependency_ratio_2001;electricity_access_share_2001;log_population_density_2001;literacy_share_2001;worker_share_2001;cultivator_share_workers_2001;agricultural_labourer_share_workers_2001",13,1.48413966960383,0.345753550305581,458,"estimated",NA,"emi_total_0508_pooled","dise_emi_enrollment_share_total_0508_pooled","dise_weak_iv__emi_total_0508_pooled__unadjusted__nonzero_mean_sensitivity_low","structural_iv","medium","pooled_enrollment_composition","administrative_equilibrium","formal_english_exposure","DISE pooled 2005-06 to 2007-08 English-medium enrollment / total enrollment"
"unadjusted__nonzero_mean_sensitivity_high","unadjusted","nonzero_mean_sensitivity_high","none","ling_distance_nonzero_mean_sensitivity_high","log_population_2001;urban_share_2001;adult_secondary_plus_share_2001;sc_share_2001;st_share_2001;muslim_share_2001;dependency_ratio_2001;electricity_access_share_2001;log_population_density_2001;literacy_share_2001;worker_share_2001;cultivator_share_workers_2001;agricultural_labourer_share_workers_2001",13,1.92260674697165,0.238840603354986,458,"estimated",NA,"emi_total_0508_pooled","dise_emi_enrollment_share_total_0508_pooled","dise_weak_iv__emi_total_0508_pooled__unadjusted__nonzero_mean_sensitivity_high","structural_iv","medium","pooled_enrollment_composition","administrative_equilibrium","formal_english_exposure","DISE pooled 2005-06 to 2007-08 English-medium enrollment / total enrollment"
"unadjusted__nonzero_mean_hindi_urdu_separate","unadjusted","nonzero_mean_hindi_urdu_separate","none","ling_distance_nonzero_mean","log_population_2001;urban_share_2001;adult_secondary_plus_share_2001;sc_share_2001;st_share_2001;muslim_share_2001;dependency_ratio_2001;electricity_access_share_2001;log_population_density_2001;literacy_share_2001;worker_share_2001;cultivator_share_workers_2001;agricultural_labourer_share_workers_2001",13,1.48930175774739,0.347999826204742,458,"estimated",NA,"emi_total_0508_pooled","dise_emi_enrollment_share_total_0508_pooled","dise_weak_iv__emi_total_0508_pooled__unadjusted__nonzero_mean_hindi_urdu_separate","structural_iv","medium","pooled_enrollment_composition","administrative_equilibrium","formal_english_exposure","DISE pooled 2005-06 to 2007-08 English-medium enrollment / total enrollment"
"unadjusted__glottolog_mean","unadjusted","glottolog_mean","none","ling_distance_glottolog_nonhindi_mean","log_population_2001;urban_share_2001;adult_secondary_plus_share_2001;sc_share_2001;st_share_2001;muslim_share_2001;dependency_ratio_2001;electricity_access_share_2001;log_population_density_2001;literacy_share_2001;worker_share_2001;cultivator_share_workers_2001;agricultural_labourer_share_workers_2001",13,1.40372045303132,0.382681024669264,458,"estimated",NA,"emi_total_0508_pooled","dise_emi_enrollment_share_total_0508_pooled","dise_weak_iv__emi_total_0508_pooled__unadjusted__glottolog_mean","structural_iv","medium","pooled_enrollment_composition","administrative_equilibrium","formal_english_exposure","DISE pooled 2005-06 to 2007-08 English-medium enrollment / total enrollment"
"unadjusted__glottolog_mean_shastry","unadjusted","glottolog_mean_shastry","none","ling_distance_glottolog_nonhindi_mean","log_population_2001;urban_share_2001;adult_secondary_plus_share_2001;sc_share_2001;st_share_2001;muslim_share_2001;dependency_ratio_2001;electricity_access_share_2001;log_population_density_2001;literacy_share_2001;worker_share_2001;cultivator_share_workers_2001;agricultural_labourer_share_workers_2001",13,1.41991024771921,0.366235918715276,458,"estimated",NA,"emi_total_0508_pooled","dise_emi_enrollment_share_total_0508_pooled","dise_weak_iv__emi_total_0508_pooled__unadjusted__glottolog_mean_shastry","structural_iv","medium","pooled_enrollment_composition","administrative_equilibrium","formal_english_exposure","DISE pooled 2005-06 to 2007-08 English-medium enrollment / total enrollment"
"unadjusted__dyen_noncognate","unadjusted","dyen_noncognate","none","ling_distance_dyen_noncognate_pct","log_population_2001;urban_share_2001;adult_secondary_plus_share_2001;sc_share_2001;st_share_2001;muslim_share_2001;dependency_ratio_2001;electricity_access_share_2001;log_population_density_2001;literacy_share_2001;worker_share_2001;cultivator_share_workers_2001;agricultural_labourer_share_workers_2001",13,3.52066518595621,0.0946578973529084,458,"estimated",NA,"emi_total_0508_pooled","dise_emi_enrollment_share_total_0508_pooled","dise_weak_iv__emi_total_0508_pooled__unadjusted__dyen_noncognate","structural_iv","medium","pooled_enrollment_composition","administrative_equilibrium","formal_english_exposure","DISE pooled 2005-06 to 2007-08 English-medium enrollment / total enrollment"
"unadjusted__dyen_noncognate_shastry","unadjusted","dyen_noncognate_shastry","none","ling_distance_dyen_noncognate_pct","log_population_2001;urban_share_2001;adult_secondary_plus_share_2001;sc_share_2001;st_share_2001;muslim_share_2001;dependency_ratio_2001;electricity_access_share_2001;log_population_density_2001;literacy_share_2001;worker_share_2001;cultivator_share_workers_2001;agricultural_labourer_share_workers_2001",13,3.41285709962324,0.0880867574301214,458,"estimated",NA,"emi_total_0508_pooled","dise_emi_enrollment_share_total_0508_pooled","dise_weak_iv__emi_total_0508_pooled__unadjusted__dyen_noncognate_shastry","structural_iv","medium","pooled_enrollment_composition","administrative_equilibrium","formal_english_exposure","DISE pooled 2005-06 to 2007-08 English-medium enrollment / total enrollment"
"region_main__nonzero_mean","region_main","nonzero_mean","region","ling_distance_nonzero_mean","literacy_share_2001;worker_share_2001;cultivator_share_workers_2001;agricultural_labourer_share_workers_2001",4,9.32508130099283,0.000699617955102668,458,"estimated",NA,"emi_total_0508_pooled","dise_emi_enrollment_share_total_0508_pooled","dise_weak_iv__emi_total_0508_pooled__region_main__nonzero_mean","structural_iv","medium","pooled_enrollment_composition","administrative_equilibrium","formal_english_exposure","DISE pooled 2005-06 to 2007-08 English-medium enrollment / total enrollment"
"region_main__distant_share","region_main","distant_share","region","ling_share_distance_ge3","literacy_share_2001;worker_share_2001;cultivator_share_workers_2001;agricultural_labourer_share_workers_2001",4,1.58090053316363,0.234194230850348,458,"estimated",NA,"emi_total_0508_pooled","dise_emi_enrollment_share_total_0508_pooled","dise_weak_iv__emi_total_0508_pooled__region_main__distant_share","structural_iv","medium","pooled_enrollment_composition","administrative_equilibrium","formal_english_exposure","DISE pooled 2005-06 to 2007-08 English-medium enrollment / total enrollment"
"region_main__top3_legacy","region_main","top3_legacy","region","ling_distance_top3_legacy","literacy_share_2001;worker_share_2001;cultivator_share_workers_2001;agricultural_labourer_share_workers_2001",4,1.04469334199338,0.419394268331782,458,"estimated",NA,"emi_total_0508_pooled","dise_emi_enrollment_share_total_0508_pooled","dise_weak_iv__emi_total_0508_pooled__region_main__top3_legacy","structural_iv","medium","pooled_enrollment_composition","administrative_equilibrium","formal_english_exposure","DISE pooled 2005-06 to 2007-08 English-medium enrollment / total enrollment"
"region_main__nonzero_mean_hindi_urdu","region_main","nonzero_mean_hindi_urdu","region","ling_distance_nonzero_mean","literacy_share_2001;worker_share_2001;cultivator_share_workers_2001;agricultural_labourer_share_workers_2001",4,8.23525116132353,0.00129040603294213,458,"estimated",NA,"emi_total_0508_pooled","dise_emi_enrollment_share_total_0508_pooled","dise_weak_iv__emi_total_0508_pooled__region_main__nonzero_mean_hindi_urdu","structural_iv","medium","pooled_enrollment_composition","administrative_equilibrium","formal_english_exposure","DISE pooled 2005-06 to 2007-08 English-medium enrollment / total enrollment"
"region_main__nonzero_mean_shastry","region_main","nonzero_mean_shastry","region","ling_distance_nonzero_mean","literacy_share_2001;worker_share_2001;cultivator_share_workers_2001;agricultural_labourer_share_workers_2001",4,7.85207368203234,0.00162508192821388,458,"estimated",NA,"emi_total_0508_pooled","dise_emi_enrollment_share_total_0508_pooled","dise_weak_iv__emi_total_0508_pooled__region_main__nonzero_mean_shastry","structural_iv","medium","pooled_enrollment_composition","administrative_equilibrium","formal_english_exposure","DISE pooled 2005-06 to 2007-08 English-medium enrollment / total enrollment"
"region_main__nonzero_mean_sensitivity_low","region_main","nonzero_mean_sensitivity_low","region","ling_distance_nonzero_mean_sensitivity_low","literacy_share_2001;worker_share_2001;cultivator_share_workers_2001;agricultural_labourer_share_workers_2001",4,7.91887545394459,0.00156378709148938,458,"estimated",NA,"emi_total_0508_pooled","dise_emi_enrollment_share_total_0508_pooled","dise_weak_iv__emi_total_0508_pooled__region_main__nonzero_mean_sensitivity_low","structural_iv","medium","pooled_enrollment_composition","administrative_equilibrium","formal_english_exposure","DISE pooled 2005-06 to 2007-08 English-medium enrollment / total enrollment"
"region_main__nonzero_mean_sensitivity_high","region_main","nonzero_mean_sensitivity_high","region","ling_distance_nonzero_mean_sensitivity_high","literacy_share_2001;worker_share_2001;cultivator_share_workers_2001;agricultural_labourer_share_workers_2001",4,4.48513582828488,0.0157068471682603,458,"estimated",NA,"emi_total_0508_pooled","dise_emi_enrollment_share_total_0508_pooled","dise_weak_iv__emi_total_0508_pooled__region_main__nonzero_mean_sensitivity_high","structural_iv","medium","pooled_enrollment_composition","administrative_equilibrium","formal_english_exposure","DISE pooled 2005-06 to 2007-08 English-medium enrollment / total enrollment"
"region_main__nonzero_mean_hindi_urdu_separate","region_main","nonzero_mean_hindi_urdu_separate","region","ling_distance_nonzero_mean","literacy_share_2001;worker_share_2001;cultivator_share_workers_2001;agricultural_labourer_share_workers_2001",4,8.80717561919763,0.000940121346792457,458,"estimated",NA,"emi_total_0508_pooled","dise_emi_enrollment_share_total_0508_pooled","dise_weak_iv__emi_total_0508_pooled__region_main__nonzero_mean_hindi_urdu_separate","structural_iv","medium","pooled_enrollment_composition","administrative_equilibrium","formal_english_exposure","DISE pooled 2005-06 to 2007-08 English-medium enrollment / total enrollment"
"region_main__glottolog_mean","region_main","glottolog_mean","region","ling_distance_glottolog_nonhindi_mean","literacy_share_2001;worker_share_2001;cultivator_share_workers_2001;agricultural_labourer_share_workers_2001",4,1.9031497266173,0.166153868740958,458,"estimated",NA,"emi_total_0508_pooled","dise_emi_enrollment_share_total_0508_pooled","dise_weak_iv__emi_total_0508_pooled__region_main__glottolog_mean","structural_iv","medium","pooled_enrollment_composition","administrative_equilibrium","formal_english_exposure","DISE pooled 2005-06 to 2007-08 English-medium enrollment / total enrollment"
"region_main__glottolog_mean_shastry","region_main","glottolog_mean_shastry","region","ling_distance_glottolog_nonhindi_mean","literacy_share_2001;worker_share_2001;cultivator_share_workers_2001;agricultural_labourer_share_workers_2001",4,1.88843823518024,0.169388596558673,458,"estimated",NA,"emi_total_0508_pooled","dise_emi_enrollment_share_total_0508_pooled","dise_weak_iv__emi_total_0508_pooled__region_main__glottolog_mean_shastry","structural_iv","medium","pooled_enrollment_composition","administrative_equilibrium","formal_english_exposure","DISE pooled 2005-06 to 2007-08 English-medium enrollment / total enrollment"
"region_main__dyen_noncognate","region_main","dyen_noncognate","region","ling_distance_dyen_noncognate_pct","literacy_share_2001;worker_share_2001;cultivator_share_workers_2001;agricultural_labourer_share_workers_2001",4,4.21379784028117,0.0192345480751278,458,"estimated",NA,"emi_total_0508_pooled","dise_emi_enrollment_share_total_0508_pooled","dise_weak_iv__emi_total_0508_pooled__region_main__dyen_noncognate","structural_iv","medium","pooled_enrollment_composition","administrative_equilibrium","formal_english_exposure","DISE pooled 2005-06 to 2007-08 English-medium enrollment / total enrollment"
"region_main__dyen_noncognate_shastry","region_main","dyen_noncognate_shastry","region","ling_distance_dyen_noncognate_pct","literacy_share_2001;worker_share_2001;cultivator_share_workers_2001;agricultural_labourer_share_workers_2001",4,4.08379538902794,0.0217261957470254,458,"estimated",NA,"emi_total_0508_pooled","dise_emi_enrollment_share_total_0508_pooled","dise_weak_iv__emi_total_0508_pooled__region_main__dyen_noncognate_shastry","structural_iv","medium","pooled_enrollment_composition","administrative_equilibrium","formal_english_exposure","DISE pooled 2005-06 to 2007-08 English-medium enrollment / total enrollment"
"region_expanded__nonzero_mean",NA,NA,NA,NA,NA,0,NA,NA,NA,"not_applicable","All diagnostic balance covariates are already included as nuisance controls.","emi_total_0508_pooled","dise_emi_enrollment_share_total_0508_pooled","dise_weak_iv__emi_total_0508_pooled__region_expanded__nonzero_mean","structural_iv","medium","pooled_enrollment_composition","administrative_equilibrium","formal_english_exposure","DISE pooled 2005-06 to 2007-08 English-medium enrollment / total enrollment"
"region_expanded__distant_share",NA,NA,NA,NA,NA,0,NA,NA,NA,"not_applicable","All diagnostic balance covariates are already included as nuisance controls.","emi_total_0508_pooled","dise_emi_enrollment_share_total_0508_pooled","dise_weak_iv__emi_total_0508_pooled__region_expanded__distant_share","structural_iv","medium","pooled_enrollment_composition","administrative_equilibrium","formal_english_exposure","DISE pooled 2005-06 to 2007-08 English-medium enrollment / total enrollment"
"region_expanded__top3_legacy",NA,NA,NA,NA,NA,0,NA,NA,NA,"not_applicable","All diagnostic balance covariates are already included as nuisance controls.","emi_total_0508_pooled","dise_emi_enrollment_share_total_0508_pooled","dise_weak_iv__emi_total_0508_pooled__region_expanded__top3_legacy","structural_iv","medium","pooled_enrollment_composition","administrative_equilibrium","formal_english_exposure","DISE pooled 2005-06 to 2007-08 English-medium enrollment / total enrollment"
"region_expanded__nonzero_mean_hindi_urdu",NA,NA,NA,NA,NA,0,NA,NA,NA,"not_applicable","All diagnostic balance covariates are already included as nuisance controls.","emi_total_0508_pooled","dise_emi_enrollment_share_total_0508_pooled","dise_weak_iv__emi_total_0508_pooled__region_expanded__nonzero_mean_hindi_urdu","structural_iv","medium","pooled_enrollment_composition","administrative_equilibrium","formal_english_exposure","DISE pooled 2005-06 to 2007-08 English-medium enrollment / total enrollment"
"region_expanded__nonzero_mean_shastry",NA,NA,NA,NA,NA,0,NA,NA,NA,"not_applicable","All diagnostic balance covariates are already included as nuisance controls.","emi_total_0508_pooled","dise_emi_enrollment_share_total_0508_pooled","dise_weak_iv__emi_total_0508_pooled__region_expanded__nonzero_mean_shastry","structural_iv","medium","pooled_enrollment_composition","administrative_equilibrium","formal_english_exposure","DISE pooled 2005-06 to 2007-08 English-medium enrollment / total enrollment"
"region_expanded__nonzero_mean_sensitivity_low",NA,NA,NA,NA,NA,0,NA,NA,NA,"not_applicable","All diagnostic balance covariates are already included as nuisance controls.","emi_total_0508_pooled","dise_emi_enrollment_share_total_0508_pooled","dise_weak_iv__emi_total_0508_pooled__region_expanded__nonzero_mean_sensitivity_low","structural_iv","medium","pooled_enrollment_composition","administrative_equilibrium","formal_english_exposure","DISE pooled 2005-06 to 2007-08 English-medium enrollment / total enrollment"
"region_expanded__nonzero_mean_sensitivity_high",NA,NA,NA,NA,NA,0,NA,NA,NA,"not_applicable","All diagnostic balance covariates are already included as nuisance controls.","emi_total_0508_pooled","dise_emi_enrollment_share_total_0508_pooled","dise_weak_iv__emi_total_0508_pooled__region_expanded__nonzero_mean_sensitivity_high","structural_iv","medium","pooled_enrollment_composition","administrative_equilibrium","formal_english_exposure","DISE pooled 2005-06 to 2007-08 English-medium enrollment / total enrollment"
"region_expanded__nonzero_mean_hindi_urdu_separate",NA,NA,NA,NA,NA,0,NA,NA,NA,"not_applicable","All diagnostic balance covariates are already included as nuisance controls.","emi_total_0508_pooled","dise_emi_enrollment_share_total_0508_pooled","dise_weak_iv__emi_total_0508_pooled__region_expanded__nonzero_mean_hindi_urdu_separate","structural_iv","medium","pooled_enrollment_composition","administrative_equilibrium","formal_english_exposure","DISE pooled 2005-06 to 2007-08 English-medium enrollment / total enrollment"
"region_expanded__glottolog_mean",NA,NA,NA,NA,NA,0,NA,NA,NA,"not_applicable","All diagnostic balance covariates are already included as nuisance controls.","emi_total_0508_pooled","dise_emi_enrollment_share_total_0508_pooled","dise_weak_iv__emi_total_0508_pooled__region_expanded__glottolog_mean","structural_iv","medium","pooled_enrollment_composition","administrative_equilibrium","formal_english_exposure","DISE pooled 2005-06 to 2007-08 English-medium enrollment / total enrollment"
"region_expanded__glottolog_mean_shastry",NA,NA,NA,NA,NA,0,NA,NA,NA,"not_applicable","All diagnostic balance covariates are already included as nuisance controls.","emi_total_0508_pooled","dise_emi_enrollment_share_total_0508_pooled","dise_weak_iv__emi_total_0508_pooled__region_expanded__glottolog_mean_shastry","structural_iv","medium","pooled_enrollment_composition","administrative_equilibrium","formal_english_exposure","DISE pooled 2005-06 to 2007-08 English-medium enrollment / total enrollment"
"region_expanded__dyen_noncognate",NA,NA,NA,NA,NA,0,NA,NA,NA,"not_applicable","All diagnostic balance covariates are already included as nuisance controls.","emi_total_0508_pooled","dise_emi_enrollment_share_total_0508_pooled","dise_weak_iv__emi_total_0508_pooled__region_expanded__dyen_noncognate","structural_iv","medium","pooled_enrollment_composition","administrative_equilibrium","formal_english_exposure","DISE pooled 2005-06 to 2007-08 English-medium enrollment / total enrollment"
"region_expanded__dyen_noncognate_shastry",NA,NA,NA,NA,NA,0,NA,NA,NA,"not_applicable","All diagnostic balance covariates are already included as nuisance controls.","emi_total_0508_pooled","dise_emi_enrollment_share_total_0508_pooled","dise_weak_iv__emi_total_0508_pooled__region_expanded__dyen_noncognate_shastry","structural_iv","medium","pooled_enrollment_composition","administrative_equilibrium","formal_english_exposure","DISE pooled 2005-06 to 2007-08 English-medium enrollment / total enrollment"
"state_main__nonzero_mean","state_main","nonzero_mean","state","ling_distance_nonzero_mean","literacy_share_2001;worker_share_2001;cultivator_share_workers_2001;agricultural_labourer_share_workers_2001",4,0.721633167403164,0.594800963657702,458,"estimated",NA,"emi_total_0508_pooled","dise_emi_enrollment_share_total_0508_pooled","dise_weak_iv__emi_total_0508_pooled__state_main__nonzero_mean","structural_iv","medium","pooled_enrollment_composition","administrative_equilibrium","formal_english_exposure","DISE pooled 2005-06 to 2007-08 English-medium enrollment / total enrollment"
"state_main__distant_share","state_main","distant_share","state","ling_share_distance_ge3","literacy_share_2001;worker_share_2001;cultivator_share_workers_2001;agricultural_labourer_share_workers_2001",4,0.481369007516698,0.749221933068992,458,"estimated",NA,"emi_total_0508_pooled","dise_emi_enrollment_share_total_0508_pooled","dise_weak_iv__emi_total_0508_pooled__state_main__distant_share","structural_iv","medium","pooled_enrollment_composition","administrative_equilibrium","formal_english_exposure","DISE pooled 2005-06 to 2007-08 English-medium enrollment / total enrollment"
"state_main__top3_legacy","state_main","top3_legacy","state","ling_distance_top3_legacy","literacy_share_2001;worker_share_2001;cultivator_share_workers_2001;agricultural_labourer_share_workers_2001",4,0.719448832262585,0.596101255418113,458,"estimated",NA,"emi_total_0508_pooled","dise_emi_enrollment_share_total_0508_pooled","dise_weak_iv__emi_total_0508_pooled__state_main__top3_legacy","structural_iv","medium","pooled_enrollment_composition","administrative_equilibrium","formal_english_exposure","DISE pooled 2005-06 to 2007-08 English-medium enrollment / total enrollment"
"state_main__nonzero_mean_hindi_urdu","state_main","nonzero_mean_hindi_urdu","state","ling_distance_nonzero_mean","literacy_share_2001;worker_share_2001;cultivator_share_workers_2001;agricultural_labourer_share_workers_2001",4,0.77409689099216,0.564482169552125,458,"estimated",NA,"emi_total_0508_pooled","dise_emi_enrollment_share_total_0508_pooled","dise_weak_iv__emi_total_0508_pooled__state_main__nonzero_mean_hindi_urdu","structural_iv","medium","pooled_enrollment_composition","administrative_equilibrium","formal_english_exposure","DISE pooled 2005-06 to 2007-08 English-medium enrollment / total enrollment"
"state_main__nonzero_mean_shastry","state_main","nonzero_mean_shastry","state","ling_distance_nonzero_mean","literacy_share_2001;worker_share_2001;cultivator_share_workers_2001;agricultural_labourer_share_workers_2001",4,1.08808627334475,0.409003288476355,458,"estimated",NA,"emi_total_0508_pooled","dise_emi_enrollment_share_total_0508_pooled","dise_weak_iv__emi_total_0508_pooled__state_main__nonzero_mean_shastry","structural_iv","medium","pooled_enrollment_composition","administrative_equilibrium","formal_english_exposure","DISE pooled 2005-06 to 2007-08 English-medium enrollment / total enrollment"
"state_main__nonzero_mean_sensitivity_low","state_main","nonzero_mean_sensitivity_low","state","ling_distance_nonzero_mean_sensitivity_low","literacy_share_2001;worker_share_2001;cultivator_share_workers_2001;agricultural_labourer_share_workers_2001",4,1.09628019409776,0.40555843794121,458,"estimated",NA,"emi_total_0508_pooled","dise_emi_enrollment_share_total_0508_pooled","dise_weak_iv__emi_total_0508_pooled__state_main__nonzero_mean_sensitivity_low","structural_iv","medium","pooled_enrollment_composition","administrative_equilibrium","formal_english_exposure","DISE pooled 2005-06 to 2007-08 English-medium enrollment / total enrollment"
"state_main__nonzero_mean_sensitivity_high","state_main","nonzero_mean_sensitivity_high","state","ling_distance_nonzero_mean_sensitivity_high","literacy_share_2001;worker_share_2001;cultivator_share_workers_2001;agricultural_labourer_share_workers_2001",4,0.933126938625512,0.479851070953267,458,"estimated",NA,"emi_total_0508_pooled","dise_emi_enrollment_share_total_0508_pooled","dise_weak_iv__emi_total_0508_pooled__state_main__nonzero_mean_sensitivity_high","structural_iv","medium","pooled_enrollment_composition","administrative_equilibrium","formal_english_exposure","DISE pooled 2005-06 to 2007-08 English-medium enrollment / total enrollment"
"state_main__nonzero_mean_hindi_urdu_separate","state_main","nonzero_mean_hindi_urdu_separate","state","ling_distance_nonzero_mean","literacy_share_2001;worker_share_2001;cultivator_share_workers_2001;agricultural_labourer_share_workers_2001",4,1.50181955189008,0.268055246071159,458,"estimated",NA,"emi_total_0508_pooled","dise_emi_enrollment_share_total_0508_pooled","dise_weak_iv__emi_total_0508_pooled__state_main__nonzero_mean_hindi_urdu_separate","structural_iv","medium","pooled_enrollment_composition","administrative_equilibrium","formal_english_exposure","DISE pooled 2005-06 to 2007-08 English-medium enrollment / total enrollment"
"state_main__glottolog_mean","state_main","glottolog_mean","state","ling_distance_glottolog_nonhindi_mean","literacy_share_2001;worker_share_2001;cultivator_share_workers_2001;agricultural_labourer_share_workers_2001",4,0.645811240158175,0.64118371550179,458,"estimated",NA,"emi_total_0508_pooled","dise_emi_enrollment_share_total_0508_pooled","dise_weak_iv__emi_total_0508_pooled__state_main__glottolog_mean","structural_iv","medium","pooled_enrollment_composition","administrative_equilibrium","formal_english_exposure","DISE pooled 2005-06 to 2007-08 English-medium enrollment / total enrollment"
"state_main__glottolog_mean_shastry","state_main","glottolog_mean_shastry","state","ling_distance_glottolog_nonhindi_mean","literacy_share_2001;worker_share_2001;cultivator_share_workers_2001;agricultural_labourer_share_workers_2001",4,0.702893392172453,0.606121328167775,458,"estimated",NA,"emi_total_0508_pooled","dise_emi_enrollment_share_total_0508_pooled","dise_weak_iv__emi_total_0508_pooled__state_main__glottolog_mean_shastry","structural_iv","medium","pooled_enrollment_composition","administrative_equilibrium","formal_english_exposure","DISE pooled 2005-06 to 2007-08 English-medium enrollment / total enrollment"
"state_main__dyen_noncognate","state_main","dyen_noncognate","state","ling_distance_dyen_noncognate_pct","literacy_share_2001;worker_share_2001;cultivator_share_workers_2001;agricultural_labourer_share_workers_2001",4,2.14272763417955,0.142820245283836,458,"estimated",NA,"emi_total_0508_pooled","dise_emi_enrollment_share_total_0508_pooled","dise_weak_iv__emi_total_0508_pooled__state_main__dyen_noncognate","structural_iv","medium","pooled_enrollment_composition","administrative_equilibrium","formal_english_exposure","DISE pooled 2005-06 to 2007-08 English-medium enrollment / total enrollment"
"state_main__dyen_noncognate_shastry","state_main","dyen_noncognate_shastry","state","ling_distance_dyen_noncognate_pct","literacy_share_2001;worker_share_2001;cultivator_share_workers_2001;agricultural_labourer_share_workers_2001",4,2.01770163764071,0.16122689496546,458,"estimated",NA,"emi_total_0508_pooled","dise_emi_enrollment_share_total_0508_pooled","dise_weak_iv__emi_total_0508_pooled__state_main__dyen_noncognate_shastry","structural_iv","medium","pooled_enrollment_composition","administrative_equilibrium","formal_english_exposure","DISE pooled 2005-06 to 2007-08 English-medium enrollment / total enrollment"
"state_expanded__nonzero_mean",NA,NA,NA,NA,NA,0,NA,NA,NA,"not_applicable","All diagnostic balance covariates are already included as nuisance controls.","emi_total_0508_pooled","dise_emi_enrollment_share_total_0508_pooled","dise_weak_iv__emi_total_0508_pooled__state_expanded__nonzero_mean","structural_iv","medium","pooled_enrollment_composition","administrative_equilibrium","formal_english_exposure","DISE pooled 2005-06 to 2007-08 English-medium enrollment / total enrollment"
"state_expanded__distant_share",NA,NA,NA,NA,NA,0,NA,NA,NA,"not_applicable","All diagnostic balance covariates are already included as nuisance controls.","emi_total_0508_pooled","dise_emi_enrollment_share_total_0508_pooled","dise_weak_iv__emi_total_0508_pooled__state_expanded__distant_share","structural_iv","medium","pooled_enrollment_composition","administrative_equilibrium","formal_english_exposure","DISE pooled 2005-06 to 2007-08 English-medium enrollment / total enrollment"
"state_expanded__top3_legacy",NA,NA,NA,NA,NA,0,NA,NA,NA,"not_applicable","All diagnostic balance covariates are already included as nuisance controls.","emi_total_0508_pooled","dise_emi_enrollment_share_total_0508_pooled","dise_weak_iv__emi_total_0508_pooled__state_expanded__top3_legacy","structural_iv","medium","pooled_enrollment_composition","administrative_equilibrium","formal_english_exposure","DISE pooled 2005-06 to 2007-08 English-medium enrollment / total enrollment"
"state_expanded__nonzero_mean_hindi_urdu",NA,NA,NA,NA,NA,0,NA,NA,NA,"not_applicable","All diagnostic balance covariates are already included as nuisance controls.","emi_total_0508_pooled","dise_emi_enrollment_share_total_0508_pooled","dise_weak_iv__emi_total_0508_pooled__state_expanded__nonzero_mean_hindi_urdu","structural_iv","medium","pooled_enrollment_composition","administrative_equilibrium","formal_english_exposure","DISE pooled 2005-06 to 2007-08 English-medium enrollment / total enrollment"
"state_expanded__nonzero_mean_shastry",NA,NA,NA,NA,NA,0,NA,NA,NA,"not_applicable","All diagnostic balance covariates are already included as nuisance controls.","emi_total_0508_pooled","dise_emi_enrollment_share_total_0508_pooled","dise_weak_iv__emi_total_0508_pooled__state_expanded__nonzero_mean_shastry","structural_iv","medium","pooled_enrollment_composition","administrative_equilibrium","formal_english_exposure","DISE pooled 2005-06 to 2007-08 English-medium enrollment / total enrollment"
"state_expanded__nonzero_mean_sensitivity_low",NA,NA,NA,NA,NA,0,NA,NA,NA,"not_applicable","All diagnostic balance covariates are already included as nuisance controls.","emi_total_0508_pooled","dise_emi_enrollment_share_total_0508_pooled","dise_weak_iv__emi_total_0508_pooled__state_expanded__nonzero_mean_sensitivity_low","structural_iv","medium","pooled_enrollment_composition","administrative_equilibrium","formal_english_exposure","DISE pooled 2005-06 to 2007-08 English-medium enrollment / total enrollment"
"state_expanded__nonzero_mean_sensitivity_high",NA,NA,NA,NA,NA,0,NA,NA,NA,"not_applicable","All diagnostic balance covariates are already included as nuisance controls.","emi_total_0508_pooled","dise_emi_enrollment_share_total_0508_pooled","dise_weak_iv__emi_total_0508_pooled__state_expanded__nonzero_mean_sensitivity_high","structural_iv","medium","pooled_enrollment_composition","administrative_equilibrium","formal_english_exposure","DISE pooled 2005-06 to 2007-08 English-medium enrollment / total enrollment"
"state_expanded__nonzero_mean_hindi_urdu_separate",NA,NA,NA,NA,NA,0,NA,NA,NA,"not_applicable","All diagnostic balance covariates are already included as nuisance controls.","emi_total_0508_pooled","dise_emi_enrollment_share_total_0508_pooled","dise_weak_iv__emi_total_0508_pooled__state_expanded__nonzero_mean_hindi_urdu_separate","structural_iv","medium","pooled_enrollment_composition","administrative_equilibrium","formal_english_exposure","DISE pooled 2005-06 to 2007-08 English-medium enrollment / total enrollment"
"state_expanded__glottolog_mean",NA,NA,NA,NA,NA,0,NA,NA,NA,"not_applicable","All diagnostic balance covariates are already included as nuisance controls.","emi_total_0508_pooled","dise_emi_enrollment_share_total_0508_pooled","dise_weak_iv__emi_total_0508_pooled__state_expanded__glottolog_mean","structural_iv","medium","pooled_enrollment_composition","administrative_equilibrium","formal_english_exposure","DISE pooled 2005-06 to 2007-08 English-medium enrollment / total enrollment"
"state_expanded__glottolog_mean_shastry",NA,NA,NA,NA,NA,0,NA,NA,NA,"not_applicable","All diagnostic balance covariates are already included as nuisance controls.","emi_total_0508_pooled","dise_emi_enrollment_share_total_0508_pooled","dise_weak_iv__emi_total_0508_pooled__state_expanded__glottolog_mean_shastry","structural_iv","medium","pooled_enrollment_composition","administrative_equilibrium","formal_english_exposure","DISE pooled 2005-06 to 2007-08 English-medium enrollment / total enrollment"
"state_expanded__dyen_noncognate",NA,NA,NA,NA,NA,0,NA,NA,NA,"not_applicable","All diagnostic balance covariates are already included as nuisance controls.","emi_total_0508_pooled","dise_emi_enrollment_share_total_0508_pooled","dise_weak_iv__emi_total_0508_pooled__state_expanded__dyen_noncognate","structural_iv","medium","pooled_enrollment_composition","administrative_equilibrium","formal_english_exposure","DISE pooled 2005-06 to 2007-08 English-medium enrollment / total enrollment"
"state_expanded__dyen_noncognate_shastry",NA,NA,NA,NA,NA,0,NA,NA,NA,"not_applicable","All diagnostic balance covariates are already included as nuisance controls.","emi_total_0508_pooled","dise_emi_enrollment_share_total_0508_pooled","dise_weak_iv__emi_total_0508_pooled__state_expanded__dyen_noncognate_shastry","structural_iv","medium","pooled_enrollment_composition","administrative_equilibrium","formal_english_exposure","DISE pooled 2005-06 to 2007-08 English-medium enrollment / total enrollment"
"absorption__region_fe","region_fe","nonzero_mean","region","ling_distance_nonzero_mean","log_population_2001;urban_share_2001;adult_secondary_plus_share_2001;sc_share_2001;st_share_2001;muslim_share_2001;dependency_ratio_2001;electricity_access_share_2001;log_population_density_2001;literacy_share_2001;worker_share_2001;cultivator_share_workers_2001;agricultural_labourer_share_workers_2001",13,2.2423296603978,0.177731423509703,458,"estimated",NA,"emi_total_0508_pooled","dise_emi_enrollment_share_total_0508_pooled","dise_weak_iv__emi_total_0508_pooled__absorption__region_fe","structural_iv","medium","pooled_enrollment_composition","administrative_equilibrium","formal_english_exposure","DISE pooled 2005-06 to 2007-08 English-medium enrollment / total enrollment"
"absorption__state_fe","state_fe","nonzero_mean","state","ling_distance_nonzero_mean","log_population_2001;urban_share_2001;adult_secondary_plus_share_2001;sc_share_2001;st_share_2001;muslim_share_2001;dependency_ratio_2001;electricity_access_share_2001;log_population_density_2001;literacy_share_2001;worker_share_2001;cultivator_share_workers_2001;agricultural_labourer_share_workers_2001",13,0.6076917699669,0.773514024150437,458,"estimated",NA,"emi_total_0508_pooled","dise_emi_enrollment_share_total_0508_pooled","dise_weak_iv__emi_total_0508_pooled__absorption__state_fe","structural_iv","medium","pooled_enrollment_composition","administrative_equilibrium","formal_english_exposure","DISE pooled 2005-06 to 2007-08 English-medium enrollment / total enrollment"
"absorption__census_controls","census_controls","nonzero_mean","none","ling_distance_nonzero_mean","literacy_share_2001;worker_share_2001;cultivator_share_workers_2001;agricultural_labourer_share_workers_2001",4,1.07687869709716,0.407597531108023,458,"estimated",NA,"emi_total_0508_pooled","dise_emi_enrollment_share_total_0508_pooled","dise_weak_iv__emi_total_0508_pooled__absorption__census_controls","structural_iv","medium","pooled_enrollment_composition","administrative_equilibrium","formal_english_exposure","DISE pooled 2005-06 to 2007-08 English-medium enrollment / total enrollment"
"absorption__expanded_controls",NA,NA,NA,NA,NA,0,NA,NA,NA,"not_applicable","All diagnostic balance covariates are already included as nuisance controls.","emi_total_0508_pooled","dise_emi_enrollment_share_total_0508_pooled","dise_weak_iv__emi_total_0508_pooled__absorption__expanded_controls","structural_iv","medium","pooled_enrollment_composition","administrative_equilibrium","formal_english_exposure","DISE pooled 2005-06 to 2007-08 English-medium enrollment / total enrollment"
"absorption__region_fe_main_without_human_capital","region_fe_main_without_human_capital","nonzero_mean","region","ling_distance_nonzero_mean","adult_secondary_plus_share_2001;literacy_share_2001;worker_share_2001;cultivator_share_workers_2001;agricultural_labourer_share_workers_2001",5,6.93350845978419,0.00243442072100152,458,"estimated",NA,"emi_total_0508_pooled","dise_emi_enrollment_share_total_0508_pooled","dise_weak_iv__emi_total_0508_pooled__absorption__region_fe_main_without_human_capital","structural_iv","medium","pooled_enrollment_composition","administrative_equilibrium","formal_english_exposure","DISE pooled 2005-06 to 2007-08 English-medium enrollment / total enrollment"
"absorption__state_fe_main_without_human_capital","state_fe_main_without_human_capital","nonzero_mean","state","ling_distance_nonzero_mean","adult_secondary_plus_share_2001;literacy_share_2001;worker_share_2001;cultivator_share_workers_2001;agricultural_labourer_share_workers_2001",5,0.745984100899214,0.606203592107388,458,"estimated",NA,"emi_total_0508_pooled","dise_emi_enrollment_share_total_0508_pooled","dise_weak_iv__emi_total_0508_pooled__absorption__state_fe_main_without_human_capital","structural_iv","medium","pooled_enrollment_composition","administrative_equilibrium","formal_english_exposure","DISE pooled 2005-06 to 2007-08 English-medium enrollment / total enrollment"
"absorption__region_fe_expanded_without_human_capital","region_fe_expanded_without_human_capital","nonzero_mean","region","ling_distance_nonzero_mean","adult_secondary_plus_share_2001;literacy_share_2001",2,5.65024905193189,0.0153268151658674,458,"estimated",NA,"emi_total_0508_pooled","dise_emi_enrollment_share_total_0508_pooled","dise_weak_iv__emi_total_0508_pooled__absorption__region_fe_expanded_without_human_capital","structural_iv","medium","pooled_enrollment_composition","administrative_equilibrium","formal_english_exposure","DISE pooled 2005-06 to 2007-08 English-medium enrollment / total enrollment"
"absorption__state_fe_expanded_without_human_capital","state_fe_expanded_without_human_capital","nonzero_mean","state","ling_distance_nonzero_mean","adult_secondary_plus_share_2001;literacy_share_2001",2,1.57258482088894,0.240477856422228,458,"estimated",NA,"emi_total_0508_pooled","dise_emi_enrollment_share_total_0508_pooled","dise_weak_iv__emi_total_0508_pooled__absorption__state_fe_expanded_without_human_capital","structural_iv","medium","pooled_enrollment_composition","administrative_equilibrium","formal_english_exposure","DISE pooled 2005-06 to 2007-08 English-medium enrollment / total enrollment"
"absorption__region_fe_plus_basic_scale_geography","region_fe_plus_basic_scale_geography","nonzero_mean","region","ling_distance_nonzero_mean","adult_secondary_plus_share_2001;sc_share_2001;st_share_2001;muslim_share_2001;dependency_ratio_2001;electricity_access_share_2001;literacy_share_2001;worker_share_2001;cultivator_share_workers_2001;agricultural_labourer_share_workers_2001",10,3.7603882917057,0.0370829286210955,458,"estimated",NA,"emi_total_0508_pooled","dise_emi_enrollment_share_total_0508_pooled","dise_weak_iv__emi_total_0508_pooled__absorption__region_fe_plus_basic_scale_geography","structural_iv","medium","pooled_enrollment_composition","administrative_equilibrium","formal_english_exposure","DISE pooled 2005-06 to 2007-08 English-medium enrollment / total enrollment"
"absorption__region_fe_plus_social_composition","region_fe_plus_social_composition","nonzero_mean","region","ling_distance_nonzero_mean","adult_secondary_plus_share_2001;dependency_ratio_2001;electricity_access_share_2001;literacy_share_2001;worker_share_2001;cultivator_share_workers_2001;agricultural_labourer_share_workers_2001",7,5.04039378885466,0.00969238095283503,458,"estimated",NA,"emi_total_0508_pooled","dise_emi_enrollment_share_total_0508_pooled","dise_weak_iv__emi_total_0508_pooled__absorption__region_fe_plus_social_composition","structural_iv","medium","pooled_enrollment_composition","administrative_equilibrium","formal_english_exposure","DISE pooled 2005-06 to 2007-08 English-medium enrollment / total enrollment"
"absorption__region_fe_plus_human_capital","region_fe_plus_human_capital","nonzero_mean","region","ling_distance_nonzero_mean","dependency_ratio_2001;electricity_access_share_2001;worker_share_2001;cultivator_share_workers_2001;agricultural_labourer_share_workers_2001",5,4.88905841394721,0.0110383981659529,458,"estimated",NA,"emi_total_0508_pooled","dise_emi_enrollment_share_total_0508_pooled","dise_weak_iv__emi_total_0508_pooled__absorption__region_fe_plus_human_capital","structural_iv","medium","pooled_enrollment_composition","administrative_equilibrium","formal_english_exposure","DISE pooled 2005-06 to 2007-08 English-medium enrollment / total enrollment"
"absorption__region_fe_plus_demography","region_fe_plus_demography","nonzero_mean","region","ling_distance_nonzero_mean","electricity_access_share_2001;worker_share_2001;cultivator_share_workers_2001;agricultural_labourer_share_workers_2001",4,6.36731730522154,0.00489814183086303,458,"estimated",NA,"emi_total_0508_pooled","dise_emi_enrollment_share_total_0508_pooled","dise_weak_iv__emi_total_0508_pooled__absorption__region_fe_plus_demography","structural_iv","medium","pooled_enrollment_composition","administrative_equilibrium","formal_english_exposure","DISE pooled 2005-06 to 2007-08 English-medium enrollment / total enrollment"
"absorption__region_fe_plus_economic_structure","region_fe_plus_economic_structure","nonzero_mean","region","ling_distance_nonzero_mean","electricity_access_share_2001",1,1.31572397450972,0.277680922379969,458,"estimated",NA,"emi_total_0508_pooled","dise_emi_enrollment_share_total_0508_pooled","dise_weak_iv__emi_total_0508_pooled__absorption__region_fe_plus_economic_structure","structural_iv","medium","pooled_enrollment_composition","administrative_equilibrium","formal_english_exposure","DISE pooled 2005-06 to 2007-08 English-medium enrollment / total enrollment"
"absorption__state_fe_plus_basic_scale_geography","state_fe_plus_basic_scale_geography","nonzero_mean","state","ling_distance_nonzero_mean","adult_secondary_plus_share_2001;sc_share_2001;st_share_2001;muslim_share_2001;dependency_ratio_2001;electricity_access_share_2001;literacy_share_2001;worker_share_2001;cultivator_share_workers_2001;agricultural_labourer_share_workers_2001",10,1.108565276964,0.475904487800819,458,"estimated",NA,"emi_total_0508_pooled","dise_emi_enrollment_share_total_0508_pooled","dise_weak_iv__emi_total_0508_pooled__absorption__state_fe_plus_basic_scale_geography","structural_iv","medium","pooled_enrollment_composition","administrative_equilibrium","formal_english_exposure","DISE pooled 2005-06 to 2007-08 English-medium enrollment / total enrollment"
"absorption__state_fe_plus_social_composition","state_fe_plus_social_composition","nonzero_mean","state","ling_distance_nonzero_mean","adult_secondary_plus_share_2001;dependency_ratio_2001;electricity_access_share_2001;literacy_share_2001;worker_share_2001;cultivator_share_workers_2001;agricultural_labourer_share_workers_2001",7,0.670590398324193,0.694039425446713,458,"estimated",NA,"emi_total_0508_pooled","dise_emi_enrollment_share_total_0508_pooled","dise_weak_iv__emi_total_0508_pooled__absorption__state_fe_plus_social_composition","structural_iv","medium","pooled_enrollment_composition","administrative_equilibrium","formal_english_exposure","DISE pooled 2005-06 to 2007-08 English-medium enrollment / total enrollment"
"absorption__state_fe_plus_human_capital","state_fe_plus_human_capital","nonzero_mean","state","ling_distance_nonzero_mean","dependency_ratio_2001;electricity_access_share_2001;worker_share_2001;cultivator_share_workers_2001;agricultural_labourer_share_workers_2001",5,1.08073265059683,0.428549563450401,458,"estimated",NA,"emi_total_0508_pooled","dise_emi_enrollment_share_total_0508_pooled","dise_weak_iv__emi_total_0508_pooled__absorption__state_fe_plus_human_capital","structural_iv","medium","pooled_enrollment_composition","administrative_equilibrium","formal_english_exposure","DISE pooled 2005-06 to 2007-08 English-medium enrollment / total enrollment"
"absorption__state_fe_plus_demography","state_fe_plus_demography","nonzero_mean","state","ling_distance_nonzero_mean","electricity_access_share_2001;worker_share_2001;cultivator_share_workers_2001;agricultural_labourer_share_workers_2001",4,1.37410548309839,0.307481919683978,458,"estimated",NA,"emi_total_0508_pooled","dise_emi_enrollment_share_total_0508_pooled","dise_weak_iv__emi_total_0508_pooled__absorption__state_fe_plus_demography","structural_iv","medium","pooled_enrollment_composition","administrative_equilibrium","formal_english_exposure","DISE pooled 2005-06 to 2007-08 English-medium enrollment / total enrollment"
"absorption__state_fe_plus_economic_structure","state_fe_plus_economic_structure","nonzero_mean","state","ling_distance_nonzero_mean","electricity_access_share_2001",1,1.39465714425987,0.263425048234129,458,"estimated",NA,"emi_total_0508_pooled","dise_emi_enrollment_share_total_0508_pooled","dise_weak_iv__emi_total_0508_pooled__absorption__state_fe_plus_economic_structure","structural_iv","medium","pooled_enrollment_composition","administrative_equilibrium","formal_english_exposure","DISE pooled 2005-06 to 2007-08 English-medium enrollment / total enrollment"
"absorption__region_main_without_basic_scale_geography","region_main_without_basic_scale_geography","nonzero_mean","region","ling_distance_nonzero_mean","log_population_2001;urban_share_2001;log_population_density_2001;literacy_share_2001;worker_share_2001;cultivator_share_workers_2001;agricultural_labourer_share_workers_2001",7,4.94562458769687,0.00809757144085056,458,"estimated",NA,"emi_total_0508_pooled","dise_emi_enrollment_share_total_0508_pooled","dise_weak_iv__emi_total_0508_pooled__absorption__region_main_without_basic_scale_geography","structural_iv","medium","pooled_enrollment_composition","administrative_equilibrium","formal_english_exposure","DISE pooled 2005-06 to 2007-08 English-medium enrollment / total enrollment"
"absorption__region_block_only_social_composition","region_block_only_social_composition","nonzero_mean","region","ling_distance_nonzero_mean","log_population_2001;urban_share_2001;adult_secondary_plus_share_2001;dependency_ratio_2001;electricity_access_share_2001;log_population_density_2001;literacy_share_2001;worker_share_2001;cultivator_share_workers_2001;agricultural_labourer_share_workers_2001",10,3.08581321530859,0.057943163513338,458,"estimated",NA,"emi_total_0508_pooled","dise_emi_enrollment_share_total_0508_pooled","dise_weak_iv__emi_total_0508_pooled__absorption__region_block_only_social_composition","structural_iv","medium","pooled_enrollment_composition","administrative_equilibrium","formal_english_exposure","DISE pooled 2005-06 to 2007-08 English-medium enrollment / total enrollment"
"absorption__region_main_without_social_composition","region_main_without_social_composition","nonzero_mean","region","ling_distance_nonzero_mean","sc_share_2001;st_share_2001;muslim_share_2001;literacy_share_2001;worker_share_2001;cultivator_share_workers_2001;agricultural_labourer_share_workers_2001",7,6.08009057008908,0.00505284980231644,458,"estimated",NA,"emi_total_0508_pooled","dise_emi_enrollment_share_total_0508_pooled","dise_weak_iv__emi_total_0508_pooled__absorption__region_main_without_social_composition","structural_iv","medium","pooled_enrollment_composition","administrative_equilibrium","formal_english_exposure","DISE pooled 2005-06 to 2007-08 English-medium enrollment / total enrollment"
"absorption__region_block_only_human_capital","region_block_only_human_capital","nonzero_mean","region","ling_distance_nonzero_mean","log_population_2001;urban_share_2001;sc_share_2001;st_share_2001;muslim_share_2001;dependency_ratio_2001;electricity_access_share_2001;log_population_density_2001;literacy_share_2001;worker_share_2001;cultivator_share_workers_2001;agricultural_labourer_share_workers_2001",12,2.74255346590635,0.108117207286916,458,"estimated",NA,"emi_total_0508_pooled","dise_emi_enrollment_share_total_0508_pooled","dise_weak_iv__emi_total_0508_pooled__absorption__region_block_only_human_capital","structural_iv","medium","pooled_enrollment_composition","administrative_equilibrium","formal_english_exposure","DISE pooled 2005-06 to 2007-08 English-medium enrollment / total enrollment"
"absorption__region_block_only_demography","region_block_only_demography","nonzero_mean","region","ling_distance_nonzero_mean","log_population_2001;urban_share_2001;adult_secondary_plus_share_2001;sc_share_2001;st_share_2001;muslim_share_2001;electricity_access_share_2001;log_population_density_2001;literacy_share_2001;worker_share_2001;cultivator_share_workers_2001;agricultural_labourer_share_workers_2001",12,2.53757755031646,0.124587749041028,458,"estimated",NA,"emi_total_0508_pooled","dise_emi_enrollment_share_total_0508_pooled","dise_weak_iv__emi_total_0508_pooled__absorption__region_block_only_demography","structural_iv","medium","pooled_enrollment_composition","administrative_equilibrium","formal_english_exposure","DISE pooled 2005-06 to 2007-08 English-medium enrollment / total enrollment"
"absorption__region_main_without_demography","region_main_without_demography","nonzero_mean","region","ling_distance_nonzero_mean","dependency_ratio_2001;literacy_share_2001;worker_share_2001;cultivator_share_workers_2001;agricultural_labourer_share_workers_2001",5,6.94102548861368,0.00229898011582616,458,"estimated",NA,"emi_total_0508_pooled","dise_emi_enrollment_share_total_0508_pooled","dise_weak_iv__emi_total_0508_pooled__absorption__region_main_without_demography","structural_iv","medium","pooled_enrollment_composition","administrative_equilibrium","formal_english_exposure","DISE pooled 2005-06 to 2007-08 English-medium enrollment / total enrollment"
"absorption__region_block_only_economic_structure","region_block_only_economic_structure","nonzero_mean","region","ling_distance_nonzero_mean","log_population_2001;urban_share_2001;adult_secondary_plus_share_2001;sc_share_2001;st_share_2001;muslim_share_2001;dependency_ratio_2001;electricity_access_share_2001;log_population_density_2001;literacy_share_2001;worker_share_2001;cultivator_share_workers_2001;agricultural_labourer_share_workers_2001",13,2.2423296603978,0.177731423509703,458,"estimated",NA,"emi_total_0508_pooled","dise_emi_enrollment_share_total_0508_pooled","dise_weak_iv__emi_total_0508_pooled__absorption__region_block_only_economic_structure","structural_iv","medium","pooled_enrollment_composition","administrative_equilibrium","formal_english_exposure","DISE pooled 2005-06 to 2007-08 English-medium enrollment / total enrollment"
"absorption__region_main_without_economic_structure","region_main_without_economic_structure","nonzero_mean","region","ling_distance_nonzero_mean","literacy_share_2001;worker_share_2001;cultivator_share_workers_2001;agricultural_labourer_share_workers_2001",4,9.32508130099283,0.000699617955102668,458,"estimated",NA,"emi_total_0508_pooled","dise_emi_enrollment_share_total_0508_pooled","dise_weak_iv__emi_total_0508_pooled__absorption__region_main_without_economic_structure","structural_iv","medium","pooled_enrollment_composition","administrative_equilibrium","formal_english_exposure","DISE pooled 2005-06 to 2007-08 English-medium enrollment / total enrollment"
"absorption__region_block_only_basic_development","region_block_only_basic_development","nonzero_mean","region","ling_distance_nonzero_mean","log_population_2001;urban_share_2001;adult_secondary_plus_share_2001;sc_share_2001;st_share_2001;muslim_share_2001;dependency_ratio_2001;log_population_density_2001;literacy_share_2001;worker_share_2001;cultivator_share_workers_2001;agricultural_labourer_share_workers_2001",12,2.60345487150306,0.107454847267821,458,"estimated",NA,"emi_total_0508_pooled","dise_emi_enrollment_share_total_0508_pooled","dise_weak_iv__emi_total_0508_pooled__absorption__region_block_only_basic_development","structural_iv","medium","pooled_enrollment_composition","administrative_equilibrium","formal_english_exposure","DISE pooled 2005-06 to 2007-08 English-medium enrollment / total enrollment"
"absorption__region_main_without_basic_development","region_main_without_basic_development","nonzero_mean","region","ling_distance_nonzero_mean","electricity_access_share_2001;literacy_share_2001;worker_share_2001;cultivator_share_workers_2001;agricultural_labourer_share_workers_2001",5,7.86783576919519,0.00173296470277072,458,"estimated",NA,"emi_total_0508_pooled","dise_emi_enrollment_share_total_0508_pooled","dise_weak_iv__emi_total_0508_pooled__absorption__region_main_without_basic_development","structural_iv","medium","pooled_enrollment_composition","administrative_equilibrium","formal_english_exposure","DISE pooled 2005-06 to 2007-08 English-medium enrollment / total enrollment"
"absorption__state_main_without_basic_scale_geography","state_main_without_basic_scale_geography","nonzero_mean","state","ling_distance_nonzero_mean","log_population_2001;urban_share_2001;log_population_density_2001;literacy_share_2001;worker_share_2001;cultivator_share_workers_2001;agricultural_labourer_share_workers_2001",7,1.20425775813574,0.385442297031881,458,"estimated",NA,"emi_total_0508_pooled","dise_emi_enrollment_share_total_0508_pooled","dise_weak_iv__emi_total_0508_pooled__absorption__state_main_without_basic_scale_geography","structural_iv","medium","pooled_enrollment_composition","administrative_equilibrium","formal_english_exposure","DISE pooled 2005-06 to 2007-08 English-medium enrollment / total enrollment"
"absorption__state_block_only_social_composition","state_block_only_social_composition","nonzero_mean","state","ling_distance_nonzero_mean","log_population_2001;urban_share_2001;adult_secondary_plus_share_2001;dependency_ratio_2001;electricity_access_share_2001;log_population_density_2001;literacy_share_2001;worker_share_2001;cultivator_share_workers_2001;agricultural_labourer_share_workers_2001",10,1.13356026592701,0.456939090000801,458,"estimated",NA,"emi_total_0508_pooled","dise_emi_enrollment_share_total_0508_pooled","dise_weak_iv__emi_total_0508_pooled__absorption__state_block_only_social_composition","structural_iv","medium","pooled_enrollment_composition","administrative_equilibrium","formal_english_exposure","DISE pooled 2005-06 to 2007-08 English-medium enrollment / total enrollment"
"absorption__state_main_without_social_composition","state_main_without_social_composition","nonzero_mean","state","ling_distance_nonzero_mean","sc_share_2001;st_share_2001;muslim_share_2001;literacy_share_2001;worker_share_2001;cultivator_share_workers_2001;agricultural_labourer_share_workers_2001",7,1.5815329014797,0.265489657593839,458,"estimated",NA,"emi_total_0508_pooled","dise_emi_enrollment_share_total_0508_pooled","dise_weak_iv__emi_total_0508_pooled__absorption__state_main_without_social_composition","structural_iv","medium","pooled_enrollment_composition","administrative_equilibrium","formal_english_exposure","DISE pooled 2005-06 to 2007-08 English-medium enrollment / total enrollment"
"absorption__state_block_only_human_capital","state_block_only_human_capital","nonzero_mean","state","ling_distance_nonzero_mean","log_population_2001;urban_share_2001;sc_share_2001;st_share_2001;muslim_share_2001;dependency_ratio_2001;electricity_access_share_2001;log_population_density_2001;literacy_share_2001;worker_share_2001;cultivator_share_workers_2001;agricultural_labourer_share_workers_2001",12,0.803576423780976,0.655494534288586,458,"estimated",NA,"emi_total_0508_pooled","dise_emi_enrollment_share_total_0508_pooled","dise_weak_iv__emi_total_0508_pooled__absorption__state_block_only_human_capital","structural_iv","medium","pooled_enrollment_composition","administrative_equilibrium","formal_english_exposure","DISE pooled 2005-06 to 2007-08 English-medium enrollment / total enrollment"
"absorption__state_block_only_demography","state_block_only_demography","nonzero_mean","state","ling_distance_nonzero_mean","log_population_2001;urban_share_2001;adult_secondary_plus_share_2001;sc_share_2001;st_share_2001;muslim_share_2001;electricity_access_share_2001;log_population_density_2001;literacy_share_2001;worker_share_2001;cultivator_share_workers_2001;agricultural_labourer_share_workers_2001",12,0.82988612196852,0.640227221097086,458,"estimated",NA,"emi_total_0508_pooled","dise_emi_enrollment_share_total_0508_pooled","dise_weak_iv__emi_total_0508_pooled__absorption__state_block_only_demography","structural_iv","medium","pooled_enrollment_composition","administrative_equilibrium","formal_english_exposure","DISE pooled 2005-06 to 2007-08 English-medium enrollment / total enrollment"
"absorption__state_main_without_demography","state_main_without_demography","nonzero_mean","state","ling_distance_nonzero_mean","dependency_ratio_2001;literacy_share_2001;worker_share_2001;cultivator_share_workers_2001;agricultural_labourer_share_workers_2001",5,0.884407152630398,0.525639140457666,458,"estimated",NA,"emi_total_0508_pooled","dise_emi_enrollment_share_total_0508_pooled","dise_weak_iv__emi_total_0508_pooled__absorption__state_main_without_demography","structural_iv","medium","pooled_enrollment_composition","administrative_equilibrium","formal_english_exposure","DISE pooled 2005-06 to 2007-08 English-medium enrollment / total enrollment"
"absorption__state_block_only_economic_structure","state_block_only_economic_structure","nonzero_mean","state","ling_distance_nonzero_mean","log_population_2001;urban_share_2001;adult_secondary_plus_share_2001;sc_share_2001;st_share_2001;muslim_share_2001;dependency_ratio_2001;electricity_access_share_2001;log_population_density_2001;literacy_share_2001;worker_share_2001;cultivator_share_workers_2001;agricultural_labourer_share_workers_2001",13,0.6076917699669,0.773514024150437,458,"estimated",NA,"emi_total_0508_pooled","dise_emi_enrollment_share_total_0508_pooled","dise_weak_iv__emi_total_0508_pooled__absorption__state_block_only_economic_structure","structural_iv","medium","pooled_enrollment_composition","administrative_equilibrium","formal_english_exposure","DISE pooled 2005-06 to 2007-08 English-medium enrollment / total enrollment"
"absorption__state_main_without_economic_structure","state_main_without_economic_structure","nonzero_mean","state","ling_distance_nonzero_mean","literacy_share_2001;worker_share_2001;cultivator_share_workers_2001;agricultural_labourer_share_workers_2001",4,0.721633167403164,0.594800963657702,458,"estimated",NA,"emi_total_0508_pooled","dise_emi_enrollment_share_total_0508_pooled","dise_weak_iv__emi_total_0508_pooled__absorption__state_main_without_economic_structure","structural_iv","medium","pooled_enrollment_composition","administrative_equilibrium","formal_english_exposure","DISE pooled 2005-06 to 2007-08 English-medium enrollment / total enrollment"
"absorption__state_block_only_basic_development","state_block_only_basic_development","nonzero_mean","state","ling_distance_nonzero_mean","log_population_2001;urban_share_2001;adult_secondary_plus_share_2001;sc_share_2001;st_share_2001;muslim_share_2001;dependency_ratio_2001;log_population_density_2001;literacy_share_2001;worker_share_2001;cultivator_share_workers_2001;agricultural_labourer_share_workers_2001",12,0.852815178042103,0.628112452657319,458,"estimated",NA,"emi_total_0508_pooled","dise_emi_enrollment_share_total_0508_pooled","dise_weak_iv__emi_total_0508_pooled__absorption__state_block_only_basic_development","structural_iv","medium","pooled_enrollment_composition","administrative_equilibrium","formal_english_exposure","DISE pooled 2005-06 to 2007-08 English-medium enrollment / total enrollment"
"absorption__state_main_without_basic_development","state_main_without_basic_development","nonzero_mean","state","ling_distance_nonzero_mean","electricity_access_share_2001;literacy_share_2001;worker_share_2001;cultivator_share_workers_2001;agricultural_labourer_share_workers_2001",5,1.11198450370839,0.412596871400824,458,"estimated",NA,"emi_total_0508_pooled","dise_emi_enrollment_share_total_0508_pooled","dise_weak_iv__emi_total_0508_pooled__absorption__state_main_without_basic_development","structural_iv","medium","pooled_enrollment_composition","administrative_equilibrium","formal_english_exposure","DISE pooled 2005-06 to 2007-08 English-medium enrollment / total enrollment"
"absorption__region_main_literacy","region_main_literacy","nonzero_mean","region","ling_distance_nonzero_mean","adult_secondary_plus_share_2001;worker_share_2001;cultivator_share_workers_2001;agricultural_labourer_share_workers_2001",4,6.42449077713396,0.0036027782385123,458,"estimated",NA,"emi_total_0508_pooled","dise_emi_enrollment_share_total_0508_pooled","dise_weak_iv__emi_total_0508_pooled__absorption__region_main_literacy","structural_iv","medium","pooled_enrollment_composition","administrative_equilibrium","formal_english_exposure","DISE pooled 2005-06 to 2007-08 English-medium enrollment / total enrollment"
"absorption__region_main_decomposed_economic","region_main_decomposed_economic","nonzero_mean","region","ling_distance_nonzero_mean","literacy_share_2001",1,1.10026280015912,0.314134477224525,458,"estimated",NA,"emi_total_0508_pooled","dise_emi_enrollment_share_total_0508_pooled","dise_weak_iv__emi_total_0508_pooled__absorption__region_main_decomposed_economic","structural_iv","medium","pooled_enrollment_composition","administrative_equilibrium","formal_english_exposure","DISE pooled 2005-06 to 2007-08 English-medium enrollment / total enrollment"
"absorption__region_main_literacy_decomposed_economic","region_main_literacy_decomposed_economic","nonzero_mean","region","ling_distance_nonzero_mean","adult_secondary_plus_share_2001",1,10.00538791313,0.00588814560461315,458,"estimated",NA,"emi_total_0508_pooled","dise_emi_enrollment_share_total_0508_pooled","dise_weak_iv__emi_total_0508_pooled__absorption__region_main_literacy_decomposed_economic","structural_iv","medium","pooled_enrollment_composition","administrative_equilibrium","formal_english_exposure","DISE pooled 2005-06 to 2007-08 English-medium enrollment / total enrollment"
"absorption__state_main_literacy","state_main_literacy","nonzero_mean","state","ling_distance_nonzero_mean","adult_secondary_plus_share_2001;worker_share_2001;cultivator_share_workers_2001;agricultural_labourer_share_workers_2001",4,0.824637877603064,0.535523292471426,458,"estimated",NA,"emi_total_0508_pooled","dise_emi_enrollment_share_total_0508_pooled","dise_weak_iv__emi_total_0508_pooled__absorption__state_main_literacy","structural_iv","medium","pooled_enrollment_composition","administrative_equilibrium","formal_english_exposure","DISE pooled 2005-06 to 2007-08 English-medium enrollment / total enrollment"
"absorption__state_main_decomposed_economic","state_main_decomposed_economic","nonzero_mean","state","ling_distance_nonzero_mean","literacy_share_2001",1,0.216816006662431,0.647949141981789,458,"estimated",NA,"emi_total_0508_pooled","dise_emi_enrollment_share_total_0508_pooled","dise_weak_iv__emi_total_0508_pooled__absorption__state_main_decomposed_economic","structural_iv","medium","pooled_enrollment_composition","administrative_equilibrium","formal_english_exposure","DISE pooled 2005-06 to 2007-08 English-medium enrollment / total enrollment"
"absorption__state_main_literacy_decomposed_economic","state_main_literacy_decomposed_economic","nonzero_mean","state","ling_distance_nonzero_mean","adult_secondary_plus_share_2001",1,2.71774673119348,0.122400882134904,458,"estimated",NA,"emi_total_0508_pooled","dise_emi_enrollment_share_total_0508_pooled","dise_weak_iv__emi_total_0508_pooled__absorption__state_main_literacy_decomposed_economic","structural_iv","medium","pooled_enrollment_composition","administrative_equilibrium","formal_english_exposure","DISE pooled 2005-06 to 2007-08 English-medium enrollment / total enrollment"
"unadjusted__nonzero_mean","unadjusted","nonzero_mean","none","ling_distance_nonzero_mean","log_population_2001;urban_share_2001;adult_secondary_plus_share_2001;sc_share_2001;st_share_2001;muslim_share_2001;dependency_ratio_2001;electricity_access_share_2001;log_population_density_2001;literacy_share_2001;worker_share_2001;cultivator_share_workers_2001;agricultural_labourer_share_workers_2001",13,1.77483794495788,0.28912717538866,336,"estimated",NA,"emi_age6_13_gross_0708","dise_emi_gross_enrollment_ratio_age_6_13_0708","dise_weak_iv__emi_age6_13_gross_0708__unadjusted__nonzero_mean","structural_iv","medium","population_scaled_enrollment","administrative_equilibrium","formal_english_exposure","DISE 2007-08 English-medium gross enrollment ratio, ages 6-13 denominator"
"unadjusted__distant_share","unadjusted","distant_share","none","ling_share_distance_ge3","log_population_2001;urban_share_2001;adult_secondary_plus_share_2001;sc_share_2001;st_share_2001;muslim_share_2001;dependency_ratio_2001;electricity_access_share_2001;log_population_density_2001;literacy_share_2001;worker_share_2001;cultivator_share_workers_2001;agricultural_labourer_share_workers_2001",13,12.1839300027984,0.00909949290018106,336,"estimated",NA,"emi_age6_13_gross_0708","dise_emi_gross_enrollment_ratio_age_6_13_0708","dise_weak_iv__emi_age6_13_gross_0708__unadjusted__distant_share","structural_iv","medium","population_scaled_enrollment","administrative_equilibrium","formal_english_exposure","DISE 2007-08 English-medium gross enrollment ratio, ages 6-13 denominator"
"unadjusted__top3_legacy","unadjusted","top3_legacy","none","ling_distance_top3_legacy","log_population_2001;urban_share_2001;adult_secondary_plus_share_2001;sc_share_2001;st_share_2001;muslim_share_2001;dependency_ratio_2001;electricity_access_share_2001;log_population_density_2001;literacy_share_2001;worker_share_2001;cultivator_share_workers_2001;agricultural_labourer_share_workers_2001",13,3.71932119000622,0.091246667561733,336,"estimated",NA,"emi_age6_13_gross_0708","dise_emi_gross_enrollment_ratio_age_6_13_0708","dise_weak_iv__emi_age6_13_gross_0708__unadjusted__top3_legacy","structural_iv","medium","population_scaled_enrollment","administrative_equilibrium","formal_english_exposure","DISE 2007-08 English-medium gross enrollment ratio, ages 6-13 denominator"
"unadjusted__nonzero_mean_hindi_urdu","unadjusted","nonzero_mean_hindi_urdu","none","ling_distance_nonzero_mean","log_population_2001;urban_share_2001;adult_secondary_plus_share_2001;sc_share_2001;st_share_2001;muslim_share_2001;dependency_ratio_2001;electricity_access_share_2001;log_population_density_2001;literacy_share_2001;worker_share_2001;cultivator_share_workers_2001;agricultural_labourer_share_workers_2001",13,1.3438807459771,0.393742542055258,336,"estimated",NA,"emi_age6_13_gross_0708","dise_emi_gross_enrollment_ratio_age_6_13_0708","dise_weak_iv__emi_age6_13_gross_0708__unadjusted__nonzero_mean_hindi_urdu","structural_iv","medium","population_scaled_enrollment","administrative_equilibrium","formal_english_exposure","DISE 2007-08 English-medium gross enrollment ratio, ages 6-13 denominator"
"unadjusted__nonzero_mean_shastry","unadjusted","nonzero_mean_shastry","none","ling_distance_nonzero_mean","log_population_2001;urban_share_2001;adult_secondary_plus_share_2001;sc_share_2001;st_share_2001;muslim_share_2001;dependency_ratio_2001;electricity_access_share_2001;log_population_density_2001;literacy_share_2001;worker_share_2001;cultivator_share_workers_2001;agricultural_labourer_share_workers_2001",13,1.55708948430241,0.326604901808779,336,"estimated",NA,"emi_age6_13_gross_0708","dise_emi_gross_enrollment_ratio_age_6_13_0708","dise_weak_iv__emi_age6_13_gross_0708__unadjusted__nonzero_mean_shastry","structural_iv","medium","population_scaled_enrollment","administrative_equilibrium","formal_english_exposure","DISE 2007-08 English-medium gross enrollment ratio, ages 6-13 denominator"
"unadjusted__nonzero_mean_sensitivity_low","unadjusted","nonzero_mean_sensitivity_low","none","ling_distance_nonzero_mean_sensitivity_low","log_population_2001;urban_share_2001;adult_secondary_plus_share_2001;sc_share_2001;st_share_2001;muslim_share_2001;dependency_ratio_2001;electricity_access_share_2001;log_population_density_2001;literacy_share_2001;worker_share_2001;cultivator_share_workers_2001;agricultural_labourer_share_workers_2001",13,1.56421523828023,0.324602305446585,336,"estimated",NA,"emi_age6_13_gross_0708","dise_emi_gross_enrollment_ratio_age_6_13_0708","dise_weak_iv__emi_age6_13_gross_0708__unadjusted__nonzero_mean_sensitivity_low","structural_iv","medium","population_scaled_enrollment","administrative_equilibrium","formal_english_exposure","DISE 2007-08 English-medium gross enrollment ratio, ages 6-13 denominator"
"unadjusted__nonzero_mean_sensitivity_high","unadjusted","nonzero_mean_sensitivity_high","none","ling_distance_nonzero_mean_sensitivity_high","log_population_2001;urban_share_2001;adult_secondary_plus_share_2001;sc_share_2001;st_share_2001;muslim_share_2001;dependency_ratio_2001;electricity_access_share_2001;log_population_density_2001;literacy_share_2001;worker_share_2001;cultivator_share_workers_2001;agricultural_labourer_share_workers_2001",13,1.81661329791799,0.262865006116737,336,"estimated",NA,"emi_age6_13_gross_0708","dise_emi_gross_enrollment_ratio_age_6_13_0708","dise_weak_iv__emi_age6_13_gross_0708__unadjusted__nonzero_mean_sensitivity_high","structural_iv","medium","population_scaled_enrollment","administrative_equilibrium","formal_english_exposure","DISE 2007-08 English-medium gross enrollment ratio, ages 6-13 denominator"
"unadjusted__nonzero_mean_hindi_urdu_separate","unadjusted","nonzero_mean_hindi_urdu_separate","none","ling_distance_nonzero_mean","log_population_2001;urban_share_2001;adult_secondary_plus_share_2001;sc_share_2001;st_share_2001;muslim_share_2001;dependency_ratio_2001;electricity_access_share_2001;log_population_density_2001;literacy_share_2001;worker_share_2001;cultivator_share_workers_2001;agricultural_labourer_share_workers_2001",13,2.03396068980901,0.213338340741899,336,"estimated",NA,"emi_age6_13_gross_0708","dise_emi_gross_enrollment_ratio_age_6_13_0708","dise_weak_iv__emi_age6_13_gross_0708__unadjusted__nonzero_mean_hindi_urdu_separate","structural_iv","medium","population_scaled_enrollment","administrative_equilibrium","formal_english_exposure","DISE 2007-08 English-medium gross enrollment ratio, ages 6-13 denominator"
"unadjusted__glottolog_mean","unadjusted","glottolog_mean","none","ling_distance_glottolog_nonhindi_mean","log_population_2001;urban_share_2001;adult_secondary_plus_share_2001;sc_share_2001;st_share_2001;muslim_share_2001;dependency_ratio_2001;electricity_access_share_2001;log_population_density_2001;literacy_share_2001;worker_share_2001;cultivator_share_workers_2001;agricultural_labourer_share_workers_2001",13,1.68616511133165,0.309330211624309,336,"estimated",NA,"emi_age6_13_gross_0708","dise_emi_gross_enrollment_ratio_age_6_13_0708","dise_weak_iv__emi_age6_13_gross_0708__unadjusted__glottolog_mean","structural_iv","medium","population_scaled_enrollment","administrative_equilibrium","formal_english_exposure","DISE 2007-08 English-medium gross enrollment ratio, ages 6-13 denominator"
"unadjusted__glottolog_mean_shastry","unadjusted","glottolog_mean_shastry","none","ling_distance_glottolog_nonhindi_mean","log_population_2001;urban_share_2001;adult_secondary_plus_share_2001;sc_share_2001;st_share_2001;muslim_share_2001;dependency_ratio_2001;electricity_access_share_2001;log_population_density_2001;literacy_share_2001;worker_share_2001;cultivator_share_workers_2001;agricultural_labourer_share_workers_2001",13,1.52304931190478,0.336392598155305,336,"estimated",NA,"emi_age6_13_gross_0708","dise_emi_gross_enrollment_ratio_age_6_13_0708","dise_weak_iv__emi_age6_13_gross_0708__unadjusted__glottolog_mean_shastry","structural_iv","medium","population_scaled_enrollment","administrative_equilibrium","formal_english_exposure","DISE 2007-08 English-medium gross enrollment ratio, ages 6-13 denominator"
"unadjusted__dyen_noncognate","unadjusted","dyen_noncognate","none","ling_distance_dyen_noncognate_pct","log_population_2001;urban_share_2001;adult_secondary_plus_share_2001;sc_share_2001;st_share_2001;muslim_share_2001;dependency_ratio_2001;electricity_access_share_2001;log_population_density_2001;literacy_share_2001;worker_share_2001;cultivator_share_workers_2001;agricultural_labourer_share_workers_2001",13,1.40575477479306,0.387187023477424,336,"estimated",NA,"emi_age6_13_gross_0708","dise_emi_gross_enrollment_ratio_age_6_13_0708","dise_weak_iv__emi_age6_13_gross_0708__unadjusted__dyen_noncognate","structural_iv","medium","population_scaled_enrollment","administrative_equilibrium","formal_english_exposure","DISE 2007-08 English-medium gross enrollment ratio, ages 6-13 denominator"
"unadjusted__dyen_noncognate_shastry","unadjusted","dyen_noncognate_shastry","none","ling_distance_dyen_noncognate_pct","log_population_2001;urban_share_2001;adult_secondary_plus_share_2001;sc_share_2001;st_share_2001;muslim_share_2001;dependency_ratio_2001;electricity_access_share_2001;log_population_density_2001;literacy_share_2001;worker_share_2001;cultivator_share_workers_2001;agricultural_labourer_share_workers_2001",13,1.90076078892881,0.245736870724078,336,"estimated",NA,"emi_age6_13_gross_0708","dise_emi_gross_enrollment_ratio_age_6_13_0708","dise_weak_iv__emi_age6_13_gross_0708__unadjusted__dyen_noncognate_shastry","structural_iv","medium","population_scaled_enrollment","administrative_equilibrium","formal_english_exposure","DISE 2007-08 English-medium gross enrollment ratio, ages 6-13 denominator"
"region_main__nonzero_mean","region_main","nonzero_mean","region","ling_distance_nonzero_mean","literacy_share_2001;worker_share_2001;cultivator_share_workers_2001;agricultural_labourer_share_workers_2001",4,11.9833094647566,0.000211480000961381,336,"estimated",NA,"emi_age6_13_gross_0708","dise_emi_gross_enrollment_ratio_age_6_13_0708","dise_weak_iv__emi_age6_13_gross_0708__region_main__nonzero_mean","structural_iv","medium","population_scaled_enrollment","administrative_equilibrium","formal_english_exposure","DISE 2007-08 English-medium gross enrollment ratio, ages 6-13 denominator"
"region_main__distant_share","region_main","distant_share","region","ling_share_distance_ge3","literacy_share_2001;worker_share_2001;cultivator_share_workers_2001;agricultural_labourer_share_workers_2001",4,1.1089774722469,0.391643813550455,336,"estimated",NA,"emi_age6_13_gross_0708","dise_emi_gross_enrollment_ratio_age_6_13_0708","dise_weak_iv__emi_age6_13_gross_0708__region_main__distant_share","structural_iv","medium","population_scaled_enrollment","administrative_equilibrium","formal_english_exposure","DISE 2007-08 English-medium gross enrollment ratio, ages 6-13 denominator"
"region_main__top3_legacy","region_main","top3_legacy","region","ling_distance_top3_legacy","literacy_share_2001;worker_share_2001;cultivator_share_workers_2001;agricultural_labourer_share_workers_2001",4,1.63566805400415,0.221576216533709,336,"estimated",NA,"emi_age6_13_gross_0708","dise_emi_gross_enrollment_ratio_age_6_13_0708","dise_weak_iv__emi_age6_13_gross_0708__region_main__top3_legacy","structural_iv","medium","population_scaled_enrollment","administrative_equilibrium","formal_english_exposure","DISE 2007-08 English-medium gross enrollment ratio, ages 6-13 denominator"
"region_main__nonzero_mean_hindi_urdu","region_main","nonzero_mean_hindi_urdu","region","ling_distance_nonzero_mean","literacy_share_2001;worker_share_2001;cultivator_share_workers_2001;agricultural_labourer_share_workers_2001",4,10.00631000516,0.000530165758255391,336,"estimated",NA,"emi_age6_13_gross_0708","dise_emi_gross_enrollment_ratio_age_6_13_0708","dise_weak_iv__emi_age6_13_gross_0708__region_main__nonzero_mean_hindi_urdu","structural_iv","medium","population_scaled_enrollment","administrative_equilibrium","formal_english_exposure","DISE 2007-08 English-medium gross enrollment ratio, ages 6-13 denominator"
"region_main__nonzero_mean_shastry","region_main","nonzero_mean_shastry","region","ling_distance_nonzero_mean","literacy_share_2001;worker_share_2001;cultivator_share_workers_2001;agricultural_labourer_share_workers_2001",4,9.76487310145089,0.000628232720470064,336,"estimated",NA,"emi_age6_13_gross_0708","dise_emi_gross_enrollment_ratio_age_6_13_0708","dise_weak_iv__emi_age6_13_gross_0708__region_main__nonzero_mean_shastry","structural_iv","medium","population_scaled_enrollment","administrative_equilibrium","formal_english_exposure","DISE 2007-08 English-medium gross enrollment ratio, ages 6-13 denominator"
"region_main__nonzero_mean_sensitivity_low","region_main","nonzero_mean_sensitivity_low","region","ling_distance_nonzero_mean_sensitivity_low","literacy_share_2001;worker_share_2001;cultivator_share_workers_2001;agricultural_labourer_share_workers_2001",4,9.71145782339171,0.00064495845125506,336,"estimated",NA,"emi_age6_13_gross_0708","dise_emi_gross_enrollment_ratio_age_6_13_0708","dise_weak_iv__emi_age6_13_gross_0708__region_main__nonzero_mean_sensitivity_low","structural_iv","medium","population_scaled_enrollment","administrative_equilibrium","formal_english_exposure","DISE 2007-08 English-medium gross enrollment ratio, ages 6-13 denominator"
"region_main__nonzero_mean_sensitivity_high","region_main","nonzero_mean_sensitivity_high","region","ling_distance_nonzero_mean_sensitivity_high","literacy_share_2001;worker_share_2001;cultivator_share_workers_2001;agricultural_labourer_share_workers_2001",4,3.36192176692947,0.0412046788398415,336,"estimated",NA,"emi_age6_13_gross_0708","dise_emi_gross_enrollment_ratio_age_6_13_0708","dise_weak_iv__emi_age6_13_gross_0708__region_main__nonzero_mean_sensitivity_high","structural_iv","medium","population_scaled_enrollment","administrative_equilibrium","formal_english_exposure","DISE 2007-08 English-medium gross enrollment ratio, ages 6-13 denominator"
"region_main__nonzero_mean_hindi_urdu_separate","region_main","nonzero_mean_hindi_urdu_separate","region","ling_distance_nonzero_mean","literacy_share_2001;worker_share_2001;cultivator_share_workers_2001;agricultural_labourer_share_workers_2001",4,11.3022907374857,0.000284493413099523,336,"estimated",NA,"emi_age6_13_gross_0708","dise_emi_gross_enrollment_ratio_age_6_13_0708","dise_weak_iv__emi_age6_13_gross_0708__region_main__nonzero_mean_hindi_urdu_separate","structural_iv","medium","population_scaled_enrollment","administrative_equilibrium","formal_english_exposure","DISE 2007-08 English-medium gross enrollment ratio, ages 6-13 denominator"
"region_main__glottolog_mean","region_main","glottolog_mean","region","ling_distance_glottolog_nonhindi_mean","literacy_share_2001;worker_share_2001;cultivator_share_workers_2001;agricultural_labourer_share_workers_2001",4,1.05453184861779,0.415438371698655,336,"estimated",NA,"emi_age6_13_gross_0708","dise_emi_gross_enrollment_ratio_age_6_13_0708","dise_weak_iv__emi_age6_13_gross_0708__region_main__glottolog_mean","structural_iv","medium","population_scaled_enrollment","administrative_equilibrium","formal_english_exposure","DISE 2007-08 English-medium gross enrollment ratio, ages 6-13 denominator"
"region_main__glottolog_mean_shastry","region_main","glottolog_mean_shastry","region","ling_distance_glottolog_nonhindi_mean","literacy_share_2001;worker_share_2001;cultivator_share_workers_2001;agricultural_labourer_share_workers_2001",4,1.08597641178642,0.402174398753773,336,"estimated",NA,"emi_age6_13_gross_0708","dise_emi_gross_enrollment_ratio_age_6_13_0708","dise_weak_iv__emi_age6_13_gross_0708__region_main__glottolog_mean_shastry","structural_iv","medium","population_scaled_enrollment","administrative_equilibrium","formal_english_exposure","DISE 2007-08 English-medium gross enrollment ratio, ages 6-13 denominator"
"region_main__dyen_noncognate","region_main","dyen_noncognate","region","ling_distance_dyen_noncognate_pct","literacy_share_2001;worker_share_2001;cultivator_share_workers_2001;agricultural_labourer_share_workers_2001",4,2.89265452634277,0.0623546096750033,336,"estimated",NA,"emi_age6_13_gross_0708","dise_emi_gross_enrollment_ratio_age_6_13_0708","dise_weak_iv__emi_age6_13_gross_0708__region_main__dyen_noncognate","structural_iv","medium","population_scaled_enrollment","administrative_equilibrium","formal_english_exposure","DISE 2007-08 English-medium gross enrollment ratio, ages 6-13 denominator"
"region_main__dyen_noncognate_shastry","region_main","dyen_noncognate_shastry","region","ling_distance_dyen_noncognate_pct","literacy_share_2001;worker_share_2001;cultivator_share_workers_2001;agricultural_labourer_share_workers_2001",4,3.24531371874526,0.0457215251097117,336,"estimated",NA,"emi_age6_13_gross_0708","dise_emi_gross_enrollment_ratio_age_6_13_0708","dise_weak_iv__emi_age6_13_gross_0708__region_main__dyen_noncognate_shastry","structural_iv","medium","population_scaled_enrollment","administrative_equilibrium","formal_english_exposure","DISE 2007-08 English-medium gross enrollment ratio, ages 6-13 denominator"
"region_expanded__nonzero_mean",NA,NA,NA,NA,NA,0,NA,NA,NA,"not_applicable","All diagnostic balance covariates are already included as nuisance controls.","emi_age6_13_gross_0708","dise_emi_gross_enrollment_ratio_age_6_13_0708","dise_weak_iv__emi_age6_13_gross_0708__region_expanded__nonzero_mean","structural_iv","medium","population_scaled_enrollment","administrative_equilibrium","formal_english_exposure","DISE 2007-08 English-medium gross enrollment ratio, ages 6-13 denominator"
"region_expanded__distant_share",NA,NA,NA,NA,NA,0,NA,NA,NA,"not_applicable","All diagnostic balance covariates are already included as nuisance controls.","emi_age6_13_gross_0708","dise_emi_gross_enrollment_ratio_age_6_13_0708","dise_weak_iv__emi_age6_13_gross_0708__region_expanded__distant_share","structural_iv","medium","population_scaled_enrollment","administrative_equilibrium","formal_english_exposure","DISE 2007-08 English-medium gross enrollment ratio, ages 6-13 denominator"
"region_expanded__top3_legacy",NA,NA,NA,NA,NA,0,NA,NA,NA,"not_applicable","All diagnostic balance covariates are already included as nuisance controls.","emi_age6_13_gross_0708","dise_emi_gross_enrollment_ratio_age_6_13_0708","dise_weak_iv__emi_age6_13_gross_0708__region_expanded__top3_legacy","structural_iv","medium","population_scaled_enrollment","administrative_equilibrium","formal_english_exposure","DISE 2007-08 English-medium gross enrollment ratio, ages 6-13 denominator"
"region_expanded__nonzero_mean_hindi_urdu",NA,NA,NA,NA,NA,0,NA,NA,NA,"not_applicable","All diagnostic balance covariates are already included as nuisance controls.","emi_age6_13_gross_0708","dise_emi_gross_enrollment_ratio_age_6_13_0708","dise_weak_iv__emi_age6_13_gross_0708__region_expanded__nonzero_mean_hindi_urdu","structural_iv","medium","population_scaled_enrollment","administrative_equilibrium","formal_english_exposure","DISE 2007-08 English-medium gross enrollment ratio, ages 6-13 denominator"
"region_expanded__nonzero_mean_shastry",NA,NA,NA,NA,NA,0,NA,NA,NA,"not_applicable","All diagnostic balance covariates are already included as nuisance controls.","emi_age6_13_gross_0708","dise_emi_gross_enrollment_ratio_age_6_13_0708","dise_weak_iv__emi_age6_13_gross_0708__region_expanded__nonzero_mean_shastry","structural_iv","medium","population_scaled_enrollment","administrative_equilibrium","formal_english_exposure","DISE 2007-08 English-medium gross enrollment ratio, ages 6-13 denominator"
"region_expanded__nonzero_mean_sensitivity_low",NA,NA,NA,NA,NA,0,NA,NA,NA,"not_applicable","All diagnostic balance covariates are already included as nuisance controls.","emi_age6_13_gross_0708","dise_emi_gross_enrollment_ratio_age_6_13_0708","dise_weak_iv__emi_age6_13_gross_0708__region_expanded__nonzero_mean_sensitivity_low","structural_iv","medium","population_scaled_enrollment","administrative_equilibrium","formal_english_exposure","DISE 2007-08 English-medium gross enrollment ratio, ages 6-13 denominator"
"region_expanded__nonzero_mean_sensitivity_high",NA,NA,NA,NA,NA,0,NA,NA,NA,"not_applicable","All diagnostic balance covariates are already included as nuisance controls.","emi_age6_13_gross_0708","dise_emi_gross_enrollment_ratio_age_6_13_0708","dise_weak_iv__emi_age6_13_gross_0708__region_expanded__nonzero_mean_sensitivity_high","structural_iv","medium","population_scaled_enrollment","administrative_equilibrium","formal_english_exposure","DISE 2007-08 English-medium gross enrollment ratio, ages 6-13 denominator"
"region_expanded__nonzero_mean_hindi_urdu_separate",NA,NA,NA,NA,NA,0,NA,NA,NA,"not_applicable","All diagnostic balance covariates are already included as nuisance controls.","emi_age6_13_gross_0708","dise_emi_gross_enrollment_ratio_age_6_13_0708","dise_weak_iv__emi_age6_13_gross_0708__region_expanded__nonzero_mean_hindi_urdu_separate","structural_iv","medium","population_scaled_enrollment","administrative_equilibrium","formal_english_exposure","DISE 2007-08 English-medium gross enrollment ratio, ages 6-13 denominator"
"region_expanded__glottolog_mean",NA,NA,NA,NA,NA,0,NA,NA,NA,"not_applicable","All diagnostic balance covariates are already included as nuisance controls.","emi_age6_13_gross_0708","dise_emi_gross_enrollment_ratio_age_6_13_0708","dise_weak_iv__emi_age6_13_gross_0708__region_expanded__glottolog_mean","structural_iv","medium","population_scaled_enrollment","administrative_equilibrium","formal_english_exposure","DISE 2007-08 English-medium gross enrollment ratio, ages 6-13 denominator"
"region_expanded__glottolog_mean_shastry",NA,NA,NA,NA,NA,0,NA,NA,NA,"not_applicable","All diagnostic balance covariates are already included as nuisance controls.","emi_age6_13_gross_0708","dise_emi_gross_enrollment_ratio_age_6_13_0708","dise_weak_iv__emi_age6_13_gross_0708__region_expanded__glottolog_mean_shastry","structural_iv","medium","population_scaled_enrollment","administrative_equilibrium","formal_english_exposure","DISE 2007-08 English-medium gross enrollment ratio, ages 6-13 denominator"
"region_expanded__dyen_noncognate",NA,NA,NA,NA,NA,0,NA,NA,NA,"not_applicable","All diagnostic balance covariates are already included as nuisance controls.","emi_age6_13_gross_0708","dise_emi_gross_enrollment_ratio_age_6_13_0708","dise_weak_iv__emi_age6_13_gross_0708__region_expanded__dyen_noncognate","structural_iv","medium","population_scaled_enrollment","administrative_equilibrium","formal_english_exposure","DISE 2007-08 English-medium gross enrollment ratio, ages 6-13 denominator"
"region_expanded__dyen_noncognate_shastry",NA,NA,NA,NA,NA,0,NA,NA,NA,"not_applicable","All diagnostic balance covariates are already included as nuisance controls.","emi_age6_13_gross_0708","dise_emi_gross_enrollment_ratio_age_6_13_0708","dise_weak_iv__emi_age6_13_gross_0708__region_expanded__dyen_noncognate_shastry","structural_iv","medium","population_scaled_enrollment","administrative_equilibrium","formal_english_exposure","DISE 2007-08 English-medium gross enrollment ratio, ages 6-13 denominator"
"state_main__nonzero_mean","state_main","nonzero_mean","state","ling_distance_nonzero_mean","literacy_share_2001;worker_share_2001;cultivator_share_workers_2001;agricultural_labourer_share_workers_2001",4,1.6491011426925,0.24593559623295,336,"estimated",NA,"emi_age6_13_gross_0708","dise_emi_gross_enrollment_ratio_age_6_13_0708","dise_weak_iv__emi_age6_13_gross_0708__state_main__nonzero_mean","structural_iv","medium","population_scaled_enrollment","administrative_equilibrium","formal_english_exposure","DISE 2007-08 English-medium gross enrollment ratio, ages 6-13 denominator"
"state_main__distant_share","state_main","distant_share","state","ling_share_distance_ge3","literacy_share_2001;worker_share_2001;cultivator_share_workers_2001;agricultural_labourer_share_workers_2001",4,0.935901907183022,0.486141245974471,336,"estimated",NA,"emi_age6_13_gross_0708","dise_emi_gross_enrollment_ratio_age_6_13_0708","dise_weak_iv__emi_age6_13_gross_0708__state_main__distant_share","structural_iv","medium","population_scaled_enrollment","administrative_equilibrium","formal_english_exposure","DISE 2007-08 English-medium gross enrollment ratio, ages 6-13 denominator"
"state_main__top3_legacy","state_main","top3_legacy","state","ling_distance_top3_legacy","literacy_share_2001;worker_share_2001;cultivator_share_workers_2001;agricultural_labourer_share_workers_2001",4,1.36901994694558,0.319559033069511,336,"estimated",NA,"emi_age6_13_gross_0708","dise_emi_gross_enrollment_ratio_age_6_13_0708","dise_weak_iv__emi_age6_13_gross_0708__state_main__top3_legacy","structural_iv","medium","population_scaled_enrollment","administrative_equilibrium","formal_english_exposure","DISE 2007-08 English-medium gross enrollment ratio, ages 6-13 denominator"
"state_main__nonzero_mean_hindi_urdu","state_main","nonzero_mean_hindi_urdu","state","ling_distance_nonzero_mean","literacy_share_2001;worker_share_2001;cultivator_share_workers_2001;agricultural_labourer_share_workers_2001",4,2.4788190889719,0.121590314919619,336,"estimated",NA,"emi_age6_13_gross_0708","dise_emi_gross_enrollment_ratio_age_6_13_0708","dise_weak_iv__emi_age6_13_gross_0708__state_main__nonzero_mean_hindi_urdu","structural_iv","medium","population_scaled_enrollment","administrative_equilibrium","formal_english_exposure","DISE 2007-08 English-medium gross enrollment ratio, ages 6-13 denominator"
"state_main__nonzero_mean_shastry","state_main","nonzero_mean_shastry","state","ling_distance_nonzero_mean","literacy_share_2001;worker_share_2001;cultivator_share_workers_2001;agricultural_labourer_share_workers_2001",4,2.63644827010443,0.106978393895917,336,"estimated",NA,"emi_age6_13_gross_0708","dise_emi_gross_enrollment_ratio_age_6_13_0708","dise_weak_iv__emi_age6_13_gross_0708__state_main__nonzero_mean_shastry","structural_iv","medium","population_scaled_enrollment","administrative_equilibrium","formal_english_exposure","DISE 2007-08 English-medium gross enrollment ratio, ages 6-13 denominator"
"state_main__nonzero_mean_sensitivity_low","state_main","nonzero_mean_sensitivity_low","state","ling_distance_nonzero_mean_sensitivity_low","literacy_share_2001;worker_share_2001;cultivator_share_workers_2001;agricultural_labourer_share_workers_2001",4,2.78797944564412,0.0951355527124211,336,"estimated",NA,"emi_age6_13_gross_0708","dise_emi_gross_enrollment_ratio_age_6_13_0708","dise_weak_iv__emi_age6_13_gross_0708__state_main__nonzero_mean_sensitivity_low","structural_iv","medium","population_scaled_enrollment","administrative_equilibrium","formal_english_exposure","DISE 2007-08 English-medium gross enrollment ratio, ages 6-13 denominator"
"state_main__nonzero_mean_sensitivity_high","state_main","nonzero_mean_sensitivity_high","state","ling_distance_nonzero_mean_sensitivity_high","literacy_share_2001;worker_share_2001;cultivator_share_workers_2001;agricultural_labourer_share_workers_2001",4,1.23883282683934,0.362818845096426,336,"estimated",NA,"emi_age6_13_gross_0708","dise_emi_gross_enrollment_ratio_age_6_13_0708","dise_weak_iv__emi_age6_13_gross_0708__state_main__nonzero_mean_sensitivity_high","structural_iv","medium","population_scaled_enrollment","administrative_equilibrium","formal_english_exposure","DISE 2007-08 English-medium gross enrollment ratio, ages 6-13 denominator"
"state_main__nonzero_mean_hindi_urdu_separate","state_main","nonzero_mean_hindi_urdu_separate","state","ling_distance_nonzero_mean","literacy_share_2001;worker_share_2001;cultivator_share_workers_2001;agricultural_labourer_share_workers_2001",4,2.78722193447614,0.0964428459569083,336,"estimated",NA,"emi_age6_13_gross_0708","dise_emi_gross_enrollment_ratio_age_6_13_0708","dise_weak_iv__emi_age6_13_gross_0708__state_main__nonzero_mean_hindi_urdu_separate","structural_iv","medium","population_scaled_enrollment","administrative_equilibrium","formal_english_exposure","DISE 2007-08 English-medium gross enrollment ratio, ages 6-13 denominator"
"state_main__glottolog_mean","state_main","glottolog_mean","state","ling_distance_glottolog_nonhindi_mean","literacy_share_2001;worker_share_2001;cultivator_share_workers_2001;agricultural_labourer_share_workers_2001",4,0.410267666526179,0.797149896276957,336,"estimated",NA,"emi_age6_13_gross_0708","dise_emi_gross_enrollment_ratio_age_6_13_0708","dise_weak_iv__emi_age6_13_gross_0708__state_main__glottolog_mean","structural_iv","medium","population_scaled_enrollment","administrative_equilibrium","formal_english_exposure","DISE 2007-08 English-medium gross enrollment ratio, ages 6-13 denominator"
"state_main__glottolog_mean_shastry","state_main","glottolog_mean_shastry","state","ling_distance_glottolog_nonhindi_mean","literacy_share_2001;worker_share_2001;cultivator_share_workers_2001;agricultural_labourer_share_workers_2001",4,0.550852493346056,0.703806605628264,336,"estimated",NA,"emi_age6_13_gross_0708","dise_emi_gross_enrollment_ratio_age_6_13_0708","dise_weak_iv__emi_age6_13_gross_0708__state_main__glottolog_mean_shastry","structural_iv","medium","population_scaled_enrollment","administrative_equilibrium","formal_english_exposure","DISE 2007-08 English-medium gross enrollment ratio, ages 6-13 denominator"
"state_main__dyen_noncognate","state_main","dyen_noncognate","state","ling_distance_dyen_noncognate_pct","literacy_share_2001;worker_share_2001;cultivator_share_workers_2001;agricultural_labourer_share_workers_2001",4,2.81598040655076,0.0921224625024021,336,"estimated",NA,"emi_age6_13_gross_0708","dise_emi_gross_enrollment_ratio_age_6_13_0708","dise_weak_iv__emi_age6_13_gross_0708__state_main__dyen_noncognate","structural_iv","medium","population_scaled_enrollment","administrative_equilibrium","formal_english_exposure","DISE 2007-08 English-medium gross enrollment ratio, ages 6-13 denominator"
"state_main__dyen_noncognate_shastry","state_main","dyen_noncognate_shastry","state","ling_distance_dyen_noncognate_pct","literacy_share_2001;worker_share_2001;cultivator_share_workers_2001;agricultural_labourer_share_workers_2001",4,2.52305556207216,0.117010775070185,336,"estimated",NA,"emi_age6_13_gross_0708","dise_emi_gross_enrollment_ratio_age_6_13_0708","dise_weak_iv__emi_age6_13_gross_0708__state_main__dyen_noncognate_shastry","structural_iv","medium","population_scaled_enrollment","administrative_equilibrium","formal_english_exposure","DISE 2007-08 English-medium gross enrollment ratio, ages 6-13 denominator"
"state_expanded__nonzero_mean",NA,NA,NA,NA,NA,0,NA,NA,NA,"not_applicable","All diagnostic balance covariates are already included as nuisance controls.","emi_age6_13_gross_0708","dise_emi_gross_enrollment_ratio_age_6_13_0708","dise_weak_iv__emi_age6_13_gross_0708__state_expanded__nonzero_mean","structural_iv","medium","population_scaled_enrollment","administrative_equilibrium","formal_english_exposure","DISE 2007-08 English-medium gross enrollment ratio, ages 6-13 denominator"
"state_expanded__distant_share",NA,NA,NA,NA,NA,0,NA,NA,NA,"not_applicable","All diagnostic balance covariates are already included as nuisance controls.","emi_age6_13_gross_0708","dise_emi_gross_enrollment_ratio_age_6_13_0708","dise_weak_iv__emi_age6_13_gross_0708__state_expanded__distant_share","structural_iv","medium","population_scaled_enrollment","administrative_equilibrium","formal_english_exposure","DISE 2007-08 English-medium gross enrollment ratio, ages 6-13 denominator"
"state_expanded__top3_legacy",NA,NA,NA,NA,NA,0,NA,NA,NA,"not_applicable","All diagnostic balance covariates are already included as nuisance controls.","emi_age6_13_gross_0708","dise_emi_gross_enrollment_ratio_age_6_13_0708","dise_weak_iv__emi_age6_13_gross_0708__state_expanded__top3_legacy","structural_iv","medium","population_scaled_enrollment","administrative_equilibrium","formal_english_exposure","DISE 2007-08 English-medium gross enrollment ratio, ages 6-13 denominator"
"state_expanded__nonzero_mean_hindi_urdu",NA,NA,NA,NA,NA,0,NA,NA,NA,"not_applicable","All diagnostic balance covariates are already included as nuisance controls.","emi_age6_13_gross_0708","dise_emi_gross_enrollment_ratio_age_6_13_0708","dise_weak_iv__emi_age6_13_gross_0708__state_expanded__nonzero_mean_hindi_urdu","structural_iv","medium","population_scaled_enrollment","administrative_equilibrium","formal_english_exposure","DISE 2007-08 English-medium gross enrollment ratio, ages 6-13 denominator"
"state_expanded__nonzero_mean_shastry",NA,NA,NA,NA,NA,0,NA,NA,NA,"not_applicable","All diagnostic balance covariates are already included as nuisance controls.","emi_age6_13_gross_0708","dise_emi_gross_enrollment_ratio_age_6_13_0708","dise_weak_iv__emi_age6_13_gross_0708__state_expanded__nonzero_mean_shastry","structural_iv","medium","population_scaled_enrollment","administrative_equilibrium","formal_english_exposure","DISE 2007-08 English-medium gross enrollment ratio, ages 6-13 denominator"
"state_expanded__nonzero_mean_sensitivity_low",NA,NA,NA,NA,NA,0,NA,NA,NA,"not_applicable","All diagnostic balance covariates are already included as nuisance controls.","emi_age6_13_gross_0708","dise_emi_gross_enrollment_ratio_age_6_13_0708","dise_weak_iv__emi_age6_13_gross_0708__state_expanded__nonzero_mean_sensitivity_low","structural_iv","medium","population_scaled_enrollment","administrative_equilibrium","formal_english_exposure","DISE 2007-08 English-medium gross enrollment ratio, ages 6-13 denominator"
"state_expanded__nonzero_mean_sensitivity_high",NA,NA,NA,NA,NA,0,NA,NA,NA,"not_applicable","All diagnostic balance covariates are already included as nuisance controls.","emi_age6_13_gross_0708","dise_emi_gross_enrollment_ratio_age_6_13_0708","dise_weak_iv__emi_age6_13_gross_0708__state_expanded__nonzero_mean_sensitivity_high","structural_iv","medium","population_scaled_enrollment","administrative_equilibrium","formal_english_exposure","DISE 2007-08 English-medium gross enrollment ratio, ages 6-13 denominator"
"state_expanded__nonzero_mean_hindi_urdu_separate",NA,NA,NA,NA,NA,0,NA,NA,NA,"not_applicable","All diagnostic balance covariates are already included as nuisance controls.","emi_age6_13_gross_0708","dise_emi_gross_enrollment_ratio_age_6_13_0708","dise_weak_iv__emi_age6_13_gross_0708__state_expanded__nonzero_mean_hindi_urdu_separate","structural_iv","medium","population_scaled_enrollment","administrative_equilibrium","formal_english_exposure","DISE 2007-08 English-medium gross enrollment ratio, ages 6-13 denominator"
"state_expanded__glottolog_mean",NA,NA,NA,NA,NA,0,NA,NA,NA,"not_applicable","All diagnostic balance covariates are already included as nuisance controls.","emi_age6_13_gross_0708","dise_emi_gross_enrollment_ratio_age_6_13_0708","dise_weak_iv__emi_age6_13_gross_0708__state_expanded__glottolog_mean","structural_iv","medium","population_scaled_enrollment","administrative_equilibrium","formal_english_exposure","DISE 2007-08 English-medium gross enrollment ratio, ages 6-13 denominator"
"state_expanded__glottolog_mean_shastry",NA,NA,NA,NA,NA,0,NA,NA,NA,"not_applicable","All diagnostic balance covariates are already included as nuisance controls.","emi_age6_13_gross_0708","dise_emi_gross_enrollment_ratio_age_6_13_0708","dise_weak_iv__emi_age6_13_gross_0708__state_expanded__glottolog_mean_shastry","structural_iv","medium","population_scaled_enrollment","administrative_equilibrium","formal_english_exposure","DISE 2007-08 English-medium gross enrollment ratio, ages 6-13 denominator"
"state_expanded__dyen_noncognate",NA,NA,NA,NA,NA,0,NA,NA,NA,"not_applicable","All diagnostic balance covariates are already included as nuisance controls.","emi_age6_13_gross_0708","dise_emi_gross_enrollment_ratio_age_6_13_0708","dise_weak_iv__emi_age6_13_gross_0708__state_expanded__dyen_noncognate","structural_iv","medium","population_scaled_enrollment","administrative_equilibrium","formal_english_exposure","DISE 2007-08 English-medium gross enrollment ratio, ages 6-13 denominator"
"state_expanded__dyen_noncognate_shastry",NA,NA,NA,NA,NA,0,NA,NA,NA,"not_applicable","All diagnostic balance covariates are already included as nuisance controls.","emi_age6_13_gross_0708","dise_emi_gross_enrollment_ratio_age_6_13_0708","dise_weak_iv__emi_age6_13_gross_0708__state_expanded__dyen_noncognate_shastry","structural_iv","medium","population_scaled_enrollment","administrative_equilibrium","formal_english_exposure","DISE 2007-08 English-medium gross enrollment ratio, ages 6-13 denominator"
"absorption__region_fe","region_fe","nonzero_mean","region","ling_distance_nonzero_mean","log_population_2001;urban_share_2001;adult_secondary_plus_share_2001;sc_share_2001;st_share_2001;muslim_share_2001;dependency_ratio_2001;electricity_access_share_2001;log_population_density_2001;literacy_share_2001;worker_share_2001;cultivator_share_workers_2001;agricultural_labourer_share_workers_2001",13,2.16619889829639,0.205199676751941,336,"estimated",NA,"emi_age6_13_gross_0708","dise_emi_gross_enrollment_ratio_age_6_13_0708","dise_weak_iv__emi_age6_13_gross_0708__absorption__region_fe","structural_iv","medium","population_scaled_enrollment","administrative_equilibrium","formal_english_exposure","DISE 2007-08 English-medium gross enrollment ratio, ages 6-13 denominator"
"absorption__state_fe","state_fe","nonzero_mean","state","ling_distance_nonzero_mean","log_population_2001;urban_share_2001;adult_secondary_plus_share_2001;sc_share_2001;st_share_2001;muslim_share_2001;dependency_ratio_2001;electricity_access_share_2001;log_population_density_2001;literacy_share_2001;worker_share_2001;cultivator_share_workers_2001;agricultural_labourer_share_workers_2001",13,0.371103219578896,0.872750875040878,336,"estimated",NA,"emi_age6_13_gross_0708","dise_emi_gross_enrollment_ratio_age_6_13_0708","dise_weak_iv__emi_age6_13_gross_0708__absorption__state_fe","structural_iv","medium","population_scaled_enrollment","administrative_equilibrium","formal_english_exposure","DISE 2007-08 English-medium gross enrollment ratio, ages 6-13 denominator"
"absorption__census_controls","census_controls","nonzero_mean","none","ling_distance_nonzero_mean","literacy_share_2001;worker_share_2001;cultivator_share_workers_2001;agricultural_labourer_share_workers_2001",4,0.610926763960385,0.662338998551575,336,"estimated",NA,"emi_age6_13_gross_0708","dise_emi_gross_enrollment_ratio_age_6_13_0708","dise_weak_iv__emi_age6_13_gross_0708__absorption__census_controls","structural_iv","medium","population_scaled_enrollment","administrative_equilibrium","formal_english_exposure","DISE 2007-08 English-medium gross enrollment ratio, ages 6-13 denominator"
"absorption__expanded_controls",NA,NA,NA,NA,NA,0,NA,NA,NA,"not_applicable","All diagnostic balance covariates are already included as nuisance controls.","emi_age6_13_gross_0708","dise_emi_gross_enrollment_ratio_age_6_13_0708","dise_weak_iv__emi_age6_13_gross_0708__absorption__expanded_controls","structural_iv","medium","population_scaled_enrollment","administrative_equilibrium","formal_english_exposure","DISE 2007-08 English-medium gross enrollment ratio, ages 6-13 denominator"
"absorption__region_fe_main_without_human_capital","region_fe_main_without_human_capital","nonzero_mean","region","ling_distance_nonzero_mean","adult_secondary_plus_share_2001;literacy_share_2001;worker_share_2001;cultivator_share_workers_2001;agricultural_labourer_share_workers_2001",5,8.87484796643501,0.000868599928107006,336,"estimated",NA,"emi_age6_13_gross_0708","dise_emi_gross_enrollment_ratio_age_6_13_0708","dise_weak_iv__emi_age6_13_gross_0708__absorption__region_fe_main_without_human_capital","structural_iv","medium","population_scaled_enrollment","administrative_equilibrium","formal_english_exposure","DISE 2007-08 English-medium gross enrollment ratio, ages 6-13 denominator"
"absorption__state_fe_main_without_human_capital","state_fe_main_without_human_capital","nonzero_mean","state","ling_distance_nonzero_mean","adult_secondary_plus_share_2001;literacy_share_2001;worker_share_2001;cultivator_share_workers_2001;agricultural_labourer_share_workers_2001",5,1.20884914801167,0.382765649584493,336,"estimated",NA,"emi_age6_13_gross_0708","dise_emi_gross_enrollment_ratio_age_6_13_0708","dise_weak_iv__emi_age6_13_gross_0708__absorption__state_fe_main_without_human_capital","structural_iv","medium","population_scaled_enrollment","administrative_equilibrium","formal_english_exposure","DISE 2007-08 English-medium gross enrollment ratio, ages 6-13 denominator"
"absorption__region_fe_expanded_without_human_capital","region_fe_expanded_without_human_capital","nonzero_mean","region","ling_distance_nonzero_mean","adult_secondary_plus_share_2001;literacy_share_2001",2,9.92160254311232,0.0016635809428432,336,"estimated",NA,"emi_age6_13_gross_0708","dise_emi_gross_enrollment_ratio_age_6_13_0708","dise_weak_iv__emi_age6_13_gross_0708__absorption__region_fe_expanded_without_human_capital","structural_iv","medium","population_scaled_enrollment","administrative_equilibrium","formal_english_exposure","DISE 2007-08 English-medium gross enrollment ratio, ages 6-13 denominator"
"absorption__state_fe_expanded_without_human_capital","state_fe_expanded_without_human_capital","nonzero_mean","state","ling_distance_nonzero_mean","adult_secondary_plus_share_2001;literacy_share_2001",2,2.34057738221945,0.1390134801754,336,"estimated",NA,"emi_age6_13_gross_0708","dise_emi_gross_enrollment_ratio_age_6_13_0708","dise_weak_iv__emi_age6_13_gross_0708__absorption__state_fe_expanded_without_human_capital","structural_iv","medium","population_scaled_enrollment","administrative_equilibrium","formal_english_exposure","DISE 2007-08 English-medium gross enrollment ratio, ages 6-13 denominator"
"absorption__region_fe_plus_basic_scale_geography","region_fe_plus_basic_scale_geography","nonzero_mean","region","ling_distance_nonzero_mean","adult_secondary_plus_share_2001;sc_share_2001;st_share_2001;muslim_share_2001;dependency_ratio_2001;electricity_access_share_2001;literacy_share_2001;worker_share_2001;cultivator_share_workers_2001;agricultural_labourer_share_workers_2001",10,3.31302006536303,0.0565623102227714,336,"estimated",NA,"emi_age6_13_gross_0708","dise_emi_gross_enrollment_ratio_age_6_13_0708","dise_weak_iv__emi_age6_13_gross_0708__absorption__region_fe_plus_basic_scale_geography","structural_iv","medium","population_scaled_enrollment","administrative_equilibrium","formal_english_exposure","DISE 2007-08 English-medium gross enrollment ratio, ages 6-13 denominator"
"absorption__region_fe_plus_social_composition","region_fe_plus_social_composition","nonzero_mean","region","ling_distance_nonzero_mean","adult_secondary_plus_share_2001;dependency_ratio_2001;electricity_access_share_2001;literacy_share_2001;worker_share_2001;cultivator_share_workers_2001;agricultural_labourer_share_workers_2001",7,5.67294210927902,0.00788252789399858,336,"estimated",NA,"emi_age6_13_gross_0708","dise_emi_gross_enrollment_ratio_age_6_13_0708","dise_weak_iv__emi_age6_13_gross_0708__absorption__region_fe_plus_social_composition","structural_iv","medium","population_scaled_enrollment","administrative_equilibrium","formal_english_exposure","DISE 2007-08 English-medium gross enrollment ratio, ages 6-13 denominator"
"absorption__region_fe_plus_human_capital","region_fe_plus_human_capital","nonzero_mean","region","ling_distance_nonzero_mean","dependency_ratio_2001;electricity_access_share_2001;worker_share_2001;cultivator_share_workers_2001;agricultural_labourer_share_workers_2001",5,7.09570859454141,0.00389154483567804,336,"estimated",NA,"emi_age6_13_gross_0708","dise_emi_gross_enrollment_ratio_age_6_13_0708","dise_weak_iv__emi_age6_13_gross_0708__absorption__region_fe_plus_human_capital","structural_iv","medium","population_scaled_enrollment","administrative_equilibrium","formal_english_exposure","DISE 2007-08 English-medium gross enrollment ratio, ages 6-13 denominator"
"absorption__region_fe_plus_demography","region_fe_plus_demography","nonzero_mean","region","ling_distance_nonzero_mean","electricity_access_share_2001;worker_share_2001;cultivator_share_workers_2001;agricultural_labourer_share_workers_2001",4,9.55216618229144,0.00149686849422895,336,"estimated",NA,"emi_age6_13_gross_0708","dise_emi_gross_enrollment_ratio_age_6_13_0708","dise_weak_iv__emi_age6_13_gross_0708__absorption__region_fe_plus_demography","structural_iv","medium","population_scaled_enrollment","administrative_equilibrium","formal_english_exposure","DISE 2007-08 English-medium gross enrollment ratio, ages 6-13 denominator"
"absorption__region_fe_plus_economic_structure","region_fe_plus_economic_structure","nonzero_mean","region","ling_distance_nonzero_mean","electricity_access_share_2001",1,3.23757275451221,0.108631118837172,336,"estimated",NA,"emi_age6_13_gross_0708","dise_emi_gross_enrollment_ratio_age_6_13_0708","dise_weak_iv__emi_age6_13_gross_0708__absorption__region_fe_plus_economic_structure","structural_iv","medium","population_scaled_enrollment","administrative_equilibrium","formal_english_exposure","DISE 2007-08 English-medium gross enrollment ratio, ages 6-13 denominator"
"absorption__state_fe_plus_basic_scale_geography","state_fe_plus_basic_scale_geography","nonzero_mean","state","ling_distance_nonzero_mean","adult_secondary_plus_share_2001;sc_share_2001;st_share_2001;muslim_share_2001;dependency_ratio_2001;electricity_access_share_2001;literacy_share_2001;worker_share_2001;cultivator_share_workers_2001;agricultural_labourer_share_workers_2001",10,1.11547216540953,0.51539975316182,336,"estimated",NA,"emi_age6_13_gross_0708","dise_emi_gross_enrollment_ratio_age_6_13_0708","dise_weak_iv__emi_age6_13_gross_0708__absorption__state_fe_plus_basic_scale_geography","structural_iv","medium","population_scaled_enrollment","administrative_equilibrium","formal_english_exposure","DISE 2007-08 English-medium gross enrollment ratio, ages 6-13 denominator"
"absorption__state_fe_plus_social_composition","state_fe_plus_social_composition","nonzero_mean","state","ling_distance_nonzero_mean","adult_secondary_plus_share_2001;dependency_ratio_2001;electricity_access_share_2001;literacy_share_2001;worker_share_2001;cultivator_share_workers_2001;agricultural_labourer_share_workers_2001",7,1.45362784075113,0.331175058785511,336,"estimated",NA,"emi_age6_13_gross_0708","dise_emi_gross_enrollment_ratio_age_6_13_0708","dise_weak_iv__emi_age6_13_gross_0708__absorption__state_fe_plus_social_composition","structural_iv","medium","population_scaled_enrollment","administrative_equilibrium","formal_english_exposure","DISE 2007-08 English-medium gross enrollment ratio, ages 6-13 denominator"
"absorption__state_fe_plus_human_capital","state_fe_plus_human_capital","nonzero_mean","state","ling_distance_nonzero_mean","dependency_ratio_2001;electricity_access_share_2001;worker_share_2001;cultivator_share_workers_2001;agricultural_labourer_share_workers_2001",5,2.52640017609089,0.131719669211662,336,"estimated",NA,"emi_age6_13_gross_0708","dise_emi_gross_enrollment_ratio_age_6_13_0708","dise_weak_iv__emi_age6_13_gross_0708__absorption__state_fe_plus_human_capital","structural_iv","medium","population_scaled_enrollment","administrative_equilibrium","formal_english_exposure","DISE 2007-08 English-medium gross enrollment ratio, ages 6-13 denominator"
"absorption__state_fe_plus_demography","state_fe_plus_demography","nonzero_mean","state","ling_distance_nonzero_mean","electricity_access_share_2001;worker_share_2001;cultivator_share_workers_2001;agricultural_labourer_share_workers_2001",4,3.46975619666705,0.0660104865701663,336,"estimated",NA,"emi_age6_13_gross_0708","dise_emi_gross_enrollment_ratio_age_6_13_0708","dise_weak_iv__emi_age6_13_gross_0708__absorption__state_fe_plus_demography","structural_iv","medium","population_scaled_enrollment","administrative_equilibrium","formal_english_exposure","DISE 2007-08 English-medium gross enrollment ratio, ages 6-13 denominator"
"absorption__state_fe_plus_economic_structure","state_fe_plus_economic_structure","nonzero_mean","state","ling_distance_nonzero_mean","electricity_access_share_2001",1,1.74378372311036,0.226855221751756,336,"estimated",NA,"emi_age6_13_gross_0708","dise_emi_gross_enrollment_ratio_age_6_13_0708","dise_weak_iv__emi_age6_13_gross_0708__absorption__state_fe_plus_economic_structure","structural_iv","medium","population_scaled_enrollment","administrative_equilibrium","formal_english_exposure","DISE 2007-08 English-medium gross enrollment ratio, ages 6-13 denominator"
"absorption__region_main_without_basic_scale_geography","region_main_without_basic_scale_geography","nonzero_mean","region","ling_distance_nonzero_mean","log_population_2001;urban_share_2001;log_population_density_2001;literacy_share_2001;worker_share_2001;cultivator_share_workers_2001;agricultural_labourer_share_workers_2001",7,5.76390632122184,0.00556888956834045,336,"estimated",NA,"emi_age6_13_gross_0708","dise_emi_gross_enrollment_ratio_age_6_13_0708","dise_weak_iv__emi_age6_13_gross_0708__absorption__region_main_without_basic_scale_geography","structural_iv","medium","population_scaled_enrollment","administrative_equilibrium","formal_english_exposure","DISE 2007-08 English-medium gross enrollment ratio, ages 6-13 denominator"
"absorption__region_block_only_social_composition","region_block_only_social_composition","nonzero_mean","region","ling_distance_nonzero_mean","log_population_2001;urban_share_2001;adult_secondary_plus_share_2001;dependency_ratio_2001;electricity_access_share_2001;log_population_density_2001;literacy_share_2001;worker_share_2001;cultivator_share_workers_2001;agricultural_labourer_share_workers_2001",10,3.32760631096444,0.0594804144658529,336,"estimated",NA,"emi_age6_13_gross_0708","dise_emi_gross_enrollment_ratio_age_6_13_0708","dise_weak_iv__emi_age6_13_gross_0708__absorption__region_block_only_social_composition","structural_iv","medium","population_scaled_enrollment","administrative_equilibrium","formal_english_exposure","DISE 2007-08 English-medium gross enrollment ratio, ages 6-13 denominator"
"absorption__region_main_without_social_composition","region_main_without_social_composition","nonzero_mean","region","ling_distance_nonzero_mean","sc_share_2001;st_share_2001;muslim_share_2001;literacy_share_2001;worker_share_2001;cultivator_share_workers_2001;agricultural_labourer_share_workers_2001",7,5.59697994041419,0.00614433681180987,336,"estimated",NA,"emi_age6_13_gross_0708","dise_emi_gross_enrollment_ratio_age_6_13_0708","dise_weak_iv__emi_age6_13_gross_0708__absorption__region_main_without_social_composition","structural_iv","medium","population_scaled_enrollment","administrative_equilibrium","formal_english_exposure","DISE 2007-08 English-medium gross enrollment ratio, ages 6-13 denominator"
"absorption__region_block_only_human_capital","region_block_only_human_capital","nonzero_mean","region","ling_distance_nonzero_mean","log_population_2001;urban_share_2001;sc_share_2001;st_share_2001;muslim_share_2001;dependency_ratio_2001;electricity_access_share_2001;log_population_density_2001;literacy_share_2001;worker_share_2001;cultivator_share_workers_2001;agricultural_labourer_share_workers_2001",12,2.77875707948935,0.114727306443979,336,"estimated",NA,"emi_age6_13_gross_0708","dise_emi_gross_enrollment_ratio_age_6_13_0708","dise_weak_iv__emi_age6_13_gross_0708__absorption__region_block_only_human_capital","structural_iv","medium","population_scaled_enrollment","administrative_equilibrium","formal_english_exposure","DISE 2007-08 English-medium gross enrollment ratio, ages 6-13 denominator"
"absorption__region_block_only_demography","region_block_only_demography","nonzero_mean","region","ling_distance_nonzero_mean","log_population_2001;urban_share_2001;adult_secondary_plus_share_2001;sc_share_2001;st_share_2001;muslim_share_2001;electricity_access_share_2001;log_population_density_2001;literacy_share_2001;worker_share_2001;cultivator_share_workers_2001;agricultural_labourer_share_workers_2001",12,2.78432948545911,0.112940545408973,336,"estimated",NA,"emi_age6_13_gross_0708","dise_emi_gross_enrollment_ratio_age_6_13_0708","dise_weak_iv__emi_age6_13_gross_0708__absorption__region_block_only_demography","structural_iv","medium","population_scaled_enrollment","administrative_equilibrium","formal_english_exposure","DISE 2007-08 English-medium gross enrollment ratio, ages 6-13 denominator"
"absorption__region_main_without_demography","region_main_without_demography","nonzero_mean","region","ling_distance_nonzero_mean","dependency_ratio_2001;literacy_share_2001;worker_share_2001;cultivator_share_workers_2001;agricultural_labourer_share_workers_2001",5,8.84573573101493,0.000890951135364368,336,"estimated",NA,"emi_age6_13_gross_0708","dise_emi_gross_enrollment_ratio_age_6_13_0708","dise_weak_iv__emi_age6_13_gross_0708__absorption__region_main_without_demography","structural_iv","medium","population_scaled_enrollment","administrative_equilibrium","formal_english_exposure","DISE 2007-08 English-medium gross enrollment ratio, ages 6-13 denominator"
"absorption__region_block_only_economic_structure","region_block_only_economic_structure","nonzero_mean","region","ling_distance_nonzero_mean","log_population_2001;urban_share_2001;adult_secondary_plus_share_2001;sc_share_2001;st_share_2001;muslim_share_2001;dependency_ratio_2001;electricity_access_share_2001;log_population_density_2001;literacy_share_2001;worker_share_2001;cultivator_share_workers_2001;agricultural_labourer_share_workers_2001",13,2.16619889829639,0.205199676751941,336,"estimated",NA,"emi_age6_13_gross_0708","dise_emi_gross_enrollment_ratio_age_6_13_0708","dise_weak_iv__emi_age6_13_gross_0708__absorption__region_block_only_economic_structure","structural_iv","medium","population_scaled_enrollment","administrative_equilibrium","formal_english_exposure","DISE 2007-08 English-medium gross enrollment ratio, ages 6-13 denominator"
"absorption__region_main_without_economic_structure","region_main_without_economic_structure","nonzero_mean","region","ling_distance_nonzero_mean","literacy_share_2001;worker_share_2001;cultivator_share_workers_2001;agricultural_labourer_share_workers_2001",4,11.9833094647566,0.000211480000961381,336,"estimated",NA,"emi_age6_13_gross_0708","dise_emi_gross_enrollment_ratio_age_6_13_0708","dise_weak_iv__emi_age6_13_gross_0708__absorption__region_main_without_economic_structure","structural_iv","medium","population_scaled_enrollment","administrative_equilibrium","formal_english_exposure","DISE 2007-08 English-medium gross enrollment ratio, ages 6-13 denominator"
"absorption__region_block_only_basic_development","region_block_only_basic_development","nonzero_mean","region","ling_distance_nonzero_mean","log_population_2001;urban_share_2001;adult_secondary_plus_share_2001;sc_share_2001;st_share_2001;muslim_share_2001;dependency_ratio_2001;log_population_density_2001;literacy_share_2001;worker_share_2001;cultivator_share_workers_2001;agricultural_labourer_share_workers_2001",12,2.620452473803,0.112257615376404,336,"estimated",NA,"emi_age6_13_gross_0708","dise_emi_gross_enrollment_ratio_age_6_13_0708","dise_weak_iv__emi_age6_13_gross_0708__absorption__region_block_only_basic_development","structural_iv","medium","population_scaled_enrollment","administrative_equilibrium","formal_english_exposure","DISE 2007-08 English-medium gross enrollment ratio, ages 6-13 denominator"
"absorption__region_main_without_basic_development","region_main_without_basic_development","nonzero_mean","region","ling_distance_nonzero_mean","electricity_access_share_2001;literacy_share_2001;worker_share_2001;cultivator_share_workers_2001;agricultural_labourer_share_workers_2001",5,8.80546476378193,0.00150122657776569,336,"estimated",NA,"emi_age6_13_gross_0708","dise_emi_gross_enrollment_ratio_age_6_13_0708","dise_weak_iv__emi_age6_13_gross_0708__absorption__region_main_without_basic_development","structural_iv","medium","population_scaled_enrollment","administrative_equilibrium","formal_english_exposure","DISE 2007-08 English-medium gross enrollment ratio, ages 6-13 denominator"
"absorption__state_main_without_basic_scale_geography","state_main_without_basic_scale_geography","nonzero_mean","state","ling_distance_nonzero_mean","log_population_2001;urban_share_2001;log_population_density_2001;literacy_share_2001;worker_share_2001;cultivator_share_workers_2001;agricultural_labourer_share_workers_2001",7,1.43574139696855,0.319399692684287,336,"estimated",NA,"emi_age6_13_gross_0708","dise_emi_gross_enrollment_ratio_age_6_13_0708","dise_weak_iv__emi_age6_13_gross_0708__absorption__state_main_without_basic_scale_geography","structural_iv","medium","population_scaled_enrollment","administrative_equilibrium","formal_english_exposure","DISE 2007-08 English-medium gross enrollment ratio, ages 6-13 denominator"
"absorption__state_block_only_social_composition","state_block_only_social_composition","nonzero_mean","state","ling_distance_nonzero_mean","log_population_2001;urban_share_2001;adult_secondary_plus_share_2001;dependency_ratio_2001;electricity_access_share_2001;log_population_density_2001;literacy_share_2001;worker_share_2001;cultivator_share_workers_2001;agricultural_labourer_share_workers_2001",10,1.16294159655642,0.485928347589379,336,"estimated",NA,"emi_age6_13_gross_0708","dise_emi_gross_enrollment_ratio_age_6_13_0708","dise_weak_iv__emi_age6_13_gross_0708__absorption__state_block_only_social_composition","structural_iv","medium","population_scaled_enrollment","administrative_equilibrium","formal_english_exposure","DISE 2007-08 English-medium gross enrollment ratio, ages 6-13 denominator"
"absorption__state_main_without_social_composition","state_main_without_social_composition","nonzero_mean","state","ling_distance_nonzero_mean","sc_share_2001;st_share_2001;muslim_share_2001;literacy_share_2001;worker_share_2001;cultivator_share_workers_2001;agricultural_labourer_share_workers_2001",7,2.77047298635335,0.111205938173667,336,"estimated",NA,"emi_age6_13_gross_0708","dise_emi_gross_enrollment_ratio_age_6_13_0708","dise_weak_iv__emi_age6_13_gross_0708__absorption__state_main_without_social_composition","structural_iv","medium","population_scaled_enrollment","administrative_equilibrium","formal_english_exposure","DISE 2007-08 English-medium gross enrollment ratio, ages 6-13 denominator"
"absorption__state_block_only_human_capital","state_block_only_human_capital","nonzero_mean","state","ling_distance_nonzero_mean","log_population_2001;urban_share_2001;sc_share_2001;st_share_2001;muslim_share_2001;dependency_ratio_2001;electricity_access_share_2001;log_population_density_2001;literacy_share_2001;worker_share_2001;cultivator_share_workers_2001;agricultural_labourer_share_workers_2001",12,0.77082217561525,0.695165519944974,336,"estimated",NA,"emi_age6_13_gross_0708","dise_emi_gross_enrollment_ratio_age_6_13_0708","dise_weak_iv__emi_age6_13_gross_0708__absorption__state_block_only_human_capital","structural_iv","medium","population_scaled_enrollment","administrative_equilibrium","formal_english_exposure","DISE 2007-08 English-medium gross enrollment ratio, ages 6-13 denominator"
"absorption__state_block_only_demography","state_block_only_demography","nonzero_mean","state","ling_distance_nonzero_mean","log_population_2001;urban_share_2001;adult_secondary_plus_share_2001;sc_share_2001;st_share_2001;muslim_share_2001;electricity_access_share_2001;log_population_density_2001;literacy_share_2001;worker_share_2001;cultivator_share_workers_2001;agricultural_labourer_share_workers_2001",12,0.884273653838004,0.650359097789448,336,"estimated",NA,"emi_age6_13_gross_0708","dise_emi_gross_enrollment_ratio_age_6_13_0708","dise_weak_iv__emi_age6_13_gross_0708__absorption__state_block_only_demography","structural_iv","medium","population_scaled_enrollment","administrative_equilibrium","formal_english_exposure","DISE 2007-08 English-medium gross enrollment ratio, ages 6-13 denominator"
"absorption__state_main_without_demography","state_main_without_demography","nonzero_mean","state","ling_distance_nonzero_mean","dependency_ratio_2001;literacy_share_2001;worker_share_2001;cultivator_share_workers_2001;agricultural_labourer_share_workers_2001",5,2.35869755912147,0.137990276164473,336,"estimated",NA,"emi_age6_13_gross_0708","dise_emi_gross_enrollment_ratio_age_6_13_0708","dise_weak_iv__emi_age6_13_gross_0708__absorption__state_main_without_demography","structural_iv","medium","population_scaled_enrollment","administrative_equilibrium","formal_english_exposure","DISE 2007-08 English-medium gross enrollment ratio, ages 6-13 denominator"
"absorption__state_block_only_economic_structure","state_block_only_economic_structure","nonzero_mean","state","ling_distance_nonzero_mean","log_population_2001;urban_share_2001;adult_secondary_plus_share_2001;sc_share_2001;st_share_2001;muslim_share_2001;dependency_ratio_2001;electricity_access_share_2001;log_population_density_2001;literacy_share_2001;worker_share_2001;cultivator_share_workers_2001;agricultural_labourer_share_workers_2001",13,0.371103219578896,0.872750875040878,336,"estimated",NA,"emi_age6_13_gross_0708","dise_emi_gross_enrollment_ratio_age_6_13_0708","dise_weak_iv__emi_age6_13_gross_0708__absorption__state_block_only_economic_structure","structural_iv","medium","population_scaled_enrollment","administrative_equilibrium","formal_english_exposure","DISE 2007-08 English-medium gross enrollment ratio, ages 6-13 denominator"
"absorption__state_main_without_economic_structure","state_main_without_economic_structure","nonzero_mean","state","ling_distance_nonzero_mean","literacy_share_2001;worker_share_2001;cultivator_share_workers_2001;agricultural_labourer_share_workers_2001",4,1.6491011426925,0.24593559623295,336,"estimated",NA,"emi_age6_13_gross_0708","dise_emi_gross_enrollment_ratio_age_6_13_0708","dise_weak_iv__emi_age6_13_gross_0708__absorption__state_main_without_economic_structure","structural_iv","medium","population_scaled_enrollment","administrative_equilibrium","formal_english_exposure","DISE 2007-08 English-medium gross enrollment ratio, ages 6-13 denominator"
"absorption__state_block_only_basic_development","state_block_only_basic_development","nonzero_mean","state","ling_distance_nonzero_mean","log_population_2001;urban_share_2001;adult_secondary_plus_share_2001;sc_share_2001;st_share_2001;muslim_share_2001;dependency_ratio_2001;log_population_density_2001;literacy_share_2001;worker_share_2001;cultivator_share_workers_2001;agricultural_labourer_share_workers_2001",12,0.898730155420527,0.642470586606757,336,"estimated",NA,"emi_age6_13_gross_0708","dise_emi_gross_enrollment_ratio_age_6_13_0708","dise_weak_iv__emi_age6_13_gross_0708__absorption__state_block_only_basic_development","structural_iv","medium","population_scaled_enrollment","administrative_equilibrium","formal_english_exposure","DISE 2007-08 English-medium gross enrollment ratio, ages 6-13 denominator"
"absorption__state_main_without_basic_development","state_main_without_basic_development","nonzero_mean","state","ling_distance_nonzero_mean","electricity_access_share_2001;literacy_share_2001;worker_share_2001;cultivator_share_workers_2001;agricultural_labourer_share_workers_2001",5,2.49484465268291,0.128553272494375,336,"estimated",NA,"emi_age6_13_gross_0708","dise_emi_gross_enrollment_ratio_age_6_13_0708","dise_weak_iv__emi_age6_13_gross_0708__absorption__state_main_without_basic_development","structural_iv","medium","population_scaled_enrollment","administrative_equilibrium","formal_english_exposure","DISE 2007-08 English-medium gross enrollment ratio, ages 6-13 denominator"
"absorption__region_main_literacy","region_main_literacy","nonzero_mean","region","ling_distance_nonzero_mean","adult_secondary_plus_share_2001;worker_share_2001;cultivator_share_workers_2001;agricultural_labourer_share_workers_2001",4,10.2331098613118,0.000453288494060557,336,"estimated",NA,"emi_age6_13_gross_0708","dise_emi_gross_enrollment_ratio_age_6_13_0708","dise_weak_iv__emi_age6_13_gross_0708__absorption__region_main_literacy","structural_iv","medium","population_scaled_enrollment","administrative_equilibrium","formal_english_exposure","DISE 2007-08 English-medium gross enrollment ratio, ages 6-13 denominator"
"absorption__region_main_decomposed_economic","region_main_decomposed_economic","nonzero_mean","region","ling_distance_nonzero_mean","literacy_share_2001",1,5.84093964197843,0.028459950631725,336,"estimated",NA,"emi_age6_13_gross_0708","dise_emi_gross_enrollment_ratio_age_6_13_0708","dise_weak_iv__emi_age6_13_gross_0708__absorption__region_main_decomposed_economic","structural_iv","medium","population_scaled_enrollment","administrative_equilibrium","formal_english_exposure","DISE 2007-08 English-medium gross enrollment ratio, ages 6-13 denominator"
"absorption__region_main_literacy_decomposed_economic","region_main_literacy_decomposed_economic","nonzero_mean","region","ling_distance_nonzero_mean","adult_secondary_plus_share_2001",1,12.1953181140522,0.0027150748915561,336,"estimated",NA,"emi_age6_13_gross_0708","dise_emi_gross_enrollment_ratio_age_6_13_0708","dise_weak_iv__emi_age6_13_gross_0708__absorption__region_main_literacy_decomposed_economic","structural_iv","medium","population_scaled_enrollment","administrative_equilibrium","formal_english_exposure","DISE 2007-08 English-medium gross enrollment ratio, ages 6-13 denominator"
"absorption__state_main_literacy","state_main_literacy","nonzero_mean","state","ling_distance_nonzero_mean","adult_secondary_plus_share_2001;worker_share_2001;cultivator_share_workers_2001;agricultural_labourer_share_workers_2001",4,1.37187573179451,0.31602811896025,336,"estimated",NA,"emi_age6_13_gross_0708","dise_emi_gross_enrollment_ratio_age_6_13_0708","dise_weak_iv__emi_age6_13_gross_0708__absorption__state_main_literacy","structural_iv","medium","population_scaled_enrollment","administrative_equilibrium","formal_english_exposure","DISE 2007-08 English-medium gross enrollment ratio, ages 6-13 denominator"
"absorption__state_main_decomposed_economic","state_main_decomposed_economic","nonzero_mean","state","ling_distance_nonzero_mean","literacy_share_2001",1,2.69672182741001,0.126090547643417,336,"estimated",NA,"emi_age6_13_gross_0708","dise_emi_gross_enrollment_ratio_age_6_13_0708","dise_weak_iv__emi_age6_13_gross_0708__absorption__state_main_decomposed_economic","structural_iv","medium","population_scaled_enrollment","administrative_equilibrium","formal_english_exposure","DISE 2007-08 English-medium gross enrollment ratio, ages 6-13 denominator"
"absorption__state_main_literacy_decomposed_economic","state_main_literacy_decomposed_economic","nonzero_mean","state","ling_distance_nonzero_mean","adult_secondary_plus_share_2001",1,2.32789489374914,0.152864509649189,336,"estimated",NA,"emi_age6_13_gross_0708","dise_emi_gross_enrollment_ratio_age_6_13_0708","dise_weak_iv__emi_age6_13_gross_0708__absorption__state_main_literacy_decomposed_economic","structural_iv","medium","population_scaled_enrollment","administrative_equilibrium","formal_english_exposure","DISE 2007-08 English-medium gross enrollment ratio, ages 6-13 denominator"
"unadjusted__nonzero_mean","unadjusted","nonzero_mean","none","ling_distance_nonzero_mean","log_population_2001;urban_share_2001;adult_secondary_plus_share_2001;sc_share_2001;st_share_2001;muslim_share_2001;dependency_ratio_2001;electricity_access_share_2001;log_population_density_2001;literacy_share_2001;worker_share_2001;cultivator_share_workers_2001;agricultural_labourer_share_workers_2001",13,1.40268506598125,0.445499753672264,295,"estimated",NA,"emi_age6_13_gross_0508_pooled","dise_emi_gross_enrollment_ratio_age_6_13_0508_pooled","dise_weak_iv__emi_age6_13_gross_0508_pooled__unadjusted__nonzero_mean","structural_iv","medium","pooled_population_scaled_enrollment","administrative_equilibrium","formal_english_exposure","DISE pooled 2005-06 to 2007-08 English-medium gross enrollment ratio, ages 6-13 denominator"
"unadjusted__distant_share","unadjusted","distant_share","none","ling_share_distance_ge3","log_population_2001;urban_share_2001;adult_secondary_plus_share_2001;sc_share_2001;st_share_2001;muslim_share_2001;dependency_ratio_2001;electricity_access_share_2001;log_population_density_2001;literacy_share_2001;worker_share_2001;cultivator_share_workers_2001;agricultural_labourer_share_workers_2001",13,5.13122068083733,0.110590125403453,295,"estimated",NA,"emi_age6_13_gross_0508_pooled","dise_emi_gross_enrollment_ratio_age_6_13_0508_pooled","dise_weak_iv__emi_age6_13_gross_0508_pooled__unadjusted__distant_share","structural_iv","medium","pooled_population_scaled_enrollment","administrative_equilibrium","formal_english_exposure","DISE pooled 2005-06 to 2007-08 English-medium gross enrollment ratio, ages 6-13 denominator"
"unadjusted__top3_legacy","unadjusted","top3_legacy","none","ling_distance_top3_legacy","log_population_2001;urban_share_2001;adult_secondary_plus_share_2001;sc_share_2001;st_share_2001;muslim_share_2001;dependency_ratio_2001;electricity_access_share_2001;log_population_density_2001;literacy_share_2001;worker_share_2001;cultivator_share_workers_2001;agricultural_labourer_share_workers_2001",13,2.41946721436786,0.263644610737767,295,"estimated",NA,"emi_age6_13_gross_0508_pooled","dise_emi_gross_enrollment_ratio_age_6_13_0508_pooled","dise_weak_iv__emi_age6_13_gross_0508_pooled__unadjusted__top3_legacy","structural_iv","medium","pooled_population_scaled_enrollment","administrative_equilibrium","formal_english_exposure","DISE pooled 2005-06 to 2007-08 English-medium gross enrollment ratio, ages 6-13 denominator"
"unadjusted__nonzero_mean_hindi_urdu","unadjusted","nonzero_mean_hindi_urdu","none","ling_distance_nonzero_mean","log_population_2001;urban_share_2001;adult_secondary_plus_share_2001;sc_share_2001;st_share_2001;muslim_share_2001;dependency_ratio_2001;electricity_access_share_2001;log_population_density_2001;literacy_share_2001;worker_share_2001;cultivator_share_workers_2001;agricultural_labourer_share_workers_2001",13,0.915396737115974,0.607116589127351,295,"estimated",NA,"emi_age6_13_gross_0508_pooled","dise_emi_gross_enrollment_ratio_age_6_13_0508_pooled","dise_weak_iv__emi_age6_13_gross_0508_pooled__unadjusted__nonzero_mean_hindi_urdu","structural_iv","medium","pooled_population_scaled_enrollment","administrative_equilibrium","formal_english_exposure","DISE pooled 2005-06 to 2007-08 English-medium gross enrollment ratio, ages 6-13 denominator"
"unadjusted__nonzero_mean_shastry","unadjusted","nonzero_mean_shastry","none","ling_distance_nonzero_mean","log_population_2001;urban_share_2001;adult_secondary_plus_share_2001;sc_share_2001;st_share_2001;muslim_share_2001;dependency_ratio_2001;electricity_access_share_2001;log_population_density_2001;literacy_share_2001;worker_share_2001;cultivator_share_workers_2001;agricultural_labourer_share_workers_2001",13,1.20018905050672,0.484374202838239,295,"estimated",NA,"emi_age6_13_gross_0508_pooled","dise_emi_gross_enrollment_ratio_age_6_13_0508_pooled","dise_weak_iv__emi_age6_13_gross_0508_pooled__unadjusted__nonzero_mean_shastry","structural_iv","medium","pooled_population_scaled_enrollment","administrative_equilibrium","formal_english_exposure","DISE pooled 2005-06 to 2007-08 English-medium gross enrollment ratio, ages 6-13 denominator"
"unadjusted__nonzero_mean_sensitivity_low","unadjusted","nonzero_mean_sensitivity_low","none","ling_distance_nonzero_mean_sensitivity_low","log_population_2001;urban_share_2001;adult_secondary_plus_share_2001;sc_share_2001;st_share_2001;muslim_share_2001;dependency_ratio_2001;electricity_access_share_2001;log_population_density_2001;literacy_share_2001;worker_share_2001;cultivator_share_workers_2001;agricultural_labourer_share_workers_2001",13,1.20097385218824,0.484088135916686,295,"estimated",NA,"emi_age6_13_gross_0508_pooled","dise_emi_gross_enrollment_ratio_age_6_13_0508_pooled","dise_weak_iv__emi_age6_13_gross_0508_pooled__unadjusted__nonzero_mean_sensitivity_low","structural_iv","medium","pooled_population_scaled_enrollment","administrative_equilibrium","formal_english_exposure","DISE pooled 2005-06 to 2007-08 English-medium gross enrollment ratio, ages 6-13 denominator"
"unadjusted__nonzero_mean_sensitivity_high","unadjusted","nonzero_mean_sensitivity_high","none","ling_distance_nonzero_mean_sensitivity_high","log_population_2001;urban_share_2001;adult_secondary_plus_share_2001;sc_share_2001;st_share_2001;muslim_share_2001;dependency_ratio_2001;electricity_access_share_2001;log_population_density_2001;literacy_share_2001;worker_share_2001;cultivator_share_workers_2001;agricultural_labourer_share_workers_2001",13,1.73157150589239,0.334671882798811,295,"estimated",NA,"emi_age6_13_gross_0508_pooled","dise_emi_gross_enrollment_ratio_age_6_13_0508_pooled","dise_weak_iv__emi_age6_13_gross_0508_pooled__unadjusted__nonzero_mean_sensitivity_high","structural_iv","medium","pooled_population_scaled_enrollment","administrative_equilibrium","formal_english_exposure","DISE pooled 2005-06 to 2007-08 English-medium gross enrollment ratio, ages 6-13 denominator"
"unadjusted__nonzero_mean_hindi_urdu_separate","unadjusted","nonzero_mean_hindi_urdu_separate","none","ling_distance_nonzero_mean","log_population_2001;urban_share_2001;adult_secondary_plus_share_2001;sc_share_2001;st_share_2001;muslim_share_2001;dependency_ratio_2001;electricity_access_share_2001;log_population_density_2001;literacy_share_2001;worker_share_2001;cultivator_share_workers_2001;agricultural_labourer_share_workers_2001",13,1.33649960236122,0.437872209704934,295,"estimated",NA,"emi_age6_13_gross_0508_pooled","dise_emi_gross_enrollment_ratio_age_6_13_0508_pooled","dise_weak_iv__emi_age6_13_gross_0508_pooled__unadjusted__nonzero_mean_hindi_urdu_separate","structural_iv","medium","pooled_population_scaled_enrollment","administrative_equilibrium","formal_english_exposure","DISE pooled 2005-06 to 2007-08 English-medium gross enrollment ratio, ages 6-13 denominator"
"unadjusted__glottolog_mean","unadjusted","glottolog_mean","none","ling_distance_glottolog_nonhindi_mean","log_population_2001;urban_share_2001;adult_secondary_plus_share_2001;sc_share_2001;st_share_2001;muslim_share_2001;dependency_ratio_2001;electricity_access_share_2001;log_population_density_2001;literacy_share_2001;worker_share_2001;cultivator_share_workers_2001;agricultural_labourer_share_workers_2001",13,1.32295089902182,0.468029605712613,295,"estimated",NA,"emi_age6_13_gross_0508_pooled","dise_emi_gross_enrollment_ratio_age_6_13_0508_pooled","dise_weak_iv__emi_age6_13_gross_0508_pooled__unadjusted__glottolog_mean","structural_iv","medium","pooled_population_scaled_enrollment","administrative_equilibrium","formal_english_exposure","DISE pooled 2005-06 to 2007-08 English-medium gross enrollment ratio, ages 6-13 denominator"
"unadjusted__glottolog_mean_shastry","unadjusted","glottolog_mean_shastry","none","ling_distance_glottolog_nonhindi_mean","log_population_2001;urban_share_2001;adult_secondary_plus_share_2001;sc_share_2001;st_share_2001;muslim_share_2001;dependency_ratio_2001;electricity_access_share_2001;log_population_density_2001;literacy_share_2001;worker_share_2001;cultivator_share_workers_2001;agricultural_labourer_share_workers_2001",13,1.77934589325905,0.324665314549924,295,"estimated",NA,"emi_age6_13_gross_0508_pooled","dise_emi_gross_enrollment_ratio_age_6_13_0508_pooled","dise_weak_iv__emi_age6_13_gross_0508_pooled__unadjusted__glottolog_mean_shastry","structural_iv","medium","pooled_population_scaled_enrollment","administrative_equilibrium","formal_english_exposure","DISE pooled 2005-06 to 2007-08 English-medium gross enrollment ratio, ages 6-13 denominator"
"unadjusted__dyen_noncognate","unadjusted","dyen_noncognate","none","ling_distance_dyen_noncognate_pct","log_population_2001;urban_share_2001;adult_secondary_plus_share_2001;sc_share_2001;st_share_2001;muslim_share_2001;dependency_ratio_2001;electricity_access_share_2001;log_population_density_2001;literacy_share_2001;worker_share_2001;cultivator_share_workers_2001;agricultural_labourer_share_workers_2001",13,1.64979973069664,0.38561151609275,295,"estimated",NA,"emi_age6_13_gross_0508_pooled","dise_emi_gross_enrollment_ratio_age_6_13_0508_pooled","dise_weak_iv__emi_age6_13_gross_0508_pooled__unadjusted__dyen_noncognate","structural_iv","medium","pooled_population_scaled_enrollment","administrative_equilibrium","formal_english_exposure","DISE pooled 2005-06 to 2007-08 English-medium gross enrollment ratio, ages 6-13 denominator"
"unadjusted__dyen_noncognate_shastry","unadjusted","dyen_noncognate_shastry","none","ling_distance_dyen_noncognate_pct","log_population_2001;urban_share_2001;adult_secondary_plus_share_2001;sc_share_2001;st_share_2001;muslim_share_2001;dependency_ratio_2001;electricity_access_share_2001;log_population_density_2001;literacy_share_2001;worker_share_2001;cultivator_share_workers_2001;agricultural_labourer_share_workers_2001",13,3.03007599988418,0.167434823333358,295,"estimated",NA,"emi_age6_13_gross_0508_pooled","dise_emi_gross_enrollment_ratio_age_6_13_0508_pooled","dise_weak_iv__emi_age6_13_gross_0508_pooled__unadjusted__dyen_noncognate_shastry","structural_iv","medium","pooled_population_scaled_enrollment","administrative_equilibrium","formal_english_exposure","DISE pooled 2005-06 to 2007-08 English-medium gross enrollment ratio, ages 6-13 denominator"
"region_main__nonzero_mean","region_main","nonzero_mean","region","ling_distance_nonzero_mean","literacy_share_2001;worker_share_2001;cultivator_share_workers_2001;agricultural_labourer_share_workers_2001",4,11.1184805160044,0.000472402807092363,295,"estimated",NA,"emi_age6_13_gross_0508_pooled","dise_emi_gross_enrollment_ratio_age_6_13_0508_pooled","dise_weak_iv__emi_age6_13_gross_0508_pooled__region_main__nonzero_mean","structural_iv","medium","pooled_population_scaled_enrollment","administrative_equilibrium","formal_english_exposure","DISE pooled 2005-06 to 2007-08 English-medium gross enrollment ratio, ages 6-13 denominator"
"region_main__distant_share","region_main","distant_share","region","ling_share_distance_ge3","literacy_share_2001;worker_share_2001;cultivator_share_workers_2001;agricultural_labourer_share_workers_2001",4,0.99286216949327,0.447373329455487,295,"estimated",NA,"emi_age6_13_gross_0508_pooled","dise_emi_gross_enrollment_ratio_age_6_13_0508_pooled","dise_weak_iv__emi_age6_13_gross_0508_pooled__region_main__distant_share","structural_iv","medium","pooled_population_scaled_enrollment","administrative_equilibrium","formal_english_exposure","DISE pooled 2005-06 to 2007-08 English-medium gross enrollment ratio, ages 6-13 denominator"
"region_main__top3_legacy","region_main","top3_legacy","region","ling_distance_top3_legacy","literacy_share_2001;worker_share_2001;cultivator_share_workers_2001;agricultural_labourer_share_workers_2001",4,2.3605040142599,0.110302101860197,295,"estimated",NA,"emi_age6_13_gross_0508_pooled","dise_emi_gross_enrollment_ratio_age_6_13_0508_pooled","dise_weak_iv__emi_age6_13_gross_0508_pooled__region_main__top3_legacy","structural_iv","medium","pooled_population_scaled_enrollment","administrative_equilibrium","formal_english_exposure","DISE pooled 2005-06 to 2007-08 English-medium gross enrollment ratio, ages 6-13 denominator"
"region_main__nonzero_mean_hindi_urdu","region_main","nonzero_mean_hindi_urdu","region","ling_distance_nonzero_mean","literacy_share_2001;worker_share_2001;cultivator_share_workers_2001;agricultural_labourer_share_workers_2001",4,9.32890407233449,0.00106416661178639,295,"estimated",NA,"emi_age6_13_gross_0508_pooled","dise_emi_gross_enrollment_ratio_age_6_13_0508_pooled","dise_weak_iv__emi_age6_13_gross_0508_pooled__region_main__nonzero_mean_hindi_urdu","structural_iv","medium","pooled_population_scaled_enrollment","administrative_equilibrium","formal_english_exposure","DISE pooled 2005-06 to 2007-08 English-medium gross enrollment ratio, ages 6-13 denominator"
"region_main__nonzero_mean_shastry","region_main","nonzero_mean_shastry","region","ling_distance_nonzero_mean","literacy_share_2001;worker_share_2001;cultivator_share_workers_2001;agricultural_labourer_share_workers_2001",4,8.99588740354693,0.00127112898701301,295,"estimated",NA,"emi_age6_13_gross_0508_pooled","dise_emi_gross_enrollment_ratio_age_6_13_0508_pooled","dise_weak_iv__emi_age6_13_gross_0508_pooled__region_main__nonzero_mean_shastry","structural_iv","medium","pooled_population_scaled_enrollment","administrative_equilibrium","formal_english_exposure","DISE pooled 2005-06 to 2007-08 English-medium gross enrollment ratio, ages 6-13 denominator"
"region_main__nonzero_mean_sensitivity_low","region_main","nonzero_mean_sensitivity_low","region","ling_distance_nonzero_mean_sensitivity_low","literacy_share_2001;worker_share_2001;cultivator_share_workers_2001;agricultural_labourer_share_workers_2001",4,8.91746793483738,0.00132042866286685,295,"estimated",NA,"emi_age6_13_gross_0508_pooled","dise_emi_gross_enrollment_ratio_age_6_13_0508_pooled","dise_weak_iv__emi_age6_13_gross_0508_pooled__region_main__nonzero_mean_sensitivity_low","structural_iv","medium","pooled_population_scaled_enrollment","administrative_equilibrium","formal_english_exposure","DISE pooled 2005-06 to 2007-08 English-medium gross enrollment ratio, ages 6-13 denominator"
"region_main__nonzero_mean_sensitivity_high","region_main","nonzero_mean_sensitivity_high","region","ling_distance_nonzero_mean_sensitivity_high","literacy_share_2001;worker_share_2001;cultivator_share_workers_2001;agricultural_labourer_share_workers_2001",4,3.6566285392744,0.0353251272521109,295,"estimated",NA,"emi_age6_13_gross_0508_pooled","dise_emi_gross_enrollment_ratio_age_6_13_0508_pooled","dise_weak_iv__emi_age6_13_gross_0508_pooled__region_main__nonzero_mean_sensitivity_high","structural_iv","medium","pooled_population_scaled_enrollment","administrative_equilibrium","formal_english_exposure","DISE pooled 2005-06 to 2007-08 English-medium gross enrollment ratio, ages 6-13 denominator"
"region_main__nonzero_mean_hindi_urdu_separate","region_main","nonzero_mean_hindi_urdu_separate","region","ling_distance_nonzero_mean","literacy_share_2001;worker_share_2001;cultivator_share_workers_2001;agricultural_labourer_share_workers_2001",4,10.8709617511768,0.000531815343833325,295,"estimated",NA,"emi_age6_13_gross_0508_pooled","dise_emi_gross_enrollment_ratio_age_6_13_0508_pooled","dise_weak_iv__emi_age6_13_gross_0508_pooled__region_main__nonzero_mean_hindi_urdu_separate","structural_iv","medium","pooled_population_scaled_enrollment","administrative_equilibrium","formal_english_exposure","DISE pooled 2005-06 to 2007-08 English-medium gross enrollment ratio, ages 6-13 denominator"
"region_main__glottolog_mean","region_main","glottolog_mean","region","ling_distance_glottolog_nonhindi_mean","literacy_share_2001;worker_share_2001;cultivator_share_workers_2001;agricultural_labourer_share_workers_2001",4,1.46143967430615,0.272636411033722,295,"estimated",NA,"emi_age6_13_gross_0508_pooled","dise_emi_gross_enrollment_ratio_age_6_13_0508_pooled","dise_weak_iv__emi_age6_13_gross_0508_pooled__region_main__glottolog_mean","structural_iv","medium","pooled_population_scaled_enrollment","administrative_equilibrium","formal_english_exposure","DISE pooled 2005-06 to 2007-08 English-medium gross enrollment ratio, ages 6-13 denominator"
"region_main__glottolog_mean_shastry","region_main","glottolog_mean_shastry","region","ling_distance_glottolog_nonhindi_mean","literacy_share_2001;worker_share_2001;cultivator_share_workers_2001;agricultural_labourer_share_workers_2001",4,1.44595781152006,0.277636387289535,295,"estimated",NA,"emi_age6_13_gross_0508_pooled","dise_emi_gross_enrollment_ratio_age_6_13_0508_pooled","dise_weak_iv__emi_age6_13_gross_0508_pooled__region_main__glottolog_mean_shastry","structural_iv","medium","pooled_population_scaled_enrollment","administrative_equilibrium","formal_english_exposure","DISE pooled 2005-06 to 2007-08 English-medium gross enrollment ratio, ages 6-13 denominator"
"region_main__dyen_noncognate","region_main","dyen_noncognate","region","ling_distance_dyen_noncognate_pct","literacy_share_2001;worker_share_2001;cultivator_share_workers_2001;agricultural_labourer_share_workers_2001",4,5.81035929756695,0.00731243774164954,295,"estimated",NA,"emi_age6_13_gross_0508_pooled","dise_emi_gross_enrollment_ratio_age_6_13_0508_pooled","dise_weak_iv__emi_age6_13_gross_0508_pooled__region_main__dyen_noncognate","structural_iv","medium","pooled_population_scaled_enrollment","administrative_equilibrium","formal_english_exposure","DISE pooled 2005-06 to 2007-08 English-medium gross enrollment ratio, ages 6-13 denominator"
"region_main__dyen_noncognate_shastry","region_main","dyen_noncognate_shastry","region","ling_distance_dyen_noncognate_pct","literacy_share_2001;worker_share_2001;cultivator_share_workers_2001;agricultural_labourer_share_workers_2001",4,5.5029238935098,0.00911512363522591,295,"estimated",NA,"emi_age6_13_gross_0508_pooled","dise_emi_gross_enrollment_ratio_age_6_13_0508_pooled","dise_weak_iv__emi_age6_13_gross_0508_pooled__region_main__dyen_noncognate_shastry","structural_iv","medium","pooled_population_scaled_enrollment","administrative_equilibrium","formal_english_exposure","DISE pooled 2005-06 to 2007-08 English-medium gross enrollment ratio, ages 6-13 denominator"
"region_expanded__nonzero_mean",NA,NA,NA,NA,NA,0,NA,NA,NA,"not_applicable","All diagnostic balance covariates are already included as nuisance controls.","emi_age6_13_gross_0508_pooled","dise_emi_gross_enrollment_ratio_age_6_13_0508_pooled","dise_weak_iv__emi_age6_13_gross_0508_pooled__region_expanded__nonzero_mean","structural_iv","medium","pooled_population_scaled_enrollment","administrative_equilibrium","formal_english_exposure","DISE pooled 2005-06 to 2007-08 English-medium gross enrollment ratio, ages 6-13 denominator"
"region_expanded__distant_share",NA,NA,NA,NA,NA,0,NA,NA,NA,"not_applicable","All diagnostic balance covariates are already included as nuisance controls.","emi_age6_13_gross_0508_pooled","dise_emi_gross_enrollment_ratio_age_6_13_0508_pooled","dise_weak_iv__emi_age6_13_gross_0508_pooled__region_expanded__distant_share","structural_iv","medium","pooled_population_scaled_enrollment","administrative_equilibrium","formal_english_exposure","DISE pooled 2005-06 to 2007-08 English-medium gross enrollment ratio, ages 6-13 denominator"
"region_expanded__top3_legacy",NA,NA,NA,NA,NA,0,NA,NA,NA,"not_applicable","All diagnostic balance covariates are already included as nuisance controls.","emi_age6_13_gross_0508_pooled","dise_emi_gross_enrollment_ratio_age_6_13_0508_pooled","dise_weak_iv__emi_age6_13_gross_0508_pooled__region_expanded__top3_legacy","structural_iv","medium","pooled_population_scaled_enrollment","administrative_equilibrium","formal_english_exposure","DISE pooled 2005-06 to 2007-08 English-medium gross enrollment ratio, ages 6-13 denominator"
"region_expanded__nonzero_mean_hindi_urdu",NA,NA,NA,NA,NA,0,NA,NA,NA,"not_applicable","All diagnostic balance covariates are already included as nuisance controls.","emi_age6_13_gross_0508_pooled","dise_emi_gross_enrollment_ratio_age_6_13_0508_pooled","dise_weak_iv__emi_age6_13_gross_0508_pooled__region_expanded__nonzero_mean_hindi_urdu","structural_iv","medium","pooled_population_scaled_enrollment","administrative_equilibrium","formal_english_exposure","DISE pooled 2005-06 to 2007-08 English-medium gross enrollment ratio, ages 6-13 denominator"
"region_expanded__nonzero_mean_shastry",NA,NA,NA,NA,NA,0,NA,NA,NA,"not_applicable","All diagnostic balance covariates are already included as nuisance controls.","emi_age6_13_gross_0508_pooled","dise_emi_gross_enrollment_ratio_age_6_13_0508_pooled","dise_weak_iv__emi_age6_13_gross_0508_pooled__region_expanded__nonzero_mean_shastry","structural_iv","medium","pooled_population_scaled_enrollment","administrative_equilibrium","formal_english_exposure","DISE pooled 2005-06 to 2007-08 English-medium gross enrollment ratio, ages 6-13 denominator"
"region_expanded__nonzero_mean_sensitivity_low",NA,NA,NA,NA,NA,0,NA,NA,NA,"not_applicable","All diagnostic balance covariates are already included as nuisance controls.","emi_age6_13_gross_0508_pooled","dise_emi_gross_enrollment_ratio_age_6_13_0508_pooled","dise_weak_iv__emi_age6_13_gross_0508_pooled__region_expanded__nonzero_mean_sensitivity_low","structural_iv","medium","pooled_population_scaled_enrollment","administrative_equilibrium","formal_english_exposure","DISE pooled 2005-06 to 2007-08 English-medium gross enrollment ratio, ages 6-13 denominator"
"region_expanded__nonzero_mean_sensitivity_high",NA,NA,NA,NA,NA,0,NA,NA,NA,"not_applicable","All diagnostic balance covariates are already included as nuisance controls.","emi_age6_13_gross_0508_pooled","dise_emi_gross_enrollment_ratio_age_6_13_0508_pooled","dise_weak_iv__emi_age6_13_gross_0508_pooled__region_expanded__nonzero_mean_sensitivity_high","structural_iv","medium","pooled_population_scaled_enrollment","administrative_equilibrium","formal_english_exposure","DISE pooled 2005-06 to 2007-08 English-medium gross enrollment ratio, ages 6-13 denominator"
"region_expanded__nonzero_mean_hindi_urdu_separate",NA,NA,NA,NA,NA,0,NA,NA,NA,"not_applicable","All diagnostic balance covariates are already included as nuisance controls.","emi_age6_13_gross_0508_pooled","dise_emi_gross_enrollment_ratio_age_6_13_0508_pooled","dise_weak_iv__emi_age6_13_gross_0508_pooled__region_expanded__nonzero_mean_hindi_urdu_separate","structural_iv","medium","pooled_population_scaled_enrollment","administrative_equilibrium","formal_english_exposure","DISE pooled 2005-06 to 2007-08 English-medium gross enrollment ratio, ages 6-13 denominator"
"region_expanded__glottolog_mean",NA,NA,NA,NA,NA,0,NA,NA,NA,"not_applicable","All diagnostic balance covariates are already included as nuisance controls.","emi_age6_13_gross_0508_pooled","dise_emi_gross_enrollment_ratio_age_6_13_0508_pooled","dise_weak_iv__emi_age6_13_gross_0508_pooled__region_expanded__glottolog_mean","structural_iv","medium","pooled_population_scaled_enrollment","administrative_equilibrium","formal_english_exposure","DISE pooled 2005-06 to 2007-08 English-medium gross enrollment ratio, ages 6-13 denominator"
"region_expanded__glottolog_mean_shastry",NA,NA,NA,NA,NA,0,NA,NA,NA,"not_applicable","All diagnostic balance covariates are already included as nuisance controls.","emi_age6_13_gross_0508_pooled","dise_emi_gross_enrollment_ratio_age_6_13_0508_pooled","dise_weak_iv__emi_age6_13_gross_0508_pooled__region_expanded__glottolog_mean_shastry","structural_iv","medium","pooled_population_scaled_enrollment","administrative_equilibrium","formal_english_exposure","DISE pooled 2005-06 to 2007-08 English-medium gross enrollment ratio, ages 6-13 denominator"
"region_expanded__dyen_noncognate",NA,NA,NA,NA,NA,0,NA,NA,NA,"not_applicable","All diagnostic balance covariates are already included as nuisance controls.","emi_age6_13_gross_0508_pooled","dise_emi_gross_enrollment_ratio_age_6_13_0508_pooled","dise_weak_iv__emi_age6_13_gross_0508_pooled__region_expanded__dyen_noncognate","structural_iv","medium","pooled_population_scaled_enrollment","administrative_equilibrium","formal_english_exposure","DISE pooled 2005-06 to 2007-08 English-medium gross enrollment ratio, ages 6-13 denominator"
"region_expanded__dyen_noncognate_shastry",NA,NA,NA,NA,NA,0,NA,NA,NA,"not_applicable","All diagnostic balance covariates are already included as nuisance controls.","emi_age6_13_gross_0508_pooled","dise_emi_gross_enrollment_ratio_age_6_13_0508_pooled","dise_weak_iv__emi_age6_13_gross_0508_pooled__region_expanded__dyen_noncognate_shastry","structural_iv","medium","pooled_population_scaled_enrollment","administrative_equilibrium","formal_english_exposure","DISE pooled 2005-06 to 2007-08 English-medium gross enrollment ratio, ages 6-13 denominator"
"state_main__nonzero_mean","state_main","nonzero_mean","state","ling_distance_nonzero_mean","literacy_share_2001;worker_share_2001;cultivator_share_workers_2001;agricultural_labourer_share_workers_2001",4,1.37507023234666,0.32264301889547,295,"estimated",NA,"emi_age6_13_gross_0508_pooled","dise_emi_gross_enrollment_ratio_age_6_13_0508_pooled","dise_weak_iv__emi_age6_13_gross_0508_pooled__state_main__nonzero_mean","structural_iv","medium","pooled_population_scaled_enrollment","administrative_equilibrium","formal_english_exposure","DISE pooled 2005-06 to 2007-08 English-medium gross enrollment ratio, ages 6-13 denominator"
"state_main__distant_share","state_main","distant_share","state","ling_share_distance_ge3","literacy_share_2001;worker_share_2001;cultivator_share_workers_2001;agricultural_labourer_share_workers_2001",4,1.06415439848308,0.432452452396071,295,"estimated",NA,"emi_age6_13_gross_0508_pooled","dise_emi_gross_enrollment_ratio_age_6_13_0508_pooled","dise_weak_iv__emi_age6_13_gross_0508_pooled__state_main__distant_share","structural_iv","medium","pooled_population_scaled_enrollment","administrative_equilibrium","formal_english_exposure","DISE pooled 2005-06 to 2007-08 English-medium gross enrollment ratio, ages 6-13 denominator"
"state_main__top3_legacy","state_main","top3_legacy","state","ling_distance_top3_legacy","literacy_share_2001;worker_share_2001;cultivator_share_workers_2001;agricultural_labourer_share_workers_2001",4,1.67556657205792,0.245667697829991,295,"estimated",NA,"emi_age6_13_gross_0508_pooled","dise_emi_gross_enrollment_ratio_age_6_13_0508_pooled","dise_weak_iv__emi_age6_13_gross_0508_pooled__state_main__top3_legacy","structural_iv","medium","pooled_population_scaled_enrollment","administrative_equilibrium","formal_english_exposure","DISE pooled 2005-06 to 2007-08 English-medium gross enrollment ratio, ages 6-13 denominator"
"state_main__nonzero_mean_hindi_urdu","state_main","nonzero_mean_hindi_urdu","state","ling_distance_nonzero_mean","literacy_share_2001;worker_share_2001;cultivator_share_workers_2001;agricultural_labourer_share_workers_2001",4,1.91045207899432,0.201639916318593,295,"estimated",NA,"emi_age6_13_gross_0508_pooled","dise_emi_gross_enrollment_ratio_age_6_13_0508_pooled","dise_weak_iv__emi_age6_13_gross_0508_pooled__state_main__nonzero_mean_hindi_urdu","structural_iv","medium","pooled_population_scaled_enrollment","administrative_equilibrium","formal_english_exposure","DISE pooled 2005-06 to 2007-08 English-medium gross enrollment ratio, ages 6-13 denominator"
"state_main__nonzero_mean_shastry","state_main","nonzero_mean_shastry","state","ling_distance_nonzero_mean","literacy_share_2001;worker_share_2001;cultivator_share_workers_2001;agricultural_labourer_share_workers_2001",4,2.01483151767271,0.183789073440771,295,"estimated",NA,"emi_age6_13_gross_0508_pooled","dise_emi_gross_enrollment_ratio_age_6_13_0508_pooled","dise_weak_iv__emi_age6_13_gross_0508_pooled__state_main__nonzero_mean_shastry","structural_iv","medium","pooled_population_scaled_enrollment","administrative_equilibrium","formal_english_exposure","DISE pooled 2005-06 to 2007-08 English-medium gross enrollment ratio, ages 6-13 denominator"
"state_main__nonzero_mean_sensitivity_low","state_main","nonzero_mean_sensitivity_low","state","ling_distance_nonzero_mean_sensitivity_low","literacy_share_2001;worker_share_2001;cultivator_share_workers_2001;agricultural_labourer_share_workers_2001",4,2.07043689918755,0.1754589617501,295,"estimated",NA,"emi_age6_13_gross_0508_pooled","dise_emi_gross_enrollment_ratio_age_6_13_0508_pooled","dise_weak_iv__emi_age6_13_gross_0508_pooled__state_main__nonzero_mean_sensitivity_low","structural_iv","medium","pooled_population_scaled_enrollment","administrative_equilibrium","formal_english_exposure","DISE pooled 2005-06 to 2007-08 English-medium gross enrollment ratio, ages 6-13 denominator"
"state_main__nonzero_mean_sensitivity_high","state_main","nonzero_mean_sensitivity_high","state","ling_distance_nonzero_mean_sensitivity_high","literacy_share_2001;worker_share_2001;cultivator_share_workers_2001;agricultural_labourer_share_workers_2001",4,0.911495887056459,0.500855695597749,295,"estimated",NA,"emi_age6_13_gross_0508_pooled","dise_emi_gross_enrollment_ratio_age_6_13_0508_pooled","dise_weak_iv__emi_age6_13_gross_0508_pooled__state_main__nonzero_mean_sensitivity_high","structural_iv","medium","pooled_population_scaled_enrollment","administrative_equilibrium","formal_english_exposure","DISE pooled 2005-06 to 2007-08 English-medium gross enrollment ratio, ages 6-13 denominator"
"state_main__nonzero_mean_hindi_urdu_separate","state_main","nonzero_mean_hindi_urdu_separate","state","ling_distance_nonzero_mean","literacy_share_2001;worker_share_2001;cultivator_share_workers_2001;agricultural_labourer_share_workers_2001",4,2.25356523628614,0.152727256069778,295,"estimated",NA,"emi_age6_13_gross_0508_pooled","dise_emi_gross_enrollment_ratio_age_6_13_0508_pooled","dise_weak_iv__emi_age6_13_gross_0508_pooled__state_main__nonzero_mean_hindi_urdu_separate","structural_iv","medium","pooled_population_scaled_enrollment","administrative_equilibrium","formal_english_exposure","DISE pooled 2005-06 to 2007-08 English-medium gross enrollment ratio, ages 6-13 denominator"
"state_main__glottolog_mean","state_main","glottolog_mean","state","ling_distance_glottolog_nonhindi_mean","literacy_share_2001;worker_share_2001;cultivator_share_workers_2001;agricultural_labourer_share_workers_2001",4,0.485217458377555,0.746956160697174,295,"estimated",NA,"emi_age6_13_gross_0508_pooled","dise_emi_gross_enrollment_ratio_age_6_13_0508_pooled","dise_weak_iv__emi_age6_13_gross_0508_pooled__state_main__glottolog_mean","structural_iv","medium","pooled_population_scaled_enrollment","administrative_equilibrium","formal_english_exposure","DISE pooled 2005-06 to 2007-08 English-medium gross enrollment ratio, ages 6-13 denominator"
"state_main__glottolog_mean_shastry","state_main","glottolog_mean_shastry","state","ling_distance_glottolog_nonhindi_mean","literacy_share_2001;worker_share_2001;cultivator_share_workers_2001;agricultural_labourer_share_workers_2001",4,0.656254070038196,0.638751352960883,295,"estimated",NA,"emi_age6_13_gross_0508_pooled","dise_emi_gross_enrollment_ratio_age_6_13_0508_pooled","dise_weak_iv__emi_age6_13_gross_0508_pooled__state_main__glottolog_mean_shastry","structural_iv","medium","pooled_population_scaled_enrollment","administrative_equilibrium","formal_english_exposure","DISE pooled 2005-06 to 2007-08 English-medium gross enrollment ratio, ages 6-13 denominator"
"state_main__dyen_noncognate","state_main","dyen_noncognate","state","ling_distance_dyen_noncognate_pct","literacy_share_2001;worker_share_2001;cultivator_share_workers_2001;agricultural_labourer_share_workers_2001",4,3.38758142919472,0.0651873911799552,295,"estimated",NA,"emi_age6_13_gross_0508_pooled","dise_emi_gross_enrollment_ratio_age_6_13_0508_pooled","dise_weak_iv__emi_age6_13_gross_0508_pooled__state_main__dyen_noncognate","structural_iv","medium","pooled_population_scaled_enrollment","administrative_equilibrium","formal_english_exposure","DISE pooled 2005-06 to 2007-08 English-medium gross enrollment ratio, ages 6-13 denominator"
"state_main__dyen_noncognate_shastry","state_main","dyen_noncognate_shastry","state","ling_distance_dyen_noncognate_pct","literacy_share_2001;worker_share_2001;cultivator_share_workers_2001;agricultural_labourer_share_workers_2001",4,3.09766850875445,0.0800616343808616,295,"estimated",NA,"emi_age6_13_gross_0508_pooled","dise_emi_gross_enrollment_ratio_age_6_13_0508_pooled","dise_weak_iv__emi_age6_13_gross_0508_pooled__state_main__dyen_noncognate_shastry","structural_iv","medium","pooled_population_scaled_enrollment","administrative_equilibrium","formal_english_exposure","DISE pooled 2005-06 to 2007-08 English-medium gross enrollment ratio, ages 6-13 denominator"
"state_expanded__nonzero_mean",NA,NA,NA,NA,NA,0,NA,NA,NA,"not_applicable","All diagnostic balance covariates are already included as nuisance controls.","emi_age6_13_gross_0508_pooled","dise_emi_gross_enrollment_ratio_age_6_13_0508_pooled","dise_weak_iv__emi_age6_13_gross_0508_pooled__state_expanded__nonzero_mean","structural_iv","medium","pooled_population_scaled_enrollment","administrative_equilibrium","formal_english_exposure","DISE pooled 2005-06 to 2007-08 English-medium gross enrollment ratio, ages 6-13 denominator"
"state_expanded__distant_share",NA,NA,NA,NA,NA,0,NA,NA,NA,"not_applicable","All diagnostic balance covariates are already included as nuisance controls.","emi_age6_13_gross_0508_pooled","dise_emi_gross_enrollment_ratio_age_6_13_0508_pooled","dise_weak_iv__emi_age6_13_gross_0508_pooled__state_expanded__distant_share","structural_iv","medium","pooled_population_scaled_enrollment","administrative_equilibrium","formal_english_exposure","DISE pooled 2005-06 to 2007-08 English-medium gross enrollment ratio, ages 6-13 denominator"
"state_expanded__top3_legacy",NA,NA,NA,NA,NA,0,NA,NA,NA,"not_applicable","All diagnostic balance covariates are already included as nuisance controls.","emi_age6_13_gross_0508_pooled","dise_emi_gross_enrollment_ratio_age_6_13_0508_pooled","dise_weak_iv__emi_age6_13_gross_0508_pooled__state_expanded__top3_legacy","structural_iv","medium","pooled_population_scaled_enrollment","administrative_equilibrium","formal_english_exposure","DISE pooled 2005-06 to 2007-08 English-medium gross enrollment ratio, ages 6-13 denominator"
"state_expanded__nonzero_mean_hindi_urdu",NA,NA,NA,NA,NA,0,NA,NA,NA,"not_applicable","All diagnostic balance covariates are already included as nuisance controls.","emi_age6_13_gross_0508_pooled","dise_emi_gross_enrollment_ratio_age_6_13_0508_pooled","dise_weak_iv__emi_age6_13_gross_0508_pooled__state_expanded__nonzero_mean_hindi_urdu","structural_iv","medium","pooled_population_scaled_enrollment","administrative_equilibrium","formal_english_exposure","DISE pooled 2005-06 to 2007-08 English-medium gross enrollment ratio, ages 6-13 denominator"
"state_expanded__nonzero_mean_shastry",NA,NA,NA,NA,NA,0,NA,NA,NA,"not_applicable","All diagnostic balance covariates are already included as nuisance controls.","emi_age6_13_gross_0508_pooled","dise_emi_gross_enrollment_ratio_age_6_13_0508_pooled","dise_weak_iv__emi_age6_13_gross_0508_pooled__state_expanded__nonzero_mean_shastry","structural_iv","medium","pooled_population_scaled_enrollment","administrative_equilibrium","formal_english_exposure","DISE pooled 2005-06 to 2007-08 English-medium gross enrollment ratio, ages 6-13 denominator"
"state_expanded__nonzero_mean_sensitivity_low",NA,NA,NA,NA,NA,0,NA,NA,NA,"not_applicable","All diagnostic balance covariates are already included as nuisance controls.","emi_age6_13_gross_0508_pooled","dise_emi_gross_enrollment_ratio_age_6_13_0508_pooled","dise_weak_iv__emi_age6_13_gross_0508_pooled__state_expanded__nonzero_mean_sensitivity_low","structural_iv","medium","pooled_population_scaled_enrollment","administrative_equilibrium","formal_english_exposure","DISE pooled 2005-06 to 2007-08 English-medium gross enrollment ratio, ages 6-13 denominator"
"state_expanded__nonzero_mean_sensitivity_high",NA,NA,NA,NA,NA,0,NA,NA,NA,"not_applicable","All diagnostic balance covariates are already included as nuisance controls.","emi_age6_13_gross_0508_pooled","dise_emi_gross_enrollment_ratio_age_6_13_0508_pooled","dise_weak_iv__emi_age6_13_gross_0508_pooled__state_expanded__nonzero_mean_sensitivity_high","structural_iv","medium","pooled_population_scaled_enrollment","administrative_equilibrium","formal_english_exposure","DISE pooled 2005-06 to 2007-08 English-medium gross enrollment ratio, ages 6-13 denominator"
"state_expanded__nonzero_mean_hindi_urdu_separate",NA,NA,NA,NA,NA,0,NA,NA,NA,"not_applicable","All diagnostic balance covariates are already included as nuisance controls.","emi_age6_13_gross_0508_pooled","dise_emi_gross_enrollment_ratio_age_6_13_0508_pooled","dise_weak_iv__emi_age6_13_gross_0508_pooled__state_expanded__nonzero_mean_hindi_urdu_separate","structural_iv","medium","pooled_population_scaled_enrollment","administrative_equilibrium","formal_english_exposure","DISE pooled 2005-06 to 2007-08 English-medium gross enrollment ratio, ages 6-13 denominator"
"state_expanded__glottolog_mean",NA,NA,NA,NA,NA,0,NA,NA,NA,"not_applicable","All diagnostic balance covariates are already included as nuisance controls.","emi_age6_13_gross_0508_pooled","dise_emi_gross_enrollment_ratio_age_6_13_0508_pooled","dise_weak_iv__emi_age6_13_gross_0508_pooled__state_expanded__glottolog_mean","structural_iv","medium","pooled_population_scaled_enrollment","administrative_equilibrium","formal_english_exposure","DISE pooled 2005-06 to 2007-08 English-medium gross enrollment ratio, ages 6-13 denominator"
"state_expanded__glottolog_mean_shastry",NA,NA,NA,NA,NA,0,NA,NA,NA,"not_applicable","All diagnostic balance covariates are already included as nuisance controls.","emi_age6_13_gross_0508_pooled","dise_emi_gross_enrollment_ratio_age_6_13_0508_pooled","dise_weak_iv__emi_age6_13_gross_0508_pooled__state_expanded__glottolog_mean_shastry","structural_iv","medium","pooled_population_scaled_enrollment","administrative_equilibrium","formal_english_exposure","DISE pooled 2005-06 to 2007-08 English-medium gross enrollment ratio, ages 6-13 denominator"
"state_expanded__dyen_noncognate",NA,NA,NA,NA,NA,0,NA,NA,NA,"not_applicable","All diagnostic balance covariates are already included as nuisance controls.","emi_age6_13_gross_0508_pooled","dise_emi_gross_enrollment_ratio_age_6_13_0508_pooled","dise_weak_iv__emi_age6_13_gross_0508_pooled__state_expanded__dyen_noncognate","structural_iv","medium","pooled_population_scaled_enrollment","administrative_equilibrium","formal_english_exposure","DISE pooled 2005-06 to 2007-08 English-medium gross enrollment ratio, ages 6-13 denominator"
"state_expanded__dyen_noncognate_shastry",NA,NA,NA,NA,NA,0,NA,NA,NA,"not_applicable","All diagnostic balance covariates are already included as nuisance controls.","emi_age6_13_gross_0508_pooled","dise_emi_gross_enrollment_ratio_age_6_13_0508_pooled","dise_weak_iv__emi_age6_13_gross_0508_pooled__state_expanded__dyen_noncognate_shastry","structural_iv","medium","pooled_population_scaled_enrollment","administrative_equilibrium","formal_english_exposure","DISE pooled 2005-06 to 2007-08 English-medium gross enrollment ratio, ages 6-13 denominator"
"absorption__region_fe","region_fe","nonzero_mean","region","ling_distance_nonzero_mean","log_population_2001;urban_share_2001;adult_secondary_plus_share_2001;sc_share_2001;st_share_2001;muslim_share_2001;dependency_ratio_2001;electricity_access_share_2001;log_population_density_2001;literacy_share_2001;worker_share_2001;cultivator_share_workers_2001;agricultural_labourer_share_workers_2001",13,1.29659349336155,0.45602002071089,295,"estimated",NA,"emi_age6_13_gross_0508_pooled","dise_emi_gross_enrollment_ratio_age_6_13_0508_pooled","dise_weak_iv__emi_age6_13_gross_0508_pooled__absorption__region_fe","structural_iv","medium","pooled_population_scaled_enrollment","administrative_equilibrium","formal_english_exposure","DISE pooled 2005-06 to 2007-08 English-medium gross enrollment ratio, ages 6-13 denominator"
"absorption__state_fe","state_fe","nonzero_mean","state","ling_distance_nonzero_mean","log_population_2001;urban_share_2001;adult_secondary_plus_share_2001;sc_share_2001;st_share_2001;muslim_share_2001;dependency_ratio_2001;electricity_access_share_2001;log_population_density_2001;literacy_share_2001;worker_share_2001;cultivator_share_workers_2001;agricultural_labourer_share_workers_2001",13,0,NA,295,"estimated",NA,"emi_age6_13_gross_0508_pooled","dise_emi_gross_enrollment_ratio_age_6_13_0508_pooled","dise_weak_iv__emi_age6_13_gross_0508_pooled__absorption__state_fe","structural_iv","medium","pooled_population_scaled_enrollment","administrative_equilibrium","formal_english_exposure","DISE pooled 2005-06 to 2007-08 English-medium gross enrollment ratio, ages 6-13 denominator"
"absorption__census_controls","census_controls","nonzero_mean","none","ling_distance_nonzero_mean","literacy_share_2001;worker_share_2001;cultivator_share_workers_2001;agricultural_labourer_share_workers_2001",4,0.601418257811048,0.669356705366626,295,"estimated",NA,"emi_age6_13_gross_0508_pooled","dise_emi_gross_enrollment_ratio_age_6_13_0508_pooled","dise_weak_iv__emi_age6_13_gross_0508_pooled__absorption__census_controls","structural_iv","medium","pooled_population_scaled_enrollment","administrative_equilibrium","formal_english_exposure","DISE pooled 2005-06 to 2007-08 English-medium gross enrollment ratio, ages 6-13 denominator"
"absorption__expanded_controls",NA,NA,NA,NA,NA,0,NA,NA,NA,"not_applicable","All diagnostic balance covariates are already included as nuisance controls.","emi_age6_13_gross_0508_pooled","dise_emi_gross_enrollment_ratio_age_6_13_0508_pooled","dise_weak_iv__emi_age6_13_gross_0508_pooled__absorption__expanded_controls","structural_iv","medium","pooled_population_scaled_enrollment","administrative_equilibrium","formal_english_exposure","DISE pooled 2005-06 to 2007-08 English-medium gross enrollment ratio, ages 6-13 denominator"
"absorption__region_fe_main_without_human_capital","region_fe_main_without_human_capital","nonzero_mean","region","ling_distance_nonzero_mean","adult_secondary_plus_share_2001;literacy_share_2001;worker_share_2001;cultivator_share_workers_2001;agricultural_labourer_share_workers_2001",5,8.23292897589125,0.001892753751898,295,"estimated",NA,"emi_age6_13_gross_0508_pooled","dise_emi_gross_enrollment_ratio_age_6_13_0508_pooled","dise_weak_iv__emi_age6_13_gross_0508_pooled__absorption__region_fe_main_without_human_capital","structural_iv","medium","pooled_population_scaled_enrollment","administrative_equilibrium","formal_english_exposure","DISE pooled 2005-06 to 2007-08 English-medium gross enrollment ratio, ages 6-13 denominator"
"absorption__state_fe_main_without_human_capital","state_fe_main_without_human_capital","nonzero_mean","state","ling_distance_nonzero_mean","adult_secondary_plus_share_2001;literacy_share_2001;worker_share_2001;cultivator_share_workers_2001;agricultural_labourer_share_workers_2001",5,1.08408470491308,0.438770865649026,295,"estimated",NA,"emi_age6_13_gross_0508_pooled","dise_emi_gross_enrollment_ratio_age_6_13_0508_pooled","dise_weak_iv__emi_age6_13_gross_0508_pooled__absorption__state_fe_main_without_human_capital","structural_iv","medium","pooled_population_scaled_enrollment","administrative_equilibrium","formal_english_exposure","DISE pooled 2005-06 to 2007-08 English-medium gross enrollment ratio, ages 6-13 denominator"
"absorption__region_fe_expanded_without_human_capital","region_fe_expanded_without_human_capital","nonzero_mean","region","ling_distance_nonzero_mean","adult_secondary_plus_share_2001;literacy_share_2001",2,8.63524846410364,0.00373117958535642,295,"estimated",NA,"emi_age6_13_gross_0508_pooled","dise_emi_gross_enrollment_ratio_age_6_13_0508_pooled","dise_weak_iv__emi_age6_13_gross_0508_pooled__absorption__region_fe_expanded_without_human_capital","structural_iv","medium","pooled_population_scaled_enrollment","administrative_equilibrium","formal_english_exposure","DISE pooled 2005-06 to 2007-08 English-medium gross enrollment ratio, ages 6-13 denominator"
"absorption__state_fe_expanded_without_human_capital","state_fe_expanded_without_human_capital","nonzero_mean","state","ling_distance_nonzero_mean","adult_secondary_plus_share_2001;literacy_share_2001",2,1.92552816203341,0.190326019202452,295,"estimated",NA,"emi_age6_13_gross_0508_pooled","dise_emi_gross_enrollment_ratio_age_6_13_0508_pooled","dise_weak_iv__emi_age6_13_gross_0508_pooled__absorption__state_fe_expanded_without_human_capital","structural_iv","medium","pooled_population_scaled_enrollment","administrative_equilibrium","formal_english_exposure","DISE pooled 2005-06 to 2007-08 English-medium gross enrollment ratio, ages 6-13 denominator"
"absorption__region_fe_plus_basic_scale_geography","region_fe_plus_basic_scale_geography","nonzero_mean","region","ling_distance_nonzero_mean","adult_secondary_plus_share_2001;sc_share_2001;st_share_2001;muslim_share_2001;dependency_ratio_2001;electricity_access_share_2001;literacy_share_2001;worker_share_2001;cultivator_share_workers_2001;agricultural_labourer_share_workers_2001",10,2.8204178472129,0.107831338594466,295,"estimated",NA,"emi_age6_13_gross_0508_pooled","dise_emi_gross_enrollment_ratio_age_6_13_0508_pooled","dise_weak_iv__emi_age6_13_gross_0508_pooled__absorption__region_fe_plus_basic_scale_geography","structural_iv","medium","pooled_population_scaled_enrollment","administrative_equilibrium","formal_english_exposure","DISE pooled 2005-06 to 2007-08 English-medium gross enrollment ratio, ages 6-13 denominator"
"absorption__region_fe_plus_social_composition","region_fe_plus_social_composition","nonzero_mean","region","ling_distance_nonzero_mean","adult_secondary_plus_share_2001;dependency_ratio_2001;electricity_access_share_2001;literacy_share_2001;worker_share_2001;cultivator_share_workers_2001;agricultural_labourer_share_workers_2001",7,5.55897411252071,0.0120901023803625,295,"estimated",NA,"emi_age6_13_gross_0508_pooled","dise_emi_gross_enrollment_ratio_age_6_13_0508_pooled","dise_weak_iv__emi_age6_13_gross_0508_pooled__absorption__region_fe_plus_social_composition","structural_iv","medium","pooled_population_scaled_enrollment","administrative_equilibrium","formal_english_exposure","DISE pooled 2005-06 to 2007-08 English-medium gross enrollment ratio, ages 6-13 denominator"
"absorption__region_fe_plus_human_capital","region_fe_plus_human_capital","nonzero_mean","region","ling_distance_nonzero_mean","dependency_ratio_2001;electricity_access_share_2001;worker_share_2001;cultivator_share_workers_2001;agricultural_labourer_share_workers_2001",5,6.40920221494969,0.00737890556581753,295,"estimated",NA,"emi_age6_13_gross_0508_pooled","dise_emi_gross_enrollment_ratio_age_6_13_0508_pooled","dise_weak_iv__emi_age6_13_gross_0508_pooled__absorption__region_fe_plus_human_capital","structural_iv","medium","pooled_population_scaled_enrollment","administrative_equilibrium","formal_english_exposure","DISE pooled 2005-06 to 2007-08 English-medium gross enrollment ratio, ages 6-13 denominator"
"absorption__region_fe_plus_demography","region_fe_plus_demography","nonzero_mean","region","ling_distance_nonzero_mean","electricity_access_share_2001;worker_share_2001;cultivator_share_workers_2001;agricultural_labourer_share_workers_2001",4,8.58392507986854,0.0030138861502734,295,"estimated",NA,"emi_age6_13_gross_0508_pooled","dise_emi_gross_enrollment_ratio_age_6_13_0508_pooled","dise_weak_iv__emi_age6_13_gross_0508_pooled__absorption__region_fe_plus_demography","structural_iv","medium","pooled_population_scaled_enrollment","administrative_equilibrium","formal_english_exposure","DISE pooled 2005-06 to 2007-08 English-medium gross enrollment ratio, ages 6-13 denominator"
"absorption__region_fe_plus_economic_structure","region_fe_plus_economic_structure","nonzero_mean","region","ling_distance_nonzero_mean","electricity_access_share_2001",1,3.07638254386743,0.11786200619169,295,"estimated",NA,"emi_age6_13_gross_0508_pooled","dise_emi_gross_enrollment_ratio_age_6_13_0508_pooled","dise_weak_iv__emi_age6_13_gross_0508_pooled__absorption__region_fe_plus_economic_structure","structural_iv","medium","pooled_population_scaled_enrollment","administrative_equilibrium","formal_english_exposure","DISE pooled 2005-06 to 2007-08 English-medium gross enrollment ratio, ages 6-13 denominator"
"absorption__state_fe_plus_basic_scale_geography","state_fe_plus_basic_scale_geography","nonzero_mean","state","ling_distance_nonzero_mean","adult_secondary_plus_share_2001;sc_share_2001;st_share_2001;muslim_share_2001;dependency_ratio_2001;electricity_access_share_2001;literacy_share_2001;worker_share_2001;cultivator_share_workers_2001;agricultural_labourer_share_workers_2001",10,0.538625142834965,0.795653218121744,295,"estimated",NA,"emi_age6_13_gross_0508_pooled","dise_emi_gross_enrollment_ratio_age_6_13_0508_pooled","dise_weak_iv__emi_age6_13_gross_0508_pooled__absorption__state_fe_plus_basic_scale_geography","structural_iv","medium","pooled_population_scaled_enrollment","administrative_equilibrium","formal_english_exposure","DISE pooled 2005-06 to 2007-08 English-medium gross enrollment ratio, ages 6-13 denominator"
"absorption__state_fe_plus_social_composition","state_fe_plus_social_composition","nonzero_mean","state","ling_distance_nonzero_mean","adult_secondary_plus_share_2001;dependency_ratio_2001;electricity_access_share_2001;literacy_share_2001;worker_share_2001;cultivator_share_workers_2001;agricultural_labourer_share_workers_2001",7,1.0455090900764,0.493131747699293,295,"estimated",NA,"emi_age6_13_gross_0508_pooled","dise_emi_gross_enrollment_ratio_age_6_13_0508_pooled","dise_weak_iv__emi_age6_13_gross_0508_pooled__absorption__state_fe_plus_social_composition","structural_iv","medium","pooled_population_scaled_enrollment","administrative_equilibrium","formal_english_exposure","DISE pooled 2005-06 to 2007-08 English-medium gross enrollment ratio, ages 6-13 denominator"
"absorption__state_fe_plus_human_capital","state_fe_plus_human_capital","nonzero_mean","state","ling_distance_nonzero_mean","dependency_ratio_2001;electricity_access_share_2001;worker_share_2001;cultivator_share_workers_2001;agricultural_labourer_share_workers_2001",5,1.89649018323217,0.222400037311743,295,"estimated",NA,"emi_age6_13_gross_0508_pooled","dise_emi_gross_enrollment_ratio_age_6_13_0508_pooled","dise_weak_iv__emi_age6_13_gross_0508_pooled__absorption__state_fe_plus_human_capital","structural_iv","medium","pooled_population_scaled_enrollment","administrative_equilibrium","formal_english_exposure","DISE pooled 2005-06 to 2007-08 English-medium gross enrollment ratio, ages 6-13 denominator"
"absorption__state_fe_plus_demography","state_fe_plus_demography","nonzero_mean","state","ling_distance_nonzero_mean","electricity_access_share_2001;worker_share_2001;cultivator_share_workers_2001;agricultural_labourer_share_workers_2001",4,2.74290443264612,0.110496448733928,295,"estimated",NA,"emi_age6_13_gross_0508_pooled","dise_emi_gross_enrollment_ratio_age_6_13_0508_pooled","dise_weak_iv__emi_age6_13_gross_0508_pooled__absorption__state_fe_plus_demography","structural_iv","medium","pooled_population_scaled_enrollment","administrative_equilibrium","formal_english_exposure","DISE pooled 2005-06 to 2007-08 English-medium gross enrollment ratio, ages 6-13 denominator"
"absorption__state_fe_plus_economic_structure","state_fe_plus_economic_structure","nonzero_mean","state","ling_distance_nonzero_mean","electricity_access_share_2001",1,1.70490187447969,0.228430123738478,295,"estimated",NA,"emi_age6_13_gross_0508_pooled","dise_emi_gross_enrollment_ratio_age_6_13_0508_pooled","dise_weak_iv__emi_age6_13_gross_0508_pooled__absorption__state_fe_plus_economic_structure","structural_iv","medium","pooled_population_scaled_enrollment","administrative_equilibrium","formal_english_exposure","DISE pooled 2005-06 to 2007-08 English-medium gross enrollment ratio, ages 6-13 denominator"
"absorption__region_main_without_basic_scale_geography","region_main_without_basic_scale_geography","nonzero_mean","region","ling_distance_nonzero_mean","log_population_2001;urban_share_2001;log_population_density_2001;literacy_share_2001;worker_share_2001;cultivator_share_workers_2001;agricultural_labourer_share_workers_2001",7,5.21013947045477,0.0109302444712445,295,"estimated",NA,"emi_age6_13_gross_0508_pooled","dise_emi_gross_enrollment_ratio_age_6_13_0508_pooled","dise_weak_iv__emi_age6_13_gross_0508_pooled__absorption__region_main_without_basic_scale_geography","structural_iv","medium","pooled_population_scaled_enrollment","administrative_equilibrium","formal_english_exposure","DISE pooled 2005-06 to 2007-08 English-medium gross enrollment ratio, ages 6-13 denominator"
"absorption__region_block_only_social_composition","region_block_only_social_composition","nonzero_mean","region","ling_distance_nonzero_mean","log_population_2001;urban_share_2001;adult_secondary_plus_share_2001;dependency_ratio_2001;electricity_access_share_2001;log_population_density_2001;literacy_share_2001;worker_share_2001;cultivator_share_workers_2001;agricultural_labourer_share_workers_2001",10,2.89250658292631,0.104848421164005,295,"estimated",NA,"emi_age6_13_gross_0508_pooled","dise_emi_gross_enrollment_ratio_age_6_13_0508_pooled","dise_weak_iv__emi_age6_13_gross_0508_pooled__absorption__region_block_only_social_composition","structural_iv","medium","pooled_population_scaled_enrollment","administrative_equilibrium","formal_english_exposure","DISE pooled 2005-06 to 2007-08 English-medium gross enrollment ratio, ages 6-13 denominator"
"absorption__region_main_without_social_composition","region_main_without_social_composition","nonzero_mean","region","ling_distance_nonzero_mean","sc_share_2001;st_share_2001;muslim_share_2001;literacy_share_2001;worker_share_2001;cultivator_share_workers_2001;agricultural_labourer_share_workers_2001",7,5.14679653563021,0.0121882680099722,295,"estimated",NA,"emi_age6_13_gross_0508_pooled","dise_emi_gross_enrollment_ratio_age_6_13_0508_pooled","dise_weak_iv__emi_age6_13_gross_0508_pooled__absorption__region_main_without_social_composition","structural_iv","medium","pooled_population_scaled_enrollment","administrative_equilibrium","formal_english_exposure","DISE pooled 2005-06 to 2007-08 English-medium gross enrollment ratio, ages 6-13 denominator"
"absorption__region_block_only_human_capital","region_block_only_human_capital","nonzero_mean","region","ling_distance_nonzero_mean","log_population_2001;urban_share_2001;sc_share_2001;st_share_2001;muslim_share_2001;dependency_ratio_2001;electricity_access_share_2001;log_population_density_2001;literacy_share_2001;worker_share_2001;cultivator_share_workers_2001;agricultural_labourer_share_workers_2001",12,1.77205407145989,0.29797038545885,295,"estimated",NA,"emi_age6_13_gross_0508_pooled","dise_emi_gross_enrollment_ratio_age_6_13_0508_pooled","dise_weak_iv__emi_age6_13_gross_0508_pooled__absorption__region_block_only_human_capital","structural_iv","medium","pooled_population_scaled_enrollment","administrative_equilibrium","formal_english_exposure","DISE pooled 2005-06 to 2007-08 English-medium gross enrollment ratio, ages 6-13 denominator"
"absorption__region_block_only_demography","region_block_only_demography","nonzero_mean","region","ling_distance_nonzero_mean","log_population_2001;urban_share_2001;adult_secondary_plus_share_2001;sc_share_2001;st_share_2001;muslim_share_2001;electricity_access_share_2001;log_population_density_2001;literacy_share_2001;worker_share_2001;cultivator_share_workers_2001;agricultural_labourer_share_workers_2001",12,1.65746231248174,0.322581018994008,295,"estimated",NA,"emi_age6_13_gross_0508_pooled","dise_emi_gross_enrollment_ratio_age_6_13_0508_pooled","dise_weak_iv__emi_age6_13_gross_0508_pooled__absorption__region_block_only_demography","structural_iv","medium","pooled_population_scaled_enrollment","administrative_equilibrium","formal_english_exposure","DISE pooled 2005-06 to 2007-08 English-medium gross enrollment ratio, ages 6-13 denominator"
"absorption__region_main_without_demography","region_main_without_demography","nonzero_mean","region","ling_distance_nonzero_mean","dependency_ratio_2001;literacy_share_2001;worker_share_2001;cultivator_share_workers_2001;agricultural_labourer_share_workers_2001",5,8.48168176736474,0.00159467580576952,295,"estimated",NA,"emi_age6_13_gross_0508_pooled","dise_emi_gross_enrollment_ratio_age_6_13_0508_pooled","dise_weak_iv__emi_age6_13_gross_0508_pooled__absorption__region_main_without_demography","structural_iv","medium","pooled_population_scaled_enrollment","administrative_equilibrium","formal_english_exposure","DISE pooled 2005-06 to 2007-08 English-medium gross enrollment ratio, ages 6-13 denominator"
"absorption__region_block_only_economic_structure","region_block_only_economic_structure","nonzero_mean","region","ling_distance_nonzero_mean","log_population_2001;urban_share_2001;adult_secondary_plus_share_2001;sc_share_2001;st_share_2001;muslim_share_2001;dependency_ratio_2001;electricity_access_share_2001;log_population_density_2001;literacy_share_2001;worker_share_2001;cultivator_share_workers_2001;agricultural_labourer_share_workers_2001",13,1.29659349336155,0.45602002071089,295,"estimated",NA,"emi_age6_13_gross_0508_pooled","dise_emi_gross_enrollment_ratio_age_6_13_0508_pooled","dise_weak_iv__emi_age6_13_gross_0508_pooled__absorption__region_block_only_economic_structure","structural_iv","medium","pooled_population_scaled_enrollment","administrative_equilibrium","formal_english_exposure","DISE pooled 2005-06 to 2007-08 English-medium gross enrollment ratio, ages 6-13 denominator"
"absorption__region_main_without_economic_structure","region_main_without_economic_structure","nonzero_mean","region","ling_distance_nonzero_mean","literacy_share_2001;worker_share_2001;cultivator_share_workers_2001;agricultural_labourer_share_workers_2001",4,11.1184805160044,0.000472402807092363,295,"estimated",NA,"emi_age6_13_gross_0508_pooled","dise_emi_gross_enrollment_ratio_age_6_13_0508_pooled","dise_weak_iv__emi_age6_13_gross_0508_pooled__absorption__region_main_without_economic_structure","structural_iv","medium","pooled_population_scaled_enrollment","administrative_equilibrium","formal_english_exposure","DISE pooled 2005-06 to 2007-08 English-medium gross enrollment ratio, ages 6-13 denominator"
"absorption__region_block_only_basic_development","region_block_only_basic_development","nonzero_mean","region","ling_distance_nonzero_mean","log_population_2001;urban_share_2001;adult_secondary_plus_share_2001;sc_share_2001;st_share_2001;muslim_share_2001;dependency_ratio_2001;log_population_density_2001;literacy_share_2001;worker_share_2001;cultivator_share_workers_2001;agricultural_labourer_share_workers_2001",12,1.69297280203929,0.295772573740454,295,"estimated",NA,"emi_age6_13_gross_0508_pooled","dise_emi_gross_enrollment_ratio_age_6_13_0508_pooled","dise_weak_iv__emi_age6_13_gross_0508_pooled__absorption__region_block_only_basic_development","structural_iv","medium","pooled_population_scaled_enrollment","administrative_equilibrium","formal_english_exposure","DISE pooled 2005-06 to 2007-08 English-medium gross enrollment ratio, ages 6-13 denominator"
"absorption__region_main_without_basic_development","region_main_without_basic_development","nonzero_mean","region","ling_distance_nonzero_mean","electricity_access_share_2001;literacy_share_2001;worker_share_2001;cultivator_share_workers_2001;agricultural_labourer_share_workers_2001",5,8.17073963975821,0.00283254397967384,295,"estimated",NA,"emi_age6_13_gross_0508_pooled","dise_emi_gross_enrollment_ratio_age_6_13_0508_pooled","dise_weak_iv__emi_age6_13_gross_0508_pooled__absorption__region_main_without_basic_development","structural_iv","medium","pooled_population_scaled_enrollment","administrative_equilibrium","formal_english_exposure","DISE pooled 2005-06 to 2007-08 English-medium gross enrollment ratio, ages 6-13 denominator"
"absorption__state_main_without_basic_scale_geography","state_main_without_basic_scale_geography","nonzero_mean","state","ling_distance_nonzero_mean","log_population_2001;urban_share_2001;log_population_density_2001;literacy_share_2001;worker_share_2001;cultivator_share_workers_2001;agricultural_labourer_share_workers_2001",7,1.20172034630071,0.419702194031794,295,"estimated",NA,"emi_age6_13_gross_0508_pooled","dise_emi_gross_enrollment_ratio_age_6_13_0508_pooled","dise_weak_iv__emi_age6_13_gross_0508_pooled__absorption__state_main_without_basic_scale_geography","structural_iv","medium","pooled_population_scaled_enrollment","administrative_equilibrium","formal_english_exposure","DISE pooled 2005-06 to 2007-08 English-medium gross enrollment ratio, ages 6-13 denominator"
"absorption__state_block_only_social_composition","state_block_only_social_composition","nonzero_mean","state","ling_distance_nonzero_mean","log_population_2001;urban_share_2001;adult_secondary_plus_share_2001;dependency_ratio_2001;electricity_access_share_2001;log_population_density_2001;literacy_share_2001;worker_share_2001;cultivator_share_workers_2001;agricultural_labourer_share_workers_2001",10,0.695923160753385,0.711412002763014,295,"estimated",NA,"emi_age6_13_gross_0508_pooled","dise_emi_gross_enrollment_ratio_age_6_13_0508_pooled","dise_weak_iv__emi_age6_13_gross_0508_pooled__absorption__state_block_only_social_composition","structural_iv","medium","pooled_population_scaled_enrollment","administrative_equilibrium","formal_english_exposure","DISE pooled 2005-06 to 2007-08 English-medium gross enrollment ratio, ages 6-13 denominator"
"absorption__state_main_without_social_composition","state_main_without_social_composition","nonzero_mean","state","ling_distance_nonzero_mean","sc_share_2001;st_share_2001;muslim_share_2001;literacy_share_2001;worker_share_2001;cultivator_share_workers_2001;agricultural_labourer_share_workers_2001",7,1.44150704685266,0.347564532833125,295,"estimated",NA,"emi_age6_13_gross_0508_pooled","dise_emi_gross_enrollment_ratio_age_6_13_0508_pooled","dise_weak_iv__emi_age6_13_gross_0508_pooled__absorption__state_main_without_social_composition","structural_iv","medium","pooled_population_scaled_enrollment","administrative_equilibrium","formal_english_exposure","DISE pooled 2005-06 to 2007-08 English-medium gross enrollment ratio, ages 6-13 denominator"
"absorption__state_block_only_human_capital","state_block_only_human_capital","nonzero_mean","state","ling_distance_nonzero_mean","log_population_2001;urban_share_2001;sc_share_2001;st_share_2001;muslim_share_2001;dependency_ratio_2001;electricity_access_share_2001;log_population_density_2001;literacy_share_2001;worker_share_2001;cultivator_share_workers_2001;agricultural_labourer_share_workers_2001",12,0.168857584881264,0.958128163236856,295,"estimated",NA,"emi_age6_13_gross_0508_pooled","dise_emi_gross_enrollment_ratio_age_6_13_0508_pooled","dise_weak_iv__emi_age6_13_gross_0508_pooled__absorption__state_block_only_human_capital","structural_iv","medium","pooled_population_scaled_enrollment","administrative_equilibrium","formal_english_exposure","DISE pooled 2005-06 to 2007-08 English-medium gross enrollment ratio, ages 6-13 denominator"
"absorption__state_block_only_demography","state_block_only_demography","nonzero_mean","state","ling_distance_nonzero_mean","log_population_2001;urban_share_2001;adult_secondary_plus_share_2001;sc_share_2001;st_share_2001;muslim_share_2001;electricity_access_share_2001;log_population_density_2001;literacy_share_2001;worker_share_2001;cultivator_share_workers_2001;agricultural_labourer_share_workers_2001",12,0.207754513279829,0.944098948499275,295,"estimated",NA,"emi_age6_13_gross_0508_pooled","dise_emi_gross_enrollment_ratio_age_6_13_0508_pooled","dise_weak_iv__emi_age6_13_gross_0508_pooled__absorption__state_block_only_demography","structural_iv","medium","pooled_population_scaled_enrollment","administrative_equilibrium","formal_english_exposure","DISE pooled 2005-06 to 2007-08 English-medium gross enrollment ratio, ages 6-13 denominator"
"absorption__state_main_without_demography","state_main_without_demography","nonzero_mean","state","ling_distance_nonzero_mean","dependency_ratio_2001;literacy_share_2001;worker_share_2001;cultivator_share_workers_2001;agricultural_labourer_share_workers_2001",5,1.49688698460908,0.303046229900632,295,"estimated",NA,"emi_age6_13_gross_0508_pooled","dise_emi_gross_enrollment_ratio_age_6_13_0508_pooled","dise_weak_iv__emi_age6_13_gross_0508_pooled__absorption__state_main_without_demography","structural_iv","medium","pooled_population_scaled_enrollment","administrative_equilibrium","formal_english_exposure","DISE pooled 2005-06 to 2007-08 English-medium gross enrollment ratio, ages 6-13 denominator"
"absorption__state_block_only_economic_structure","state_block_only_economic_structure","nonzero_mean","state","ling_distance_nonzero_mean","log_population_2001;urban_share_2001;adult_secondary_plus_share_2001;sc_share_2001;st_share_2001;muslim_share_2001;dependency_ratio_2001;electricity_access_share_2001;log_population_density_2001;literacy_share_2001;worker_share_2001;cultivator_share_workers_2001;agricultural_labourer_share_workers_2001",13,0,NA,295,"estimated",NA,"emi_age6_13_gross_0508_pooled","dise_emi_gross_enrollment_ratio_age_6_13_0508_pooled","dise_weak_iv__emi_age6_13_gross_0508_pooled__absorption__state_block_only_economic_structure","structural_iv","medium","pooled_population_scaled_enrollment","administrative_equilibrium","formal_english_exposure","DISE pooled 2005-06 to 2007-08 English-medium gross enrollment ratio, ages 6-13 denominator"
"absorption__state_main_without_economic_structure","state_main_without_economic_structure","nonzero_mean","state","ling_distance_nonzero_mean","literacy_share_2001;worker_share_2001;cultivator_share_workers_2001;agricultural_labourer_share_workers_2001",4,1.37507023234666,0.32264301889547,295,"estimated",NA,"emi_age6_13_gross_0508_pooled","dise_emi_gross_enrollment_ratio_age_6_13_0508_pooled","dise_weak_iv__emi_age6_13_gross_0508_pooled__absorption__state_main_without_economic_structure","structural_iv","medium","pooled_population_scaled_enrollment","administrative_equilibrium","formal_english_exposure","DISE pooled 2005-06 to 2007-08 English-medium gross enrollment ratio, ages 6-13 denominator"
"absorption__state_block_only_basic_development","state_block_only_basic_development","nonzero_mean","state","ling_distance_nonzero_mean","log_population_2001;urban_share_2001;adult_secondary_plus_share_2001;sc_share_2001;st_share_2001;muslim_share_2001;dependency_ratio_2001;log_population_density_2001;literacy_share_2001;worker_share_2001;cultivator_share_workers_2001;agricultural_labourer_share_workers_2001",12,0.189789352834945,0.950071788253169,295,"estimated",NA,"emi_age6_13_gross_0508_pooled","dise_emi_gross_enrollment_ratio_age_6_13_0508_pooled","dise_weak_iv__emi_age6_13_gross_0508_pooled__absorption__state_block_only_basic_development","structural_iv","medium","pooled_population_scaled_enrollment","administrative_equilibrium","formal_english_exposure","DISE pooled 2005-06 to 2007-08 English-medium gross enrollment ratio, ages 6-13 denominator"
"absorption__state_main_without_basic_development","state_main_without_basic_development","nonzero_mean","state","ling_distance_nonzero_mean","electricity_access_share_2001;literacy_share_2001;worker_share_2001;cultivator_share_workers_2001;agricultural_labourer_share_workers_2001",5,1.95873440716624,0.202691021339063,295,"estimated",NA,"emi_age6_13_gross_0508_pooled","dise_emi_gross_enrollment_ratio_age_6_13_0508_pooled","dise_weak_iv__emi_age6_13_gross_0508_pooled__absorption__state_main_without_basic_development","structural_iv","medium","pooled_population_scaled_enrollment","administrative_equilibrium","formal_english_exposure","DISE pooled 2005-06 to 2007-08 English-medium gross enrollment ratio, ages 6-13 denominator"
"absorption__region_main_literacy","region_main_literacy","nonzero_mean","region","ling_distance_nonzero_mean","adult_secondary_plus_share_2001;worker_share_2001;cultivator_share_workers_2001;agricultural_labourer_share_workers_2001",4,9.46142843992505,0.00104158466253619,295,"estimated",NA,"emi_age6_13_gross_0508_pooled","dise_emi_gross_enrollment_ratio_age_6_13_0508_pooled","dise_weak_iv__emi_age6_13_gross_0508_pooled__absorption__region_main_literacy","structural_iv","medium","pooled_population_scaled_enrollment","administrative_equilibrium","formal_english_exposure","DISE pooled 2005-06 to 2007-08 English-medium gross enrollment ratio, ages 6-13 denominator"
"absorption__region_main_decomposed_economic","region_main_decomposed_economic","nonzero_mean","region","ling_distance_nonzero_mean","literacy_share_2001",1,5.9848980268621,0.0285447655733038,295,"estimated",NA,"emi_age6_13_gross_0508_pooled","dise_emi_gross_enrollment_ratio_age_6_13_0508_pooled","dise_weak_iv__emi_age6_13_gross_0508_pooled__absorption__region_main_decomposed_economic","structural_iv","medium","pooled_population_scaled_enrollment","administrative_equilibrium","formal_english_exposure","DISE pooled 2005-06 to 2007-08 English-medium gross enrollment ratio, ages 6-13 denominator"
"absorption__region_main_literacy_decomposed_economic","region_main_literacy_decomposed_economic","nonzero_mean","region","ling_distance_nonzero_mean","adult_secondary_plus_share_2001",1,8.9195919028894,0.00914286097659276,295,"estimated",NA,"emi_age6_13_gross_0508_pooled","dise_emi_gross_enrollment_ratio_age_6_13_0508_pooled","dise_weak_iv__emi_age6_13_gross_0508_pooled__absorption__region_main_literacy_decomposed_economic","structural_iv","medium","pooled_population_scaled_enrollment","administrative_equilibrium","formal_english_exposure","DISE pooled 2005-06 to 2007-08 English-medium gross enrollment ratio, ages 6-13 denominator"
"absorption__state_main_literacy","state_main_literacy","nonzero_mean","state","ling_distance_nonzero_mean","adult_secondary_plus_share_2001;worker_share_2001;cultivator_share_workers_2001;agricultural_labourer_share_workers_2001",4,0.925601703876397,0.492691658666843,295,"estimated",NA,"emi_age6_13_gross_0508_pooled","dise_emi_gross_enrollment_ratio_age_6_13_0508_pooled","dise_weak_iv__emi_age6_13_gross_0508_pooled__absorption__state_main_literacy","structural_iv","medium","pooled_population_scaled_enrollment","administrative_equilibrium","formal_english_exposure","DISE pooled 2005-06 to 2007-08 English-medium gross enrollment ratio, ages 6-13 denominator"
"absorption__state_main_decomposed_economic","state_main_decomposed_economic","nonzero_mean","state","ling_distance_nonzero_mean","literacy_share_2001",1,2.3807928599708,0.148740659740417,295,"estimated",NA,"emi_age6_13_gross_0508_pooled","dise_emi_gross_enrollment_ratio_age_6_13_0508_pooled","dise_weak_iv__emi_age6_13_gross_0508_pooled__absorption__state_main_decomposed_economic","structural_iv","medium","pooled_population_scaled_enrollment","administrative_equilibrium","formal_english_exposure","DISE pooled 2005-06 to 2007-08 English-medium gross enrollment ratio, ages 6-13 denominator"
"absorption__state_main_literacy_decomposed_economic","state_main_literacy_decomposed_economic","nonzero_mean","state","ling_distance_nonzero_mean","adult_secondary_plus_share_2001",1,1.74211027315304,0.214602561415451,295,"estimated",NA,"emi_age6_13_gross_0508_pooled","dise_emi_gross_enrollment_ratio_age_6_13_0508_pooled","dise_weak_iv__emi_age6_13_gross_0508_pooled__absorption__state_main_literacy_decomposed_economic","structural_iv","medium","pooled_population_scaled_enrollment","administrative_equilibrium","formal_english_exposure","DISE pooled 2005-06 to 2007-08 English-medium gross enrollment ratio, ages 6-13 denominator"
