"missing_var","n_sig","pseudoR2"
"dmean_num_ENROLLMENT_COST",9,0.309763573221541
"DIST_FROM_NEAREST_PRIMARY_CLASS",3,0.246180996511041
"EXAMINATION_FEE",37,0.164062605351029
"UNIFORM",34,0.161069194970252
"TRANSPORT",38,0.151486574234617
"OTHER_FEES_PAYMENTS",39,0.1337742030321
"TUTION_FEE",20,0.0558157820136983
"STATIONERY",3,0.0389039825287901
"BOOKS",4,0.0271347149034037
"father_educ",11,0.023000722946253
