"target_unit_2001","census_2011_source_district_count","census_2011_source_districts","census_2011_parent_reconstruction_complete","households_total","households_no_literate","households_1_literate","households_2_literates","households_3_literates","households_4_plus_literates","households_age15_plus","households_with_matriculate","households_with_female_matriculate","households_with_graduate","households_with_female_graduate","households_no_workers","households_1_worker","households_2_workers","households_3_workers","households_4_plus_workers","workers_total","main_workers","marginal_workers_3_6_months","marginal_workers_lt3_months","census_year","no_literate_share_households","two_plus_literate_share_households","four_plus_literate_share_households","matriculate_access_share_households_age15_plus","female_matriculate_access_share_households_age15_plus","graduate_access_share_households_age15_plus","female_graduate_access_share_households_age15_plus","workerless_share_households","two_plus_worker_share_households","four_plus_worker_share_households","workers_per_household","marginal_worker_share_workers","short_marginal_share_marginal_workers"
"pc2001__01__01",1,"Kupwara",TRUE,112761,10598,16407,18182,17025,50549,111642,56615,27885,13509,4513,9307,58374,26355,9516,9209,191862,87227,74665,29970,2011,0.0939863960057112,0.760511169641986,0.44828442457942,0.507112018774296,0.249771591336594,0.121002848390391,0.0404238548216621,0.0825374021159798,0.399783613128653,0.0816683073048306,1.70149253731343,0.545365940102782,0.286424236632102
"pc2001__01__06",2,"Anantnag;Kulgam",TRUE,226767,23553,29547,39352,37083,97232,226175,117722,65985,37782,16077,5562,63650,83546,32129,41880,533882,239450,183831,110601,2011,0.103864318882377,0.765838944820013,0.428774909929575,0.520490770421134,0.291743119266055,0.167047640101691,0.0710821266718249,0.0245273783222427,0.694788042351841,0.184682956514837,2.35431963204523,0.551492651934323,0.3756419139224
"pc2001__01__07",1,"Leh(Ladakh)",TRUE,21435,1890,3027,3844,4149,8525,21381,12305,9229,3807,2202,1697,6085,6602,2915,4136,57104,40543,14863,1698,2011,0.0881735479356193,0.770608817354794,0.397714019127595,0.575510967681586,0.431644918385482,0.178055282727655,0.102988634769188,0.0791695824585958,0.636948915325402,0.192955446699324,2.6640541170982,0.290014710002802,0.102530040456494
"pc2001__01__08",1,"Kargil",TRUE,18017,1037,1734,2472,2621,10153,17875,10893,6297,2031,609,1255,6370,4757,2313,3322,41135,19085,14677,7373,2011,0.0575567519564855,0.846200810345785,0.563523339068657,0.609398601398601,0.35227972027972,0.113622377622378,0.0340699300699301,0.0696564355886108,0.576788588555253,0.184381417550092,2.28312149636454,0.53603986872493,0.33437641723356
"pc2001__01__11",1,"Punch",TRUE,89907,9689,15849,20099,15153,29117,89654,39676,21190,9202,3771,7661,43710,24983,7124,6429,145788,57777,61296,26715,2011,0.107766914700746,0.715950927069082,0.323856874325692,0.442545787137216,0.236353090771187,0.102639034510451,0.04206170388382,0.0852102728374876,0.428620685819792,0.0715072241316027,1.62154226033568,0.603691661865174,0.303541602754201
"pc2001__02__01",1,"Chamba",TRUE,102231,6120,11852,20558,21999,41702,102056,56191,32681,11130,5664,3770,19911,29748,15818,32984,291196,116920,113433,60843,2011,0.0598644246852716,0.824202052215082,0.407919319971437,0.550589872227013,0.320226150348828,0.109057772203496,0.0554989417574665,0.0368772681476265,0.768357934481713,0.322641860101143,2.84841192984515,0.598483495652413,0.349118639399573
"pc2001__02__02",1,"Kangra",TRUE,338143,13015,26985,61100,74840,162203,337643,255388,185978,61850,38894,34948,110227,100333,44378,48257,668922,308004,238533,122385,2011,0.0384896330842277,0.881706851834875,0.479687587795696,0.756384702185444,0.550812544610728,0.183181644518026,0.115192673918903,0.10335272355187,0.570669805378198,0.142711811275111,1.9782222314228,0.539551696610367,0.339093644539757
"pc2001__02__04",1,"Kullu",TRUE,94609,5602,10142,17902,19064,41899,94502,56073,34579,15569,7800,2602,18214,29871,14058,29864,267500,192370,43709,31421,2011,0.0592121256962868,0.833588770624359,0.442864843725227,0.593352521639754,0.365907599839157,0.164747836024634,0.0825379357050644,0.0275026688792821,0.779978648965743,0.315657072794343,2.82742656618292,0.280859813084112,0.418221748968455
"pc2001__02__06",1,"Hamirpur",TRUE,105438,5005,8535,18002,23392,50504,105342,82626,61818,23841,15269,9467,24649,33319,16519,21484,241727,125998,78695,37034,2011,0.0474686545647679,0.87158330013847,0.478992393634174,0.784359514723472,0.586831463234038,0.226319986330239,0.144946934745875,0.0897873631897418,0.676435440732943,0.203759555378516,2.29259849390163,0.478759096004997,0.320006221431102
"pc2001__02__09",1,"Solan",TRUE,122134,4371,11817,23538,24009,58399,121931,87769,56823,25377,15082,4856,36534,36473,17383,26888,295258,215877,57932,21449,2011,0.035788560106113,0.867457055365418,0.478155141074557,0.719825147009374,0.466025867088763,0.208125907275426,0.123692908284194,0.0397596082990813,0.661109928439255,0.220151636726874,2.41749226259682,0.26885300313624,0.270203197238634
"pc2001__02__10",1,"Sirmaur",TRUE,97925,4312,8344,16603,17806,50860,97775,59626,38768,16458,9486,3289,25678,25049,13747,30162,278979,192906,57926,28147,2011,0.0440336992596375,0.870758233341843,0.51937707429155,0.609828688315009,0.396502173357198,0.168325236512401,0.0970186653029916,0.0335869287720194,0.704191983660965,0.308011233086546,2.84890477406178,0.308528598926801,0.327013116772972
"pc2001__02__12",1,"Kinnaur",TRUE,19750,1646,3813,4264,3557,6470,19733,11587,6647,3341,1513,498,5432,6268,2928,4624,50036,40630,5871,3535,2011,0.0833417721518987,0.723594936708861,0.327594936708861,0.587188972786702,0.33684690619774,0.169310292403588,0.0766735924593321,0.0252151898734177,0.699746835443038,0.234126582278481,2.53346835443038,0.187984651051243,0.375823942164576
"pc2001__03__03",1,"Kapurthala",TRUE,167418,9141,15545,28728,33677,80327,167068,112517,84412,30690,21904,13981,77465,44229,20049,11694,279955,244334,30662,4959,2011,0.0545998638139268,0.852548710413456,0.479799065811323,0.67348025953504,0.50525534512893,0.183697656044245,0.131108291234707,0.0835095389981961,0.453786331218865,0.0698491201662904,1.67219175954796,0.127238306156347,0.13921563122877
"pc2001__03__04",1,"Jalandhar",TRUE,460150,21395,39102,79041,91035,229577,459262,322613,250434,107877,79244,38024,214307,122634,54515,30670,763379,678963,70239,14177,2011,0.04649570792133,0.868527654025861,0.498917744213843,0.702459598224978,0.545296584520383,0.234892065966703,0.172546389642513,0.0826339237205259,0.45163316309899,0.0666521786374008,1.65897859393676,0.110582030682007,0.167942096285064
"pc2001__03__08",1,"Fatehgarh Sahib",TRUE,117717,5955,9211,18143,23220,61188,117460,79129,56954,20988,14464,6028,52619,32982,16113,9975,213814,192001,17341,4472,2011,0.0505874257753765,0.871165592055523,0.519788985448151,0.673667631534139,0.484879959135025,0.178682104546229,0.123139792269709,0.0512075571072997,0.501796681872627,0.0847371237799128,1.81633918635371,0.102018576893936,0.205015357814148
"pc2001__03__10",1,"Moga",TRUE,192920,16733,19765,32638,38916,84868,192442,111007,79218,24554,17774,11429,81721,54894,26078,18798,358192,304147,43172,10873,2011,0.0867354343769438,0.810812772133527,0.439912917271408,0.576833539456044,0.411646106359319,0.127591689963729,0.0923602955695742,0.0592421729214182,0.517157370930956,0.0974393530997305,1.8566867095169,0.150882766784294,0.201184198353224
"pc2001__03__12",1,"Muktsar",TRUE,174116,18925,20430,31371,35395,67995,173756,91688,61169,24283,16254,5729,70660,55231,25956,16540,334842,286813,35397,12632,2011,0.108691906545062,0.773972524064417,0.390515518390039,0.527682497295057,0.352039641796542,0.139753447362969,0.0935449711089113,0.0329033517884629,0.561275241792828,0.0949941418364768,1.92309724551448,0.14343780051487,0.26300776614129
"pc2001__03__13",1,"Faridkot",TRUE,120616,10676,12958,21708,24878,50396,120392,70241,49037,19212,13398,5292,53374,35659,16258,10033,220954,189903,24168,6883,2011,0.0885123035086556,0.804055846653844,0.417821847847715,0.583435776463552,0.407311117017742,0.159578709548807,0.111286464216891,0.0438747761491013,0.513613450951781,0.0831813358095112,1.83187968428733,0.140531513346669,0.221667579143989
"pc2001__03__14",1,"Bathinda",TRUE,272997,24421,30463,52479,58135,107499,272281,158961,108918,46975,32873,11766,107781,82157,39623,31670,539696,442894,76077,20725,2011,0.0894551954783386,0.79895749770144,0.393773557951186,0.583812311545793,0.400020566987781,0.172523973395132,0.120731890950893,0.0430993747184035,0.562094088946032,0.116008600827115,1.97693014941556,0.17936393821707,0.214096816181484
"pc2001__03__15",1,"Mansa",TRUE,149132,16531,19331,30393,32064,50813,148797,75925,46748,16423,10599,5814,46896,49814,22911,23697,327276,246263,59447,21566,2011,0.110848107716654,0.759528471421291,0.340724995306172,0.510258943392676,0.314173000799747,0.110371848894803,0.0712312748240892,0.0389855966526299,0.646554730037819,0.15889949843092,2.19453906606228,0.247537246849754,0.266204189451076
"pc2001__04__01",1,"Chandigarh",TRUE,240524,8485,26480,51225,47397,106937,240377,178807,129447,95542,69298,11800,123866,66081,24220,14557,397256,379232,15022,3002,2011,0.035277144900301,0.854629891403768,0.444600123064642,0.743860685506517,0.538516580205261,0.397467311764437,0.288288812989596,0.0490595533086095,0.435956494985947,0.0605220269079177,1.65162728043771,0.0453712467527237,0.166555703506436
"pc2001__05__08",1,"Bageshwar",TRUE,57972,3040,7647,11846,12533,22906,57914,32301,17165,8460,3953,4174,15304,21119,8921,8454,123441,77956,35538,9947,2011,0.0524391085351549,0.815652383909474,0.39512178292969,0.557740788065062,0.296387747349518,0.146078668370342,0.0682563801498774,0.0720002759953081,0.664010211826399,0.145829020906645,2.12932105154212,0.368475628032825,0.21868747938881
"pc2001__05__09",1,"Almora",TRUE,140224,9269,21672,26478,26996,55809,140104,79360,46470,25365,13926,11075,42073,44701,21041,21334,296385,199510,68063,28812,2011,0.0661013806481059,0.779345903696942,0.397998916020082,0.566436361559984,0.331682178952778,0.181044081539428,0.0993975903614458,0.0789807736193519,0.620977863989046,0.152142286627111,2.11365386809676,0.326855272702735,0.297414193548387
"pc2001__05__13",1,"Hardwar",TRUE,336008,26306,36687,59107,53613,160295,335061,172306,112003,77736,51019,12897,181317,81602,35797,24395,566066,484130,69414,12522,2011,0.0782898026237471,0.812525297016738,0.477057093878717,0.514252628625832,0.334276445184608,0.232005515413611,0.152267796013263,0.0383830146901264,0.421995904859408,0.0726024380371896,1.68468012666365,0.144746372331142,0.152826596367897
"pc2001__06__01",1,"Panchkula",TRUE,116521,5567,9738,22679,23148,55389,116313,83569,62805,43181,32279,6660,54783,32574,13081,9423,203111,174614,22649,5848,2011,0.0477767955990766,0.868650286214502,0.475356373529235,0.718483746442788,0.539965438085167,0.371248269754886,0.277518420125008,0.0571570789814712,0.472687326747968,0.0808695428291896,1.74312784819904,0.140302593163344,0.205214583991297
"pc2001__06__02",1,"Ambala",TRUE,222912,9529,15607,36716,44204,116856,222399,153695,109779,57800,39072,15861,110710,57686,25979,12676,361936,309486,44851,7599,2011,0.0427478107952914,0.887238013207005,0.52422480620155,0.691077747651743,0.493612830992945,0.259893254915715,0.175684243184547,0.0711536391042205,0.432192973011771,0.0568654895205283,1.62367212173414,0.144915123115689,0.144880838894185
"pc2001__06__03",1,"Yamunanagar",TRUE,235174,12753,18967,38944,45414,119096,234748,144650,98882,49928,32962,12001,121547,60447,27294,13885,388406,338308,40601,9497,2011,0.0542279333599803,0.865121144344188,0.506416525636337,0.616192683217748,0.421226165931126,0.21268764803108,0.14041440182664,0.0510303009686445,0.432131102928045,0.0590413906299166,1.65156862578346,0.128983589336931,0.189568445846142
"pc2001__06__04",1,"Kurukshetra",TRUE,187774,12147,15909,32103,38214,89401,187439,117033,78222,39754,24851,10290,83188,55262,23587,15447,335916,285125,39135,11656,2011,0.0646894671253741,0.8505863431572,0.4761095785359,0.624379131344064,0.417319768031199,0.212090333388462,0.132581799945582,0.0547999190516259,0.502178150329652,0.0822637851885778,1.78893776561185,0.151201490848903,0.229489476482054
"pc2001__06__05",1,"Kaithal",TRUE,204004,14200,21250,40663,44948,82943,203586,115268,64723,30960,15446,9415,90088,61129,24791,18581,373307,290318,64462,18527,2011,0.069606478304347,0.826228897472599,0.406575361267426,0.566188244771252,0.317914787853782,0.15207332527777,0.0758696570491095,0.0461510558616498,0.512249759808631,0.0910815474206388,1.82990039410992,0.22230764491424,0.223246454349372
"pc2001__06__06",1,"Karnal",TRUE,291414,19796,26168,51939,58308,135203,290819,173789,112820,58423,36327,14241,135287,84104,34656,23126,514620,410574,85405,18641,2011,0.0679308475227683,0.842272505782152,0.463955060498123,0.597584752027894,0.387938889824943,0.200891276017042,0.124912746416156,0.0488686199015833,0.486888069893691,0.0793578894631006,1.76594123823838,0.202180249504489,0.179161140264883
"pc2001__06__07",1,"Panipat",TRUE,235354,15678,22845,42530,44705,109596,234874,143739,89207,45240,27755,8768,116787,65863,25473,18463,411422,338234,58727,14461,2011,0.0666145465978908,0.83631890683821,0.465664488387705,0.611983446443625,0.379807897000094,0.192613912140126,0.118169742074474,0.0372545187249845,0.466527018873697,0.0784477850387077,1.74809860890403,0.177890341304063,0.197587036126141
"pc2001__06__08",1,"Sonipat",TRUE,277027,13226,22697,44535,53232,143337,276445,194803,123921,58319,33356,13587,118357,82950,32920,29213,521152,395102,101131,24919,2011,0.0477426388041599,0.870326719056265,0.517411660235284,0.704671815370146,0.448266382101322,0.210960588905569,0.120660529219194,0.0490457608825133,0.523714294996517,0.105451815166031,1.88123179329091,0.241868015473413,0.197691392304641
"pc2001__06__09",1,"Jind",TRUE,249496,13974,23281,46372,55404,110465,248831,152758,84125,39983,18859,10387,90197,79258,33207,36447,522883,385402,107664,29817,2011,0.0560089139705647,0.850678968801103,0.442752589219867,0.613902608597803,0.338080866130024,0.160683355369709,0.0757903958911872,0.0416319299708212,0.596851252124283,0.146082502324687,2.09575704620515,0.262928800515603,0.216880878084972
"pc2001__06__10",1,"Fatehabad",TRUE,180435,14905,20558,34390,38745,71837,180151,91717,52493,24277,12619,6586,65553,60728,24575,22993,368559,285858,63805,18896,2011,0.0826059245711752,0.803458309086375,0.398132291406878,0.509111800656116,0.291383339531837,0.13475917424827,0.070046794078301,0.0365006789148447,0.600193975669909,0.127430930806107,2.04261368359797,0.224390124783278,0.228485749870014
"pc2001__06__11",1,"Sirsa",TRUE,246068,20829,26645,44849,51409,102336,245603,128719,78112,38731,21190,8935,91302,80945,34015,30871,499798,397227,81706,20865,2011,0.0846473332574735,0.807069590519694,0.415885039907668,0.524093761069694,0.318041717731461,0.157697585127217,0.0862774477510454,0.0363111009964725,0.592645122486467,0.125457190695255,2.03113773428483,0.205224910863989,0.203420070000292
"pc2001__06__14",1,"Rohtak",TRUE,206696,8182,15358,33415,42182,107559,206231,150311,99788,54284,32799,14553,98386,57523,21807,14427,345037,288182,47801,9054,2011,0.0395847041065139,0.886112938808685,0.520372914812091,0.72884774839864,0.483865180307519,0.263219399605297,0.15904010551275,0.0704077485776212,0.453598521500174,0.0697981576808453,1.66929693849905,0.164779429452493,0.15924720780934
"pc2001__06__15",1,"Jhajjar",TRUE,185046,6399,13431,29765,38702,96749,184490,138448,86565,39172,20399,12808,83849,51456,20203,16730,326049,246087,64557,15405,2011,0.0345805907720243,0.892837456632405,0.522837564713639,0.7504363380129,0.469212423437585,0.212325871320939,0.110569678573364,0.0692152221609762,0.477659608962096,0.0904099521200134,1.76198891086541,0.245245346558339,0.192654010655061
"pc2001__06__16",1,"Mahendragarh",TRUE,171533,6049,12422,27249,37662,88151,171219,122334,65388,34853,14778,11546,62812,54554,20882,21739,337981,211962,92269,33750,2011,0.0352643514658987,0.892318096226382,0.513901115237301,0.714488462144972,0.381896868922257,0.203558016341644,0.0863105146041035,0.0673106632543009,0.566509068225939,0.126733631429521,1.97035555840567,0.372858237593237,0.267816757790492
"pc2001__06__17",1,"Rewari",TRUE,177925,6549,13642,29553,37772,90409,177565,130716,76915,40190,20318,11600,70274,55558,20426,20067,337212,249765,64531,22916,2011,0.0368076436700857,0.886519600955459,0.508129829984544,0.736158589812181,0.433165319742066,0.226339650268916,0.114425703263594,0.0651960095545876,0.539839820148939,0.112783476183785,1.89524799775186,0.259323511618804,0.262055873843585
"pc2001__08__02",1,"Hanumangarh",TRUE,335835,28592,41333,65286,70435,130189,334712,144744,70921,43548,17388,8272,73809,130004,51367,72383,833414,640518,157298,35598,2011,0.0851370464662706,0.791787633808269,0.387657629490673,0.432443414039533,0.211886636869906,0.130105882071751,0.0519491383637276,0.0246311432697604,0.755591287388152,0.215531436568553,2.48161746095553,0.231452795369408,0.1845450398142
"pc2001__08__05",1,"Jhunjhunun",TRUE,383817,17558,36141,65898,80690,183530,382850,230323,120893,76160,32715,22437,106603,123142,54967,76668,894060,592335,212532,89193,2011,0.045745759046629,0.860092179345886,0.478170586503464,0.601601149275173,0.315771189761003,0.198929084497845,0.0854512211048714,0.0584575461743487,0.663798112121141,0.199751444047554,2.3293913505655,0.337477350513388,0.295610241113597
"pc2001__08__17",1,"Barmer",TRUE,451169,61914,84070,89154,76508,139523,450210,103962,30945,28223,6803,8019,77538,186408,68360,110844,1197425,736556,386884,73985,2011,0.137230173172359,0.676431669729082,0.309247754167507,0.230918904511228,0.0687345905244219,0.0626885231336487,0.0151107261055952,0.0177738275457755,0.810365960427246,0.24568177334879,2.65404981281959,0.384883395619767,0.160533687446975
"pc2001__08__18",1,"Jalor",TRUE,325826,47327,61798,64176,57314,95211,324909,65373,18283,17071,3288,10237,53737,119537,52183,90132,895890,660128,187430,48332,2011,0.145252373966473,0.665081976269543,0.292214249323258,0.201204029435934,0.0562711405347343,0.0525408652884346,0.0101197566087735,0.031418609932909,0.803655939059498,0.276626174706745,2.74959641035399,0.26315953967563,0.205003350836861
"pc2001__08__19",1,"Sirohi",TRUE,201508,38824,39090,38236,31177,54181,201079,53873,20650,17082,6216,9213,68139,69745,27124,27287,417172,310862,86034,20276,2011,0.192667288643627,0.613345375865971,0.268877662425313,0.267919573898816,0.102695955321043,0.0849516856558865,0.0309132231610462,0.0457202691704548,0.616134347023443,0.135413978601346,2.07025031264267,0.25483493618939,0.190725237512934
"pc2001__08__20",1,"Pali",TRUE,417680,63013,77467,80545,68124,128531,416961,123483,47105,37750,11980,25741,133534,151751,55689,50965,841138,604365,197085,39688,2011,0.150864298027198,0.663665964374641,0.307726010342846,0.296149999640254,0.112972196440434,0.0905360453375735,0.0287317039243478,0.0616285194407202,0.618667400881057,0.12201924918598,2.01383355678989,0.281491265404726,0.1676204634819
"pc2001__08__23",1,"Bundi",TRUE,220532,30773,39183,43401,38532,68643,220158,70719,28332,24567,9009,6104,53595,88020,30740,42073,525457,360649,126540,38268,2011,0.139539840023217,0.682785264723487,0.311260950791722,0.321219306134685,0.128689395797564,0.111588041315782,0.0409206115607882,0.0276785228447572,0.729295521738342,0.190779569404894,2.38267915767326,0.313646977773633,0.23219746614242
"pc2001__08__27",1,"Dungarpur",TRUE,281169,38782,55623,62830,50903,73031,280541,78722,39018,23578,8917,9453,53854,133125,41604,43133,639586,215627,293828,130131,2011,0.137931279764128,0.66424107920859,0.259740583065701,0.28060782559412,0.139081275107738,0.0840447563814202,0.031785015380996,0.0336203493272729,0.774843599401072,0.153405958693882,2.27473868029548,0.662864728121003,0.306942416601605
"pc2001__08__32",1,"Jhalawar",TRUE,283178,39351,51705,58506,49240,84376,282887,79217,31637,26611,9545,6803,64651,115420,40075,56229,685310,475207,172383,37720,2011,0.13896206626221,0.678449597073219,0.297960999795182,0.280030542230643,0.11183617486841,0.09406936338538,0.0337413879040041,0.0240237589078248,0.747671076142921,0.198564153995014,2.42006794313118,0.306580963359647,0.179530991942047
"pc2001__09__01",1,"Saharanpur",TRUE,595931,53121,65132,97392,94348,285938,592762,266796,163187,99449,56077,19202,315207,144745,69199,47578,1033545,879649,126189,27707,2011,0.0891395144739911,0.801565953105309,0.47981729428407,0.450089580641134,0.27529936129509,0.167772225615002,0.0946028928979928,0.0322218511874697,0.438846108022573,0.0798381020621515,1.73433669334201,0.148901112191535,0.180037167957582
"pc2001__09__03",1,"Bijnor",TRUE,631568,63295,77463,103547,96634,290629,627955,258208,151768,91688,47905,26586,337667,147680,66213,53422,1084686,837310,205178,42198,2011,0.100218820459555,0.777129303574595,0.460170559623033,0.411188699827217,0.241686108080993,0.146010462533143,0.0762873135813872,0.0420952296506473,0.423256086438832,0.0845862994958579,1.71744926912066,0.228062314808156,0.170582433219067
"pc2001__09__05",1,"Rampur",TRUE,392378,81350,59348,63654,56698,131328,389626,116251,63231,39700,20833,13009,201320,88300,44170,45579,732426,560988,134902,36536,2011,0.207325589100306,0.641422301963923,0.334697663987278,0.29836561215114,0.162286397724998,0.101892584170461,0.0534692243330784,0.0331542543159912,0.45376906962164,0.116160946842076,1.86663370525361,0.234068697725094,0.213114945344673
"pc2001__09__08",1,"Baghpat",TRUE,209549,14492,20994,29058,32618,112387,208149,121798,67894,40851,19010,8967,90415,55518,28230,26419,415463,333526,69354,12583,2011,0.0691580489527509,0.830655359844237,0.536328018745019,0.585148139073452,0.326179803890482,0.196258449476096,0.0913288077290787,0.0427919007010294,0.525733837909033,0.126075524101761,1.98265322191946,0.197218524874658,0.153569205609188
"pc2001__09__10",1,"Gautam Buddha Nagar",TRUE,326005,15290,35690,69467,56838,148720,324631,220545,136224,104563,67252,16915,164300,85160,31846,27784,564863,454740,94848,15275,2011,0.0469011211484486,0.843622030336958,0.456189322249659,0.679371347776398,0.419627207506369,0.32209801282071,0.207164442089634,0.0518857072744283,0.444134292418828,0.0852256867225963,1.73268201407954,0.194955236933557,0.138708535001771
"pc2001__09__11",1,"Bulandshahr",TRUE,585485,53986,70055,89956,92051,279437,582883,296470,150126,92704,42548,21918,250867,161045,75537,76118,1168531,881717,239457,47357,2011,0.0922073153026978,0.788139747388917,0.477274396440558,0.508626945716379,0.257557691680835,0.159043924767063,0.0729957813146035,0.0374356302894182,0.534087124349898,0.130008454529151,1.99583422290921,0.245448344973304,0.165113976305201
"pc2001__09__12",1,"Aligarh",TRUE,609054,67378,75197,92930,90548,283001,605843,312110,161419,102170,51917,25051,281187,158502,72635,71679,1167769,861087,254001,52681,2011,0.110627300699117,0.765907456481691,0.464656664269506,0.515166470521241,0.266437014209952,0.168641050569207,0.0856938183654841,0.0411309998785001,0.497190725288726,0.117689071904954,1.91734887218539,0.262622145304422,0.171777280701182
"pc2001__09__14",1,"Mathura",TRUE,419901,31930,50301,67877,66776,203017,417386,240217,108751,72617,31891,19152,179268,119292,49206,52983,831059,586716,198169,46174,2011,0.0760417336467405,0.804165743830093,0.483487774499227,0.575527209824958,0.260552582022397,0.173980440168094,0.0764064918325004,0.0456107511056178,0.527460044153265,0.126179742367844,1.97917842539075,0.294014023071767,0.18897205976844
"pc2001__09__15",1,"Agra",TRUE,706057,59529,73080,102356,102791,368301,701648,390603,220419,146407,80003,31665,321473,179498,86089,87332,1376464,1040222,281830,54412,2011,0.0843118898332571,0.812183718878221,0.52163068987348,0.556693669760336,0.314144699336419,0.208661608099788,0.114021560668597,0.0448476539429536,0.499844913371017,0.123689730432529,1.94950832581505,0.244279545269618,0.161823924435377
"pc2001__09__16",1,"Firozabad",TRUE,411256,35936,44399,63061,59560,208300,408737,226804,119755,69169,32429,15899,207103,101035,44649,42570,754802,569412,154894,30496,2011,0.0873810959596942,0.80465938490867,0.506497169646157,0.554889819125746,0.292987911542141,0.169226177223985,0.0793395263947233,0.0386596183399148,0.45775380784718,0.103512167603634,1.83535802517167,0.245614081573711,0.1644964669076
"pc2001__09__18",1,"Mainpuri",TRUE,312302,21354,31113,46407,46780,166648,310689,181680,93927,51582,22360,15919,156250,76580,33291,30262,558185,422733,109278,26174,2011,0.0683761231116035,0.831999154664395,0.53361169637082,0.58476482913782,0.302318395565984,0.166024545445767,0.0719690751845093,0.0509730965539766,0.448709902594284,0.0968997957105622,1.78732444877074,0.242665066241479,0.193234503735641
"pc2001__09__20",1,"Bareilly",TRUE,752360,127249,111027,121616,112524,279944,746067,262742,142093,102126,56660,35932,379279,169839,83013,84297,1385384,1031381,299583,54420,2011,0.169133127757988,0.683295231006433,0.372087830294008,0.352169443226949,0.1904560850433,0.13688582928879,0.0759449218367787,0.0477590515178904,0.448121909724068,0.112043436652666,1.84138444361742,0.255526987463404,0.153727510783807
"pc2001__09__21",1,"Pilibhit",TRUE,360952,52989,54953,62297,56782,133931,359258,115278,54267,36654,16129,11736,199438,83216,37345,29217,615325,461262,126601,27462,2011,0.146803453090716,0.700951927126044,0.371049336199827,0.320878031943617,0.151053003690941,0.102026955558401,0.0448953120041864,0.0325140184844522,0.414952680688845,0.0809442806799796,1.70472805248343,0.250376630236054,0.178251754152522
"pc2001__09__22",1,"Shahjahanpur",TRUE,525718,92362,82436,90143,76238,184539,521059,163057,78431,52612,24438,24865,284830,119528,54195,42300,887650,696122,158839,32689,2011,0.175687345687232,0.667506153489133,0.351022791686798,0.312933852020597,0.150522301697121,0.100971291158967,0.0469006388911812,0.0472972201826835,0.410910412046002,0.080461388044541,1.68845274462735,0.215769729059877,0.170674783843616
"pc2001__09__24",1,"Sitapur",TRUE,796247,130309,129204,140816,119812,276106,792015,210805,101701,71586,31396,34542,408625,197179,82659,73242,1409364,1015863,320567,72934,2011,0.16365399178898,0.674079776752691,0.346759234257711,0.266162888329135,0.128407921567142,0.090384651805837,0.0396406633712745,0.0433810111686449,0.443430242123361,0.0919840200339844,1.77000855262249,0.27920466252863,0.185346415892209
"pc2001__09__25",1,"Hardoi",TRUE,727961,102956,113557,120143,109846,281459,714214,235991,107170,72209,28734,47856,346629,176560,81269,75647,1313953,966649,279982,67322,2011,0.141430653565232,0.702576099543794,0.386640218363346,0.330420574225652,0.150053065327759,0.101102750716172,0.0402316392565814,0.0657397855104875,0.458095969426934,0.103916281229352,1.80497718971209,0.264319956649895,0.193841706401308
"pc2001__09__26",1,"Unnao",TRUE,586375,82115,87663,97934,91451,227212,577269,211863,119723,66303,32358,40818,246388,157361,70840,70968,1120019,758971,292479,68569,2011,0.140038371349392,0.710461735237689,0.387485823918141,0.367009141318865,0.207395512317481,0.114856332143247,0.0560535902672757,0.0696107439778299,0.51020081006182,0.121028352163718,1.91007290556385,0.322358817127209,0.189916576189316
"pc2001__09__27",1,"Lucknow",TRUE,852187,68107,82933,134199,136994,429954,848832,522661,396877,304088,214858,48235,420571,208208,93105,82068,1515054,1131016,324734,59304,2011,0.0799202522451058,0.822761905544206,0.504530109001897,0.615741395234864,0.467556595415818,0.358242856065747,0.253121936967504,0.0566014266821719,0.449878958491505,0.0963028067783245,1.77784218721947,0.253481394062522,0.154422218634614
"pc2001__09__28",1,"Rae Bareli",TRUE,618206,74604,84941,104999,99735,253927,615756,248486,141648,77798,37986,37184,253834,180290,71518,75380,1201315,643086,428128,130101,2011,0.120678220528432,0.741922595380828,0.410748197202874,0.403546209862348,0.230039171360084,0.126345500490454,0.061690020072886,0.0601482353778514,0.52925400271107,0.121933465543848,1.94322766197675,0.464681619725051,0.233060267381308
"pc2001__09__29",1,"Farrukhabad",TRUE,313179,35983,38032,48300,45052,145812,311776,147267,77169,46749,22399,13533,152270,75743,36581,35052,589315,472666,97841,18808,2011,0.114895954070995,0.763665507585119,0.465586773059496,0.472348737555168,0.247514240993534,0.149944190701016,0.0718432464333368,0.0432117095973868,0.470580722206789,0.111923213242267,1.88171940008749,0.197939981164572,0.161235844284992
"pc2001__09__30",1,"Kannauj",TRUE,280488,25633,31915,43804,40835,138301,279399,140964,75545,42919,18318,10946,134325,72134,32959,30124,523876,418448,85664,19764,2011,0.0913871538176321,0.794829012292861,0.493072787427626,0.504525785704315,0.270383931223805,0.153611859741803,0.0655621530499393,0.0390248424175009,0.482077664641625,0.107398533983629,1.86773052679616,0.201246096404493,0.187464430701521
"pc2001__09__31",1,"Etawah",TRUE,276312,16655,27149,42316,41884,148308,275111,159734,89738,55627,25608,13770,131532,71901,31456,27653,503363,359703,117213,26447,2011,0.0602760647384116,0.841469063956687,0.536741075306176,0.580616551137541,0.326188338525177,0.202198385378992,0.0930824285470228,0.0498349691652914,0.474137931034483,0.100078896320102,1.82171965025044,0.285400396930247,0.184094389530837
"pc2001__09__32",1,"Auraiya",TRUE,247896,14603,24153,40017,38493,130630,247263,146292,83007,50558,21565,10239,122504,65530,27313,22310,441466,325315,95212,20939,2011,0.0589077677735825,0.843660244618711,0.526954852034724,0.591645333106854,0.33570327950401,0.204470543510351,0.087214827936246,0.0413036111917901,0.464521412205118,0.0899974182721787,1.78085164746507,0.263102934314307,0.180273953732641
"pc2001__09__33",1,"Kanpur Dehat",TRUE,328245,22946,35935,55176,53676,160512,327220,184377,102525,55356,23238,11391,146536,95018,39727,35573,625417,446556,143901,34960,2011,0.0699051013724505,0.820618745144633,0.489000594068455,0.563464947130371,0.313321312878186,0.169170588594829,0.0710164415378033,0.0347027372846502,0.518874621090953,0.10837331871011,1.90533595332754,0.28598678961397,0.195459043614874
"pc2001__09__34",1,"Kanpur Nagar",TRUE,854562,59972,75598,129199,134675,455118,851929,555378,407139,272414,181575,38310,422452,212885,97800,83115,1552166,1214698,275188,62280,2011,0.0701786412220529,0.84135732691133,0.532574582066603,0.651906438212574,0.477902501264777,0.319761388566418,0.213133958346294,0.044829983079051,0.460820864957721,0.0972603509166099,1.81632930085822,0.21741746694619,0.184550831486245
"pc2001__09__35",1,"Jalaun",TRUE,287719,19917,29231,42477,48236,147858,286931,163063,81224,58781,22178,9901,108977,84813,38962,45066,619319,419463,161605,38251,2011,0.0692237912685641,0.82918055463838,0.513897240015432,0.568300392777358,0.283078510164465,0.204861099009866,0.0772938441646249,0.0344120478661472,0.586826035124549,0.156631991630723,2.15251338980047,0.322702839732028,0.191392802818029
"pc2001__09__36",1,"Jhansi",TRUE,365982,25315,38894,61086,65315,175372,364847,183862,103026,75370,39887,14710,127171,117134,44700,62267,804066,550245,215486,38335,2011,0.0691700684733129,0.824556945423545,0.479182036275008,0.503942748604209,0.282381381784693,0.206579744386003,0.109325278815503,0.040193233547005,0.612327928695947,0.170136782683301,2.1970096890011,0.315671847833387,0.151031632528435
"pc2001__09__37",1,"Lalitpur",TRUE,221599,30580,33230,41317,37224,79248,220918,56929,27703,19692,8840,6416,65259,86193,25946,37785,501119,355137,122919,23063,2011,0.137997012621898,0.712047437037171,0.357618942323747,0.257692899627916,0.125399469486416,0.0891371459093419,0.0400148471378521,0.028953199247289,0.676555399618229,0.170510697250439,2.26137753329212,0.29131204364632,0.157985231055884
"pc2001__09__38",1,"Hamirpur",TRUE,204418,21658,27156,34471,35216,85917,203706,88876,38943,31474,10884,8879,68395,67855,26797,32492,442382,289491,127590,25301,2011,0.105949573912278,0.761204981948752,0.420300560615993,0.436295445396797,0.191172572236458,0.154506985557617,0.0534299431533681,0.0434355095930887,0.621980451819311,0.158948820553963,2.16410492226712,0.345608546459847,0.165483906835589
"pc2001__09__39",1,"Mahoba",TRUE,157821,19321,21678,27066,27001,62755,156995,55813,24059,19007,6852,7265,51114,52873,19808,26761,347911,237544,92434,17933,2011,0.12242350511022,0.740218348635479,0.397634028424608,0.355508137201822,0.153246918691678,0.121067549921972,0.0436447020605752,0.0460331641543267,0.63009358703848,0.169565520431375,2.20446581887075,0.317227681792182,0.162485163137532
"pc2001__09__40",1,"Banda",TRUE,319528,36849,45171,55501,53346,128661,318596,123042,50886,45335,15087,12813,106970,106232,41837,51676,700528,482358,181553,36617,2011,0.11532322675947,0.743308880598883,0.402659547833054,0.386200705595802,0.159719519391329,0.142296199575638,0.047354643498349,0.0400997721639418,0.625125184647355,0.161726045917729,2.19238376605493,0.311436516456159,0.167837007837925
"pc2001__09__41",1,"Chitrakoot",TRUE,167898,20440,23384,28737,27396,67941,167251,65479,25784,22085,6170,5372,47355,62169,21783,31219,393389,282082,91842,19465,2011,0.121740580590597,0.738984383375621,0.404656398527678,0.391501396105255,0.154163502759326,0.132047043067007,0.0368906613413373,0.0319956163861392,0.685958141252427,0.185940273261147,2.34302374060441,0.282943854556177,0.174876692391314
"pc2001__09__42",1,"Fatehpur",TRUE,471409,51557,61858,80623,79425,197946,469843,206295,108851,64415,26897,17597,149935,155756,67039,81082,1061809,668919,315139,77751,2011,0.109367873757183,0.759412739256145,0.419902886877425,0.439072200713855,0.231675261736367,0.137098988385482,0.057246782435835,0.0373285193961083,0.644614337019446,0.171999261787535,2.2524156305883,0.370019466777923,0.197895085138334
"pc2001__09__43",1,"Pratapgarh",TRUE,530675,48701,64886,80368,85081,251639,527383,279588,159476,83625,33779,52793,199253,142315,59655,76659,1060707,550292,379685,130730,2011,0.0917718000659537,0.785957506948697,0.474186649079003,0.530142230599014,0.302391241280056,0.158565975770929,0.0640502253580415,0.099482734253545,0.525046403165779,0.144455646111085,1.99878833561031,0.481202631829525,0.256124917958916
"pc2001__09__48",1,"Ambedkar Nagar",TRUE,367315,24641,36069,52009,57305,197291,365066,207994,137550,80188,41683,27330,132143,103229,45678,58935,784101,439389,264792,79920,2011,0.0670841103684848,0.834719518669262,0.537116643752637,0.569743553220514,0.376781184772069,0.219653432530008,0.114179353870259,0.0744048024175435,0.565841307869268,0.160448116739039,2.13468276547378,0.439627037843339,0.231845714683562
"pc2001__09__50",1,"Bahraich",TRUE,601702,161378,106459,98623,76962,158280,598396,131766,64391,40463,17094,27597,278158,160369,65580,69998,1146280,739928,327397,78955,2011,0.268202532150467,0.554867691980416,0.263053804042533,0.220198664429575,0.107606000040107,0.0676191017319634,0.0285663674222421,0.0458648965767107,0.491849786106744,0.116333334441302,1.90506263898076,0.354496283630527,0.194301984486357
"pc2001__09__52",1,"Balrampur",TRUE,322779,79653,50870,49098,41610,101548,320873,71087,31234,21443,8129,13987,113782,89454,42626,62930,757248,456715,245265,55268,2011,0.246772559553131,0.595627348743258,0.314605349170795,0.221542479423323,0.0973406924234822,0.0668270624203345,0.0253340106521895,0.043333054504785,0.604159502322022,0.194963117179246,2.34602622847211,0.396875264114266,0.183899937777216
"pc2001__09__53",1,"Gonda",TRUE,539697,91386,79263,84369,77440,207239,536434,184995,92140,55564,23072,31051,211353,142497,65696,89100,1166768,737504,340297,88967,2011,0.169328345349335,0.683805913318028,0.383991387760169,0.344860691156787,0.171763907582293,0.103580309972895,0.0430099508979669,0.0575341348942092,0.550851681591708,0.165092635312036,2.16189454453147,0.367908615937359,0.207254743001975
"pc2001__09__55",1,"Basti",TRUE,381089,39126,46174,57180,58950,179659,378896,172735,97254,56793,25236,28379,145888,105055,46479,55288,781114,442319,258291,80504,2011,0.102668930354851,0.776167771832826,0.471435806333953,0.455890270681137,0.256677294033191,0.149890735188548,0.0666040285460918,0.0744681688529451,0.542713119507517,0.145078971054006,2.04968918021774,0.433733104258789,0.237618618928851
"pc2001__09__60",1,"Deoria",TRUE,466452,30967,48356,64840,74416,247873,463882,277103,168348,81744,36613,54640,187093,114183,52549,57987,872187,453513,305879,112795,2011,0.0663883958049274,0.82994391705899,0.531400872972996,0.597356655356319,0.362911257604305,0.176217227657033,0.0789273996404258,0.117139598501025,0.481762324955194,0.124315042062206,1.86983226569936,0.480027792205112,0.269410089950654
"pc2001__09__61",1,"Azamgarh",TRUE,663925,44973,63061,90552,104840,360499,659887,373997,236679,119033,57451,71235,237676,171442,79812,103760,1368020,781609,436843,149568,2011,0.0677380728244907,0.837279813231916,0.542981511465904,0.56675915724965,0.358665953413236,0.180383914215616,0.0870618757453928,0.107293745528486,0.534720036148661,0.156282712655797,2.06050382196784,0.428656744784433,0.255056607055461
"pc2001__09__62",1,"Mau",TRUE,323722,19686,28924,43878,49820,181414,321156,199407,129842,67710,34740,28200,112319,89933,39501,53769,694689,395034,230535,69120,2011,0.0608114369736997,0.84984029506799,0.560400590630232,0.620903859806449,0.404295731669345,0.21083211897022,0.108171729626723,0.0871117810961257,0.565926937310408,0.166096218360198,2.14594312403853,0.431351295327837,0.230665265054813
"pc2001__09__63",1,"Ballia",TRUE,478840,33949,47828,66002,73977,257084,475769,303818,175322,96153,40132,49766,171675,121439,56274,79686,1016516,567725,360548,88243,2011,0.0708984211845293,0.829218528109598,0.536889148776209,0.638583009821993,0.368502361440111,0.202100178868316,0.0843518598311365,0.103930331634784,0.537546988555676,0.166414668782892,2.12287194052293,0.44149919922559,0.196623818213823
"pc2001__09__64",1,"Jaunpur",TRUE,659921,46327,67126,90852,102342,353274,655466,382920,229940,130539,54468,66086,231524,168275,79382,114654,1429244,892144,412031,125069,2011,0.0702008270686946,0.828080936960636,0.535327713468733,0.584195061223618,0.350803855577559,0.199154494664864,0.0830981317108744,0.100142289758926,0.549021776849047,0.173738977847348,2.16578044947804,0.375793076619528,0.232859802643828
"pc2001__09__65",1,"Ghazipur",TRUE,545590,40702,59568,73478,82765,289077,536448,342936,199130,107778,44264,50591,182068,148218,66919,97794,1202103,765316,338174,98613,2011,0.0746018072178742,0.816217306035668,0.529842922340952,0.639271653543307,0.371200936530661,0.200910433070866,0.08251312335958,0.0927271394270423,0.573564398174453,0.179244487618908,2.2033083450943,0.363352391600387,0.225769081955278
"pc2001__09__66",1,"Chandauli",TRUE,296326,26099,29476,41571,44805,154375,295024,168308,96325,55887,23140,15402,106458,88948,36051,49467,651242,341165,242354,67723,2011,0.088075295451631,0.812453176569049,0.520963398419308,0.570489180541244,0.326498861109605,0.18943204620641,0.0784342968707631,0.05197653935193,0.588763726436425,0.16693438982742,2.1977214284268,0.4761317605437,0.218407040831793
"pc2001__09__67",1,"Varanasi",TRUE,557241,35291,45680,72016,81426,322828,554117,348732,234328,151757,86068,28340,216827,147911,73122,91041,1211833,914181,239257,58395,2011,0.0633316643965537,0.854693032278673,0.57933282009041,0.62934723172182,0.422885419505267,0.273871763544522,0.1553245975128,0.050857707885816,0.56003416834009,0.163378143388588,2.17470178971038,0.245621302605227,0.196185478343838
"pc2001__09__69",1,"Mirzapur",TRUE,394012,42037,47476,61251,60180,183068,392196,186422,102129,64953,26736,17922,133132,127071,48988,66899,878839,534797,275115,68927,2011,0.106689643970234,0.772816563962519,0.464625442879912,0.475328662199512,0.260402961784414,0.165613621760548,0.0681699966343359,0.04548592428657,0.616625889566815,0.169789244997614,2.23048790392171,0.391473296018952,0.2003447253533
"pc2001__09__70",1,"Sonbhadra",TRUE,332458,47589,50208,58446,52400,123815,331294,124553,68056,44924,19989,11989,110022,120583,35739,54125,728505,396007,260094,72404,2011,0.143142893237642,0.705836526719165,0.372422982752709,0.375959117883209,0.205424788858235,0.135601610653981,0.060336136483003,0.0360616980189979,0.633003266578034,0.162802519415986,2.19126927311119,0.456411417903789,0.2177577007982
"pc2001__10__01",1,"Pashchim Champaran",TRUE,709084,143171,125518,136482,103689,200224,706810,166853,69758,43291,11602,20800,261285,253474,78562,94963,1474527,794358,564038,116131,2011,0.201909787838958,0.621075923303868,0.282369930783941,0.236064854770023,0.0986941327938201,0.0612484260267964,0.0164145951528699,0.029333619148084,0.602183944356381,0.133923484382668,2.07948141545995,0.461279447578783,0.170738448826689
"pc2001__10__02",1,"Purba Champaran",TRUE,979577,214521,176260,197465,139219,252112,977124,255064,110594,61427,16152,34178,463742,315875,86653,79129,1732852,1129526,499240,104086,2011,0.218993504339118,0.601071687064927,0.257368231389671,0.261035446882893,0.113183178388823,0.0628651020750693,0.016530143564174,0.0348905701134265,0.491698968023953,0.0807787442947313,1.76897987600771,0.348169376265255,0.172520328976374
"pc2001__10__03",1,"Sheohar",TRUE,149955,40897,29672,33328,18670,27388,149570,32451,13685,7503,1798,6836,92132,37814,7925,5248,215966,137508,64381,14077,2011,0.27272848521223,0.529398819645894,0.182641459104398,0.216961957611821,0.0914956207795681,0.0501638029016514,0.0120211272313967,0.0455870094361642,0.340015337934714,0.0349971658164116,1.44020539495182,0.363288665808507,0.179420836625965
"pc2001__10__04",1,"Sitamarhi",TRUE,735567,204615,138125,153071,93753,146003,734275,169970,77469,46635,13717,29246,435105,191165,47024,33027,1112225,751981,302460,57784,2011,0.278173164375237,0.53404652465377,0.198490416236726,0.231480031323414,0.105504068639134,0.0635116271151816,0.0186810118824691,0.0397598043414128,0.36871692177599,0.0449000566909609,1.51206484249565,0.323894895367394,0.160402393933001
"pc2001__10__05",1,"Madhubani",TRUE,896999,167938,160036,187244,140456,241325,894717,291029,121165,90070,21892,43116,378307,316160,77224,82192,1633084,1071357,445587,116140,2011,0.187222059333399,0.634365255702626,0.26903597439908,0.325274919332035,0.135422709080078,0.100668703064768,0.0244680720272444,0.0480669432184428,0.530185652380883,0.0916299795206015,1.82060849566165,0.343966997411033,0.206755238754769
"pc2001__10__06",1,"Supaul",TRUE,442573,77622,85409,97284,71571,110687,441434,113059,44403,28364,5950,11188,156671,186745,39590,48379,875863,471125,334702,70036,2011,0.175388015084517,0.631629132369123,0.250098853748421,0.256117562308295,0.100588083382793,0.0642542259998097,0.0134787986426057,0.0252794454248226,0.620720197571926,0.109313039882686,1.97902492922072,0.462101949734148,0.173040337205797
"pc2001__10__08",1,"Kishanganj",TRUE,338019,81448,62233,68672,45938,79728,336814,54582,25695,13164,3103,16913,193516,80543,27813,19234,526676,382263,118452,25961,2011,0.240956869288413,0.574932178368672,0.235868397930294,0.162053833866763,0.0762883965630882,0.0390838860617433,0.00921279994299524,0.0500356488836426,0.377463988710694,0.0569021268035229,1.55812543081898,0.274197039546135,0.17976913435771
"pc2001__10__09",1,"Purnia",TRUE,646621,179405,116109,123920,83330,143857,644444,140389,68095,40568,12013,23524,304248,209797,57099,51953,1140842,774678,302302,63862,2011,0.277450005490078,0.54298731405259,0.222474989213156,0.217845150238035,0.10566472804464,0.0629503882416471,0.0186408749247413,0.0363798886828606,0.493100285948028,0.0803453645953348,1.76431325304931,0.320959431717977,0.174408188680482
"pc2001__10__11",1,"Madhepura",TRUE,400981,100490,74476,81677,56597,87741,400118,110738,46613,29047,6806,8592,149989,168987,34242,39171,776510,442892,279387,54231,2011,0.250610378047838,0.563655135779501,0.218815854117776,0.276763354810331,0.11649813305075,0.0725960841551742,0.0170099820552937,0.0214274491808839,0.604517421024936,0.0976879203752796,1.93652567079238,0.429637738084506,0.162554178731363
"pc2001__10__12",1,"Saharsa",TRUE,368693,89251,67390,72635,50870,88547,367977,108317,47489,33696,9283,11326,171277,129276,28790,28024,648859,362582,235226,51051,2011,0.242074029070256,0.57514517498298,0.240164581372578,0.294358071292499,0.12905426154352,0.0915709405750903,0.0252271201732717,0.0307193247498596,0.504728866563781,0.07600903732916,1.75988966430065,0.441200630645487,0.178327284413348
"pc2001__10__14",1,"Muzaffarpur",TRUE,943653,158150,145272,196846,143885,299500,941313,317993,168823,95266,38175,46894,500052,256522,77645,62540,1542923,907181,528620,107122,2011,0.167593384432625,0.678460196703661,0.317383614527798,0.337818557695474,0.179348420769712,0.101205443885296,0.0405550544824091,0.0496941142559818,0.420394996889747,0.0662743614443021,1.63505335117888,0.412037412106761,0.168499171047375
"pc2001__10__15",1,"Gopalganj",TRUE,412180,47807,55337,69362,65615,174059,409961,164802,84335,35360,11744,48081,178264,100338,41679,43818,726393,362246,283490,80657,2011,0.115985734387889,0.749759813673638,0.422288805861517,0.4019943360466,0.205714689933921,0.0862521069077302,0.0286466273621149,0.116650492503275,0.450858848076083,0.106307923722645,1.76231986025523,0.501308520318891,0.221495714642713
"pc2001__10__16",1,"Siwan",TRUE,534612,46268,64598,88741,86005,249000,532124,247169,125149,52842,16018,56949,241639,126994,55243,53787,930503,461135,365653,103715,2011,0.0865450083424989,0.792623435313835,0.465758344369374,0.464495117679338,0.235187663025911,0.099303921642324,0.0301020062992836,0.106523983748962,0.441486536029868,0.100609413930103,1.74052022775396,0.504423951346745,0.220967343321232
"pc2001__10__17",1,"Saran",TRUE,630284,77548,81461,101760,94153,275362,627950,296678,146216,71988,21139,67319,305151,144719,59676,53419,1038770,544728,396409,97633,2011,0.12303659937425,0.74771848880822,0.436885594430447,0.472454813281312,0.232846564216896,0.114639700613106,0.033663508241102,0.106807407454417,0.409044176910726,0.0847538569914515,1.64809831758382,0.475602876478913,0.197620850049186
"pc2001__10__19",1,"Samastipur",TRUE,834936,146550,137653,173193,126065,251475,833595,272675,132565,74809,23213,33194,454079,233989,65763,47911,1342218,906640,367213,68365,2011,0.175522435252522,0.659611036055458,0.301190749949697,0.32710728831147,0.159028065187531,0.0897426208170634,0.0278468560871886,0.039756340605747,0.416394789540755,0.0573828413195742,1.60756992152692,0.324521053956958,0.156952371331885
"pc2001__10__20",1,"Begusarai",TRUE,588275,101031,92597,125103,85526,184018,586870,202348,104468,58313,20374,25611,325315,160610,42958,33781,935654,590268,289014,56372,2011,0.171741107475245,0.670854617313331,0.312809485359738,0.344791861911497,0.178008758328079,0.0993627208751512,0.0347163767103447,0.0435357613361098,0.403466066040542,0.0574238238918873,1.59050444095024,0.369138591829886,0.163214490454159
"pc2001__10__21",1,"Khagaria",TRUE,328172,73168,53621,69173,44477,87733,327163,100862,47430,22825,6600,10139,161123,110513,24571,21826,559620,305669,210615,43336,2011,0.222956254646953,0.613650768499445,0.2673384688517,0.308292808172073,0.1449736064286,0.0697664466947668,0.0201734303695711,0.0308953841278354,0.478133417841863,0.0665078068817571,1.70526431261655,0.453791858761302,0.170647093336904
"pc2001__10__23",1,"Banka",TRUE,380993,72439,61139,76027,58548,112840,380139,118262,52072,25640,6401,13486,142433,137977,39026,48071,769615,373334,305172,91109,2011,0.190132102164607,0.649395133243918,0.296173420509038,0.3111019916399,0.136981472566614,0.0674490120719,0.0168385774677158,0.0353969757974556,0.590756260613712,0.126172921812212,2.02002398994207,0.51490810340235,0.22991008905297
"pc2001__10__24",1,"Munger",TRUE,262653,34179,33456,51943,39447,103628,261974,131187,71611,36860,13113,12267,140220,72991,20592,16583,425534,232750,154391,38393,2011,0.130129867163139,0.742492946968053,0.394543370911431,0.500763434539305,0.273351553971005,0.14070098559399,0.0500545855695603,0.0467042066909573,0.419435529005951,0.0631365337536598,1.62013759599167,0.453040180103117,0.199150344426923
"pc2001__10__25",1,"Lakhisarai",TRUE,163078,25259,21676,27437,24443,64263,162269,69720,33041,14876,4204,7299,67345,49567,17904,20963,325477,201278,102695,21504,2011,0.154889071487264,0.71219293834852,0.394062963735145,0.429656927694137,0.203618682557975,0.0916749348304359,0.0259075978775983,0.0447577232980537,0.542280381167294,0.128545849225524,1.99583634825053,0.381590711478845,0.173141490672228
"pc2001__10__26",1,"Sheikhpura",TRUE,100475,14652,13104,16185,14646,41888,99885,42355,19747,10129,2561,5426,33534,32532,11611,17372,224028,147609,62465,13954,2011,0.145827320228913,0.723752177158497,0.416899726300075,0.424037643289783,0.197697351954748,0.101406617610252,0.0256394854082195,0.0540034834535954,0.612241851206768,0.172898731027619,2.22968897735755,0.34111361079865,0.182598568418849
"pc2001__10__27",1,"Nalanda",TRUE,476697,70432,63346,77517,71796,193606,474810,226157,114146,67574,18821,20661,165515,157430,55562,77529,1042725,738727,256317,47681,2011,0.147750038284277,0.719364711756105,0.406140588256272,0.476310524209684,0.240403529832986,0.142317979823508,0.0396390135001369,0.0433419971176659,0.609445832468004,0.162637902063575,2.18739576712251,0.291541873456568,0.156846426621228
"pc2001__10__28",1,"Patna",TRUE,971530,115675,108233,145479,139905,462238,966884,536981,330254,239917,110467,50483,431331,265149,108549,116018,1869598,1362116,432180,75302,2011,0.119064774119173,0.769530534311859,0.47578355789322,0.555372723098117,0.341565275669056,0.248134212583929,0.114250520227866,0.0519623686350396,0.504066781262545,0.11941782549175,1.92438524801087,0.271439100812046,0.148383587989328
"pc2001__10__30",1,"Buxar",TRUE,261132,24091,30712,40147,38780,127402,259878,134743,62518,39268,10942,16175,100139,75528,32306,36984,537066,327823,165096,44147,2011,0.0922560237734173,0.790132959576,0.487883522509689,0.518485597087864,0.240566727464426,0.151101670783983,0.0421043720515011,0.0619418531623853,0.554577761438659,0.141629520702174,2.05668397592022,0.389603884811178,0.210984357899667
"pc2001__10__31",1,"Kaimur (Bhabua)",TRUE,250295,25409,30585,39549,37373,117379,248125,109954,50872,33599,9425,12755,99676,75823,28011,34030,509726,283856,179173,46697,2011,0.101516210871172,0.776287980183384,0.468962624103558,0.443139546599496,0.205025692695214,0.135411586901763,0.037984886649874,0.0509598673565193,0.550806048862342,0.135959567710102,2.03650092890389,0.443120421559818,0.206742816664453
"pc2001__10__32",1,"Rohtas",TRUE,459000,37101,48476,69261,67963,236199,456872,249682,131046,81696,25862,20598,195081,129972,53305,60044,921701,540527,293225,87949,2011,0.0808300653594771,0.813557734204793,0.51459477124183,0.546503178133044,0.286833073596106,0.178815948449456,0.0566066644486858,0.044875816993464,0.530111111111111,0.130814814814815,2.00806318082789,0.413554938098147,0.230731896719084
"pc2001__10__35",1,"Gaya",TRUE,686012,101850,86146,108616,99808,289592,682301,279120,141449,75483,24208,28172,208061,227667,82446,139666,1655850,1001565,543611,110674,2011,0.148466790668385,0.725958146504726,0.422138388249768,0.409086312346017,0.207311728987646,0.110630059167435,0.0354799421369747,0.0410663370320053,0.655643049975802,0.20359119082465,2.41373328746436,0.39513542893378,0.169152586411121
"pc2001__10__36",1,"Nawada",TRUE,337511,59385,41607,50806,47939,137774,335684,136857,63891,33020,8546,16203,105349,105232,40135,70592,814861,507205,251677,55979,2011,0.175949820894726,0.700774196989135,0.408205954768882,0.407695928313533,0.190330787288045,0.0983663207063786,0.0254584668914813,0.0480073242057296,0.639857663898362,0.20915466458871,2.41432427387552,0.377556417597603,0.181953220480017
"pc2001__10__37",1,"Jamui",TRUE,306758,50635,48364,58207,47390,102162,305351,94865,38078,18257,4593,9694,84145,119501,35296,58122,726425,444534,231174,50717,2011,0.165064969780739,0.677273290346136,0.333037769186134,0.310675255689354,0.124702391673844,0.059790208645133,0.0150417061021578,0.0316014578266907,0.694094367547057,0.189471831215486,2.36807190032534,0.388052448635441,0.179917060140267
"pc2001__11__03",1,"South District",TRUE,30382,1256,3082,6274,6019,13751,30323,11819,7754,3944,2086,670,8237,11330,4472,5673,72861,49777,15583,7501,2011,0.0413402672635113,0.85721808965835,0.452603515239286,0.389770141476767,0.255713484813508,0.130066286317317,0.0687926656333476,0.0220525311039431,0.70683299321967,0.186722401421895,2.39816338621552,0.316822442733424,0.324943683936926
"pc2001__11__04",1,"East District",TRUE,61120,2093,6407,14394,12878,25348,61022,32077,21911,13049,7391,2097,22243,20640,7779,8361,128086,100402,20771,6913,2011,0.034244109947644,0.860929319371728,0.414725130890052,0.525662875684179,0.359067221657763,0.213840909835797,0.121120251712497,0.034309554973822,0.601767015706806,0.136796465968586,2.09564790575916,0.216136033602423,0.249711024418437
"pc2001__12__01",1,"Tawang",TRUE,9915,2463,2346,1973,1374,1759,9901,3034,1596,991,356,437,3162,3789,1283,1244,27507,23533,3556,418,2011,0.248411497730711,0.514977307110439,0.177407967725668,0.306433693566306,0.161195838804161,0.1000908999091,0.035955964044036,0.0440746343923348,0.637014624306606,0.125466464952093,2.77428139183056,0.14447231613771,0.105183694011072
"pc2001__12__09",1,"Upper Siang",TRUE,7291,1301,1571,1525,1107,1787,7271,2786,1216,879,226,277,1939,2854,1024,1197,17512,14415,2328,769,2011,0.178439171581402,0.60608969962968,0.245096694554931,0.383166001925457,0.167239719433365,0.12089121166277,0.0310823820657406,0.0379920449869702,0.696063640104238,0.164175010286655,2.40186531340008,0.176850159890361,0.248304811107523
"pc2001__12__10",2,"Dibang Valley;Lower Dibang Valley",TRUE,13416,1943,2574,2819,2193,3887,13384,5580,3089,1853,734,550,5521,4659,1347,1339,25475,22004,2881,590,2011,0.144827072152654,0.663312462731067,0.289728682170543,0.416915720263001,0.230797967722654,0.138448894202032,0.0548416019127316,0.0409958258795468,0.547480620155039,0.0998062015503876,1.89885211687537,0.136251226692836,0.169979832901181
"pc2001__12__12",1,"Changlang",TRUE,29242,5188,5584,6031,4573,7866,29163,8570,4400,2364,904,716,10676,10625,3361,3864,60676,48582,9572,2522,2011,0.17741604541413,0.631625743793174,0.268996648656043,0.293865514521826,0.15087611013956,0.081061619174982,0.0309981826286733,0.0244853293208399,0.610423363655017,0.132138704602968,2.07496067300458,0.199320983584943,0.208533156937324
"pc2001__12__13",1,"Tirap",TRUE,20462,4108,4537,4217,3087,4513,20360,6175,2994,1537,598,721,5255,7312,3165,4009,49906,44068,4524,1314,2011,0.200762388818297,0.577509529860229,0.22055517544717,0.303290766208251,0.14705304518664,0.0754911591355599,0.0293713163064833,0.0352360473072036,0.707946437298407,0.195924152086795,2.43896002345812,0.116979922253837,0.225077081192189
"pc2001__13__01",1,"Mon",TRUE,41820,6946,5997,8170,6444,14263,41606,7492,3650,1560,562,687,4571,12246,6426,17890,146230,103698,25184,17348,2011,0.166092778574845,0.69050693448111,0.341056910569106,0.180070182185262,0.0877277315771764,0.0374945921261357,0.0135076671633899,0.0164275466284075,0.874270683883309,0.42778574844572,3.49665231946437,0.290856869315462,0.40788112480015
"pc2001__13__03",1,"Mokokchung",TRUE,42444,1741,3764,8422,6778,21739,42334,21091,14206,6499,3601,2029,11475,15390,5722,7828,97946,79019,13374,5553,2011,0.0410187541230798,0.870299689001979,0.512180755819433,0.49820475268106,0.335569518590258,0.153517267444607,0.0850616525724004,0.0478041654886439,0.681839600414664,0.184431250589011,2.30765243615116,0.193239131766484,0.293390394674275
"pc2001__13__04",1,"Zunheboto",TRUE,27687,2111,2631,6290,3524,13131,27584,12043,7897,3700,1860,645,4605,11495,3427,7515,77989,47956,13407,16626,2011,0.076245169212988,0.828728284032217,0.474265900964352,0.4365936774942,0.286289153132251,0.134135730858469,0.0674303944315545,0.0232961317585871,0.810380322895222,0.27142702351284,2.81680933289992,0.385092769493134,0.55359104984517
"pc2001__13__05",1,"Wokha",TRUE,31769,1615,2261,6411,4125,17357,31733,15895,10056,4853,2196,882,7365,13628,3890,6004,76999,62294,9937,4768,2011,0.0508357203563222,0.877994271144827,0.546350215619,0.500898118677717,0.316894085021901,0.152932278700407,0.069202407588315,0.0277629135320596,0.740407315307375,0.188989266265857,2.42371494223929,0.190976506188392,0.324243454607276
"pc2001__14__04",1,"Bishnupur",TRUE,46476,2288,4490,10096,8974,20628,46388,29908,19218,11925,5820,883,11406,19362,6778,8047,108587,75092,26027,7468,2011,0.0492297099578277,0.85416128754626,0.443841982958947,0.644735707510563,0.414288177977063,0.257070794170906,0.125463481934983,0.0189990532748085,0.7355839573113,0.173143127635769,2.3364101902057,0.308462338954018,0.222958650544857
"pc2001__14__05",1,"Thoubal",TRUE,85772,4385,9411,20842,17724,33410,85636,51889,30788,17995,7443,1747,21078,37835,12046,13066,193360,131588,47621,14151,2011,0.0511239099006669,0.839154968987548,0.389521055822413,0.605925078238124,0.359521696482788,0.210133588677659,0.0869143818020459,0.020367952245488,0.733887515739402,0.152334095042671,2.25434873851607,0.319466280513033,0.229084374797643
"pc2001__14__06",1,"Imphal West",TRUE,110906,2605,7651,26647,21695,52308,110778,86280,65914,44654,28527,5504,42337,39651,12378,11036,209892,162679,37961,9252,2011,0.0234883595116585,0.907525291688457,0.471642652336213,0.778855007311921,0.595009839498817,0.403094477242774,0.25751503006012,0.0496276125728094,0.568634699655564,0.0995076911979514,1.89252159486412,0.224939492691479,0.195962976298901
"pc2001__14__08",1,"Ukhrul",TRUE,35446,2405,3611,8739,4835,15856,35321,22081,15627,7343,3316,1327,6729,17136,4018,6236,85670,65623,14357,5690,2011,0.0678496868475992,0.830277041132991,0.447328330418101,0.625152175759463,0.442428017326803,0.207893321253645,0.093881826675349,0.037437228460193,0.772724708006545,0.175929583027704,2.41691587203069,0.234002567993463,0.283832992467701
"pc2001__15__01",1,"Mamit",TRUE,17669,1067,2301,3866,2755,7680,17643,5172,2874,1426,530,169,5637,6863,2479,2521,38643,35503,2616,524,2011,0.0603882506084102,0.809383666308223,0.434659573263909,0.293147423907499,0.162897466417276,0.0808252564756561,0.0300402425891288,0.00956477446375007,0.671401890316373,0.142679268775822,2.18705076687985,0.0812566312139327,0.16687898089172
"pc2001__15__02",1,"Kolasib",TRUE,17199,504,1517,3480,2838,8860,17157,6581,4157,1870,836,574,6154,5832,2318,2321,35645,28708,5680,1257,2011,0.0293040293040293,0.882493168207454,0.515146229431944,0.383575217112549,0.242291775951507,0.108993413766976,0.0487264673311185,0.0333740333740334,0.608814465957323,0.134949706378278,2.07250421536136,0.194613550287558,0.181202248810725
"pc2001__15__07",1,"Lawngtlai",TRUE,22904,4148,3813,4607,2999,7337,22873,6736,3627,1898,723,499,8657,8980,2499,2269,44612,37149,6167,1296,2011,0.181103737338456,0.652418791477471,0.320337059028991,0.294495693612556,0.158571241201417,0.082979932671709,0.031609321033533,0.021786587495634,0.600244498777506,0.0990656653859588,1.94778204680405,0.167286828655967,0.17365670641833
"pc2001__16__01",1,"West Tripura",TRUE,409253,11353,28087,92194,104458,173161,409029,182899,113931,56671,29159,16874,195244,136880,38311,21944,682988,509674,132668,40646,2011,0.0277407862617989,0.903629295325874,0.423114796959338,0.447154113766995,0.278540152409731,0.138550078356302,0.0712883438582594,0.0412312188304056,0.481694697412114,0.0536196435945491,1.66886498083093,0.253758484775721,0.234522312104042
"pc2001__16__02",1,"South Tripura",TRUE,207554,10199,18730,48919,50753,78953,207461,71917,37828,18591,6610,7895,89181,78030,20384,12064,360006,252136,76659,31211,2011,0.0491390192431849,0.860619405070488,0.380397390558602,0.346653105884962,0.18233788519288,0.0896120234646512,0.0318614100963555,0.0380382936488817,0.532285573874751,0.0581246326257263,1.73451728224944,0.299633894990639,0.289339019189765
"pc2001__16__03",1,"Dhalai",TRUE,84159,3721,8339,19846,17793,34460,84088,23953,13345,5083,2089,2149,36570,31926,8058,5456,149825,102372,37705,9748,2011,0.0442139283974382,0.856699818201262,0.409463040197721,0.28485634097612,0.158702787555894,0.0604485776805252,0.0248430215964228,0.0255349992276524,0.53993036989508,0.0648296676528951,1.7802611723048,0.316722843317203,0.205424314584958
"pc2001__16__04",1,"North Tripura",TRUE,151884,5922,12587,33567,31319,68489,151688,51218,32283,13123,6010,8582,75882,45855,13688,7877,244410,181990,50175,12245,2011,0.0389902820573596,0.87813726264781,0.45092965684338,0.337653604767681,0.212825009229471,0.0865131058488476,0.0396208005906861,0.0565036475204762,0.443891390798241,0.0518619472755524,1.60918859129336,0.255390532302279,0.196171099006729
"pc2001__17__03",1,"South Garo Hills",TRUE,24435,2212,3308,5143,3845,9927,24331,6648,3262,687,226,661,8350,9239,2852,3333,51842,37204,11586,3052,2011,0.0905258850010231,0.774094536525476,0.406261510128913,0.273231679750113,0.134067650322634,0.0282355842341046,0.00928856191689614,0.0270513607530182,0.63122570083896,0.136402701043585,2.12162881113157,0.282357933721693,0.208498428747097
"pc2001__17__05",1,"Ribhoi",TRUE,46711,3643,6205,11074,7056,18733,46497,12010,7648,2696,1476,837,13694,18610,6570,7000,103763,88182,11932,3649,2011,0.0779901950290082,0.789171715441759,0.401040440153283,0.258296234165645,0.164483730133127,0.0579822354130374,0.0317439834828053,0.017918691528762,0.68891695746184,0.149857635246516,2.22138254372632,0.150159498086987,0.234195494512547
"pc2001__17__06",1,"East Khasi Hills",TRUE,163467,8434,18900,36726,27318,72089,163013,77997,58328,34506,23760,7006,65456,52081,20142,18782,320089,283186,29432,7471,2011,0.0515945114304416,0.832785822214881,0.441000324224461,0.478471042186819,0.357811953647869,0.211676369369314,0.145755246514082,0.042858803305866,0.556717869661767,0.114897808120293,1.95812610496308,0.115289810021588,0.202449665338861
"pc2001__18__03",1,"Goalpara",TRUE,198147,25915,27926,41820,35099,67387,197681,57569,33880,12339,4837,5716,94865,57959,21375,18232,360803,264722,81461,14620,2011,0.130786739138115,0.728277490953686,0.340085895824817,0.291221715794639,0.171387234989706,0.0624187453523606,0.0244687147474972,0.0288472699561437,0.492392011991098,0.09201249577334,1.82088550419638,0.266297674908468,0.152163278900095
"pc2001__18__13",1,"Dhemaji",TRUE,129528,9150,13559,26453,25177,55189,129303,69314,45308,16612,7404,2355,34033,51347,15881,25912,314410,199210,94269,20931,2011,0.0706410969056883,0.824678833920079,0.426077759248965,0.536058714801667,0.350401769487174,0.128473430624193,0.0572608524164173,0.0181813970724477,0.71907232413069,0.200049410166142,2.42735161509481,0.366400559778633,0.181692708333333
"pc2001__18__14",1,"Tinsukia",TRUE,267943,33888,36344,50214,47107,100390,267569,90972,56551,24369,13072,6891,98600,93505,35298,33649,552267,405683,123213,23371,2011,0.126474660655438,0.737884550072217,0.374669239353146,0.339994543463555,0.211351090746686,0.0910755730297605,0.0488546879496504,0.0257181564735783,0.606293129508888,0.125582679898337,2.0611361371635,0.265422341005347,0.159437592097364
"pc2001__18__15",1,"Dibrugarh",TRUE,275528,22663,31802,53197,52791,115075,275153,124302,84707,37197,21062,8808,104641,94550,35265,32264,551523,383503,137109,30911,2011,0.0822529833628524,0.802324990563573,0.41765265236201,0.451755932154111,0.307854175676805,0.135186605270522,0.0765465032182095,0.0319677129003223,0.588248744229262,0.117098806654859,2.00169492755727,0.30464731298604,0.183972146173075
"pc2001__19__07",1,"Murshidabad",TRUE,1568187,217102,239418,363489,301119,447059,1566525,420851,232122,106986,38381,86281,792165,447713,143131,98897,2579413,2012968,472821,93624,2011,0.138441397613933,0.708886759040854,0.28508015944527,0.268652590925775,0.148176377651171,0.0682951117920237,0.0245007261294904,0.0550195863120916,0.439833387217213,0.0630645452359955,1.6448376373481,0.219602289358083,0.165283478537192
"pc2001__19__08",1,"Birbhum",TRUE,817053,101563,116440,188330,168384,242336,816511,254662,132193,78705,26011,44539,412933,233052,79349,47180,1329586,911339,321111,97136,2011,0.124304053714998,0.733183771432208,0.296597650336025,0.311890470550917,0.161899839683727,0.0963918428533112,0.0318562762779681,0.0545117636187616,0.440095073391812,0.0577441120710652,1.6272946797821,0.314569347150166,0.232245539119229
"pc2001__19__13",1,"Bankura",TRUE,766043,83567,101924,155634,159067,265851,765114,266916,129918,85375,27956,33541,297115,261732,98824,74831,1464022,914844,407756,141422,2011,0.109089176456152,0.757858240333767,0.34704448705882,0.348857817266447,0.169802147131016,0.111584678884454,0.036538345919693,0.0437847483757439,0.568358434187115,0.0976851168929159,1.91114859087545,0.375115947711168,0.257515778126582
"pc2001__19__14",1,"Puruliya",TRUE,566919,68551,83603,114292,109609,190864,565816,181487,78593,52681,16053,23138,176812,197744,78627,90598,1247302,611827,472222,163253,2011,0.120918508640564,0.73161245257259,0.336668906845599,0.320752682850962,0.138902045894779,0.093106239484214,0.0283714140285888,0.040813590654044,0.647304112227673,0.159807662117516,2.2001414664176,0.509479660900087,0.25689916991227
"pc2001__19__16",1,"Haora",TRUE,1059292,46045,96029,213334,249849,454035,1057834,483716,323765,187172,99291,45250,535707,280330,121164,76841,1815586,1492766,262165,60655,2011,0.0434677123965819,0.865878341382735,0.428621192268043,0.457270233325834,0.306064089450708,0.176938914801377,0.0938625531037951,0.0427172111183696,0.451561042658681,0.0725399606529644,1.71396177824434,0.177804851987182,0.187891084815067
"pc2001__19__17",1,"Kolkata",TRUE,1019615,36476,87865,194761,252125,448388,1017976,712655,540680,418455,278870,79340,473651,266002,114230,86392,1778785,1562710,197596,18479,2011,0.0357742873535599,0.878051029064892,0.439762067054722,0.700070532114706,0.531132364613704,0.411065683277405,0.273945554708559,0.0778136845770217,0.457647249206808,0.0847300206450474,1.74456535064706,0.121473365246503,0.0855212310540322
"pc2001__20__01",1,"Garhwa",TRUE,254406,40800,43428,52380,42248,75550,253799,75101,29575,17215,4429,9063,62679,114220,27624,40820,569834,173907,297563,98364,2011,0.160373576094903,0.668922902761727,0.296966266518871,0.295907391282078,0.116529221943349,0.067829266466771,0.0174508173791071,0.0356241598075517,0.718001933916653,0.160452190592989,2.23986069510939,0.694811120431564,0.248439737628401
"pc2001__20__02",2,"Latehar;Palamu",TRUE,491456,71909,76691,96277,81118,165461,490297,178361,83284,45442,14686,19128,163731,188405,52998,67194,1021715,396776,482687,142252,2011,0.146318286886313,0.697633155358771,0.336675104180232,0.363781544655586,0.169864388319733,0.0926825985066195,0.0299532732201094,0.0389210834744107,0.627923964708947,0.136724345617919,2.07895518622216,0.611656871045252,0.227625416240625
"pc2001__20__03",1,"Chatra",TRUE,181930,29989,26203,34684,29801,61253,181349,53984,25971,13431,3785,6520,56704,69928,20743,28035,395819,194120,169425,32274,2011,0.1648381245534,0.691133952619139,0.336684439069972,0.297680163662331,0.143210053543168,0.0740616160000882,0.0208713585407143,0.0358379596548123,0.6524817237399,0.154097729896114,2.17566646512395,0.509573820357284,0.160010709026817
"pc2001__20__04",2,"Hazaribagh;Ramgarh",TRUE,483430,39712,55670,91478,87961,208609,482398,228474,128235,69246,27503,17397,198545,155417,51162,60909,959808,541859,337557,80392,2011,0.0821463293548187,0.802697391556171,0.431518523881431,0.473621366589414,0.265828216534894,0.143545371249466,0.0570130887773167,0.0359865957842914,0.553312785718718,0.125993422005254,1.98541257265788,0.435450631793025,0.192348827249258
"pc2001__20__05",1,"Kodarma",TRUE,116086,10342,14032,20984,20887,49841,115772,44335,19160,12070,3534,4133,42600,35878,13551,19924,256984,143028,85226,28730,2011,0.0890891235807935,0.790034974070947,0.429345485243699,0.38295097260132,0.165497702380541,0.10425664236603,0.0305255156687282,0.0356029150801992,0.59742776906776,0.171631376737936,2.21373809072584,0.443436167232201,0.252114851346134
"pc2001__20__06",1,"Giridih",TRUE,396164,41457,55613,74432,69585,155077,395163,125779,49960,32909,8667,10000,96768,141692,51465,96239,1034462,411498,465828,157136,2011,0.104646055673913,0.754975212285821,0.391446471663251,0.318296500431468,0.126428840756852,0.0832795580557896,0.0219327214339399,0.0252420714653527,0.730495451378722,0.242927171575408,2.61119637321917,0.602210617693062,0.252239294726501
"pc2001__20__07",1,"Deoghar",TRUE,263814,29250,40647,51483,45839,96595,263196,84435,38907,27492,9083,7613,98877,89911,30997,36416,549483,295889,202153,51441,2011,0.110873570015238,0.735051968432305,0.366148119508442,0.320806547211964,0.147825194911777,0.104454474992021,0.034510402893661,0.0288574525991797,0.596344394156489,0.138036647031621,2.08284245718574,0.461513822993614,0.202847859176479
"pc2001__20__08",1,"Godda",TRUE,252872,50991,45896,50075,38811,67099,252371,74327,31471,18926,5119,6829,75745,101105,32456,36737,550271,234753,240526,74992,2011,0.201647473820747,0.616853586003986,0.265347685785694,0.294514821433524,0.124701332561982,0.0749927685827611,0.0202836300525813,0.0270057578537758,0.673455344996678,0.145279034452213,2.17608513398083,0.573386567709365,0.237678991372917
"pc2001__20__09",1,"Sahibganj",TRUE,226574,56207,42744,45140,31652,50831,226092,50895,24957,13545,4348,5343,65192,96339,29128,30572,489217,321894,133294,34029,2011,0.24807347709799,0.563272926284569,0.224346129741277,0.225107478371636,0.110384268350937,0.0599092404861738,0.0192311094598659,0.0235816995771801,0.688688905170055,0.134931633815001,2.15919302303,0.342022047475865,0.203373116666567
"pc2001__20__10",1,"Pakur",TRUE,182093,50237,37176,36499,24296,33885,181696,29930,13981,7440,2397,3986,47318,80284,24380,26125,403802,251467,125398,26937,2011,0.27588649755894,0.519954089393881,0.186086230662354,0.164725695667489,0.0769472085241282,0.0409475167312434,0.0131923652694611,0.0218899133959021,0.718253859291681,0.14347064412141,2.21755915933067,0.37725172237879,0.176827387008895
"pc2001__20__11",2,"Dumka;Jamtara",TRUE,429298,61188,77404,93290,75547,121869,427488,100835,46095,23786,7926,14469,124021,165115,58244,67449,948816,358632,471447,118737,2011,0.142530363523706,0.67716597794539,0.283879729232375,0.235877966165132,0.107827588142825,0.0556413279437084,0.0185408713227038,0.0337038607214569,0.677403575138948,0.157114638316507,2.21015704708617,0.622021551069965,0.201186409662071
"pc2001__20__12",1,"Dhanbad",TRUE,505988,37279,59899,91747,88584,228479,503949,269114,153524,95567,40365,21561,274195,127290,46435,36507,840090,543177,232567,64346,2011,0.073675660292339,0.807944061914512,0.45155023439291,0.534010385971596,0.304641937973882,0.189636252874795,0.0800973908074031,0.0426116824904938,0.415488114342633,0.0721499324094643,1.66029629161166,0.353429989643967,0.216716681317423
"pc2001__20__13",1,"Bokaro",TRUE,393846,31683,49769,76884,71119,164391,393261,206983,115648,73364,32230,16694,195909,112337,36940,31966,681093,376728,229669,74696,2011,0.0804451486113862,0.793188200464141,0.417399186484057,0.526324756332309,0.294074418770231,0.186552950839265,0.0819557494895248,0.0423871259324711,0.460187484448236,0.0811637035795717,1.7293383708353,0.446877298694892,0.245415865819
"pc2001__20__14",2,"Khunti;Ranchi",TRUE,671045,53007,80360,136770,121868,279040,669255,358413,230584,145284,79909,25078,241707,229855,83208,91197,1390284,897938,406352,85994,2011,0.0789917218666408,0.801254759367852,0.415829042761663,0.535540264921442,0.344538329934031,0.217083174574714,0.119399929772658,0.0373715622648258,0.60243351787138,0.13590295732775,2.07181932657273,0.354133400082285,0.174661721634785
"pc2001__20__15",1,"Lohardaga",TRUE,88442,9310,13123,19142,15693,31174,88108,33596,18621,8915,3791,2718,19008,34471,13079,19166,220643,102467,89032,29144,2011,0.10526672847742,0.74635354243459,0.352479591144479,0.381304762337132,0.211342897353248,0.101182639487901,0.0430267399101103,0.0307320051559214,0.754347481965582,0.216706994414418,2.4947762375342,0.53559822881306,0.246615217979962
"pc2001__20__16",2,"Gumla;Simdega",TRUE,306628,33617,46855,64282,54700,107174,305729,113644,61801,27626,11549,8528,62262,120326,49048,66464,773550,432476,280794,60280,2011,0.109634475651278,0.737558213861748,0.349524505263707,0.371714819333462,0.202143074422119,0.0903610714063762,0.0377752846475146,0.0278122024081297,0.76913393427867,0.216757765109514,2.52276373977588,0.44092043177558,0.176735840316178
"pc2001__20__17",2,"Pashchimi Singhbhum;Saraikela-Kharsawan",TRUE,522710,83420,91709,109397,85880,152304,521253,192225,99317,50844,21528,16193,169367,190172,72971,74007,1120703,567787,448653,104263,2011,0.15959136041017,0.664959537793423,0.291373801916933,0.368774855972052,0.1905351144262,0.0975418846510236,0.0413004817238462,0.0309789366952995,0.645003921868723,0.141583287099922,2.14402441124142,0.493365325157513,0.188569330603564
"pc2001__20__18",1,"Purbi Singhbhum",TRUE,476486,43627,57287,96921,88891,189760,475901,261189,172927,114060,64324,20827,226887,138934,52517,37321,833920,526457,247144,60319,2011,0.0915598779397506,0.7882120356107,0.398248846765697,0.548830534081668,0.363367591158665,0.239671696424256,0.13516256532346,0.0437095738384758,0.480123235520036,0.0783254912001612,1.75014585947961,0.368696037989256,0.196182955347473
"pc2001__21__02",1,"Jharsuguda",TRUE,135518,10195,17757,33458,26075,48033,135384,61089,37220,17225,8489,6355,60047,41449,15597,12070,245120,169748,61962,13410,2011,0.0752298587641494,0.793739577030358,0.354440000590327,0.451227619216451,0.274921704189565,0.127230691957691,0.0627031259232997,0.0468941395239009,0.510013429950265,0.089065659174427,1.80876341150253,0.307490208877285,0.177917529055883
"pc2001__21__03",1,"Sambalpur",TRUE,249023,23040,35681,61968,47739,80595,248814,98254,60039,32682,16336,11608,82300,90423,34468,30224,503882,335221,142334,26327,2011,0.0925215743124129,0.764194471996563,0.323644803893616,0.394889355100597,0.241300730666281,0.131351129759579,0.0656554695475335,0.0466141681692053,0.622894270810327,0.121370315191769,2.02343558627115,0.334723209005283,0.156094177077095
"pc2001__21__07",1,"Mayurbhanj",TRUE,584142,99749,107418,141002,103189,132784,583298,178593,87807,51816,20434,24848,165446,238537,83398,71913,1219689,545569,537405,136715,2011,0.170761561401166,0.645348220124559,0.227314591315125,0.306177974208724,0.150535403858748,0.088832809301592,0.0350318362140793,0.0425376021583793,0.674233319980416,0.123108764649691,2.08800086280391,0.552698269804844,0.202805138551
"pc2001__21__09",1,"Bhadrak",TRUE,305964,13887,26364,59983,56046,149684,305496,141547,86502,44665,19981,20346,172172,69537,28229,15680,467907,327642,114031,26234,2011,0.0453876926697259,0.868445307291054,0.489220954099175,0.46333503548328,0.283152643569801,0.14620486029277,0.0654051116872234,0.0664980193748284,0.370782183524859,0.0512478592252683,1.52928775934424,0.299771108361277,0.187031690015328
"pc2001__21__14",1,"Dhenkanal",TRUE,278960,20473,33406,69206,53952,101923,278774,114566,69243,30083,13184,19692,145856,73975,24960,14477,434486,276520,129746,28220,2011,0.0733904502437625,0.806857613994838,0.365367794665902,0.410963719715612,0.248383995638044,0.107911785173653,0.0472927891410246,0.0705907657011758,0.406552910811586,0.0518963292228276,1.55752079151133,0.363569827336209,0.17864603775496
"pc2001__21__17",1,"Khordha",TRUE,492262,16609,42071,104155,100229,229198,491697,276695,191883,141867,82432,27885,263320,125532,48718,26807,782425,624559,134011,23855,2011,0.0337401627588561,0.880795186303229,0.465601651153248,0.562734773651253,0.39024643225401,0.288525250306591,0.167647962057934,0.056646663768481,0.408434939117787,0.0544567730192458,1.58944830192052,0.201765025401796,0.15110916853534
"pc2001__21__18",1,"Puri",TRUE,366589,11673,29142,77041,74234,174499,366240,159052,94878,56682,26331,16685,183526,101402,41138,23838,617396,446603,139712,31081,2011,0.0318421993022158,0.888662780388937,0.476007190614012,0.434283529925732,0.259059633027523,0.154767365661861,0.0718954783748362,0.0455141861867105,0.453854316414295,0.0650265010679535,1.6841640092856,0.276634445315486,0.181980526133975
"pc2001__21__19",1,"Ganjam",TRUE,757121,81313,104400,157081,144008,270319,756159,235563,127972,69775,29382,49702,265308,245603,104086,92422,1496537,896497,497041,102999,2011,0.107397628648525,0.754711598278214,0.357035401210639,0.311525750536593,0.169239538245263,0.0922755663822027,0.0388569070790667,0.065646046008498,0.583937045729811,0.12207031636951,1.9766153626699,0.400952331950363,0.171653556429571
"pc2001__21__20",1,"Gajapati",TRUE,127966,30438,28000,28355,18554,22619,127708,29913,13582,7248,2643,6031,26519,53474,21225,20717,292876,169956,102606,20314,2011,0.237860056577528,0.543331822515356,0.176757888814216,0.234229648886522,0.106351990478279,0.0567544711372819,0.0206956494503085,0.0471297063282434,0.745635559445478,0.161894565744026,2.28870168638545,0.419699804695503,0.165261958997722
"pc2001__21__22",1,"Baudh",TRUE,106842,11941,18715,28632,18819,28735,106771,22720,10612,5442,1724,5412,27216,47920,14758,11536,219183,123557,81394,14232,2011,0.111763164298684,0.713071638494225,0.268948540836001,0.212791862959043,0.0993902838785813,0.0509688960485525,0.016146706502702,0.0506542370977705,0.694614477452687,0.107972520169971,2.05146852361431,0.436283835881432,0.148829816158785
"pc2001__21__24",1,"Balangir",TRUE,414186,67918,81246,108920,66627,89475,413724,113640,56231,29176,11063,26239,170946,144402,44034,28565,719149,401210,257704,60235,2011,0.163979468161647,0.639862284094586,0.216026133186539,0.274675870870435,0.135914281018263,0.0705204435807446,0.0267400489215032,0.0633507651151898,0.523921619755376,0.0689665995470634,1.73629480474956,0.442104487387176,0.189454580910175
"pc2001__21__25",1,"Nuapada",TRUE,151900,32400,35501,36908,22068,25023,151404,37415,16340,6968,2408,10847,38170,65945,20682,16256,304722,151177,126666,26879,2011,0.213298222514812,0.552988808426596,0.164733377221856,0.247120287442868,0.107923172439301,0.0460225621515944,0.0159044675173707,0.0714088215931534,0.677307439104674,0.107017774851876,2.00606978275181,0.503885508758803,0.175056172457586
"pc2001__21__26",1,"Kalahandi",TRUE,400623,81661,90332,100854,58836,68940,400269,95111,41059,20664,6912,19523,129088,174610,48219,29183,750769,376076,309320,65373,2011,0.203835026945532,0.570686156311545,0.172081982312548,0.237617702095341,0.102578515948025,0.0516252819978564,0.017268387009736,0.0487316005321711,0.629050254229038,0.0728440453992906,1.87400373917623,0.49907894438902,0.174470833455656
"pc2001__21__28",1,"Nabarangapur",TRUE,272663,81437,65596,55548,33235,36847,272284,33350,15212,7580,2877,11444,59907,118502,41317,41493,609839,278600,275647,55592,2011,0.298672720537807,0.460751917201821,0.13513751407415,0.122482408073923,0.0558681376797755,0.0278385803058571,0.0105661735540832,0.0419712245519194,0.738317996941279,0.15217686301405,2.23660342620744,0.543158112223062,0.167830478898922
"pc2001__21__30",1,"Malkangiri",TRUE,136988,42256,31680,27931,16801,18320,136773,16389,7329,4170,1490,4680,28693,61674,22200,19741,307843,176518,110618,20707,2011,0.30846497503431,0.460273892603732,0.133734341694163,0.119826281502928,0.0535851374174727,0.0304884736022461,0.0108939629897714,0.034163576371653,0.756380120886501,0.144107513066838,2.24722603439717,0.42659732396059,0.157677517608985
"pc2001__22__03",1,"Jashpur",TRUE,192078,24943,33463,47717,34813,51142,191877,63762,32241,17352,6644,5243,35190,76540,33108,41997,482592,289896,142375,50321,2011,0.129858703235144,0.695925613552827,0.266256416664064,0.332306633937366,0.168029518910552,0.0904329335980863,0.0346263491716047,0.0272962025843668,0.789496975187164,0.218645550245213,2.51247930528223,0.399293813407599,0.261141902270935
"pc2001__22__05",1,"Korba",TRUE,279710,33686,44429,67617,47592,86386,279449,108410,59100,38696,18610,11101,110320,102887,31224,24178,519303,348552,144011,26740,2011,0.120431875871438,0.720728611776483,0.308841299917772,0.387941985836414,0.211487605967457,0.138472494086578,0.0665953358215631,0.0396875335168567,0.56590397197097,0.0864395266526045,1.85657645418469,0.328808036926419,0.156602303939655
"pc2001__22__10",1,"Durg",TRUE,701015,47258,75317,142122,130179,306139,700095,335419,195039,112492,63219,30933,217320,256884,94213,101665,1493311,1203674,241792,47845,2011,0.0674136787372595,0.825146394870295,0.436708201678994,0.479104978610046,0.27858933430463,0.16068105042887,0.0903006020611488,0.0441260172749513,0.645866350934003,0.145025427415961,2.13021262027203,0.193956248899258,0.165189530343154
"pc2001__22__11",1,"Raipur",TRUE,869351,77351,117871,197848,150592,325689,867515,364609,209758,128861,69125,39455,282165,341117,108323,98291,1749380,1251940,420317,77123,2011,0.0889755691314555,0.775439379491138,0.37463464124387,0.420291291793225,0.241791784580094,0.148540371059866,0.0796816193379942,0.0453844304544425,0.630045861798054,0.113062502947601,2.01228272584951,0.284352170483257,0.155039803795433
"pc2001__22__12",1,"Mahasamund",TRUE,248376,32390,40369,61033,44055,70529,247518,78440,37022,20298,6921,15495,67948,104693,33470,26770,498553,340180,134565,23808,2011,0.130407124681934,0.70706106870229,0.283960608110284,0.316906245202369,0.149572960350358,0.0820061571279665,0.0279616027925242,0.0623852546139724,0.664045640480562,0.107780139788063,2.00725110316617,0.317665323446053,0.150328654505503
"pc2001__22__13",1,"Dhamtari",TRUE,170797,12670,19702,36003,31921,70501,170651,66820,34809,18124,7046,6793,33622,72792,27530,30060,402287,334773,53542,13972,2011,0.0741816308248974,0.810465055006821,0.412776571017055,0.391559381427592,0.203977708891246,0.106205061792782,0.0412889464462558,0.0397723613412414,0.763374063947259,0.175998407466173,2.35535167479522,0.167825457944204,0.206949669698137
"pc2001__23__01",1,"Sheopur",TRUE,145911,28121,31221,29575,22063,34931,145767,33712,11898,9645,2892,3803,53695,61598,14279,12536,277217,195996,69012,12209,2011,0.192727073352934,0.593300025357924,0.239399359883765,0.231273196265273,0.0816234127065797,0.066167239498652,0.0198398814546502,0.026063833432709,0.605937866233526,0.0859153867768708,1.89990473644893,0.292987082321791,0.150318267443149
"pc2001__23__02",1,"Morena",TRUE,362254,29840,51418,67024,61783,152189,361707,167695,60060,42034,12972,12884,165744,107412,39565,36649,675348,520449,129568,25331,2011,0.0823731414974024,0.775687777084587,0.420116824106842,0.463621107692138,0.166045998556843,0.116210081640665,0.0358632816063831,0.0355662049280339,0.506898474551006,0.101169345266029,1.86429411407465,0.229361751274898,0.163532366251557
"pc2001__23__03",1,"Bhind",TRUE,298752,17923,33202,49073,50229,148325,297980,153351,59448,38112,12212,14596,150147,74860,34052,25097,519833,421293,83058,15482,2011,0.0599929038131962,0.828871438517566,0.496482031919452,0.514635210416806,0.199503322370629,0.127901201422914,0.040982616282972,0.0488565766923736,0.448562687446444,0.084006132176521,1.74001512960583,0.189560878205116,0.157113862390907
"pc2001__23__04",1,"Gwalior",TRUE,382605,25188,40615,65775,66514,184513,381820,211741,132447,100296,59686,17398,184655,105551,42527,32474,675767,550923,102971,21873,2011,0.0658329086133218,0.828013225127743,0.482254544504123,0.554557121156566,0.346883348174532,0.262678749148814,0.156319731810801,0.0454724846774088,0.471901830869957,0.0848760470981822,1.76622626468551,0.184744149980689,0.175202652910833
"pc2001__23__07",2,"Ashoknagar;Guna",TRUE,416261,56649,71397,84854,70562,132799,415638,107253,46400,37691,16417,11054,156839,154585,46218,47565,828483,593673,194860,39950,2011,0.13609009731875,0.692390111012081,0.319028205861226,0.258044259668269,0.111635605984053,0.0906822764039862,0.0394983134362113,0.0265554543903945,0.596664112179618,0.114267250595179,1.99029695311355,0.283421627239183,0.170137558025638
"pc2001__23__09",1,"Chhatarpur",TRUE,355668,54053,60204,72584,57870,110957,354758,102971,46862,33983,14545,16185,101928,146996,42829,47730,750083,552661,163978,33444,2011,0.151976000089972,0.678753781616564,0.311967902650787,0.290257020278612,0.132095682126971,0.0957920610669809,0.0409997801318082,0.0455059212524039,0.667912210263504,0.134198184824049,2.10894148475545,0.263200205843887,0.169403612565975
"pc2001__23__10",1,"Panna",TRUE,228483,37809,41228,51172,37394,60880,228072,65462,28522,17618,6187,11711,75434,97357,24501,19480,431486,276285,122021,33180,2011,0.165478394453854,0.654079296927999,0.266453084036887,0.287023396120523,0.125056999544004,0.0772475358658669,0.0271273983654285,0.0512554544539419,0.618593068193257,0.0852579841826307,1.8884818564182,0.359689538015138,0.213787282298439
"pc2001__23__11",1,"Sagar",TRUE,517072,47891,72233,120161,84707,192080,516633,179938,93375,64991,31444,17634,188002,200923,61750,48763,997872,771271,190889,35712,2011,0.0926195964971996,0.767684190983074,0.371476312776557,0.348289791786433,0.180737583545767,0.125797229367849,0.0608633207712245,0.0341035677816629,0.602306835411703,0.0943060154098462,1.92985116192716,0.227084235252618,0.157598598417483
"pc2001__23__12",1,"Damoh",TRUE,297248,41467,52215,70721,49078,83767,296998,81388,37024,24691,10543,11202,98624,126292,34863,26267,573767,389316,151670,32781,2011,0.139503041231564,0.684835558187103,0.281808456238562,0.274035515390676,0.124660772126412,0.0831352399679459,0.0354985555458286,0.0376857035202928,0.63052400688987,0.0883672892668748,1.93026361825815,0.321473699254227,0.177721996627831
"pc2001__23__15",1,"Umaria",TRUE,144812,21502,26602,33602,24232,38874,144654,39774,18368,11877,4389,5649,44460,63497,16336,14870,288568,137648,111791,39129,2011,0.148482169985913,0.667817584178107,0.268444604038339,0.274959558671036,0.126978859900176,0.0821062673690323,0.0303413662947447,0.0390091981327514,0.653972046515482,0.102684860370688,1.99270778664752,0.522996312827479,0.259269811820832
"pc2001__23__16",2,"Anuppur;Shahdol",TRUE,420479,63957,77001,97523,69553,112445,419948,130151,67278,43675,18068,17830,131196,177574,49226,44653,836089,465920,299678,70491,2011,0.152105099184501,0.664768038356256,0.267421202961384,0.309921704591997,0.16020554925848,0.104000971548858,0.04302437444636,0.0424040201769886,0.645580397594172,0.106195553166746,1.9884203491732,0.442738751496551,0.190429236375818
"pc2001__23__18",1,"Neemuch",TRUE,179481,19312,29529,36640,33515,60485,179286,63120,30669,21849,10062,6179,40363,76424,24814,31701,415807,355680,51361,8766,2011,0.107599133055867,0.727876488319098,0.336999459552822,0.352063183963053,0.171061878785851,0.121866738060975,0.0561226197249088,0.0344270424167461,0.74068564360573,0.176625938121584,2.31671876131735,0.144603145209196,0.145791408186006
"pc2001__23__19",1,"Mandsaur",TRUE,286607,24348,43411,60883,56559,101406,286360,92228,40736,28675,11830,7520,63356,121266,40559,53906,679370,534795,126071,18504,2011,0.084952565708444,0.763582187455296,0.353815503459441,0.322070121525353,0.142254504819109,0.100136192205615,0.0413116357033105,0.0262380193086701,0.752706668015785,0.188083333624092,2.37038872044298,0.212807453964703,0.127988933079716
"pc2001__23__20",1,"Ratlam",TRUE,296193,41201,46691,56833,51262,100206,295805,91325,49046,33870,17954,8904,69663,123170,41614,52842,690199,470545,189926,29728,2011,0.139101869389216,0.703261049383341,0.338313194437411,0.308733794222545,0.165805175706969,0.11450110714829,0.0606953905444465,0.030061480183529,0.73474390009217,0.178403946075701,2.33023400282924,0.318247346055268,0.135340125834267
"pc2001__23__21",1,"Ujjain",TRUE,390724,33931,49757,74451,73046,159539,390182,147635,81121,58908,32665,11690,109731,145547,55084,68672,894899,679850,178944,36105,2011,0.0868413509280208,0.78581300355238,0.408316356302659,0.378374707187928,0.207905541516523,0.150975698520178,0.0837173421634007,0.0299188173749245,0.689240998761274,0.175755776456015,2.29036097091553,0.240305330545682,0.167891968807109
"pc2001__23__23",1,"Dewas",TRUE,308418,31421,41886,60798,58867,115446,307950,116622,51751,31786,14721,7702,74830,121479,43112,61295,741606,527787,168953,44866,2011,0.101877970805854,0.762312835178232,0.374316674124078,0.378704335119338,0.168050008118201,0.103218054879039,0.0478032148075986,0.0249726021179049,0.732402129577392,0.198740021658917,2.40454837266307,0.288318864734104,0.20983168006585
"pc2001__23__24",2,"Alirajpur;Jhabua",TRUE,316867,101741,67163,58263,40292,49408,314211,53987,25383,17965,7455,6569,39483,132792,51646,86377,880320,634588,198685,47047,2011,0.321084240391079,0.466956167729678,0.155926619054682,0.17181766392647,0.0807832953015649,0.0571749556826464,0.0237260948852841,0.0207310953807118,0.854664575358116,0.272597020200904,2.77820031748336,0.279139403853144,0.191456546155975
"pc2001__23__25",1,"Dhar",TRUE,424600,73840,70266,85144,74156,121194,423649,130126,61250,38339,15947,9523,94660,179449,56765,84203,1025455,781030,211002,33423,2011,0.173904851625059,0.660607630711258,0.28543099387659,0.30715521575644,0.144577232567526,0.0904970860311248,0.0376420102490505,0.022428167687235,0.754632595383891,0.198311351860575,2.4151083372586,0.23835760711099,0.13674133169684
"pc2001__23__26",1,"Indore",TRUE,647228,33520,57259,122500,123651,310298,645557,392861,268069,187722,125056,23807,265081,203147,85169,70024,1257254,1127068,112876,17310,2011,0.0517900956077302,0.859741852948266,0.479426106410724,0.608561288933433,0.415252255029378,0.290790743497476,0.193717983075081,0.0367830192760511,0.553653426613187,0.10819062216097,1.94252102813846,0.103547890879647,0.132963605917687
"pc2001__23__28",1,"Barwani",TRUE,242672,61696,40566,44327,35437,60646,242043,51772,27029,17718,7571,5190,39668,100580,35136,62098,652116,524427,111423,16266,2011,0.254236170633612,0.57859992088086,0.24990934265181,0.213895878005148,0.111670240411828,0.0732018690893767,0.031279566027524,0.0213868925957671,0.815149667040285,0.25589272763236,2.68723214874398,0.195807187678266,0.127387637149637
"pc2001__23__30",1,"Rajgarh",TRUE,344958,55089,69530,80556,57158,82625,344597,97494,36758,29557,9771,13073,80718,162697,42436,46034,744870,471249,231308,42313,2011,0.159697702328979,0.638741527954128,0.239521912812574,0.28292178980084,0.106669529914654,0.0857726561751843,0.0283548608954808,0.037897367215719,0.728108929202975,0.133448129917265,2.1593063503383,0.367340609770832,0.154640908409808
"pc2001__23__31",1,"Vidisha",TRUE,299258,33813,43681,63406,50529,107829,298906,88128,42808,32732,14816,10244,128936,99947,34398,25733,549550,396629,120023,32898,2011,0.112989460599215,0.741046187570591,0.360321194420868,0.294835165570447,0.14321559286197,0.109505998541347,0.0495674225341746,0.0342313321615462,0.534916359796563,0.0859893469848759,1.83637530157924,0.278265853880448,0.215130688394661
"pc2001__23__32",1,"Bhopal",TRUE,498632,30729,52468,105701,89805,219929,497632,303273,218483,160015,109610,24000,242097,145246,50676,36613,853106,693603,134700,24803,2011,0.061626610406071,0.833149497023857,0.441064753164658,0.609432271236576,0.439045318629027,0.321552874413221,0.220263166355861,0.0481316882991866,0.466345922443806,0.0734268959874216,1.71089300325691,0.186967387405551,0.155501777396036
"pc2001__23__33",1,"Sehore",TRUE,256697,23721,35150,53171,46655,98000,256281,91472,39765,27217,10414,7544,66822,105335,34115,42881,583860,370290,167422,46148,2011,0.0924085595079023,0.770659571401302,0.381773063183442,0.356920723736836,0.155161717021551,0.106199835336993,0.040635084145918,0.0293887345781213,0.710296575339798,0.167049089003767,2.2745104150029,0.36578974411674,0.216079037317975
"pc2001__23__34",1,"Raisen",TRUE,278438,27265,37793,64205,47169,102006,278105,90154,41957,27846,10819,8475,117980,95494,31911,24578,516597,369177,117656,29764,2011,0.0979212607474555,0.76634654752584,0.366350857282411,0.324172524765826,0.150867478110785,0.100127649628737,0.0389025727692778,0.0304376557797427,0.545841444055768,0.0882709974931583,1.85533942924457,0.285367510845011,0.201899335232669
"pc2001__23__35",1,"Betul",TRUE,329115,35107,47154,72306,59630,114918,328659,125037,76423,43012,21893,11076,75730,128122,49989,64198,784875,509831,214111,60933,2011,0.106670920498914,0.75005393251599,0.349172781550522,0.380445994176335,0.232529764893096,0.130871206934847,0.0666131157217663,0.0336538899776674,0.736244169970983,0.195062516141774,2.38480470352308,0.350430323299888,0.221539099198674
"pc2001__23__36",1,"Harda",TRUE,112984,10768,14749,22507,19226,45734,112689,39716,19334,13869,5610,4119,39799,40629,14593,13844,230274,163306,52270,14698,2011,0.0953055299865468,0.774153862493804,0.404782978120796,0.352439013568316,0.171569540948983,0.123073236961904,0.0497830311742939,0.0364564894144304,0.611290094172626,0.122530623805141,2.03811159102174,0.290818763733639,0.219477959622506
"pc2001__23__38",1,"Katni",TRUE,288636,32566,46352,64723,50625,94370,288216,97355,49735,29513,14330,12992,101905,116835,32783,24121,542014,315145,177142,49727,2011,0.112827228758713,0.726582962624205,0.326951593009881,0.337784855802592,0.172561551058928,0.10239889527299,0.0497196547034169,0.0450117102509735,0.601931152039247,0.0835689241813218,1.87784614531798,0.41856667908947,0.21918816585783
"pc2001__23__39",1,"Jabalpur",TRUE,536243,35169,58787,113458,99311,229518,535412,274339,182894,118935,76772,27077,216818,179267,65312,47769,987977,728018,211546,48413,2011,0.0655840728923268,0.824788388846102,0.42801118149794,0.512388590468648,0.341594883939844,0.222137344699036,0.143388642764824,0.0504938992210621,0.545178212116522,0.0890808831070988,1.84240540202856,0.263122522083004,0.186233213699083
"pc2001__23__41",1,"Dindori",TRUE,169222,26237,35724,42010,29331,35920,169011,41784,17279,9560,2955,5150,29282,84009,24816,25965,389110,249638,109101,30371,2011,0.155044852324166,0.633847844842869,0.212265544669133,0.247226511883842,0.102235949139405,0.0565643656330061,0.0174840690842608,0.0304333951850232,0.796527638250346,0.153437496306627,2.2994055146494,0.358438487831205,0.217756969140759
"pc2001__23__42",1,"Mandla",TRUE,249218,33541,46397,61183,45486,62611,248933,70328,34124,21631,9636,8386,49852,116701,38503,35776,557841,323997,191445,42399,2011,0.134584981823143,0.679244677350753,0.251229846961295,0.282517785910265,0.137081061972499,0.0868948672936091,0.0387092109121732,0.033649254869231,0.766317039700182,0.143553033890008,2.23836560762064,0.419194716774135,0.18131318314774
"pc2001__23__44",1,"Seoni",TRUE,314421,34174,44803,74820,57888,102736,314122,101919,55965,33368,15083,12001,74026,139250,45777,43367,683628,397036,234792,51800,2011,0.108688669013838,0.748817668031079,0.326746623158122,0.324456739738064,0.178163261407988,0.106226243306741,0.0480163758030319,0.0381685701654788,0.726395501572732,0.137926537985694,2.17424408674993,0.419222150058219,0.180744752121483
"pc2001__23__45",1,"Balaghat",TRUE,391305,33232,50026,91404,72691,143952,390855,145884,88641,42311,20447,12893,79374,176102,61944,60992,891820,529654,299125,63041,2011,0.0849260806787544,0.787229910172372,0.367876720205466,0.373243274360057,0.226787427562651,0.10825242097453,0.0523135178007189,0.0329487228632397,0.764206948543975,0.155868184664137,2.27909175706929,0.406097643022135,0.174066588249587
"pc2001__24__01",1,"Kachchh",TRUE,444472,55809,63872,94832,76418,153541,443906,165385,90501,51710,27313,24079,220006,115895,48223,36269,767241,678682,75230,13329,2011,0.125562465127162,0.730734444464443,0.345445832358394,0.37256761566638,0.203874243646177,0.116488625970363,0.0615287921316675,0.0541743911877464,0.45084279774654,0.0816001907881711,1.72618522651596,0.115425270547325,0.150509829605122
"pc2001__24__03",1,"Patan",TRUE,267351,22499,34013,48609,50766,111464,266749,107906,50225,25216,10554,12958,93537,86947,36304,37605,554344,445819,97640,10885,2011,0.0841552864960296,0.788622447643734,0.416920078847657,0.404522603646124,0.188285616815808,0.0945308136112975,0.0395652842184975,0.0484681186904107,0.601665974692446,0.140657786954229,2.07346896028068,0.195771939445543,0.100299470168164
"pc2001__24__04",1,"Mahesana",TRUE,423859,19231,37952,71267,76939,218470,423022,238850,134074,72438,34011,21364,165612,136317,56133,44433,810823,697707,103246,9870,2011,0.0453712201463222,0.86508956988055,0.515430839029017,0.564627844414711,0.31694332682461,0.171239320886384,0.0804000737550293,0.0504035540120653,0.55887217211384,0.104829672131534,1.91295454384595,0.139507636068538,0.0872555606633898
"pc2001__24__07",1,"Ahmadabad",TRUE,1507594,57585,118321,259702,294189,777797,1504730,968497,677328,438014,284805,67616,737208,421016,178730,103024,2588146,2327117,231981,29048,2011,0.0381966232288003,0.883320045051917,0.515919405357145,0.643635070743588,0.450132581924996,0.291091425039708,0.189273158639756,0.0448502713595305,0.46615335428504,0.0683367007297721,1.71673938739475,0.100855593154327,0.111282654417708
"pc2001__24__08",1,"Surendranagar",TRUE,342730,31853,40785,58063,62166,149863,342112,126600,61711,33981,14950,18406,118669,108060,45592,52003,721170,584180,120647,16343,2011,0.0929390482303854,0.788060572462288,0.437262568202375,0.37005425123936,0.180382447853335,0.0993271209428491,0.0436991394630998,0.0537040819303825,0.600049601727307,0.151731683832755,2.10419280483179,0.189955211669925,0.11930067888167
"pc2001__24__09",1,"Rajkot",TRUE,785783,44615,65015,135194,151490,389469,784418,424281,286466,145709,90957,32842,342689,225345,105343,79564,1477453,1323381,135151,18921,2011,0.0567777617993772,0.860483110477066,0.495644471819828,0.540886364157885,0.365195597245346,0.185754278968611,0.115954758814816,0.0417952539059766,0.522093249663075,0.101254417568209,1.88023029258714,0.104282166674676,0.122806220468352
"pc2001__24__11",1,"Porbandar",TRUE,124430,10819,12665,22925,25029,52992,124189,49449,27244,13940,7028,7889,51671,36056,16152,12662,230580,194891,31136,4553,2011,0.0869484850920196,0.811267379249377,0.425878003696858,0.398175361747015,0.219375306991763,0.112248266754705,0.0565911634685842,0.0634011090573013,0.521337298079241,0.101760025717271,1.85309009081411,0.154779252320236,0.127574322620415
"pc2001__24__13",1,"Amreli",TRUE,294462,23987,32536,48759,50893,138287,293933,123235,75606,27490,13797,10983,95753,92388,44442,50896,656403,528524,108995,18884,2011,0.0814604261330834,0.808046539112008,0.46962596192378,0.419262212817207,0.257221883898712,0.0935247148159615,0.0469392684727472,0.0372985308800456,0.63752198925498,0.172844034204753,2.22916029912179,0.194817817712594,0.147670845095755
"pc2001__24__14",1,"Bhavnagar",TRUE,538203,37487,55510,86218,91400,267588,536992,204426,106932,56446,27023,23033,199974,153659,77248,84289,1149569,991245,141302,17022,2011,0.0696521572715128,0.827208321023852,0.497187864058729,0.380687235564031,0.19913145819677,0.105115160002384,0.0503229098385078,0.0427961196797491,0.58564519335641,0.156611910375825,2.13593941319539,0.137724660285724,0.107513706071095
"pc2001__24__15",1,"Anand",TRUE,427117,18279,37994,71570,79503,219771,426086,218162,120146,63607,32845,18375,163875,134951,61334,48582,843745,689145,139798,14802,2011,0.0427962361601154,0.868249215086264,0.514545194876345,0.512014006562056,0.281975939129659,0.149282069816891,0.0770853771304385,0.0430209989300356,0.573301928979647,0.113744009252734,1.97544232610737,0.183230715441277,0.0957438551099612
"pc2001__24__17",1,"Panch Mahals",TRUE,446398,33394,52211,81782,87075,191936,445363,207625,102912,40701,16531,14038,112678,157250,62671,99761,1096988,684741,379701,32546,2011,0.0748076828301202,0.808231667704604,0.429966084077438,0.466192746141911,0.231074426928146,0.091388373079937,0.0371180362984801,0.0314472735092899,0.716136721042657,0.223479943906559,2.45742140421776,0.375799006005535,0.0789478152660905
"pc2001__24__18",1,"Dohad",TRUE,333715,37048,45222,61856,61911,127678,331719,132163,68270,25080,10625,6584,44071,124988,46512,111560,998278,552819,397922,47537,2011,0.111016885665913,0.753472274245988,0.382595927662826,0.398418540994034,0.205806721954425,0.07560616063596,0.0320301218802661,0.0197294098257495,0.848208800922943,0.334297229672026,2.99140883688177,0.44622740358898,0.106714647139243
"pc2001__24__20",1,"Narmada",TRUE,121713,12696,16232,23895,22862,46028,121343,43503,21063,9262,3522,3457,28621,45309,18734,25592,294424,193615,91514,9295,2011,0.104310961031279,0.762326127858158,0.378168313984537,0.358512645970513,0.173582324485137,0.0763290836719053,0.0290251600834,0.0284028821900701,0.736445572781872,0.21026513190867,2.41900207866046,0.342393962448713,0.0922040690811336
"pc2001__24__21",1,"Bharuch",TRUE,332730,22094,33284,62998,62498,151856,331765,166980,97408,50451,26932,15270,142682,96487,43795,34496,625393,525053,87764,12576,2011,0.066402187960208,0.833564752201485,0.456394073272623,0.503308064443205,0.293605413470378,0.152068482208792,0.0811779422181363,0.045893066450275,0.52528476542542,0.103675652931807,1.87958104168545,0.160443113370313,0.125333864859478
"pc2001__24__23",1,"The Dangs",TRUE,44302,4236,5594,9944,8272,16256,44012,11607,6085,2663,1136,933,5961,19726,6324,11358,118037,87861,27415,2761,2011,0.0956164507245723,0.77811385490497,0.366936029976073,0.263723529946378,0.13825774788694,0.0605062255748432,0.0258111424157048,0.0210599972913187,0.844386257956751,0.256376687282741,2.66437181165636,0.255648652541152,0.091496553552492
"pc2001__24__24",1,"Navsari",TRUE,294752,15239,26757,54655,59536,138565,294226,170105,120596,50615,30919,14340,104520,95998,43572,36322,591417,509632,72943,8842,2011,0.0517010910867441,0.857520898925198,0.470107073064814,0.578144011746073,0.409875401901939,0.172027625022942,0.105085886359465,0.0486510693735751,0.596745738790576,0.123229019650418,2.00649020193247,0.138286522030987,0.108112734609036
"pc2001__24__25",1,"Valsad",TRUE,363817,22853,38529,74263,73738,154434,362777,204837,131926,59567,33850,12174,137099,117305,48980,48259,742297,576575,141863,23859,2011,0.0628145468738404,0.83128331001575,0.42448263824945,0.564636126325539,0.363655909828903,0.164197289243805,0.0933080101549988,0.0334618778121968,0.58970306500246,0.132646357921702,2.04030322937081,0.223255651039948,0.143970022085179
"pc2001__25__01",1,"Diu",TRUE,10572,761,1004,1843,1663,5301,10564,6449,4012,1400,564,1325,5350,2274,1035,588,15737,14706,855,176,2011,0.0719825955353765,0.833049564888384,0.501418842224745,0.610469519121545,0.379780386217342,0.132525558500568,0.053388867853086,0.125331063185774,0.368615209988649,0.0556186152099886,1.48855467272039,0.0655143928321789,0.170708050436469
"pc2001__25__02",1,"Daman",TRUE,50328,1473,6878,14783,10342,16852,50296,32477,14571,7430,3423,1170,20955,13466,7174,7563,105385,101583,2717,1085,2011,0.0292680019074869,0.834068510570656,0.334843427118105,0.64571735326865,0.289704946715445,0.147725465245745,0.068057101956418,0.0232474964234621,0.560383881735813,0.150274201239866,2.09396359879192,0.0360772405940124,0.28537611783272
"pc2001__26__01",1,"Dadra & Nagar Haveli",TRUE,76337,4459,10186,20750,15798,25144,76198,41557,20260,13002,6376,1555,31148,23441,9616,10577,156711,130155,22906,3650,2011,0.0584120413429923,0.808153320146194,0.329381558091096,0.545381768550356,0.265886243733431,0.170634399853015,0.0836767369222289,0.0203702005580518,0.571596997524136,0.138556663217051,2.05288392260634,0.169458429848575,0.137445398403374
"pc2001__27__01",1,"Nandurbar",TRUE,321687,54569,47929,64348,52194,102647,320341,129427,71718,33471,12724,9426,66831,131474,46474,67482,789871,662438,114549,12884,2011,0.169633836617582,0.681373509032072,0.319089674124226,0.404028831776139,0.223880177685654,0.104485532604319,0.0397201731904439,0.0293017747064693,0.762946590940884,0.209775340626137,2.45540230099444,0.161333939339462,0.10110410961054
"pc2001__27__02",1,"Dhule",TRUE,407268,45945,47172,74988,71049,168114,405813,214757,126876,62840,27133,18213,113239,143516,55419,76881,934204,824214,96369,13621,2011,0.112812693361619,0.771361855092961,0.412784701965291,0.529201873769445,0.312646465243844,0.154849647497739,0.0668608447733316,0.0447199387135744,0.677234646473575,0.188772503609417,2.29383108911086,0.117736597145805,0.123838530775525
"pc2001__27__04",1,"Buldana",TRUE,560887,30418,48553,119575,105569,256772,560115,294097,153395,69482,24069,24095,150198,227952,74325,84317,1218567,1106582,97852,14133,2011,0.0542319575957368,0.859203368949539,0.457796311913095,0.525065388357748,0.273863403051159,0.124049525543862,0.0429715326316917,0.0429587421352251,0.689254698361702,0.150327962673408,2.17257130224091,0.0918989271825021,0.126204402375318
"pc2001__27__05",1,"Akola",TRUE,394967,15373,28807,81339,70022,199426,394474,243204,161328,62698,32825,16545,147117,140021,49221,42063,766866,689952,66333,10581,2011,0.0389222390731378,0.8881425536817,0.504918132400935,0.616527324994803,0.408969919437022,0.158940766691848,0.0832120748135492,0.0418895755847957,0.585631204632286,0.106497504854836,1.94159512060501,0.100296531597437,0.137569233169514
"pc2001__27__06",1,"Washim",TRUE,259092,13524,22850,56934,47520,118264,258735,144180,76419,30664,10269,9623,66574,110308,33564,39023,568986,502036,59610,7340,2011,0.0521976749571581,0.859609713924012,0.456455621941241,0.55724969563453,0.295356252536379,0.118515082999981,0.0396892573482521,0.0371412471245735,0.705907554073457,0.150614453553178,2.19607706914918,0.1176654610131,0.109634055265123
"pc2001__27__07",1,"Amravati",TRUE,646194,27109,48838,133351,119233,317663,645672,401301,287126,115204,67249,27522,242849,229979,82142,63702,1233951,1059586,147799,26566,2011,0.0419517977573298,0.882470279823087,0.491590760669396,0.621524551165298,0.44469328079892,0.178424958802612,0.104153502087747,0.0425909247068218,0.581594691377512,0.0985803025097726,1.90956740545409,0.141306259324722,0.152358558196886
"pc2001__27__08",1,"Wardha",TRUE,309392,15046,24308,65618,61103,143317,309254,192914,137074,54432,30445,13389,103788,118029,42100,32086,606864,528382,66000,12482,2011,0.0486308631121684,0.872802140973264,0.46322141490407,0.62380438086492,0.44324083116144,0.176010657905799,0.0984465843610754,0.0432751978073124,0.621266871800176,0.103706624605678,1.96147282411956,0.129323868280208,0.159042837848169
"pc2001__27__09",1,"Nagpur",TRUE,1037378,31350,73602,217308,202525,512593,1036302,715726,542124,280272,188272,44574,460170,326338,121682,84614,1856710,1644645,180146,31919,2011,0.0302204211001197,0.898829549113245,0.494123646346848,0.690653882748465,0.523133217922961,0.27045397963142,0.181676769899122,0.042967944182352,0.513442544569096,0.0815652539382944,1.78981046445944,0.114215467143496,0.150515172234928
"pc2001__27__10",1,"Bhandara",TRUE,277618,12923,24005,61465,57030,122195,277436,171536,116017,43020,21331,10242,70249,119281,40790,37056,596492,413282,156878,26332,2011,0.0465495753157216,0.866982688442392,0.440155177257959,0.618290344439799,0.418175723410084,0.1550627892559,0.0768862007814415,0.0368924205202833,0.710065629750232,0.133478376762314,2.14860707879172,0.307145778987815,0.143725779160526
"pc2001__27__11",1,"Gondiya",TRUE,291541,11354,24022,58732,58777,138656,290826,169079,109701,35898,17219,9308,67377,120589,46279,47988,663670,432943,196040,34687,2011,0.0389447796364834,0.878658576323742,0.475596914327659,0.581375117768013,0.377204926657176,0.123434631016484,0.0592072235632303,0.0319268987895356,0.736966670211051,0.16460120531932,2.27642081216707,0.34765320113912,0.150337845158997
"pc2001__27__12",1,"Gadchiroli",TRUE,248602,23821,33578,63741,49435,78027,248274,112132,64445,22411,8818,7373,57040,102582,37742,43865,578229,388275,161873,28081,2011,0.0958198244583712,0.769112879220602,0.313863122581476,0.451646165124016,0.259572085679531,0.0902672047818136,0.0355172108235256,0.0296578466786269,0.740899107810878,0.176446689889864,2.32592255894965,0.32850998479841,0.147830527390842
"pc2001__27__13",1,"Chandrapur",TRUE,534967,37096,58278,133572,110194,195827,534652,304567,199366,79126,39631,20378,178942,211124,68196,56327,1054155,801574,213769,38812,2011,0.0693425949638015,0.821719844401617,0.366054354754592,0.569654653868311,0.372889281252104,0.14799533154276,0.074124851305148,0.0380920692304385,0.627416270536313,0.10529060671032,1.97050472272121,0.239605181401217,0.153661597665699
"pc2001__27__14",1,"Yavatmal",TRUE,645538,39592,64126,156871,122498,262451,644951,311365,183948,72808,33105,21230,187843,267882,86264,82319,1353820,1193453,139975,20392,2011,0.0613317883687715,0.839330914678919,0.406561658647516,0.48277310989517,0.285212364970362,0.112889196233512,0.0513294808442812,0.0328872971072191,0.676125960051926,0.12751999107721,2.0971964469946,0.118455186066094,0.127158330579234
"pc2001__27__15",1,"Nanded",TRUE,663674,41032,67677,147882,126917,280166,662235,342085,175703,99099,33254,19719,185931,259375,90205,108444,1490699,1315187,156317,19195,2011,0.0618255348258332,0.836201207219207,0.422144004435913,0.516561341517739,0.265318202752799,0.149643253527826,0.050214802902293,0.0297118766141208,0.690134011577973,0.163399500357103,2.2461313837818,0.117738054429499,0.109365741373809
"pc2001__27__16",1,"Hingoli",TRUE,228471,12501,19631,46676,43926,105737,227896,103664,46472,24456,6543,6450,48902,90483,32701,49935,568423,513703,48454,6266,2011,0.054715915805507,0.859360706610467,0.462802718944636,0.454874153122477,0.203917576438375,0.107312107277004,0.0287104644223681,0.0282311540633166,0.757728551982527,0.218561655527397,2.48794376529188,0.0962663368653274,0.114510233918129
"pc2001__27__17",1,"Parbhani",TRUE,360103,26649,38105,77291,69126,148932,359404,171651,85711,48999,16974,12221,95297,139699,50442,62444,820687,754948,57482,8257,2011,0.0740038266829213,0.820179226499085,0.41358166968895,0.477599025052587,0.238480929538903,0.136334041913835,0.0472281888904965,0.0339375123228632,0.701424314709958,0.173405942188763,2.27903405414562,0.0801024020119729,0.125602762439343
"pc2001__27__20",1,"Nashik",TRUE,1219537,68437,102074,240211,222590,586225,1216458,714495,454452,236573,121327,44607,386559,416259,152470,219642,2748016,2509407,204856,33753,2011,0.056117198576181,0.860183823861023,0.480694722669341,0.587356900114924,0.373586264383974,0.194476915766923,0.0997379276555376,0.0365769960239009,0.646451071185212,0.180102776709522,2.25332728732298,0.08682955266636,0.141457363301468
"pc2001__27__22",1,"Mumbai Suburban",TRUE,2098683,38083,158923,410178,442810,1048689,2095465,1611364,1149183,755439,516215,111161,983630,594948,245717,163227,3701947,3485690,180700,35557,2011,0.0181461421281823,0.906128748362664,0.499689090729758,0.76897681421546,0.548414313768066,0.360511390073325,0.246348662468712,0.052967027416718,0.478343799420875,0.0777759194694959,1.76393814597059,0.058417097813664,0.164420111256514
"pc2001__27__23",1,"Mumbai",TRUE,669121,16995,59430,120733,130059,341904,667926,510495,371412,240607,162146,45106,302435,177105,77865,66610,1249498,1176436,61858,11204,2011,0.025398993605043,0.8857829899226,0.510974846104068,0.764298739680743,0.556067588325653,0.360230025481865,0.242760425556124,0.0674108270402513,0.480600668638408,0.0995485121525105,1.86737226899171,0.0584730827900485,0.153349210259779
"pc2001__27__24",1,"Raigarh",TRUE,609977,39444,62781,133294,119865,254593,609164,352457,230761,127696,76463,39973,271545,182398,64883,51178,1067443,854481,177249,35713,2011,0.0646647332604344,0.832411713884294,0.417381311098615,0.578591315310819,0.378815885377337,0.209624994254421,0.125521206111983,0.0655319790746208,0.489295498026975,0.0839015241558288,1.74997253994823,0.199506671550612,0.167696584367164
"pc2001__27__25",1,"Pune",TRUE,2144764,78537,179408,512258,439562,934999,2140830,1534426,1058206,680375,435796,109201,906995,660766,243860,223942,4015995,3721752,252330,41913,2011,0.0366180148491862,0.879732688538226,0.435944933801574,0.716743506023365,0.494297071696492,0.317808980629008,0.203564038246848,0.0509151589638767,0.52619682165497,0.10441335270454,1.8724647560291,0.0732677705027023,0.142443490584313
"pc2001__27__27",1,"Bid",TRUE,535178,39781,50713,116561,101759,226364,534146,297189,149866,91718,28869,19939,123476,219745,69178,102840,1254153,1153516,85538,15099,2011,0.0743322782326628,0.830908594897399,0.422969554054913,0.55638158855444,0.280571229588914,0.171709607485594,0.0540470208519768,0.0372567631703844,0.73202373789655,0.192160365336393,2.34343153119149,0.0802430006546251,0.150034281626042
"pc2001__27__31",1,"Satara",TRUE,652480,40093,62780,116477,125441,307689,650908,411663,260528,132193,68644,38081,207232,224580,94446,88141,1351922,1181944,143013,26965,2011,0.0614470941638058,0.842335397253556,0.471568477194703,0.632444216386955,0.400253184781874,0.203090144843818,0.10545883596453,0.0583634747425208,0.624029855321236,0.135086132908288,2.07197461991172,0.125730626471054,0.158638176705221
"pc2001__27__32",1,"Ratnagiri",TRUE,396555,33502,53675,81712,76183,151483,396239,181414,109712,45866,25972,51035,131019,127025,48024,39452,711602,552785,119590,39227,2011,0.0844826064480337,0.780164163861255,0.381997453064518,0.457839839087016,0.276883396132132,0.1157533710715,0.0655462990770722,0.12869589338175,0.540911096821374,0.0994868303261843,1.79445978489743,0.223182340690442,0.246994969052431
"pc2001__27__33",1,"Sindhudurg",TRUE,209551,13107,25457,42392,41957,86638,209312,119038,74002,29096,15797,30217,79784,60765,21829,16956,346349,225807,93324,27218,2011,0.0625480193365816,0.815968427733583,0.413445891453632,0.568710824033022,0.35354876930133,0.13900779697294,0.07547106711512,0.144198786930151,0.475063349733478,0.0809158629641472,1.65281482789393,0.348036229352474,0.225796817706691
"pc2001__27__34",1,"Kolhapur",TRUE,839157,43503,72215,158820,178633,385986,837481,570348,358301,183848,87608,35908,290693,289222,122418,100916,1701438,1506133,166840,28465,2011,0.0518413121740032,0.862102085783709,0.459968754357051,0.681027987500612,0.427831795587004,0.219524980268209,0.104608940381931,0.0427905624334898,0.610798694404027,0.120258783517268,2.02755622606973,0.114788196807642,0.145746396661632
"pc2001__27__35",1,"Sangli",TRUE,597192,34847,54542,107739,117708,282356,595968,381124,240370,126688,62851,30737,204359,201593,86579,73924,1212830,1073016,118428,21386,2011,0.0583514179694303,0.85031782073437,0.472806065720907,0.639504134450172,0.40332702426976,0.212575171821306,0.105460360287801,0.0514692092325416,0.606330962236601,0.123785985076826,2.03088788865223,0.115279140522579,0.1529603616233
"pc2001__28__01",1,"Adilabad",TRUE,648072,105910,115142,167238,118699,141083,647407,301430,166055,83215,32562,33606,185078,272551,81128,75709,1320613,1064445,223134,33034,2011,0.16342319989137,0.658908269451542,0.2176964905134,0.465595830752525,0.256492438296157,0.128535836035137,0.0502960270741589,0.0518553494056216,0.662562184448641,0.116821896332506,2.03775660729055,0.193976585116154,0.128954436151276
"pc2001__28__02",1,"Nizamabad",TRUE,591744,88373,104401,155387,110365,133218,591185,292401,167239,77811,33353,29411,136659,269058,81890,74726,1258038,1053974,172805,31259,2011,0.149343297101449,0.674227368591824,0.225127757949384,0.494601520674577,0.282887759330836,0.131618698038685,0.0564171959708044,0.0497022361020982,0.71935499134761,0.126280959333766,2.12598353341986,0.16220813679714,0.15318233495374
"pc2001__28__03",1,"Karimnagar",TRUE,973581,157027,154710,267143,187565,207136,973093,530669,309807,154555,65897,71467,259124,441707,112147,89136,1872393,1586729,246718,38946,2011,0.161288069508341,0.679803734871572,0.212756822493455,0.545342531494934,0.318373475094364,0.158828601171728,0.0677191183165432,0.0734063216106313,0.66043811454825,0.0915547858883853,1.92320207563623,0.152566261463272,0.136334994959113
"pc2001__28__04",1,"Medak",TRUE,667450,87663,113742,177402,128718,159925,666758,345253,194122,90502,38112,29593,173858,278022,92359,93618,1439863,1193631,206399,39833,2011,0.13134017529403,0.698247059704847,0.239605962993483,0.517808560227249,0.291143113393465,0.135734404386599,0.0571601690568392,0.0443374035508278,0.695181661547681,0.140262191924489,2.1572597198292,0.171010714213783,0.161770200461354
"pc2001__28__05",1,"Hyderabad",TRUE,842875,42050,74615,195970,156640,373600,840591,613714,476108,313969,203137,58272,434813,206967,80354,62469,1394328,1080930,290754,22644,2011,0.0498887735429334,0.861586830787483,0.443244846507489,0.730098228508276,0.566396737533474,0.373509828204204,0.24165973701836,0.0691348064659647,0.414996292451431,0.0741141924959217,1.65425240990657,0.224766339053652,0.072253173281259
"pc2001__28__06",1,"Rangareddy",TRUE,1227868,82596,140438,342468,257724,404642,1226153,843824,594335,400741,241870,55597,548337,395954,130861,97119,2180143,1823367,319243,37533,2011,0.0672678170617689,0.818356696322406,0.329548453091049,0.688188178799872,0.484715202752022,0.326827891788382,0.197259232738492,0.0452792971231435,0.508144197910525,0.0790956356872237,1.77555160652448,0.163647980889327,0.105200461914479
"pc2001__28__07",1,"Mahbubnagar",TRUE,867267,150755,174168,215899,150431,176014,865762,396372,206507,104247,42601,28018,164302,380395,139220,155332,2078164,1812464,238231,27469,2011,0.173827667834704,0.625348364459849,0.202952493292146,0.457830211998217,0.238526292445268,0.120410690235885,0.0492063638736743,0.0323060833630243,0.778245915041158,0.179105165998476,2.39622169412649,0.12785323968657,0.103383515242755
"pc2001__28__08",1,"Nalgonda",TRUE,874267,134747,148800,238395,166215,186110,873674,451264,246875,135992,51050,56595,214234,407167,110804,85467,1738654,1490824,215834,31996,2011,0.154125684716454,0.675674593688198,0.212875471680848,0.516513024308838,0.282571073420979,0.155655313080165,0.0584314057646216,0.0647342287882306,0.690221637097134,0.0977584650913279,1.98869910450698,0.142541299188913,0.129104628172538
"pc2001__28__09",1,"Warangal",TRUE,884160,140646,142424,234695,166760,199635,883697,489018,282222,154974,65399,56366,243245,404979,100640,78930,1701557,1439156,232735,29666,2011,0.159073018458198,0.679843014838943,0.225790580890337,0.553377458563286,0.319365121755534,0.175370064626224,0.0740061355871979,0.0637509048136084,0.661134862468332,0.0892711726384365,1.92448991132827,0.154212289097574,0.113055971585474
"pc2001__28__10",1,"Khammam",TRUE,752371,125282,137811,212509,135862,140907,751989,354612,204188,114662,50044,45417,229934,333563,86040,57417,1406235,1213083,168794,24358,2011,0.166516253284616,0.650314804797101,0.187283933059621,0.471565408536561,0.271530567601388,0.152478294230368,0.0665488457942869,0.0603651655898486,0.634022310801453,0.0763147436570522,1.86907124277783,0.13735399844265,0.126107935719019
"pc2001__28__11",1,"Srikakulam",TRUE,680169,112598,126808,185874,126290,128599,679768,322639,166230,89216,30836,52301,210044,266777,86670,64377,1289024,935239,294431,59354,2011,0.165544151527047,0.648019830365689,0.189069187216706,0.474631050593732,0.244539313412811,0.131244777630015,0.0453625354532723,0.0768941248425024,0.61429438860048,0.0946485358785831,1.89515252826871,0.274459591132516,0.167768560001131
"pc2001__28__12",1,"Vizianagaram",TRUE,586017,106171,117841,155679,103982,102344,585560,254921,133344,79361,30465,36718,172508,234304,81539,60948,1156755,952177,177298,27280,2011,0.181173924988524,0.617738051967776,0.174643397717131,0.435345652025412,0.227720472709885,0.1355300908532,0.0520271193387526,0.0626568853804582,0.642969401911549,0.104003808763227,1.97392737753342,0.176855081672437,0.133347671792666
"pc2001__28__13",1,"Visakhapatnam",TRUE,1093529,160273,187221,293337,205966,246732,1092845,601936,369364,218793,114905,66583,476554,357116,118391,74885,1877645,1471038,343678,62929,2011,0.146564928776466,0.682226991693865,0.225629132835069,0.550797231080345,0.337983886095466,0.200204969597701,0.105142998320896,0.0608881886077095,0.503317241700952,0.0684801226122032,1.71705094240756,0.216551584564707,0.154766150115468
"pc2001__28__14",1,"East Godavari",TRUE,1426836,204887,240851,392877,269362,318859,1426461,654190,395346,202546,90124,134049,732696,391901,116059,52131,2090548,1745915,286860,57773,2011,0.143595339618569,0.687603901219201,0.223472774726738,0.458610505299479,0.277151636112028,0.141991964729495,0.0631801360149349,0.0939484285510038,0.392540558270187,0.0365360840348856,1.46516348059623,0.164852947648176,0.167636297162489
"pc2001__28__15",1,"West Godavari",TRUE,1090043,132860,171866,306355,211792,267170,1089743,509509,309142,149290,67101,92655,467933,362869,107913,58673,1771034,1532416,198666,39952,2011,0.121885099945598,0.720445890666699,0.245100422643877,0.467549688321008,0.283683400581605,0.136995603550562,0.061575068617096,0.0850012338962775,0.485719370703725,0.05382631694346,1.62473773970385,0.134733720527105,0.16743078895976
"pc2001__28__16",1,"Krishna",TRUE,1240288,155569,203497,347835,235744,297643,1239304,612260,377080,213245,107172,97527,520570,433628,121273,67290,2044361,1741183,265440,37738,2011,0.125429738899352,0.710497884362342,0.239978940375139,0.494035361783711,0.304267556628559,0.172068354495749,0.0864775712819453,0.0786325434092727,0.501650423127532,0.0542535282128022,1.64829539590805,0.148299639838561,0.124474731016103
"pc2001__28__17",1,"Guntur",TRUE,1293871,205773,227028,341761,234188,285121,1293469,617029,357588,219273,98857,89514,435854,512194,150955,105354,2376763,2102243,242843,31677,2011,0.159036720043961,0.665499110807801,0.220362771868293,0.477034238934215,0.276456567571391,0.169523196922385,0.0764278077016148,0.0691830947598331,0.593956429968675,0.0814254280372618,1.83693969491549,0.115501629737588,0.115390499781437
"pc2001__28__18",1,"Prakasam",TRUE,859237,144681,158832,222990,156721,176013,858876,395943,201257,128589,49181,53122,251305,356180,106659,91971,1698492,1461811,210171,26510,2011,0.168383111993548,0.646764513166914,0.204848022140574,0.461001355259665,0.234326026108542,0.14971777066771,0.0572620494693064,0.0618246188187892,0.645700778714138,0.107037988354785,1.97674448376874,0.13934772727808,0.11200730096628
"pc2001__28__19",1,"Sri Potti Sriramulu Nellore",TRUE,775198,121745,129754,205039,143801,174859,774905,365600,214850,123597,55253,57774,313985,276882,80184,46373,1312145,1074701,202881,34563,2011,0.157050198787923,0.675568048421178,0.22556688742747,0.471799769003942,0.277259793135933,0.159499551557933,0.0713029339080274,0.0745280560579362,0.520433489250488,0.0598208457710159,1.69265787579431,0.180958659294514,0.145562743215242
"pc2001__28__20",1,"Y.S.R.",TRUE,705274,93004,121150,183941,135460,171719,704783,375180,199981,124883,48860,39919,246789,273445,83871,61250,1318043,1078603,204701,34739,2011,0.131869316038873,0.696353473968982,0.24347842115263,0.53233406594654,0.283748331046577,0.177193547517463,0.0693263032734898,0.0566006970340605,0.593479980830145,0.0868456798350712,1.86883821039766,0.18166326895253,0.145084363514868
"pc2001__28__21",1,"Kurnool",TRUE,885385,138210,158581,214780,161328,212486,884200,412919,214733,134399,54295,30753,225463,351891,128004,149274,2025576,1754868,243523,27185,2011,0.156101582927201,0.66478876420992,0.239992771506181,0.466997285681972,0.2428556887582,0.152000678579507,0.0614057905451255,0.0347340422528053,0.710616285570684,0.168597841616924,2.2877911868848,0.133644948399863,0.10042185676079
"pc2001__28__22",1,"Anantapur",TRUE,966236,125074,172977,258441,193996,215748,965275,473499,261003,139055,56238,44078,264712,396233,138064,123149,2033288,1677234,316787,39267,2011,0.12944456633783,0.691533952367745,0.223287064443883,0.490532749734532,0.270392375229857,0.144057392970915,0.0582611172981793,0.0456182547534971,0.680419690427597,0.127452299438232,2.10433889857136,0.175112428736116,0.110283833351121
"pc2001__28__23",1,"Chittoor",TRUE,1038262,116311,152603,272885,213970,282493,1037558,558753,328124,181655,82069,67764,369026,379849,127616,94007,1931303,1668257,225432,37614,2011,0.11202471052586,0.740996010640859,0.272082576459506,0.538527002827794,0.316246417067769,0.175079369056959,0.0790982287255267,0.0652667631098894,0.579306571944268,0.0905426568631039,1.86013067992472,0.136201310721311,0.142994001049246
"pc2001__29__02",1,"Bagalkot",TRUE,360511,32392,48150,76753,69989,133227,359688,186690,99140,50534,18488,14721,109986,121451,53275,61078,816813,675451,126642,14720,2011,0.0898502403532763,0.776589341240628,0.369550443675782,0.519033162073797,0.275627766286337,0.14049398367474,0.0514001023108917,0.0408337054902624,0.65408267708891,0.169420627942005,2.26570895201533,0.173065316051532,0.104129822724636
"pc2001__29__05",1,"Bidar",TRUE,319254,28745,34612,61239,59130,135528,318418,180758,106326,48782,18321,13512,100754,107316,45541,52131,700600,550050,132772,17778,2011,0.0900380261484586,0.801546730816215,0.424514649777293,0.567675194241532,0.333919564848721,0.153201138126613,0.0575375763932943,0.0423236670488075,0.642084359162297,0.163290044917213,2.19449090692677,0.214887239508992,0.11808701428097
"pc2001__29__06",1,"Raichur",TRUE,362720,51511,60722,76977,63637,109873,361757,153784,80017,41244,15903,11104,93882,124677,55605,77452,901030,724282,156540,20208,2011,0.142013123070137,0.690579510366123,0.302914093515659,0.425103038780176,0.221189914777046,0.114010233388711,0.0439604485884171,0.0306131451257168,0.710559108954566,0.213531098367887,2.48409241288046,0.196162169961045,0.114332269672075
"pc2001__29__07",1,"Koppal",TRUE,264157,23342,36473,56860,50082,97400,263555,116153,61370,27993,10275,7944,66765,92462,41737,55249,653846,507372,128792,17682,2011,0.0883641167941792,0.773562691883993,0.368720117203027,0.440716359014247,0.232854622374836,0.106213124395288,0.0389861698696667,0.0300730247542181,0.717179556097321,0.209152133011807,2.47521738965842,0.224019111533909,0.120717670030176
"pc2001__29__08",1,"Gadag",TRUE,218714,14947,25827,46272,44703,86965,218322,120345,68776,31535,12339,8863,63156,75325,34345,37025,495049,422898,64965,7186,2011,0.0683403897327103,0.813573891017493,0.397619722560056,0.551227086596861,0.315020932384276,0.144442612288271,0.0565174375463765,0.0405232403961338,0.670716094991633,0.169285002331812,2.26345364265662,0.145745168660072,0.0995966791867057
"pc2001__29__09",1,"Dharwad",TRUE,382074,18911,37157,79508,78241,168257,381571,242039,164263,83702,44996,17415,141506,117605,55257,50291,783423,689767,79687,13969,2011,0.0494956474400247,0.853253558211237,0.440378041949989,0.634322314850971,0.430491310922476,0.219361534288507,0.117923007775748,0.0455801755680837,0.584057015133194,0.131626334165633,2.05044834246769,0.119547166728574,0.149152216622534
"pc2001__29__11",1,"Haveri",TRUE,329901,18480,35388,71824,68034,136175,329476,169793,101022,40729,15397,10274,103379,111505,53114,51629,729208,601288,115996,11924,2011,0.0560168050415125,0.836714650758864,0.412775347755842,0.515342543918222,0.30661413881436,0.12361750173002,0.0467317801600117,0.0311426761361742,0.655493617782304,0.156498464690922,2.21038432741944,0.175423198867813,0.0932145090681676
"pc2001__29__13",1,"Chitradurga",TRUE,356378,23370,41411,81380,78862,131355,355883,209234,125955,49863,18324,11534,89939,125178,58559,71168,855245,666403,163312,25530,2011,0.0655764385006931,0.818223908322062,0.368583358119749,0.587929178971741,0.353922497000419,0.140110654344265,0.0514888320037765,0.0323645118385534,0.71526581326569,0.199698073393981,2.39982546621845,0.220804564773837,0.135192383050381
"pc2001__29__16",1,"Udupi",TRUE,252543,6337,21248,47940,54008,123010,252173,166180,119728,53226,31948,22586,85545,72810,35492,36110,511579,458058,47422,6099,2011,0.0250927564810745,0.890771076608736,0.487085367640362,0.65899204117808,0.474785167325606,0.211069384906394,0.126690803535668,0.089434274559184,0.571831331694009,0.142985550975477,2.02571047306795,0.104619227919833,0.11395526989406
"pc2001__29__20",1,"Bangalore",TRUE,2381952,65440,205768,667050,551736,891958,2379209,1921634,1444675,912673,594651,100593,1082686,753056,273815,171802,4194329,3809890,346241,38198,2011,0.0274732656241604,0.886140442796496,0.374465144553711,0.807677677749202,0.607208109922247,0.383603542185659,0.249936428451641,0.0422313295985813,0.50323138333602,0.0721265583857273,1.76087889260573,0.0916568538138043,0.0993603666641522
"pc2001__29__22",1,"Mandya",TRUE,427997,39490,62189,110192,93536,122590,427650,242215,151531,52775,22116,19471,141850,148092,68302,50282,870272,713915,137043,19314,2011,0.0922670018715085,0.762430577784424,0.286427241312439,0.566386063369578,0.354334151759617,0.123406991698819,0.0517151876534549,0.0454933095325434,0.623079133732246,0.117482131884102,2.03336004691622,0.179664518679218,0.123525010073102
"pc2001__29__23",1,"Hassan",TRUE,432829,31717,51539,107366,100729,141478,432448,235687,149832,56014,27372,19893,130678,159052,66521,56685,901933,750987,134662,16284,2011,0.0732783616624579,0.807646899814938,0.326868116507905,0.545006567263579,0.34647402693503,0.129527712002368,0.0632954713630309,0.0459604139279022,0.652123586913076,0.1309639603631,2.08380907933618,0.16735832927723,0.107879639076226
"pc2001__29__24",1,"Dakshina Kannada",TRUE,438585,8087,29638,83299,94926,222635,437973,289894,210308,96526,61427,22799,126299,146206,65346,77935,993728,910775,69337,13616,2011,0.0184388430976892,0.913984746400356,0.507621099672811,0.661899249497115,0.480184851577609,0.220392581277841,0.140252937966496,0.0519830819567473,0.660047653248515,0.177696455647138,2.26575920289112,0.083476565015779,0.164141140163707
"pc2001__29__25",1,"Kodagu",TRUE,142353,10378,18217,34551,30878,48329,142241,79836,56969,23434,13988,5203,47919,56336,20110,12785,278224,258107,16627,3490,2011,0.0729032756598035,0.799126116063588,0.339501099379711,0.561272769454658,0.40051040136107,0.164748560541616,0.0983401410282549,0.0365499848967005,0.626829079822694,0.0898119463586999,1.95446530807219,0.0723050491690149,0.173485112094249
"pc2001__30__01",1,"North Goa",TRUE,191139,5215,15766,40319,42547,87292,190916,139540,101721,53843,35361,18549,87046,49665,20352,15527,321915,264006,46763,11146,2011,0.0272838091650579,0.890231716185603,0.456693819680965,0.730897358000377,0.532805003247502,0.282024555301808,0.185217582601773,0.0970445591951407,0.447548642610875,0.0812340757249959,1.68419317878612,0.179889101160244,0.192474399488853
"pc2001__31__01",1,"Lakshadweep",TRUE,11541,138,1050,1542,1893,6918,11512,8119,4779,1789,741,1712,5145,2627,1104,953,18618,10680,5353,2585,2011,0.0119573693787367,0.897062646217832,0.599428125812321,0.705264072272411,0.415132036136206,0.155403057678944,0.064367616400278,0.14834069837969,0.405857378043497,0.0825751667966381,1.61320509487913,0.426361585562359,0.32564877802973
"pc2001__32__01",1,"Kasaragod",TRUE,273065,5585,16068,46446,59770,145196,272706,192268,144858,44981,27886,35307,104783,79488,31045,22442,461644,371465,71601,18578,2011,0.0204530056946148,0.920703861717906,0.531726878215809,0.705037659604116,0.531187432619744,0.164943198902848,0.102256642684796,0.129298884880889,0.486971966381631,0.0821855602146009,1.69060113892297,0.195343164862968,0.206012486277293
"pc2001__32__02",1,"Kannur",TRUE,553390,6840,28942,87534,124878,305196,552402,435128,354973,129515,90729,92484,226786,152549,54850,26721,815382,686249,104877,24256,2011,0.0123601799815682,0.935340356710457,0.551502556967058,0.787701709986568,0.642599049243124,0.23445787669125,0.164244517579589,0.167122644066571,0.423065107790166,0.0482860189016787,1.4734310341712,0.158371168360351,0.187837345992117
"pc2001__32__03",1,"Wayanad",TRUE,190411,5950,13193,35963,45108,90197,190134,122629,93544,28365,17576,10675,74206,69654,23646,12230,338331,261903,58370,18058,2011,0.0312481946946342,0.89946484184212,0.473696372583517,0.644960922296906,0.4919898597831,0.149184259522232,0.0924400685832097,0.0560629375403732,0.554222182541975,0.0642294825403995,1.77684587550089,0.225897124413666,0.236274663735804
"pc2001__32__04",1,"Kozhikode",TRUE,696825,7491,31697,108533,168639,380465,695499,529318,422094,148704,100937,117569,320093,180768,57421,20974,945532,751193,143591,50748,2011,0.0107501883543214,0.943762063645822,0.545997919133211,0.761062201383467,0.606893755418771,0.213809078086381,0.145128893068142,0.168720984465253,0.371919778997596,0.0300993793276648,1.35691457683062,0.205534027404678,0.261131322071226
"pc2001__32__05",1,"Malappuram",TRUE,793367,9989,31750,102586,158709,490333,792126,564054,435190,113080,67069,151381,367095,176298,67148,31445,1060604,850466,169936,40202,2011,0.0125906421618242,0.947390047733269,0.618040578950221,0.712076109103855,0.549394919495131,0.142755066744432,0.0846696106427513,0.190808289228062,0.346486556662932,0.0396348726377578,1.33683906691355,0.19813049922497,0.191312375676936
"pc2001__32__06",1,"Palakkad",TRUE,636623,21448,44073,113225,142965,314912,635825,422721,324096,106786,72004,74815,254098,192525,75414,39771,1039728,873257,141041,25430,2011,0.0336902688090126,0.897080375669745,0.494660104960078,0.664838595525498,0.509725160224905,0.167948728030512,0.113244996657885,0.117518531375712,0.483347287169958,0.0624718239837392,1.63319264305562,0.160110144191558,0.152759339464531
"pc2001__32__07",1,"Thrissur",TRUE,757755,9027,41610,138299,191778,377041,757296,592157,492843,193044,145665,117367,323840,220714,69691,26143,1088208,922750,134085,31373,2011,0.0119128214264505,0.933174970801908,0.497576393425316,0.781935993323615,0.650793084870381,0.254912213982379,0.192348830576155,0.154887793548047,0.417744521646179,0.0345005971587122,1.43609477997506,0.152046299972064,0.18961307401274
"pc2001__32__08",1,"Ernakulam",TRUE,811941,6961,35411,147182,208632,413755,811637,663853,549488,252213,186773,69832,383242,260047,73460,25360,1235070,1048459,151237,35374,2011,0.00857328303411208,0.947813942146043,0.509587519290195,0.817918601542315,0.677012013991476,0.310746060122937,0.23011888319532,0.086006249222542,0.441986548283681,0.0312337965443302,1.52113269313903,0.1510934602897,0.189560100958679
"pc2001__32__09",1,"Idukki",TRUE,279082,8065,20060,56504,64135,130318,278996,193555,149506,49919,31665,11127,99272,114920,36169,17594,513379,413340,80128,19911,2011,0.028898316623788,0.899223167384496,0.466952365254656,0.693755466028187,0.535871482028416,0.178923712167916,0.113496250842306,0.0398700023648963,0.60442092288288,0.0630424033079883,1.83952745071341,0.194863833542081,0.199032377372825
"pc2001__32__10",1,"Kottayam",TRUE,485783,2526,22056,86815,118487,255899,485621,395534,326629,130873,90114,50435,222429,153067,44341,15511,729209,598706,105126,25377,2011,0.00519985260908677,0.949397158813709,0.526776358991566,0.814491136091726,0.672600649477679,0.269496170882231,0.18556446282183,0.103822076935586,0.438300640409401,0.0319298946237312,1.50110028551843,0.178965152651709,0.194455299878164
"pc2001__32__11",1,"Alappuzha",TRUE,535289,4832,29692,96646,140712,263407,535060,417490,335529,117606,86047,81241,209584,168719,54212,21533,802003,594294,165734,41975,2011,0.00902689948794016,0.935503998774494,0.492083715525632,0.780267633536426,0.627086681867454,0.219799648637536,0.160817478413636,0.151770352090179,0.45669535521933,0.0402268681030247,1.49826168667766,0.258987809272534,0.202085610156517
"pc2001__32__12",1,"Pathanamthitta",TRUE,322247,2838,24056,70905,83559,140889,322143,254685,212382,71748,51676,72664,144056,78191,20645,6691,391257,291929,80126,19202,2011,0.00880690898596418,0.916542279679873,0.437208104342321,0.790596101731219,0.659278643335413,0.22272096553394,0.160413232632713,0.22549162598876,0.32747240470819,0.0207635757664152,1.21415249792861,0.253868940364006,0.193319104381443
"pc2001__32__13",1,"Kollam",TRUE,668787,9961,42921,129576,177443,308886,668543,499136,402483,146409,107876,113974,299923,181612,53236,20042,909120,692709,176474,39937,2011,0.0148941292220094,0.920928486947264,0.461860054097942,0.746602686738175,0.602030086322047,0.218997132570381,0.161359852694591,0.170418982426393,0.381122838811161,0.0299676877690505,1.35935656644044,0.238044482576558,0.184542375387573
"pc2001__32__14",1,"Thiruvananthapuram",TRUE,836711,20207,59725,164857,203706,388216,836326,631246,522290,234080,175362,117262,367937,243289,75419,32804,1223652,914120,239950,69582,2011,0.0241505131401404,0.904468807031341,0.463978601930655,0.7547846174817,0.624505276650493,0.279890855958083,0.209681392184387,0.140146358778599,0.420111603648094,0.0392058906838801,1.46245477829262,0.252957540215682,0.224797436129382
"pc2001__33__02",1,"Chennai",TRUE,1145851,23754,78820,294644,267059,481574,1144883,907851,705143,477378,328410,68668,606703,311532,107090,51858,1785407,1592574,171401,21432,2011,0.0207304440106087,0.910482252928173,0.420276283740207,0.792963997194473,0.615908350460265,0.41696662453718,0.286850272036531,0.0599275123903544,0.410594396653666,0.0452571931254587,1.55814935798808,0.108005065511673,0.111142802321179
"pc2001__33__05",2,"Dharmapuri;Krishnagiri",TRUE,822981,91836,112764,219323,176478,222580,822563,456592,286345,107917,53979,40406,257977,326386,114703,83509,1625803,1392623,197086,36094,2011,0.111589453462474,0.751391587412103,0.270455818542591,0.555084534558447,0.348113153642943,0.131196029969741,0.0656229370881015,0.0490971237489079,0.637436344216938,0.10147135839102,1.9755049023003,0.143424510841719,0.154790290762501
"pc2001__33__06",1,"Tiruvannamalai",TRUE,588045,56049,73359,142964,123013,192660,587789,334276,200019,67403,31894,32408,157937,229517,90283,77900,1236580,968922,229006,38652,2011,0.0953141341223886,0.779935209040124,0.327627987654006,0.568700673200757,0.340290478385951,0.114672101723578,0.054260967796267,0.055111428547135,0.676308785892236,0.132472854968582,2.10286627724069,0.216450209448641,0.144408162655329
"pc2001__33__08",1,"Salem",TRUE,915266,115716,125873,237978,190631,245068,915049,493352,311093,142223,72655,47021,328971,348651,120197,70426,1691965,1558999,112892,20074,2011,0.126428819599985,0.736045040458184,0.267756040320519,0.539153640952561,0.33997414346117,0.155426649283262,0.079400119556439,0.0513741360435108,0.589199205476878,0.0769459370281426,1.8486046679326,0.0785867319950472,0.150970924898094
"pc2001__33__09",1,"Namakkal",TRUE,474578,65201,69814,124141,100046,115376,474480,253682,159044,80410,41830,28732,143531,200103,67463,34749,894705,836163,51856,6686,2011,0.137387320946188,0.715505143516977,0.24311282866041,0.534652672399258,0.335196425560614,0.169469735289159,0.0881596695329624,0.0605422080248136,0.637018572289487,0.0732208404097957,1.88526438225118,0.0654316227136319,0.114208602370947
"pc2001__33__11",1,"The Nilgiris",TRUE,196961,13088,22835,47812,44595,68631,196899,128759,90399,34363,18405,10861,74493,77695,22883,11029,346184,315259,26711,4214,2011,0.0664497032407431,0.817613639248379,0.348449693086449,0.653934250554853,0.459113555680831,0.174520947287696,0.0934743193210732,0.0551428963094217,0.566645173409964,0.055995857047842,1.75762714446007,0.0893311071568877,0.13626515763945
"pc2001__33__13",1,"Dindigul",TRUE,559772,54892,73225,146284,121116,164255,559599,291735,184827,75183,41651,27834,177050,218493,81199,55196,1101426,959919,122588,18919,2011,0.0980613535510887,0.771126458629585,0.293431968730126,0.521328665705264,0.330284721738245,0.134351562458117,0.0744300829701268,0.0497238161251367,0.633986694582794,0.0986044318043775,1.96763325068063,0.12847617543076,0.133696566247606
"pc2001__33__14",1,"Karur",TRUE,286771,33632,39706,73287,62635,77511,286698,153557,95546,43695,23116,15415,98210,108897,40687,23562,542202,507452,29690,5060,2011,0.117278246405669,0.74426284387194,0.270288836737327,0.535605410571403,0.333263573516383,0.152407760082038,0.0806283964310878,0.053753691970248,0.603777927335749,0.082163119701783,1.89071419355514,0.0640905050147362,0.145611510791367
"pc2001__33__15",1,"Tiruchirappalli",TRUE,697037,51523,74669,173644,152369,244832,696825,443642,305716,154522,91527,49234,285582,232099,81685,48437,1208221,1077686,112282,18253,2011,0.0739171665205721,0.818959395268831,0.351246777430753,0.636662002654899,0.438727083557565,0.221751515803824,0.131348616941126,0.0706332662398122,0.519658210396292,0.069489854914445,1.73336709529049,0.108039009419634,0.139832228904125
"pc2001__33__16",1,"Perambalur",TRUE,148979,19020,23128,38856,30225,37750,148937,78807,47986,19496,9312,9136,37916,65218,21824,14885,298789,254271,40042,4476,2011,0.127669000328905,0.717087643224884,0.253391417582344,0.529129766277016,0.322189919227593,0.130900984980227,0.062523080228553,0.0613240792326435,0.684170252183194,0.0999134106149189,2.00557796736453,0.148994775577414,0.100543600341435
"pc2001__33__17",1,"Ariyalur",TRUE,196952,24976,30939,50587,40440,50010,196903,104525,60876,24430,11878,14534,64814,78020,24826,14758,359554,271976,73047,14531,2011,0.126812624395792,0.716098338681506,0.253919736788659,0.530845136945603,0.3091674580885,0.124071243200967,0.0603241189824431,0.0737946301636947,0.597120110483773,0.074931963117917,1.82559202242171,0.243573983323784,0.165920665007194
"pc2001__33__18",1,"Cuddalore",TRUE,633541,48692,72321,159207,135693,217628,633245,396657,248149,112988,59180,30030,243571,231690,77724,50526,1163757,833035,278376,52346,2011,0.0768569042887516,0.8089894734516,0.343510522602326,0.626387890942684,0.391868865920773,0.178426991132974,0.0934551397958136,0.0474002471821082,0.568140025665269,0.079751744559547,1.8369087399237,0.284184756783418,0.158277949456039
"pc2001__33__20",1,"Thiruvarur",TRUE,326808,24857,34713,79225,70067,117946,326724,198247,126247,50621,26273,24067,142074,107404,35984,17279,539261,411796,111018,16447,2011,0.0760599495728379,0.817721720398521,0.36090303786933,0.606772076737552,0.386402590565737,0.154935052215325,0.0804134376415568,0.0736426280874397,0.49162505201831,0.0528720227167022,1.65008506523708,0.236369772707464,0.12903149884282
"pc2001__33__21",1,"Thanjavur",TRUE,604301,40961,64955,145072,135504,217809,604055,368841,241904,117167,64998,49590,275654,184113,63419,31525,971381,832197,120378,18806,2011,0.0677824461650734,0.824729729058863,0.360431308238775,0.610608305535092,0.400466844906507,0.193967436740032,0.107602784514655,0.0820617539934569,0.461784772820167,0.0521677111240921,1.60744562726191,0.143284663793095,0.13511610529946
"pc2001__33__22",1,"Pudukkottai",TRUE,387172,29186,45615,94540,85895,131936,386999,222696,139804,50902,26235,22285,128312,140558,53674,42343,760617,639280,104423,16914,2011,0.0753825173307987,0.806801628216916,0.34076844399905,0.57544334739883,0.361251579461446,0.131530055633219,0.0677908728446327,0.057558397818024,0.611033339187751,0.10936483010135,1.96454547332968,0.159524438712256,0.13939688635783
"pc2001__33__23",1,"Sivaganga",TRUE,338333,27136,40212,82864,73657,114464,338151,198743,127639,54024,29466,24853,123410,118384,41737,29949,618849,460219,136310,22320,2011,0.0802050051280839,0.800941675804607,0.338317574697118,0.587734473652303,0.37746154824324,0.159762946139447,0.0871385860163063,0.0734572152287835,0.561783804713108,0.0885192990337921,1.82911214690852,0.256330704259036,0.140704784719158
"pc2001__33__24",1,"Madurai",TRUE,793683,54135,83046,208856,173671,273975,793424,488113,330025,176087,100899,49083,340965,268643,86558,48434,1349658,1170390,153634,25634,2011,0.0682073321464615,0.827158953889651,0.345194492007514,0.61519817903164,0.415950361975438,0.221933039585392,0.127169079836254,0.0618420704487812,0.508559462657005,0.0610243636313238,1.70050007370701,0.132824760050324,0.142992614409711
"pc2001__33__25",1,"Theni",TRUE,337714,36142,45251,90846,71708,93767,337622,180746,109467,48317,23515,22746,126784,128448,39061,20675,590648,529727,52619,8302,2011,0.107019549085913,0.758988374778659,0.277652096152366,0.53535018452589,0.324229463719781,0.143109749957053,0.069648897287499,0.0673528488602782,0.557228897824787,0.0612204409648401,1.74895917847646,0.103142650106324,0.136274847753648
"pc2001__33__26",1,"Virudhunagar",TRUE,537216,54060,73789,146162,108308,154897,537082,270290,167421,77374,41142,38237,192581,210075,62071,34252,948569,852777,81314,14478,2011,0.100629914224446,0.762015651060281,0.28833281212771,0.503256485974209,0.311723349507152,0.144063662531978,0.0766028278735836,0.0711762121753634,0.570344144627115,0.063758339289969,1.76571248808673,0.100985800716658,0.151139969934859
"pc2001__33__27",1,"Ramanathapuram",TRUE,323152,22595,34683,76433,68352,121089,322872,184262,115592,44555,21274,19279,123322,110921,38699,30931,601535,485184,102691,13660,2011,0.0699206565331485,0.82275214140714,0.374712209734119,0.570696746698382,0.358011843702768,0.137995862137318,0.06588988825293,0.0596592315690449,0.558718497796702,0.095716566816854,1.86146147942764,0.193423491567407,0.117403374272675
"pc2001__33__30",1,"Kanniyakumari",TRUE,482502,14831,38973,110339,107283,211076,482340,354012,275602,111707,77333,52733,258552,117561,36800,16856,677111,550794,102238,24079,2011,0.0307376964240563,0.888489581390336,0.437461399123734,0.73394700833437,0.571385329850313,0.231593896421611,0.16032881369988,0.109290738691239,0.354852415119523,0.0349345702193981,1.4033330431791,0.186552869470441,0.190623589857264
"pc2001__34__01",1,"Yanam",TRUE,13803,757,1528,3797,3067,4654,13803,8263,5449,2672,1367,1183,9378,2559,526,157,16749,15363,1170,216,2011,0.0548431500398464,0.834456277620807,0.337173078316308,0.598637977251322,0.394769253060929,0.193581105556763,0.099036441353329,0.0857060059407375,0.234876476128378,0.0113743389118308,1.21343186263856,0.0827512090274046,0.155844155844156
"pc2001__34__03",1,"Mahe",TRUE,7403,36,264,741,1191,5171,7372,6625,5827,2784,2093,1239,2891,1932,782,559,11711,10319,1227,165,2011,0.00486289342158584,0.959475888153451,0.698500607861678,0.898670645686381,0.790423223005969,0.377645143787303,0.283912099837222,0.167364581926246,0.442118060245846,0.0755099284074024,1.58192624611644,0.118862607804628,0.118534482758621
"pc2001__34__04",1,"Karaikal",TRUE,49642,2735,4154,12132,10730,19891,49606,34939,24532,12077,7229,5141,27633,11864,3669,1335,68137,58179,8069,1889,2011,0.055094476451392,0.861226380887152,0.400688932758551,0.704330121356288,0.494536951175261,0.24345845260654,0.145728339313793,0.103561500342452,0.33979291728778,0.0268925506627453,1.37256758390073,0.146146733786342,0.189696726250251
"pc2001__35__01",2,"North  & Middle Andaman;South Andaman",TRUE,84939,2545,9675,21318,19376,32025,84900,51355,34871,16118,9379,4314,47644,22253,6849,3879,130981,111988,15411,3582,2011,0.0299626790991182,0.856132047704823,0.377035284145092,0.604888103651354,0.410730270906949,0.189846878680801,0.110471142520612,0.0507893900328471,0.388290420183897,0.0456680676720941,1.54205959570986,0.145005764194807,0.188595798452061
"pc2001__35__02",1,"Nicobars",TRUE,9214,694,1811,2560,1793,2356,9210,4319,2478,658,280,951,4245,2451,797,770,15969,8502,5537,1930,2011,0.0753201649663555,0.72813110484046,0.255697851096158,0.468946796959826,0.269055374592834,0.0714440825190011,0.0304017372421281,0.103212502713262,0.43607553722596,0.083568482743651,1.73312350770567,0.467593462333271,0.258470603990893
