"target_unit_2001","census_2011_source_district_count","census_2011_source_districts","census_2011_parent_reconstruction_complete","households_total","rooms_no_exclusive","rooms_one","rooms_two","overcrowding_gt2_ppr_lower_bound","water_tap","water_well","water_handpump_tubewell","water_surface","water_within_premises","water_away","bathroom_available","latrine_flush_or_water_closet","latrine_pit","drainage_closed","drainage_none","separate_kitchen_within_house","cooking_solid_fuel","cooking_clean_fuel","lighting_electricity","lighting_kerosene","lighting_solar","lighting_other_oil","lighting_other","lighting_none","latrine_available","banking","radio","television","telephone","bicycle","motorcycle","car","computer","computer_internet","households_owned","households_rented","structure_permanent","structure_semi_permanent","structure_temporary","structure_temporary_serviceable","structure_temporary_nonserviceable","structure_unclassifiable","census_year","no_exclusive_room_share_households","one_room_share_households","overcrowding_gt2_ppr_lower_bound_share_households","tap_water_share_households","well_water_share_households","handpump_tubewell_water_share_households","surface_water_share_households","water_within_premises_share_households","water_away_share_households","bathroom_share_households","flush_or_water_closet_latrine_share_households","pit_latrine_share_households","closed_drainage_share_households","no_drainage_share_households","separate_kitchen_within_house_share_households","solid_cooking_fuel_share_households","clean_cooking_fuel_share_households","electricity_share_households","kerosene_lighting_share_households","solar_lighting_share_households","no_lighting_share_households","latrine_share_households","banking_share_households","radio_share_households","television_share_households","telephone_share_households","bicycle_share_households","motorcycle_share_households","car_share_households","permanent_structure_share_households","semi_permanent_structure_share_households","temporary_structure_share_households","nonserviceable_temporary_structure_share_households","owned_share_households","rented_share_households","computer_share_households","internet_computer_share_households"
"pc2001__01__01",1,"Kupwara",TRUE,106777,2861,22038,28790,53303,50339,16526,5030,26383,22747,46181,62694,22642,9791,4020,73833,100395,88742,16884,83071,11092,2968,1224,5109,3313,54335,53634,59480,26828,56495,3019,1808,2988,5256,762,104807,618,58798,38466,5958,5576,382,3555,2011,0.0267941597909662,0.206392762486303,0.49919926575948,0.471440478754788,0.154771158582841,0.0471075231557358,0.247085046405125,0.213032769229328,0.43249950832108,0.587148917838111,0.212049411390093,0.0916957771804789,0.0376485572735702,0.691469136611817,0.940230574000019,0.831096584470438,0.158123940548995,0.777985895838992,0.103880049074239,0.0277962482557105,0.0310272811560542,0.508864268522247,0.502299184281259,0.557048802644764,0.25125261058093,0.529093344072225,0.0282738792061961,0.0169324854603519,0.0279835545108029,0.550661659346114,0.360246120419191,0.0557985333920226,0.00357754947226463,0.9815503338734,0.00578776328235481,0.0492240838382798,0.00713636831902001
"pc2001__01__06",2,"Anantnag;Kulgam",TRUE,212190,8818,42483,52664,86009,151914,3011,16167,32220,94762,50450,130552,58714,22530,17585,102199,197588,175492,35128,162812,38299,1450,439,6057,3133,111965,122483,123692,92991,152288,8148,8859,10267,12154,3550,209466,1554,146044,50412,12031,10445,1586,3703,2011,0.0415570950563175,0.200212074084547,0.405339554173147,0.715933832885621,0.0141901126349027,0.0761911494415383,0.151845044535558,0.44659031999623,0.237758612564211,0.615259908572506,0.276704840001885,0.106178424996465,0.0828738394834818,0.481639097035676,0.931184315943258,0.827051227673312,0.16554974315472,0.767293463405438,0.180493896979122,0.00683349827984354,0.0147650690418964,0.52766388613978,0.577232668834535,0.582930392572694,0.438244026579952,0.717696404166078,0.0383995475752863,0.0417503181111268,0.0483858805787266,0.688269946745841,0.237579527781705,0.0566991846929639,0.00747443329091852,0.987162448748763,0.00732362505301852,0.057278853857392,0.0167302888920307
"pc2001__01__07",1,"Leh(Ladakh)",TRUE,20777,1520,4016,4376,5678,6254,177,5991,6170,3031,6784,9384,1683,14980,1821,16839,18088,6701,13785,17250,734,2645,16,52,80,18780,18137,15210,13597,13836,609,1289,4271,2150,574,19387,893,243,6277,14019,13906,113,238,2011,0.073157818741878,0.193290657939067,0.273282957116042,0.301005920007701,0.00851903547191606,0.2883476921596,0.296962987919334,0.145882466188574,0.32651489627954,0.451653270443279,0.0810030321990663,0.720989555758772,0.0876449920585263,0.810463493285845,0.870578043028349,0.322520094335082,0.663474033787361,0.830244982432497,0.0353275256293016,0.12730423063965,0.00385041151273042,0.903884102613467,0.872936420079896,0.732059488857872,0.654425566732445,0.665928671126727,0.0293112576406603,0.0620397554988689,0.205563844635895,0.0116956249699187,0.302112913317611,0.674736487462097,0.00543870626173172,0.933099099966309,0.0429802185108533,0.10347980940463,0.0276267026038408
"pc2001__01__08",1,"Kargil",TRUE,18212,440,3204,5204,8561,10769,86,3289,2838,1963,7031,11557,11213,1704,2520,12185,15928,14347,3324,15824,525,1811,10,8,34,17649,14078,10895,8008,10562,488,652,1847,1005,235,16646,1419,862,10119,7201,7170,31,30,2011,0.0241598945750055,0.175927959587085,0.470074676037777,0.591313419723259,0.00472216121238744,0.180595211948166,0.155831320008785,0.107786075115309,0.386064133538326,0.634581594553042,0.615692949703492,0.0935646826268395,0.138370305293213,0.669064353173732,0.874588183615199,0.7877772896991,0.182517021743905,0.868877663079288,0.0288271469360861,0.0994399297166703,0.00186690094443224,0.969086316714254,0.773006808697562,0.59823193498792,0.4397100812651,0.579947287502745,0.0267955194377334,0.0358005710520536,0.101416648363716,0.047331429826488,0.555622666373819,0.395398638260488,0.00170217439051175,0.914012738853503,0.0779156600043927,0.0551833955633648,0.0129035800571052
"pc2001__01__11",1,"Punch",TRUE,88878,970,20564,37340,41208,43697,21687,4036,1659,17078,38654,16368,15083,532,2770,75695,47413,74736,13651,62900,19258,236,215,1690,4579,16586,61284,37412,16022,36358,846,2407,1731,3342,346,87711,762,25870,60331,2378,2275,103,299,2011,0.0109138369450258,0.231373343234546,0.4636467967326,0.49165147730597,0.24400864105853,0.0454105627939423,0.0186660365894822,0.192151038502217,0.43491077657013,0.184162559913589,0.169704538806004,0.00598573325232341,0.0311663178739396,0.851673079952294,0.533461599045883,0.840883008168501,0.153592565089223,0.707711694682599,0.21667904318279,0.00265532527734647,0.0515200612074979,0.186615360381647,0.689529467359752,0.420936564729179,0.18026958302392,0.409077612007471,0.00951866603658948,0.0270820675532753,0.0194761358266388,0.291073156461667,0.678806903845721,0.0267557775827539,0.00115889196426562,0.986869641531088,0.00857355025990684,0.0376021062580166,0.00389297688966898
"pc2001__02__01",1,"Chamba",TRUE,101972,1309,22564,33033,38116,96451,382,1031,525,36220,10664,40374,42768,9420,14804,54233,79031,78517,21566,96082,5539,110,131,34,76,52553,91309,25935,62233,73995,1657,8880,5074,5117,1615,94367,6546,71360,28705,1817,1680,137,90,2011,0.0128368571764798,0.221276428823599,0.373788883222845,0.945857686423724,0.00374612638763582,0.0101106186011846,0.0051484721296042,0.355195543874789,0.104577727219237,0.395932216686934,0.419409249597929,0.0923782999254697,0.145177107441258,0.531842074294904,0.775026477856667,0.769985878476445,0.211489428470561,0.942239046012631,0.0543188326207194,0.00107872749382183,0.000745302632095085,0.515366963480171,0.895432079394344,0.254334523202448,0.610294982936492,0.725640371866787,0.0162495587023889,0.0870827285921626,0.0497587573059271,0.699799945082964,0.281498842819598,0.0178186168752206,0.00134350606048719,0.92542070372259,0.0641940924959793,0.0501804416898756,0.0158376809320206
"pc2001__02__02",1,"Kangra",TRUE,336407,2760,66195,100813,101448,301016,11334,18358,881,200604,30114,200642,189380,30433,52253,112138,271954,183133,148702,330081,5528,221,173,78,326,220258,315900,74758,272579,274180,38456,69192,22727,22753,8053,314828,16832,197678,134876,3552,2378,1174,301,2011,0.00820434770976823,0.196770578495691,0.301563284949481,0.894797076160722,0.0336913322255482,0.0545708026289584,0.00261885156967602,0.596313394192154,0.0895165677289712,0.596426352602651,0.562949046839097,0.0904648238591944,0.155326732202362,0.333340269376083,0.808407672848662,0.544379278671371,0.442030040992013,0.981195397242031,0.0164324761375358,0.000656942334731441,0.000969064258472624,0.654736673137004,0.939041101998472,0.222224864524222,0.81026554144236,0.815024657631976,0.114313911422771,0.20567942997619,0.0675580472463415,0.5876155965839,0.400931015109674,0.0105586387917017,0.00348982036640141,0.935854485786562,0.0500346306705865,0.0676353345798393,0.0239382652560737
"pc2001__02__04",1,"Kullu",TRUE,95545,1216,25050,30392,33268,87848,1171,1753,1061,46354,10792,56886,48182,7476,24662,37900,80473,51197,40243,91322,3943,45,88,53,94,55831,85503,21750,66910,79454,2450,6979,8479,7010,2623,80610,12616,87507,6929,832,565,267,277,2011,0.012726987283479,0.262180124548642,0.348191951436496,0.91944110105186,0.0122560050238108,0.0183473755821864,0.0111047150557329,0.485153592548014,0.112952012140876,0.595384373855251,0.504285938562981,0.0782458527395468,0.258119210843058,0.396671725365011,0.842252341828458,0.535841749960752,0.42119420168507,0.955800931498247,0.0412685122193731,0.000470982259668219,0.000983829609084725,0.584342456434141,0.894897692186928,0.227641425506306,0.700298288764457,0.831587210215082,0.0256423674708253,0.0730441153383223,0.0887435239939296,0.915872102150819,0.0725208017164687,0.00870793866764352,0.0027944947406981,0.843686221152337,0.132042493066095,0.0733685697838715,0.0274530326024386
"pc2001__02__06",1,"Hamirpur",TRUE,105068,696,14335,29015,22380,94807,3964,5691,162,69696,5748,82065,80901,12913,17025,30851,86055,69095,35066,104120,795,44,28,21,60,93858,96839,23628,86324,90286,7094,16955,6665,7525,2521,99538,4452,64855,38956,1143,667,476,114,2011,0.00662428141774851,0.13643545132676,0.213004911105189,0.902339437316785,0.037727947614878,0.0541649217649522,0.00154185860585526,0.663341835763506,0.0547074275707161,0.781065595614269,0.769987056001827,0.122901359119808,0.162037918300529,0.293628887958275,0.819041002017741,0.657621730688697,0.333745764647657,0.990977271862032,0.00756652834354894,0.00041877641146686,0.000571058742909354,0.893307191533102,0.921679293409982,0.224882932957704,0.821601248715118,0.859310161038566,0.067518178703316,0.161371683100468,0.0634351086915141,0.617266912856436,0.370769406479613,0.0108786690524232,0.00453039936041421,0.947367419195188,0.0423725587238741,0.0716202840065481,0.023993984847908
"pc2001__02__09",1,"Solan",TRUE,123353,1301,28655,24699,28683,103964,4610,6105,1620,74848,12813,100210,85081,5298,51247,28345,95933,60458,54256,119866,3089,62,73,104,159,90587,104254,38632,94692,108699,12426,25275,15117,14478,5250,86649,31305,103228,16854,2873,1444,1429,398,2011,0.0105469668350182,0.232300795278591,0.232527786109783,0.84281695621509,0.0373724189926471,0.0494921080152084,0.0131330409475246,0.606778919037235,0.10387262571644,0.812383971204592,0.689735961022432,0.0429499079876452,0.415449968788761,0.229787682504682,0.777711121740047,0.490121845435458,0.439843376326478,0.971731534701223,0.0250419527696935,0.000502622554781805,0.00128898364855334,0.734372086613216,0.845167932681005,0.313182492521463,0.767650563829011,0.8812027271327,0.100735288156753,0.204899759227583,0.122550728397364,0.836850340080906,0.136632266746654,0.0232908806433569,0.0115846392061806,0.702447447569171,0.253783856087813,0.117370473356951,0.0425607808484593
"pc2001__02__10",1,"Sirmaur",TRUE,97090,1102,21320,30630,37628,75607,4730,8795,2407,39659,17116,66916,55995,2437,29519,41516,68599,65105,29203,91509,5148,84,123,66,160,60246,78937,26363,58902,75406,16691,17523,7459,8593,2220,83947,10156,85326,9271,2231,1600,631,262,2011,0.0113502935420744,0.219590071068081,0.38755793593573,0.778731074260995,0.0487176846225152,0.0905860541765372,0.024791430631373,0.40847667112988,0.176290040168915,0.689216191162839,0.576732928210938,0.0251004222885982,0.304037490987743,0.427603254712123,0.706550623133175,0.670563394788341,0.300782778864971,0.942517252034195,0.0530229683798537,0.000865176640230714,0.00164795550520136,0.620517046039757,0.813029148212998,0.271531568647646,0.606674219796066,0.776660830157586,0.171912658358224,0.180482026985271,0.0768256257081059,0.87883407148007,0.0954887218045113,0.0229786795756515,0.00649912452363786,0.864630754969616,0.104603975692656,0.0885055103512205,0.0228653826346689
"pc2001__02__12",1,"Kinnaur",TRUE,19535,999,5752,4766,4909,17996,294,130,272,11752,1700,12450,11951,1405,6694,5495,14505,7150,10884,17865,1442,111,20,59,38,13521,17044,6453,12925,16468,190,857,2775,2563,354,13926,4511,12830,5728,820,678,142,157,2011,0.0511389813155874,0.294445866393652,0.251292551830049,0.921218326081392,0.0150499104171999,0.00665472229331968,0.0139237266444843,0.601586895316099,0.0870232915280266,0.637317635014077,0.611773739442027,0.0719221909393396,0.342667007934477,0.281289992321474,0.742513437420015,0.366009726132583,0.557153826465319,0.914512413616586,0.0738162272843614,0.00568210903506527,0.00194522651650883,0.692142308676734,0.872485282825697,0.330330176606092,0.661632966470438,0.842999744049143,0.00972613258254415,0.0438699769644228,0.142052725876632,0.656769900179166,0.293217302277963,0.0419759406194011,0.00726900435116458,0.712874328128999,0.230918863578193,0.131200409521372,0.0181213207064244
"pc2001__03__03",1,"Kapurthala",TRUE,165336,2102,34461,49025,58124,87546,240,75439,172,145612,4941,127357,117990,19041,52548,13539,125023,46630,112433,161206,2634,158,229,291,818,137713,126450,37410,144945,145116,107044,90508,23561,23145,9732,141816,18924,151848,9767,2810,1663,1147,911,2011,0.0127135046208932,0.208430105966033,0.351550781439009,0.529503556394252,0.00145158949049209,0.45627691488847,0.00104030580151933,0.880703537039725,0.0298845986355059,0.770292011419171,0.713637683263173,0.115165481201916,0.317825518943243,0.081887792132385,0.756175303624135,0.282031741423525,0.680027338268738,0.975020564184449,0.0159311946581507,0.000955629747907292,0.00494750084676054,0.832928097933904,0.764806212803019,0.226266511830454,0.876669327914066,0.877703585426042,0.647433105917646,0.547418590022742,0.142503749939517,0.918420670634345,0.0590736439734843,0.0169956936178449,0.00693738810664344,0.857744229931775,0.114457831325301,0.139987661489331,0.0588619538394542
"pc2001__03__04",1,"Jalandhar",TRUE,454073,5602,109039,138349,167772,297183,890,151053,173,409159,9274,377591,354038,36718,203154,36980,358289,119334,303259,446200,5081,293,626,546,1327,392909,342469,132632,401189,395069,286365,238203,72374,79134,39082,378807,61615,416509,28111,6662,4706,1956,2791,2011,0.0123372233099083,0.240135396731363,0.369482440048186,0.654482869494553,0.00196003726273088,0.332662369266616,0.000380996007249936,0.901086389192927,0.0204240287354676,0.83156452817058,0.779694013958108,0.0808636496774748,0.447403831542505,0.0814406494109978,0.789055944748972,0.262807962596323,0.667863977818545,0.982661378236539,0.01118983071004,0.000645270694359717,0.00292243758162234,0.865299191980144,0.754215731831666,0.292094002506205,0.883534145390719,0.87005613634812,0.630658506451606,0.524591860780095,0.159388468374028,0.917273213778401,0.0619085477445257,0.0146716497127114,0.00430767739988944,0.834242511666626,0.135694040385577,0.174275942414546,0.0860698610135375
"pc2001__03__08",1,"Fatehgarh Sahib",TRUE,115753,1221,26154,34162,43188,44186,300,68438,109,104951,2399,91667,82145,16989,30347,10536,83603,41441,66294,113683,1368,53,114,109,426,99858,83408,13863,98080,98401,84834,63700,18239,14294,5138,101426,11510,105990,7145,1559,1139,420,1059,2011,0.0105483227216573,0.22594662773319,0.373104800739506,0.381726607517732,0.00259172548443669,0.591241695679594,0.00094166025934533,0.906680604390383,0.0207251647905454,0.791918999939526,0.709657633063506,0.14676941418365,0.262170310920667,0.0910213990134165,0.722253418917868,0.358012319335136,0.572719497550819,0.982117094157387,0.0118182682090313,0.000457871502250482,0.0036802501879001,0.862681744749596,0.720568797352984,0.119763634635819,0.847321451711835,0.850094597980182,0.732888132489007,0.55030971119539,0.157568270368803,0.915656613651482,0.0617262619543338,0.0134683334341227,0.00362841567821136,0.876227829948252,0.0994358677528876,0.12348708024846,0.0443876184634523
"pc2001__03__10",1,"Moga",TRUE,191228,2995,45719,60461,81305,91608,635,91646,408,151928,13867,134367,106165,60174,32931,34289,117737,95213,92920,183396,3839,255,302,900,2536,167596,109618,31170,152610,155841,140084,85167,26253,21662,7897,178205,9104,163813,21970,4577,3316,1261,868,2011,0.0156619323530027,0.239081096910494,0.425173091806639,0.479051184972912,0.0033206434204196,0.479249900642165,0.00213357876461606,0.794486163114188,0.0725155311983601,0.702653377120505,0.555174974376137,0.314671491622566,0.172208044846989,0.179309515342941,0.615689125023532,0.497903026753404,0.485912104921873,0.959043654694919,0.0200755119543163,0.00133348672788504,0.0132616562428096,0.876419771163219,0.573231953479616,0.162999142385006,0.798052586441316,0.814948647687577,0.732549626623716,0.445368879034451,0.137286380655553,0.856637103353065,0.114889032986801,0.0239347794256071,0.00659422260338444,0.931898048402954,0.0476080908653544,0.113278390193905,0.0412962536866986
"pc2001__03__12",1,"Muktsar",TRUE,172792,1201,44045,55697,75329,94584,555,72452,1837,125869,19488,104417,70460,62708,31309,56322,94210,92909,77362,166585,3662,197,485,515,1348,133635,92879,27409,130482,135144,109666,62205,23185,14077,4571,159581,9169,141180,23039,7572,6191,1381,1001,2011,0.00695055326635492,0.254901847307746,0.435951895921107,0.547386453076531,0.00321195425714153,0.419301819528682,0.0106312792258901,0.728442288994861,0.112782999212927,0.604293022825131,0.407773508032779,0.362910319922219,0.181194731237557,0.325952590397704,0.545222001018566,0.537692717255428,0.447717486920691,0.964078198064725,0.0211931107921663,0.00114009907866105,0.00780128709662484,0.773386499374971,0.537519098106394,0.158624241863049,0.755139126811426,0.782119542571415,0.634670586601232,0.359999305523404,0.134178665678967,0.817051715357192,0.133333719153665,0.0438214732163526,0.00799226816056299,0.923543914070096,0.0530637992499653,0.0814678920320385,0.026453771007917
"pc2001__03__13",1,"Faridkot",TRUE,118193,854,25809,36747,46014,48872,475,65489,1190,95315,11526,81609,61335,37614,16412,29860,74390,53410,63322,113549,2609,135,341,558,1001,99988,70383,16469,93053,95758,82761,51638,15528,12276,4348,109071,6142,106112,8354,2633,1939,694,1094,2011,0.00722547020551132,0.218363185637051,0.389312395827164,0.413493184875585,0.00401885052414272,0.554085267317015,0.0100682781552207,0.806435237281396,0.0975184655605662,0.690472362999501,0.518939361891144,0.31824219708443,0.13885763116259,0.252637635054529,0.629394295770477,0.451888013672553,0.535750848188979,0.960708332980803,0.0220740652999755,0.00114219962265109,0.00846919868350918,0.845972265701014,0.595492118822604,0.139339893225487,0.787297048048531,0.81018334419128,0.70021913311279,0.436895586033014,0.131378338818712,0.897785824879646,0.0706810047972384,0.022277123010669,0.00587175213422115,0.922821148460569,0.0519658524616517,0.103864019019739,0.0367872885873106
"pc2001__03__14",1,"Bathinda",TRUE,266035,3013,55676,79503,95645,151659,976,105388,2786,211601,15026,185631,100815,130895,57733,69245,171072,136133,122241,255650,6644,327,526,1039,1849,232629,155531,43415,204051,215302,176384,106010,36173,32253,11284,235988,21224,241612,17054,6175,4734,1441,1194,2011,0.0113255774616122,0.209280733738042,0.359520363861898,0.570071607119364,0.00366869020993478,0.396143364594884,0.0104723062754901,0.795387824910256,0.0564812900558197,0.6977690905332,0.378953897043622,0.492021726464563,0.217012799067792,0.260285300806285,0.643043208600372,0.511710865111733,0.459492172082621,0.960963782960889,0.0249741575356626,0.0012291615764843,0.00695021331779653,0.874430056195613,0.584626083034187,0.163192812975736,0.767008100437912,0.80929952825756,0.663010506136411,0.398481402822937,0.135970830905708,0.908196289961847,0.0641043471723645,0.023211231604864,0.00541658052511888,0.887056214407879,0.079778976450467,0.121235927603511,0.0424154716484673
"pc2001__03__15",1,"Mansa",TRUE,147127,1831,32975,49733,60445,71808,471,69458,1313,108275,15831,93911,44030,54458,14087,37328,76047,105208,41001,140099,4490,156,389,504,1489,99571,73723,13053,102314,111889,90845,48117,12805,10085,2673,140422,4905,124992,18345,3297,2721,576,493,2011,0.0124450304838677,0.224126095142292,0.410835536645211,0.488068131614184,0.00320131586996269,0.472095536509274,0.00892426271180681,0.735928823397473,0.107600916215243,0.638298884637082,0.299265260625174,0.370142801797087,0.0957472115927056,0.253712778755769,0.516879974443848,0.715082887573321,0.278677605062293,0.95223174536285,0.0305178519238481,0.00106030844100675,0.0101205081324298,0.676769049868481,0.50108409741244,0.0887192697465455,0.69541280662285,0.760492635614129,0.617459745661911,0.327043982409755,0.087033651199304,0.849551747809715,0.124688194553005,0.0224092110897388,0.003914985012948,0.954427127583652,0.0333385442508853,0.068546221971494,0.0181679773257118
"pc2001__04__01",1,"Chandigarh",TRUE,235061,3345,92315,59808,99176,227354,168,6167,216,202495,5182,203593,204643,1178,205061,9514,172096,12191,168556,231204,2783,182,130,231,531,206017,188304,65936,193932,209783,135055,109701,60494,78113,44283,112043,110377,221401,9541,3223,2045,1178,896,2011,0.0142303487179924,0.392727845112545,0.421916013290167,0.967212766047962,0.00071470809704715,0.0262357430624391,0.000918910410489192,0.861457238759301,0.0220453414220139,0.866128366679287,0.870595292285832,0.0050114651090568,0.872373554098723,0.0404746002101582,0.732133361127537,0.0518631333994155,0.717073440511186,0.983591493271959,0.0118394799647751,0.000774267105134412,0.0022589880924526,0.876440583508111,0.801085675633133,0.280505911231553,0.825028396884213,0.892461956683584,0.574552988373231,0.466691624727198,0.257354473945061,0.941887424966285,0.0405894640114694,0.0137113345046605,0.0050114651090568,0.476654995937225,0.469567473974841,0.332309485622881,0.188389396794875
"pc2001__05__08",1,"Bageshwar",TRUE,57712,773,7974,19353,15189,45834,2293,1888,2136,14315,15919,25616,21143,10124,4320,37279,29887,43474,13431,47083,9062,1028,149,110,280,31604,47424,12012,25873,35364,975,2005,1149,3595,435,53896,3013,56015,1520,99,63,36,78,2011,0.0133940948156363,0.138168838369836,0.263186165788744,0.794184918214583,0.0397317715553091,0.0327141668976989,0.0370113667868034,0.248042001663432,0.27583518159135,0.443859162739118,0.366353617965068,0.175422789021347,0.0748544496811755,0.645948849459385,0.517864568893818,0.753292209592459,0.232724563349044,0.815826864430274,0.157021070141392,0.0178125866370945,0.00485167729415026,0.547615747158303,0.821735514277793,0.208136955919046,0.448312309398392,0.612766842251178,0.0168942334349875,0.0347414749098974,0.0199092043249238,0.970595370113668,0.0263376767396729,0.00171541447186027,0.000623787080676462,0.933878569448295,0.0522075131688384,0.0622920709731078,0.00753742722484059
"pc2001__05__09",1,"Almora",TRUE,139257,793,21597,51483,41417,112049,3850,5856,4082,36378,37135,70176,55431,21124,15609,88249,84096,97088,40295,109876,25175,3545,263,64,334,76958,118996,35647,70237,98610,2673,6719,3396,9858,1830,123666,12840,135616,3110,129,93,36,402,2011,0.00569450727791063,0.155087356470411,0.297414133580359,0.804620234530401,0.0276467251197426,0.0420517460522631,0.0293127095944908,0.261229238027532,0.266665230473154,0.503931579741054,0.398048213016222,0.151690758812842,0.112087722699757,0.633713206517446,0.603890648225942,0.697185778811837,0.289357087974034,0.789015992014764,0.180780858412863,0.0254565300128539,0.00239844316623222,0.552632901757183,0.854506416194518,0.255979950738563,0.504369618762432,0.70811521144359,0.0191947262974213,0.0482489210596236,0.0243865658458821,0.973854097101043,0.0223328091227012,0.000926344815700468,0.000258514832288503,0.888041534716388,0.0922036235162326,0.0707899782416683,0.0131411706413322
"pc2001__05__13",1,"Hardwar",TRUE,325344,4624,118581,102901,182834,131667,616,188321,772,246771,23596,201183,165522,46682,59951,38511,170501,195150,126240,279012,42517,438,626,1494,1257,216744,237128,37296,207894,250344,210338,114469,21893,35023,11947,278141,36245,291878,17458,14922,10337,4585,1086,2011,0.0142126487656142,0.364478828562998,0.561971328808892,0.404700870463263,0.00189338054490017,0.578836554539195,0.0023728730205567,0.758492549424609,0.0725263106127668,0.618370094423134,0.508759958689879,0.143485049670503,0.18426957312875,0.118370094423134,0.524063760204583,0.599826645028032,0.388020064915904,0.857590734730009,0.130683215304416,0.0013462673354972,0.00386360283269401,0.666199468869873,0.72885315235566,0.114635585718501,0.638997491885512,0.769474771318973,0.646509540670798,0.351839898691846,0.0672918510868496,0.89713656929281,0.0536601258975116,0.0458652994983771,0.0140927756467001,0.854913568407593,0.111405158847251,0.107649134454608,0.0367211320940297
"pc2001__06__01",1,"Panchkula",TRUE,110236,1450,25829,27431,35893,99720,3179,5218,762,82195,5755,86057,71119,6460,49154,11671,87016,34089,69887,103455,4943,698,227,418,495,77967,87819,27618,88378,92486,42737,49972,29497,32174,18615,78722,24115,95374,11073,3588,2204,1384,201,2011,0.0131535977357669,0.234306397184223,0.32560143691716,0.90460466635219,0.0288381291048296,0.0473348089553322,0.00691244239631336,0.745627562683697,0.0522061758409231,0.780661489894408,0.645152218875866,0.0586015457745201,0.445897891795784,0.105872854602852,0.789361007293443,0.309236547044523,0.633976196523822,0.938486519830182,0.0448401611088936,0.00633186980659676,0.00449036612358939,0.707273485975543,0.796645379005044,0.250535215356145,0.80171631771835,0.838981820820785,0.387686418229979,0.453318335208099,0.267580463732356,0.865180158931746,0.100448129467688,0.0325483508109873,0.0125548822526216,0.714122428244856,0.218757937515875,0.291864726586596,0.168864980587104
"pc2001__06__02",1,"Ambala",TRUE,208071,2475,46119,66409,81102,173860,944,32215,138,175374,4947,156840,131233,8236,34887,15292,165020,80103,122740,199681,7003,236,214,245,692,142922,152316,32571,172034,170149,133676,92424,26122,32767,12899,183898,18611,164549,35150,7261,5439,1822,1111,2011,0.0118949781564947,0.221650302060354,0.389780411494153,0.835580162540671,0.00453691288069938,0.154826958105647,0.00066323514569546,0.8428565249362,0.0237755381576481,0.753781161238231,0.63071259329748,0.0395826424633899,0.16766872846288,0.0734941438259056,0.793094664801919,0.384979165765532,0.589894795526527,0.959677225562428,0.0336567806181544,0.00113422822017484,0.0033257878320381,0.686890532558598,0.732038582983693,0.15653791253947,0.826804311989657,0.8177449043836,0.642453777797002,0.444194529751864,0.125543684607658,0.790831014413349,0.168932720081126,0.0348967419774981,0.00875662634389223,0.883823310312345,0.0894454296850594,0.157479898688428,0.0619932619154039
"pc2001__06__03",1,"Yamunanagar",TRUE,228163,2881,66640,79142,110390,176944,648,48584,447,189997,7928,149607,111635,32479,39200,25916,168131,111602,110376,217503,9044,160,238,587,631,148667,161553,27474,168506,175426,148002,87959,20791,25129,8079,201041,22109,182454,33840,11295,8140,3155,574,2011,0.0126269377594088,0.29207189596911,0.483820777251351,0.775515749705255,0.00284007485876325,0.212935489102089,0.00195912571275798,0.832724850216731,0.0347470887041282,0.655702283016966,0.489277402558697,0.142349986632364,0.171806997628888,0.113585463024241,0.73688985505976,0.489132769116816,0.483759417609341,0.953279015440716,0.0396383287386649,0.000701253051546482,0.00276556672203644,0.65158242133913,0.708059588978055,0.120413914613675,0.738533416899322,0.768862611378707,0.64866783834364,0.385509482256106,0.0911234512168932,0.799665151667887,0.148315020402081,0.0495040826076095,0.0138278336101822,0.881128842099727,0.0969000232290073,0.110136174576947,0.0354088962715252
"pc2001__06__04",1,"Kurukshetra",TRUE,179391,3420,45041,59181,76970,152471,307,25561,76,144159,6569,130306,103402,31566,35250,16772,127023,84126,91465,171908,6361,65,182,595,280,136321,127686,30979,143316,145855,107683,73765,20261,21951,7356,162147,13063,134302,39096,4976,3759,1217,1017,2011,0.0190645015636236,0.251077255826658,0.429062773494768,0.849936730382238,0.00171134560819662,0.14248763873327,0.000423655590302747,0.803602187400706,0.0366183364828782,0.726379807236706,0.576405728269534,0.175962004782849,0.196498152081208,0.0934940994810219,0.70807900061876,0.468953291971169,0.509863928513694,0.958286647602165,0.0354588580252075,0.000362337018022086,0.00156083638532591,0.759909917442904,0.711774838202585,0.172689822789326,0.798902954997742,0.813056396363251,0.600269801718035,0.411196771298449,0.112943235725315,0.748655172221572,0.217937354716792,0.0277382923335061,0.00678406386050582,0.903874776326572,0.0728185917911155,0.122363998193889,0.0410054016087764
"pc2001__06__05",1,"Kaithal",TRUE,200221,3839,50616,73982,94193,116339,2038,77712,1251,114419,25152,126630,66896,56765,24634,15115,112468,133893,63988,187349,10675,108,432,692,965,126896,124944,36696,140195,153352,95704,59238,12792,15301,3724,189832,7550,91487,97966,9925,8539,1386,843,2011,0.0191738129367049,0.25280065527592,0.470445158100299,0.581052936505162,0.0101787524785112,0.388131115117795,0.00624809585408124,0.57146353279626,0.125621188586612,0.632451141488655,0.334110807557649,0.283511719549897,0.123034047377648,0.0754915818021087,0.561719300173309,0.668726057706235,0.319586856523541,0.935711039301572,0.0533160857252736,0.000539403958625719,0.00481967425994276,0.633779673460826,0.624030446356776,0.183277478386383,0.700201277588265,0.765913665399733,0.477991819039961,0.295863071306207,0.0638894022105573,0.456930092248066,0.489289335284511,0.0495702249014839,0.00692235080236339,0.948112335868865,0.0377083322928164,0.0764205552864085,0.0185994476103905
"pc2001__06__06",1,"Karnal",TRUE,284551,4282,78538,100749,134600,229500,427,51117,361,225116,14402,198303,156218,57562,58207,25703,183808,136379,144281,267223,13405,316,681,1751,1175,215989,186773,39322,215813,215865,143754,108101,26238,29253,11163,258981,19328,211477,63541,8516,6641,1875,1017,2011,0.0150482690273448,0.276006761529568,0.473025925053857,0.806533802376375,0.00150060973252598,0.179640907956746,0.00126866537105826,0.791127073881308,0.0506130711190613,0.696897919880795,0.548998246360055,0.202290626284919,0.20455735527199,0.090328271557647,0.645958018070574,0.479277879887964,0.507047945710962,0.939104062189203,0.0471093055374959,0.00111052148823937,0.00412931249582676,0.759051980137128,0.656377942794086,0.138189639115659,0.758433461839881,0.75861620588225,0.505195905127727,0.379900263924569,0.0922084266089383,0.743195420153154,0.22330267684879,0.0299278512463495,0.00658932845078738,0.910139131473796,0.0679245548249699,0.102804066757804,0.0392302258646077
"pc2001__06__07",1,"Panipat",TRUE,220388,2948,64958,73154,104335,145881,1251,69876,675,148894,17950,166197,147611,22142,42492,15021,137010,93483,122338,209965,7896,280,254,1183,810,176766,139754,26625,162321,172677,90548,74923,17466,26719,10024,182191,32473,167977,46763,5171,3907,1264,477,2011,0.0133764088788863,0.294743815452747,0.473415067971033,0.661928054159029,0.00567635261447992,0.317059005027497,0.00306278018766902,0.675599397426357,0.0814472657313465,0.754110931629671,0.669777846343721,0.100468265059804,0.192805415902862,0.0681570684429279,0.621676316314863,0.424174637457575,0.555102818665263,0.95270613645026,0.0358277220175327,0.00127048659636641,0.00367533622520282,0.802067263190373,0.634127084959254,0.120809662958056,0.736523767174256,0.783513621431294,0.410857215456377,0.339959525927001,0.0792511389004846,0.762187596420858,0.21218487394958,0.0234631649636096,0.00573533949216836,0.826682940994973,0.147344683013594,0.121236183458265,0.0454834201499174
"pc2001__06__08",1,"Sonipat",TRUE,269658,3944,60913,90181,111780,164405,7399,91587,1477,171176,32654,194818,158889,23186,57458,10574,163932,139639,126499,253054,13984,213,464,899,1044,183719,191265,44589,192317,207285,119029,84519,22367,30697,9029,239850,25832,211521,53395,3933,3206,727,809,2011,0.0146259335899547,0.225889830822746,0.414525065082438,0.609679668320613,0.0274384590852116,0.339641323454153,0.0054773082942097,0.634789251570508,0.121094126634478,0.72246326828798,0.589224128340342,0.0859829858561585,0.213077305327489,0.0392126322972061,0.607925594642102,0.517837408866045,0.469109019572941,0.938425709602534,0.0518582797469387,0.000789889415481833,0.00387157065616448,0.681303725459656,0.709287319493581,0.165353892708542,0.713188557357838,0.768695903700243,0.441407264015902,0.313430345103798,0.0829458054276157,0.7844046903856,0.198010072017148,0.0145851411788265,0.00269600753547086,0.889459982644683,0.0957954149329892,0.113836785854675,0.0334831527342041
"pc2001__06__09",1,"Jind",TRUE,244582,4624,49382,85958,101546,129177,19589,89084,1712,119784,50863,155643,96300,49237,33378,16562,129708,164040,79008,222462,19055,205,570,1359,931,146428,154031,40480,160742,193577,113068,61694,15836,23750,5263,227870,12316,105981,131376,6504,4621,1883,721,2011,0.018905724869369,0.201903656033559,0.415181820411968,0.528154156888078,0.0800917483706896,0.364229583534357,0.00699969744298436,0.489749858943013,0.207958884954739,0.636363264671971,0.39373298116787,0.201310807827232,0.136469568488278,0.0677155309875625,0.530325207905733,0.670695308730814,0.323032766107072,0.909559983972655,0.0779084315280765,0.000838164705497543,0.00380649434545469,0.598686739007777,0.629772428060937,0.165506864773368,0.657211078493103,0.791460532663892,0.46229076546925,0.252242601663246,0.0647472013476053,0.433314798308952,0.537145006582659,0.0265923085100294,0.00769884946561889,0.931671177764512,0.0503553000629646,0.09710444758813,0.0215183455855296
"pc2001__06__10",1,"Fatehabad",TRUE,176094,1972,40769,56708,72239,128708,1221,41039,3743,122912,13305,110441,53622,80729,24893,39979,103097,122841,52409,153301,18463,413,722,1494,1701,134586,112594,29817,107042,136196,86268,52633,14030,13142,3210,162708,8832,120063,45253,10196,8654,1542,582,2011,0.0111985644031029,0.231518393585244,0.41022976364896,0.730905084784263,0.00693379672220519,0.233051665587697,0.0212556929821573,0.697990845798267,0.0755562370097789,0.62717071564051,0.304507819687213,0.458442649948323,0.141361999840994,0.22703215328177,0.585465717173782,0.697587652049474,0.297619453246561,0.870563449066976,0.10484741104183,0.00234533828523402,0.00965961361545538,0.764284984156189,0.639397140163776,0.169324338137586,0.607868524765182,0.773427828318966,0.489897441139391,0.298891501130078,0.0796733562756255,0.681811986779788,0.256982066396357,0.0579008938407896,0.00875668676956625,0.923983781389485,0.0501550308358036,0.0746305950231127,0.0182289004736107
"pc2001__06__11",1,"Sirsa",TRUE,240217,3048,53358,71182,92012,204475,2099,26345,5269,196564,10272,155338,76906,138230,53905,72043,138702,167807,70969,215527,20796,448,856,1030,1560,215371,148229,45101,150315,190983,117760,75692,24468,22706,6287,219428,12951,184714,29361,25525,22086,3439,617,2011,0.0126885274564248,0.222124162736193,0.383037004042179,0.851209531382042,0.00873793278577286,0.109671671863357,0.0219343343726714,0.818276808052719,0.0427613366248017,0.646656980979697,0.320152195723034,0.575438041437534,0.224401270517907,0.299907999850135,0.577402931516088,0.698564214855735,0.295437042340883,0.897217932119708,0.0865717247322213,0.00186498041354276,0.00649412822572924,0.896568519297136,0.617062905622833,0.187751075069625,0.625746720673391,0.795043648034902,0.490223422988381,0.31509843183455,0.101857903478938,0.76894641095343,0.1222269864331,0.10625809164214,0.0143162224155659,0.91345741558674,0.0539137529816791,0.0945228689060308,0.0261721693302306
"pc2001__06__14",1,"Rohtak",TRUE,202933,2396,39880,71467,79239,154010,9355,35577,1526,136781,28372,156771,128606,18679,60346,9483,138461,106468,94926,193120,8089,171,273,592,688,147990,151930,39834,150160,160621,91682,63575,16545,27225,8482,185204,15541,149968,49356,2980,2458,522,629,2011,0.0118068525079706,0.196518062611798,0.390468775408632,0.758920431866675,0.0460989587696432,0.175314019898193,0.00751972325841534,0.674020489521172,0.139809690883198,0.772525907565551,0.633736257779661,0.0920451577614286,0.297369082406509,0.0467297088201525,0.682299083934106,0.524646065450173,0.467770150739407,0.951644138705878,0.0398604465513248,0.000842642645602243,0.00339028152148739,0.72925546855366,0.748670743545899,0.196291386812396,0.739948653003701,0.791497686428526,0.451784579146812,0.313280737977559,0.0815293717630942,0.739002527927937,0.243213277288563,0.0146846496134192,0.00257227754973316,0.912636190269695,0.076581926054412,0.134157579102462,0.0417970463157791
"pc2001__06__15",1,"Jhajjar",TRUE,183400,3208,33437,61293,67442,133448,6709,36644,1843,114081,32772,133344,102304,20655,22941,12243,125774,111769,70442,168558,12717,170,702,684,569,123545,136104,40791,128007,145032,69952,52868,14298,19241,5034,168223,12154,160074,20071,2368,1789,579,887,2011,0.0174918211559433,0.1823173391494,0.36773173391494,0.72763358778626,0.0365812431842966,0.199803707742639,0.0100490730643402,0.622033805888768,0.178691384950927,0.727066521264994,0.557818974918212,0.112622682660851,0.125087241003272,0.0667557251908397,0.685790621592148,0.60942748091603,0.384089422028353,0.91907306434024,0.069340239912759,0.000926935659760087,0.00310250817884406,0.673636859323882,0.742115594329335,0.222415485278081,0.697966194111232,0.790796074154853,0.381417666303162,0.288266085059978,0.0779607415485278,0.872813522355507,0.109438386041439,0.0129116684841876,0.00315703380588877,0.917246455834242,0.0662704471101418,0.104912758996728,0.0274482006543075
"pc2001__06__16",1,"Mahendragarh",TRUE,168525,2762,36000,50777,66376,108389,7095,40151,5758,80378,32687,83769,51353,22949,9909,48880,100071,122195,45697,135455,31034,207,494,553,782,74605,117225,25809,88012,133653,54810,45775,8538,13908,2624,162961,3691,159434,6153,1839,1486,353,1099,2011,0.0163892597537457,0.213618157543391,0.393864411808337,0.643162735499184,0.0421005785491767,0.238249517875686,0.0341670375315235,0.476950007417297,0.19395935321169,0.497071651090343,0.304720367897938,0.136175641596202,0.0587983978638184,0.290045987242249,0.593805073431242,0.725085298917075,0.271158581812787,0.803767986945557,0.184150719477822,0.0012283044058745,0.00464026108885922,0.44269396232013,0.695594125500668,0.153146417445483,0.522248924491915,0.793075211392968,0.325233644859813,0.271621421154131,0.0506631063640409,0.946055481382584,0.0365109034267913,0.0109123275478416,0.00209464471146714,0.966984126984127,0.0219017949859071,0.0825278148642635,0.0155703901498294
"pc2001__06__17",1,"Rewari",TRUE,169128,2166,35909,52390,62474,122608,3165,37962,1920,114709,18637,109357,72715,27384,20986,27154,115751,105508,62801,152651,14409,330,450,420,868,100436,134978,28534,108753,137152,71366,58897,12161,18092,5121,156650,9969,161377,5102,1419,998,421,1230,2011,0.0128068681708528,0.212318480677357,0.369388865238163,0.724942055721111,0.0187136370086562,0.224457215836526,0.0113523485170995,0.678237784399981,0.110194645475616,0.646593112908566,0.429940636677546,0.161912870725131,0.124083534364505,0.160552953975687,0.684398798543115,0.623835201740693,0.371322312094981,0.902576746606121,0.08519582801192,0.00195118490137647,0.00513220755877205,0.593846081074689,0.798081926115132,0.168712454472352,0.643021853270895,0.810936095738139,0.42196442930798,0.348239203443546,0.0719041199564827,0.95417080554373,0.0301665011115841,0.00839009507591883,0.00248923891963483,0.926221560001892,0.0589435220661274,0.106972234047585,0.0302788420604513
"pc2001__08__02",1,"Hanumangarh",TRUE,328871,2412,66165,89422,115101,246593,4654,27588,34894,192913,35887,190602,54002,223672,9152,210518,184403,271389,55736,243163,80888,957,791,983,2089,278373,227879,56817,140280,249474,93418,56973,16537,16217,3360,306363,11944,181884,36839,106659,103824,2835,3489,2011,0.00733418270385653,0.201188307877557,0.349988293282168,0.7498167974677,0.014151445399564,0.0838869952048067,0.106102392731497,0.586591703129799,0.109121813720273,0.579564631724901,0.164204201647454,0.680120776839551,0.0278285406740029,0.640123331032532,0.560715295663041,0.825214141715141,0.169476785730575,0.73938717612681,0.245956621289199,0.00290995557528636,0.00635203468837325,0.846450431932277,0.692913026688276,0.172763788841217,0.426550227900909,0.758577071252862,0.284056666595717,0.173238138966342,0.0502841539691855,0.553055757424644,0.112016565765908,0.324318653818671,0.00862040131236868,0.93155979092106,0.0363181916313691,0.0493111280714931,0.0102167719257703
"pc2001__08__05",1,"Jhunjhunun",TRUE,383664,3345,68228,101841,138624,231401,24336,104352,10067,191632,49410,241460,186167,19009,18936,215089,269808,249875,132234,297559,83112,422,889,483,1199,205571,257310,68472,189511,314807,74695,59920,15861,24178,4828,371091,9196,361609,11295,6998,4907,2091,3762,2011,0.00871856624546478,0.177832686934401,0.361316151632679,0.603134513532674,0.0634305016889779,0.271987989490804,0.0262391050502523,0.499478710538388,0.128784561491305,0.629352767004462,0.485234475999833,0.0495459568789357,0.0493556862254473,0.56061814504358,0.703240335293382,0.651286021101797,0.344660953334167,0.775571854539389,0.216627048667584,0.00109992076400183,0.0031251303223654,0.535809979565453,0.670664956837233,0.178468660077568,0.49395043579799,0.820527857708829,0.194688581675633,0.156178322699028,0.041340860753159,0.94251480462071,0.0294398223445515,0.0182399182618124,0.00545008132115601,0.967229137995746,0.023968889444931,0.0630186830143042,0.0125839276033196
"pc2001__08__17",1,"Barmer",TRUE,447776,17061,116999,157181,227687,95785,64487,66514,105370,56954,177723,93981,52825,6260,10268,381918,277632,404094,40246,126494,274975,18628,1821,2426,23432,66597,304821,69144,52926,299183,47366,39804,27009,37730,2766,436661,8087,191642,50315,197179,118943,78236,8640,2011,0.0381016401057672,0.26128912670621,0.508484152790681,0.213912759951404,0.144016204530837,0.148543021510755,0.235318552133209,0.127193060816122,0.396901575787894,0.209883959837061,0.117971932394769,0.0139802043879082,0.0229311084113485,0.852921996712642,0.620024297863217,0.902446759093833,0.089879761309226,0.282493925534196,0.61409052740656,0.041601157721718,0.0523297362967198,0.148728382048167,0.680744390052169,0.154416493961266,0.118197491602944,0.668153273065104,0.105780568855857,0.0888926606160223,0.0603181054813121,0.427986314585864,0.112366451082684,0.440351872364754,0.174721289216037,0.975177320803259,0.0180603694704495,0.0842608804402201,0.00617719574072751
"pc2001__08__18",1,"Jalor",TRUE,329516,19042,156653,109444,232890,136516,44810,65366,37743,116788,92297,70322,34219,13057,9642,259289,110189,287141,40030,161845,149702,4364,1768,1721,10116,51153,220114,41923,54245,237522,37596,34799,12367,12794,1585,315704,9562,183005,99703,42054,24986,17068,4754,2011,0.0577877857220894,0.475403318806978,0.706763859721531,0.414292477451778,0.135987326867284,0.198369730149674,0.11454072032921,0.35442285048374,0.280098690200172,0.213409970987752,0.1038462472232,0.0396247830150888,0.0292610980953884,0.786878330642518,0.334396508818995,0.871402299129633,0.121481202733706,0.491159761589726,0.454308743733233,0.0132436664683961,0.0306995714927348,0.155236771507302,0.66799184258124,0.127225992061084,0.164620230884085,0.720820840262688,0.114094611490793,0.105606404544848,0.0375308027531288,0.555375156289831,0.302574078345209,0.127623544835456,0.0517971813204822,0.958083977712767,0.0290183177751611,0.0388266427123417,0.00481008509450224
"pc2001__08__19",1,"Sirohi",TRUE,202260,13385,99787,53708,124087,81766,31576,80219,4550,75510,50616,60933,41168,12668,13188,118165,70412,150767,47287,134089,65867,376,648,252,1028,54218,141896,22809,65197,125006,52893,38817,6343,10297,2146,184197,13430,129682,53391,16899,9766,7133,2288,2011,0.06617719766637,0.49336003164244,0.613502422624345,0.404261841194502,0.15611589043805,0.396613270048452,0.0224957974883813,0.373331355680807,0.250252150697123,0.301260753485613,0.203539998022347,0.0626322555127064,0.0652032037970929,0.584223276970236,0.348126174231188,0.745411846138633,0.233793137545733,0.662953624048255,0.325655097399387,0.00185899337486404,0.00508256699297933,0.268060911697815,0.701552457233264,0.112770691189558,0.322342529417581,0.618046079303866,0.261509937703945,0.191916345298131,0.0313606249381984,0.64116483733808,0.263972115099377,0.083550875111243,0.0352664886779393,0.910694156036784,0.0663996835755958,0.0509097201621675,0.0106101058044102
"pc2001__08__20",1,"Pali",TRUE,428992,14660,182037,151155,254107,197827,61467,96554,54486,150135,106055,173870,89748,20836,27708,204641,218141,328489,95209,326793,95069,977,1659,1048,3446,124303,314877,75807,154761,316935,175945,109098,14175,19270,4043,396294,26351,330162,67691,27803,22189,5614,3336,2011,0.0341731314336864,0.42433658436521,0.592335055199165,0.461143797553334,0.143282392212442,0.225071796210652,0.127009361479934,0.349971561241235,0.247219062360137,0.405298933313442,0.209206698493212,0.048569670296882,0.0645886170371475,0.477027543637177,0.508496661942414,0.765722903923616,0.22193653960913,0.761769450246158,0.221610193197076,0.00227743174697896,0.00803278382813665,0.289755986125615,0.733992708488736,0.176709588990004,0.36075497911383,0.738790000745935,0.410135853349247,0.254312434730718,0.0330425742204983,0.769622743547665,0.157790821274056,0.0648100663881844,0.0130864911233776,0.923779464418917,0.0614253878860212,0.0449192525734746,0.00942441817096822
"pc2001__08__23",1,"Bundi",TRUE,220071,7903,100910,67732,131798,51021,11196,152557,2266,60819,51454,38223,38217,1015,12821,142422,38540,183910,33643,136969,79843,374,738,577,1570,42082,162474,26257,78692,143433,86810,58255,5787,7705,1392,202701,13298,138475,67276,13269,11748,1521,1051,2011,0.0359111377691745,0.458533836807212,0.59888854051647,0.231838815654948,0.0508744905053369,0.693217188998096,0.0102966769815196,0.276360810829232,0.233806362492105,0.173684856250937,0.173657592322478,0.00461214789772392,0.0582584711297718,0.647163869842006,0.175125300471212,0.835684847162961,0.152873390860222,0.62238550286044,0.362805639998001,0.00169945154063916,0.0071340612802232,0.191220106238441,0.738279918753493,0.119311494926637,0.357575509721862,0.651757841787423,0.394463604927501,0.264710025400893,0.0262960589991412,0.629228748903763,0.305701341839679,0.0602941777880775,0.00691140586447101,0.921070927109887,0.0604259534422982,0.0350114281300126,0.0063252314025928
"pc2001__08__27",1,"Dungarpur",TRUE,283556,16636,110228,117517,168058,44442,49654,185132,3083,52248,121541,38569,36170,1547,8942,238487,72097,252457,27312,141275,139540,511,544,179,1507,38043,240875,15969,46510,115373,18435,34909,4385,11742,1477,273174,6186,74700,180566,27662,26399,1263,628,2011,0.0586691870388918,0.388734500416144,0.592680105517076,0.156730945562781,0.17511179449562,0.652893960981252,0.0108726318610786,0.184259899279155,0.428631381455515,0.136018987431054,0.127558577494393,0.00545571245186136,0.0315352170294404,0.841057851006503,0.254260181410374,0.890325015164553,0.0963195982451438,0.498226099959091,0.492107379142039,0.00180211316283203,0.00531464684224633,0.134163974664617,0.84947946790052,0.0563169179985611,0.164024037579878,0.406879064452877,0.0650136128313279,0.123111484151279,0.0154643174540479,0.263440025956072,0.636791321643696,0.0975539223292753,0.00445414662359463,0.963386421024418,0.0218157965269647,0.0414098097024926,0.00520884763503505
"pc2001__08__32",1,"Jhalawar",TRUE,282208,8403,148273,81540,179587,75401,71115,131409,2805,49703,89308,46620,44181,1720,20464,159985,61328,238808,39195,220428,58332,208,702,1525,1013,46984,176591,29902,96225,167020,81160,56052,5385,9403,1750,263801,15426,154473,102349,22966,19531,3435,2420,2011,0.0297759099671165,0.525403248667649,0.636363958498696,0.267182361945799,0.251994982424311,0.46564590656537,0.00993947726499603,0.17612186755868,0.316461616963375,0.165197301281324,0.156554739766413,0.00609479532826851,0.0725138904637714,0.566904552670371,0.217314888309332,0.846212722530899,0.138886920285747,0.781083456174169,0.206698605284046,0.000737045016441773,0.00358955096949768,0.166487130060098,0.62574767547341,0.105957308084817,0.340971907245719,0.59183297426012,0.28758929583853,0.198619457988434,0.0190816702573988,0.547372859734664,0.36267221340288,0.0813796915750085,0.0121718732282572,0.934775059530559,0.0546618097289942,0.0333193956230865,0.00620109989794761
"pc2001__09__01",1,"Saharanpur",TRUE,588976,8986,234912,196030,370313,190539,1225,388400,2518,408736,49192,311994,256974,70697,67541,50686,281553,434141,150003,404499,178691,1479,1144,1837,1326,343084,373207,116358,294410,419470,365960,151620,21310,38816,9699,555491,26897,445932,94147,46571,37931,8640,2326,2011,0.0152569884002065,0.398848170383853,0.628740390100785,0.323508937545842,0.00207988101382739,0.65944962103719,0.00427521664719785,0.693977343728777,0.0835212300670995,0.529722773084133,0.436306402977371,0.120033753497596,0.114675300861156,0.0860578359729429,0.478038154356035,0.737111529162479,0.254684401401755,0.686783502214012,0.303392667952514,0.0025111379750618,0.00225136508108989,0.582509304284046,0.633654002879574,0.197559832658716,0.499867566759936,0.712202194996061,0.621349596587976,0.257429844340007,0.036181440330336,0.757131020618837,0.159848618619434,0.079071133628535,0.0146695281301785,0.943147089185298,0.045667395615441,0.0659042134144685,0.0164675640433566
"pc2001__09__03",1,"Bijnor",TRUE,628808,15502,275842,186846,402402,226734,2705,392856,1170,442905,44423,306361,295783,60065,59171,65964,237453,494765,129327,268353,352866,1884,1999,2738,968,380737,463562,119245,260312,445114,378636,131278,17143,37341,7303,604085,17110,464120,103727,51659,37843,13816,9302,2011,0.0246529942367145,0.438674444345492,0.639944148293279,0.360577473569039,0.00430179005356166,0.624763043727179,0.00186066335033905,0.704356496736683,0.0706463658223178,0.487209132199336,0.470386827139604,0.0955220035368507,0.0941002658999249,0.104903245505782,0.377624012417145,0.786830002162822,0.205670093255811,0.426764608592766,0.561166524598924,0.00299614508721263,0.00153942061805829,0.605490070100889,0.73720754188878,0.189636582231778,0.413976921413214,0.707869492754545,0.602148827623058,0.208772789150265,0.0272626938588568,0.738094935178942,0.16495814302617,0.0821538530044147,0.0219717306395593,0.960682752127835,0.0272102136105139,0.059383786465821,0.0116140379893386
"pc2001__09__05",1,"Rampur",TRUE,393441,10305,179342,127179,269483,145801,2094,242661,379,341262,12155,167579,195329,38499,41204,44006,173244,324946,63162,131112,255072,2444,1107,3051,655,260618,258794,94941,134249,253787,247366,73261,14386,25960,3847,373771,14956,219702,105871,57692,45987,11705,10176,2011,0.02619198304193,0.455829463629871,0.684938783705816,0.370579070305332,0.00532227195437181,0.616765919159417,0.000963295640261183,0.86737782793354,0.0308940857714371,0.425931715301659,0.496463256244265,0.0978520286396181,0.104727265333303,0.111849044710643,0.440330316362555,0.825907823536439,0.160537412216825,0.333244374633045,0.648310674281531,0.00621185895725153,0.00166479853396062,0.662406815761448,0.657770796637869,0.241309370401153,0.341217615855999,0.645044619142387,0.628724510155271,0.186205809765632,0.0365645674955076,0.558411553447658,0.269089901662511,0.146634438200391,0.0297503310534489,0.95000521043816,0.038013323471626,0.0659819388421644,0.00977783200022367
"pc2001__09__08",1,"Baghpat",TRUE,207090,3964,42995,60845,95131,51339,830,150465,132,96715,27716,122357,113653,17546,16491,9195,93454,160579,45200,119121,84780,592,678,1449,470,134051,148047,75783,111663,155781,114603,42998,13301,19999,2989,196311,6261,141174,58105,4960,3558,1402,2851,2011,0.0191414360905886,0.207615046598097,0.459370322082186,0.247906707228741,0.00400791926215655,0.726568158771549,0.000637404027234536,0.467019170409001,0.1338355304457,0.590839731517698,0.548809696267323,0.0847264474383118,0.0796320440388237,0.0444009850789512,0.451272393645275,0.775406827949201,0.218262591143947,0.575213675213675,0.409387222946545,0.00285866048577913,0.002269544642426,0.647307933748612,0.714892075909025,0.365942343908446,0.539200347674924,0.752238157322903,0.553397073736057,0.207629533053262,0.0642281133806558,0.681703607127336,0.280578492442899,0.0239509392051765,0.00677000338017287,0.947950166594234,0.0302332319281472,0.0965715389444203,0.0144333381621517
"pc2001__09__10",1,"Gautam Buddha Nagar",TRUE,316278,6215,106286,81394,140335,171326,1296,137165,792,266838,11979,236182,235074,6990,119214,17172,199253,116852,194862,257586,54675,470,679,2123,745,245877,237030,121832,232925,278982,128362,124939,78631,87188,53181,219857,87751,281624,22899,4465,2649,1816,7290,2011,0.0196504341117624,0.336052460177439,0.443707750776216,0.541694332201418,0.00409766091855899,0.433684922757827,0.00250412611689716,0.843681824217935,0.0378749075180695,0.746754437551774,0.743251190408438,0.0221008100468575,0.376927892550225,0.0542940071709066,0.629993233800644,0.369459779055135,0.616109878018705,0.814429078216,0.172870070001707,0.00148603443805766,0.00235552267309139,0.777407850055963,0.749435623091078,0.385205420547746,0.736456535073575,0.882078424677025,0.405851813910547,0.395029056715927,0.248613561487046,0.890431835284149,0.0724014948874092,0.0141173271615478,0.00574178412662278,0.695138454144771,0.277448953136165,0.275668873585896,0.168146377553924
"pc2001__09__11",1,"Bulandshahr",TRUE,582676,10644,193495,199204,343972,152581,1264,421842,640,450820,31123,245463,232380,9805,39208,27811,219862,454418,125474,223922,352339,1404,1475,2439,1097,257848,369615,141619,254050,410624,321044,136765,20979,38225,7865,549364,26299,490095,67431,20953,15909,5044,4197,2011,0.0182674419402893,0.332079920916599,0.590331504987334,0.261862510211507,0.00216930163590057,0.723973529028139,0.00109838057513953,0.773706142006879,0.0534139041251055,0.421268423617928,0.398815121954568,0.0168275336550673,0.0672895399844854,0.0477297846487585,0.377331484392699,0.779881100302741,0.215340944195402,0.38429933616624,0.604691114787635,0.00240957238671234,0.0018826929545751,0.442523803966527,0.634340525437808,0.243049310422945,0.436005601740933,0.704720977009522,0.550982020882961,0.234718780248371,0.036004572009144,0.841110668707824,0.11572640712849,0.035959950298279,0.00865661190781841,0.942829291063987,0.0451348605399913,0.065602496069857,0.0134980675366756
"pc2001__09__12",1,"Aligarh",TRUE,604612,12763,218216,191232,362215,168309,2700,426380,706,374047,60227,220182,219374,25115,46906,49050,215711,444377,154418,268120,328000,2262,2083,1576,2571,254141,387302,96490,262098,445913,364661,151973,21667,58336,13634,564776,33059,537076,41460,22816,17879,4937,3260,2011,0.0211094057015077,0.360919068758146,0.599086686999266,0.278375222456716,0.00446567385364498,0.705212599154499,0.00116769101506421,0.618656262197905,0.0996126441420283,0.364170740904911,0.362834346655376,0.041539036605294,0.0775803325107672,0.0811264083412172,0.356775915793931,0.734978796318962,0.255400157456352,0.443457953199738,0.542496675553909,0.00374124231738702,0.0042523138806375,0.420337340310811,0.640579412912744,0.159589951903039,0.433497846552831,0.737519268555702,0.603132256720012,0.251356241688885,0.0358362056988614,0.888298611340827,0.0685729029526374,0.0377365980165792,0.00816556733905381,0.934113117172666,0.054678041454685,0.0964850184911977,0.022549999007628
"pc2001__09__14",1,"Mathura",TRUE,410783,9080,135238,131629,236963,119348,35891,246837,1009,193876,106867,145033,139630,6494,33571,41610,150799,299062,108359,281239,125175,1331,772,762,1504,154472,290862,56649,221574,318989,212964,124260,16580,37596,8726,385642,19001,387299,12740,8653,6340,2313,2091,2011,0.0221041279702422,0.329220050488944,0.576856880640143,0.29053782654102,0.0873721648656346,0.600893902620118,0.00245628470506326,0.471966950920559,0.260154388083246,0.353064756818077,0.339911826925652,0.015808833374312,0.0817244141067181,0.101294357361429,0.367101364954246,0.728029154078918,0.263786476071308,0.684641282623672,0.304722931572144,0.00324015356039563,0.00366130049198725,0.376042825530755,0.70806727639654,0.137904927905975,0.539394278731106,0.776538951222422,0.51843430716461,0.30249547814783,0.0403619429236361,0.942831129817933,0.0310139416674984,0.0210646497055623,0.00563071013162667,0.938797369900897,0.0462555655905916,0.0915227747983729,0.021242359104442
"pc2001__09__15",1,"Agra",TRUE,672610,18156,205301,211366,376941,224180,20876,417507,1893,307051,107997,294699,281589,17610,108122,77681,295274,413726,253043,536402,128486,1722,1589,2100,2311,311695,440213,93565,433913,520896,444212,243761,44989,82012,27183,626023,37112,613049,29917,24350,19321,5029,5294,2011,0.026993354246889,0.305230371240392,0.56041539673808,0.33329864260121,0.0310373024486701,0.620726721279791,0.00281440953896017,0.456506742391579,0.160564071304322,0.438142459969373,0.418651224335053,0.0261815911152079,0.160749914512124,0.115491889802411,0.438997338725264,0.615105335930182,0.376210582655625,0.797493346813161,0.191026003181636,0.00256017603068643,0.00343586922585153,0.463411189247855,0.654484768290688,0.139107357904283,0.645118270617445,0.774439868571683,0.660430264194704,0.362410609417047,0.0668872006065922,0.91144794160063,0.0444789699826051,0.0362022568799156,0.00747684393630782,0.930736979824861,0.0551761050237136,0.12193098526635,0.0404142073415501
"pc2001__09__16",1,"Firozabad",TRUE,412147,10802,172917,124649,265451,102602,4205,299770,853,137810,76359,118546,132157,10297,31966,51335,114491,307140,102171,196080,209517,1308,1797,1448,1997,146593,209081,42868,169583,283190,278168,85413,10940,31797,5834,379586,28917,349442,29485,28622,23207,5415,4598,2011,0.0262090952985221,0.419551761871371,0.644068742463247,0.248945157916957,0.0102026704064327,0.72733757615608,0.00206964990646541,0.334370988991792,0.18527127456951,0.287630384304629,0.320655009013774,0.0249838043222442,0.0775597056390074,0.124555073796485,0.277791661712933,0.745219545453443,0.247899414529282,0.475752583422905,0.508355028666956,0.00317362494449796,0.00484535857351867,0.355681346703967,0.507297153685457,0.10401143281402,0.411462415109172,0.687109211033927,0.674924238196566,0.207239164666976,0.0265439272880793,0.847857681846526,0.0715400087832739,0.0694460956891595,0.0131385161119698,0.920996634695873,0.0701618597248069,0.0771496577677382,0.0141551436744657
"pc2001__09__18",1,"Mainpuri",TRUE,311184,7497,126750,96316,196766,63151,3831,242981,158,128576,41621,62770,59659,10233,22255,54474,67953,265972,43460,79022,228222,1527,1220,616,577,72089,207046,49983,76780,209597,216358,53444,7361,24451,2642,301040,7547,222826,31038,54656,45825,8831,2664,2011,0.024091855622397,0.407315286132963,0.632314000719831,0.202937811712684,0.0123110442696283,0.780827420432927,0.000507738187053319,0.413183197079541,0.133750449894596,0.201713455704663,0.19171615507224,0.032884081443776,0.0715171731194406,0.175053987351535,0.21836919635971,0.854709753714844,0.139660136767957,0.253939791248907,0.733398889403054,0.00490706463057227,0.00185420844259345,0.231660368142321,0.665349118206592,0.160622011414469,0.246735050645277,0.673546840454522,0.695273535914443,0.1717440485372,0.0236548151575917,0.716058666255334,0.0997416319605121,0.175638850326495,0.0283787084168852,0.967401922978045,0.0242525322638696,0.0785740912129158,0.00849015373541056
"pc2001__09__20",1,"Bareilly",TRUE,746222,18820,312796,246174,481503,323722,1759,414326,786,646459,23048,265988,379702,50584,101234,63547,299665,528531,211748,272830,462288,3879,2726,2776,1723,462993,491451,192343,300504,481724,456654,159838,24436,56575,15164,698240,36162,569001,100286,66119,50402,15717,10816,2011,0.0252203767779562,0.419172846686375,0.645254361302669,0.433814602088923,0.00235720737260494,0.555231553076698,0.00105330585268191,0.866309221652538,0.030886251008413,0.356446205016738,0.508832492207413,0.0677867980306129,0.13566204159084,0.0851583040971721,0.401576206544433,0.708275821404354,0.283760060678994,0.365615058253442,0.619504651430807,0.00519818499052561,0.00230896435645157,0.620449410497144,0.658585514766383,0.257755734888545,0.402700536837563,0.645550519818499,0.611954619402805,0.214196311553398,0.0327462872978819,0.762509012063434,0.134391642165468,0.088604999584574,0.0210620968022921,0.93570009997025,0.0484601097260601,0.0758152399688028,0.020321030470825
"pc2001__09__21",1,"Pilibhit",TRUE,361470,19033,172693,110303,239239,98099,1246,259939,282,298535,12043,85586,125204,29040,29779,81147,112422,310119,49032,83006,273222,2380,1333,1103,426,162404,261004,70230,106945,205860,242225,55738,7560,18097,2870,349881,7346,247825,54814,53664,27519,26145,5167,2011,0.0526544388192658,0.477751957285529,0.661850222701746,0.271389050266965,0.00344703571527374,0.719116385868813,0.000780147730102083,0.825891498602927,0.0333167344454588,0.23677206960467,0.346374526240075,0.08033861731264,0.0823830470025175,0.224491659058843,0.311013362104739,0.857938418125986,0.135646111710515,0.22963454781863,0.755863557141672,0.00658422552355659,0.00117852103909038,0.449287631062052,0.722062688466539,0.194289982571168,0.295861343956622,0.569507842974521,0.670110935900628,0.154198135391595,0.0209145987218856,0.685603231250173,0.151641906658921,0.148460453149639,0.0723296539131878,0.967939248070379,0.020322571721028,0.0500650123108418,0.00793980136664177
"pc2001__09__22",1,"Shahjahanpur",TRUE,518201,39530,246004,150849,336769,148086,3284,362204,480,368601,34164,107167,147668,31002,43815,110100,132891,420996,93392,115163,396645,1796,2712,1044,841,198260,346362,122562,135885,288372,333199,73581,9927,27533,3889,497520,14789,296254,73667,130830,96452,34378,17450,2011,0.0762831410977594,0.474726988176403,0.64988103071974,0.285769421517905,0.00633730926802534,0.69896430149691,0.000926281500807602,0.711308932248297,0.065928085819981,0.206805853327184,0.284962784710952,0.059826206433411,0.0845521332455939,0.212465819247744,0.256446822757965,0.812418347320827,0.180223504007132,0.222236159328137,0.765426928932982,0.00346583661552178,0.00162292237953999,0.382592854896073,0.668393152464005,0.236514402712461,0.262224503619252,0.556486768647687,0.642991812057483,0.141993164814425,0.0191566592885772,0.571697082792198,0.14215912358332,0.252469601563872,0.0663410529890911,0.960090775587079,0.0285391189905075,0.0531318928369494,0.00750480990966826
"pc2001__09__24",1,"Sitapur",TRUE,793861,133027,317784,197172,429050,230288,39497,520109,1135,350723,122069,107916,109831,30472,57415,313343,174804,714636,75437,102040,682137,6450,1426,1040,768,145037,624484,205606,123246,369436,575384,88916,11679,34609,3874,776437,11939,384342,56204,321837,246386,75451,31478,2011,0.16756963750581,0.400301816060998,0.540459853803122,0.290086047809377,0.0497530424091875,0.655163813312406,0.00142972132401012,0.441793966450046,0.153766213480697,0.135938155420155,0.138350416508684,0.0383845534671687,0.0723237443330759,0.39470763773507,0.220194719226666,0.900202932251364,0.0950254515589001,0.128536355860787,0.859265035062813,0.00812484805274475,0.00096742376814077,0.182698230546657,0.786641490134923,0.258994962594207,0.155248840792028,0.465366103133924,0.724791871624881,0.112004494489589,0.0147116434741094,0.484142689967135,0.0707982883653436,0.405407243837397,0.0950430868880068,0.978051573260306,0.0150391567289488,0.0435957932182082,0.00487994749710592
"pc2001__09__25",1,"Hardoi",TRUE,708721,60170,301360,206670,432115,137163,32114,536236,440,361033,89562,102948,121345,38098,53652,192935,157287,644589,61328,95508,600911,8156,2159,1124,863,173556,481873,191429,132969,387803,494925,82094,12396,32065,3845,697057,7613,378491,54047,269513,236577,32936,6670,2011,0.0848994174012058,0.425216693169809,0.609711014630581,0.193535961259791,0.0453126124384631,0.756624962432325,0.000620836690319604,0.509414847309449,0.126371308314555,0.145258853625051,0.171216882242801,0.0537559914268097,0.0757025684296077,0.272229833742756,0.221930773887044,0.909510230400962,0.0865333466907288,0.134761069588738,0.847880900946917,0.0115080546505607,0.00121768650851322,0.244886210511612,0.67991917835086,0.27010487907089,0.187618258807062,0.547187115945485,0.698335452173704,0.115834016488858,0.0174906627572768,0.534047953990357,0.0762599104584173,0.380280815722971,0.0464724482553783,0.983542183736619,0.0107418857350071,0.0452434738070411,0.00542526607790654
"pc2001__09__26",1,"Unnao",TRUE,567491,18518,208831,192510,322334,68748,37409,459680,651,210791,81298,120541,117930,19032,76286,127793,184894,491384,71336,99466,460863,4013,1546,1097,506,141351,386631,178176,134235,306178,417537,79130,10191,28719,3476,548851,14029,270667,85307,193708,166011,27697,17809,2011,0.0326313545060627,0.367989976933555,0.567998435217475,0.121143771443071,0.0659199881584025,0.81002165673112,0.00114715475663931,0.371443776200856,0.143258659608699,0.212410417081504,0.207809463057564,0.0335370957424875,0.134426801482314,0.225189474370519,0.325809572310398,0.8658886220222,0.125704196189896,0.1752732642456,0.812106271288884,0.00707147778555078,0.00089164409655836,0.249080602159329,0.681298910467303,0.313971499107475,0.236541196248046,0.539529261257007,0.735759686056695,0.139438334704868,0.0179579940474827,0.47695381953194,0.150323088824316,0.341341096158353,0.0488060603604286,0.967153664110973,0.024721096898453,0.0506069699783785,0.0061252072720096
"pc2001__09__27",1,"Lucknow",TRUE,822591,27399,234428,241989,370966,427563,7079,380839,2093,503471,75948,487738,516120,15463,285211,104239,505387,326107,472339,582769,228994,1823,1924,2208,4873,539863,614655,271988,506413,607420,539667,337254,90205,152257,68506,688062,107236,647460,47136,94426,72544,21882,33569,2011,0.0333081689442262,0.284987314473414,0.450972597560635,0.519775927526559,0.00860573480624028,0.462974917060848,0.00254439934305141,0.61205507962037,0.0923277789326652,0.592928928228001,0.627432101737072,0.0187979202301022,0.346722733411866,0.126720326383342,0.614384305201491,0.396438813456505,0.574208810940066,0.708455356307083,0.278381358415057,0.00221616818078486,0.00592396464342547,0.656295777610015,0.747218240899791,0.330647916157604,0.615631583618104,0.738422861422019,0.656057506099629,0.409989897774228,0.10965959997131,0.787098327115176,0.0573018669059107,0.11479094714141,0.0266013121952465,0.836456999894237,0.130363692284501,0.18509441508599,0.0832807555638221
"pc2001__09__28",1,"Rae Bareli",TRUE,614353,29663,215065,186988,328527,125452,56287,430363,1216,172901,100286,100764,86570,23157,55029,232983,178123,542638,66706,247856,362374,1461,1237,655,770,112567,477757,174654,130197,363829,509053,94437,13483,34788,5184,597191,12244,311612,43756,230690,200823,29867,28295,2011,0.0482833159437652,0.350067469353938,0.534752821260741,0.204201818824031,0.091619964417851,0.700514199491172,0.00197931807934526,0.281435917135588,0.163238398770739,0.164016453081535,0.140912472145493,0.0376933131277946,0.0895722817337915,0.379233111907975,0.289935916321724,0.883267437450456,0.10857926957303,0.40344232062023,0.58984655401699,0.00237811160684492,0.00125335108642751,0.183228534734916,0.777658772725127,0.284289325518065,0.211925391428055,0.592214899251733,0.828600169609329,0.153717813699941,0.0219466658419508,0.507219790576428,0.071222896282756,0.375500730036315,0.0486153725952343,0.97206492033082,0.0199299100028811,0.0566254254475847,0.00843814549615612
"pc2001__09__29",1,"Farrukhabad",TRUE,308056,12363,127740,95201,195387,49109,2154,255543,333,108322,41197,78923,88712,16193,38201,45905,83840,246247,59794,88081,215435,1987,1235,499,819,113500,195508,64510,87314,198066,204261,49592,6765,18733,2624,294748,9374,221859,29595,48554,34734,13820,8048,2011,0.0401323136053185,0.414664866128236,0.634258056976654,0.159415820500169,0.00699223517801958,0.829534240527696,0.00108097229075233,0.351630872308931,0.133732178564936,0.256196925234373,0.287973615186849,0.052565118030488,0.124006674111201,0.149015114135092,0.272158308878905,0.799357908951619,0.194101072532267,0.28592528631158,0.699337133508193,0.00645012595112577,0.00265860752590438,0.368439504505674,0.634650842703924,0.209409977406705,0.283435479263511,0.642954527748202,0.663064507751837,0.160983717246215,0.0219602929337523,0.720190484846911,0.0960701950294752,0.157614200015582,0.0448619731477394,0.95680006232633,0.0304295322928299,0.0608103721401304,0.00851793180460696
"pc2001__09__30",1,"Kannauj",TRUE,278738,13546,117419,83966,174468,47225,3789,226228,487,72121,60021,56549,63073,18572,28533,62006,63334,243524,33069,61491,212365,3099,812,526,445,85404,186968,58628,64187,174734,178143,37935,6011,18082,2488,268151,6646,160724,35071,67275,53809,13466,15668,2011,0.0485976077893936,0.421252215342006,0.625921115886603,0.169424333962359,0.0135934102992775,0.811615208547094,0.00174716041587441,0.258741183476957,0.215331242959338,0.202875101349655,0.22628059324527,0.0666288772969599,0.102364944858613,0.222452625763262,0.22721695642503,0.87366631029856,0.118638291155135,0.22060501259247,0.761880332068107,0.0111179674102562,0.0015964812834992,0.30639525288981,0.670766095760176,0.210333718402227,0.230277177851603,0.626875417058313,0.639105539969434,0.136095544920319,0.0215650539216038,0.576613163616012,0.125820663131686,0.24135568167957,0.0483105999182028,0.962018095846279,0.0238431788991813,0.0648709540859158,0.00892594479403598
"pc2001__09__31",1,"Etawah",TRUE,275333,9386,105644,87023,164096,58927,15302,199665,474,92232,44580,75407,75753,14551,29504,49722,75300,224702,48130,113098,159324,989,601,719,602,93434,170123,41005,84543,177997,194564,47713,7736,21506,2964,261034,10690,185729,28005,39057,31097,7960,22542,2011,0.034089629648462,0.383695379776489,0.595991036308761,0.214020840218935,0.0555763384701434,0.725176422731747,0.00172155172100693,0.334983456396436,0.161913028950398,0.273875634232003,0.275132294349025,0.0528487322623877,0.107157514718541,0.180588596354233,0.273487013906796,0.816109946864342,0.17480650702967,0.410768051777302,0.578659296197695,0.0035920140339153,0.00218644332499192,0.339349079115108,0.617880893318273,0.148928751729724,0.307057272466432,0.646478990894662,0.706649765919813,0.173291977351062,0.028096886315843,0.674561349347881,0.101713198199998,0.141853682631577,0.0289104466228167,0.948066523082958,0.0388257128640592,0.078109053400791,0.0107651462047775
"pc2001__09__32",1,"Auraiya",TRUE,248370,6814,94932,80157,145697,46112,16535,185001,198,85631,39781,61956,58284,13327,21838,42460,66083,214222,33026,65479,180704,1086,538,379,184,72893,158513,59782,60174,152099,179939,35729,5088,14279,2404,240103,6104,153711,38971,48317,37600,10717,7371,2011,0.0274348753875267,0.382220074888272,0.586612714901156,0.185658493376817,0.0665740628900431,0.744860490397391,0.000797197729194347,0.344771912871925,0.160168297298385,0.249450416716995,0.234666022466481,0.0536578491766316,0.0879252727785159,0.170954624149454,0.266066755244192,0.862511575472078,0.132970970729154,0.263634899545034,0.727559689173411,0.00437250875709627,0.000740830212988686,0.293485525627089,0.63821314973628,0.240697346700487,0.242275637154246,0.612388774811773,0.724479607037887,0.143853927608004,0.0204855658896002,0.618879091677739,0.156907033860772,0.194536377179208,0.0431493336554334,0.966714981680557,0.0245762370656682,0.0574908402786166,0.00967910778274349
"pc2001__09__33",1,"Kanpur Dehat",TRUE,329473,10935,125166,105762,187556,53449,23870,251016,505,85797,76669,68994,71569,15267,30885,89594,86866,302693,24904,49753,276147,2220,657,406,290,89107,222197,101117,65556,184973,220794,40159,12752,25354,2682,320512,6125,145747,86054,85041,69146,15895,12631,2011,0.0331893660482043,0.379897594036537,0.569260607090718,0.162225736251529,0.0724490322423992,0.761871230723003,0.00153275078686266,0.260406770812783,0.232701920946481,0.209407144136242,0.217222655574205,0.0463376361644202,0.0937406100044617,0.271931235639946,0.263651346240815,0.918718681045184,0.0755873774178764,0.151007821581738,0.838147587207449,0.0067380331620497,0.000880193521168654,0.270453117554397,0.67440124076935,0.306905269931072,0.198972298185284,0.561420814452171,0.670142925216937,0.121888591781421,0.0387042337308368,0.442364017688855,0.261186804381543,0.258112197357598,0.0482437104102612,0.972802020195889,0.0185902941970966,0.0769531949507243,0.00814027249577355
"pc2001__09__34",1,"Kanpur Nagar",TRUE,821148,18850,270249,284098,425901,271007,12528,532030,2024,415726,93084,461237,481842,29867,339641,108820,474528,362511,424315,517271,292549,3689,1719,2863,3057,520077,607637,242173,469346,571582,518736,249207,51177,93296,33966,630882,163785,572161,110390,96279,76966,19313,42318,2011,0.0229556669443267,0.329111195545748,0.518665331949904,0.330034293452581,0.0152566894153064,0.647909999171891,0.00246484190426086,0.506274143029028,0.113358371450701,0.561697769464214,0.586790688158529,0.0363722495822921,0.413617277275229,0.13252178657197,0.577883645822677,0.441468529424659,0.516733889627692,0.629936381748479,0.356268297554156,0.00449249100040431,0.00372283680895527,0.633353548933931,0.739984753053043,0.294920038774983,0.571572968575701,0.696076712115234,0.631720469391632,0.303486095076649,0.0623237223983983,0.69678182252164,0.134433743977943,0.117249265662219,0.023519511707999,0.768292682926829,0.199458562890003,0.11361654659087,0.0413640415613263
"pc2001__09__35",1,"Jalaun",TRUE,287219,3337,45703,87763,110046,52267,11977,221913,193,107861,42936,93800,92205,20370,38249,42948,109348,242608,42960,104176,180037,1136,993,458,419,114634,213620,68232,90428,199931,162840,58169,7009,18615,2217,276057,9057,171113,69334,40121,35742,4379,6651,2011,0.0116183121590146,0.159122481451436,0.383143176461167,0.18197612274954,0.0416998875422587,0.772626462734011,0.000671961116778486,0.375535741019919,0.149488717668399,0.326580066081979,0.321026812293059,0.0709214919625791,0.133170159355753,0.149530497634209,0.380712975116549,0.84467949543728,0.14957227760002,0.362705809852412,0.626828308712167,0.0039551700966858,0.00145881713953464,0.399117050055881,0.743753024695441,0.237560885596009,0.314839895689352,0.696092528697614,0.566954136042532,0.202524902600455,0.0244029816968933,0.595757940804752,0.241397679122899,0.139687834022122,0.0152462058568549,0.961137668469008,0.0315334291951438,0.0648111719628576,0.00771884868340883
"pc2001__09__36",1,"Jhansi",TRUE,358220,9863,66722,103832,125547,93390,37791,223433,1173,135508,69967,139788,125589,18277,51250,87879,155653,255196,95433,183340,170424,1489,1016,878,1073,147302,254544,78124,163900,270128,194290,94539,18860,40774,8517,326556,25466,229774,84836,29461,25121,4340,14149,2011,0.0275333593880855,0.18625984032159,0.350474568700798,0.260705711573893,0.105496622187483,0.623731226620513,0.0032745240355089,0.378281502986991,0.195318519345654,0.390229467924739,0.350591815085702,0.051021718497013,0.143068505387751,0.245321310926246,0.434517894031601,0.712400200993803,0.266408910725253,0.511808385908101,0.475752330969795,0.00415666350287533,0.00299536597621573,0.411205404500028,0.710580090447211,0.218089442242198,0.457540059181509,0.754084082407459,0.542376193400704,0.263913237675172,0.0526492099826922,0.641432639160293,0.236826531181955,0.0822427558483613,0.0121154597733237,0.91160739210541,0.0710903913795991,0.113823907096198,0.0237758919099994
"pc2001__09__37",1,"Lalitpur",TRUE,217878,2604,66321,74017,107346,20604,33314,163443,334,36945,65446,33572,33226,8015,15939,126508,67024,196032,20883,77082,137411,2057,754,214,360,42178,148726,39275,53524,126482,118185,36718,5511,9906,1079,209129,6708,124160,70307,20561,17946,2615,2850,2011,0.0119516426624074,0.304395120204885,0.492688568832099,0.0945666841076199,0.152902082816989,0.750158345496103,0.00153296799126116,0.169567372566299,0.300379111245743,0.154086231744371,0.152498187058813,0.0367866420657432,0.0731556191997356,0.580636870175052,0.307621696545773,0.89973287803266,0.0958472172500207,0.353785145815548,0.630678636668227,0.00944106334737789,0.00165230082890425,0.193585401004232,0.682611369665593,0.180261430708929,0.245660415461864,0.580517537337409,0.542436592955691,0.168525505099184,0.0252939718558092,0.569860196990977,0.322689762160475,0.0943693259530563,0.0120021296321795,0.959844500133102,0.0307878721119158,0.0454658111420153,0.00495231276218801
"pc2001__09__38",1,"Hamirpur",TRUE,209558,1929,27890,64475,67463,40314,10120,158137,345,47183,41867,49339,51838,16124,17736,57713,97824,187957,20549,55929,151726,860,546,301,196,68771,153082,54513,48564,137792,99240,24522,3791,11037,1196,202503,4809,93768,85783,23415,21489,1926,6592,2011,0.00920508880596303,0.133089645825977,0.321929966882677,0.192376334952615,0.0482921196041191,0.754621632197291,0.00164632225923133,0.225154849731339,0.199787171093444,0.235443170864391,0.247368270359519,0.0769428988633219,0.084635279970223,0.275403468252226,0.466811097643612,0.896921138777809,0.0980587713186803,0.266890311989998,0.724028669867053,0.00410387577663463,0.000935301921186497,0.328171675622023,0.730499432138119,0.260133232804283,0.231744910716842,0.657536338388418,0.473568176829327,0.117017723017017,0.0180904570572348,0.447456074213344,0.40935206482215,0.111735175941744,0.00919077296023058,0.966333902785864,0.0229483007091116,0.0526679964496703,0.00570725049866863
"pc2001__09__39",1,"Mahoba",TRUE,163474,3184,27846,51941,61507,18115,26755,117760,370,19921,46210,31041,34992,5902,11614,62375,57174,149171,13207,42936,118553,1262,313,282,128,41692,117603,42442,35422,113025,85723,21276,5755,11298,1316,157367,4536,74293,63560,18961,16842,2119,6660,2011,0.0194771033925884,0.170339014155156,0.376249434160784,0.110812728629629,0.163665169996452,0.720359200851512,0.00226335686408848,0.121860356998666,0.28267492078251,0.189883406535596,0.214052387535633,0.0361036005725681,0.0710449368095232,0.381559147020321,0.349743690128094,0.912505964251196,0.0807896056865312,0.262647271125684,0.725210125157517,0.00771988206075584,0.000782999131360339,0.255037498317775,0.719398803479452,0.25962538385309,0.216682775242546,0.691394350171893,0.524383082325018,0.130149136865801,0.0352043750076465,0.454463706766825,0.388808006166118,0.115987863513464,0.0129623059324419,0.962642377381113,0.027747531717582,0.0691119077039774,0.00805020981929848
"pc2001__09__40",1,"Banda",TRUE,322737,4264,56914,111869,130142,51777,22753,247074,623,67368,67991,55579,73155,15487,33764,163865,167348,293236,27223,73522,246310,1685,676,413,131,90787,203797,75196,52233,174698,183817,32236,5202,18612,1655,312553,6773,92000,175649,50944,47941,3003,4144,2011,0.0132119961454683,0.176347924161159,0.403244747270998,0.160430939123807,0.0705001285876736,0.76555833387557,0.00193036435239839,0.208739623904294,0.210669988256692,0.172211429120305,0.226670632744309,0.0479864409720608,0.104617691804782,0.507735400651304,0.518527469735419,0.908591205842528,0.0843504153536781,0.227807781568274,0.763191081282902,0.00522096939613369,0.000405903258690513,0.281303352265157,0.631464629094278,0.23299466748467,0.161843854283829,0.541301431196299,0.56955663589858,0.0998831866194455,0.0161183874176187,0.285061830530742,0.544248102944503,0.15784989015824,0.00930478996830236,0.96844489475951,0.0209861280237469,0.0576692477156322,0.00512801445139541
"pc2001__09__41",1,"Chitrakoot",TRUE,167458,2913,30899,59092,73081,23226,20573,122159,722,26224,43562,18644,22943,4182,17533,106797,84354,154844,11807,41046,124739,1058,298,195,122,27623,113520,43000,27006,84775,105264,17911,2805,9437,827,162755,3009,49105,100192,13848,13007,841,4313,2011,0.0173954066094185,0.184517908968219,0.436413906770653,0.138697464438844,0.122854685951104,0.729490379677292,0.00431152886096812,0.156600461011119,0.260136870140573,0.111335379617576,0.137007488444864,0.0249734261725328,0.104700880220712,0.637753944272594,0.50373227913865,0.924673649512117,0.070507231664059,0.245112207240024,0.744897227961638,0.0063180021259062,0.00072854088786442,0.164954794635073,0.677901324511221,0.256780804739099,0.161270288669398,0.506246342366444,0.628599410001314,0.106958162643767,0.0167504687742598,0.293237707365429,0.598311218335344,0.0826953624192335,0.00502215480896702,0.971915345937489,0.0179686846851151,0.0563544291702994,0.00493855175626127
"pc2001__09__42",1,"Fatehpur",TRUE,473021,18194,120576,157607,225179,65256,47566,358433,754,88566,116929,95851,94648,18726,44889,189899,150262,425904,44258,75263,393199,2488,621,912,538,117023,320053,122320,97968,271445,331499,59754,16758,33501,3385,460648,8349,188741,111456,150797,130727,20070,22027,2011,0.0384634086013095,0.254906230378778,0.476044403948239,0.137955820143292,0.1005579033489,0.757752827041506,0.00159400956828555,0.187234816213234,0.247196213275943,0.202635823779494,0.200092596311792,0.0395880943975003,0.0948985351601726,0.401459977464003,0.317664543434647,0.900391314550517,0.09356455633048,0.159111329095326,0.83125062100837,0.00525980876113323,0.0011373702224637,0.247394935954218,0.676614780316307,0.25859317028208,0.207111312182757,0.573854014938026,0.700812437502775,0.126324201251107,0.0354276025800123,0.399011883193347,0.235625902444078,0.318795571443974,0.0424294058826141,0.97384259895438,0.017650379158642,0.0708234940943425,0.00715613048892121
"pc2001__09__43",1,"Pratapgarh",TRUE,534254,16690,119137,171252,258613,113727,75389,341391,1130,155290,87032,76924,58761,13870,27006,308467,212599,482593,47804,140538,389212,2102,1093,665,644,74799,441287,231339,135185,397265,447696,104506,15781,34400,5149,523892,6378,270892,129204,116246,98936,17310,17912,2011,0.0312398222568291,0.222996926555534,0.484063759934413,0.212870657028305,0.141110782511689,0.639005042545306,0.00211509881067807,0.290666986115219,0.162903787337109,0.143983947710265,0.109987009924118,0.025961434074429,0.0505489898063468,0.577378924631355,0.397936187656059,0.903302548974832,0.0894780385359773,0.263054651907145,0.728514901151887,0.00393445814163301,0.0012054191452006,0.140006438884875,0.825987264484683,0.433013136073853,0.25303507320488,0.743588255773471,0.83798343110206,0.1956110763794,0.0295383843639917,0.507047209754162,0.241840023659158,0.217585642784144,0.0324003189494136,0.980604731082968,0.0119381417827475,0.0643888487498456,0.00963773785502776
"pc2001__09__48",1,"Ambedkar Nagar",TRUE,364457,20621,98029,112128,201225,97529,1817,260490,735,174989,33878,49216,50072,15314,32454,187506,110817,338176,22663,99581,261857,1030,1128,487,374,67875,276634,79722,61470,255512,311614,60203,9813,27308,2509,357876,4387,207807,91221,52551,37425,15126,12878,2011,0.0565800629429535,0.268972745756015,0.552122746990729,0.267600841800267,0.00498549897518775,0.714734522865523,0.00201669881494936,0.480136202624727,0.0929547244256524,0.135039250172174,0.137387949744414,0.0420186743566456,0.0890475419596825,0.514480446252919,0.304060561328223,0.927889984277981,0.0621829186982278,0.273231135634657,0.718485308280538,0.0028261221488406,0.0010261841588994,0.186235961992773,0.75903055778871,0.218741854320263,0.168661872319643,0.701075847082097,0.855008958532831,0.165185467695778,0.0269249870355076,0.570182490664194,0.250292901494552,0.144189849557012,0.0415028384692844,0.981943000134447,0.0120370853077318,0.0749279064471255,0.00688421404994279
"pc2001__09__50",1,"Bahraich",TRUE,595178,23255,251280,197163,367088,187350,13772,391416,456,326580,48382,62910,79002,12417,27275,373962,124135,551672,39752,85814,503240,2824,1396,961,943,93687,388678,170698,71676,270422,397685,51784,13451,35463,2681,582513,7619,274554,94232,209297,124696,84601,17095,2011,0.0390723447439253,0.422193024607764,0.616770109110216,0.314779780166606,0.0231392961433386,0.657645275867052,0.000766157351246182,0.54870979774118,0.0812899670350719,0.105699471418634,0.132736761103401,0.0208626662947891,0.0458266266562272,0.628319595146326,0.208567857010844,0.926902540080446,0.0667901031288119,0.144182076622456,0.845528564563878,0.00474479903491056,0.00158439996102006,0.157410052118862,0.653044971420315,0.286801595489081,0.120427838394564,0.454354831663805,0.668178259277057,0.0870059041160796,0.0225999616921324,0.461297292574658,0.158325744567171,0.351654463034588,0.142144030861356,0.978720651636989,0.012801212410405,0.05958385558606,0.00450453477783117
"pc2001__09__52",1,"Balrampur",TRUE,320991,12257,88153,103536,174875,85828,14088,219396,432,191185,24888,39445,40077,7248,17120,187464,75014,301690,16653,57400,261437,1097,295,419,343,48201,262320,78055,34497,194750,232350,37816,6167,15510,1551,314737,4279,229976,23280,53572,24249,29323,14163,2011,0.0381848712269191,0.274627637535009,0.544797206152197,0.267384443800605,0.0438890810022711,0.683495798947634,0.00134583212613438,0.595608599618058,0.0775348841556305,0.122885065313358,0.124853967868258,0.0225800723384768,0.0533348287023624,0.584016374290868,0.233695025717232,0.939870588271945,0.051879959251194,0.178821213055818,0.814468318426373,0.00341754130178105,0.00106856578533355,0.150163088684729,0.817219174369375,0.243168811586618,0.107470302905689,0.60671483001081,0.723852070618802,0.117810156671059,0.019212376670997,0.716456224629351,0.0725253979083526,0.166895645049238,0.0913514709135147,0.98051658769249,0.0133305918234468,0.0483191117507967,0.00483191117507968
"pc2001__09__53",1,"Gonda",TRUE,535561,28078,159614,173122,298945,188037,4930,338812,1173,288071,30149,83874,57842,6690,36910,285796,150950,483725,46778,104084,427333,1714,906,751,773,66742,427193,172589,78099,346478,417980,75067,13053,31811,4313,521253,9886,333438,50596,117828,53044,64784,33699,2011,0.0524272678555757,0.29803141005413,0.558190383541744,0.351102862232313,0.00920530061001455,0.632630083221146,0.00219022669686553,0.537886440573529,0.0562942409921559,0.156609611230093,0.10800263648772,0.0124915742557804,0.068918386514328,0.53363855844619,0.281853981152474,0.903211772328456,0.0873439253418378,0.194345742128348,0.797916577196622,0.00320038240275151,0.00144334632282784,0.124620724810059,0.797655169065709,0.322258342186978,0.145826525829924,0.646944045589578,0.780452646850685,0.140165172594718,0.024372573805785,0.622595745395949,0.0944728985120276,0.220008551780283,0.120964745379144,0.973284089020672,0.0184591484443415,0.0593975289462825,0.00805323763306141
"pc2001__09__55",1,"Basti",TRUE,379790,16067,110773,118245,214706,125645,2080,248616,705,193400,25061,59330,51490,9288,31801,216748,106877,337544,38442,108101,268196,1325,1015,814,339,62328,334528,100072,76856,278758,309655,66316,11477,30244,3423,372178,5089,273068,35311,52149,26225,25924,19262,2011,0.042304958003107,0.291669080281208,0.565328207693725,0.330827562600384,0.00547671081387082,0.654614392164091,0.00185628900181679,0.509228784328181,0.065986466205008,0.156217909897575,0.135574922983754,0.0244556202111693,0.0837331156691856,0.570704863213881,0.281410779641381,0.888764843729429,0.101219094762895,0.28463361331262,0.70616919876774,0.00348877010979752,0.000892598541299139,0.164111745964875,0.880823613049317,0.26349298296427,0.202364464572527,0.733979304352405,0.815332157244793,0.174612285736855,0.0302193317359593,0.718997340635614,0.0929750651675926,0.137310092419495,0.0682587745859554,0.979957344848469,0.0133995102556676,0.0796334816609179,0.00901287553648069
"pc2001__09__60",1,"Deoria",TRUE,472564,14302,126610,145704,272886,109265,2232,357083,664,274621,32291,97707,90372,7070,56590,198244,165637,406950,61555,150001,318505,1421,1010,664,963,100060,387689,97164,122308,379700,353180,84941,13388,36068,4469,463312,6074,385130,33083,40359,15736,24623,13992,2011,0.030264683725379,0.267921382077348,0.57745829136371,0.23121735891858,0.00472316977171346,0.755628867201056,0.00140510068477497,0.581129751737331,0.0683314852591395,0.206759296095344,0.191237588982656,0.0149609365080709,0.11975097552924,0.419507199024894,0.350507021271193,0.86115319829695,0.130257488932716,0.317419439483329,0.673993363861826,0.003007000110038,0.00203781921602153,0.211738515841241,0.82039469786103,0.205610245384752,0.258817853243159,0.803489051218459,0.747369668447025,0.179744965761251,0.0283305541683243,0.814979558324375,0.0700074487265217,0.0854043050253511,0.0521051116885755,0.980421699494672,0.0128532854809084,0.0763240534615417,0.00945692012087252
"pc2001__09__61",1,"Azamgarh",TRUE,659930,19980,136735,195974,339752,102270,4589,545388,1669,316002,49525,128920,106908,24673,142564,296965,247953,602243,51599,183381,471056,1960,1295,1403,835,135150,533558,174092,159910,500400,521004,116175,20757,47324,6652,647550,7850,398845,142645,97394,69641,27753,21046,2011,0.0302759383570985,0.207196217780674,0.514830360795842,0.154970981770794,0.00695376782386011,0.826433106541603,0.00252905611201188,0.478841695331323,0.0750458381949601,0.195354052702559,0.161998999893928,0.0373872986528874,0.216028972769839,0.449994696407195,0.375726213386268,0.912586183383086,0.0781885957601564,0.277879472065219,0.713796917854924,0.00297001197096662,0.00126528571212098,0.204794447895989,0.808506962859697,0.263803736759959,0.242313578712894,0.758262239934539,0.78948373312321,0.176041398330126,0.0314533359598745,0.604374706408255,0.216151713060476,0.147582319336899,0.0420544603215493,0.981240434591548,0.0118952010061673,0.071710635976543,0.0100798569545255
"pc2001__09__62",1,"Mau",TRUE,320833,8124,65989,96005,162338,42095,1603,273408,475,187140,23942,73671,76683,9210,85833,113367,125552,271626,41292,149908,167111,1264,873,875,802,87874,237081,58485,82073,232564,228921,47576,7411,26716,2656,313109,5380,221188,48577,41932,28310,13622,9136,2011,0.0253215847496984,0.205680213693729,0.50598909713153,0.131205331122422,0.00499636882739618,0.852181664604327,0.00148052101872314,0.583294112513364,0.0746244931163565,0.229624134674426,0.239012196376308,0.0287065233314528,0.267531706526448,0.353352055430707,0.391331315668899,0.846627373119349,0.128702471379191,0.467246199736311,0.520865995704931,0.00393974435298115,0.0024997428568757,0.273893271577425,0.738954533978737,0.182291098484258,0.255812213830871,0.724875558312268,0.713520741320251,0.148288985235309,0.0230992447784361,0.689417859135438,0.151408988476871,0.130697278646523,0.0424582259306243,0.975925169792384,0.0167688485910115,0.0832707358656996,0.00827845015942874
"pc2001__09__63",1,"Ballia",TRUE,482440,14642,125184,139943,257548,75078,4788,395909,1186,305850,46271,81164,111659,9284,92362,180114,143743,414566,63666,119972,356085,3069,1470,1107,737,124786,370007,108399,115533,342823,324245,65467,10846,42969,4672,472507,5795,321684,64158,84807,27526,57281,11791,2011,0.0303498880689827,0.259480971727054,0.533844623165575,0.155621424425835,0.00992455020313407,0.82063883591742,0.00245833678799436,0.633964845369372,0.0959103722742724,0.16823646463809,0.231446397479479,0.0192438437940469,0.19144764115745,0.373339689909626,0.297950004145593,0.859311002404444,0.131966669430395,0.248677555758229,0.73809178343421,0.00636141281817428,0.00152765110687339,0.25865599867341,0.766949257938811,0.224689080507421,0.239476411574496,0.710602354696957,0.672093939142691,0.135699776137965,0.022481552110107,0.666785507006053,0.132986485366056,0.175787662714534,0.1187318630296,0.979410911201393,0.0120118563966504,0.0890659978442915,0.00968410579553934
"pc2001__09__64",1,"Jaunpur",TRUE,666988,19728,174490,195449,361221,135340,57745,466045,1617,238355,103567,120509,100717,26800,69541,399197,272797,602437,58866,181467,477884,3744,1819,1199,875,131852,548411,212662,211780,515736,534790,128471,22876,52398,8002,653913,8271,419415,128305,102922,76874,26048,16346,2011,0.0295777435276197,0.261608904508027,0.541570463036816,0.202912196321373,0.0865757704786293,0.698730711796914,0.00242433147223039,0.357360252358363,0.155275657133262,0.180676413968467,0.151002716690555,0.0401806329349254,0.10426124607939,0.598507019616545,0.408998362789136,0.903220147888718,0.0882564603860939,0.272069362567243,0.716480656323652,0.00561329439210301,0.00131186767977835,0.19768271693044,0.822220189868483,0.318839319448026,0.31751695682681,0.773231302512189,0.801798533107042,0.192613660215776,0.0342974686201251,0.62881940904484,0.192364780175955,0.154308623243597,0.0390531763689901,0.980396948670741,0.0124005229479391,0.0785591344971724,0.0119972173412415
"pc2001__09__65",1,"Ghazipur",TRUE,524961,23233,116699,144981,259479,58602,25346,434210,496,213999,97930,87073,103414,8986,60384,214940,194927,478803,38370,105767,413417,2714,1226,871,966,116171,404765,133819,139187,375976,383511,78218,21169,50180,5309,514080,5915,324727,100550,88794,56195,32599,10890,2011,0.0442566209680338,0.222300323262109,0.494282432409265,0.111631149742552,0.0482816818773204,0.827128110469159,0.00094483209228876,0.407647425237303,0.186547191124674,0.165865654781974,0.196993681435383,0.0171174620590863,0.115025687622509,0.409439939347875,0.371317107366071,0.912073468314789,0.0730911439135479,0.201475919163519,0.787519453826094,0.00516990785982197,0.00184013669586884,0.22129453426064,0.771038229506573,0.254912269673366,0.265137791188298,0.716197965182175,0.730551412390635,0.148997735069843,0.040324900325929,0.618573570227122,0.19153803806378,0.169143993553807,0.0620979463236317,0.979272745975415,0.0112675036812258,0.0955880532077621,0.0101131322136311
"pc2001__09__66",1,"Chandauli",TRUE,294718,8167,71191,84536,142013,38260,46053,208048,735,103011,62997,67724,65083,7837,54371,125146,130118,257938,33745,99602,191560,1370,934,924,328,74557,219976,83980,109887,190317,220298,49064,7313,20762,3492,283240,9071,166250,71972,51604,42281,9323,4892,2011,0.0277112358254331,0.241556335208572,0.481860626090025,0.129819013429787,0.156261239557815,0.705922271459497,0.00249390943206726,0.34952395170977,0.213753486383594,0.229792547452141,0.220831438866985,0.0265915213865458,0.18448482956589,0.424629645966653,0.441500010179222,0.87520273617492,0.114499284061374,0.337956962248658,0.649977266403816,0.00464851145841109,0.00111292829077287,0.252977422485223,0.746394858814188,0.284950359326543,0.372854728927314,0.645759675350674,0.747487428660618,0.166477785544147,0.024813550580555,0.564098562015215,0.244206326047272,0.175096193649523,0.0316336294355961,0.961054295971064,0.030778574773173,0.0704470035763001,0.0118486146078624
"pc2001__09__67",1,"Varanasi",TRUE,541704,14331,140407,150503,270077,187518,44889,305591,746,278202,96168,241316,266233,25176,224814,220896,306681,324920,204070,336056,200330,2299,1064,819,1136,295357,403729,169964,309911,398076,412569,157861,24216,57583,19214,500257,33976,416846,74234,40626,31909,8717,9998,2011,0.0264554073811528,0.259195058555964,0.498569329375452,0.346163218288955,0.0828662886004165,0.564129118485372,0.00137713585279045,0.513568295600549,0.177528687253555,0.445475757978527,0.491473203077696,0.0464755659917593,0.415012626822028,0.40777989455496,0.5661412874928,0.599810966874898,0.37671865077607,0.62036831922969,0.369814511245994,0.00424401518172286,0.00209708623159511,0.545236882134893,0.745294478165197,0.313758067136296,0.572103953450593,0.734858889725754,0.761613353418103,0.291415607047391,0.0447033804439325,0.769508809238994,0.137037939538936,0.0749966771520978,0.0160918139795903,0.923487734999188,0.0627206001801722,0.106299750417202,0.0354695553291096
"pc2001__09__69",1,"Mirzapur",TRUE,390819,7988,111346,126357,206753,44170,68045,274880,1653,98038,102159,71569,80149,19760,73068,240160,175899,340129,45473,145997,240542,2302,647,752,579,102361,292567,110625,136132,237437,309079,63155,10205,24518,4447,381372,6470,193472,133469,56449,45935,10514,7429,2011,0.0204391291109184,0.284904265145758,0.52902494505129,0.113019070208971,0.174108730640015,0.703343491488387,0.00422957942167602,0.250852696516802,0.261397219684816,0.183125692456099,0.205079589272784,0.050560489638426,0.186961227575937,0.614504412528562,0.450077913305136,0.870298015193734,0.116353094399198,0.373566791788526,0.615481847095459,0.00589019469370732,0.00148150422574133,0.261914082989824,0.748599735427397,0.283059421368971,0.348324927907804,0.607536992827882,0.790849472517969,0.161596544692044,0.026111831819845,0.495042462111617,0.341511031961087,0.144437706457465,0.0269024791527536,0.975827684938552,0.0165549781356587,0.0627349233276785,0.0113786688978786
"pc2001__09__70",1,"Sonbhadra",TRUE,326918,4709,63603,108286,125820,47641,61458,210788,4958,71772,97142,50796,64980,12790,31100,240810,160765,278495,44397,95582,223195,6735,461,369,576,78826,269560,82293,80712,165535,203774,50700,10279,25220,5149,288821,19116,75005,183804,63990,59607,4383,4119,2011,0.0144042236891208,0.194553374240635,0.384867153231085,0.145727674829774,0.187992095877254,0.644773307067827,0.0151658825760588,0.219541291700059,0.297144849778844,0.155378412935354,0.198765439651533,0.0391229604977395,0.0951308890914541,0.736606733186915,0.491759401440116,0.851880288023296,0.135804697202357,0.292373010969112,0.682724719960357,0.0206014963997088,0.00176190971436262,0.241118567958938,0.824549275353453,0.251723673826464,0.246887598725063,0.506350216262182,0.623318385650224,0.155084761316293,0.0314421353366899,0.229430621746126,0.56223273114359,0.195737157329973,0.0134070317327281,0.883466190298485,0.0584733786454096,0.0771447274240023,0.0157501269431478
"pc2001__10__01",1,"Pashchim Champaran",TRUE,708065,15266,260298,275984,423933,19577,8016,673647,1166,368844,56971,59288,98747,10707,17570,516713,260521,664198,40021,57546,643700,3183,2196,1181,259,112382,267514,183497,69056,371137,425249,48435,10911,41143,3495,694531,7910,286206,106670,310166,13832,296334,5023,2011,0.0215601674987466,0.367618792060051,0.598720456455269,0.027648591584106,0.0113209945414616,0.951391468297402,0.00164674147147508,0.520918277276804,0.0804601272482046,0.0837324256953811,0.139460360277658,0.0151214930832621,0.0248141060495858,0.729753624314152,0.36793373489722,0.938046648259694,0.0565216470239314,0.0812721995861962,0.909097328635083,0.00449535000317767,0.000365785627025767,0.158717066935945,0.377809946826916,0.259152761399024,0.09752776934321,0.524156680530742,0.600579042884481,0.068404736853255,0.0154096022257844,0.404208653160374,0.150650010945323,0.438047354409553,0.418512424706771,0.980885935613256,0.0111712907713275,0.0581062473078037,0.00493598751527049
"pc2001__10__02",1,"Purba Champaran",TRUE,984303,16823,368761,387229,562562,20310,10869,945481,1546,470416,82938,101659,162387,14040,36781,617506,284145,921503,54666,74979,898330,4510,3723,2335,426,179522,401012,357603,96546,585210,611212,78531,19282,70258,7719,967001,9489,468023,134715,373632,28351,345281,7933,2011,0.0170912818512186,0.374641751574464,0.571533359138395,0.0206338901740623,0.0110423314771976,0.960558892942519,0.00157065456470213,0.477917876913918,0.0842606392543759,0.103280189128754,0.164976638291258,0.0142639004452897,0.0373675585668234,0.627353568972156,0.288676352708465,0.936198507979758,0.0555377764773652,0.076174714493403,0.912655960613754,0.00458192243648551,0.000432793560519474,0.182384895707927,0.407407068758299,0.363305811320295,0.0980856504551952,0.594542534158689,0.62095919650758,0.0797833593923822,0.0195894963237946,0.475486714964802,0.136863343909345,0.379590430995334,0.350787308379635,0.982422079380028,0.00964032416847251,0.071378427171308,0.00784209740293385
"pc2001__10__03",1,"Sheohar",TRUE,148889,2420,70144,56607,78692,2091,859,145016,195,57924,15128,11010,25217,4592,4250,108993,38560,142350,4466,10004,137258,848,305,443,31,30398,80938,56957,11722,83296,73447,7678,1410,6698,478,147280,830,56427,18446,73226,3100,70126,790,2011,0.0162537192136424,0.471116066331294,0.528527963785102,0.0140440193701348,0.00576939867955322,0.973987332845274,0.00130970051514887,0.389041500715298,0.101605894323959,0.0739477060091746,0.169367784053892,0.0308417680285313,0.0285447548173472,0.73204199101344,0.258984881354566,0.956081376058675,0.0299955000033582,0.0671909946335861,0.921881401581044,0.00569551813767303,0.000208208799844179,0.204165519279463,0.543613027154457,0.382546729442739,0.0787297919926925,0.559450328768411,0.493300378134046,0.0515686182323745,0.00947014218646105,0.378987030606694,0.123890952320185,0.491816050883544,0.470995170899126,0.989193291646797,0.00557462270550544,0.0449865335921391,0.00321044536533928
"pc2001__10__04",1,"Sitamarhi",TRUE,733083,13383,380068,243728,433381,10992,4660,710373,844,251811,122665,67371,136442,12987,27198,553391,175906,678275,41181,66263,659192,3050,1977,2265,336,152392,239565,252121,61089,340890,317432,38576,7292,42461,3460,720630,6856,335165,151976,241549,26789,214760,4393,2011,0.0182557773130737,0.518451525952723,0.591175896862975,0.0149942093869316,0.00635671540603179,0.969021243160733,0.00115130210358172,0.343495893370873,0.167327574094611,0.091900917085787,0.186120807602959,0.0177155929137628,0.0371008466981229,0.75488178009857,0.239953729659534,0.925236296572148,0.0561750852222736,0.0903894920493314,0.899205137753842,0.00416051115630836,0.00045833827820315,0.207878234797424,0.326791100052791,0.343918764996597,0.0833316282058103,0.465008737073428,0.433009631924352,0.0526215994641807,0.00994703191862313,0.457199253017735,0.207310768357744,0.329497478457419,0.292954549484847,0.983012837564096,0.0093522834385738,0.0579211358059047,0.00471979298387768
"pc2001__10__05",1,"Madhubani",TRUE,901539,21743,430672,307929,560882,19775,8764,859607,1804,346397,142744,63672,146677,16915,20637,748139,348815,828141,50111,113281,778444,4097,1455,3643,619,166993,342733,300530,73851,486531,416574,59254,11636,65548,5319,884913,8410,395557,141603,355313,51804,303509,9066,2011,0.0241176477113026,0.477707564509134,0.622138365617017,0.021934713861519,0.00972115460340595,0.953488423684389,0.00200102269563491,0.384228524778185,0.158333693827999,0.0706258963838503,0.162696233884502,0.0187623608074637,0.0228908566351539,0.829846518009759,0.386910605087523,0.918585884803652,0.055583840521597,0.125652911299456,0.863461259024845,0.00454445121065201,0.000686603685475614,0.185231032711841,0.380164363383059,0.333352189977361,0.0819165892989654,0.539667169140769,0.462069860538479,0.065725387365383,0.0129068182297161,0.438757502448591,0.15706808024944,0.394118279963485,0.33665653953961,0.981558202141006,0.00932849272189001,0.0727067825130139,0.0058999111519302
"pc2001__10__06",1,"Supaul",TRUE,440804,12668,228704,149312,295248,5373,2389,425676,689,273702,21374,17871,41053,5817,4427,363187,144545,415901,12965,51028,386377,1866,395,949,189,47753,184880,107152,26559,207212,192734,21885,4064,25078,1845,430158,5069,98628,127616,213327,5681,207646,1233,2011,0.0287383962033012,0.518833767388681,0.66979428498834,0.0121890908430958,0.00541964228999737,0.965680892187911,0.00156305296685148,0.620915418190398,0.0484886707017178,0.0405418281140824,0.0931320949900636,0.0131963412310233,0.0100430123138629,0.823919474414933,0.327912178655366,0.943505503579822,0.0294121650438744,0.115761199989111,0.876527889946552,0.00423317392764131,0.000428761989455631,0.108331594087168,0.419415431801889,0.24308309361984,0.0602512681373127,0.470077404016297,0.437232874474823,0.0496479160806163,0.00921951706427346,0.223745701037196,0.289507354742697,0.483949782669849,0.471061968584677,0.975848676509288,0.0114994419288391,0.0568914982622662,0.00418553370659068
"pc2001__10__08",1,"Kishanganj",TRUE,335711,16490,216742,80255,234883,4264,7961,315573,850,142448,33601,14322,27203,6661,3702,289737,79794,313780,12200,58718,274973,707,887,326,100,34858,68232,51858,28736,130592,177516,19539,2436,14073,1093,326865,4776,103946,172936,57340,3475,53865,1489,2011,0.049119629681482,0.645620786926851,0.699658337081597,0.012701400907328,0.0237138491142679,0.94001388098692,0.0025319396743032,0.42431734438252,0.100089064701484,0.0426616941357298,0.0810310058353763,0.019841470788863,0.0110273419697299,0.863054829898335,0.237686581613352,0.93467297765042,0.0363407812076459,0.174906392700865,0.819076527131968,0.00210597805850866,0.000297875255800376,0.103833356666895,0.203246244537713,0.154472150152959,0.085597433506796,0.389001254054827,0.528776239086595,0.0582018462308354,0.00725624123129716,0.309629413394259,0.515133552370938,0.170801671675936,0.160450506536872,0.973649954871899,0.014226522217026,0.0419199847487869,0.00325577654589811
"pc2001__10__09",1,"Purnia",TRUE,640713,34552,374570,170656,426974,12331,3154,606448,2226,314626,52843,36773,69240,16479,12713,505403,132068,598955,34692,86058,549898,1469,1998,907,383,87774,164976,126408,63200,258284,291919,40178,8390,33664,4170,624039,8720,136015,250946,251031,7686,243345,2721,2011,0.0539274214820052,0.584614328100101,0.666404458782637,0.0192457465355003,0.00492264087040531,0.946520516986545,0.00347425446338688,0.49105605786054,0.0824753048556842,0.0573938721393198,0.108067106489177,0.0257197840530784,0.0198419573194238,0.788813400071483,0.206126612071239,0.9348257332066,0.0541459280520295,0.134315988593957,0.858259470308859,0.00229275822404103,0.000597771545137995,0.13699425483797,0.257488142116673,0.197292703597399,0.0986401087538414,0.403119649515462,0.455615852963808,0.0627082640745544,0.0130947865893153,0.212286936584711,0.391666783723758,0.391799448426987,0.379803437732651,0.973975867510102,0.013609837790087,0.0525414655235652,0.00650837426429618
"pc2001__10__11",1,"Madhepura",TRUE,401001,12561,234844,115013,275175,6388,2771,384905,431,218811,28868,19245,42333,8952,6277,309711,83203,383864,12850,23236,374908,1197,1062,547,51,52388,122774,74766,23209,182773,169936,21254,4560,23309,1397,394241,3072,112282,105929,181307,6307,175000,1483,2011,0.0313241114111935,0.585644424826871,0.686220233864754,0.015930134837569,0.00691020720646582,0.959860449225812,0.00107481028725614,0.545661980892816,0.0719898454118568,0.0479923990214488,0.105568315290984,0.0223241338550278,0.0156533275478116,0.772344707369807,0.207488260627779,0.957264445724574,0.0320448078683096,0.0579449926558787,0.934930336832078,0.0029850299625188,0.000127181727726365,0.130643065728016,0.306168812546602,0.186448412846851,0.0578776611529647,0.455791880818252,0.423779491821716,0.0530023615901207,0.0113715427143573,0.280004289266112,0.264161436006394,0.452136029585961,0.436407889257134,0.983142186677839,0.00766082877598809,0.0581270370896831,0.00348378183595552
"pc2001__10__12",1,"Saharsa",TRUE,368212,13420,224743,95202,261546,6629,4320,349271,607,174742,34896,25506,51142,9080,11203,299113,70265,340853,22247,41342,323952,1279,852,573,214,61597,132591,60611,30518,166317,129847,20489,3824,19415,1668,359161,5426,133971,67819,165225,10522,154703,1197,2011,0.0364463950115694,0.610363051720205,0.710313623673319,0.0180032155388743,0.0117323715685529,0.94855952549075,0.00164850683845176,0.474568998294461,0.0947714903370884,0.0692698771359977,0.138892811749753,0.0246597069079769,0.0304254071024301,0.812339087264945,0.190827566727863,0.925697695892584,0.0604189977512955,0.11227770958035,0.879797507957372,0.00347354241578221,0.000581186924923685,0.167286780441702,0.360094184871759,0.16460897526425,0.0828816008169207,0.451688157909031,0.352641956264326,0.0556445743213149,0.0103853214995709,0.363842025789491,0.184184654492521,0.448722475095869,0.420146546011537,0.97541905206783,0.0147360759562426,0.0527277763896885,0.00452999902230237
"pc2001__10__14",1,"Muzaffarpur",TRUE,947863,27882,463485,310919,595769,44121,14735,874936,2025,446177,87226,113753,231495,21438,59505,566563,176545,842190,90595,180651,759131,3178,2074,1996,833,256532,449632,259307,172027,547479,548802,94249,23333,73012,10290,911967,22474,467852,150599,318635,38261,280374,10777,2011,0.0294156433999428,0.488978892519278,0.628539145425025,0.0465478660945727,0.0155454954988221,0.923061666084656,0.00213638468850456,0.470718869710074,0.0920238473281476,0.120009959245165,0.244228332575488,0.0226171925689683,0.0627780596985007,0.597726675690474,0.186255819670142,0.888514479413164,0.0955781584469486,0.19058766931508,0.800886837021806,0.0033528052049716,0.000878818985444099,0.27064248736368,0.474363911240337,0.27357012564052,0.181489308054012,0.577592964384093,0.578988735713917,0.0994331459293168,0.0246164266354948,0.493586098412956,0.158882665532888,0.336161449492173,0.295795911434458,0.962129548257501,0.0237101775256551,0.0770280093220223,0.0108559992319565
"pc2001__10__15",1,"Gopalganj",TRUE,421727,11392,132204,153700,262791,16485,2909,399026,646,255329,23320,53734,76487,5837,28228,219598,117487,387135,32087,69375,347573,2144,1342,924,369,84425,276915,154764,61380,316314,312727,51902,9508,33596,3707,412706,5453,307678,34047,74198,6507,67691,5804,2011,0.027012735727141,0.313482418721116,0.623130603447254,0.0390892686500983,0.00689782726740285,0.946171338330247,0.00153179663621253,0.605436692457443,0.0552964358459382,0.127414180263535,0.181366144448897,0.0138407073770472,0.0669342963575963,0.520711265818883,0.278585435601704,0.917975372693709,0.0760847657370764,0.16450215423722,0.82416587033792,0.00508385756662485,0.000874973620375266,0.20018874769697,0.656621463648284,0.366976740877392,0.145544392462422,0.750044460041686,0.741538957666927,0.123070137790561,0.0225453907385584,0.729566757641792,0.0807323220946252,0.175938462559903,0.160509049693285,0.978609384744159,0.0129301657233234,0.0796629098919443,0.00879004664154773
"pc2001__10__16",1,"Siwan",TRUE,544879,11186,201802,179908,350345,19043,3948,518473,672,358850,27943,72038,113020,9063,50665,240380,122050,496892,43737,52935,484677,3382,2368,1152,365,124672,402557,181860,74071,401299,382782,64065,10891,37833,3834,535085,6347,438673,53340,47982,13061,34921,4884,2011,0.0205293285298204,0.370361126048169,0.642977615213653,0.0349490437326452,0.00724564536346602,0.951537864369888,0.0012333013384623,0.658586585278566,0.0512829453878751,0.132209169375219,0.20742219832293,0.0166330506406009,0.0929839468946317,0.441162166279119,0.223994685058518,0.911930905760729,0.080269197381437,0.0971500094516397,0.889513084556388,0.00620688262898735,0.000669873494849315,0.228806762602339,0.738800724564536,0.33376217472136,0.135940272978037,0.736491955094617,0.702508263302495,0.117576562869922,0.0199879239243942,0.805083330427489,0.0978932937404451,0.088059917890027,0.0640894583935149,0.982025367099852,0.0116484577309825,0.0694337641935182,0.00703642460069116
"pc2001__10__17",1,"Saran",TRUE,641742,13311,245194,206463,414540,27833,28131,578710,839,381637,52347,73309,127164,7473,63005,255345,120027,582661,53594,94787,538801,3695,2249,1509,701,137526,393816,243581,128169,423960,431759,68604,10948,37442,4509,628222,8764,432172,102707,103133,40664,62469,3730,2011,0.0207419804220388,0.382075662805302,0.645960526192769,0.04337101202664,0.0438353730938602,0.901779842989862,0.00130737897784468,0.594689142988927,0.0815701637106501,0.114234380794774,0.198154398496592,0.0116448666286452,0.0981780840275375,0.397893546004469,0.187033106762531,0.907936522777066,0.0835133122033465,0.147702659324152,0.839591299930502,0.00575776558180702,0.00109233928899776,0.214301074263489,0.613667174658975,0.379562191659577,0.199720448404499,0.660639322344494,0.672792181281574,0.106902774011986,0.017059815315189,0.6734357420895,0.160044067553627,0.160707885723546,0.0973428574099872,0.978932343527461,0.0136565785003942,0.0583443190565679,0.00702618809428088
"pc2001__10__19",1,"Samastipur",TRUE,850353,21643,554527,194549,612839,20385,23436,797103,1632,352172,113395,63567,138719,18504,27771,588022,119512,785954,47928,88021,754639,2974,2115,2196,408,159459,377365,183813,84248,441421,458268,56464,10621,50918,5379,829443,10874,417002,186818,242272,36696,205576,4261,2011,0.0254517829654273,0.65211388682112,0.720687761435545,0.023972397345573,0.0275603190674931,0.937378947331285,0.00191920296629753,0.414148006768954,0.133350502673596,0.0747536611266145,0.16313107615308,0.0217603748090499,0.032658201946721,0.691503410936399,0.140543985850582,0.924267921674881,0.0563624753484729,0.103511130083624,0.887442038776837,0.00349737109177012,0.000479800741574381,0.187520947183111,0.443774526578962,0.216160817919147,0.0990741492062708,0.51910324300614,0.538915015293649,0.0664006594908232,0.0124901070496606,0.490386933426471,0.219694644459419,0.284907561918403,0.241753718749743,0.975410211994313,0.0127876305487251,0.0598786621555989,0.00632560830619754
"pc2001__10__20",1,"Begusarai",TRUE,596110,22050,397740,120096,419233,21384,17644,547417,869,313654,63453,69247,152467,31220,50925,382564,108760,537124,51664,120373,470680,1985,1353,1313,406,186662,258554,106532,76761,334335,295852,41377,9821,43127,4644,577162,10968,315894,141948,135119,28304,106815,3149,2011,0.0369898173155961,0.667225847578467,0.703281273590445,0.0358725738538189,0.0295985640234185,0.91831541158511,0.00145778463706363,0.526167989129523,0.106445119189411,0.116164801798326,0.255769908238412,0.052372884199225,0.0854288638003053,0.641767459026019,0.182449547902233,0.901048464209626,0.0866685678817668,0.201930851688447,0.789585814698629,0.00332992232977135,0.000681082350572881,0.313133482075456,0.433735384408918,0.178711982687759,0.12876985791213,0.560861250440355,0.496304373353911,0.0694116857626948,0.016475147204375,0.529925684856822,0.238123836204727,0.226667896864673,0.179186727281878,0.968213920249618,0.0183992887218802,0.0723473855496469,0.0077905084632031
"pc2001__10__21",1,"Khagaria",TRUE,327701,14462,230513,59922,237661,9814,2890,311073,482,142226,37245,29152,61550,14397,15088,242442,48896,309784,15869,40641,284722,1111,643,528,56,78061,106687,56603,31220,159866,99898,14047,3120,21654,1580,321312,3292,139195,67171,119713,14626,105087,1622,2011,0.0441316932203442,0.703424768310136,0.725237335253783,0.0299480318949286,0.00881901489467533,0.94925862295202,0.00147085300319499,0.434011492183423,0.113655435900409,0.088959142633071,0.187823656320853,0.0439333416742701,0.0460419711871493,0.739826854358089,0.149209187643614,0.94532515921526,0.0484252413022847,0.124018541292215,0.868846906173616,0.00339028565674197,0.00017088748584838,0.2382080005859,0.325562021476895,0.172727577883497,0.0952697733604719,0.487841050225663,0.304844965380026,0.0428652948877178,0.0095208742115526,0.42476220701188,0.204976487712885,0.365311671310127,0.320679521881227,0.980503568802048,0.0100457429180869,0.0660785289028718,0.00482146835072215
"pc2001__10__23",1,"Banka",TRUE,380013,8025,179974,130253,252877,15071,99502,253728,6262,108991,109898,22941,41703,3944,12160,252857,45713,352623,16851,62359,312859,2126,1319,1182,168,46555,141737,78757,32859,181116,159201,24398,3258,22300,1704,372571,3728,127903,101054,149601,130779,18822,1455,2011,0.0211176986050477,0.473599587382537,0.665443024317589,0.0396591695547258,0.26183841079121,0.667682421390847,0.0164783836342441,0.28680860917916,0.289195369632092,0.0603689873767476,0.109740982545334,0.0103785923113157,0.0319989053006081,0.665390394539134,0.120293253125551,0.927923518405949,0.0443432198372161,0.164097017733604,0.823284992881822,0.00559454544976093,0.00044209013902156,0.122508966798504,0.372979345443445,0.207248173088815,0.0864680945125561,0.476604747732314,0.418935667990306,0.0642030667371906,0.00857339091031096,0.336575327686158,0.265922481599314,0.393673374331931,0.0495298845039512,0.980416459436914,0.00981019070400223,0.0586822029772666,0.00448405712436153
"pc2001__10__24",1,"Munger",TRUE,263749,6445,131921,78646,169831,20237,53209,184033,1281,126411,43505,49702,87159,12592,24579,124345,63193,210119,50119,90461,170124,1015,989,794,366,102385,152376,56958,69973,149671,112707,24259,3755,17946,2653,248457,11182,151659,50151,60619,33868,26751,1320,2011,0.0244361116061104,0.500176303985987,0.643911446109748,0.0767282529981156,0.201741049255163,0.697758095765292,0.00485689045266522,0.479285229517458,0.164948492695707,0.188444316376555,0.330461916443285,0.0477423611084781,0.0931908746573447,0.471452024462652,0.239595221214109,0.796662736162033,0.190025365025081,0.342981395190124,0.645022350795643,0.00384835582315004,0.00138768298647578,0.388191045274105,0.577731100402276,0.215955321157616,0.265301479816037,0.567475137346492,0.427326738679578,0.0919775999150708,0.0142370208038703,0.575012606682869,0.190146692499308,0.229835942505943,0.101425976970529,0.942020633253586,0.0423963692753337,0.0680419641401484,0.0100588059101646
"pc2001__10__25",1,"Lakhisarai",TRUE,164430,10293,61330,50777,99792,9477,23593,127198,757,75362,30335,21235,43754,7591,11782,75240,28170,148692,13622,44491,117551,1555,246,450,137,52316,83837,28996,31048,95917,49052,9577,2415,8862,1186,158930,3444,95124,37310,30863,20218,10645,1133,2011,0.0625980660463419,0.372985464939488,0.606896551724138,0.0576354679802956,0.143483549230676,0.773569300006082,0.0046037827647023,0.458322690506599,0.184485799428328,0.129143100407468,0.266094994830627,0.0461655415678404,0.0716535911938211,0.457580733442802,0.171319102353585,0.904287538770297,0.0828437633035334,0.270577145289789,0.714899957428693,0.00945691175576233,0.000833181292951408,0.318165784832452,0.509864379979323,0.176342516572402,0.188821991120842,0.583330292525695,0.298315392568266,0.0582436295079973,0.0146871008939974,0.57850757161102,0.226905065985526,0.187696892294593,0.0647387946238521,0.966551115976403,0.0209450830140485,0.0538952745849298,0.00721279571854285
"pc2001__10__26",1,"Sheikhpura",TRUE,103748,2348,27931,32547,54906,5094,10549,85547,208,38651,22635,12052,23638,5778,9828,25548,16207,93787,7383,20065,81838,1020,478,292,55,30019,42689,20176,16279,61568,33652,6933,1728,8873,631,100345,2119,60101,21341,21000,16437,4563,1306,2011,0.0226317615761268,0.269219647607665,0.529224659752477,0.0490997416817674,0.101679068512164,0.824565292824922,0.00200485792497205,0.372546940663916,0.218172880441069,0.116166094768092,0.227840536685045,0.0556926398581177,0.0947295369549292,0.246250530130701,0.156215059567413,0.903988510621892,0.0711628175964838,0.193401318579635,0.788815206076262,0.00983151482438216,0.000530130701314724,0.289345336777576,0.411468172880441,0.194471218722289,0.156909048849134,0.593437945791726,0.32436287928442,0.066825384585727,0.0166557427613062,0.579297914176659,0.205700350850137,0.202413540501986,0.0439815707290743,0.967199367698654,0.0204244901106527,0.0855245402321009,0.00608204495508347
"pc2001__10__27",1,"Nalanda",TRUE,487322,16380,134433,140102,236605,38617,46444,390009,1195,223694,99223,57350,128217,18056,56318,109316,69207,428380,47269,101378,375684,6267,1542,1714,737,149675,233259,81505,87070,273472,121583,29239,7955,43848,4156,464186,17540,302655,93148,86348,70260,16088,5171,2011,0.0336122727888337,0.275860724531213,0.485520867106349,0.079243292935677,0.0953045419660922,0.800310677539697,0.00245217741041857,0.459027090917299,0.203608702254362,0.117683995387034,0.263105297934425,0.037051477257337,0.115566299079459,0.224319854223696,0.142014930579781,0.879049170774149,0.0969974677933687,0.208030829718338,0.77091532908426,0.0128600801933834,0.00151234707236694,0.307137785694059,0.478654770357177,0.167250811578381,0.178670365795101,0.561173105256894,0.249492122251817,0.0599993433499821,0.0163239090375563,0.621057534853752,0.19114261207169,0.17718879919232,0.0330130796475431,0.952524203709252,0.0359926291035496,0.0899774686962624,0.00852824210686158
"pc2001__10__28",1,"Patna",TRUE,957441,22501,265369,295406,475861,231255,42200,666585,1990,607942,97253,338928,465860,33740,264493,217755,343016,608598,328896,546859,400713,4188,2253,2182,1246,507581,598395,227469,453344,662665,430595,176114,49821,132582,40692,829728,104162,670302,146836,134526,94628,39898,5777,2011,0.0235011870183124,0.277164859244591,0.497013392992362,0.24153446530909,0.0440758229488814,0.69621522370569,0.00207845705375057,0.634965496568457,0.101575971783118,0.353993614227926,0.486567840733789,0.0352397693434896,0.276249920360628,0.227434379768571,0.358263329019752,0.635650656280648,0.34351568399515,0.571167309526122,0.418525005718368,0.00437415986990321,0.00130138567285086,0.530143371758678,0.624994124964358,0.23758017465306,0.473495494761557,0.692120976645036,0.449735283949612,0.183942404806145,0.0520355823491996,0.700097447257847,0.153362974846492,0.1405057857351,0.0416714972515278,0.866610057434348,0.108792082227521,0.138475373417265,0.0425007911714664
"pc2001__10__30",1,"Buxar",TRUE,262398,7954,64472,78424,131202,10728,6703,240965,513,188476,19459,37814,59980,3645,21301,62226,66981,228839,29045,46760,210396,2960,1237,707,338,64826,148905,78643,48405,174119,137996,26325,5341,19324,1784,254972,4718,171101,45504,43094,26808,16286,2699,2011,0.0303127310421573,0.245703092249179,0.500011433013971,0.0408844579608076,0.0255451642161907,0.918318737185497,0.00195504538906547,0.718282913741721,0.074158339621491,0.144109330101601,0.22858405932972,0.0138911119749388,0.0811782101997729,0.23714357578945,0.255264902933711,0.872106494714137,0.11069063026395,0.17820257776355,0.801820135824206,0.0112805737848612,0.00128811957408212,0.247052187897774,0.567477648457686,0.299708839244202,0.184471680424393,0.663568319880487,0.525903398653953,0.10032469759678,0.0203545758732917,0.652066707825517,0.173415955914298,0.164231434690813,0.0620660218446787,0.971699479416764,0.017980319971951,0.0736438539927896,0.00679883230817308
"pc2001__10__31",1,"Kaimur (Bhabua)",TRUE,245048,5284,62501,71275,121431,9201,20824,210155,968,135987,42665,30445,37527,2429,25000,81896,66270,227148,13905,52899,188682,1129,1171,831,336,40996,107884,62200,48728,149676,111045,22998,6503,17223,2100,239653,3017,130293,66187,45971,37237,8734,2597,2011,0.0215631223270543,0.255056152264046,0.495539649374816,0.0375477457477719,0.0849792693676341,0.857607489144984,0.00395024648232183,0.554940256602788,0.174108746041592,0.124240965035422,0.1531414253534,0.00991234370409063,0.102020828572361,0.334203911070484,0.270436812379615,0.926953086742189,0.0567439848519474,0.215871992425974,0.769979759067611,0.00460726061832784,0.00137115993601254,0.167297835526101,0.440256602788025,0.253827821488035,0.198850837386961,0.61080278149587,0.453156116352715,0.0938510006202866,0.0265376579282426,0.531703992687147,0.270098103228755,0.187599980412001,0.0356419966700402,0.977983905194084,0.0123118735921126,0.0702841892200712,0.00856974960007835
"pc2001__10__32",1,"Rohtas",TRUE,455878,10085,107999,130180,213468,25242,11359,412516,1027,356548,26201,85129,120264,5419,50635,89535,125546,402872,45294,114893,334537,2762,1478,1764,444,128652,270296,123491,106218,312557,224824,49892,10819,36279,4594,433720,15995,273322,112382,67951,56406,11545,2223,2011,0.0221221467146912,0.236903294302423,0.468256858194517,0.0553700770820263,0.0249167540438451,0.90488244661949,0.00225279570411382,0.78211275823795,0.0574737100715542,0.186736363676247,0.263807422161192,0.0118869522108985,0.111071383133207,0.196401230153681,0.275393855373587,0.883727663980275,0.0993555293302155,0.252025761278237,0.733830103668087,0.00605863849538692,0.000973944783472771,0.282207081719232,0.592913016201703,0.270886070396027,0.232996547321871,0.68561544974752,0.493167031530366,0.109441561119422,0.0237322266044863,0.599550757000777,0.246517708685218,0.149055229688645,0.0253247579396242,0.951394890738312,0.0350861414676734,0.0795805018009204,0.0100772575118782
"pc2001__10__35",1,"Gaya",TRUE,690505,10066,134204,213248,301417,37002,64069,577098,2784,312298,131370,96292,143404,18890,79555,261101,171558,612690,62422,112617,566409,6515,2435,1446,1083,167232,327030,161992,107970,383973,294227,59202,11827,57011,6856,665673,18754,293761,210355,182297,164840,17457,4092,2011,0.0145777365840942,0.194356304443849,0.436516752232062,0.0535868675824216,0.0927857148029341,0.835762231989631,0.00403183177529489,0.452274784396927,0.190252061896728,0.139451560814187,0.20767988645991,0.0273567895960203,0.115212779053012,0.378130498692986,0.248452943859929,0.887307115806547,0.0904005039789719,0.163093677815512,0.820282257188579,0.00943512356898212,0.00156841731776019,0.242187963881507,0.473609894207862,0.234599314994099,0.156363820681965,0.556075625810096,0.426104083243423,0.0857372502733507,0.0171280439678207,0.425429214850001,0.304639358150919,0.264005329432806,0.0252814968754752,0.964037914280128,0.0271598322966525,0.0825642102519171,0.00992896503283829
"pc2001__10__36",1,"Nawada",TRUE,346749,5856,65201,99779,150830,10224,27755,299668,1455,149765,65594,40997,64792,10861,33236,100275,66589,316499,22513,31162,308039,5269,1016,1055,208,77297,117960,57986,34020,182748,75606,15948,3991,28411,1841,336216,7706,172884,100993,69598,60166,9432,3274,2011,0.0168882967218363,0.188035149344338,0.434983229944427,0.0294853049323863,0.0800434896712031,0.864221670430196,0.00419611880639886,0.43191184401397,0.189168534011634,0.118232496705109,0.186855621789825,0.0313223686297581,0.0958503124738644,0.289186125987386,0.192038044810511,0.91276110385322,0.0649259262463626,0.089869040718214,0.888363052236632,0.015195429547021,0.000599857533835714,0.222919172081246,0.340188436015677,0.167227591139412,0.0981113139475528,0.527032522083697,0.21804244568838,0.0459929228346729,0.0115097664304728,0.498585432113719,0.291256788051299,0.200715791537971,0.0272012320150887,0.969623560558214,0.0222235680564327,0.0819353480471465,0.0053093159605363
"pc2001__10__37",1,"Jamui",TRUE,308291,10692,126679,97697,189481,12828,122305,162989,5875,66941,87642,20257,36886,7502,9400,207413,42553,288827,14236,32633,270973,2618,1058,674,335,45733,116912,51172,27056,159792,113424,18411,4842,22414,1839,300265,5351,119020,132081,53958,45271,8687,3232,2011,0.0346815184355041,0.410907227262554,0.614617358275136,0.0416100372699819,0.39671933335712,0.528685560071491,0.0190566704834069,0.21713575809868,0.284283355660723,0.065707399826787,0.119646697438459,0.0243341518240883,0.0304906727734511,0.672783182123383,0.138028680694539,0.936864845227399,0.0461771508088138,0.105851289852769,0.878952029089399,0.00849197673626541,0.00108663567862831,0.148343610420025,0.379226120775501,0.165986032676919,0.0877612385700523,0.518315487639925,0.367912134963395,0.0597195506842561,0.0157059401669202,0.386063816329377,0.42842963304151,0.175022949096795,0.0281779228066989,0.973966155353222,0.0173569776607167,0.0727040361217162,0.00596514332238048
"pc2001__11__03",1,"South District",TRUE,30246,294,5031,9734,8786,27600,62,6,179,18293,3291,18725,18790,7442,1777,17654,16833,18953,10259,27587,2453,31,41,11,123,26286,19438,6360,14689,21124,208,759,2026,2626,591,21582,7532,11394,16319,2323,1029,1294,210,2011,0.00972029359254116,0.166336044435628,0.290484692190703,0.91251735766713,0.00204985783244065,0.000198373338623289,0.00591813793559479,0.604807247239304,0.108807776234874,0.619090127620181,0.621239172121933,0.246049064339086,0.0587515704555974,0.583680486675924,0.556536401507637,0.626628314487866,0.33918534682272,0.912087548766779,0.0811016332738213,0.00102492891622033,0.00406665344177743,0.869073596508629,0.642663492693249,0.210275738940686,0.485650995172915,0.698406400846393,0.00687694240560735,0.0250942273358461,0.0669840640084639,0.376710970045626,0.539542418832242,0.0768035442703167,0.0427825166964227,0.713548899027971,0.249024664418435,0.0868213978707928,0.019539773854394
"pc2001__11__04",1,"East District",TRUE,61122,1361,15284,18456,19528,51963,437,64,504,35687,9816,44768,50287,4669,14713,20445,46304,21742,35316,57893,2651,165,61,30,322,55080,41872,16254,40378,49441,734,1991,6556,9662,3291,32458,25168,36251,21339,2391,859,1532,1141,2011,0.0222669415267825,0.250057262524132,0.319492163214554,0.85015215470698,0.00714963515591767,0.00104708615555774,0.00824580347501718,0.583865056771703,0.160596839108668,0.732436765812637,0.822731586008311,0.076388207192173,0.240715290730015,0.334494944537155,0.757566833546023,0.35571479990838,0.577795229213704,0.947171231307876,0.0433722718497431,0.00269951899479729,0.00526815222014986,0.901148522626877,0.68505611727365,0.265927162069304,0.660613199829848,0.808890415889532,0.0120087693465528,0.032574195870554,0.107260888059946,0.593092503517555,0.349121429272602,0.0391184843427898,0.0250646248486633,0.531036288079579,0.41176663067308,0.158077288046857,0.0538431334053205
"pc2001__12__01",1,"Tawang",TRUE,9477,330,3185,3605,3569,7643,29,8,205,3806,2017,3033,4511,2002,346,5966,7979,5473,3805,8635,630,119,4,44,45,7026,7313,2356,4824,4036,105,205,895,494,96,6820,2134,5608,1708,420,116,304,1741,2011,0.034821145932257,0.336076817558299,0.376595969188562,0.80647884351588,0.00306004009707713,0.00084414899229714,0.0216313179276142,0.401603883085365,0.212831064682917,0.320037986704653,0.47599451303155,0.211248285322359,0.0365094439168513,0.629524111005592,0.84193310119236,0.577503429355281,0.401498364461327,0.911153318560726,0.0664767331433998,0.01255671626042,0.00474833808167141,0.741373852484964,0.771657697583623,0.248601878231508,0.509021842355176,0.425873166613907,0.0110794555239,0.0216313179276142,0.0944391685132426,0.591748443600295,0.180225809855439,0.0443178220955999,0.0320776617072913,0.719637015933312,0.225176743695262,0.0521262002743484,0.0101297879075657
"pc2001__12__09",1,"Upper Siang",TRUE,7186,791,2529,2447,3278,6796,15,1,40,2537,848,1589,2503,591,472,4885,6272,5626,1514,6198,161,467,20,229,111,4413,4117,1415,2823,3491,136,1031,430,392,97,5393,1047,1038,2245,3423,1333,2090,480,2011,0.110075146117451,0.351934316726969,0.456164764820484,0.945727804063457,0.00208739215140551,0.000139159476760367,0.0055663790704147,0.353047592541052,0.118007236292792,0.221124408572224,0.3483161703312,0.0822432507653771,0.0656832730308934,0.679794043974395,0.872808238241024,0.782911216253827,0.210687447815196,0.862510436960757,0.0224046757584191,0.0649874756470916,0.0154467019204008,0.614110770943501,0.572919565822433,0.19691065961592,0.392847202894517,0.485805733370443,0.01892568883941,0.143473420539939,0.059838575006958,0.144447536877261,0.312413025327025,0.476342888950738,0.290843306429168,0.750487058168661,0.145699972168105,0.054550514890064,0.0134984692457556
"pc2001__12__10",2,"Dibang Valley;Lower Dibang Valley",TRUE,12754,367,4553,4909,5854,8708,186,2577,865,6348,2564,3878,4690,2385,546,8043,11799,8990,3679,7006,3389,1436,122,154,647,7454,6380,3122,5030,7432,4456,2411,799,875,224,6625,4219,1337,2976,6582,986,5596,1859,2011,0.0287752861847264,0.356986043594167,0.458993257017406,0.682766190998902,0.0145836600282264,0.202054257487847,0.0678218598086875,0.497726203543986,0.201034969421358,0.304061470911087,0.367727771679473,0.187000156813549,0.0428100987925357,0.630625686059275,0.925121530500235,0.704876901364278,0.288458522816371,0.549317861063196,0.265720558256233,0.112592127959856,0.0507291830014113,0.584444095969892,0.500235220323036,0.244785949506037,0.394386074956876,0.582719146934295,0.349380586482672,0.189038732946527,0.0626470127018974,0.104829857299671,0.233338560451623,0.516073388740787,0.438764309236318,0.519444880037635,0.330798180962835,0.0686059275521405,0.017563117453348
"pc2001__12__12",1,"Changlang",TRUE,28428,614,5109,12812,11738,12297,3803,9164,1800,12040,6042,6554,7893,11322,548,23278,23756,23063,4777,14593,11907,224,39,202,1463,19606,9265,6639,9314,10621,13306,2450,1102,1486,170,20141,5793,2433,7196,17773,365,17408,1026,2011,0.0215984240889264,0.179717180244829,0.412902771915013,0.432566483748417,0.13377655832278,0.32235823835655,0.0633178556352891,0.423526101027156,0.212536935415787,0.230547347685381,0.277648796960743,0.398269311945969,0.0192767693822991,0.818840579710145,0.835654988039961,0.811277613620374,0.168038553538765,0.513331926269875,0.418847615027438,0.0078795553679471,0.0514633459969045,0.689672154214155,0.325911073589419,0.233537357534825,0.327634726326157,0.37361052483467,0.468059659490643,0.0861826368369213,0.0387645982833826,0.0855846348670325,0.2531307161953,0.625193471225552,0.612354017166174,0.708491627972422,0.203777965386239,0.0522724074855776,0.00598001969888842
"pc2001__12__13",1,"Tirap",TRUE,19485,55,2678,8667,8137,11931,1535,133,2011,4989,7206,3800,5678,9264,759,13058,18507,16259,3115,16026,2275,60,21,104,999,16937,13004,2281,6118,7182,963,1369,679,888,98,15861,2575,2199,2160,14945,132,14813,181,2011,0.00282268411598666,0.137439055683859,0.41760328457788,0.612317167051578,0.0787785476007185,0.00682576340774955,0.103207595586348,0.25604311008468,0.369822940723634,0.195021811649987,0.291403643828586,0.475442648190916,0.0389530408006159,0.670156530664614,0.949807544264819,0.834436746215037,0.159866564023608,0.82247882986913,0.116756479343084,0.00307929176289453,0.051270207852194,0.869232743135746,0.667385168078009,0.117064408519374,0.313985116756479,0.368591224018476,0.0494226327944573,0.070259173723377,0.0348473184500898,0.112856043110085,0.110854503464203,0.767000256607647,0.760225814729279,0.81401077752117,0.132152938157557,0.0455735180908391,0.00502950987939441
"pc2001__13__01",1,"Mon",TRUE,41347,1480,9893,14035,20057,20867,10110,111,3685,8005,14617,12579,9630,16953,1027,27485,38375,40042,1107,14398,24210,132,173,653,1781,27663,6585,6509,5647,13012,2148,1571,1007,2844,178,36498,3623,2517,9736,28685,615,28070,409,2011,0.0357946162962246,0.23926766149902,0.485089607468498,0.504679904225216,0.244515926185697,0.00268459622221685,0.089123757467289,0.193605340169783,0.353520207028321,0.304230052966358,0.232906861440975,0.410017655452633,0.0248385614433937,0.664739884393064,0.928120540788933,0.968437855225288,0.026773405567514,0.348223571238542,0.585532203061891,0.00319249280479841,0.0430744673132271,0.669044912569231,0.159261856966648,0.157423755048734,0.136575809611338,0.314702396788159,0.0519505647326287,0.0379955014874114,0.0243548504123637,0.0608750332551334,0.235470529905434,0.693762546254867,0.678888432050693,0.882724260526761,0.0876242532710959,0.0687837086124749,0.00430502817616756
"pc2001__13__03",1,"Mokokchung",TRUE,42344,450,5085,14348,9980,24062,5837,180,8763,10166,10763,29564,25554,15205,2349,9037,40177,34796,7281,40154,1890,117,69,52,62,41057,14224,11753,20192,22667,2132,5184,3805,2728,537,31404,8870,7251,30170,4763,291,4472,160,2011,0.0106272435291895,0.120087851879841,0.235688645380691,0.568250519554128,0.137847156621954,0.0042508974116758,0.206947855658417,0.240081239372756,0.254180049121481,0.698186283771018,0.603485735877574,0.359082750802947,0.0554742112223692,0.213418666162857,0.94882391838277,0.821745701870395,0.171948800302286,0.948280748157944,0.0446344228225959,0.00276308331758927,0.001464197997355,0.969606083506518,0.335915359909314,0.277559984885698,0.476856225203098,0.535306064613641,0.0503495182316267,0.122425845456263,0.0898592480634801,0.17124031740034,0.712497638390327,0.112483468732288,0.105611184583412,0.741639901757038,0.209474778008691,0.0644247118836199,0.0126818439448328
"pc2001__13__04",1,"Zunheboto",TRUE,30333,1093,8731,10886,13968,18102,4081,108,4804,5742,9239,16104,10383,12244,902,19897,26800,28612,1455,28846,1088,156,35,24,184,22868,8704,7899,9954,15491,713,1033,2258,2008,261,25713,3712,3361,25802,1003,295,708,167,2011,0.0360333630039891,0.287838327893713,0.460488576797547,0.596775788744931,0.134539939999341,0.00356047868657897,0.158375366762272,0.189298783503115,0.304585764678733,0.53090693304322,0.342300464840273,0.403652787393268,0.0297365905119836,0.655952263211684,0.883526192595523,0.943263112781459,0.0479675600830778,0.950977483269047,0.0358685260277586,0.00514291365839185,0.0060660007252827,0.753898394487852,0.286948208222068,0.260409455048957,0.328157452279695,0.51069791975736,0.0235057528104704,0.034055319289223,0.0744403784656974,0.110803415422147,0.850624732139914,0.0330662974318399,0.0233409158342399,0.847690633963011,0.122374971153529,0.066198529654172,0.00860449015923252
"pc2001__13__05",1,"Wokha",TRUE,33269,209,4154,12180,10280,8234,12439,475,7779,4293,16317,14591,14927,7026,1448,21332,30445,29631,3483,25268,6934,161,102,528,276,22108,11588,13543,10923,14850,2907,1713,1592,1757,198,28312,3203,7673,21921,3525,404,3121,150,2011,0.00628212450028555,0.124860981694671,0.308996362980552,0.247497670504073,0.373891610808861,0.0142775556824672,0.233821275060867,0.12903904535754,0.490456581201719,0.438576452553428,0.448675944573026,0.211187592052662,0.0435240013225525,0.64119751119661,0.915116174216237,0.890648952478283,0.104692055667438,0.759505846283327,0.208422254952057,0.00483933992605729,0.0082960113018125,0.664522528479966,0.348312242628273,0.407075656016111,0.328323664672819,0.446361477651868,0.087378640776699,0.051489374492771,0.0478523550452373,0.23063512579278,0.658901680242869,0.105954492169888,0.0938110553368,0.851002434698969,0.0962758123177733,0.052811927019147,0.00595148636869157
"pc2001__14__04",1,"Bishnupur",TRUE,44891,551,4890,11548,9939,19612,666,711,23346,3454,18932,9483,19912,15626,1142,22842,40993,33015,11523,34364,9016,150,56,1146,159,41441,9937,26950,23140,28217,25026,5782,2009,3447,676,43516,784,3471,35787,5594,3920,1674,39,2011,0.0122741752244325,0.108930520594328,0.221402953821479,0.436880443741507,0.0148359359337061,0.0158383640373349,0.520059700162616,0.0769419259985298,0.421732641286672,0.211245015704707,0.443563297765699,0.348087589940077,0.0254393976520906,0.508832505401974,0.913167450045666,0.735448085362322,0.256688423069212,0.765498652291105,0.200842039607048,0.00334142701209597,0.00354191263282172,0.923147178721793,0.221358401461317,0.600343053173242,0.515470807066004,0.628566973335412,0.557483682698091,0.128800873226259,0.0447528457820053,0.0773206210599006,0.797197656545856,0.124612951371099,0.037290325454991,0.96937025238912,0.0174645251832216,0.0767859927379653,0.0150586977345125
"pc2001__14__05",1,"Thoubal",TRUE,85295,1737,11702,25662,22875,13391,1768,9829,58248,3978,35984,17101,35263,30390,2414,40587,76499,67823,16168,49507,31709,168,217,3301,393,78949,16255,51320,34893,48254,57139,11574,3141,5110,880,83390,873,6328,63915,14743,10589,4154,309,2011,0.020364616917756,0.137194442816109,0.268186880825371,0.156996306934756,0.0207280614338472,0.115235359634211,0.682900521718741,0.0466381382261563,0.421877015065361,0.20049240869922,0.413423999062079,0.35629286593587,0.0283017761885222,0.475842663696582,0.89687554956328,0.795157981124333,0.18955390116654,0.580420892197667,0.371756843894718,0.00196963479688141,0.00460753854270473,0.925599390351134,0.190573890614925,0.601676534380679,0.40908611290228,0.565730699337593,0.669898587255994,0.135693768685152,0.0368251362916935,0.0741895773491998,0.749340524063544,0.172847177442992,0.0487015651562225,0.977665748285363,0.0102350665337945,0.0599097250718096,0.0103171346503312
"pc2001__14__06",1,"Imphal West",TRUE,111393,1358,13718,30871,22426,63716,4644,4180,30706,33720,38825,51760,69318,26866,7238,32721,102537,47595,62051,87078,16102,541,559,6600,513,105743,45697,71687,77994,83432,62287,41705,12386,15066,4913,101720,7292,34064,72566,4477,3327,1150,286,2011,0.0121910712522331,0.123149569542072,0.20132324293268,0.571992854129075,0.0416902318817161,0.0375247995834568,0.275654664117135,0.302712019606259,0.348540752111892,0.464661154650651,0.622283267350731,0.241182120959127,0.064977152962933,0.293743772050308,0.920497697341844,0.427271013438906,0.557045774869157,0.781718779456519,0.144551273419335,0.00485667860637562,0.00460531631251515,0.949278679988868,0.410232240805078,0.643550312856284,0.700169669548356,0.748987817905973,0.55916439991741,0.374395159480398,0.111191906134138,0.30580018493083,0.651441293438546,0.040191035343334,0.010323808497841,0.913163304695986,0.0654619231010925,0.135250868546498,0.0441051053477328
"pc2001__14__08",1,"Ukhrul",TRUE,35790,825,7878,13297,13978,18080,1878,550,11226,3749,11755,16007,12743,16255,1326,22670,25072,33948,1749,14026,15834,1072,370,3829,659,29549,5772,13981,7360,12142,1275,944,1107,2437,276,32455,2313,1331,30404,4030,2816,1214,25,2011,0.0230511316010059,0.220117351215423,0.390556021234982,0.505169041631741,0.0524727577535625,0.0153674210673372,0.313663034367142,0.104749930148086,0.328443699357362,0.447247834590668,0.356049175747415,0.454177144453758,0.0370494551550712,0.633417155630064,0.700530874545963,0.948533109807209,0.0488683989941324,0.391897177982677,0.442414082145851,0.0299525006985191,0.0184129645152277,0.825621682034088,0.16127409891031,0.390639843531713,0.205644034646549,0.339256775635652,0.0356244761106454,0.0263760827046661,0.0309304274937133,0.0371891589829561,0.849511036602403,0.112601285275217,0.0339200894104498,0.906817546800782,0.0646269907795474,0.0680916457110925,0.0077116512992456
"pc2001__15__01",1,"Mamit",TRUE,17204,1007,5018,6615,7885,4404,618,132,2757,2372,4368,6487,6336,8309,1248,9983,14653,13023,4038,12158,4509,313,52,116,56,14784,5971,5255,6263,10031,550,1619,565,1073,90,13786,2921,7446,3859,5852,32,5820,47,2011,0.0585328993257382,0.291676354336201,0.458323645663799,0.255986979772146,0.0359218786328761,0.00767263427109974,0.160253429435015,0.137874912810974,0.253894443152755,0.377063473610788,0.368286445012788,0.482969076958847,0.0725412694722158,0.580272029760521,0.851720530109277,0.756975122064636,0.234712857475006,0.706696117182051,0.262090211578703,0.0181934433852592,0.00325505696349686,0.859335038363171,0.347070448732853,0.305452220413857,0.364043245756801,0.583062078586375,0.0319693094629156,0.0941060218553825,0.0328411997209951,0.432806324110672,0.224308300395257,0.340153452685422,0.338293420134852,0.801325273192281,0.169786096256685,0.0623692164612881,0.0052313415484771
"pc2001__15__02",1,"Kolasib",TRUE,17296,851,3469,7382,6887,11477,925,450,2336,4736,3248,8368,10080,6516,1311,7958,14274,8189,8830,14853,2344,25,11,24,39,16632,7734,3227,8392,12841,1119,2488,867,1986,367,11439,5233,7979,5428,3664,34,3630,225,2011,0.0492021276595745,0.200566604995375,0.398184551341351,0.663563829787234,0.0534805735430157,0.0260175763182239,0.135060129509713,0.273820536540241,0.187789084181314,0.483811285846439,0.582793709528215,0.376734505087882,0.0757978723404255,0.460106382978723,0.825277520814061,0.473462072155412,0.510522664199815,0.858753469010176,0.135522664199815,0.00144542090656799,0.00225485661424607,0.961609620721554,0.447155411655874,0.186574930619796,0.485198889916744,0.742425994449584,0.0646970397779833,0.143848288621647,0.050127197039778,0.46132053654024,0.313829787234043,0.211840888066605,0.209875115633673,0.661366790009251,0.302555504162812,0.114824236817761,0.0212187789084181
"pc2001__15__07",1,"Lawngtlai",TRUE,22894,985,5713,9272,10671,7684,944,223,8021,1720,10250,6484,6652,8191,486,19133,18357,17348,5257,9283,11610,1436,239,246,80,15309,6359,5083,6657,7895,487,658,631,1329,162,19088,3249,6751,3553,12560,21,12539,30,2011,0.0430243731982179,0.249541364549664,0.46610465624181,0.335633790512798,0.0412335109635712,0.00974054337380973,0.350353804490259,0.0751288547217612,0.447715558661658,0.28321831047436,0.290556477679741,0.357779330829038,0.0212282694155674,0.835721149646195,0.801825805888006,0.757753123089019,0.229623482135057,0.405477417664017,0.507119769371888,0.0627238577793308,0.00349436533589587,0.668690486590373,0.277758364637023,0.222023237529484,0.290774875513235,0.344850179086223,0.0212719489822661,0.0287411548877435,0.0275618065868787,0.294880754782913,0.155193500480475,0.548615357735651,0.547698086834979,0.833755569144754,0.141914912204071,0.0580501441425701,0.00707608980518913
"pc2001__16__01",1,"West Tripura",TRUE,403470,14544,267413,92815,276359,134228,75067,186536,2013,213918,90977,104801,115037,245222,23183,261484,354245,295438,103651,314567,79933,6697,930,155,1188,365146,321470,50815,231324,228799,182610,44499,11356,36186,6394,365266,29156,103468,277808,20559,7405,13154,1635,2011,0.0360472897613205,0.662782858700771,0.684955510942573,0.332683966589833,0.186053486008873,0.462329293379929,0.00498921852925868,0.530195553572756,0.22548640543287,0.259749175899076,0.285119091877959,0.607782486925918,0.0574590428036781,0.648087838005304,0.877995885691625,0.732242793764097,0.256898902024934,0.779654001536669,0.198113862245024,0.0165985079435894,0.00294445683693955,0.905014003519469,0.796763080278583,0.125944927751754,0.573336307532158,0.567078097504152,0.452598706223511,0.110290727935162,0.0281458348823952,0.256445336704092,0.688546856023992,0.0509554613725928,0.0326021761221404,0.905311423401988,0.0722631174560686,0.0896869655736486,0.0158475227402285
"pc2001__16__02",1,"South Tripura",TRUE,205283,6545,147382,43363,147360,80036,50014,67910,3234,54383,75085,20101,48302,124922,3065,171923,127315,184037,20434,133744,67109,3185,387,139,719,174397,169598,31321,78159,87445,83598,12757,3454,10393,948,196002,6427,23440,152456,29109,7270,21839,278,2011,0.0318828154304058,0.7179454703994,0.717838301271903,0.389881285834677,0.243634397392867,0.330811611287832,0.0157538617420829,0.264917211849008,0.365763360823838,0.0979184832645665,0.235294690743997,0.608535533872751,0.0149306079899456,0.837492632122485,0.620192612150056,0.896503850781604,0.0995406341489554,0.651510353999113,0.32690968078214,0.0155151668672028,0.00350248193956635,0.849544287641938,0.826166803875625,0.152574738288119,0.380737810729578,0.425972925181335,0.407232941841263,0.0621434799764228,0.0168255530170545,0.114183834024249,0.742662568259427,0.141799369650677,0.106384844336842,0.954789242168129,0.0313079992011029,0.050627670094455,0.00461801513033227
"pc2001__16__03",1,"Dhalai",TRUE,83097,2869,70449,8223,66559,16802,37629,18046,5583,13042,42329,7959,12378,45097,1373,69500,56540,77010,5633,46875,32206,3514,129,21,352,58161,65872,8049,24750,25563,22716,3006,907,5067,273,77969,2897,5823,53436,23520,4418,19102,318,2011,0.0345259154963476,0.847792339073613,0.800979578083445,0.202197431916916,0.452832232210549,0.217167888130739,0.0671865410303621,0.15694910766935,0.509392637520007,0.0957796310336113,0.148958446153291,0.54270310600864,0.0165228588276352,0.836371950852618,0.680409641743986,0.926748258059858,0.0677882474698244,0.56409978699592,0.387571151786466,0.0422879285654115,0.0042360133338147,0.699916964511354,0.792712131605232,0.0968627026246435,0.297844687533846,0.307628434239503,0.273367269576519,0.0361745911404744,0.0109149548118464,0.0700747319397812,0.643055705982165,0.283042709123073,0.229875928132183,0.938288987568745,0.0348628711024465,0.060976930575111,0.00328531715946424
"pc2001__16__04",1,"North Tripura",TRUE,150931,6183,116691,20944,113968,48723,67866,16853,8659,31151,64573,26478,33693,92118,3379,116040,117821,130133,19807,81601,66125,2472,352,34,347,127388,110825,17810,43755,63308,42636,9201,2726,10310,997,134974,8213,27682,93532,29271,5709,23562,446,2011,0.040965739311341,0.773141369234948,0.755100012588534,0.322816386295725,0.449649177438697,0.111660295101735,0.0573705865594212,0.206392324969688,0.42783126064228,0.175431157283792,0.223234458129874,0.610331873505112,0.0223877135909787,0.768828140010998,0.780628234093725,0.862201933333775,0.131232152440519,0.540651025965507,0.438114105120883,0.016378345071589,0.00229906381061545,0.844014814716659,0.734275927410539,0.118000940827265,0.289900683093599,0.419449947326924,0.282486699220173,0.0609616314739848,0.018061233278783,0.183408312407656,0.619700392894767,0.193936302018803,0.156111070621675,0.894276192432303,0.0544155938806474,0.0683093599061823,0.00660566749044265
"pc2001__17__03",1,"South Garo Hills",TRUE,24208,543,3766,9672,10473,6492,3283,94,2986,2719,10414,1039,9182,6058,627,20440,11303,23323,577,10940,12337,530,22,33,346,15916,4828,7211,6721,6235,2581,1700,695,1625,179,22964,873,2392,17808,3825,245,3580,183,2011,0.0224306014540648,0.155568407138136,0.432625578321216,0.268175809649703,0.135616325181758,0.00388301387970919,0.123347653668209,0.112318241903503,0.430188367481824,0.042919695968275,0.379296100462657,0.250247851949769,0.0259005287508262,0.844348975545274,0.466911764705882,0.963441837409121,0.0238350958360872,0.451916721744878,0.509624917382683,0.0218935888962326,0.0142927957699934,0.657468605419696,0.199438202247191,0.297876734963648,0.277635492399207,0.257559484467944,0.106617647058824,0.0702247191011236,0.0287095175148711,0.0988103106411104,0.735624586913417,0.158005617977528,0.147884996695307,0.948612029081295,0.0360624586913417,0.0671265697290152,0.00739424983476537
"pc2001__17__05",1,"Ribhoi",TRUE,45660,985,6630,14324,15540,21866,8556,980,4723,6324,18473,6514,10837,18475,1523,31343,38827,42043,3220,30676,13691,501,136,57,599,30296,15352,15090,14471,20670,3769,1628,1865,1906,291,38969,5268,11150,19408,14766,1466,13300,336,2011,0.0215724923346474,0.145203679369251,0.340341655716163,0.478887428821726,0.187385019710907,0.0214629872974157,0.103438458169076,0.13850197109067,0.404577310556286,0.142663162505475,0.237341217696014,0.404621112571178,0.0333552343407797,0.686443276390714,0.850350416119142,0.920784056066579,0.070521243977223,0.671835304424004,0.299846692947876,0.0109724047306176,0.0131187034603592,0.663512921594393,0.336224266316251,0.330486202365309,0.316929478756023,0.4526938239159,0.082544897065265,0.0356548401226456,0.0408453788874288,0.244196233026719,0.425054752518616,0.323390275952694,0.291283399036356,0.853460359176522,0.115374507227332,0.0417433201927289,0.00637319316688568
"pc2001__17__06",1,"East Khasi Hills",TRUE,160832,2972,37998,49179,59141,112619,18209,4075,8439,56403,38742,101591,88853,21028,17649,59881,144857,94276,48505,135941,22964,313,356,413,845,111335,92357,46211,79933,93619,5188,7975,15048,19306,5032,93999,59647,84948,61695,8002,2397,5605,6187,2011,0.0184789096697175,0.236258953442101,0.367719110624751,0.700227566653402,0.113217518901711,0.0253369976124154,0.0524709013131715,0.350695135296458,0.240884898527656,0.631659122562674,0.55245846597692,0.130745125348189,0.109735624751293,0.372320185037803,0.900672751691206,0.586176880222841,0.301587992439316,0.845236022682053,0.142782530839634,0.00194613012335854,0.00525392956625547,0.692244080779944,0.574245175089534,0.287324661758854,0.496996866295265,0.582091872264226,0.0322572622363709,0.0495859033028253,0.0935634699562276,0.528178471945881,0.383599035017907,0.0497537803422205,0.034850029844807,0.58445458615201,0.370865250696379,0.120038300835655,0.0312873060087545
"pc2001__18__03",1,"Goalpara",TRUE,197545,5669,86146,62507,115924,4201,54978,126514,3747,115683,37767,31868,41051,85268,2516,178373,100051,173353,21881,78641,116180,1980,222,125,397,129311,65703,42290,42628,93630,113964,15292,4112,13524,1364,190189,4793,49776,124511,21972,409,21563,1286,2011,0.0286972588524134,0.436082917816194,0.586823255460781,0.0212660406489661,0.278306208711939,0.640431294135513,0.0189678301146574,0.585603280265256,0.191181756055582,0.161320205522792,0.207805816396264,0.4316383608798,0.0127363385557721,0.902948695233997,0.506471943101572,0.877536763775342,0.110764635905743,0.39809157407173,0.588119162722418,0.0100230327267205,0.00200966868308487,0.654590093396441,0.332597635981675,0.214077805057076,0.215788807613455,0.473967956668101,0.576901465488876,0.0774102103318231,0.0208155103900377,0.251972968184464,0.630291832240755,0.111225290440153,0.109154876104179,0.962762914778911,0.0242628261915007,0.0684603508061454,0.00690475587840745
"pc2001__18__13",1,"Dhemaji",TRUE,129559,3013,30424,36764,51281,2965,10185,102172,11075,71165,20331,19243,22787,32828,2018,121135,99030,112223,16672,28195,98218,2720,80,52,294,57995,46196,41278,25776,57166,83663,12293,3504,10410,1192,122182,5984,13822,59776,55620,515,55105,341,2011,0.0232558139534884,0.23482737594455,0.395811946680663,0.0228853263763999,0.0786128327634514,0.788613681797482,0.085482289921966,0.549286425489545,0.156924644370518,0.148526925956514,0.175881258731543,0.253382628763729,0.0155759152200928,0.93497943022098,0.764362182480569,0.866192236741562,0.128682685108715,0.217622859083506,0.758094767634823,0.0209942960350111,0.00226923640966664,0.447633896525907,0.356563418982857,0.318603879313672,0.198951828896487,0.441235267329942,0.645752128373945,0.094883412190585,0.0270455931274554,0.106684985219089,0.461380529334126,0.429302479951219,0.425327456988708,0.943060690496222,0.0461874512770244,0.0803494932810534,0.00920044149769603
"pc2001__18__14",1,"Tinsukia",TRUE,268383,2320,28384,82867,64309,25386,14032,222501,3188,177588,21387,88222,107859,106254,12776,168205,224235,192703,70770,161718,104908,519,439,239,560,217556,131439,47780,111738,124737,168890,31363,13323,27948,5135,179202,37251,97165,98819,71486,1553,69933,913,2011,0.00864436272044056,0.105759306662494,0.239616518184833,0.0945887034573725,0.0522834903850095,0.829042823129632,0.0118785467037778,0.661696158102413,0.0796883558198545,0.328716796518408,0.401884620113793,0.39590436055935,0.0476036112570468,0.626734927324011,0.835503739059478,0.718014926429766,0.263690323157577,0.602564245872503,0.390889139774129,0.00193380355685718,0.00208657031183048,0.810617662072486,0.489744134315512,0.178029159820108,0.416337845541633,0.464772358904998,0.629287249937589,0.116859115517749,0.0496417433294955,0.362038579194658,0.368201413651386,0.266358152341989,0.260571645745073,0.667709951822582,0.138797911939281,0.104134762633997,0.0191331045558027
"pc2001__18__15",1,"Dibrugarh",TRUE,272941,2054,22735,70843,50099,29708,9546,227877,2596,184468,18589,97149,105302,104970,16964,162788,243058,192794,76716,136685,134603,546,201,191,715,214721,144773,70499,121737,139869,172503,44664,21112,34479,8817,195303,38157,99639,118202,53322,1200,52122,1778,2011,0.00752543590006631,0.0832963900623212,0.183552489365834,0.10884403589054,0.0349745915783997,0.834894720837104,0.00951121304604292,0.675853023180834,0.0681062940342418,0.355934066336681,0.385804990822192,0.384588610725395,0.0621526263917843,0.59642193734177,0.89051479990181,0.70635778428305,0.281071733451552,0.500785884128804,0.493157861955514,0.00200043232786573,0.00261961376268131,0.786693827603768,0.530418661908618,0.258293917000377,0.44601946940914,0.512451408912549,0.632015710354985,0.163639760973983,0.0773500500108082,0.365056917062662,0.433067952414624,0.195360902172997,0.190964347606259,0.715550247123005,0.139799443835847,0.126324004088796,0.0323036846791065
"pc2001__19__07",1,"Murshidabad",TRUE,1561892,29570,879451,465629,983330,109233,13070,1419053,3992,656450,394901,254620,286556,316507,49975,1262819,538893,1412115,95786,541169,998296,10511,2852,1617,7447,617358,563226,171487,296566,530442,840951,74313,14050,79729,7951,1481222,21489,796934,536147,215835,128971,86864,12976,2011,0.0189321668847782,0.563067740919347,0.629576180683428,0.0699363336261406,0.00836805617801999,0.908547453985295,0.00255587454190174,0.420291543845541,0.252835023164214,0.163020234433623,0.183467230768837,0.202643332573571,0.0319964504588025,0.808518770824103,0.345025776430124,0.904105405495386,0.0613269035246995,0.346482983458523,0.639158149219024,0.00672965864477185,0.00476793529898354,0.395262924709263,0.360604958601491,0.109794403198172,0.189876124597603,0.339615031000863,0.538418149270244,0.0475788338758378,0.00899550032908806,0.510236303150282,0.343267652308866,0.138188171781404,0.0556146007534452,0.948351102380958,0.0137583136350017,0.0510464231841894,0.00509062086238997
"pc2001__19__08",1,"Birbhum",TRUE,812954,34059,450482,228709,476320,129079,45086,633070,3503,140634,284762,144399,158376,34222,16750,616847,293609,723389,60785,333752,466425,5762,1860,672,4483,195797,377895,102820,191514,272320,451618,54557,7305,39636,5210,764002,14309,204018,208250,396647,347194,49453,4039,2011,0.0418953593930284,0.554129753959019,0.585912610061578,0.158777741422024,0.0554594724916785,0.778727947706758,0.00430897689168145,0.172991337763268,0.350280581681128,0.177622596112449,0.194815450812715,0.0420958627425414,0.0206038718057848,0.758772329061669,0.361163116240279,0.889827714729247,0.074770528221769,0.410542293905928,0.573740949672429,0.00708773190118998,0.00551445715255722,0.240846345549687,0.464841799166989,0.126477020840048,0.2355779047769,0.334975902695601,0.555527126996115,0.0671095781557136,0.00898574827111989,0.250958848840156,0.256164555436101,0.487908294934277,0.0608312401439688,0.939785030887356,0.0176012418906851,0.0487555261429306,0.00640872669302322
"pc2001__19__13",1,"Bankura",TRUE,756438,37986,411049,208389,473337,90581,86933,570733,4961,149249,286251,111214,106418,44973,19625,622075,286988,658080,49887,334670,410293,5641,1900,431,3503,153487,413555,108877,177819,297338,546543,72350,7898,34128,4273,736418,10490,232637,317977,203860,178781,25079,1964,2011,0.0502169378058744,0.543400781028981,0.625744608282503,0.119746760474751,0.114924157696996,0.754500699330282,0.00655836962183285,0.197305000542014,0.378419645760789,0.147023285451022,0.140683043421933,0.05945364986952,0.0259439636824168,0.822374074279716,0.379393949008379,0.869972158987253,0.0659498861770561,0.44242885735513,0.54240136005859,0.00745731970101978,0.00463091489322324,0.202907574712005,0.546713676467867,0.143933805546522,0.235074123721971,0.393076498007768,0.722521872248618,0.0956456444546678,0.010441040772674,0.307542719958543,0.420360954896502,0.269499945798598,0.0331540721116602,0.973533852080408,0.0138676269568689,0.0451167180918991,0.00564884365936138
"pc2001__19__14",1,"Puruliya",TRUE,569254,39790,317245,152443,386144,69266,164037,315203,15584,55184,287559,51084,62060,3716,10790,495538,228034,502340,31953,189889,370122,5080,1427,295,2441,67448,244882,50759,104489,191057,393127,49630,6602,32862,3551,546915,13996,173415,303201,91308,86148,5160,1330,2011,0.0698984987369434,0.557299553450657,0.678333397745119,0.121678547713323,0.288161348009851,0.553712402547896,0.0273761800531924,0.096940908627783,0.505150600610624,0.0897384998612219,0.109019875134826,0.00652784170159542,0.0189546318515109,0.870504203747361,0.400583922115611,0.882453175559592,0.0561313578824216,0.333575170310617,0.65018778963345,0.00892396013027576,0.00428806824370141,0.118484894265126,0.430180552090982,0.089167577215092,0.183554265758343,0.335626978466554,0.690600329554118,0.0871842797766902,0.0115976347992285,0.304635540549561,0.532628668397587,0.160399399916382,0.00906449493547696,0.960757412332632,0.0245865641699487,0.0577281846065201,0.00623798866586796
"pc2001__19__16",1,"Haora",TRUE,1029114,23443,507309,323716,588583,329473,11716,683400,1678,255927,310147,371996,425454,330762,129715,612995,563204,643978,329205,796953,208283,13875,1638,774,7591,768670,535218,340533,539312,659579,576054,122818,22295,99261,30751,861570,140302,815217,183705,26614,10454,16160,3578,2011,0.0227797892167437,0.492957048490255,0.571931778209217,0.320152091993696,0.0113845502053222,0.664066371655618,0.00163052878495483,0.248686734414263,0.301372831386999,0.361472101244371,0.413417755467324,0.321404625726596,0.126045316651022,0.595653154072338,0.547270759119009,0.625759634015279,0.319891673808733,0.77440691701794,0.202390600069574,0.0134824713297069,0.00737624791811208,0.746924053117536,0.520076492983285,0.330899200671646,0.524054672271488,0.640919276192919,0.559757228062197,0.119343435226807,0.0216642665438426,0.792154221981238,0.17850792040532,0.0258610805022573,0.01570282786941,0.837195879173736,0.136332806666706,0.0964528711104892,0.0298810433052121
"pc2001__19__17",1,"Kolkata",TRUE,964183,41575,409700,272543,428284,849526,4264,95578,5070,698088,58437,788463,861649,46931,783977,47004,696418,92166,630554,927602,17413,15471,610,1087,2000,915319,807582,458342,816141,857883,252887,117173,85605,252644,136618,540172,385117,897777,52067,8611,1892,6719,5728,2011,0.0431194078302563,0.424919335852219,0.444193685223656,0.881083777664613,0.00442239699310193,0.0991284849452853,0.00525833788813949,0.724020232673673,0.060607789185248,0.817752439111662,0.893657116958088,0.0486743699069575,0.813099795370796,0.0487500816753666,0.722288196327876,0.0955897376327938,0.653977512567635,0.962060106846937,0.0180598496343536,0.0160457091651689,0.0020742950249071,0.94932082395147,0.837581662402262,0.475368265152984,0.846458607961352,0.889751219426188,0.262281122981841,0.12152568547672,0.088785012803586,0.93112718228801,0.0540011595309189,0.00893087722973751,0.00696859413617539,0.560238046097058,0.399423138553573,0.262029096136314,0.141693018856379
"pc2001__20__01",1,"Garhwa",TRUE,254710,1894,68751,103577,122971,9562,59945,180798,3356,42515,91201,10331,14799,2902,7076,205741,44253,247061,6964,29373,222916,1973,300,103,45,18018,101116,47454,21864,100748,108161,16578,2671,8881,565,250350,2997,39190,187338,27951,27215,736,231,2011,0.00743590750265007,0.269918731105964,0.482788269011817,0.0375407325978564,0.235346079855522,0.709819009854344,0.0131757685210632,0.166915315456794,0.35805818381689,0.0405598523811393,0.0581013701857014,0.011393349299203,0.0277806132464371,0.807746064151388,0.173738761729025,0.969969769541832,0.0273408974912646,0.115319382827529,0.875175690000393,0.00774606415138785,0.000176671508774685,0.0707392721133838,0.396984806250245,0.186305995053198,0.0858387970633269,0.395540025911821,0.424643712457304,0.0650857838325939,0.0104864355541596,0.153861253975109,0.735495269129598,0.109736563150249,0.00288956067684818,0.982882493816497,0.011766322484394,0.0348671037650662,0.00221820894350438
"pc2001__20__02",2,"Latehar;Palamu",TRUE,488200,10483,134172,188771,245730,20729,143335,309977,8684,106640,158793,34829,52722,6562,19511,364827,100617,466194,20034,106432,375061,4049,1459,601,598,60762,232047,103858,61709,206994,222232,37446,9283,26221,2495,474210,10140,98222,307505,80525,76814,3711,1948,2011,0.0214727570667759,0.274829987709955,0.503338795575584,0.0424600573535436,0.293598934862761,0.634938549774683,0.0177877918885703,0.218435067595248,0.325262187628021,0.0713416632527653,0.107992625972962,0.0134412126177796,0.0399651782056534,0.747290045063499,0.206097910692339,0.954924211388775,0.0410364604670217,0.218009012699713,0.768252765260139,0.00829373207701762,0.00122490782466202,0.12446128635805,0.475311347808275,0.212736583367472,0.126401065137239,0.423994264645637,0.455206882425236,0.0767021712412946,0.0190147480540762,0.201192134371159,0.629875051208521,0.16494264645637,0.00760139287177386,0.971343711593609,0.0207701761573126,0.0537095452683327,0.00511061040557149
"pc2001__20__03",1,"Chatra",TRUE,180912,1708,44046,66343,88115,7066,84584,85552,2552,29054,56936,10784,14904,3157,5363,135632,52806,175068,5485,27037,151457,1762,505,99,52,18298,87405,43535,17627,82823,90400,15107,2110,9115,590,176487,2533,48461,113845,18122,17494,628,484,2011,0.00944105421420359,0.243466436720616,0.487060007075263,0.0390576633943575,0.467542230476696,0.472892898204652,0.014106305828248,0.160597417528964,0.314716547271602,0.0596090917130981,0.0823825948527461,0.0174504731582206,0.0296442469266826,0.749712567436101,0.291887768638896,0.967697001857257,0.0303186079419828,0.149448350579287,0.837186035199434,0.00973954187671354,0.00028743256389847,0.101143097196427,0.483135447068188,0.240641859025383,0.0974341116122756,0.457808216149288,0.499690457238879,0.0835046873618113,0.011663129035111,0.267870566905457,0.629283850711948,0.100170248518617,0.0034713009640046,0.975540594322101,0.0140012823914389,0.0503836119218183,0.00326125409038649
"pc2001__20__04",2,"Hazaribagh;Ramgarh",TRUE,478424,14056,88817,179777,200749,66918,283843,115977,7566,138997,126433,90139,111310,4756,30904,301756,178283,426437,49576,326153,149274,1345,1021,403,228,117354,318017,81699,171906,319407,264207,95289,17221,30202,6408,415982,40472,270768,185255,21247,19852,1395,1154,2011,0.0293797970001505,0.185644950922195,0.419604785713091,0.139871745564604,0.593287544103139,0.242414678193402,0.0158144240255506,0.290530993428423,0.26426976907513,0.188408190224571,0.232659732789325,0.00994097286089327,0.0645954216343662,0.630729227630721,0.372646439141849,0.891336973061552,0.103623564035249,0.681723742956039,0.312011939200375,0.00281131381368828,0.000476564720833403,0.245292878283698,0.664717907128405,0.170766934769159,0.359317258331522,0.667623279768573,0.552244452619434,0.199172700366202,0.03599526779593,0.565958229520258,0.38721928665786,0.0444103974716987,0.00291582362088858,0.869483972375968,0.084594418340217,0.0631281039412739,0.0133939768907914
"pc2001__20__05",1,"Kodarma",TRUE,114060,762,21493,40113,52978,5781,69543,36797,1286,26469,32398,12770,17881,766,5503,75531,35734,101264,11877,62318,50748,340,386,132,136,18818,72927,16401,28323,78836,57819,17265,2538,7195,845,108607,4148,58575,48891,6434,5726,708,160,2011,0.00668069437138348,0.188435910924075,0.464474837804664,0.0506838506049448,0.609705418200947,0.322610906540417,0.0112747676661406,0.232062072593372,0.284043485884622,0.111958618271085,0.156768367525864,0.00671576363317552,0.048246536910398,0.66220410310363,0.313291250219183,0.887813431527266,0.104129405576013,0.546361564089076,0.444923724355602,0.00298088725232334,0.00119235490092934,0.164983342100649,0.639374013677012,0.143792740662809,0.248316675433982,0.691180080659302,0.50691741188848,0.15136770120989,0.0222514466070489,0.513545502367175,0.428642819568648,0.0564089075924952,0.00620725933719095,0.952191828862002,0.0363668244783447,0.0630808346484306,0.0074083815535683
"pc2001__20__06",1,"Giridih",TRUE,391448,4920,73714,150376,190409,20116,270170,89371,7914,64045,122172,28593,38031,3666,14009,295147,122696,365207,17910,125431,261699,2826,1051,250,191,42269,219590,77769,63911,242670,226550,57582,6290,19976,1944,381432,6860,163720,206189,20366,18732,1634,1173,2011,0.0125687192168564,0.188311091128324,0.486422206780977,0.051388690196399,0.69018107130449,0.228308740880015,0.0202172446915044,0.163610492325928,0.312102756943451,0.0730441846682063,0.0971546667756637,0.00936522858719421,0.0357876397375897,0.753987758271852,0.313441376632401,0.932964276225706,0.0457532034906297,0.320428256115755,0.668540904539045,0.00721934969651141,0.000487931985857636,0.107981136702704,0.560968506672662,0.198670066011322,0.16326817355051,0.619929083811898,0.578748646052605,0.147099997956306,0.016068545502851,0.418242014264985,0.52673407451309,0.0520273446281498,0.00417424536592344,0.974412948846335,0.0175246776072429,0.0510310437146185,0.00496617686129448
"pc2001__20__07",1,"Deoghar",TRUE,260316,5885,63458,106086,131897,10813,103942,140518,3701,51356,71071,30689,39738,2677,10223,199336,96283,228941,27899,130193,128716,789,339,212,67,42762,128726,32959,64890,126305,174959,32553,3714,13550,1944,249689,7201,98054,132799,28337,26579,1758,1126,2011,0.0226071390156579,0.243772952872662,0.50668034235314,0.0415379769203583,0.39929163017256,0.539797784231473,0.0142173358533475,0.197283301833157,0.273018177906852,0.117891332073326,0.152652929516434,0.0102836552497734,0.0392715007913459,0.76574624686919,0.369869696830007,0.879473409241076,0.107173589022573,0.500134451973755,0.494460578681295,0.00303093163693357,0.000257379492616666,0.164269580048864,0.494498993530939,0.126611502942577,0.249273959341723,0.48519875843206,0.672102367891332,0.12505186004702,0.014267275157885,0.376672966702008,0.510145361791054,0.108856159436992,0.00675333056746416,0.959176539283025,0.0276625332288449,0.0520521212679974,0.00746784677084774
"pc2001__20__08",1,"Godda",TRUE,251018,9686,90617,94914,137751,9377,65362,168876,3310,36301,79712,15044,23303,2657,5175,201291,39859,239636,7786,43230,205218,1361,726,428,55,26348,98460,48401,25764,89533,133332,19859,1754,11925,874,245973,2288,86015,68409,95425,81057,14368,1169,2011,0.0385868742480619,0.360998016078528,0.548769410958577,0.037355886828833,0.260387701280386,0.672764502944012,0.0131863053645555,0.144615127202033,0.317554916380499,0.0599319570708077,0.0928339800333044,0.0105848982941462,0.0206160514385423,0.801898668621374,0.158789409524417,0.954656638169374,0.0310176959421237,0.172218725350373,0.817542965046331,0.00542192193388522,0.000219107793066633,0.104964584213084,0.39224278736983,0.192818841676692,0.102638057828522,0.356679600666088,0.531165095730187,0.0791138484092774,0.0069875467097977,0.342664669465935,0.272526273016278,0.380152020970608,0.057238923105116,0.979901839708706,0.00911488419157192,0.0475065533149017,0.00348182202073158
"pc2001__20__09",1,"Sahibganj",TRUE,224517,7748,112440,72858,144356,10049,59543,148110,1841,44115,62987,16584,28878,4994,5390,186768,63722,210031,11647,34879,187703,1043,599,212,81,34451,74705,45998,24604,64808,95511,10359,1285,9563,591,217420,4553,69196,109976,44595,23672,20923,750,2011,0.0345096362413537,0.500808402036371,0.642962448277859,0.0447583033801449,0.265204861992633,0.659682785713331,0.00819982451217502,0.196488461898208,0.280544457657995,0.0738652306952258,0.1286227768944,0.0222433045159164,0.0240070907770904,0.831865738451877,0.283818151854871,0.935479273284428,0.0518758045047814,0.155351265160322,0.83603023379076,0.00464552795556684,0.000360774462512861,0.153444950716427,0.332736496568189,0.204875354650205,0.109586356489709,0.288655202055969,0.425406539371184,0.0461390451502559,0.00572339733739539,0.308199379111604,0.489833731966844,0.198626384639025,0.093191161471069,0.968389921475879,0.0202790879977908,0.0425936566050678,0.00263231737463087
"pc2001__20__10",1,"Pakur",TRUE,180578,5390,99033,57978,120236,5590,27531,139605,1861,11757,54356,9201,14306,3989,1971,152730,30240,172736,5393,31414,148175,551,245,108,85,18395,57247,24266,16500,39592,102037,9725,923,4535,328,175835,2847,41245,116737,22215,18837,3378,381,2011,0.0298485972820609,0.548422288429377,0.665839692542835,0.0309561519121931,0.152460432610839,0.773100820697981,0.0103057958333795,0.0651075989323173,0.301011197377311,0.0509530507592287,0.0792233826933513,0.0220901770979854,0.0109149508799522,0.845784093300402,0.167462260075978,0.956572782952519,0.0298652106015129,0.173963605754854,0.820559536599143,0.00305131300601402,0.000470710717806156,0.101867337106403,0.317020899555871,0.134379603273931,0.0913732569859008,0.219251514580957,0.565057758973961,0.0538548438901749,0.00511136461805979,0.228405453598999,0.646463024288673,0.123021630541926,0.0187065977029317,0.973734341946417,0.0157660401599309,0.0251138012382461,0.0018163895934167
"pc2001__20__11",2,"Dumka;Jamtara",TRUE,423028,12866,154964,165993,229025,13553,116635,281688,5190,43852,150591,26817,34507,6403,6818,344469,109798,400885,18405,111529,308547,1371,838,526,217,41583,188890,57700,63637,130924,292236,39964,4544,15355,2001,413132,7131,97989,242457,81771,77144,4627,811,2011,0.0304140624261278,0.366320905471978,0.541394423064194,0.0320380684020916,0.275714609907618,0.66588500052006,0.0122686914341367,0.103662168934444,0.355983528277088,0.0633929668958083,0.0815714326238452,0.0151361139215371,0.0161171364543245,0.814293616498199,0.25955255916866,0.947655947124067,0.043507758351693,0.263644486889757,0.729377251624006,0.00324092022277485,0.000512968408710535,0.0982984577853003,0.446518906549921,0.136397590703216,0.15043212269637,0.309492515861834,0.690819520220884,0.0944712879525705,0.0107416057565929,0.231637149313993,0.573146458390461,0.193299261514604,0.0109378102631504,0.976606749435026,0.0168570401959208,0.0362978337131348,0.00473018334483769
"pc2001__20__12",1,"Dhanbad",TRUE,499179,12400,119574,213527,241417,199454,128514,153604,7614,163958,156059,154976,189700,6254,52600,226112,219265,406807,88468,427173,68537,1689,753,504,523,198464,333386,47744,290580,328776,283681,131398,18631,46646,11568,359496,76629,324831,152748,18461,16335,2126,3139,2011,0.0248407885748399,0.239541326858702,0.483628117368719,0.3995640842263,0.257450734105401,0.307713265181428,0.0152530455007122,0.328455323641419,0.312631340661366,0.31046177823987,0.380023999407026,0.0125285719150846,0.10537302250295,0.452967773083403,0.439251250553409,0.814952151432652,0.177227006745075,0.855751143377426,0.137299445689823,0.00338355579862134,0.00104772035682591,0.397580827719115,0.667868640307385,0.0956450491707383,0.582115834199756,0.658633476167868,0.5682951406209,0.263228220738453,0.0373232848336969,0.650730499480146,0.305998449454003,0.0369827256354935,0.00425899326694432,0.720174526572632,0.153510063524307,0.0934454374082243,0.0231740517930442
"pc2001__20__13",1,"Bokaro",TRUE,391438,10505,75789,169819,169281,101797,131571,137244,14167,139394,110155,108614,126345,3394,66027,218868,180030,313235,75459,274726,112539,2268,1312,447,146,130956,251233,53133,179570,239204,247231,108998,21098,37997,9754,292464,67373,242950,122538,24869,22424,2445,1081,2011,0.0268369448035193,0.193616869082716,0.432459291126564,0.260059064270715,0.336122195596748,0.350614912195546,0.0361921939106576,0.35610748062273,0.281411104696018,0.277474338209372,0.322771422294208,0.00867059406598235,0.168678053740311,0.559138356521339,0.459919578579494,0.800216126180902,0.192773823696218,0.701837838942566,0.287501468942719,0.00579402101993164,0.000372983716450626,0.334551065558275,0.641820671472877,0.135737971275144,0.458744424404376,0.61109038979353,0.631596830149347,0.278455336477297,0.0538987017101048,0.620660232271777,0.313045744153608,0.0635324112630864,0.00624619990905329,0.747152805808327,0.172116657044027,0.09707028954777,0.0249183778784891
"pc2001__20__14",2,"Khunti;Ranchi",TRUE,659443,12809,125945,262225,262687,105133,289899,243548,11033,208066,223802,184628,220835,12079,74242,430541,325219,484427,169700,380065,270575,5886,1801,568,548,236512,408534,156359,258451,361180,415869,148933,35069,81312,22955,558719,84179,281887,329377,46193,42254,3939,1986,2011,0.0194239684097033,0.190986938977288,0.398346786606272,0.15942697094366,0.439611914903942,0.369323808122916,0.016730786436432,0.315517793046556,0.339380355845767,0.279975676442088,0.334881104204609,0.0183169735670862,0.112582891925458,0.652885844568825,0.493172268111118,0.734600261129468,0.257338390126213,0.576342458711367,0.410308396631703,0.00892571458033522,0.000831004347608512,0.358654197557636,0.619513741142146,0.237107680269561,0.39192318365651,0.54770465377599,0.630636764663511,0.225846661500691,0.053179728953071,0.427462267398395,0.499477589420162,0.0700485106370073,0.005973222856259,0.84725897461949,0.127651669666673,0.123304061154641,0.0348096802907909
"pc2001__20__15",1,"Lohardaga",TRUE,91302,2359,11587,32736,30266,2682,45993,40470,1014,10565,33018,8465,12011,1523,2337,73742,42153,81637,8049,28769,61875,239,353,50,16,13613,52545,18498,12504,32713,66235,10065,1102,2954,351,87210,2967,15306,70363,5572,5470,102,61,2011,0.0258373310551795,0.126908501456704,0.331493286017831,0.0293750410724847,0.503745810606558,0.443254255109417,0.011105999868568,0.115714880287398,0.361635013471775,0.0927142888436179,0.131552430395829,0.0166809051280366,0.0255963724781494,0.80767124487963,0.461687586252218,0.894142516045651,0.088157981205231,0.315097150117193,0.677695997897089,0.00261768635955401,0.000175242601476419,0.149098595868656,0.575507655911152,0.202602352631925,0.136952093053821,0.358294451381131,0.725449606799413,0.11023854899126,0.0120698341766884,0.167641453637379,0.770662197980329,0.0610282359641629,0.00111717158441217,0.955181704672406,0.0324965499112834,0.0323541652975838,0.00384438456988894
"pc2001__20__16",2,"Gumla;Simdega",TRUE,305455,6991,48242,121462,119329,10750,190386,96448,2529,29280,133323,15741,24676,4066,4198,275780,143782,291703,12732,48552,254148,1734,844,91,86,29092,150758,54273,26307,82690,216722,25888,3339,12456,1254,290299,11992,38788,247528,18744,18322,422,395,2011,0.0228871683226662,0.15793488402547,0.390659835327626,0.0351934000098214,0.62328657249022,0.315751911083466,0.00827945196510124,0.0958570002127973,0.436473457628783,0.0515329590283348,0.0807844035946375,0.0133112897153427,0.0137434319294168,0.902849846949633,0.47071418048485,0.954978638424645,0.0416820808302369,0.158949763467614,0.832030904715916,0.0056767772667005,0.000281547200078571,0.0952415249382069,0.493552241737735,0.177679199882143,0.0861239789821741,0.270710906680198,0.709505491807304,0.0847522548329541,0.0109312337332831,0.12698433484474,0.81035831791917,0.0613641943985202,0.00138154556317625,0.95038221669313,0.0392594653877003,0.0407785107462638,0.00410535103370382
"pc2001__20__17",2,"Pashchimi Singhbhum;Saraikela-Kharsawan",TRUE,517877,17828,173562,208717,263351,55296,100584,322221,22427,74603,207199,59788,74179,4542,20931,438874,223576,462280,49130,260086,241618,14964,665,331,213,79687,252015,80149,100864,167177,336546,67894,8288,24553,4565,467229,39334,128740,337635,50634,47910,2724,868,2011,0.0344251627316911,0.33514135595904,0.508520362943324,0.106774388513103,0.194223724938547,0.622196004070465,0.0433056497971526,0.144055441736165,0.400093072293228,0.11544826281144,0.14323671450943,0.00877042232035792,0.0404169329782941,0.847448332326016,0.431716411425879,0.892644392394333,0.0948680864375132,0.502215777105374,0.466554799691819,0.028894892030347,0.000411294573808066,0.153872444615227,0.486630995390797,0.154764548338698,0.194764393861863,0.322812173547001,0.649857012379387,0.131100628141431,0.0160038001301467,0.248591847098828,0.651959828298998,0.097772250939895,0.00525993623968626,0.902200715613939,0.0759523979632229,0.0474108716934716,0.00881483441048743
"pc2001__20__18",1,"Purbi Singhbhum",TRUE,469702,19421,139123,174778,207418,140971,85850,230515,4792,212215,99967,200622,220728,11488,112994,231239,282920,297701,161989,382507,85273,729,437,193,563,234485,307275,88424,228411,274111,302921,147472,32092,63985,22042,354878,100298,258701,141777,68063,61908,6155,1161,2011,0.0413474926655624,0.29619418269456,0.441594883564473,0.300128592171206,0.182775461888602,0.490768614994188,0.0102022133182316,0.45180774192999,0.212830688393918,0.427126135294293,0.469931999437942,0.0244580606427054,0.240565294591039,0.492310017841099,0.602339355591417,0.633808244376222,0.344876112939694,0.814361020391653,0.181547023431878,0.00155204789419675,0.00119863232432478,0.499220782538716,0.654191380918114,0.188255532231074,0.486289179096534,0.583584911284176,0.644921673742075,0.313969282651554,0.0683241714959698,0.550776875550881,0.301844573793597,0.144906770675875,0.0131040532082044,0.755538618102542,0.213535390524205,0.136224670109985,0.0469276264525167
"pc2001__21__02",1,"Jharsuguda",TRUE,134624,1794,44974,48753,53459,24394,30965,76358,1717,34670,42897,28468,33233,1253,6371,85468,83739,111838,21349,81433,50862,246,171,169,1743,35184,75755,7135,57831,65742,102328,32916,3966,7555,2498,107762,21243,58734,70192,5136,4332,804,562,2011,0.0133260042785833,0.334071190872356,0.397098585690516,0.181200974566199,0.230010993582125,0.567194556691229,0.0127540408842406,0.257532089374851,0.318643035417162,0.211463037794153,0.24685791537913,0.00930740432612313,0.0473243998098407,0.634864511528405,0.622021333491799,0.830743403850725,0.158582422153554,0.604892144045638,0.377807820299501,0.00182731162348467,0.0129471713810316,0.26135013073449,0.562715414784882,0.0529994651770858,0.429574221535536,0.488337889232232,0.760102210601379,0.244503208937485,0.0294598288566675,0.43628179225101,0.521392916567625,0.0381507012122653,0.00597218920846209,0.800466484430711,0.157795043974329,0.0561192655098645,0.0185553838840029
"pc2001__21__03",1,"Sambalpur",TRUE,248829,4977,83593,95072,98906,60077,44942,134592,6158,57438,75332,47242,52635,2881,11419,182230,160054,200024,40171,126498,119109,441,131,133,2517,56878,127821,18670,91058,104722,176565,47662,5946,14521,5231,212516,27844,111577,109753,26299,20732,5567,1200,2011,0.0200016879061524,0.335945569045409,0.397485823597732,0.241438899806695,0.180613995957063,0.540901583014841,0.0247479192537847,0.230833222815669,0.302746062557017,0.189857291553637,0.211530810315518,0.0115782324407525,0.0458909532249055,0.732350328940758,0.643228884093092,0.803861286264865,0.16144018583043,0.508373220163245,0.478678128353206,0.00177230146003882,0.0101153804419903,0.228582681279111,0.513690124543361,0.0750314472991492,0.365946091492551,0.420859304984548,0.709583690003979,0.191545197706055,0.0238959285292309,0.448408344686512,0.441078009396011,0.105691056910569,0.0223727941678824,0.854064437826781,0.111900140256964,0.0583573458077636,0.021022469245948
"pc2001__21__07",1,"Mayurbhanj",TRUE,587648,11482,279153,202823,311765,37517,219849,292400,17001,96329,254494,44914,66872,38499,5967,534035,274250,522478,30594,140189,441039,1578,333,312,4197,109355,297045,74035,83167,166662,418435,62502,6279,17999,2950,559038,17104,110456,205704,270147,243325,26822,1341,2011,0.0195389076453932,0.47503437431932,0.530530181333043,0.0638426404922675,0.374116818231322,0.497576780657809,0.0289305842953605,0.163922960683947,0.433072179263777,0.0764301078196471,0.113796013940318,0.0655137088869527,0.0101540377913309,0.908766812785885,0.466690944238728,0.889100277717273,0.0520617784796341,0.238559477782618,0.750515614789806,0.00268528098453496,0.00714203060335439,0.186089291548682,0.505481172402527,0.125985283707253,0.14152519875844,0.283608554781093,0.712050411130473,0.106359589414071,0.0106849678719233,0.187962862121542,0.350046286212154,0.459708873339142,0.0456429699411893,0.951314392289262,0.029105859289915,0.0306288798736659,0.00502001197996079
"pc2001__21__09",1,"Bhadrak",TRUE,309527,4185,110046,121318,174007,13097,5114,284168,3017,108838,93597,31191,43469,14162,6763,246333,124232,285527,16313,164636,140290,927,198,301,3175,62233,135041,51374,86821,165031,184434,34791,3670,15609,2637,296688,8307,69756,26629,212894,185726,27168,248,2011,0.0135206298642768,0.355529566079857,0.562170666856203,0.0423129484665312,0.0165219835426312,0.918071767567934,0.00974713029881077,0.351626837077218,0.302387190778187,0.100769884371961,0.140436860112365,0.0457536822312755,0.0218494670901085,0.795836873681456,0.401360785973437,0.922462337695904,0.0527029952152801,0.531895440462383,0.453239943526736,0.00299489220649572,0.0102575865756461,0.201058389090451,0.436281810633644,0.165975827633777,0.280495724120998,0.533171581154471,0.595857550391404,0.112400533717576,0.0118568008606681,0.225363215486856,0.0860312670623241,0.687804294940344,0.087772633728237,0.958520581403238,0.0268377233650053,0.0504285571210266,0.00851945064566258
"pc2001__21__14",1,"Dhenkanal",TRUE,278370,3232,118240,108896,143128,17395,144255,97504,11410,54498,127786,28831,37521,11379,4299,249152,161534,254125,20614,117172,156604,450,233,236,3675,51080,107443,23281,66148,98136,159449,36224,3533,10600,1810,263641,9666,120298,17778,139749,122817,16932,545,2011,0.0116104465280023,0.424758415059094,0.514164601070518,0.0624887739339728,0.518213169522578,0.350267629414089,0.040988612278622,0.195775406832633,0.459050903473794,0.103570787081941,0.134788231490462,0.0408772497036319,0.0154434745123397,0.895038976901247,0.58028523188562,0.912903689334339,0.0740525200273018,0.420921794733628,0.562574990121062,0.00161655350792111,0.0132018536480224,0.18349678485469,0.385971907892373,0.0836332938175809,0.237626180982146,0.352537989007436,0.572795200632252,0.130128965046521,0.0126917412077451,0.432151453101987,0.0638646405862701,0.502026080396594,0.0608255199913784,0.947088407515178,0.0347235693501455,0.038078815964364,0.00650213744297158
"pc2001__21__17",1,"Khordha",TRUE,489636,9042,172294,157576,217818,147354,164696,167624,5090,230972,109546,188420,204455,19341,104703,294898,279275,294544,161784,349860,129959,932,593,433,7859,230413,255059,87424,253754,324544,325139,165342,33514,75588,35701,361364,102422,312296,54484,121534,101861,19673,1322,2011,0.0184667794034752,0.351881806076351,0.444856995809132,0.300946008871897,0.336364156230343,0.342344108684819,0.010395477456723,0.471721850517527,0.223729464336773,0.384816475912719,0.417565293401629,0.0395007720020587,0.213838443251722,0.602280061106618,0.570372685014991,0.601557075051671,0.330416881111683,0.71453079430434,0.265419617838558,0.00190345481132923,0.0160506988865198,0.470580186097427,0.520915537256248,0.178548962903055,0.518250292053689,0.662827079708191,0.664042268133879,0.337683503663946,0.0684467645352874,0.637812579140423,0.111274497790195,0.248212958197518,0.0401788267202575,0.738025798756627,0.209179880564338,0.154375903732569,0.0729133478747478
"pc2001__21__18",1,"Puri",TRUE,369482,5211,130170,143205,185988,34363,29275,277955,22910,123180,126862,52162,72714,13021,18323,286076,142104,317549,34172,201605,161998,863,225,325,4466,87997,172960,51221,118112,178144,244309,57033,4693,16006,3416,343935,17603,179773,41238,147783,116458,31325,688,2011,0.0141035287239974,0.352304036461857,0.503374995263639,0.0930031774213629,0.0792325471876844,0.752282925825886,0.0620057269366302,0.333385658841297,0.343350961616533,0.141176024813117,0.196799844106073,0.0352412296133506,0.0495910490903481,0.774262345662306,0.384603309498162,0.85944376180707,0.0924862374892417,0.545642277566972,0.438446257192502,0.00233570241581457,0.0120871923395456,0.238163158151141,0.46811482020775,0.138629216037588,0.319669158443442,0.482145273653385,0.661220303018821,0.154359346328103,0.0127015659761504,0.486554148781267,0.111610308485934,0.399973476380446,0.0847808553596657,0.930857254209948,0.0476423750006766,0.0433201076101136,0.00924537595877472
"pc2001__21__19",1,"Ganjam",TRUE,756894,12131,163561,253155,274175,196326,206140,318506,28991,140804,255386,136311,178378,27343,39902,538289,404964,616388,122846,405298,336631,1667,763,947,11588,215821,360351,47866,257515,368877,369914,100866,9066,41059,9049,672524,74534,528781,59709,166506,119462,47044,1898,2011,0.0160273433268067,0.216094988201783,0.362236984306917,0.259383744619458,0.272349893115813,0.420806612286529,0.0383025892661324,0.18602869093955,0.337413164855317,0.180092588922623,0.235671045086895,0.036125269852846,0.0527180820564042,0.71118148644328,0.535033967768274,0.814365023371833,0.162302779517343,0.535475244882375,0.444753162265786,0.00220242200360949,0.0153099377191522,0.285140323479906,0.47609176450071,0.0632400309686693,0.340225976160466,0.487356221610952,0.488726294567007,0.133263046080429,0.011977899151004,0.698619621770023,0.0788868718737366,0.21998588970186,0.0621540136399549,0.888531287075865,0.0984734982705636,0.0542466976881835,0.0119554389386096
"pc2001__21__20",1,"Gajapati",TRUE,128818,2412,34006,49598,52753,27133,43598,43514,3653,12927,47598,16311,18130,4720,2981,97247,91074,115916,12217,63112,63721,485,254,114,1132,23322,70146,5245,23672,34820,28704,8521,656,5523,635,119272,7161,54026,23566,50751,41580,9171,475,2011,0.0187240913536928,0.263984846838175,0.409515750904377,0.210630501948485,0.338446490397305,0.337794407613843,0.028357838190315,0.100350882640625,0.36949805151454,0.126620503345806,0.140741200763868,0.0366408421183375,0.0231411759226195,0.754917790991942,0.706997469297769,0.899843189616358,0.0948392305423155,0.489931531307736,0.494659131487836,0.00376500178546476,0.00878759179617755,0.18104612709404,0.544535701532395,0.0407163595149746,0.183763138691798,0.270303839525532,0.22282600257728,0.0661475880699902,0.00509245602322657,0.419397910229937,0.182940272322191,0.393974444565201,0.0711934667515409,0.925895449393718,0.0555900572901303,0.0428744430126225,0.00492943532736108
"pc2001__21__22",1,"Baudh",TRUE,107727,2539,48100,41886,52527,4637,20402,79403,2293,9023,39663,5016,7952,2787,868,97990,59651,103662,3254,19191,87213,283,183,77,780,11585,44666,10610,13253,24261,76760,7778,755,3430,245,101458,2371,21290,11966,74353,65784,8569,118,2011,0.0235688360392474,0.446499020672626,0.487593639477568,0.0430439908286688,0.189386133467005,0.737076127618889,0.0212852859543104,0.0837580179527881,0.368180678938428,0.0465621431952992,0.0738162206317822,0.0258709515720293,0.00805740436473679,0.909614117166541,0.553723764701514,0.962265727255006,0.0302059836438404,0.178144754796848,0.809574201453675,0.00262701087006971,0.0072405246595561,0.107540356642253,0.414622146722734,0.098489700817808,0.123023940144996,0.225208165083962,0.7125418882917,0.0722010266692658,0.0070084565614934,0.197629192310191,0.111077074456729,0.690198371810224,0.0795436612919695,0.941806603729799,0.022009338420266,0.0318397430542018,0.00227426736101442
"pc2001__21__24",1,"Balangir",TRUE,432081,6663,157815,185005,181653,44064,49807,322278,13177,37440,190253,35891,51281,11420,7164,368584,254681,406059,22612,123446,300789,1621,471,314,5440,65156,134608,31836,83505,125574,296141,43512,4629,17274,3286,404252,15465,192286,201029,36871,27166,9705,1895,2011,0.0154207197261625,0.36524401674686,0.420414227887827,0.101980878585265,0.115272367912498,0.745874037506856,0.030496596702933,0.0866504197129705,0.440317903356084,0.0830654437478158,0.118683765312522,0.0264302295171507,0.0165802245412319,0.853043757999079,0.589428833945487,0.939775181042443,0.0523327801963058,0.285701060680752,0.696140307025766,0.00375161138767962,0.0125902319241068,0.1507957998616,0.311534179933855,0.0736806293264457,0.193262374415908,0.290626063168711,0.685383064749434,0.100703340345907,0.0107132690398328,0.445023039661545,0.465257671593984,0.0853335369988498,0.0224610663278413,0.935593094813241,0.0357919001298368,0.039978615120776,0.00760505553356894
"pc2001__21__25",1,"Nuapada",TRUE,159947,2998,58487,67878,68603,16217,13289,123116,5880,11802,61742,10533,17173,5461,1648,140613,86313,152569,6680,43976,113370,1132,89,64,1316,23219,47548,16882,21975,38600,107595,12482,1346,4221,757,152129,3851,61270,93168,5184,4453,731,325,2011,0.0187437088535577,0.365664876490337,0.428910826711348,0.101389835382971,0.0830837714993092,0.769729973053574,0.0367621774712874,0.0737869419245125,0.386015367590514,0.0658530638273928,0.107366815257554,0.0341425597229082,0.0103034130055581,0.879122459314648,0.539635004095106,0.953872220172932,0.041763834270102,0.274941074230839,0.708797289102015,0.00707734437032267,0.00822772543405003,0.145166836514595,0.297273471837546,0.105547462596985,0.137389260192439,0.241329940542805,0.672691579085572,0.0780383502035049,0.00841528756400558,0.383064390079214,0.582492950789949,0.0324107360563187,0.00457026389991685,0.951121308933584,0.0240767254152938,0.0263899916847456,0.00473281774587832
"pc2001__21__26",1,"Kalahandi",TRUE,404814,6511,125564,189282,151615,19264,34135,332445,12172,34340,161883,29268,35473,9306,4332,354006,210764,383608,19169,91171,305985,3420,191,351,3696,47442,111976,36291,58571,95057,226852,34156,3547,12622,1953,382053,10876,195736,194576,14011,8627,5384,491,2011,0.0160839299036101,0.310177019569481,0.374530031076,0.0475872870009436,0.0843226765872722,0.821229008878151,0.0300681300547906,0.0848290819981522,0.399894766485349,0.0722998710518905,0.0876278982446259,0.0229883353836577,0.0107012109264996,0.874490506751249,0.520644048871828,0.947615448082329,0.0473526113227309,0.225217013245589,0.755865656820169,0.00844832441565756,0.00913011901762291,0.11719456342913,0.276610986774173,0.0896485793475522,0.144686201564175,0.234816483619638,0.560385757409576,0.0843745522635087,0.0087620487433735,0.483520826848874,0.480655313304382,0.0346109571309293,0.0132999352789182,0.943774177770532,0.0268666597499098,0.0311797516884297,0.00482443788999392
"pc2001__21__28",1,"Nabarangapur",TRUE,273663,4862,60928,136415,105817,15353,24608,225376,3323,20286,93053,15267,18260,5957,2292,238925,171121,260724,10274,34570,235541,1580,414,498,1060,25523,65893,46942,23582,56803,166031,21081,2030,8128,1324,255118,8004,59489,127022,86563,80845,5718,589,2011,0.0177663768942093,0.222638792967993,0.38666900530945,0.0561018478932117,0.08992081501701,0.823553056131081,0.0121426718262973,0.0741276679711908,0.340027698300464,0.0557875927692088,0.0667244019103788,0.0217676485312227,0.00837526446761163,0.87306285467893,0.625298268308102,0.952719220354962,0.0375425249302975,0.12632325159046,0.860697280962352,0.00577352437121569,0.00387337710980293,0.0932643433712267,0.240781545185136,0.171532139894688,0.0861716783050686,0.207565509403902,0.60669874992235,0.077032700803543,0.0074178825782075,0.217380500834969,0.464154818152253,0.316312398826294,0.0208943116168426,0.932234171225193,0.029247651308361,0.029700763347621,0.0048380672579048
"pc2001__21__30",1,"Malkangiri",TRUE,137450,2179,64501,54399,79005,8613,6806,109087,2739,7862,50855,8020,11193,1144,864,124196,68220,131640,5145,24604,110704,991,111,172,868,12839,40739,18860,16397,26853,62048,10535,820,3908,448,128850,5901,30555,67183,39013,27774,11239,699,2011,0.0158530374681702,0.469268825027283,0.574790833030193,0.0626627864678065,0.0495161877046199,0.793648599490724,0.0199272462713714,0.0571989814477992,0.369989086940706,0.058348490360131,0.0814332484539833,0.00832302655511095,0.00628592215351037,0.903572208075664,0.496325936704256,0.957730083666788,0.0374317933794107,0.179003273917788,0.805412877409967,0.00720989450709349,0.0063150236449618,0.0934085121862495,0.296391415060022,0.137213532193525,0.119294288832303,0.195365587486359,0.451422335394689,0.0766460531102219,0.00596580574754456,0.222299017824664,0.488781375045471,0.283834121498727,0.0817679156056748,0.937431793379411,0.0429319752637323,0.0284321571480538,0.00325936704256093
"pc2001__22__03",1,"Jashpur",TRUE,190527,2840,74321,69188,92765,7961,45950,128661,2021,17829,65994,8942,20304,6538,1736,173952,85294,182949,6791,76783,105972,7145,247,152,228,27142,85076,12309,20512,35940,100725,15547,2442,5755,567,179774,7347,12910,171093,6430,6356,74,94,2011,0.0149060238181465,0.390081195841009,0.486886373059986,0.0417841040902339,0.241173167057687,0.675290116361461,0.0106074204705895,0.0935772882583571,0.346376104174212,0.0469329806274176,0.106567573099876,0.0343153463813528,0.00911156948883885,0.913004456061346,0.447674082938376,0.960226109685241,0.0356432421651524,0.40300324888336,0.556204632414304,0.0375012465424848,0.00119668078540049,0.142457499462018,0.446529888152335,0.0646050166118188,0.107659281886557,0.188634681698657,0.528665228550284,0.0815999832044802,0.0128170810436316,0.067759425173335,0.897998708844416,0.0337484975882683,0.000388396395261564,0.943561804888546,0.0385614637295501,0.0302056926314906,0.00297595616369334
"pc2001__22__05",1,"Korba",TRUE,277071,4653,111637,94319,125402,59627,63467,144571,5590,71646,70494,51445,70893,6204,19034,200677,148575,229626,45991,202380,65460,7761,571,260,639,77854,124617,23166,95963,90312,162148,55579,8677,18004,4544,232642,29297,95656,164391,16018,14787,1231,1006,2011,0.0167935294563487,0.402918385540168,0.452598792367299,0.215204767009178,0.229064030519253,0.521783225238296,0.0201753341201353,0.258583539959072,0.254425760906049,0.185674430019742,0.255865825005143,0.022391372608465,0.0686971931382209,0.724280058180033,0.536234394794114,0.828762302803253,0.165989944815589,0.730426497179423,0.23625713264831,0.0280108708598157,0.00230626806847342,0.28098934930036,0.449765583550787,0.0836103381443745,0.346348047973263,0.325952553677577,0.585221838445741,0.200594793392307,0.0313168826762815,0.345240028729098,0.593317236376236,0.0578118965896828,0.00444290452627666,0.839647599351791,0.10573824037882,0.0649797344362997,0.0164001284869221
"pc2001__22__10",1,"Durg",TRUE,693001,8837,190540,253337,289512,248578,28645,412665,1896,179501,139609,185016,213420,14038,83474,417083,451169,553983,130559,614109,74864,399,1188,775,1666,228551,394392,89110,343369,315664,489008,177048,28840,51289,16141,582952,74863,316849,334146,40750,35793,4957,1256,2011,0.0127517853509591,0.274949098197549,0.417765630929825,0.358697895096832,0.0413347166887205,0.595475331204428,0.00273592678798443,0.259019828254216,0.201455697755126,0.266977969728759,0.307964923571539,0.0202568250262265,0.120452928639353,0.601850502380227,0.651036578590796,0.799397114867078,0.188396553540327,0.88615889443161,0.108028704143284,0.000575756744939762,0.00240403693501164,0.329798946899067,0.56910740388542,0.128585673036547,0.495481247501807,0.455502950212193,0.705638231402263,0.255480150822293,0.041616101564067,0.457212904454683,0.482172464397598,0.0588022239506148,0.00715294783124411,0.841199363348682,0.108027261143923,0.0740099942135726,0.0232914526818865
"pc2001__22__11",1,"Raipur",TRUE,861067,15653,317352,288169,404786,228246,61257,564507,4245,207630,205131,209673,248812,16080,54218,570850,428183,683735,168142,728556,121085,5982,1461,1206,2777,267090,411000,114738,378113,340237,549069,177517,30572,59523,20261,739497,86940,409406,377818,69775,60246,9529,4068,2011,0.0181786086332422,0.36855668606508,0.470098145672753,0.265073449568965,0.0711408055354577,0.655590099260569,0.00492992995899274,0.241131061810521,0.238228848626181,0.243503699479831,0.288957769836726,0.0186745050036757,0.062966064197095,0.662956541128623,0.497270247262989,0.794055514843793,0.195271680368659,0.846108374841911,0.140622042187193,0.00694719458532263,0.00322506843253777,0.310184921730829,0.477314773414845,0.133250954919884,0.439121462092961,0.395134176550721,0.637661180837264,0.206159334871735,0.035504786503257,0.475463581811868,0.438778863897931,0.0810331832482258,0.0110665023743797,0.858814703153181,0.100967752799724,0.0691270249585688,0.0235301085745941
"pc2001__22__12",1,"Mahasamund",TRUE,256504,5131,116713,84651,121574,32733,18270,204391,745,29289,65170,17755,37963,9931,7066,215578,101934,238610,16885,212487,42291,188,431,226,881,48150,136505,13649,68012,65540,175231,31472,3546,5614,961,241908,7773,83066,160933,12160,11009,1151,345,2011,0.0200035866887066,0.455014346754826,0.473965318279637,0.127612045036335,0.0712269594236347,0.796833577644013,0.00290443813741696,0.114185353834638,0.254070111967065,0.06921919346287,0.14800159061847,0.0387167451579702,0.0275473286966285,0.840446932601441,0.3973973115429,0.930238904656458,0.065827433490316,0.828396438262171,0.164874621838256,0.000732932040046159,0.0034346442940461,0.187716370894801,0.53217493684309,0.0532116458222874,0.265149861210741,0.255512584599071,0.683151139943237,0.122695942363472,0.0138243458191685,0.323839004459969,0.627409319152918,0.0474066681221345,0.00448725945794218,0.943096403954714,0.0303036209961638,0.0218865982596763,0.00374653026853382
"pc2001__22__13",1,"Dhamtari",TRUE,168278,4174,46940,62773,68346,52879,16866,97921,339,37269,30830,20608,41626,8235,6396,135219,108742,152147,15280,148926,17214,1401,245,123,369,50033,92583,14229,67737,55660,119931,30621,3069,4804,1016,156006,6283,69388,90484,8231,7370,861,175,2011,0.0248041930614816,0.278943177361271,0.406149348102545,0.314235966674194,0.100227005312637,0.581900188973009,0.00201452358597083,0.221472800960316,0.183208737921772,0.122464017875183,0.247364480205374,0.0489368782609729,0.03800853349814,0.803545323809411,0.646204494942892,0.904140767064025,0.0908021250549686,0.884999821723576,0.102295011825669,0.0083255089791892,0.00219280000950808,0.297323476627961,0.550178870678282,0.0845565076837139,0.402530336704739,0.330762191136096,0.712695658374832,0.181966745504463,0.0182376781278599,0.412341482546738,0.537705463578127,0.048913108071168,0.00511653335551884,0.927073057678366,0.0373370256361497,0.0285479979557637,0.00603762821046126
"pc2001__23__01",1,"Sheopur",TRUE,144748,3430,97623,29136,97208,20123,10768,112074,1617,20137,48714,14502,15326,1698,2538,105230,17574,132252,11930,74770,67260,1643,187,346,542,18710,60016,12553,29266,57366,32178,17878,1634,5393,273,138428,5214,91824,35419,16271,9912,6359,1234,2011,0.0236963550446293,0.674434189073424,0.671567137369774,0.139020919114599,0.0743913560118274,0.774269765385359,0.0111711388067538,0.139117638931108,0.336543510100312,0.10018791278636,0.105880564843728,0.0117307320308398,0.0175339210213613,0.726987592229254,0.121411003951695,0.913670655207671,0.0824191007820488,0.51655290573963,0.46466963274104,0.0113507613231271,0.00374443861055075,0.129259126205543,0.414624036256114,0.0867231326166855,0.202185867853096,0.396316356702683,0.222303589686904,0.123511205681598,0.0112885842982286,0.63437145936386,0.244694227208666,0.112409152458065,0.0439315223699118,0.956337911404648,0.0360212230911653,0.0372578550308122,0.00188603642191947
"pc2001__23__02",1,"Morena",TRUE,362309,13129,163602,104702,216784,47948,31794,280588,955,72770,76634,75643,68273,5948,13985,178461,98208,314954,45765,131486,227377,774,1007,566,1099,75574,128607,38502,89156,195957,172169,48525,5829,20172,1781,346829,12915,292392,33620,32345,25441,6904,3952,2011,0.0362370241975772,0.451553784200779,0.598340090916869,0.13234007435642,0.0877538233938434,0.774443913896701,0.00263587159027239,0.200850655103793,0.211515584763282,0.208780350474319,0.188438597992321,0.016416925883707,0.0385996483664496,0.492565738085446,0.271061442028765,0.869296650097017,0.126314830710802,0.362911216668645,0.627577565006666,0.00213629802185427,0.00303332238503598,0.208589905301828,0.354964960848337,0.106268406249914,0.246077243457932,0.540856009649222,0.475199346414249,0.133932637610437,0.0160884769630343,0.807023838767461,0.0927937202774427,0.0892746246988068,0.019055557548943,0.957274039562915,0.0356463681553591,0.0556762321664656,0.00491569351023574
"pc2001__23__03",1,"Bhind",TRUE,298256,6779,88495,99160,153312,39417,31934,225700,193,51290,77185,75056,59197,7572,8554,133600,93482,264529,32910,107819,187797,584,1161,421,474,68734,102502,44068,75539,177168,165675,46137,4463,14368,1166,288622,7464,215708,39449,40560,36048,4512,2539,2011,0.0227287967383724,0.29670819698514,0.514028217370313,0.132158280135186,0.107069095005633,0.756732471433936,0.000647095112923126,0.171966364465426,0.258787752802961,0.251649589614291,0.198477147148758,0.02538758650287,0.0286800600826136,0.447937342417252,0.313428732364144,0.886919290810579,0.110341451638861,0.361498176063516,0.629650367469556,0.00195804946086583,0.00158923877474384,0.230453033635535,0.343671208626147,0.147752266509307,0.253269003808809,0.594013196716914,0.555479185666005,0.15468926023282,0.0149636553832949,0.723231049836382,0.132265570516603,0.135990558446435,0.0151279437798401,0.967698889544552,0.0250254814655866,0.0481733812563704,0.00390939327289309
"pc2001__23__04",1,"Gwalior",TRUE,369505,5890,107669,116584,173393,163561,15111,181937,4086,177949,61468,203512,211270,8095,124463,77060,201725,190780,166460,306859,58583,1481,936,520,1126,221052,203748,55302,232840,253163,194763,126189,21313,46454,15779,316586,45158,286191,41862,36591,33363,3228,4861,2011,0.0159402443809962,0.291387126019946,0.469257520195938,0.442648949269969,0.0408952517557273,0.492380346680018,0.0110580371036928,0.481587529262121,0.166352282107143,0.550769272404974,0.571764928756038,0.0219076873114031,0.336837119930718,0.20854927538193,0.545933072624186,0.516312363838108,0.450494580587543,0.830459669016657,0.158544539316112,0.00400806484350685,0.00304732006332797,0.598238183515785,0.551407964709544,0.1496650924886,0.630140322864373,0.685140931787121,0.527091649639382,0.341508233988715,0.0576798690139511,0.774525378546975,0.113292107008024,0.0990270767648611,0.00873601169131676,0.856784075993559,0.122212148685403,0.125719543713887,0.0427030757364582
"pc2001__23__07",2,"Ashoknagar;Guna",TRUE,412137,4709,182802,136705,235649,63772,78863,264403,2798,81079,132614,75836,68936,3722,20192,231874,142819,357101,51681,228968,179145,834,1519,605,1066,74130,134016,57369,123540,202146,120208,67206,8341,17756,3101,386841,18962,138985,220061,49886,42556,7330,3205,2011,0.0114258122905733,0.443546684718916,0.57177346367834,0.15473495463887,0.191351419552236,0.641541526240061,0.00678900462710215,0.196728272394859,0.321771643895113,0.184006774446361,0.167264768754079,0.009030977563286,0.048993417237472,0.562613888100316,0.346532827676234,0.866461880394141,0.125397622635192,0.555562834688465,0.434673421702007,0.00202359894889321,0.00258651856057573,0.179867374198385,0.325173425341573,0.13919885863196,0.299754693220944,0.490482533720583,0.291670002935917,0.163067135442826,0.0202384158665686,0.337230095817653,0.533951089079602,0.121042274777562,0.0177853480760039,0.938622351305513,0.0460089727445,0.0430827613148055,0.00752419705098062
"pc2001__23__09",1,"Chhatarpur",TRUE,370885,3620,132878,129553,187131,25858,143055,199315,1217,47529,137637,57401,53393,2592,20530,268301,122261,333007,36726,176056,192108,820,1160,295,446,56851,156073,65630,82967,180063,197839,48339,6206,15567,1880,354948,12483,165237,179153,24720,22681,2039,1775,2011,0.00976043787157744,0.358272779972229,0.504552624128773,0.0697197244428866,0.385712552408428,0.537403777451231,0.00328134057726789,0.128150235248123,0.371104250643731,0.154767650349839,0.143961066098656,0.0069886892163339,0.0553540854982002,0.723407525243674,0.329646655971528,0.897871307817787,0.0990226080860644,0.474691615999569,0.517971878075414,0.00221092791566119,0.00120252908583523,0.153284710894213,0.420812381196328,0.176955120859566,0.223700068754466,0.485495503997196,0.533424107203041,0.130334200628227,0.0167329495665772,0.445520848780619,0.483041913261523,0.0666513878965178,0.00549766100004044,0.957029807083058,0.0336573331356081,0.0419725791013387,0.00506895668468663
"pc2001__23__10",1,"Panna",TRUE,233654,4496,110328,77289,122571,20499,71547,132218,7322,25909,88998,19332,21510,1634,11152,188886,81762,219639,13438,76097,156291,669,369,80,148,23811,104073,42939,30800,82991,96258,18488,2219,8501,653,226597,5039,56856,147581,28467,26593,1874,750,2011,0.0192421272479821,0.4721853681084,0.524583358299023,0.0877322879128968,0.306209181096835,0.56587090313027,0.031336934099138,0.110886182132555,0.380896539327381,0.0827377233002645,0.092059198644149,0.00699324642419989,0.0477286928535356,0.808400455374186,0.349927670829517,0.940018146490109,0.0575123901152987,0.325682419303757,0.668899312658889,0.00286320799130338,0.000633415220796562,0.101907093394506,0.445415015364599,0.183771730849889,0.131818843246852,0.355187585061672,0.411968123806997,0.0791255446086949,0.00949694847937549,0.243334160767631,0.631621970948496,0.12183399385416,0.00802040624170782,0.969797221532694,0.0215660763350938,0.0363828567026458,0.00279473067013618
"pc2001__23__11",1,"Sagar",TRUE,509355,13649,244893,157330,277961,108648,156339,240463,2009,107537,160286,108652,115619,10953,38707,337091,153802,435568,69586,366494,139587,646,921,556,1151,127876,196816,81461,160622,213013,174324,71201,11291,24811,4546,466797,29071,234256,234068,36944,30400,6544,4087,2011,0.0267966349599003,0.480790411402656,0.545711733466836,0.213305062284654,0.306935241629119,0.47209313739926,0.00394420394420394,0.211123872348362,0.3146842575414,0.213312915353732,0.22699099841957,0.0215036664016256,0.0759921861962678,0.66179972710585,0.301954432566677,0.855136397993541,0.136615916207753,0.719525674627715,0.274046588332303,0.00126827065602576,0.00225972062706757,0.25105476534048,0.386402410892207,0.159929715031756,0.315343915343915,0.418201450854512,0.342244603469093,0.139786592847817,0.0221672507386793,0.459907137458158,0.459538043211513,0.0725309460003338,0.0128476210108863,0.916447271549312,0.0570741427884285,0.0487106242208283,0.00892501300664566
"pc2001__23__12",1,"Damoh",TRUE,301115,8092,158765,92354,162414,37933,93950,153855,11824,36196,133080,36407,40026,2795,13534,235891,64450,276140,23500,187731,111888,434,409,226,427,43355,91702,45871,66044,104780,116361,28333,3031,10504,1432,283661,10655,165317,116153,17810,14515,3295,1835,2011,0.0268734536638826,0.527257028045763,0.539375321720937,0.125975125782508,0.312007040499477,0.510950965577935,0.0392673895355595,0.120206565597861,0.441957391694203,0.120907294555236,0.132925958520831,0.00928216794248045,0.0449462829815851,0.783391727413115,0.214037826079737,0.917058266775152,0.0780432725038606,0.62345283363499,0.371578964847317,0.00144130979858194,0.00141806286634674,0.143981535293825,0.304541454261661,0.152337146937217,0.219331484648722,0.347973365657639,0.386433754545606,0.0940936187171014,0.0100659216578384,0.549016156617903,0.385742988559188,0.0591468375869684,0.0109426631021371,0.942035434966707,0.0353851518522824,0.0348836823140661,0.00475565813725653
"pc2001__23__15",1,"Umaria",TRUE,144429,2096,74772,43106,80441,17731,54825,68755,2166,29250,42395,15039,18017,1087,6554,120903,62223,130986,12955,67975,75419,195,277,180,383,19781,89029,26128,22502,39260,66004,14918,1873,6360,839,134416,4877,31884,80330,31564,29861,1703,651,2011,0.0145123209327767,0.517707662588538,0.556958782515977,0.122766203463293,0.379598280123798,0.476047054261956,0.0149969881395011,0.202521654238415,0.29353523184402,0.10412728745612,0.124746415193625,0.00752618933870622,0.0453786981838827,0.837110275637164,0.430820680057329,0.906923124857196,0.0896980523302107,0.470646476815598,0.52218737234212,0.00135014436158943,0.00265182200250642,0.13696002880308,0.616420524963823,0.180905496818506,0.155799735510181,0.271829064800006,0.456999633037686,0.103289505570211,0.0129683096884975,0.22075898884573,0.556190238802457,0.218543367329276,0.011791260757881,0.930671817986692,0.0337674566742136,0.0440354776395322,0.00580908266345402
"pc2001__23__16",2,"Anuppur;Shahdol",TRUE,417602,5828,158546,144688,176852,56096,160777,189366,6230,122249,118918,55228,66734,5588,22693,324005,241366,366479,49012,194522,221031,639,561,249,600,73418,272406,80835,86752,129285,217290,58902,6714,18083,3023,378614,26113,100772,253766,61747,59170,2577,1317,2011,0.0139558718588513,0.379658143399696,0.423494140353734,0.134328858578264,0.385000550763646,0.453460471932606,0.0149185109266718,0.292740456223869,0.28476396185842,0.132250324471626,0.159802874507306,0.0133811619676151,0.0543412148409251,0.775870326291541,0.577980948367106,0.877579609293059,0.11736533828861,0.465807156095996,0.529286258207576,0.00153016508541626,0.00143677472809038,0.175808544978233,0.652310094300315,0.193569475241977,0.207738468685495,0.309589034535275,0.520327967777932,0.141048175056633,0.0160775092073314,0.241311104831873,0.60767429274764,0.147860881892328,0.00617094745714819,0.906638378168687,0.0625308307910403,0.0433019956800973,0.00723895000502871
"pc2001__23__18",1,"Neemuch",TRUE,175666,3963,93185,48209,100890,74329,47079,50773,1690,50706,51390,47186,43264,2589,13032,80414,59560,138439,34894,145258,29266,152,244,170,576,46190,74213,16426,73279,105328,84293,47549,4498,8342,1945,157683,14613,118332,47839,8715,7685,1030,780,2011,0.0225598579121742,0.530466908792823,0.574328555326586,0.423126842986121,0.268002914622067,0.289031457424886,0.00962052986918356,0.288650051802853,0.292543804720322,0.268612025093074,0.246285564651099,0.0147381963498913,0.0741862397959765,0.457766443136407,0.339052520123416,0.788080789680416,0.198638325003131,0.826898773809388,0.166600252752382,0.000865278426104084,0.00327894982523653,0.262942174353603,0.422466498924095,0.0935069962314847,0.417149590700534,0.599592408320335,0.479848120865734,0.27067844659752,0.0256054102672116,0.673619254722029,0.272329306752587,0.0496111939703756,0.00586339986110004,0.897629592522173,0.0831862739517038,0.047487846253686,0.0110721482813977
"pc2001__23__19",1,"Mandsaur",TRUE,284411,9367,138591,87559,162563,100429,102922,75760,2118,69544,94307,67048,63473,4387,19076,124998,101984,232119,48539,239885,42711,277,495,259,784,68287,110811,33459,109904,166980,123272,62695,5435,12507,2324,261639,18028,131521,133284,17817,14845,2972,1789,2011,0.03293473177901,0.487291279169934,0.571577751915362,0.353112221397907,0.361877705152051,0.266375069881263,0.00744696935069319,0.244519375129654,0.331587034256762,0.235743343260282,0.223173505947379,0.0154248605011761,0.0670719486939675,0.439497769073629,0.358579661124218,0.816139319505926,0.170664988344333,0.843444873791801,0.150173516495494,0.000973942639349392,0.00275657411281561,0.240099714849285,0.389615732162258,0.117643129133543,0.38642668532511,0.587108093568814,0.433429086779344,0.220438028065019,0.0191096687540215,0.462432887616864,0.46863166333229,0.0626452563367802,0.010449666152153,0.919932773345616,0.0633871404411222,0.0439750923839092,0.00817127326298912
"pc2001__23__20",1,"Ratlam",TRUE,293116,9746,134974,87799,164749,92722,41903,150946,5622,62856,101787,91362,89903,4503,30229,147235,124272,218862,68654,213825,76595,336,686,375,1299,96263,134890,26769,107463,146318,106605,67819,5757,14905,3644,265828,21958,128478,147613,15194,11154,4040,1831,2011,0.0332496349568089,0.460479810041076,0.562060754104177,0.31633210060181,0.142957054544958,0.514970182453363,0.0191801198160455,0.21444069924535,0.347258423286344,0.311692299294477,0.30671474774492,0.0153625185933214,0.103129818911284,0.502309665797841,0.423968667694701,0.746673671856876,0.234221263936462,0.729489348926705,0.261312927305231,0.00114630385239973,0.00443169257222397,0.328412642093915,0.460193234077976,0.0913256185264537,0.366622770507239,0.499181211534,0.36369560174129,0.231372562398504,0.0196406883281704,0.438317935561348,0.503599257631791,0.0518361331350046,0.0137829391776635,0.906903751415822,0.0749123214017659,0.0508501753571965,0.0124319382087638
"pc2001__23__21",1,"Ujjain",TRUE,384278,12995,145212,129493,205073,129402,45440,204927,2250,111850,112781,161997,157494,5279,49640,163883,196262,250955,124452,323379,58422,388,569,614,906,165304,184415,45472,181659,248508,163671,107407,12167,27733,7501,338261,36739,198401,162906,21076,17076,4000,1895,2011,0.0338166639776412,0.377882678685743,0.533657924731575,0.336740588844534,0.118247726906042,0.533277991454104,0.00585513612540921,0.291065322500898,0.293488047715456,0.421561994181296,0.40984391508231,0.0137374504915712,0.129177314340139,0.42646989939575,0.510729211664472,0.653055860600919,0.323859289368634,0.841523584488313,0.152030561208292,0.00100968569629279,0.00235766814649811,0.430167743144286,0.479899968252151,0.118330999953159,0.472728077069205,0.646688074779196,0.4259182154586,0.279503380365256,0.0316619738834906,0.516295494407694,0.423927469175961,0.0548457106573887,0.0104091308896164,0.880250755963131,0.095605264938404,0.0721691067404327,0.0195197227007531
"pc2001__23__23",1,"Dewas",TRUE,304742,9457,109244,108928,159069,64926,41278,191227,3132,69986,83175,106779,106623,4755,29444,170361,153116,237165,63190,270457,32576,358,403,323,625,112895,143806,35470,124826,168269,117794,77281,9017,16523,3518,278354,18785,148037,130076,22781,10225,12556,3848,2011,0.0310328080802777,0.358480288243826,0.521979248019636,0.213052352481771,0.135452284227314,0.627504577642727,0.0102775462522396,0.229656561944202,0.272935794869102,0.350391478693452,0.349879570259433,0.0156033628446358,0.0966194354568783,0.559033543128286,0.502444690918876,0.778248485604216,0.207355730421143,0.887494995766911,0.106896981709118,0.00117476422678856,0.00205091520039903,0.370460914478477,0.471894258093732,0.116393539453046,0.409612065288014,0.55216871976951,0.386536808185285,0.253594844163259,0.0295889637791968,0.485778133634353,0.426839752971366,0.0747550386884643,0.0412020660099363,0.913408719506993,0.0616423072631931,0.054219634969909,0.011544191480006
"pc2001__23__24",2,"Alirajpur;Jhabua",TRUE,339368,24975,162242,113645,242232,29542,42144,254420,10924,34479,128741,35014,35326,2447,8771,296264,79304,310574,26115,206417,127953,2857,607,348,1186,38152,135703,18086,33732,93569,59097,29964,3389,10717,1041,324332,11464,127116,179713,31789,22322,9467,750,2011,0.0735926781546875,0.478071002569482,0.71377383842908,0.087050045967799,0.124183776902949,0.749687654699323,0.0321892458923646,0.101597675679498,0.379355154286792,0.103174135451781,0.104093491431131,0.0072104617995804,0.0258451003040947,0.872987435468282,0.23368143136654,0.915154051059617,0.0769518634638505,0.608239433299545,0.377033191108178,0.00841858984936706,0.00349473138304142,0.112420735013319,0.399869757902925,0.0532931802644916,0.0993965253058627,0.275715447537776,0.174138398434738,0.0882935338629452,0.00998620966030975,0.374566841894345,0.529551990759294,0.0936711770113859,0.027895971334952,0.955694113764409,0.0337804389335471,0.0315792885599114,0.00306746658494613
"pc2001__23__25",1,"Dhar",TRUE,419813,17788,193089,136318,254611,122739,58933,219663,12600,89435,158954,116682,112056,12831,33618,263705,179902,332689,79014,349639,67015,874,713,282,1290,126246,179333,31650,123750,183741,114497,85477,8080,18626,2388,378227,33109,192634,187079,37258,26591,10667,2842,2011,0.0423712462453521,0.459940497316662,0.606486697648715,0.292365886716228,0.140379168820403,0.523240109286754,0.030013363092615,0.21303532763397,0.378630485478058,0.277938034315278,0.26691884243699,0.0305636080826463,0.0800785111466296,0.628148723360163,0.428528892626003,0.792469504279286,0.188212370746023,0.832844623677685,0.159630597432666,0.00208187931293219,0.00307279669757725,0.30071960611034,0.427173527260947,0.0753907096731164,0.294774101802469,0.437673440317475,0.272733336032948,0.203607320402179,0.0192466645863754,0.458856681427207,0.445624599524074,0.0887490382622739,0.0254089320721369,0.900941609716707,0.0788660665582057,0.0443673730923054,0.00568824690993371
"pc2001__23__26",1,"Indore",TRUE,615334,8878,177420,192921,269641,291070,14642,291978,5280,302125,111910,474404,461285,11302,319319,134454,453565,169123,418725,593576,18176,821,544,699,1518,480633,380531,199866,464337,479762,318881,286973,64865,111478,48691,457287,134832,481352,113187,17656,9719,7937,3139,2011,0.0144279366977934,0.288331215242454,0.438202667169375,0.473027656524749,0.0237952071557886,0.474503277894607,0.00858070576304901,0.490993509216133,0.181868708701291,0.770969912275285,0.749649783694709,0.0183672607071932,0.518936057490729,0.218505722095642,0.737103751783584,0.274847481205329,0.680484094816799,0.964640341668102,0.0295384295358293,0.00133423474080743,0.00246695290687659,0.781092869888548,0.618413739530076,0.324808965537415,0.754609691647138,0.779677378464379,0.518224248944476,0.46636948389005,0.105414295325791,0.782261340995297,0.183944004394361,0.0286933600288624,0.0128986859169167,0.743152499293067,0.219120022621861,0.181166650957041,0.079129383391784
"pc2001__23__28",1,"Barwani",TRUE,243061,10562,109779,82927,162119,70117,26443,130983,9243,48225,67109,44201,39883,5093,11499,167610,90205,210007,30821,181139,59132,920,762,186,922,45979,93187,18097,48847,70169,51163,31152,3102,8516,1158,224957,12865,70197,135173,36966,16237,20729,725,2011,0.0434541123421692,0.451652054422552,0.666988945161914,0.288474909590597,0.108791620210564,0.538889414591399,0.0380274910413435,0.198406984254981,0.276099415373096,0.181851469384229,0.164086381607909,0.0209535877824908,0.0473091117044692,0.689579981979832,0.371120829750556,0.864009446188405,0.126803559600265,0.745240906603692,0.243280493374091,0.00378505807184205,0.00379328645895475,0.189166505527419,0.383389354935592,0.0744545607892669,0.200966012647031,0.288688847655527,0.210494484923538,0.128165357667417,0.0127622284117979,0.288804045075105,0.556127885592506,0.152085279004036,0.0852831182295802,0.925516639855839,0.0529291001024434,0.035036472325877,0.00476423613825336
"pc2001__23__30",1,"Rajgarh",TRUE,341848,15305,202659,88431,207264,44489,120572,172927,2228,35811,156011,50071,47783,5222,10145,180164,108438,307976,31208,231130,108167,717,1328,187,319,54463,123791,32273,76942,150010,85879,46026,4185,12718,1611,324899,11977,141005,176847,22326,17726,4600,1670,2011,0.0447713603706911,0.592833657063958,0.606304556411037,0.130142636493412,0.352706466031687,0.505859329292551,0.0065175165570663,0.104757085020243,0.456375348107931,0.146471531206852,0.139778498045915,0.0152757950902155,0.0296769324378086,0.527029556996092,0.317211158175563,0.900915026561513,0.091292036226627,0.676119210877349,0.316418408181414,0.00209742341625518,0.000933163277246027,0.159319346610189,0.362122931829351,0.0944074559453324,0.225076642250357,0.438820762444127,0.251219840396902,0.134638786829234,0.0122422831199831,0.412478645479862,0.517326414078772,0.0653097283002972,0.0134562729634223,0.950419484683251,0.0350360394093281,0.0372036694671316,0.004712620813929
"pc2001__23__31",1,"Vidisha",TRUE,297419,3899,120135,105251,158919,47389,39154,208963,987,80188,69081,74896,68321,4249,17092,136905,116463,252368,42020,181510,113529,332,1043,337,668,73505,111331,31152,96565,150643,70884,55126,5682,12888,1926,275519,15915,88071,183190,24410,21125,3285,1748,2011,0.0131094516490204,0.40392510229676,0.534326993231771,0.159334138034221,0.131645927126377,0.70258793150404,0.00331855059696926,0.269612903008886,0.232268281448058,0.25181982321237,0.229712963865792,0.0142862426408535,0.0574677475211738,0.460310202105447,0.391578883662443,0.848526825791224,0.141282164219502,0.61028380836463,0.381714012890905,0.00111627031225308,0.00224598966441283,0.247142919584828,0.374323765462193,0.104741122793097,0.324676634646744,0.506500929664884,0.238330436185987,0.185347943473685,0.0191043611874157,0.296117598404944,0.615932405125429,0.082072766030415,0.0110450240233475,0.926366506511016,0.053510367528638,0.0433328065792703,0.00647571271505855
"pc2001__23__32",1,"Bhopal",TRUE,487750,5750,170474,151023,227115,290507,14459,159967,10364,237019,81968,345636,341458,5810,235491,96542,329539,143522,282775,452912,31691,583,1017,674,873,352351,301988,128211,339750,353909,159808,213130,60383,94729,40788,357177,107036,361878,98680,24056,16792,7264,3136,2011,0.0117888262429523,0.349511019989749,0.465638134290108,0.595606355715018,0.0296442849820605,0.327969246540236,0.0212485904664275,0.485943618657099,0.168053305996925,0.708633521271143,0.700067657611481,0.0119118400820092,0.48281086622245,0.197933367503844,0.675630958482829,0.294253203485392,0.579753972321886,0.928574064582266,0.0649738595592004,0.00119528446950282,0.00178985135827781,0.72240082009226,0.619145053818555,0.262862121988724,0.696565863659662,0.725595079446438,0.327643259866735,0.436965658636597,0.123799077396207,0.741933367503844,0.202316760635571,0.0493203485392107,0.014892875448488,0.732295233213737,0.219448487954895,0.194216299333675,0.0836248077908765
"pc2001__23__33",1,"Sehore",TRUE,251586,4249,101542,92773,144387,42540,48470,157489,2073,55011,55177,67978,73571,5911,7899,163666,117721,216851,32462,212138,38312,199,345,167,425,80229,131887,24647,100011,141356,82644,60435,6041,11166,1566,235670,11139,134540,100157,15138,7260,7878,1751,2011,0.0168888570906171,0.403607513931618,0.573907133147313,0.169087310104696,0.192657779049709,0.625984752728689,0.00823972717082827,0.218656841000692,0.219316655139793,0.270197864746051,0.292428831493008,0.0234949480495735,0.03139681858291,0.650536993314413,0.467915543790195,0.861935878784988,0.129029437250085,0.843202721932063,0.152281923477459,0.00079098201012775,0.00168928318745876,0.318892943168539,0.524222333516173,0.0979665005206967,0.397522119672796,0.561859562932755,0.328492046457275,0.240216069256636,0.0240116699657374,0.534767435389887,0.398102438132488,0.0601702797452958,0.0313133481195297,0.936737338325662,0.0442751186473015,0.0443824378145048,0.00622451169778923
"pc2001__23__34",1,"Raisen",TRUE,274210,12349,149323,76438,170755,55642,30042,185407,1860,70591,87256,64859,76370,5251,14259,191713,108249,235209,35538,194373,76614,1731,692,242,558,82664,96515,30270,87258,133315,64233,48130,6017,9931,1141,248660,17923,103263,149744,20361,13854,6507,842,2011,0.0450348273221254,0.544557091280406,0.622716166441778,0.202917472010503,0.10955836767441,0.676149666314139,0.00678312242441924,0.257434083366763,0.318208672185551,0.236530396411509,0.278509171802633,0.0191495569089384,0.052000291747201,0.699146639436928,0.39476678458116,0.85776959264797,0.129601400386565,0.70884723387185,0.279399000765836,0.00631268006272565,0.00203493672732577,0.301462382845265,0.351974763867109,0.110389847197403,0.318215965865577,0.486178476350243,0.234247474563291,0.175522409831881,0.0219430363589949,0.376583640275701,0.546092410925933,0.0742533095073119,0.023729987965428,0.906823237664564,0.0653623135553043,0.0362167681703804,0.00416104445497976
"pc2001__23__35",1,"Betul",TRUE,327074,7848,81910,113894,134104,88762,64474,170964,1789,68321,96819,75563,71170,9059,10312,230163,221024,277304,46945,230974,88951,5602,656,241,650,81190,202719,40590,94586,121106,114524,59230,5740,13755,2109,284681,23266,104086,203642,18397,11732,6665,949,2011,0.0239945700361386,0.250432623809902,0.410011190128228,0.271382011410262,0.197123586711264,0.522707399548726,0.00546971021848267,0.208885450998857,0.296015580571981,0.231027229312021,0.217596018026502,0.0276970960700025,0.0315280334113993,0.703703137516281,0.675761448479549,0.84783260057357,0.143530210288803,0.706182698716498,0.27195986229416,0.0171276224952151,0.00198731785467509,0.248231287109339,0.619795520279814,0.124100356494249,0.289188379388151,0.370270947858894,0.350147061521246,0.181090517742162,0.0175495453628231,0.318233794187248,0.622617511633453,0.0562472101114732,0.02037765154063,0.870387129518091,0.0711337495490317,0.042054703217009,0.00644808208539963
"pc2001__23__36",1,"Harda",TRUE,110981,2294,40979,39641,60042,21860,21900,65843,994,38378,26483,41823,47999,3451,7621,65935,58662,84970,24987,95066,15290,156,209,27,233,51766,50040,6664,45661,63615,29025,30952,3556,5376,986,99039,7072,56144,41527,12456,5189,7267,854,2011,0.0206702048098323,0.369243384002667,0.541011524495184,0.196970652634235,0.19733107468846,0.593281732909237,0.00895648804750363,0.345806939926654,0.238626431551347,0.376848289346825,0.432497454519242,0.0310954127283048,0.068669411881313,0.594110703633955,0.528576963624404,0.765626548688514,0.225146646723313,0.85659707517503,0.137771330227697,0.00140564601147944,0.00209945846586353,0.466440201475928,0.450887989836098,0.060046314233968,0.411430785449762,0.573206224488876,0.261531253097377,0.27889458555969,0.0320415206206468,0.505888395310909,0.374181166145556,0.11223542768582,0.0654796767014174,0.892395995710978,0.0637226191870681,0.0484407240879069,0.00888440363665853
"pc2001__23__38",1,"Katni",TRUE,289026,4222,146300,87212,159956,50054,45111,192309,1067,55142,81858,46185,52657,2956,20414,211896,97265,248228,38786,172416,115231,356,343,151,529,56180,145653,35724,76207,100862,133962,35359,3958,13094,2179,268593,16045,95736,161078,31062,29566,1496,1150,2011,0.0146076823538367,0.506182834762271,0.553431179201871,0.173181651477722,0.15607938386166,0.665369205538602,0.00369170939638648,0.190785604063302,0.283220194722966,0.159795312532437,0.182187761654661,0.0102274535854906,0.0706303239154955,0.733138195179672,0.336526817656543,0.858843149059254,0.134195539501637,0.596541487617031,0.398687315328033,0.001231723097576,0.00183028516465647,0.194376976465785,0.503944281829316,0.123601336903946,0.263668320497118,0.348972064796939,0.463494633700774,0.122338474739297,0.0136942697196792,0.331236636150381,0.55731318289704,0.107471300159847,0.00517600492689239,0.929303938054016,0.0555140367994575,0.0453038826956744,0.00753911412814072
"pc2001__23__39",1,"Jabalpur",TRUE,515029,9749,200010,158136,245569,229977,27956,251028,2970,187442,114859,229432,266184,15989,101707,204388,273600,307692,193596,452023,59941,526,754,525,1260,286802,296870,96985,285248,274726,271469,154678,26487,58601,20443,434882,64448,278203,186431,47237,40951,6286,3158,2011,0.0189290311807685,0.388347063951739,0.476806160429801,0.446532137025294,0.0542804385772452,0.487405563570207,0.005766665566405,0.36394455457848,0.223014626360846,0.445473944185667,0.516833032703013,0.0310448537849325,0.197478200256685,0.396847556157032,0.531232221874885,0.597426552679558,0.375893396294189,0.877665141186225,0.116383737614775,0.00102130171310742,0.00244646417968697,0.556865729890938,0.57641414366958,0.188309784497572,0.553848424069324,0.5334185065307,0.527094590790033,0.300328719353667,0.0514281720058482,0.540169582683694,0.361981558320017,0.0917171654411693,0.012205137963105,0.844383520151292,0.125134701152751,0.11378194237606,0.0396929104963022
"pc2001__23__41",1,"Dindori",TRUE,168999,5353,83791,55123,86634,11475,55827,92203,4661,10050,87072,6386,8935,679,2591,152003,82170,163839,4691,62372,102671,3550,209,45,152,9945,116775,25563,13765,25956,26743,7979,1291,6447,554,162879,4301,29445,114765,24296,22140,2156,493,2011,0.0316747436375363,0.495807667500991,0.512630252250013,0.0678998100580477,0.330339232776525,0.545583109959231,0.0275800448523364,0.0594678075018195,0.515221983562033,0.0377872058414547,0.0528701353262445,0.00401777525310801,0.0153314516653945,0.899431357581998,0.486215894768608,0.96946727495429,0.0277575606956254,0.369067272587412,0.607524304877544,0.0210060414558666,0.000899413605997669,0.058846502050308,0.690980420002485,0.151261250066568,0.0814501860957757,0.153586707613655,0.158243539902603,0.0472132971201013,0.00763909845620388,0.174231800188167,0.679086858502121,0.143764164284996,0.0127574719377038,0.963786767969041,0.0254498547328682,0.038148154722809,0.00327812590607045
"pc2001__23__42",1,"Mandla",TRUE,249187,5481,91070,91418,108650,33609,81610,125323,6063,30628,118527,23330,28967,3836,4473,214657,167309,229042,18840,143803,103177,1489,389,153,176,33217,193207,30273,40591,51683,80798,19880,2246,9042,912,232935,8554,43061,175769,30011,27774,2237,346,2011,0.0219955294618098,0.365468503573621,0.436017930309366,0.134874612239001,0.327505046410928,0.502927520296003,0.0243311248179078,0.122911708877269,0.475654829505552,0.0936244667659228,0.116246032096377,0.0153940614879588,0.0179503746182586,0.86142936830573,0.671419456071143,0.919157098885576,0.0756058702901837,0.577088692427775,0.414054505251077,0.00597543210520613,0.000706296877445453,0.133301496466509,0.775349436367066,0.121487075971058,0.162893730411298,0.207406485892121,0.324246449453623,0.0797794427478159,0.00901331128830958,0.172805964998174,0.705369862793805,0.12043565675577,0.0089771938343493,0.934779904248616,0.034327633464025,0.0362860020787601,0.00365990200130825
"pc2001__23__44",1,"Seoni",TRUE,313274,7395,116764,98323,139277,65941,90924,153343,1613,61065,109496,44408,51792,16059,7816,257659,153531,280468,30826,228695,83165,238,668,118,390,68267,168044,28048,66919,84804,140883,37873,4048,10417,1182,284384,14621,70571,221832,20379,18251,2128,492,2011,0.0236055338138499,0.372721643034532,0.444585251249705,0.210489858717927,0.290237938673494,0.489485242950261,0.00514884733492087,0.19492520924175,0.349521505136079,0.141754502448336,0.165324923230144,0.0512618346878451,0.024949405312921,0.822471702088268,0.490085356588801,0.895280170074759,0.0983994841576384,0.730015896627234,0.265470482708428,0.000759718329641145,0.00124491659058843,0.21791466894795,0.536412214227801,0.0895318475200623,0.213611726475865,0.270702324482721,0.449711753927871,0.120894169321425,0.0129215957915435,0.225269253113888,0.708108556726699,0.0650516799989785,0.006792775653262,0.907780409481796,0.0466716037717781,0.0332520413439992,0.00377305489762955
"pc2001__23__45",1,"Balaghat",TRUE,394310,7484,152302,131872,184795,38273,136841,216480,1571,87044,119056,62442,60778,12359,9108,305819,194579,359724,32321,277927,114322,643,781,236,401,73522,151803,53640,82475,100910,252422,46168,4045,13306,1712,366925,16421,54454,312525,27001,24208,2793,330,2011,0.0189799903629124,0.386249397682027,0.468654104638482,0.0970632243666151,0.347039131647688,0.549009662448327,0.00398417488777865,0.220750171185108,0.301935025741168,0.1583576373919,0.154137607466207,0.0313433592858411,0.0230985772615455,0.775580127310999,0.493467069057341,0.912287286652634,0.0819685019400979,0.704843904542112,0.289929243488626,0.00163069665998833,0.00101696634627577,0.1864573558875,0.384983895919454,0.136035099287363,0.209162841419188,0.255915396515432,0.640161294413025,0.117085541832568,0.0102584261114352,0.138099464888032,0.792587050797596,0.0684765793411275,0.00708325936445944,0.930549567599097,0.0416448986837767,0.0337450229514849,0.0043417615581649
"pc2001__24__01",1,"Kachchh",TRUE,444761,9420,177137,168849,229025,367140,16970,25411,6039,313045,53492,285520,252002,27402,189826,239047,254041,248777,142291,403294,33451,387,1253,1575,4801,280257,254320,68552,250397,339331,83904,140540,28788,31961,9631,328271,83137,412914,16846,13441,6880,6561,1560,2011,0.021179914605822,0.398274578931156,0.51493948435227,0.825477053968311,0.0381553238705732,0.0571340562684228,0.0135780790132228,0.703849932885302,0.120271336740407,0.641962762022749,0.566600938481566,0.0616106178374453,0.426804508488829,0.537472934902116,0.571185423182338,0.559349853067153,0.31992688207824,0.906765656161399,0.0752111808364492,0.00087013024972963,0.0107945615735193,0.630129440306142,0.571812726385632,0.154132219326785,0.562992258763696,0.762951337909574,0.188649634297971,0.315989936167964,0.0647268982667095,0.928395250482844,0.0378765224468872,0.0302207252884133,0.0147517430709977,0.738084049635647,0.186925112588559,0.0718610669550613,0.0216543267058038
"pc2001__24__03",1,"Patan",TRUE,269174,11699,145838,75086,172962,233095,9092,21289,2730,182619,27510,129024,100901,22824,76804,174061,125843,190537,68291,223424,39171,328,1805,873,3573,123977,141153,22405,108006,176829,66270,41235,7802,12870,2231,245138,19197,203247,57960,7469,2784,4685,498,2011,0.0434625929696033,0.541798242029319,0.642565775297763,0.865964023271193,0.0337774079220133,0.0790901052850572,0.0101421385423555,0.678442197240447,0.102201549926813,0.479333070801786,0.374854183539272,0.0847927362969678,0.285332164324935,0.646648636198147,0.467515436111957,0.707858114082341,0.253705781390476,0.830035590361625,0.145522970272017,0.00121854265270791,0.0132739417625774,0.46058311724015,0.524393143468537,0.0832361223595147,0.401249749232838,0.656931947364901,0.246197626813882,0.153190872818326,0.0289849688305706,0.755076641874772,0.21532540289924,0.027747850832547,0.0174050985607822,0.910704599998514,0.0713181808049812,0.0478129388425331,0.0082883190798517
"pc2001__24__04",1,"Mahesana",TRUE,425907,6169,114835,172049,195343,375792,6687,37879,1318,328355,23529,258753,217190,15009,169532,240556,237875,216236,185142,385609,33247,255,1150,486,5160,232825,271470,44999,245131,301436,143818,119579,25163,33731,7759,371860,43193,344119,70718,10616,5173,5443,454,2011,0.0144843827408331,0.269624589405668,0.458651771396103,0.882333467165367,0.0157006106967014,0.0889372562554736,0.00309457228925564,0.770954691986748,0.0552444547753383,0.607534039121217,0.509947007210494,0.0352400876247632,0.398049339409777,0.564808749327905,0.558513947880641,0.50770708159293,0.434700533214998,0.905383100066446,0.0780616425651609,0.000598722256267213,0.0121153209503483,0.546656899276133,0.637392670230825,0.105654520822621,0.575550530984464,0.707750753098681,0.337674656673875,0.280763171302655,0.0590809730762819,0.807967467076146,0.166040943210607,0.0249256293040499,0.0127797852582841,0.873101404766768,0.101414158489999,0.0791980408868603,0.0182175921034404
"pc2001__24__07",1,"Ahmadabad",TRUE,1494656,44862,584386,460777,755041,1265476,28865,180755,5854,1286525,62436,1224159,1215904,22004,1145315,303986,1134939,328425,979443,1456046,28771,624,1232,1472,6511,1241055,1006391,501082,1159650,1196482,680535,692591,174812,273651,126341,1193694,269205,1328670,150477,13116,5885,7231,2393,2011,0.0300149332020211,0.390983610944592,0.505160384730667,0.846667059176158,0.0193121360366533,0.120934181510662,0.0039166202791813,0.860749898304359,0.0417728226428021,0.81902390918044,0.813500899203563,0.0147217821358226,0.766273309711399,0.203381915303588,0.759331244112358,0.219732834846279,0.65529660336559,0.974167969084525,0.0192492453112957,0.000417487368330907,0.00435618630641432,0.830328182538323,0.673326170035112,0.335249047272416,0.775864145328423,0.800506604864263,0.455312125331849,0.463378195384088,0.116958015757472,0.888947021923439,0.100676677442836,0.00877526333818618,0.00483790250064229,0.798641292712169,0.180111677871029,0.183086275370386,0.0845284801318832
"pc2001__24__08",1,"Surendranagar",TRUE,342337,8003,174342,121787,227502,238259,51811,32482,6244,198405,68545,155861,109184,11078,14826,260512,181666,242163,79320,302068,32781,389,547,2001,4551,120741,178636,43874,177591,246026,135074,99436,10088,15309,2975,306924,26468,271683,65455,4559,1548,3011,640,2011,0.0233775490233308,0.509270105188747,0.664555686355842,0.695977939866272,0.151345019673596,0.0948831122548833,0.0182393372612367,0.579560491562408,0.200226677221568,0.455285289057274,0.31893718762506,0.0323599260377932,0.0433082021516809,0.760981138468819,0.530664228523356,0.707381907301869,0.231701510499888,0.88237029593646,0.0957565206214929,0.00113630720605719,0.0132939179814043,0.352696319708358,0.521813300928617,0.128160263132527,0.518760753292808,0.718666109710607,0.394564420439508,0.29046232221466,0.0294680388038687,0.793612726640708,0.191200483733865,0.013317286767133,0.0087954267286329,0.896555148873771,0.0773156275833462,0.0447190925900502,0.00869026719285382
"pc2001__24__09",1,"Rajkot",TRUE,782631,12073,252913,318441,391449,651594,22261,79342,3657,605196,62687,560284,495764,42820,309951,256712,585948,320475,370570,747352,28835,404,597,1463,3980,543342,510873,211531,571843,651936,355586,428744,55289,67370,21785,644828,111779,717415,58227,5052,1748,3304,1937,2011,0.0154261714652244,0.323157401125179,0.500170578471847,0.832568605128087,0.0284438004627979,0.101378555155623,0.00467270016137873,0.7732839614071,0.0800977727690316,0.715898041350266,0.633458168664415,0.0547128851272183,0.396037212939431,0.328011540559983,0.748689995668457,0.409484163034687,0.473492616571539,0.954922562484747,0.0368436721775652,0.000516207510308178,0.00508541062135285,0.694250547192738,0.652763562905124,0.270281908076731,0.730667453755346,0.833005592673942,0.454346940001099,0.547823942573192,0.0706450421718537,0.916670819326094,0.0743990462938473,0.00645514936157653,0.00422165746054015,0.823923407071787,0.142824651719648,0.0860814355679752,0.027835595574415
"pc2001__24__11",1,"Porbandar",TRUE,124769,2118,49847,49697,68654,77490,23282,16239,2491,72890,21248,71515,53770,18098,10474,78519,81655,73720,43249,117040,6458,423,157,216,475,72287,85992,17522,80820,92715,40784,45156,4395,5639,1653,103353,16208,120062,3425,1088,230,858,194,2011,0.0169753704846556,0.399514302430892,0.550248859893082,0.6210677331709,0.186600838349269,0.130152521860398,0.0199648951261932,0.584199600862394,0.170298712019813,0.573179235226699,0.430956407440951,0.145052056199857,0.0839471343041941,0.629314974072085,0.654449422532841,0.590851894300668,0.3466325770023,0.938053522910338,0.051759651836594,0.00339026521010828,0.00380703540142183,0.579366669605431,0.689209659450665,0.140435524849923,0.64775705503771,0.743093236300684,0.326876066971764,0.361916822287587,0.0352250959773662,0.962274282874753,0.0274507289470942,0.00872011477209884,0.00687670815667353,0.82835479966979,0.129904062707884,0.0451955213234057,0.013248483196948
"pc2001__24__13",1,"Amreli",TRUE,294071,5344,108810,114085,167991,200362,16182,63392,1632,191055,46800,177329,137263,35080,41837,189740,188961,195247,86699,273331,15710,348,305,1063,3314,173045,185870,31204,164282,222389,96477,113906,10236,12765,2538,265928,21529,227218,64134,2047,985,1062,672,2011,0.0181724821556699,0.370012684011684,0.571260001836291,0.68133886034325,0.0550275273658402,0.215566988924443,0.00554968017927643,0.649690040840477,0.159145240435133,0.603014238058156,0.466768229441189,0.119290919539839,0.142268363762493,0.645218331627396,0.642569311492803,0.663945101693128,0.294823358984735,0.929472814388362,0.0534224728041867,0.00118338768528689,0.0112693873248297,0.588446327587555,0.632058244437568,0.106110429114057,0.558647401477874,0.756242540066855,0.328073832509836,0.387341832414621,0.034807920536197,0.772663744469873,0.218090189103992,0.0069609039993743,0.00361137276372033,0.904298621761411,0.0732102111394867,0.0434078844904802,0.00863056880821298
"pc2001__24__14",1,"Bhavnagar",TRUE,542464,12354,241647,201640,352580,390572,45845,78614,2668,361542,81285,307085,276021,14581,216940,276478,320165,327431,174844,500757,33370,418,1215,1689,5015,292210,275075,74663,293361,400446,238912,200864,17517,28925,7297,467094,61608,408777,126025,6426,3675,2751,1236,2011,0.0227738614912695,0.445461818664464,0.649960181689476,0.719996165644172,0.0845125206465314,0.144920215903728,0.00491829872581406,0.666481093676262,0.149844044950448,0.566092865148655,0.508828235606418,0.0268792030438886,0.399915939122227,0.509670687824445,0.590205064299198,0.603599501533742,0.322314476168004,0.923115635323266,0.0615156028787164,0.00077055804624823,0.00924485311467673,0.53867169065597,0.507084341080698,0.137636783270411,0.540793490443605,0.738198295186409,0.440420009438414,0.370280792826805,0.0322915437706465,0.753555996342614,0.232319564063237,0.01184594738084,0.00507130427088249,0.861059904436055,0.113570670127419,0.0533215107361963,0.0134515838839075
"pc2001__24__15",1,"Anand",TRUE,427164,11541,149453,163846,223056,323542,20492,78937,259,283725,44677,212363,204512,25352,126921,283559,234599,261533,149880,378310,40987,290,798,516,6263,230571,239894,64013,203467,244185,172466,104613,19352,32523,9902,379759,31488,263437,152675,10225,5028,5197,827,2011,0.0270177262128831,0.349872648444157,0.522178835295109,0.757418696332088,0.0479722073957543,0.18479319418303,0.000606324503001189,0.664206253335955,0.104589806257082,0.497146295099774,0.478766937288723,0.0593495706567033,0.297124757704301,0.663817643808935,0.549201243550486,0.612254309820116,0.350872264516673,0.885631747993745,0.09595143785525,0.000678896161661563,0.0146618160706427,0.539771609967132,0.561596951053928,0.149855793091178,0.476320570085494,0.571642273225272,0.403746570403873,0.244901255723797,0.0453034431740502,0.616711614274611,0.357415418902342,0.0239369422516879,0.0121662874212246,0.889023887780806,0.0737140770289631,0.0761370340197208,0.0231807923888717
"pc2001__24__17",1,"Panch Mahals",TRUE,446746,14216,193153,168390,280304,121463,115745,202611,4443,129165,113188,109522,101242,19593,17309,391588,265211,371781,64265,398937,42327,608,378,516,3980,121676,200668,51901,90896,214889,120545,72703,9656,19753,3456,425072,15044,194377,241106,10584,4394,6190,679,2011,0.0318212138441083,0.432355298088847,0.627434828739373,0.271883799743031,0.259084580499881,0.453526164755812,0.00994524853048488,0.289124021255926,0.253360970215738,0.245154965013677,0.226620943444373,0.043857135822145,0.038744611031772,0.876533869357532,0.593650530726632,0.83219771413734,0.1438513159603,0.89298393270449,0.094745112435254,0.00136095230847059,0.00890886544031732,0.272360580732676,0.449176937230552,0.116175634476862,0.203462370116352,0.48100934311667,0.269828940829912,0.162739006057133,0.0216140715305789,0.435095109973005,0.539693696194258,0.0236913145277182,0.0138557480089357,0.951484736293106,0.0336746160010386,0.0442152811664794,0.00773593943762227
"pc2001__24__18",1,"Dohad",TRUE,329872,21258,159194,112797,243323,32287,131391,155465,7328,54413,136678,40404,37430,5258,8542,296817,137840,296676,29162,241117,81456,577,918,451,5353,43164,124352,18723,41178,152144,61360,40551,5222,13497,1733,319284,8697,114787,210858,3919,2099,1820,308,2011,0.064443177959936,0.482593248290246,0.73762853470437,0.097877358490566,0.398309041082602,0.471288863559199,0.0222146772081292,0.164951860115439,0.414336469903478,0.122483872532376,0.113468254353204,0.015939515933453,0.0258948925643886,0.899794465732163,0.417859048358151,0.899367027210554,0.0884039870010186,0.730941092302469,0.246932143376825,0.00174916331183004,0.0162275064267352,0.130850754231945,0.376970461269826,0.0567583790076151,0.124830237182907,0.461221322209827,0.186011543871562,0.122929499927245,0.0158303826938934,0.347974365814619,0.63921157297376,0.0118803657176117,0.00551729155551244,0.967902701653975,0.0263647717902702,0.0409158703982151,0.00525355289324344
"pc2001__24__20",1,"Narmada",TRUE,122039,2675,57058,49027,75902,41369,3098,74178,2247,40740,20016,21013,20712,6137,6389,104796,94589,106739,13852,101940,14610,3915,141,349,1084,27223,54310,12913,31194,43827,29316,18771,2442,4081,576,115602,4801,36946,82622,2251,304,1947,220,2011,0.0219192225436131,0.467539065380739,0.621948721310401,0.338981800899712,0.0253853276411639,0.607822089659863,0.018412146936635,0.333827710813756,0.164013143339424,0.172182662919231,0.169716238251706,0.0502872032710855,0.0523521169462221,0.858709101188964,0.775071903244045,0.874630241152418,0.113504699317431,0.835306746204082,0.119715828546612,0.032079908881587,0.00888240644384172,0.223068035627955,0.445021673399487,0.105810437646982,0.255606814215128,0.35912290333418,0.240218290874229,0.153811486492023,0.0200099968043003,0.30273928826031,0.677013085980711,0.0184449233441769,0.0159539163709962,0.947254566163276,0.0393398831521071,0.0334401297945739,0.0047198026860266
"pc2001__24__21",1,"Bharuch",TRUE,335098,6722,122866,126079,167840,253257,12894,58860,2329,204663,34474,192349,186099,17549,109824,186172,249349,187708,125034,309091,22294,227,576,1133,1777,204943,183082,50018,178535,215142,96508,104126,21579,29531,10257,279792,44555,214538,115096,4846,1620,3226,618,2011,0.0200598034007962,0.366656918274654,0.500868402676232,0.755769953864243,0.0384782959014975,0.175650108326519,0.00695020561149276,0.610755659538404,0.102877367217948,0.574008200586097,0.555356940357746,0.0523697545195734,0.327736960530949,0.555574787077213,0.744107693868659,0.560158520790933,0.373126667422664,0.922389868038604,0.0665297912849375,0.000677413771493712,0.00530292630812479,0.611591235996634,0.546353604020316,0.149263797456267,0.532784439178986,0.642027108487666,0.287999331538833,0.310732979605966,0.0643960871148142,0.640224650699198,0.343469671558768,0.0144614411306543,0.00962703447946571,0.83495574428973,0.132961103915869,0.0881264585285499,0.0306089561859516
"pc2001__24__23",1,"The Dangs",TRUE,48448,1114,22070,18066,32518,8485,14327,23736,923,5457,19727,6653,8975,4610,658,46357,38058,46046,2183,29794,17904,86,97,38,529,13736,22323,8955,9262,11148,6914,5662,991,1393,137,46314,1291,7543,40177,704,136,568,24,2011,0.0229937252311757,0.455539960369881,0.671193857331572,0.175136228533686,0.295719121532365,0.489927344782034,0.0190513540290621,0.112636228533686,0.407178830911493,0.13732249009247,0.185250165125495,0.0951535667107001,0.013581571994716,0.956840323645971,0.785543262879789,0.95042107001321,0.0450586195508587,0.614968626155878,0.369550858652576,0.00177509907529723,0.0109189233817701,0.283520475561427,0.460762054161163,0.184837351387054,0.191174042272127,0.230102377807133,0.142709709379128,0.116867569352708,0.0204549207397622,0.155692701453104,0.829280878467635,0.0145310435931308,0.0117239101717305,0.955952774108322,0.0266471268163804,0.0287524768824306,0.00282777410832232
"pc2001__24__24",1,"Navsari",TRUE,294176,15996,132391,91680,156869,148017,27892,115032,421,157653,36228,155209,158484,8673,84397,191756,239274,162668,120237,267679,24189,68,386,246,1608,168150,171171,57934,153431,191691,136665,115177,18669,24397,6726,262571,25882,209072,82723,1887,504,1383,494,2011,0.0543756118786033,0.450040112041771,0.533248803437398,0.503157973458066,0.0948139889046013,0.39103121940607,0.00143111606657239,0.535913874687262,0.123150766887849,0.52760592298488,0.538738714239095,0.0294823507016208,0.286892880452518,0.651841074730773,0.813370227346894,0.5529614924399,0.408724709017731,0.909928070270858,0.0822262863047971,0.000231154139018819,0.0054661155226803,0.571596595235505,0.581865957793974,0.196936527792886,0.521561922114652,0.651620118568476,0.464568829544218,0.391524121614272,0.0634620091373871,0.710703796366801,0.281202409441967,0.00641452735777222,0.00470126726857392,0.892564315239856,0.087981344501251,0.0829333460241488,0.0228638638094202
"pc2001__24__25",1,"Valsad",TRUE,361928,8983,160995,123274,201609,119981,45077,189033,3361,163491,69975,169937,160633,8753,74783,250150,301111,192326,140730,329218,29681,330,320,480,1899,170861,220197,52199,188248,242422,119338,128491,23938,31285,11020,297911,58586,247046,109777,4617,1145,3472,488,2011,0.0248198536725537,0.444826042748834,0.557041732057205,0.331505161247541,0.124546871200902,0.522294489511726,0.00928637740103004,0.45172244203267,0.193339559249353,0.469532614221613,0.443825843814239,0.0241843681616233,0.20662396940828,0.691159567648814,0.831963816007604,0.531392984239959,0.388834243274906,0.909622908423775,0.0820080236953206,0.000911783559160938,0.00524689993589885,0.472085608187264,0.608400013262306,0.144224818195884,0.520125549833116,0.669807254481554,0.329728564797418,0.355018125151964,0.066140226785438,0.682583276231737,0.303311708406092,0.0127566808868062,0.00959306823456599,0.823122278464225,0.161871974536372,0.0864398443889392,0.0304480449150107
"pc2001__25__01",1,"Diu",TRUE,10689,61,2026,3708,3728,10499,133,32,0,9022,112,8511,6215,50,2802,7736,8545,3473,6180,10575,106,1,3,2,2,6282,8109,2162,8405,9001,3739,4820,398,1055,368,8378,1923,10579,80,15,1,14,15,2011,0.00570680138460099,0.1895406492656,0.348769763308074,0.982224716998784,0.0124426981008513,0.00299373187388904,0,0.844045280194593,0.0104780615586117,0.796239124333427,0.581438862381888,0.00467770605295163,0.262138647207409,0.723734680512677,0.799419964449434,0.32491346243802,0.578164468144822,0.98933483019927,0.00991673683225746,9.35541210590327e-05,0.000187108242118065,0.587706988492843,0.758630367667696,0.202264009729629,0.78632238750117,0.842080643652353,0.349798858639723,0.450930863504537,0.037234540181495,0.989709046683506,0.00748432968472261,0.00140331181588549,0.00130975769482646,0.783796426232576,0.17990457479652,0.0986995977172794,0.034427916549724
"pc2001__25__02",1,"Daman",TRUE,49692,2416,32932,8010,27471,34905,306,14176,14,37112,772,34150,40365,544,20772,13296,29572,4139,26468,49249,356,7,4,26,50,40951,31407,10502,28433,43171,14642,14167,3163,4543,1316,14722,33493,48110,1335,223,21,202,24,2011,0.0486194960959511,0.662722369797955,0.552825404491669,0.702426950012074,0.00615793286645738,0.285277308218627,0.000281735490622233,0.746840537712308,0.0155356999114546,0.68723335748209,0.812303791354745,0.0109474362070353,0.41801497222893,0.267568220236658,0.59510585204862,0.0832930854061016,0.532641068984947,0.991085084118168,0.00716413104725107,0.000140867745311116,0.00100619818079369,0.824096434033647,0.632033325283748,0.211341865893906,0.572184657490139,0.868771633260887,0.294655075263624,0.285096192546084,0.0636520969170088,0.968163889559688,0.0268654914271915,0.00448764388633985,0.0040650406504065,0.296264992352894,0.674011913386461,0.0914231667069146,0.0264831361184899
"pc2001__26__01",1,"Dadra & Nagar Haveli",TRUE,73063,4671,34654,22128,38500,34001,5226,32907,217,38461,7997,37793,39209,539,19727,45357,60851,30024,29395,69558,3208,20,10,29,238,39999,41412,11354,34467,45973,17822,18647,4136,6017,2013,40607,31255,47218,24480,1310,189,1121,55,2011,0.06393112793069,0.474302998781873,0.526942501676635,0.465365506480708,0.0715273120457687,0.450392127342157,0.00297003955490467,0.526408715765846,0.109453485348261,0.517265921191301,0.53664645579842,0.00737719502347289,0.269999863131818,0.620793014247978,0.832856575831816,0.410933030398423,0.402324021734667,0.952027702120088,0.0439073128669778,0.000273736364507343,0.00325746273763738,0.547459042196461,0.566798516348904,0.155400134130819,0.47174356377373,0.629224094274804,0.243926474412493,0.255218099448421,0.0566086801801185,0.646264182965386,0.335053310156988,0.017929731875231,0.0153429232306366,0.555780627677484,0.42778150363385,0.0823535852620341,0.0275515650876641
"pc2001__27__01",1,"Nandurbar",TRUE,319623,13982,193672,74663,211891,181543,19648,95048,7122,117970,50913,95058,59850,30875,42426,218231,149147,260769,54912,186202,104256,18490,1050,2029,7596,91574,107763,23172,83144,101758,40529,39350,6135,17047,2579,292483,21845,87297,192234,37934,23874,14060,2158,2011,0.0437452874167378,0.605938871733261,0.662940401660707,0.567991039443344,0.0614724221974013,0.297375345328715,0.0222825015721647,0.369091085435028,0.159290789461334,0.297406632188547,0.18725185609296,0.096598179730495,0.132737631522137,0.682776270794029,0.466634128332442,0.815864315146282,0.171802404708047,0.582567587438952,0.326184285861781,0.0578494038288859,0.0237654987281891,0.286506290223169,0.337156587604772,0.0724979116021062,0.260131467385013,0.318368828275812,0.126802514212056,0.123113793437894,0.019194488506772,0.273124900273134,0.601439821289457,0.11868357408572,0.0439893249234254,0.91508746241666,0.0683461453024344,0.0533347099551659,0.00806888115060556
"pc2001__27__02",1,"Dhule",TRUE,408700,20936,177830,127835,233091,343030,29051,29738,1924,246027,36121,213673,106044,20311,36551,166397,251485,266858,127033,315332,84208,967,888,1137,6168,127610,178267,51566,174524,210557,107616,74859,10912,27139,6065,344482,54960,154881,132220,117374,100024,17350,4225,2011,0.0512258380229998,0.435111328602887,0.570322975287497,0.839319794470272,0.0710814778566185,0.0727624174210913,0.00470760949351603,0.601974553462197,0.0883802299975532,0.522811353070712,0.259466601419134,0.0496965989723514,0.0894323464643993,0.407137264497186,0.6153290922437,0.652943479324688,0.310822118913629,0.771548813310497,0.2060386591632,0.0023660386591632,0.0150917543430389,0.312233912405187,0.436180572547101,0.126170785417176,0.427022265720577,0.515187178859799,0.263312943479325,0.183163689747981,0.0266992904330805,0.378960117445559,0.32351357964277,0.287188646929288,0.0424516760459995,0.842872522632738,0.134475165157817,0.066403229752875,0.014839735747492
"pc2001__27__04",1,"Buldana",TRUE,553031,18061,253911,192985,314568,299430,133498,110480,2647,247668,127173,227207,130986,62687,50182,164721,276185,441713,105031,423036,119338,1057,1440,1943,6217,195038,339235,43579,225282,293299,121784,84546,10034,24877,4767,496630,31267,282086,245033,18406,10662,7744,7506,2011,0.0326582054170562,0.459126161101276,0.568807173558083,0.541434386137486,0.241393339613873,0.199771803027317,0.00478635013227107,0.447837462999362,0.229956367726221,0.410839537024145,0.236851098762999,0.11335169276225,0.0907399404373353,0.297851295858641,0.499402384314803,0.798712911211126,0.189918829143393,0.764940844184142,0.215788988320727,0.00191128526248981,0.0112416844625346,0.352671007592703,0.613410459811475,0.0788002842516966,0.407358719493121,0.530348208328285,0.220211886856252,0.152877505962595,0.0181436483669089,0.51007267223718,0.443072811469881,0.0332820402472917,0.0140028316676642,0.898014758666332,0.0565375177883337,0.0449830118022317,0.00861976995864608
"pc2001__27__05",1,"Akola",TRUE,391135,15365,177776,125936,216276,229535,35067,121230,2082,190594,72003,196055,139660,35776,28128,77129,245834,273189,108076,314490,69988,494,648,1735,3780,180311,221129,51950,176674,195210,126856,72460,9037,24232,6163,339748,37265,183286,189500,14492,6243,8249,3857,2011,0.0392831119690133,0.454513147634448,0.552944635483912,0.586843417234459,0.089654467127718,0.309944136934818,0.00532297032993723,0.487284441433265,0.184087335574674,0.501246372735756,0.357063418001457,0.0914671405013614,0.071913789356616,0.197192785099774,0.62851445153208,0.69845194114564,0.276313804696588,0.804044639318905,0.178935661600215,0.00126299103889961,0.00966418244340189,0.460994285860381,0.565352116276989,0.132818592046224,0.451695706086134,0.499085993327112,0.32432791747095,0.185255730118757,0.0231045546933923,0.468600355376021,0.484487453181127,0.0370511460237514,0.0210899050200059,0.868620808672198,0.0952740102522147,0.0619530341186547,0.0157567080419804
"pc2001__27__06",1,"Washim",TRUE,257892,5066,100020,104718,137259,106117,96792,51591,685,92664,83047,111841,56122,30135,35847,86516,152997,217576,37349,196022,56395,505,702,1029,3239,87120,159963,21548,97022,125662,66675,37729,3623,10757,1875,240347,10854,122074,127526,5590,2829,2761,2702,2011,0.0196438819350736,0.387836768879996,0.532234423712252,0.411478448342717,0.375319901354055,0.200048857661347,0.00265615063670063,0.359313200874785,0.322022396972376,0.433673785925891,0.217618227785274,0.116851240053976,0.139000046531106,0.335473764211375,0.59325996928947,0.843670994059529,0.144824189970996,0.760093372419462,0.218676810447784,0.00195818404603477,0.0125595210398151,0.337815829882276,0.620271276348239,0.0835543560870442,0.376211747553239,0.487265987312518,0.258538457959146,0.146297674995735,0.0140485164332356,0.473353186605246,0.49449381911808,0.0216757402323453,0.0107060319823802,0.93196764537093,0.0420873854171514,0.0417112589766259,0.00727048531943604
"pc2001__27__07",1,"Amravati",TRUE,637446,19937,244204,229677,309710,496146,56983,78586,1129,354238,82305,336083,255473,83616,46809,142890,445179,444696,177141,512492,112481,2506,1207,2398,6362,342031,345924,54714,302188,295756,211384,124261,15285,36185,9438,569476,42996,276386,326164,28974,11017,17957,5922,2011,0.0312763747831189,0.383097548655102,0.485860763107777,0.77833416477631,0.0893926701242144,0.123282599624125,0.00177113041732162,0.555714523269422,0.129116819307047,0.527233679401863,0.4007759088613,0.131173464105195,0.0734321024839751,0.224160164155081,0.698379156822696,0.697621445581273,0.277891774362064,0.803977121199286,0.176455731152129,0.00393131339752701,0.00998045324623576,0.536564665869736,0.542671849850811,0.0858331529258949,0.474060547873859,0.463970281404229,0.331610834486372,0.194935727889107,0.02397850170838,0.433583393730606,0.511673145646847,0.0454532619233629,0.0281702293213857,0.893371360083835,0.0674504193296373,0.0567655926933419,0.0148059600342617
"pc2001__27__08",1,"Wardha",TRUE,302680,8695,91157,120430,119364,192075,54106,54733,463,172982,35608,173223,130244,40604,33643,102013,241524,181524,114715,266155,32705,352,371,413,2684,171680,206748,38959,170620,166398,129060,70849,6970,16260,4313,263170,28598,156946,135817,7480,2701,4779,2437,2011,0.0287267080745342,0.301166248182899,0.394357076780759,0.634581075723536,0.178756442447469,0.180827937095282,0.00152966829655081,0.571501255451302,0.117642394608167,0.57229747588212,0.430302629840095,0.13414827540637,0.111150389850667,0.337032509581076,0.797951632086692,0.599722479185939,0.378997621250165,0.879328003171666,0.108051407426986,0.00116294436368442,0.0088674507730937,0.567199682833355,0.683058015065416,0.128713492797674,0.563697634465442,0.549748909739659,0.42639090788952,0.234072287564424,0.0230276199286375,0.51852121051936,0.44871481432536,0.0247125677282939,0.015788952028545,0.869466102814854,0.094482621910929,0.0537201004361041,0.0142493722743491
"pc2001__27__09",1,"Nagpur",TRUE,995808,26739,272097,336283,381158,760675,117300,108836,3253,710516,79272,787865,677189,66624,569110,219247,842774,346761,601428,917626,66828,873,1281,2370,6830,753520,705043,268402,728714,719955,577214,426007,71592,135750,57964,770480,187414,691542,272104,27870,11869,16001,4292,2011,0.0268515617468428,0.273242432276101,0.38276254057007,0.763877173109676,0.117793791574279,0.109294161123429,0.00326669398116906,0.713507021433851,0.0796057071242649,0.791181633407243,0.680039726533629,0.0669044635110383,0.571505752112857,0.220169952440631,0.846321780905556,0.34822074134773,0.603959799479418,0.92148888139079,0.0671093222789935,0.000876675021690928,0.00685875188791414,0.756692053086539,0.708010982036698,0.269531877631029,0.731781628587037,0.722985756290369,0.579643867090845,0.427800339021177,0.0718933770365372,0.694453147594717,0.273249461743629,0.0279873228574183,0.0160683585590797,0.773723448696938,0.188202946752788,0.136321459558469,0.0582080079694078
"pc2001__27__10",1,"Bhandara",TRUE,275773,6336,70873,111504,105084,104699,70830,98701,486,110541,56000,145615,90690,76896,36000,135687,220472,212609,59254,227025,44659,315,650,319,2805,168707,166900,20500,117299,131424,182892,54974,5184,13165,2932,243836,26370,102092,166945,5924,3974,1950,812,2011,0.0229754181881475,0.256997603101101,0.381052532336378,0.379656456578418,0.256841677756706,0.357906684120635,0.00176231900874995,0.400840546391416,0.203065564794233,0.528024861027004,0.32885742984266,0.278838029828881,0.130542148796293,0.492024237325627,0.799469128594895,0.770956547595305,0.214865124577098,0.82323142584662,0.161941161752601,0.00114224380196756,0.0101714090937111,0.611760397138226,0.605207906502812,0.0743365013978888,0.42534620865712,0.476565871205666,0.663197629934765,0.199345113553539,0.0187980694266661,0.370203029303086,0.605371084188807,0.0214814358185899,0.00707103305979918,0.884190983163689,0.0956221239932843,0.0477385385806442,0.0106319327852981
"pc2001__27__11",1,"Gondiya",TRUE,289431,5162,86976,114780,129503,50702,108305,129626,230,94573,61648,112698,79348,71924,24347,197906,220837,243250,42418,239981,45271,277,848,383,2671,151792,202905,31287,104997,123673,200918,49085,5074,13595,2866,266154,17945,73220,210390,5318,4220,1098,503,2011,0.0178349934872215,0.300506856556485,0.447439977058435,0.175178194457401,0.374199722904596,0.447864948813361,0.000794662631162522,0.326754908769275,0.212997225590901,0.3893777791598,0.274151697641234,0.248501369929275,0.0841202220909301,0.683776098621088,0.763003962947991,0.84044210882732,0.146556519515878,0.829147534300058,0.156413791197211,0.000957050212313125,0.00922845168623955,0.52444969612792,0.701047918156659,0.10809830322253,0.362770401235528,0.427297006885924,0.694182724034399,0.169591370654837,0.0175309486544289,0.25297912110313,0.726909004218622,0.0183739820544448,0.00379365030007152,0.919576686671435,0.0620009605052672,0.0469714716115413,0.00990218739526865
"pc2001__27__12",1,"Gadchiroli",TRUE,245745,7156,68219,107964,97579,47920,89138,106162,1059,66231,72989,79771,46322,19042,10814,156233,180076,209753,32628,145459,89992,3545,797,583,5369,66240,186138,20026,63613,73787,130592,29827,3098,11064,1663,219479,19756,90668,142831,10963,4594,6369,1283,2011,0.0291196158619707,0.277600765020652,0.397074202933936,0.194998880953834,0.362725589533866,0.432000651081406,0.00430934505279863,0.269511078557041,0.297011129422776,0.324608842499339,0.188496205416183,0.0774868257746851,0.0440049644957171,0.635752507680726,0.732775844879855,0.85353923782783,0.132771775621071,0.591910313536389,0.36620073653584,0.0144255223910965,0.0218478504140471,0.269547701886101,0.757443691631569,0.0814909764186453,0.258857759059187,0.300258397932817,0.531412643187044,0.121373781765651,0.0126065637144194,0.36895155547417,0.581216301450691,0.0446112840546094,0.0259171091985595,0.893116848765997,0.080392276546827,0.0450222791918452,0.00676717735864412
"pc2001__27__13",1,"Chandrapur",TRUE,529612,11698,160876,210835,201059,215128,111282,198829,1370,217282,118279,268918,176413,51021,78289,214128,400807,343225,176011,418666,102687,572,857,701,6129,229471,358825,39608,229635,250418,248585,113039,12746,31419,8239,440367,67694,280929,233705,12844,6507,6337,2134,2011,0.0220878680996654,0.303761999350468,0.379634524897472,0.406199255303883,0.210119861332447,0.37542389522896,0.002586799392763,0.410266383692212,0.223331419982931,0.507764174527767,0.333098570274087,0.0963365633709206,0.147823312160601,0.40431108056464,0.756793652711797,0.648068774876702,0.332339524028912,0.790514565379938,0.193890999448653,0.00108003595084704,0.0115726229768208,0.433281345588846,0.677524300808894,0.0747868250719395,0.433591006246082,0.472832941851771,0.469371917554738,0.213437384349297,0.0240666752263922,0.530443041320816,0.441275877434801,0.024251716350838,0.0119653633225833,0.831489845396252,0.12781810079832,0.059324562132278,0.0155566716766236
"pc2001__27__14",1,"Yavatmal",TRUE,640385,17366,232696,254420,293428,281437,186246,161450,4279,228633,174880,250509,156153,40688,54964,290623,404443,496130,135816,446516,178739,1230,1486,3804,8610,198454,373082,59201,245261,279184,168661,99346,12132,29917,6094,575266,39344,283635,339693,10052,3764,6288,7005,2011,0.0271180617909539,0.363368910889543,0.458205610687321,0.439480937248686,0.290834419919267,0.252113962694317,0.00668191790875801,0.357024290075501,0.273085721870437,0.391184990279285,0.243842376070645,0.0635367786565894,0.0858296181203495,0.453825433137878,0.631562263325968,0.774737072229987,0.212084917666716,0.697261803446364,0.279111784317247,0.0019207195671354,0.0134450369699478,0.309897952013242,0.58259016060651,0.0924459504829126,0.382989920126174,0.435962741163519,0.263374376351726,0.15513480172084,0.0189448534865745,0.442913247499551,0.530451212942214,0.0156968073893049,0.00981909320174582,0.898312733746106,0.0614380411783537,0.0467172091788533,0.00951615044075049
"pc2001__27__15",1,"Nanded",TRUE,656303,15854,277653,232802,387923,308749,104002,223195,5367,249852,167950,268328,157526,50696,75838,268467,308324,529438,117747,488748,147320,1235,1945,5322,11733,217163,310057,88374,216364,384823,109371,83106,12341,43055,7548,579750,61234,379601,253705,16542,6848,9694,6455,2011,0.0241565252634835,0.423056118896302,0.591073025721351,0.470436673304861,0.158466440043699,0.340079201222606,0.00817762527369218,0.380696111399765,0.255903142298603,0.408847742582313,0.240020234556295,0.0772448091811252,0.115553334359282,0.409059535001364,0.469789106555966,0.806697516238689,0.179409510546196,0.744698713856252,0.224469490464008,0.00188175278796531,0.0178774133289045,0.330888324447702,0.472429655204989,0.134654267921981,0.329670898959779,0.586349597670588,0.166647112690327,0.12662748760862,0.0188038147014413,0.578392906934754,0.386566875360923,0.0252048215534593,0.0147706166206767,0.883357229816106,0.0933014171807839,0.065602320879228,0.0115007854603742
"pc2001__27__16",1,"Hingoli",TRUE,227041,4517,86442,91014,133852,81482,47179,93262,1379,83549,57492,91647,41519,29717,19442,77297,120608,196023,28139,159114,61767,339,760,1459,3602,73460,150296,29798,73640,134812,48246,29815,3833,9676,1221,209663,13034,124519,96048,5009,2948,2061,1465,2011,0.0198950850286953,0.380732995362071,0.589549905083223,0.35888672090063,0.207799472342,0.410771622746552,0.00607379283917883,0.36799080342317,0.253222986156685,0.403658370074128,0.182870054307372,0.130888253663435,0.0856321104998657,0.34045392682379,0.531216828678521,0.863381503781255,0.123937967151307,0.700816152148731,0.272052184407222,0.00149312238758638,0.0158649759294577,0.323553895551905,0.66197735210821,0.131245017419761,0.324346703899296,0.593778216269308,0.212499064045701,0.131319893763681,0.0168824133086095,0.548442792270999,0.423042534167838,0.022062094511564,0.00907765557762695,0.923458758550218,0.0574081333327461,0.0426178531630851,0.00537788328980228
"pc2001__27__17",1,"Parbhani",TRUE,360186,5336,145908,132654,211065,148444,49492,152059,3988,157423,80436,130261,83601,17111,23991,111449,150092,294619,60047,272486,74451,700,1395,4011,7143,103819,217964,49166,135933,224888,82350,50197,6973,21196,3982,325984,25840,211702,134365,10087,6075,4012,4032,2011,0.0148145680287407,0.405090703136713,0.585988905732038,0.412131509831032,0.13740678427257,0.422167990982437,0.0110720572148834,0.437060296624522,0.223317952391265,0.361649258993964,0.232105079042495,0.0475060107833175,0.066607252919325,0.309420688199986,0.416706923645006,0.817963496637848,0.166711088160006,0.756514689632579,0.206701537538938,0.00194344033360542,0.0198314204327764,0.288237188563687,0.605142898391387,0.136501696345777,0.377396678382836,0.624366299634078,0.228631873532008,0.139364106322844,0.0193594420660437,0.587757436435619,0.373043372035559,0.028004975207254,0.0111386894548928,0.905043505300039,0.071740711743377,0.058847373301572,0.0110553991548811
"pc2001__27__20",1,"Nashik",TRUE,1180293,66126,515406,374694,675607,745698,303575,105024,10482,689923,150754,777627,455344,91664,366410,530676,809689,542113,539931,904710,257841,3430,2696,2926,8690,551864,734854,185442,630639,798663,400486,396040,79590,138887,45039,934281,196514,697322,375657,95397,68997,26400,11917,2011,0.056025071740661,0.436676316812859,0.572406173721271,0.631790580813408,0.257203084318894,0.0889812953224327,0.00888084568831638,0.584535365371141,0.12772591212521,0.658842338300744,0.385788952404191,0.0776620720448228,0.310439865355467,0.449613782340487,0.686006779672505,0.459303749153812,0.457455055651436,0.766513060740003,0.218455078527111,0.0029060580720211,0.00736257861395433,0.467565257101415,0.622603031620115,0.157115224778932,0.534307159323998,0.676665031479472,0.339310662691383,0.335543801412022,0.067432408732408,0.590804147783644,0.318274360688405,0.0808248460339933,0.022367327434798,0.79156700920873,0.166495946345526,0.117671628993818,0.0381591689521161
"pc2001__27__22",1,"Mumbai Suburban",TRUE,2027743,145133,1126032,454631,1157551,1956872,7094,14108,16642,1565035,71788,1768035,1050415,21949,1607106,51783,1619088,54177,1593696,1964657,56251,1839,434,1403,3159,1108623,1745173,739957,1725154,1918659,233596,310929,259702,652946,404757,1537690,442768,1913950,63052,24527,4068,20459,26214,2011,0.0715736658935575,0.555312976052685,0.570856859079282,0.96504931838009,0.00349847096007729,0.00695748918871869,0.00820715445695041,0.771811319284544,0.0354029085539933,0.871922625303108,0.518021761140342,0.0108243500285786,0.792559017587535,0.0255372598993068,0.798468050438344,0.0267178828875257,0.785945753480594,0.968888562307945,0.0277406949500011,0.000906919663882454,0.00155788973257459,0.546727568533093,0.860648020977017,0.364916559938809,0.85077546809433,0.946204228050596,0.115200003156219,0.153337479157862,0.128074415742034,0.943881941646451,0.0310946702811944,0.0120957142991,0.0100895429055852,0.758325882520615,0.218355087405061,0.322006289751709,0.199609615222442
"pc2001__27__23",1,"Mumbai",TRUE,637738,59204,400177,100937,384521,623468,804,7707,1553,541324,10889,574028,406414,9072,570703,10980,475757,15265,496853,625927,9733,922,290,214,652,427208,559957,221503,543699,602209,56086,105842,80168,204234,121344,428162,185170,598931,24606,5059,2629,2430,9142,2011,0.0928343614462365,0.627494362888835,0.60294509657571,0.977624039966256,0.00126070580708692,0.0120849000686802,0.00243516930149999,0.848818793924778,0.017074409867375,0.900100041082702,0.637274241146051,0.0142252774650405,0.894886301271055,0.017217101693799,0.7460069809232,0.0239361618721168,0.779086395980795,0.981479855363801,0.0152617532591754,0.00144573476882356,0.00102236341569736,0.669880107504963,0.878036121416632,0.347326017894496,0.85254289379024,0.944289034054737,0.0879452063386532,0.16596470650957,0.125706794953413,0.939148992219375,0.0385832426482349,0.0079327247239462,0.00381034217813585,0.671376019619342,0.290354346142146,0.320247499756953,0.190272494347208
"pc2001__27__24",1,"Raigarh",TRUE,596514,22708,202630,211589,254301,440717,76815,65017,6208,338725,73768,501152,307133,59081,218536,234979,526777,221379,330808,547206,43173,1549,623,538,3425,369857,391603,86139,374021,453122,136247,158119,43536,96301,38570,463109,119513,467750,112791,10125,3334,6791,5848,2011,0.0380678408218416,0.339690267118626,0.426311871976182,0.738820882661597,0.128773172130076,0.108994927193662,0.010407132104192,0.567840821841566,0.12366516125355,0.840134514864697,0.514879784883506,0.0990437776816638,0.36635519032244,0.39392034386452,0.883092433706501,0.37112121425482,0.554568710876861,0.91733974391213,0.0723755016646717,0.00259675380628116,0.00574169256714847,0.62003071176871,0.656485849451983,0.144403987165431,0.627011268805091,0.759616706397503,0.22840536852446,0.265071733437941,0.07298403725646,0.784139181980641,0.189083575574085,0.0169736167131031,0.011384477145549,0.776358979001331,0.200352380664997,0.161439630922325,0.064659002135742
"pc2001__27__25",1,"Pune",TRUE,2076607,96829,867524,594089,989926,1674141,185327,179132,14824,1575922,133498,1636993,1341125,162289,1304976,491383,1552118,439149,1420057,1925019,134784,1857,2424,2170,10353,1531966,1678829,675621,1555272,1792197,735590,1013058,273326,490260,235018,1382496,612584,1823891,191187,41304,16661,24643,20225,2011,0.0466284665321845,0.417760317672049,0.476703584260286,0.806190579151472,0.0892451003006346,0.0862618685191757,0.00713856786575409,0.758892751493181,0.0642865982826794,0.788301782667592,0.645825136869904,0.0781510415788833,0.62841741359824,0.236627826064344,0.747429821819921,0.211474294365761,0.683835217737396,0.9270020759826,0.0649058777130194,0.000894247202287193,0.00498553650257367,0.737725530155682,0.808448107899087,0.325348513223735,0.748948645554985,0.863041008722402,0.35422687104493,0.487842909130134,0.13162143824036,0.878303405507157,0.0920670112351543,0.0198901380954605,0.0118669541227589,0.665747539134752,0.294992745377435,0.236087040061023,0.113174038226781
"pc2001__27__27",1,"Bid",TRUE,545073,23805,291380,156819,347102,230929,111769,188216,6129,209824,122888,165921,101616,33033,30640,258163,171191,448097,83357,402052,128468,958,1526,4226,7843,136943,357071,54715,205352,346380,119991,91909,12836,29198,5614,492304,39323,351925,162011,23554,15066,8488,7583,2011,0.0436730492979839,0.534570598800528,0.636799107642463,0.423666187831722,0.205053268094365,0.345304206959435,0.0112443654336208,0.384946603482469,0.225452370599901,0.304401428799445,0.186426405270487,0.0606028917227601,0.0562126540848657,0.473630137614595,0.31406985853271,0.822086215974741,0.152928139900527,0.73761129243239,0.235689531493947,0.00175756274847589,0.0143888983677416,0.251237907583021,0.655088401003168,0.100381049877723,0.376742197834052,0.635474514422839,0.220137486171577,0.168617781471473,0.0235491392895997,0.645647463734215,0.297228077707023,0.0432125605194167,0.0155722261054941,0.903189114118659,0.0721426304366571,0.0535671368789135,0.0102995378600664
"pc2001__27__31",1,"Satara",TRUE,639999,28569,225146,219428,299468,470030,64955,89747,2987,419171,54823,455804,269837,183223,117099,264312,479873,343631,277720,562653,70472,698,743,685,4748,455235,510818,132762,374085,463058,246949,195582,36046,57423,14093,550485,67211,490782,129508,14074,5990,8084,5635,2011,0.0446391322486441,0.35179117467371,0.467919481124189,0.734423022535973,0.101492346081791,0.140229906609229,0.00466719479249186,0.654955710868298,0.085661071345424,0.712194862804473,0.421620971282768,0.286286384822476,0.182967473386677,0.412988145293977,0.749802734066772,0.536924276444182,0.433938178028403,0.879146686166697,0.11011267205105,0.00109062670410423,0.00741876159181499,0.711305798915311,0.798154372116206,0.207440949126483,0.584508725794884,0.723529255514462,0.385858415403774,0.305597352495863,0.0563219630030672,0.766848073200114,0.202356566182135,0.0219906593604052,0.012631269736359,0.860134156459619,0.105017351589612,0.0897235776930901,0.022020346906792
"pc2001__27__32",1,"Ratnagiri",TRUE,393379,15472,128979,136313,146648,237852,113768,20957,6623,184194,64348,303335,214749,57456,78083,220484,345389,280909,102517,367352,23050,663,343,219,1752,273162,232293,40484,163470,258015,49177,61559,15191,31062,7752,346267,37274,253147,133971,3748,1593,2155,2513,2011,0.0393310268214623,0.327874645062395,0.372790616682639,0.604638275047727,0.289207100531548,0.0532743232353532,0.0168361808840838,0.468235467577069,0.16357761853073,0.771101151815425,0.545908652978425,0.146057618734096,0.198493056314648,0.560487468827772,0.878005689169986,0.714092516377336,0.260606183858315,0.933837342613612,0.0585948919489856,0.00168539754282765,0.00445372020367127,0.694399040111445,0.590506864880942,0.102913475299902,0.415553448455561,0.655894188556074,0.125011757109556,0.15648776370879,0.0386167029760104,0.643519354108887,0.340564697149568,0.00952770737634698,0.00547817753362533,0.880237633427305,0.0947534057486546,0.0789620188164595,0.0197061866546003
"pc2001__27__33",1,"Sindhudurg",TRUE,205119,7540,49140,65002,60716,62947,127417,7546,1883,111982,31664,161659,127271,28187,27735,136466,187704,152742,44900,194228,9563,330,113,81,804,155696,130330,16413,98475,131855,39669,37159,9264,15721,3517,181960,17110,117699,82968,2804,1687,1117,1648,2011,0.0367591495668368,0.239568250625247,0.29600378316977,0.306880396257782,0.621185750710563,0.0367884008794895,0.00918003695415832,0.545936748911607,0.154368927305613,0.788122992019267,0.620473968769349,0.137417791623399,0.135214192736899,0.665301605409543,0.915098065025668,0.744650666198646,0.21889732301737,0.946903992316655,0.0466217171495571,0.00160882219589604,0.00391967589545581,0.759052062461303,0.635387263003427,0.0800169657613385,0.480087168911705,0.642821971635977,0.19339505360303,0.18115825447667,0.0451640267356998,0.573808374650812,0.404487151360917,0.0136701134463409,0.00544561937216933,0.887094808379526,0.083414993247822,0.0766433143687323,0.0171461444332314
"pc2001__27__34",1,"Kolhapur",TRUE,821483,41561,216170,261733,313192,701593,40114,64763,5441,611991,48936,692276,542048,65030,105198,241837,725312,380790,414894,770005,45766,1142,544,755,3271,612194,618233,257521,507573,595768,383946,283565,49081,71879,22269,699588,106291,574560,231527,9932,6689,3243,5464,2011,0.0505926476871706,0.263146041975306,0.381251955305222,0.854056626856551,0.0488311991848888,0.0788366892558945,0.00662338721556015,0.744983158507236,0.0595703136887799,0.842714943583738,0.65984080011394,0.0791617111979189,0.128058645157599,0.294390754282195,0.882930018028371,0.463539720237668,0.505054882450398,0.937335282653445,0.0557114389463933,0.00139016875577462,0.00398182311745952,0.745230272568026,0.75258161154887,0.313483054427176,0.61787401565218,0.725234727924984,0.467381552631034,0.345186692846961,0.0597468237322014,0.699418003780967,0.281840281539606,0.0120903293190486,0.00394773841941951,0.851615919014757,0.129389165691804,0.0874990718006337,0.027108290737605
"pc2001__27__35",1,"Sangli",TRUE,585227,15749,191117,204264,268117,393990,81242,98215,4817,379231,65893,423877,276620,96856,82419,275909,450953,314805,240565,485126,93539,549,850,746,4417,380072,460374,167105,310230,415009,335852,190760,29515,49056,13212,498771,67342,433195,127139,19154,6937,12217,5739,2011,0.0269109251623729,0.32656900655643,0.458141883405926,0.673225944804324,0.138821346246841,0.167823767529523,0.00823099412706522,0.64800667091573,0.112593916548621,0.724295017147192,0.472671288235163,0.165501591690062,0.140832531650112,0.471456375047631,0.770560825115724,0.537919473981891,0.411062715835052,0.828953551356995,0.159833705553572,0.000938097524550303,0.007547498662912,0.649443720129112,0.786658852035193,0.285538773843312,0.530101994610638,0.709141922706915,0.573883296566973,0.325958986854674,0.0504334215612062,0.740217043984642,0.217247324542442,0.0327291803009772,0.0208756602138999,0.852269290377922,0.115069878867516,0.0838238837237516,0.0225758551809811
"pc2001__28__01",1,"Adilabad",TRUE,651770,15014,251903,244741,297944,270862,99167,267233,4824,229686,210059,198014,164413,20150,78005,362176,242783,445581,198243,566108,74641,2405,2334,962,5320,191052,345214,25190,306433,403530,150289,96998,8338,45202,5512,559211,77594,451499,178594,16783,4952,11831,4894,2011,0.0230357334642589,0.386490633198828,0.457130582874327,0.415579115332096,0.152150298418154,0.410011200270034,0.00740138392377679,0.352403455206591,0.322290071651043,0.303809626095095,0.252256163984228,0.0309158138607177,0.119681789588352,0.555680684904184,0.372497967074275,0.683647605750495,0.304160977031775,0.868570201144576,0.114520459671356,0.00368995197692438,0.008162388572656,0.293127943906593,0.529656167052795,0.0386486030348129,0.470155116068552,0.619129447504488,0.230585942893966,0.148822437362873,0.0127928563757154,0.692727495895791,0.274013839237768,0.0257498810930236,0.0181521088727619,0.857988247387882,0.119051199042607,0.0693526857633828,0.00845697101738343
"pc2001__28__02",1,"Nizamabad",TRUE,590733,11077,188015,246652,250808,450359,10405,114151,1158,242762,129036,254600,197192,32721,92152,159307,243470,382748,189280,545913,37701,1821,1647,654,2997,245523,348963,46837,308270,428744,212631,102049,10088,35036,5261,490840,93887,331665,225861,31165,17631,13534,2042,2011,0.0187512801891887,0.318274076444011,0.424570829799588,0.762373187209789,0.0176137104241679,0.193236199772147,0.00196027647008039,0.410950463238045,0.218433708629787,0.430989973473634,0.333809013547576,0.0553905063708985,0.155996025277071,0.269676825232381,0.412148974240478,0.647920464913929,0.320415483814177,0.924128159422277,0.0638207108795344,0.00308261092574818,0.00507335801453448,0.415624317585102,0.590728806415081,0.0792862426849355,0.521843201581764,0.725783052580438,0.359944340336497,0.172749787128872,0.0170770889725138,0.561446541838699,0.382340245085343,0.0527564906649874,0.0229105196425458,0.830899915867236,0.158933054357891,0.059309366498909,0.00890588472287819
"pc2001__28__03",1,"Karimnagar",TRUE,980739,20703,333987,391275,360619,681510,138728,135427,604,633350,150002,403574,335308,100604,170881,448286,338258,600490,350226,926768,43970,1891,1868,1034,5208,452865,512015,37212,589283,691495,406211,192965,14175,46584,8831,823820,141432,665051,277829,33014,13854,19160,4845,2011,0.0211095918485958,0.340546261543591,0.367701294635984,0.694894360273222,0.141452516928561,0.138086687691628,0.000615862120299081,0.645788532932819,0.152947930081296,0.411499899565532,0.341893205021927,0.102579789322134,0.174236978441767,0.457090010696016,0.344901140874381,0.612283186454296,0.357104183681897,0.944969048849898,0.0448335387906466,0.00192813786338669,0.00531028132867154,0.461758938922588,0.522070601862473,0.0379428165903467,0.600856089132787,0.705075458404326,0.414188688325844,0.19675469212502,0.01445338668086,0.678112117495073,0.283285359305585,0.0336623709264137,0.0195362884518715,0.839999225074153,0.144209621520099,0.0474988758477026,0.00900443441119401
"pc2001__28__04",1,"Medak",TRUE,666764,14839,216040,243247,294506,494042,12577,149702,702,278173,160481,301267,200793,82272,145455,197199,327422,480841,166365,604719,53814,2104,2189,595,3343,293838,357986,69729,349304,482440,232114,119276,14362,47170,8635,570933,90125,392789,244827,26180,16647,9533,2968,2011,0.0222552507333929,0.324012694146655,0.44169451260116,0.740954820596193,0.0188627460390783,0.224520220047873,0.00105284628444247,0.417198589006005,0.24068635979147,0.451834532158305,0.301145532752218,0.123389985062181,0.218150650005099,0.29575531972332,0.491061305049463,0.721156211193166,0.249511071383578,0.906946085871463,0.0807092164543977,0.00315553929126348,0.00501376798987348,0.440692658871805,0.536900612510573,0.10457823157819,0.523879513591016,0.723554361063285,0.34812017445453,0.178887882369174,0.0215398551811436,0.589097491766202,0.367186890713956,0.0392642674169571,0.0142974125777636,0.856274483925347,0.135167765506236,0.0707446712779934,0.0129506092110552
"pc2001__28__05",1,"Hyderabad",TRUE,881512,23982,266075,262592,365135,862054,2021,8759,1280,814362,19270,863553,848856,9725,850570,10132,780414,38369,593174,869721,5802,3678,756,396,1159,868186,519597,288188,746818,799174,229561,439890,124106,274653,149034,437146,422826,806133,59755,10062,4457,5605,5562,2011,0.0272055286825364,0.301839339680004,0.414214440642895,0.97792656254254,0.00229265171659603,0.00993633665792411,0.00145205056766102,0.923824065923096,0.0218601675303342,0.979627049887012,0.962954559892548,0.0110321810707058,0.964898946355807,0.0114938877746418,0.885312962273911,0.043526350180145,0.672905190173248,0.986624118559929,0.00658187296372596,0.00417237655301346,0.00131478641243681,0.984882792293242,0.589438374066377,0.326924647650854,0.847201172530833,0.906594578406193,0.260417328408462,0.499017597037817,0.140787646679796,0.914488968953344,0.0677869388051439,0.0114144787592228,0.00635839330604688,0.495904763633394,0.479659947907686,0.311570347312345,0.169066331484994
"pc2001__28__06",1,"Rangareddy",TRUE,1263714,23323,381047,377843,470112,1099746,12169,110943,1430,907391,155139,1029821,916332,86046,849399,166474,937358,332358,789414,1211352,40526,5484,2063,1413,2876,1028259,781336,265298,949853,1094233,271193,498040,125225,291745,142879,758393,484153,1115830,119288,16577,8047,8530,12019,2011,0.0184559164494498,0.301529459988573,0.372008223379657,0.870249122823677,0.00962955225628584,0.087791224913232,0.00113158515296974,0.718035093383471,0.122764328004596,0.814916191480034,0.725110270203543,0.0680897734772267,0.67214496317996,0.131733920808031,0.741748528543642,0.263000963825676,0.62467773562689,0.958564991762377,0.0320689649715046,0.00433958949572451,0.00227583139856012,0.813680152312944,0.618285466490044,0.209935159379417,0.751636050562073,0.865886585097577,0.214599980691834,0.394108160548985,0.0990928327137311,0.882976686180576,0.0943947760331847,0.0131176832732723,0.00674994500337893,0.600130250990335,0.383119123472558,0.230863154163046,0.11306276578403
"pc2001__28__07",1,"Mahbubnagar",TRUE,873859,36845,308901,328710,430974,681260,9359,166074,3369,290371,254390,279922,181410,40681,80665,455647,350548,718010,140575,757821,100732,3022,4090,1464,6730,231015,448713,60282,362791,570261,151754,121553,12615,60812,6153,800743,66068,558068,195120,112101,79308,32793,8570,2011,0.0421635527012939,0.353490666114327,0.493184827300514,0.779599454831958,0.0107099657953972,0.190046678010983,0.00385531304249313,0.332285872205928,0.291111037364151,0.32032856559239,0.207596420017417,0.0465532769016512,0.0923089422893167,0.521419359416107,0.401149384511689,0.82165429434268,0.160866913312102,0.867211987288567,0.115272601186233,0.00345822380956195,0.00770147128999072,0.264361870736583,0.51348444085373,0.0689836689900774,0.415159653902975,0.652577818618335,0.173659594968982,0.139099099511477,0.0144359673585784,0.638624766695771,0.223285449941009,0.128282709224257,0.0375266490360573,0.916329751138342,0.0756048744705954,0.0695901741585313,0.00704118170093802
"pc2001__28__08",1,"Nalgonda",TRUE,875432,14689,288432,367946,341298,598439,33692,162241,1354,347474,229084,294211,290175,57670,73153,485478,228985,616135,236936,789225,74807,1889,2787,1684,5040,355700,432185,44340,464172,588791,286559,143010,18927,53777,7715,760789,103172,616296,175273,66605,47378,19227,17258,2011,0.0167791444681026,0.329473905454678,0.389862376518108,0.683592786190132,0.038486141699184,0.185326787231904,0.00154666496084219,0.396917179175538,0.261681090021841,0.336075217721079,0.331464922461139,0.0658760474828428,0.083562172733005,0.554558206691096,0.261568002997377,0.703806806239662,0.270650376042914,0.901526332142302,0.0854515256467664,0.00215779181021484,0.00575715760904331,0.406313682844584,0.493681976441346,0.0506492794414643,0.530220508274772,0.67257194162425,0.327334390335286,0.163359347156604,0.0216201829496751,0.703990715441062,0.200213151906716,0.0760824370139543,0.0219628709025944,0.869044083378264,0.117852671595281,0.0614291001471274,0.00881279185590657
"pc2001__28__09",1,"Warangal",TRUE,888553,17090,295996,355131,335697,597926,73608,174218,1205,461825,210483,314955,253585,106071,85782,528545,272987,621914,241201,828077,50790,1494,2240,1402,4550,388583,428950,71400,462819,568508,311837,139404,15727,59006,12952,761465,117060,586665,221477,72257,37258,34999,8154,2011,0.0192335178655634,0.333121378240803,0.377801886888008,0.672921030034224,0.0828403032796018,0.19606933970174,0.00135613745043908,0.519749525351892,0.236882887120971,0.354458315936134,0.285390967111697,0.119374983822012,0.0965412305174818,0.594837899371225,0.307226468201672,0.699917731412758,0.271453700567102,0.931938781367009,0.0571603494670549,0.00168138535349045,0.00512068497883638,0.437321127721138,0.482751169598212,0.0803553642832785,0.520868198070346,0.639813269439189,0.350949239944044,0.156888784349386,0.0176995632224527,0.660247616067922,0.249255812540164,0.0813198537397319,0.0393887590273174,0.856971953276845,0.131742282114854,0.0664068434859823,0.0145765080979975
"pc2001__28__10",1,"Khammam",TRUE,747586,26524,314465,277481,305375,468045,52581,210458,5356,354579,152392,298007,320268,37554,75870,464652,236576,496544,236009,668519,70022,1773,2257,968,4047,360531,340102,35761,416734,427722,267852,115078,11887,42171,8628,616617,115379,513352,75331,149291,51095,98196,9612,2011,0.0354795301142611,0.420640568442962,0.408481432236559,0.626075127142563,0.0703343829338698,0.281516775327521,0.00716439312667706,0.474298609123231,0.203845443868665,0.398625709951765,0.42840288608936,0.0502336854890273,0.101486651702948,0.62153651887542,0.316453224110671,0.664196493781318,0.315694782941361,0.894236917224239,0.093664140312954,0.00237163349768455,0.00541342400740517,0.482260234942869,0.454933612989007,0.0478352992164112,0.557439545416848,0.572137519964258,0.358289213548675,0.153932791678817,0.0159005117805844,0.686679525833817,0.100765664418542,0.199697426115524,0.13135077435907,0.824810790999296,0.154335420941537,0.0564095635819825,0.0115411471054835
"pc2001__28__11",1,"Srikakulam",TRUE,689323,15727,268373,227978,283276,179917,209003,282509,11644,107308,187026,149744,130895,13539,53965,419292,435711,526149,154564,615432,69572,931,1396,256,1736,146386,331482,19494,297418,332230,180824,64087,5264,32280,3988,610487,68045,507274,48742,131719,107127,24592,1588,2011,0.0228151389116568,0.389328370009415,0.410948133168341,0.261005363233201,0.303200386466141,0.409835447243165,0.0168919360009749,0.155671579216129,0.271318380497967,0.217233430481792,0.189889210138063,0.0196410100925111,0.078286956912797,0.608266371497832,0.632085393929986,0.763283685587163,0.224225798355778,0.892806420212295,0.100928011976969,0.00135060051673889,0.00251841299361838,0.212361984149666,0.48088051610058,0.0282799210239612,0.431463914594464,0.481965638749904,0.262321146980443,0.0929709294481687,0.00763647810968153,0.735901747076479,0.0707099574510063,0.191084585890794,0.0356755831446216,0.885632714997178,0.0987127950177203,0.046828554973503,0.00578538653142286
"pc2001__28__12",1,"Vizianagaram",TRUE,596605,16303,251246,195525,264865,259205,78249,246172,5179,95138,104524,182467,123698,6188,65004,245060,310682,446816,142827,527736,65540,758,1166,195,1210,131289,322947,28633,278230,265587,168297,61858,5002,24128,4453,514227,68076,440744,33239,121279,93179,28100,1343,2011,0.0273262879124379,0.421126205781044,0.443953704712498,0.434466690691496,0.131157130764911,0.412621416179885,0.0086807854443057,0.159465643097192,0.175197995323539,0.305842223916997,0.207336512432849,0.0103720216893925,0.108956512265234,0.410757536393426,0.52074990990689,0.74893103477175,0.23939960275224,0.884565164556113,0.109854929140721,0.00127052237242397,0.00202814257339446,0.220060173816847,0.541307900537206,0.0479932283504161,0.466355461318628,0.445163885652986,0.28209116584675,0.103683341574409,0.00838410673728849,0.738753446585262,0.0557135793364119,0.203281903436947,0.0470998399275903,0.861922042222241,0.114105647790414,0.0404421686040177,0.00746389990026902
"pc2001__28__13",1,"Visakhapatnam",TRUE,1126166,25656,523309,370496,533727,634191,92869,319590,7456,384258,247081,604286,547404,22116,263841,459163,683260,585271,505469,1010250,106249,4369,1966,548,2784,577722,584782,181071,666976,657824,297276,241192,46469,124729,45492,817426,287779,867604,130576,122919,96944,25975,5067,2011,0.0227817213448106,0.46468193854192,0.473932794987595,0.56314166827981,0.0824647520880581,0.283785871709854,0.00662069357448191,0.341209022470932,0.219400159479153,0.536586968528618,0.486077540966429,0.0196383126466258,0.234282512524797,0.407722307368541,0.606713397492022,0.51970224638286,0.448840579452763,0.897070236537065,0.0943457714049261,0.0038795346334377,0.00247210446772501,0.512998971732409,0.519268029757602,0.160785354912153,0.592253717480371,0.584127029230149,0.263971741288584,0.214170912636325,0.041263010959308,0.770405073497158,0.115947382535079,0.109148207280277,0.0230649833150708,0.725848587153226,0.255538703885573,0.110755430371721,0.0403954656773513
"pc2001__28__14",1,"East Godavari",TRUE,1407410,32692,619064,539067,584953,908806,127973,342767,12207,613789,235274,736857,743966,50195,184231,718824,642943,885781,489519,1297273,102146,2776,1397,523,3295,800168,551705,113126,821421,732492,779052,232073,25381,93784,22411,1088823,278383,1026698,154878,218562,109889,108673,7272,2011,0.0232284835264777,0.439860452888639,0.415623734377331,0.645729389445862,0.0909280167115482,0.243544525049559,0.00867337875956544,0.436112433477096,0.167168060479889,0.523555325029664,0.528606447303913,0.0356648027227318,0.130900732551282,0.510742427579739,0.456827079529064,0.629369551161353,0.347815490866201,0.921744907312013,0.0725772873576286,0.00197241741923107,0.0023411798978265,0.568539373743259,0.392000198947002,0.0803788519336938,0.583640161715492,0.520453883374425,0.553535927696975,0.164893669932713,0.0180338352008299,0.729494603562572,0.110044692022936,0.155293766564114,0.0772148840778451,0.773635969617951,0.197798083003531,0.0666358772496998,0.0159235759302549
"pc2001__28__15",1,"West Godavari",TRUE,1075780,22581,460965,415975,425228,900503,22341,126299,18666,593261,143553,622255,661410,30148,109796,538199,500131,605916,439383,1017568,52448,1026,1246,316,3176,694857,468728,70135,648607,578252,605463,182698,14687,55613,12050,836015,207958,767881,107779,195070,86466,108604,5050,2011,0.0209903511870457,0.428493744074067,0.395274126680176,0.837069846994739,0.0207672572459053,0.117402256967038,0.0173511312721932,0.55147056089535,0.133440852218855,0.578422168101285,0.61481901504025,0.0280243172395843,0.102061759839372,0.500287233449218,0.464900816152001,0.563234118500065,0.408432021417018,0.9458885645764,0.0487534626038781,0.000953726598375132,0.00295227648775772,0.645909944412426,0.43570990351187,0.0651945565078362,0.602917882838499,0.537518823551284,0.562813028686163,0.16982840357694,0.0136524196397033,0.71378999423674,0.100186841175705,0.181328896242726,0.100953726598375,0.777124505010318,0.193309040881965,0.0516955139526669,0.0112011749614233
"pc2001__28__16",1,"Krishna",TRUE,1227257,34503,580567,383621,507893,903992,91871,205072,7689,611878,227575,768798,820621,32758,249340,489995,583886,531514,645108,1163932,53310,3440,1850,660,4065,863417,648787,112568,794346,743696,525079,212111,27969,101450,30438,863382,328243,889413,104808,224923,113593,111330,8113,2011,0.0281139158301806,0.47306065477728,0.413844044075528,0.736595513409172,0.074858811153654,0.167097845031644,0.00626519139837866,0.498573648388235,0.185433857782029,0.626436027661688,0.668662716937039,0.0266920457573271,0.203168529493008,0.399260301632013,0.4757650598041,0.433091031462848,0.525650291666701,0.948401190622665,0.0434383344319894,0.00280299888287457,0.00331226466828056,0.703533978620615,0.528648033785914,0.0917232494905305,0.647253183318571,0.60598228406927,0.427847630936308,0.1728334000132,0.0227898476032322,0.724716175992478,0.0854002054989297,0.183272941201395,0.0907144958227983,0.703505459736632,0.26746068671843,0.0826640222871004,0.0248016511619001
"pc2001__28__17",1,"Guntur",TRUE,1287831,42165,655609,387589,600027,739450,72390,428749,10071,554667,267760,723742,698011,58852,172335,442520,561592,594034,656420,1186028,90231,2960,2187,1001,5424,762845,620301,106907,816849,733133,454586,190079,17424,80434,19383,981115,276073,963523,126402,186484,75217,111267,11422,2011,0.0327410972402435,0.509079995744783,0.465920606042252,0.574182482018215,0.0562107916333743,0.332923341649642,0.0078201254667732,0.430698593216035,0.207915479593207,0.561985229428395,0.542005123343047,0.0456985427435743,0.133818024259394,0.343616514899859,0.43607585156748,0.461267045132475,0.509709736758938,0.920950031487051,0.0700643174453791,0.00229843822675491,0.00421173275064818,0.592348685502989,0.481663354896722,0.0830132214552996,0.634282759150851,0.569277335302536,0.352985756671489,0.147596229629509,0.0135297255618167,0.748175032282963,0.0981510772764439,0.144804714283163,0.0863987588433576,0.761835209744136,0.214370519113145,0.0624569528144609,0.01505088788824
"pc2001__28__18",1,"Prakasam",TRUE,857276,29883,468295,259658,450784,481021,95471,244709,8584,197300,253399,342807,278956,39145,67786,482397,303878,549581,295836,763746,84769,1920,1893,502,4446,321332,497558,40847,468022,494689,226045,105940,9071,43611,6151,717208,127205,680355,79570,89217,43931,45286,8134,2011,0.0348580853774047,0.546259314386499,0.525832987275976,0.561104008510678,0.111365534553633,0.285449493512008,0.0100131112967119,0.230147583741992,0.295586252268814,0.399879385402134,0.325398121491795,0.0456620738245326,0.0790713842449806,0.562709092520962,0.354469272439681,0.641078252511443,0.345088396269113,0.890898613748664,0.0988818070259753,0.00223965210737265,0.0051861944111348,0.374829109878266,0.580394178770898,0.0476474320988806,0.545940863852482,0.577047531950037,0.263678208651589,0.123577470966177,0.0105811897218632,0.793624223703918,0.0928172490539803,0.104070334408055,0.0528254611117073,0.836612712825274,0.148382784540801,0.0508715979451192,0.00717505214190062
"pc2001__28__19",1,"Sri Potti Sriramulu Nellore",TRUE,772625,40879,448020,189516,392858,529838,57124,167584,2591,338967,107370,336840,278326,21976,113877,423662,307555,508355,237170,696024,71049,1098,1377,523,2554,306095,417498,41899,486148,443579,162980,108096,11661,39583,10201,624970,130421,609118,46307,112939,73633,39306,4261,2011,0.0529092379873807,0.579867335382624,0.508471768322278,0.685763468694386,0.0739349619802621,0.216902119398156,0.00335350266947096,0.438721242517392,0.138967804562369,0.435968289920725,0.360234266299951,0.0284432939653778,0.147389742760071,0.548341045138327,0.398065038019738,0.657958259181362,0.306966510273419,0.90085617214043,0.0919579356091247,0.00142112926710888,0.00330561397832066,0.396175376152726,0.540363048050477,0.0542294127163889,0.629215984468533,0.574119398155638,0.210943213072318,0.139907458340074,0.0150927034460443,0.788374696651027,0.0599346384080246,0.146175699724964,0.050873321469018,0.808891765086556,0.168802459149005,0.0512318395081702,0.0132030415790325
"pc2001__28__20",1,"Y.S.R.",TRUE,703136,30731,321056,224198,337068,598146,5447,82945,2164,238688,89559,377834,202132,106296,173628,317363,315632,464574,213936,671764,27291,1709,674,409,1289,314726,423213,54033,409629,439641,130524,98736,7558,39923,6667,559338,136435,531145,109366,50363,43867,6496,12262,2011,0.043705627360852,0.456605834433168,0.47937810039594,0.850683224866882,0.00774672325126291,0.117964376735084,0.0030776407409093,0.339462067082328,0.12737080735448,0.537355504482774,0.287472124880535,0.151174168297456,0.246933736858872,0.45135364993401,0.448891821781277,0.660717130114231,0.304259773358212,0.955382742456651,0.0388132594547854,0.00243053975333364,0.00183321576480226,0.447603308606016,0.601893517043644,0.076845731124562,0.582574352614572,0.625257418195058,0.18563122923588,0.140422336503891,0.0107489873936194,0.755394404496427,0.155540322213626,0.0716262572247759,0.00923861102261867,0.795490488326583,0.194037853274473,0.056778489509853,0.0094818072179493
"pc2001__28__21",1,"Kurnool",TRUE,877182,43728,392955,311418,489919,696977,20574,138946,9649,227045,218712,514412,286588,58115,168567,337123,417880,648711,201594,816721,50591,3649,1806,779,3636,353289,511370,79714,543044,572406,271815,118153,10622,56478,10081,710444,156505,476529,280800,100940,58369,42571,18913,2011,0.0498505441288125,0.447974308638344,0.558514652603451,0.794563727937874,0.0234546536522637,0.158400423173298,0.0109999977199715,0.258834540608448,0.249334801671717,0.586437022191518,0.326714410464419,0.066251929474157,0.1921687859532,0.384325031749398,0.476389164392338,0.739539799038284,0.229820037346868,0.931073597041435,0.0576744620842653,0.00415991208209927,0.00414509189655054,0.402754502486371,0.582969098773117,0.0908750977562239,0.619077910855444,0.652551009938644,0.309872979609705,0.134696106395252,0.0121092316075797,0.543249861488266,0.320116007852418,0.11507304071447,0.0485315476149761,0.809916300152078,0.178417933792531,0.0643857261092909,0.0114924838858983
"pc2001__28__22",1,"Anantapur",TRUE,961165,35618,382272,383822,470138,819675,7181,117001,670,225275,207645,533253,235452,96437,189549,471072,477260,703144,229107,897970,55180,2255,2372,717,2671,353948,610085,63528,559461,581087,206433,144214,9915,48299,8606,779195,172680,707401,164229,49579,39782,9797,39956,2011,0.0370571129826825,0.397717353420068,0.489133499451187,0.852793224888547,0.00747114179147181,0.121728319279208,0.0006970707422763,0.234377032039244,0.216034707880541,0.554798603777707,0.244965224493193,0.10033344951179,0.197207555414523,0.490105236874002,0.496543257401175,0.731553895533025,0.238363860523427,0.934251663346044,0.0574094978489645,0.00234611122960158,0.00277891933226865,0.368248947891361,0.634734931047219,0.0660947912169086,0.582065514245733,0.604565293159863,0.214773738119886,0.150040835860648,0.0103156065815963,0.735982895756712,0.170864523781037,0.0515821945243533,0.0101928388986282,0.810677667205943,0.179656978770554,0.0502504772853776,0.00895371762392513
"pc2001__28__23",1,"Chittoor",TRUE,1022116,40738,450875,323930,467755,835606,10657,135531,1042,342011,140697,508160,337857,32299,217876,437944,596675,649428,333227,944555,69695,2553,2473,488,2352,382377,659766,93489,611465,632803,225856,186568,16296,67087,13763,815953,196720,835208,65882,114397,98544,15853,6629,2011,0.0398565329179858,0.441119207604616,0.457633967181807,0.81752560374752,0.010426409526903,0.132598452621816,0.00101945376062991,0.334610748682146,0.137652673473461,0.497164705375906,0.330546630715105,0.0316001314919246,0.213161715500002,0.428468001674957,0.583764465090068,0.635376023856392,0.326016812181788,0.924117223485397,0.0681869768206348,0.0024977595497967,0.00230110868042375,0.374103330737411,0.645490335734887,0.0914661349592414,0.598234446970794,0.61911074672542,0.220969048522868,0.182531141279463,0.0159433958572217,0.817136215458911,0.064456480477754,0.111921738824165,0.0155099812545738,0.79829784486301,0.192463477726599,0.0656354073314575,0.0134652035581089
"pc2001__29__02",1,"Bagalkot",TRUE,355377,53319,130842,104623,182732,225386,14916,99744,10534,102487,86279,196757,62101,3249,40945,220466,308409,299531,51058,301389,49877,627,1116,146,2222,66813,224914,37022,161280,234284,153879,69279,9726,26297,3745,287059,54451,152002,159672,40655,26636,14019,3048,2011,0.150035033218244,0.368178019399117,0.514191970780326,0.634216620659187,0.0419723279784567,0.280670949442423,0.0296417607217124,0.288389513108614,0.242781609389465,0.553657102175999,0.174746818167749,0.00914240370085852,0.115215672370469,0.620372168148192,0.86783612895601,0.842854208347755,0.143672775672033,0.848082458909834,0.140349544286772,0.00176432352121831,0.00625251493484384,0.18800597675145,0.632888453670328,0.104176691232128,0.453827906701897,0.659254819529683,0.433002135760052,0.19494508648562,0.0273681189272238,0.427720420848845,0.449303134417815,0.114399637567991,0.0394482479170008,0.807759084015004,0.153220382861018,0.0739974731060254,0.010538104604406
"pc2001__29__05",1,"Bidar",TRUE,313521,5493,116748,106321,179763,158928,52385,93538,1810,92061,100961,139240,61864,5489,28931,177981,160288,269773,36377,271439,37907,539,564,497,2575,72805,152132,21485,116314,187983,102869,44813,9724,36072,3971,278386,30830,232495,71056,5496,2973,2523,4474,2011,0.0175203574880152,0.372376969963734,0.573368291119255,0.506913412498684,0.167086096306149,0.29834684120043,0.00577313800351492,0.293635833006402,0.322023086172856,0.444116980999678,0.197320115717926,0.0175075991719853,0.0922777102650221,0.567684461327949,0.511251239948839,0.860462297581342,0.11602731555462,0.865776136207782,0.120907371436044,0.00171918308502461,0.00821316594422702,0.232217299638621,0.48523703356394,0.0685281049754243,0.370992692674494,0.599586630560632,0.328108802919103,0.14293460406161,0.0310154662686072,0.741561171340995,0.226638725954561,0.0175299262250376,0.00804730783583875,0.887934141572654,0.0983347208002016,0.115054493957343,0.0126658182386507
"pc2001__29__06",1,"Raichur",TRUE,359337,46601,142428,106973,198485,219549,19011,76635,33342,86575,130909,188808,63689,7075,37946,228846,250016,296282,56388,314547,40009,1101,731,243,2706,74326,181738,43144,162411,242634,120959,70603,11104,33903,5200,300223,48296,165819,116342,72552,31994,40558,4624,2011,0.129686060717377,0.396363302415282,0.552364493497747,0.610983561392231,0.0529057681229598,0.213267768139657,0.0927875504053298,0.240929823536123,0.364307043249095,0.525434341579075,0.177240306453274,0.0196890384235411,0.105600035621158,0.636856210187095,0.695770265795062,0.824524054021712,0.156922331961362,0.875353776538458,0.111341164422255,0.00306397615608746,0.00753053540269997,0.206842045211041,0.505759217670321,0.120065565193676,0.451974052212825,0.675226876163601,0.336617158823055,0.196481297500675,0.0309013544388694,0.461458185491614,0.323768495868781,0.20190517536463,0.112868978145863,0.83549147457679,0.134403081230154,0.0943487589644262,0.0144710953784331
"pc2001__29__07",1,"Koppal",TRUE,259396,59149,102488,63971,134089,186903,6680,57314,6563,58883,73097,165012,39452,7984,12795,152286,209512,222601,32770,223166,33221,388,529,215,1877,47931,158016,27892,113995,166636,97577,45100,6211,15263,2135,212484,41112,129218,81555,44826,32096,12730,3797,2011,0.228025875495382,0.395102468812164,0.516927786087681,0.720531542506438,0.0257521318755879,0.220951749448719,0.0253010840568089,0.227000416351833,0.281796943669139,0.636139339080017,0.152091782448457,0.0307791947447146,0.049326126848525,0.587079214791284,0.807691714598529,0.858151243658345,0.126331940353745,0.860329380560996,0.128070594766303,0.00149578251013894,0.00723604064827522,0.184779256426468,0.609168992582769,0.107526715909266,0.439463214544557,0.642400037009052,0.376170025752132,0.17386544125584,0.0239440854909097,0.498149547410137,0.314403460346343,0.172809141235794,0.0490755447269811,0.819149100217428,0.158491264321732,0.0588405372480686,0.00823065891532637
"pc2001__29__08",1,"Gadag",TRUE,215602,68420,82050,41892,97359,156686,5545,29366,21517,63805,54924,157598,40395,4322,23306,100545,196828,179019,33523,198064,16236,370,293,88,551,45668,156994,29345,104708,128416,73191,30957,5205,15625,3373,175742,32788,95363,72217,46186,36120,10066,1836,2011,0.317343994953665,0.380562332445896,0.451568167271176,0.726737228782664,0.0257186853554234,0.136204673426035,0.0997996308011985,0.295938813183551,0.25474717303179,0.730967245201807,0.187359115407093,0.0200461962319459,0.108097327483047,0.466345395682786,0.912922885687517,0.83032161111678,0.155485570634781,0.918655671097671,0.0753054238828953,0.00171612508232762,0.0025556349198987,0.21181621691821,0.728165786959305,0.136107271732173,0.485654121946921,0.595615996141038,0.339472732163895,0.143584011280044,0.0241417055500413,0.442310368178403,0.334955148839065,0.214218792033469,0.0466878785911077,0.815122308698435,0.152076511349616,0.0724714984091057,0.0156445673045705
"pc2001__29__09",1,"Dharwad",TRUE,372054,68799,115921,96553,157228,300159,3467,40704,24895,213137,52813,316091,197887,12686,150280,119499,357222,209858,142902,347962,22217,414,433,178,850,212091,267629,77142,233604,266330,111313,91208,21127,49585,15013,275419,87134,204509,120931,44972,37551,7421,1642,2011,0.184916705639504,0.311570363441866,0.422594569605487,0.806761921656534,0.00931853978185962,0.109403473689303,0.0669123299306015,0.572865766797293,0.141949824487843,0.849583662586614,0.53187709311014,0.034097200943949,0.403919861095432,0.32118724701253,0.960134819139157,0.564052530009085,0.384089406376494,0.935245958919942,0.0597144500529493,0.00111274169878566,0.00228461459895607,0.570054346949636,0.719328377063545,0.207340869873728,0.627876598558274,0.715836948399963,0.299185064533643,0.245147209813629,0.0567847678025233,0.549675584726948,0.325036150666301,0.120874926757944,0.019946029339827,0.740266197917507,0.234197186429927,0.133273664575572,0.0403516693813264
"pc2001__29__11",1,"Haveri",TRUE,325456,72544,101720,85670,140874,244655,3257,70577,3193,91633,69107,243224,79822,39861,21638,105051,305423,278954,44106,295937,27487,392,350,100,1190,121420,210416,35550,155076,194815,117943,47577,5681,17819,2456,280133,37221,143965,153288,26674,20660,6014,1529,2011,0.222899562460056,0.31254608917949,0.432851138095472,0.751729880536847,0.010007497173197,0.216855734722973,0.00981085000737427,0.281552652278649,0.212338995132983,0.747332972813529,0.245262032348459,0.12247738557593,0.0664851777198761,0.322780959638169,0.938446364485522,0.857117398357996,0.135520623371516,0.909299567376235,0.0844568851088934,0.00120446389066418,0.00365640823951625,0.373076544909296,0.646526719433656,0.10923135539059,0.476488373236321,0.598590900152402,0.362393073103584,0.146185659505432,0.0174555085787326,0.442348581682316,0.470994543041148,0.0819588515805516,0.018478688363404,0.860740007865887,0.114365689985743,0.0547508726217983,0.00754633498844698
"pc2001__29__13",1,"Chitradurga",TRUE,354143,84834,126039,87957,159753,232128,5115,112447,1795,86859,76978,207139,38081,63566,30825,185216,283537,283877,62476,307257,41592,1967,546,173,2608,107142,190436,50130,174344,206637,102607,55959,7425,28897,5711,298987,46758,217148,103123,30987,10808,20179,2885,2011,0.239547301513795,0.355898605930373,0.451097438040566,0.655464035714387,0.014443318094668,0.317518629480182,0.00506857399412102,0.245265330671508,0.217364172099971,0.584902144049155,0.107530009064135,0.179492464908243,0.0870411105118554,0.522997772086417,0.800628559649633,0.801588623804508,0.176414612176437,0.867607153042697,0.117444083322274,0.00555425350776381,0.00736425681151399,0.302538804946025,0.537737580581855,0.141552988482054,0.492298308875228,0.583484637561663,0.28973324335085,0.15801244130196,0.0209661069116148,0.613164738537822,0.291190281891778,0.0874985528444724,0.0569798075918485,0.844255004334407,0.132031411040173,0.081596982010092,0.0161262540838023
"pc2001__29__16",1,"Udupi",TRUE,246313,8135,29731,69413,66716,45737,181067,12889,3095,185404,27194,220845,184927,29634,18147,179906,238196,157919,86561,224814,19643,933,393,113,417,214808,230832,78521,173033,220948,79637,65169,21349,24817,9070,220662,21037,193637,49870,2362,1291,1071,444,2011,0.0330270834263721,0.120704144726425,0.270858622971585,0.185686504569389,0.735109393332873,0.0523277293524905,0.0125653132396585,0.752717071368543,0.110404241757439,0.896603102556503,0.750780510975872,0.120310336847832,0.0736745522972803,0.730395878414862,0.967045994324295,0.641131405975324,0.35142684308177,0.91271674657854,0.0797481253527016,0.00378786340956425,0.00169296789044833,0.872093636957854,0.937149074551485,0.318785447783917,0.702492357285243,0.897021269685319,0.323316268325261,0.264577996289274,0.0866742721659027,0.786142022548546,0.202465968097502,0.0095894248375035,0.00434812616467665,0.895860145424724,0.0854075911543443,0.10075391879438,0.0368230665860105
"pc2001__29__20",1,"Bangalore",TRUE,2377056,166274,789220,754239,882820,1880155,19282,400927,9959,1826106,152054,2287438,1906695,330756,1832088,111827,2283507,166376,1813770,2330631,35488,2646,2167,1911,4213,2254599,1590792,1008239,2042977,2180792,545433,1053876,414862,790103,430880,912272,1394999,2218103,135134,16967,5867,11100,6852,2011,0.069949551041288,0.332015737113471,0.371392175867964,0.790959489385189,0.00811171465880484,0.168665357484216,0.00418963625594012,0.768221699446711,0.0639673613074324,0.962298742646366,0.80212456080126,0.139145228383345,0.770738257744033,0.0470443271004133,0.960645016356367,0.0699924612630077,0.763032086749324,0.98046953879084,0.0149293916508488,0.00111314163402124,0.00177236043240041,0.948483754694883,0.669227817939502,0.424154500356744,0.859456823903181,0.917434002396241,0.229457362384395,0.443353459068697,0.174527651010325,0.933130309088217,0.056849312763351,0.00713782090114831,0.00466964177537256,0.383782292045286,0.58685996459486,0.33238720501326,0.181266238574102
"pc2001__29__22",1,"Mandya",TRUE,426578,80635,177214,110578,202338,330827,8291,84217,805,160714,57395,367498,65597,91950,52177,148939,393170,325613,83448,391033,33480,408,352,170,1135,159818,235721,103964,236020,265094,192330,96273,8188,20265,3367,370797,47339,280612,127999,17296,11636,5660,671,2011,0.189027563540548,0.4154316443886,0.47432825884129,0.775536947521907,0.019436070308361,0.197424621054063,0.00188711091523707,0.376751731219144,0.134547491900661,0.861502468481731,0.153774925101623,0.215552607026148,0.122315262390466,0.349148338639123,0.921683724899081,0.763314094960359,0.19562190267665,0.916674090084346,0.0784850601765679,0.000956448762008355,0.00266070917862618,0.374651294722184,0.552585928013165,0.243716272287835,0.553286854924539,0.621443206166281,0.450867133326144,0.225686744276545,0.0191946138806971,0.657821078442864,0.300060012471342,0.0405459259502365,0.0132683823357041,0.869236106878461,0.110973843001749,0.0475059660835767,0.00789304652373071
"pc2001__29__23",1,"Hassan",TRUE,429292,82124,147647,110817,168015,272269,12311,140251,2021,147920,64031,390343,74993,95056,49323,216949,413074,314804,97500,400702,26408,374,411,98,1299,171212,318373,94906,272295,307439,138247,97603,14979,23444,4851,363138,57085,208494,214719,5573,3166,2407,506,2011,0.191301025875162,0.343931403333861,0.391376964863077,0.634227984681755,0.0286774503135395,0.32670303662775,0.00470775136736767,0.344567334122229,0.149154887582345,0.90927154477605,0.174689954622961,0.221425044025978,0.114893825181927,0.505364646907,0.962221518220698,0.733309728576354,0.227118138702794,0.933401973481919,0.0615152390447528,0.000871201885895847,0.00302591243256338,0.398824110395721,0.74162341716128,0.221075631504896,0.634288549518742,0.716153573791266,0.322034885346105,0.227358068633937,0.0348923343551708,0.485669427802055,0.500170047426926,0.012981839866571,0.00560690625495001,0.845899760535952,0.132974758439477,0.0546108476281878,0.0113000009317667
"pc2001__29__24",1,"Dakshina Kannada",TRUE,425291,8283,47218,97003,90718,185763,183427,37994,10517,337171,30556,392788,303791,89910,87088,217860,412632,238911,178706,386300,35795,1714,375,251,856,394069,368706,147263,285365,375945,69944,97610,47655,55233,23305,359286,55501,295018,125391,4146,2714,1432,736,2011,0.0194760763806429,0.111025156892575,0.213308064360638,0.43679033885034,0.431297629152745,0.089336477846933,0.0247289502952096,0.792800694112972,0.0718472763354973,0.923574681806105,0.714313258451272,0.211408188746059,0.204772732082268,0.512261016574534,0.970234498261191,0.561758889795458,0.420196994528452,0.908319244940523,0.084165900524582,0.0040301816873623,0.00201273951247499,0.926586737081199,0.866949923699302,0.346264087413089,0.670987629646524,0.883971210300712,0.164461509883821,0.229513439033509,0.112052688629668,0.69368502977961,0.294835771271906,0.00974861918074918,0.00336710628722451,0.844800383737253,0.130501233273218,0.129871076509966,0.054797773759614
"pc2001__29__25",1,"Kodagu",TRUE,138303,4335,22464,32490,25290,66724,46039,16972,5393,76018,17785,115072,92593,19804,28860,49684,130994,94874,41917,113931,22033,1116,211,158,854,112626,95808,65260,83016,104109,20075,22161,16963,10758,3308,93366,22511,76291,59313,2517,1082,1435,182,2011,0.0313442224680593,0.162425977744517,0.182859373983211,0.482447958468001,0.332885042262279,0.122716065450496,0.0389940926805637,0.549648236119245,0.128594462882222,0.832028227876474,0.669493792614766,0.143192844696066,0.208672263074554,0.359240218939575,0.947152267123634,0.685986565728871,0.303080916538325,0.823778226068849,0.159309631750577,0.00806923927897443,0.0061748479787134,0.814342422073274,0.692739853799267,0.471862504790207,0.600247283139194,0.752760243812499,0.145152310506641,0.160235135897269,0.122650990940182,0.551622162932113,0.42886271447474,0.0181991713845687,0.0103757691445594,0.675082970000651,0.162765811298381,0.0777857313290384,0.0239184977910819
"pc2001__30__01",1,"North Goa",TRUE,179085,5858,33147,47399,44657,150059,23190,461,1221,144020,8061,145704,131859,7870,71104,64201,165685,37931,133552,173951,4026,301,90,128,589,140924,156177,57581,146307,158921,41713,101378,44342,56266,23440,145651,26362,148890,27836,1284,548,736,1075,2011,0.0327107239578971,0.185090878633051,0.24936203478795,0.837920540525449,0.129491582209565,0.00257419661054806,0.0068179914565709,0.804199123321328,0.0450121450707764,0.813602479269621,0.736292821844376,0.0439456124186839,0.397040511488958,0.358494569617779,0.925175196135913,0.211804450400648,0.74574643325795,0.971332049026998,0.0224809448027473,0.00168076611664852,0.0032889410056677,0.786911243264372,0.872083089035933,0.321528882932686,0.816969595443504,0.88740542200631,0.232922913700198,0.566088728815925,0.247603093503085,0.831392913979395,0.155434570176173,0.00716977971354385,0.00410978027193791,0.813306530418516,0.147203841751124,0.314186001060949,0.130887567356283
"pc2001__31__01",1,"Lakshadweep",TRUE,10703,55,804,2099,2556,2168,7678,271,39,8956,213,10277,10424,43,1220,8096,7238,7035,1928,10669,22,4,0,5,3,10467,9127,2165,6855,10023,9027,4109,245,1501,327,8934,1582,10370,183,119,6,113,31,2011,0.00513874614594039,0.0751191254788377,0.238811548164066,0.202560029898159,0.717368961973278,0.0253200037372699,0.00364383817621228,0.836774736055312,0.0199009623470055,0.960198075305989,0.973932542277866,0.0040175651686443,0.113986732691769,0.756423432682426,0.676258992805755,0.65729234793983,0.180136410352238,0.996823320564328,0.00205549845837616,0.000373726992432028,0.000280295244324021,0.97795010744651,0.852751564981781,0.202279734653835,0.640474633280389,0.936466411286555,0.84340839017098,0.383911052975801,0.0228907782864617,0.968887227880034,0.0170980099037653,0.0111183780248528,0.0105577875362048,0.834719237596935,0.147809025506867,0.140241053910119,0.0305521816313183
"pc2001__32__01",1,"Kasaragod",TRUE,267762,4610,24778,62566,54611,36736,167502,40573,7297,195593,31854,230141,188258,57109,38367,164934,257398,190217,75845,237670,28514,794,380,194,210,245747,220790,75335,179664,239445,27736,34267,19438,32484,10378,240351,22502,233709,26811,6112,2540,3572,1130,2011,0.0172167820676571,0.0925374026187435,0.203953510953757,0.137196465517885,0.625562999977592,0.151526355494805,0.0272518131773739,0.730473330793765,0.118963855961638,0.859498360484311,0.703079600540779,0.213282691345299,0.143287695789544,0.615972393394134,0.96129398495679,0.710395799254562,0.283255278941747,0.887616614754894,0.106490091947326,0.00296531994831231,0.000784278575750106,0.917781462642197,0.824575555904124,0.281350602400639,0.670983933493177,0.894245636049925,0.103584526557166,0.127975590262995,0.0725943188353837,0.872823626952293,0.100129966163981,0.0228262412142126,0.0133402051075209,0.897629237905304,0.0840373167215662,0.121316691688888,0.0387583002815934
"pc2001__32__02",1,"Kannur",TRUE,543209,4650,23733,88368,61573,63652,441505,13746,3774,440610,39088,487484,412318,117871,186438,229089,528730,421465,119447,511167,30442,538,522,408,132,530436,470411,239332,423337,503214,66300,76530,44108,83940,32653,507341,28563,465667,71196,3684,1679,2005,2662,2011,0.00856024108584357,0.0436903659549087,0.113350478360999,0.117177734536799,0.812771879700079,0.0253051771969905,0.00694760211999433,0.811124263405061,0.0719575706588072,0.897415175374488,0.759041179361903,0.216990145597735,0.343215962916667,0.421732703250498,0.973345434261951,0.775880001988185,0.219891423006614,0.941013495726323,0.0560410449753226,0.000990410689071794,0.000243000392114269,0.976486030238822,0.865985283748981,0.440589165496153,0.77932618936726,0.926372722101438,0.122052469675576,0.140885000064432,0.0811989492073953,0.857251996929359,0.131065575128542,0.00678192003446187,0.00369102868325083,0.933970166179132,0.0525819712118172,0.154526158439937,0.0601113015432366
"pc2001__32__03",1,"Wayanad",TRUE,185403,2440,19130,41316,31322,41863,122091,6025,3431,111648,29882,137182,128405,41661,23644,113945,167055,158975,25246,149864,34645,545,242,80,27,170170,140037,48187,109972,155220,15359,22721,13027,15944,4712,166448,12409,140429,31820,7623,2757,4866,5531,2011,0.0131605205956754,0.103180638932488,0.16894009266301,0.225794620367524,0.658516852478115,0.0324967772905509,0.018505633673673,0.602190903059821,0.161173228049169,0.739912514899975,0.692572396347416,0.224705101859193,0.127527602034487,0.614580130850094,0.901037200045307,0.857456459712087,0.136168238917385,0.808314860061596,0.186863211490645,0.00293954251009962,0.000145628711509522,0.91783843842872,0.755311402728111,0.259904100796643,0.593151135634267,0.837203281500299,0.082841162224991,0.122549257563254,0.0702631564753537,0.75742571587299,0.171626133341963,0.0411158395495219,0.0262455300076051,0.897763250864333,0.0669298770785802,0.085996450974364,0.0254149069864026
"pc2001__32__04",1,"Kozhikode",TRUE,683825,7565,46926,194789,123580,143663,497861,14347,1894,542267,55550,590852,580454,88173,264645,289974,651180,531417,148895,641660,40466,715,592,270,122,668842,494865,228436,490719,632201,94227,149330,54277,107602,36791,638772,35910,604865,53234,21623,11377,10246,4103,2011,0.0110627719080174,0.0686228201659781,0.180718751142471,0.21008737615618,0.728053229993054,0.0209805140204,0.00276971447373231,0.79299089679377,0.0812342339048733,0.864039776258546,0.848834131539502,0.128940883998099,0.38700690966256,0.424047088070778,0.952261177932951,0.777124264248894,0.217738456476438,0.938339487441962,0.059175958761379,0.00104558914927065,0.00017840821847695,0.978089423463606,0.723671992103243,0.334056227836069,0.71760903739992,0.924507001060213,0.137794026249406,0.218374584140679,0.0793726465104376,0.884531861221804,0.0778474024787044,0.0316206631813695,0.0149833656271707,0.934116184696377,0.0525134354549775,0.157353123971776,0.0538017767703725
"pc2001__32__05",1,"Malappuram",TRUE,774595,6938,41519,193191,171485,115058,607597,25795,2061,628805,50719,669025,541316,212489,144785,424671,732628,628420,143291,730119,42603,715,683,297,178,754074,528229,207137,485406,720497,96908,138096,59145,119918,27909,719609,47021,678048,77854,15032,2732,12300,3661,2011,0.0089569387873663,0.0536009140260394,0.221386660125614,0.148539559382645,0.784406044449035,0.0333012735687682,0.00266074529270135,0.811785513720073,0.0654780885495001,0.863709422343289,0.698837456993655,0.274322710577786,0.186917034062962,0.548249085005713,0.945820719214557,0.811288479786211,0.18498828420013,0.942581607162453,0.0550003550242385,0.000923063020029822,0.000229797507084347,0.973507445826529,0.681942176234032,0.267413293398486,0.626657801819015,0.93015963180759,0.125107959643427,0.178281553586068,0.076356031216313,0.875358090356896,0.100509298407555,0.01940627037355,0.0158792659389746,0.92901322626663,0.0607039807899612,0.154813805924386,0.0360304417147025
"pc2001__32__06",1,"Palakkad",TRUE,628287,9394,64654,200800,144045,269352,303834,35861,4127,450438,53441,485666,335117,228307,72838,374754,580882,442997,181310,587583,38818,842,501,206,337,564142,473862,165350,447169,533223,101999,145549,43458,69440,27162,575878,39417,439287,163137,22408,6923,15485,3455,2011,0.0149517656739675,0.102905200967074,0.229266242974946,0.428708536067116,0.483591097698982,0.0570774184409354,0.00656865413417753,0.716930320060737,0.0850582615906425,0.773000237152766,0.53338203719001,0.363380111318553,0.115931095184207,0.596469447879711,0.924548812883284,0.705087006415858,0.288578308957531,0.935214320843818,0.0617838662904055,0.00134015187326811,0.000536379075167877,0.897904938348239,0.754212644858162,0.263175905278957,0.711727283868678,0.848693351923564,0.162344597293912,0.231660053446912,0.0691690262571086,0.699182061701102,0.259653629631044,0.0356652294254059,0.0246463797595685,0.916584299850228,0.0627372522430036,0.11052273881204,0.0432318351326703
"pc2001__32__07",1,"Thrissur",TRUE,743830,8007,49928,166886,100846,204494,469798,58189,1517,622975,34523,689354,527136,199982,188063,332822,715517,395615,344139,721625,20422,696,455,321,311,727823,555426,262620,616644,671105,248933,220583,84016,132774,56148,683102,48702,612150,104055,21822,3823,17999,5803,2011,0.010764556417461,0.0671228640952906,0.135576677466625,0.274920344702419,0.63159324039095,0.0782288963876154,0.0020394444967264,0.837523358831991,0.0464124867241171,0.926762835594155,0.70867805815845,0.268854442547356,0.252830619899708,0.447443636314749,0.961936195098342,0.531862119032575,0.462658134251106,0.970147748813573,0.0274551980963392,0.000935697672855357,0.000418106287727034,0.978480297917535,0.746710942016321,0.353064544317922,0.829012005431349,0.902229003939072,0.334663834478308,0.29655028702795,0.112950539773873,0.822970302354032,0.1398908352715,0.0293373485877149,0.0241977333530511,0.918357689256954,0.0654746380221287,0.178500463815657,0.0754849898498313
"pc2001__32__08",1,"Ernakulam",TRUE,791737,6084,42316,157403,77544,453148,320384,7550,1538,635670,38103,715286,570129,200176,323158,303964,763705,278461,505175,771287,18835,675,414,322,204,774743,620488,269428,696129,741106,250078,322394,135307,184167,88737,689970,88824,741569,36641,7029,1281,5748,6498,2011,0.00768436993597621,0.0534470411260305,0.097941614450253,0.572346625205087,0.40465962813409,0.0095359949073998,0.00194256426060674,0.80288024937574,0.0481258296631331,0.903438894481374,0.720098972259728,0.252831432660088,0.408163316859007,0.383920418017599,0.96459430341136,0.351708963961518,0.638059102959695,0.974170715780619,0.0237894654411755,0.000852555836092036,0.00025766131935226,0.97853580166141,0.783704689814926,0.340299872306081,0.879242728330241,0.936050734018999,0.31585993833811,0.40719834995712,0.170898922243119,0.936635524170274,0.0462792568744419,0.00887794810650506,0.00725998658645485,0.871463629968032,0.112188769755613,0.232611334319351,0.112078884781184
"pc2001__32__09",1,"Idukki",TRUE,276976,3208,37093,73948,49358,83659,111718,11282,20049,114778,75292,193006,159049,86976,39162,167378,255998,217471,58250,244844,27149,4170,304,308,201,246878,212188,67489,207519,247060,19378,35855,21976,24863,8250,222531,26014,216101,44218,7507,3376,4131,9150,2011,0.0115822309514182,0.133921350586332,0.178203165617238,0.302044220437872,0.403349026630466,0.0407327710704177,0.0723853330252441,0.414396915256195,0.271835826930853,0.696832938593958,0.574233868638438,0.314019987291318,0.141391311882618,0.604305066142915,0.924260585754722,0.785161891282999,0.210307030212004,0.883989948587603,0.0980193229738317,0.0150554560683958,0.000725694645023396,0.891333545144706,0.766088036508578,0.243663710935243,0.749230980301542,0.891990641788458,0.0699627404540466,0.129451649240367,0.0793426145225579,0.780215614349258,0.159645601062908,0.027103431344232,0.0149146496447346,0.803430622147767,0.0939214950031772,0.0897659002946104,0.0297859742360349
"pc2001__32__10",1,"Kottayam",TRUE,480453,3996,28169,130466,64873,110023,335938,7562,4067,350435,58162,401436,313926,149689,156401,230031,460583,286281,191233,464039,15074,628,337,251,124,464124,383372,117604,406922,451226,76041,122177,73096,83999,37849,434540,37276,411437,48450,5033,1864,3169,15533,2011,0.00831715068903722,0.0586300845243968,0.135024653816294,0.228998466031017,0.699210952996443,0.0157393126903152,0.00846492789096956,0.729384559988178,0.121056586180126,0.83553646246355,0.653395857659334,0.311558050423246,0.325528199428456,0.47877940193942,0.958643197149357,0.595856410512579,0.398026445875039,0.965836408556092,0.0313745569285653,0.00130709975793678,0.000258089761121275,0.966013324924602,0.797938612101496,0.244777324733116,0.846954853024125,0.939167827029907,0.158269383269539,0.254295425358984,0.152139751442909,0.856352234245597,0.100842330051014,0.010475530384866,0.00659585849188162,0.904438103206765,0.0775851123835214,0.17483291810021,0.0787777368441866
"pc2001__32__11",1,"Alappuzha",TRUE,528275,4815,40870,154349,81052,184698,241974,75715,10829,384239,59658,391928,335696,151761,119615,332736,483366,245760,277713,507913,18941,553,345,288,235,490935,360849,127759,425707,466736,229196,144891,42404,71593,28842,496464,24772,463598,46148,11896,4103,7793,6633,2011,0.00911457100941744,0.0773650087549098,0.15342766551512,0.349624721972458,0.45804552553121,0.143324972788794,0.0204987932421561,0.727346552458473,0.112929818749704,0.741901471771331,0.635456911646396,0.287276513179689,0.226425630590128,0.629853769343618,0.914989352136671,0.46521224740902,0.525697789976811,0.961455681226634,0.0358544318773366,0.00104680327480952,0.00044484406795703,0.929317117031849,0.683070370545644,0.24184184373669,0.805843547394823,0.883509535753159,0.433857365955232,0.274271922767498,0.0802687993942549,0.877569447730822,0.0873560172258767,0.0225185746060291,0.0147517864748474,0.939783256826463,0.046892243623113,0.135522218541479,0.0545965642894326
"pc2001__32__12",1,"Pathanamthitta",TRUE,319968,3607,20661,94934,43100,61113,238028,4279,2645,255020,27305,244688,161531,138460,86098,177205,296269,187808,130388,302296,16556,500,307,201,108,300484,249188,89930,255822,291089,56968,80551,43382,49466,21015,297094,17088,264525,42141,4631,1854,2777,8671,2011,0.01127300230023,0.0645720822082208,0.13470097009701,0.190997224722472,0.743911891189119,0.0133732123212321,0.00826645164516452,0.797017201720172,0.0853366586658666,0.764726472647265,0.504834858485849,0.432730773077308,0.269083158315832,0.55382100710071,0.925933218321832,0.586958695869587,0.407503250325032,0.944769476947695,0.0517426742674267,0.00156265626562656,0.000337533753375338,0.939106410641064,0.778790379037904,0.281059355935594,0.799523702370237,0.909744099409941,0.178042804280428,0.25174704970497,0.135582308230823,0.826723297329733,0.131703795379538,0.0144733223322332,0.00867899289928993,0.928511601160116,0.0534053405340534,0.154596709670967,0.0656784428442844
"pc2001__32__13",1,"Kollam",TRUE,663276,7546,51346,172611,90779,179861,457104,5294,3416,568555,30236,481180,376782,247868,127880,436735,626435,392187,266875,630767,30323,890,702,310,284,626758,460855,124857,525754,569631,157906,144080,58867,83133,31542,597009,51410,557994,80061,16918,9177,7741,8303,2011,0.0113768627238133,0.0774127210995121,0.136864593321634,0.271170674048209,0.689161073218389,0.00798159438906277,0.00515019388610473,0.857192179424553,0.0455858496312244,0.725459687973031,0.568062164166953,0.373702651686477,0.192800583769049,0.65845138373769,0.94445600323244,0.591287789698406,0.402358897351932,0.950987221006037,0.0457170167471761,0.00134182451950621,0.000428177711842431,0.944942979996261,0.694816335884308,0.188242903406727,0.7926624813803,0.858814430191956,0.23806982312039,0.217224805360061,0.0887518921233393,0.841269697682413,0.12070540770358,0.0255067272146135,0.0116708579837051,0.900091364680766,0.0775092118514766,0.125336963797876,0.0475548640384998
"pc2001__32__14",1,"Thiruvananthapuram",TRUE,828774,10983,70100,205492,113971,316393,471526,17578,4363,698056,47323,550140,515518,263044,176947,555577,783957,471263,349656,783872,41725,1262,970,510,435,780821,558316,264663,658734,697741,136964,220675,96456,155321,71621,727418,83983,617129,157020,46832,28848,17984,7793,2011,0.0132521049164187,0.0845827692471048,0.137517586217714,0.381760286881587,0.568944006448079,0.0212096421943739,0.0052644025995024,0.842275457482981,0.0571000055503672,0.663799781363798,0.62202482220726,0.31738930034002,0.213504525962446,0.670360074037072,0.9459237379551,0.568626670238207,0.421895474520195,0.945821176822632,0.0503454500261833,0.00152273116675957,0.000524871677924259,0.942139835467811,0.673664955705657,0.319342788263145,0.794829471001745,0.84189537799207,0.165260975851076,0.266266798910197,0.116383959921523,0.744628813162575,0.189460576707281,0.0565075641851699,0.0216995224271032,0.877703692442089,0.101334018683019,0.18741056065948,0.086418010217502
"pc2001__33__02",1,"Chennai",TRUE,1106567,26177,427430,339257,459705,908587,8275,170162,129,844285,16519,1057469,1046435,7440,1062231,30229,1038728,33665,913011,1096334,8547,296,275,348,767,1057802,787027,398414,1055696,1017122,409796,515581,146388,355838,217368,522493,565934,1040948,42810,17204,5547,11657,5605,2011,0.0236560461318655,0.386266714984271,0.415433498378318,0.821086296627317,0.00747808311652164,0.153774692359342,0.000116576763991697,0.762976846408758,0.0149281516618515,0.955630341407253,0.945658961454661,0.00672349708603275,0.959933741020652,0.0273178216953876,0.938694177578041,0.0304229206184533,0.82508424704514,0.99075248041917,0.00772388838633359,0.000267493970089475,0.000693134713035903,0.955931272123604,0.711233029721653,0.360045076348743,0.954028088674251,0.919168925153199,0.37033094245536,0.465928407407776,0.132290227342764,0.940700382353712,0.0386872191200352,0.0155471833156058,0.0105343824639629,0.472174753087703,0.511432204285868,0.321569322056414,0.196434558413544
"pc2001__33__05",2,"Dharmapuri;Krishnagiri",TRUE,830986,50478,327795,273535,366005,552446,91366,177986,2103,122743,106009,290819,173601,43272,124504,560663,451090,538018,260156,747209,75782,617,1875,565,4938,221009,407886,92937,694318,580241,318166,258090,19224,57166,13270,716638,105347,507825,210750,109627,93058,16569,2784,2011,0.0607447056869791,0.394465129376428,0.44044665012407,0.664807830697509,0.109948904072993,0.214186520591201,0.0025307285561971,0.147707662944983,0.127570139569138,0.349968591528618,0.208909656721052,0.0520730794501953,0.149826832221,0.674696083929212,0.542837063440299,0.647445323988611,0.313069052908232,0.899183620422005,0.0911952788614971,0.000742491449916124,0.00594233837874525,0.265959956004072,0.490845814490256,0.111839429304465,0.835535135369308,0.698256047634978,0.382877689876845,0.310582849771236,0.0231339637490884,0.611111378531046,0.253614380988368,0.131924003533152,0.0199389640740037,0.862394793654767,0.126773495582356,0.0687929760549516,0.0159689814268832
"pc2001__33__06",1,"Tiruvannamalai",TRUE,593264,48811,239288,201074,280207,496596,38759,53134,1615,157967,33865,159108,106368,25166,52808,440231,226865,394205,177272,549077,40146,459,1334,207,2041,135162,254679,73410,505170,389329,309133,138956,7851,27529,6445,536269,47934,390018,78657,121867,105652,16215,2722,2011,0.0822753445346422,0.403341514064565,0.472314180533456,0.837057364006581,0.0653317915801397,0.0895621510828232,0.00272222821543192,0.266267631273767,0.0570825130127565,0.268190889721945,0.179292861188274,0.0424195636344022,0.089012648669058,0.742049070902667,0.382401426683568,0.664468095148197,0.298807950591979,0.925518824671647,0.0676697052239812,0.000773685913859597,0.00344028965182448,0.227827746163597,0.429284433237142,0.123739178510747,0.851509614606651,0.656249157204887,0.521071563418647,0.234222875482079,0.0132335688664743,0.657410528870789,0.132583470428005,0.205417824105289,0.0273318455190269,0.903929785053534,0.0807970819062003,0.0464026133390868,0.0108636290083336
"pc2001__33__08",1,"Salem",TRUE,918899,65835,348632,305664,347118,723966,88671,96292,2120,226846,98845,396923,249798,36933,160595,506374,539866,395486,454473,835377,74586,954,1570,657,5755,321173,356820,196973,749932,650064,441388,352121,30660,63867,20660,706525,199211,655530,136968,121782,98530,23252,4619,2011,0.0716455236103206,0.379401871152325,0.377754247202358,0.78786243101799,0.0964970034791637,0.104790624432065,0.00230710883350619,0.246867174738464,0.107568949362226,0.431954980906498,0.27184489263782,0.0401926653527754,0.174768935432512,0.551066003989557,0.58751397052342,0.430391152890579,0.494584279665121,0.909106441513159,0.081168877101836,0.00103819897507778,0.00626292987586231,0.349519370464001,0.3883125348923,0.214357617104818,0.816120161192906,0.707437922992625,0.480344412171523,0.383198806397656,0.0333660173751413,0.713386346051089,0.149056642786639,0.132530343378326,0.0253041955644744,0.768882107826867,0.216793140486604,0.0695038301271413,0.022483428537848
"pc2001__33__09",1,"Namakkal",TRUE,477757,23118,209791,153941,178753,365810,39349,66003,2494,140627,28446,231916,142592,49551,87098,254290,296082,173118,269447,441044,32504,392,896,287,2634,194417,239297,138294,418420,352439,262313,212434,18550,31581,8960,343287,126986,345006,77090,51669,36895,14774,3992,2011,0.0483886159700433,0.439116538323876,0.374150457240815,0.765682135478915,0.0823619538803199,0.138151821951327,0.00522022701917502,0.294348382127316,0.0595407288642553,0.485426691811946,0.298461351691341,0.10371590578474,0.182306067728992,0.532258030756221,0.619733462827337,0.362355758262045,0.563983363927687,0.923155495366892,0.0680345866203949,0.000820500798523099,0.00551326301864755,0.406936999353228,0.500875968326995,0.289465146507534,0.87580087785213,0.737695104415006,0.549051086640279,0.444648639371061,0.0388272699301109,0.722136985957296,0.16135817999527,0.108149121833903,0.0309236704014803,0.71853892250663,0.265796210207281,0.0661026421381581,0.0187543039662423
"pc2001__33__11",1,"The Nilgiris",TRUE,198922,2327,43386,61814,45570,157127,28527,2640,2856,42631,15409,126687,72146,27949,48101,53551,178200,94200,87058,180261,17303,193,417,113,635,103216,113412,29574,180262,149269,11234,15344,9543,17935,4561,130679,44454,138747,55278,3356,2167,1189,1541,2011,0.0116980525029911,0.218105589125386,0.229084766893556,0.7898925206865,0.143407968952655,0.0132715335659203,0.0143573863122229,0.214310131609375,0.0774625229989644,0.636867716994601,0.362684871457154,0.140502307437086,0.241808346990278,0.269206020450227,0.895828515699621,0.473552447693066,0.437648927720413,0.906189360653925,0.0869838429133027,0.000970229537205538,0.00319220599028765,0.518876745659103,0.570133016961422,0.148671338514594,0.906194387749972,0.750389599943696,0.0564743969998291,0.0771357617558641,0.0479735775831733,0.697494495329828,0.2778878153246,0.0168709343360714,0.00597721720071184,0.656935884417008,0.223474527704326,0.0901609676154473,0.0229285850735464
"pc2001__33__13",1,"Dindigul",TRUE,563172,24159,266651,180251,261706,459347,25843,66961,2692,140831,41028,245939,146212,36351,74640,276142,373806,317771,211674,500057,56598,581,1570,220,4146,187447,269912,130963,458486,379839,222834,147737,15538,38677,9155,445908,106467,385884,120299,50786,29077,21709,6203,2011,0.0428980844218107,0.473480570767013,0.464699949571357,0.815642468020427,0.0458882899007763,0.118899732231006,0.00478006719084045,0.250067474945487,0.0728516332488121,0.436703174163488,0.259622282357788,0.0645468879844879,0.13253499818883,0.490333326230707,0.663751038759029,0.564252129012096,0.375860305554964,0.887929442514898,0.100498604334022,0.00103165640337233,0.00736187168396156,0.33284147649386,0.479270986483703,0.2325452969963,0.814113627808201,0.674463574183376,0.395676631650721,0.262330158459583,0.027590150078484,0.685197417485244,0.213609696504798,0.0901784889873786,0.0385477260943371,0.791779420851889,0.189048816347404,0.0686770649108976,0.01625613489307
"pc2001__33__14",1,"Karur",TRUE,287848,12538,139832,92530,128572,250198,8409,26150,706,106194,13834,125039,103097,14410,54227,177392,179044,128894,136794,264949,20942,139,413,77,1328,118708,140544,73515,250010,210748,153941,117119,10648,17995,4915,221047,61893,216595,42638,24879,14384,10495,3736,2011,0.0435577110141464,0.485784163864262,0.44666629610072,0.869201800950502,0.0292133348155971,0.0908465579055613,0.00245268336066257,0.36892387649037,0.0480600872682805,0.434392457130152,0.35816472582752,0.050061143381229,0.188387621244546,0.616269697896112,0.622008837997832,0.44778494205275,0.475229982490759,0.920447597343042,0.0727536755509852,0.000482893749478892,0.00461354603818682,0.412398210166477,0.488257691559434,0.255395208582307,0.868548678469192,0.732150301548039,0.534799616464245,0.40687793557711,0.0369917456435341,0.752463105527918,0.148126789138712,0.0864310330452183,0.0364602151135321,0.767929601734249,0.215019732636669,0.0625156332508824,0.0170749840193435
"pc2001__33__15",1,"Tiruchirappalli",TRUE,700852,76467,312474,188738,304837,607773,15664,70112,1701,287219,37971,338798,297013,29132,184204,353095,451306,307292,335267,651621,44878,273,882,265,2933,340058,426767,233925,592152,537414,362952,234290,28571,79588,30046,500203,188095,501665,106639,87124,65883,21241,5424,2011,0.109105774114934,0.445848766929395,0.434952029815139,0.867191646738541,0.0223499397875728,0.100038239171751,0.00242704593837215,0.409814054893187,0.0541783429311752,0.48340876533134,0.423788474599487,0.0415665504271943,0.262828671388539,0.50380822199266,0.643939091277474,0.438454909167699,0.478370611769675,0.929755497594357,0.064033490665647,0.000389525891343679,0.0041849063711026,0.485206577137541,0.608925992934314,0.333772322829927,0.844903060845942,0.766800979379384,0.517872532289271,0.334293117519819,0.0407660961230046,0.715793063300098,0.152156232699628,0.124311552225006,0.0303073972821651,0.713707030870997,0.268380485466261,0.1135589254222,0.0428706774040739
"pc2001__33__16",1,"Perambalur",TRUE,149401,36538,64768,32241,58400,122903,8534,16041,992,28692,9087,39779,27293,4809,12424,95609,74583,95307,49716,135751,12543,69,377,49,612,33135,88568,25925,125953,103116,59863,32178,2259,7745,1507,132395,14725,95725,20783,31894,26118,5776,999,2011,0.244563289402347,0.433517847939438,0.390894304589661,0.822638402688068,0.0571214382768522,0.107368759245253,0.00663984846152302,0.192046907316551,0.0608228860583262,0.266256584627948,0.182682846835028,0.0321885395680082,0.0831587472640745,0.639948862457413,0.499213526013882,0.6379274569782,0.332768856968829,0.908635149697793,0.0839552613436322,0.000461844298230936,0.0040963581234396,0.221785664085247,0.592820663850978,0.173526281617928,0.843053259349,0.690196183425814,0.400686742391283,0.215380084470653,0.0151203807203432,0.640725296350091,0.139108841306283,0.213479160112717,0.0386610531388679,0.886172113975141,0.0985602506007323,0.0518403491275159,0.0100869472091887
"pc2001__33__17",1,"Ariyalur",TRUE,198106,60198,88001,34400,81381,173304,7869,14696,884,32840,12471,29215,30644,4701,11026,165179,93100,156093,39904,177502,19267,91,312,44,890,35933,94905,36609,165150,134358,104900,40913,2937,8371,1749,181005,14004,97017,29497,70632,62342,8290,960,2011,0.303867626422218,0.44421168465367,0.410795230836017,0.874804397645705,0.0397211593793222,0.0741825083541135,0.00446225757927574,0.165769840388479,0.0629511473655518,0.147471555631833,0.15468486567797,0.0237297204526869,0.055657072476351,0.833791000777362,0.46995043057757,0.787926665522498,0.201427518601153,0.895995073344573,0.0972560144569069,0.000459350044925444,0.00449254439542467,0.181382694113253,0.479061714435706,0.184795008732699,0.833644614499308,0.678212674022998,0.529514502337133,0.206520751516865,0.0148253965049014,0.48972267372013,0.148895035990833,0.356536399705208,0.0418462843124388,0.913677526172857,0.0706894288916035,0.0422551563304494,0.0088286069074132
"pc2001__33__18",1,"Cuddalore",TRUE,637422,97312,256639,190422,288175,498446,10810,122085,602,212704,35499,207940,202941,23981,105134,439653,315288,374032,245464,598412,35580,302,737,270,2121,230004,340949,121956,555029,470021,343988,178515,19828,50938,15396,526657,98143,346143,84826,202947,149347,53600,3506,2011,0.152664953515881,0.402620242162963,0.452094530781805,0.781971754975511,0.0169589377210074,0.19152931652814,0.000944429279190238,0.333694161795482,0.0556915199036117,0.326220306170794,0.318377777986954,0.0376218580469454,0.164936258867752,0.689736155953199,0.494629931191581,0.586788658063261,0.385088685360719,0.938800355180712,0.0558185942750642,0.000473783458995767,0.00332746594877491,0.360834737426697,0.534887405831615,0.191326938825456,0.87074026312239,0.737378063512085,0.539655047990185,0.28005779530672,0.0311065510760532,0.543035853798582,0.133076674479387,0.318387190903358,0.0840887198747455,0.826229719087198,0.15396864243782,0.0799125226302198,0.0241535434923802
"pc2001__33__20",1,"Thiruvarur",TRUE,327971,132679,113548,55430,112567,244534,1797,78485,375,81976,14124,89422,116407,12762,38238,235448,216825,212858,110001,303114,23155,134,407,85,1076,130231,157902,80899,287260,225629,189906,72916,6790,15535,4416,287483,34994,150016,58807,118205,91697,26508,943,2011,0.404544914032033,0.346213537172494,0.343222419055343,0.745596409438639,0.00547914297300676,0.23930469462239,0.00114339377566919,0.249948928411353,0.0430647831668044,0.272652155221041,0.354930771318196,0.0389119769735739,0.116589576517436,0.717892740516692,0.661110281091926,0.64901469947038,0.335398556579698,0.924209762448509,0.0706007543349869,0.000408572709172457,0.00328077787365346,0.397080839464465,0.481451103908577,0.246665101487632,0.875870122663284,0.68795411789457,0.579032902299289,0.222324534791186,0.0207030499647835,0.457406295068771,0.179305487375408,0.360412963341271,0.0808242192145037,0.876550060828549,0.10669845809538,0.047366992813389,0.0134646051022804
"pc2001__33__21",1,"Thanjavur",TRUE,605074,171317,245558,117685,243134,499900,2838,97701,250,209948,20460,215236,243100,18669,99319,381992,391500,360900,224286,555582,45935,183,893,134,2347,272623,312971,137848,522490,446982,343328,161750,17231,42912,13495,475525,108700,324506,107306,169784,130177,39607,3478,2011,0.283133963779637,0.40583135285932,0.401825231294024,0.826179938321594,0.00469033539699276,0.161469506209158,0.000413172603681533,0.346979047190922,0.0338140458852967,0.355718474103994,0.401769039819923,0.0308540773525222,0.164143559300185,0.631314516902065,0.647028297365281,0.596455970674661,0.370675322357265,0.918205045994374,0.0759163342004449,0.000302442345894882,0.00387886440336223,0.450561418933882,0.517244171787252,0.227820068289168,0.863514214790257,0.738722866955116,0.567414894707094,0.267322674581952,0.028477508536146,0.536307955721118,0.177343597642602,0.280600389373862,0.0654581092560579,0.785895609462644,0.179647448080731,0.0709202510767278,0.0223030571467292
"pc2001__33__22",1,"Pudukkottai",TRUE,390628,69431,169032,93560,183251,301552,12676,39632,24701,57015,57924,87845,89751,15330,35396,309193,183794,296754,83594,354493,33277,479,534,158,1687,109247,190537,88107,324444,286329,209024,110324,7882,18272,4494,344074,42109,240584,68739,79239,52425,26814,2066,2011,0.177741994941479,0.432718596721177,0.469118957166409,0.771967191291971,0.0324503107816132,0.101457140809159,0.0632340743623089,0.145957279048097,0.148284301176567,0.224881472910288,0.229760795437091,0.0392444986022507,0.0906130640916678,0.791528001064952,0.470509026490677,0.759684405623765,0.213998996487707,0.907495110437552,0.085188465752583,0.00122623058254913,0.00431868683248513,0.279670172133078,0.48777097391892,0.225552187759198,0.830570261220394,0.732996610586031,0.535097330452502,0.282427270958559,0.0201777650347645,0.61589030996242,0.175970488546648,0.202850282109833,0.0686433128193576,0.880822675281854,0.107798212109731,0.0467759607606214,0.0115045516450434
"pc2001__33__23",1,"Sivaganga",TRUE,341960,51367,141096,92577,147265,235593,24656,49164,26739,84326,53833,123974,115958,21288,43626,225436,216297,213010,114728,314270,24245,308,717,96,2324,139173,184468,95318,304124,258837,172619,91250,8222,24456,5773,277432,59229,240076,76117,24148,17989,6159,1619,2011,0.150213475260264,0.412609661948766,0.430649783600421,0.688948999883027,0.0721020002339455,0.143771201310095,0.0781933559480641,0.246596093110305,0.157424845011112,0.362539478301556,0.339098140133349,0.0622528950754474,0.127576324716341,0.659246695519944,0.632521347526026,0.622909112176863,0.335501228213826,0.919025617031232,0.0709001052754708,0.000900690139197567,0.00679611650485437,0.406986197216049,0.539443209732132,0.278740203532577,0.88935548017312,0.756921862206106,0.50479295824073,0.266844075330448,0.024043747806761,0.702058720318166,0.222590361445783,0.0706164463679963,0.0180108784653176,0.811299567200842,0.173204468358872,0.0715171365071938,0.0168820914726869
"pc2001__33__24",1,"Madurai",TRUE,797939,41018,348476,246884,346195,678712,5238,90919,1981,298527,65204,485216,437346,26772,332363,255232,640645,286212,395232,754141,38103,375,1077,349,3894,472221,445776,228106,708942,618922,325803,228557,30852,95311,34097,491822,279755,629545,126805,36178,25985,10193,5411,2011,0.0514049319559515,0.436720100158032,0.433861485652412,0.850581310100145,0.00656441156529509,0.113942293834491,0.00248264591654249,0.37412258330524,0.0817155196073885,0.608086583059607,0.548094528529123,0.033551436889286,0.416526827238674,0.31986404975819,0.802874655832087,0.358689072723604,0.495316057994408,0.945111092451929,0.0477517704987474,0.000469960736347014,0.00488007228622739,0.591800877009395,0.558659245882204,0.285868969933792,0.888466411592866,0.775650770296978,0.408305647424177,0.286434176046039,0.0386646097007415,0.788963818036216,0.158915656459955,0.0453393053854994,0.012774159428227,0.616365411391096,0.350596975458024,0.119446473978587,0.042731336605931
"pc2001__33__25",1,"Theni",TRUE,340965,18632,150328,111142,142012,320379,2012,12593,1308,133986,14993,213660,117255,14776,76260,64661,258566,154591,148699,312310,25371,702,667,241,1674,134167,147921,57897,291879,209456,99044,58034,6607,18830,4667,243448,78115,254391,68159,13053,7908,5145,5362,2011,0.0546449049022627,0.440889827401639,0.416500227296057,0.939624301614535,0.00590089891924391,0.0369334095874943,0.00383617086797765,0.392961154370683,0.0439722552168111,0.626633232149927,0.343891601777309,0.043335826257827,0.223659319871541,0.189641165515522,0.758335899579136,0.453392576950713,0.436112210930741,0.915959116038303,0.0744093968589151,0.00205886234657516,0.00490959482644846,0.393492000645227,0.433830451805904,0.169803352250231,0.856038009766398,0.614303520889241,0.290481427712522,0.170205153021571,0.01937735544704,0.74609124103647,0.199900283020251,0.0382825216664467,0.0150895253178479,0.713997037819131,0.229099760972534,0.0552256096666813,0.0136876218966756
"pc2001__33__26",1,"Virudhunagar",TRUE,540132,45327,245072,159992,219327,453098,6540,61793,1607,116349,43124,253167,138488,16606,65001,181386,429059,247000,236856,505950,30275,264,661,324,2658,167021,222918,109937,457317,353909,282826,119486,9845,37357,10219,379629,149739,420534,99568,14966,12304,2662,5064,2011,0.0839183755082091,0.453726126206187,0.4060618515474,0.838865314404627,0.0121081513407834,0.114403516177527,0.00297519865514356,0.215408455710826,0.079839742877667,0.468713203439159,0.256396584538594,0.0307443365695793,0.120342805092089,0.335817911177268,0.794359526930454,0.457295624032644,0.438515029659417,0.936715469551887,0.0560511134315316,0.00048876941192153,0.00492101930639177,0.309222560411159,0.412710226389105,0.203537283478853,0.846676367998934,0.6552268704687,0.523623854909541,0.22121629527597,0.0182270259862404,0.778576348003821,0.18434012426592,0.0277080417379455,0.0049284249035421,0.702844860145298,0.277226677923174,0.0691627231861841,0.0189194493197959
"pc2001__33__27",1,"Ramanathapuram",TRUE,328955,50017,129477,95786,149998,190837,59444,26315,28347,34430,77511,100959,94812,21480,44401,230928,215184,213704,101547,291400,33865,558,731,198,2203,120474,162893,67893,284169,252000,125445,49605,5524,22379,5172,270430,51959,215340,76626,35877,10472,25405,1112,2011,0.152048152482862,0.393600948457996,0.455983341186484,0.580131020960314,0.180705567630831,0.0799957440987369,0.0861728807891657,0.104664771777295,0.235627973431016,0.306908239728838,0.288221793254397,0.0652976850937058,0.134975908558921,0.702004833487863,0.654144183854935,0.649645088233953,0.308695718259336,0.885835448617592,0.10294721162469,0.00169628064628901,0.00669696463042057,0.366232463406849,0.495183231749023,0.206389931753583,0.863853718593729,0.766062227356325,0.381343952820295,0.150795701539724,0.0167925704123664,0.654618412852822,0.232937635846848,0.109063549725646,0.077229408277728,0.822088127555441,0.157951695520664,0.0680305816905048,0.0157225152376465
"pc2001__33__30",1,"Kanniyakumari",TRUE,489201,12348,97549,158671,124688,318483,106927,54896,1726,189576,39419,252785,273316,151480,119885,227829,430793,275270,200672,465692,19710,881,876,192,1850,427853,318512,80942,438938,398548,122491,115092,21577,52943,15673,420282,57337,327066,130416,27093,17498,9595,4626,2011,0.0252411585421943,0.199404743653427,0.254880918068442,0.651026878522325,0.218574778056463,0.112215633246866,0.0035282021091535,0.387521693537012,0.0805783307883672,0.516730341924894,0.558698776167669,0.309647772592452,0.245062867819158,0.465716545959636,0.880605313562319,0.562693044372354,0.410203576852868,0.951944088421733,0.0402901874689545,0.00180089574632922,0.00378167665233718,0.874595513909416,0.651086158859038,0.16545755221269,0.897254911580312,0.814691711586853,0.250389921525099,0.235265259065292,0.0441066146635023,0.668571814039628,0.266589806643895,0.0553821435360925,0.0196136148536082,0.859119257728418,0.117205402278409,0.108223409191723,0.0320379557686922
"pc2001__34__01",1,"Yanam",TRUE,13308,435,7563,3791,7650,13301,2,1,2,10560,298,10819,10829,51,1054,2600,8771,2134,10408,12859,435,1,5,4,4,10895,5349,495,7393,7831,6523,2571,226,597,207,6947,5816,11637,373,1279,542,737,19,2011,0.0326871055004509,0.568304779080252,0.574842200180343,0.999474000601142,0.000150285542530809,7.51427712654043e-05,0.000150285542530809,0.793507664562669,0.0223925458370905,0.812969642320409,0.813721070033063,0.00383228133453562,0.0792004809137361,0.195371205290051,0.659077246768861,0.160354673880373,0.782085963330328,0.966260895701833,0.0326871055004509,7.51427712654043e-05,0.000300571085061617,0.81868049293658,0.401938683498647,0.0371956717763751,0.555530507965134,0.588443041779381,0.490156296964232,0.193192064923354,0.0169822663059814,0.87443642921551,0.0280282536819958,0.096107604448452,0.0553802224226029,0.522016831980763,0.437030357679591,0.0448602344454463,0.0155545536519387
"pc2001__34__03",1,"Mahe",TRUE,7197,22,226,1280,1348,1604,5436,147,3,6694,51,7057,6619,416,4362,1195,7129,3455,3647,7150,42,2,2,0,1,7041,5965,3632,6488,6913,868,1747,858,1484,574,6569,494,7090,77,28,9,19,2,2011,0.00305682923440322,0.031401973044324,0.187300263998888,0.222870640544671,0.75531471446436,0.0204251771571488,0.000416840350145894,0.930109767958872,0.0070862859524802,0.980547450326525,0.919688759205224,0.0578018618868973,0.60608586911213,0.166041406141448,0.990551618730026,0.480061136584688,0.506738918994025,0.993469501181048,0.00583576490204252,0.000277893566763929,0.000138946783381965,0.978324301792413,0.82881756287342,0.504654717243296,0.901486730582187,0.960539113519522,0.120605807975545,0.242740030568292,0.119216340141726,0.98513269417813,0.0106989023204113,0.00389050993469501,0.00263998888425733,0.912741420036126,0.0686397109906906,0.206197026538836,0.0797554536612477
"pc2001__34__04",1,"Karaikal",TRUE,50068,4882,23072,13937,23740,45373,169,4236,5,30082,1322,28234,29892,388,6240,24950,36144,17290,28437,47880,1876,10,64,9,229,30326,34706,18161,38869,38555,27503,19793,2550,4870,1868,33788,12831,32245,9882,7642,4439,3203,299,2011,0.0975073899496685,0.460813293920268,0.474155148997364,0.90622753055844,0.00337540944315731,0.084604937285292,9.9864184708796e-05,0.600822880882,0.0264040904370057,0.56391307821363,0.597028041863066,0.00774946073340257,0.124630502516577,0.498322281696892,0.721898218422945,0.345330350723017,0.567967564112807,0.956299432771431,0.0374690421027403,0.000199728369417592,0.00457377965966286,0.60569625309579,0.693177278900695,0.362726691699289,0.776324199089239,0.770052728289526,0.549312934409203,0.39532236158824,0.050930734201486,0.644024127187026,0.197371574658464,0.152632419908924,0.0639729967244547,0.67484221458816,0.256271470799712,0.0972677159063673,0.0373092594072062
"pc2001__35__01",2,"North  & Middle Andaman;South Andaman",TRUE,83417,1681,21455,34033,28086,71477,6241,492,3558,51113,9379,51647,54565,2614,5992,37733,70426,27077,37958,71120,11602,129,140,53,373,57395,74282,21022,59135,71431,12762,21085,6233,7964,3177,46063,28841,44310,33348,5205,474,4731,554,2011,0.0201517676253042,0.257201769423499,0.336693959264898,0.856863708836328,0.074816883848616,0.00589807832935733,0.0426531762110841,0.612740808228539,0.112435115144395,0.619142381049426,0.654123260246712,0.0313365381157318,0.0718318807916851,0.452341848783821,0.844264358583982,0.324598103504082,0.455039140702734,0.852584005658319,0.13908435930326,0.00154644736684369,0.00447151060335423,0.688049198604601,0.890489948092116,0.252010980975101,0.708908256110865,0.856312262488462,0.152990397640769,0.252766222712397,0.0747209801359435,0.531186688564681,0.39977462627522,0.0623973530575302,0.056715058081686,0.552201589604038,0.345744872148363,0.0954721459654507,0.0380857618950574
"pc2001__35__02",1,"Nicobars",TRUE,9959,692,3015,4041,3514,7898,600,5,221,5502,2184,7687,7987,65,903,7191,7525,4928,3655,9301,453,8,123,26,48,8055,9081,3382,4830,6669,4304,1991,193,230,57,7464,1282,3129,6487,132,57,75,211,2011,0.069484888040968,0.302741239080229,0.352846671352545,0.793051511195903,0.0602470127522844,0.00050205843960237,0.0221909830304247,0.552465106938448,0.219299126418315,0.771864645044683,0.801988151420825,0.00652675971483081,0.090671754192188,0.722060447836128,0.755597951601566,0.494828798072096,0.367004719349332,0.933929109348328,0.0454864946279747,0.000803293503363792,0.00481976102018275,0.808816146199418,0.911838538005824,0.339592328547043,0.484988452655889,0.669645546741641,0.43217190480972,0.199919670649664,0.0193794557686515,0.314188171503163,0.651370619540114,0.0132543428055026,0.00753087659403555,0.749472838638418,0.128727783914048,0.023094688221709,0.00572346621146701
