"target_unit_2001","census_2011_source_district_count","census_2011_source_districts","census_2011_parent_reconstruction_complete","workers_total","main_workers_total","marginal_workers_total","industry_agriculture","industry_mining","industry_manufacturing","industry_utilities","industry_construction","industry_trade","industry_transport","industry_accommodation_food","industry_information_communication","industry_finance_realestate_professional","industry_administrative_public","industry_education_health","industry_other_services","census_year","main_worker_share_among_workers","marginal_worker_share_among_workers","agriculture_share_among_workers","mining_share_among_workers","manufacturing_share_among_workers","utilities_share_among_workers","construction_share_among_workers","trade_share_among_workers","transport_share_among_workers","accommodation_food_share_among_workers","information_communication_share_among_workers","finance_realestate_professional_share_among_workers","administrative_public_share_among_workers","education_health_share_among_workers","other_services_share_among_workers"
"pc2001__01__01",1,"Kupwara",TRUE,227698,122975,104723,97803,56,6986,1999,9886,7223,487,3879,162,697,59036,12851,26633,2011,0.54007940342032,0.45992059657968,0.429529464466091,0.00024593979745101,0.0306809897320135,0.00877917241258158,0.0434171578142979,0.0317218420890829,0.00213879788140432,0.0170357227555798,0.000711468699768992,0.0030610721218456,0.259273247898532,0.0564387917329094,0.116966332598442
"pc2001__01__06",2,"Anantnag;Kulgam",TRUE,548052,252943,295109,334602,880,33164,5503,15141,29010,1386,12900,780,2281,40070,25398,46937,2011,0.461531022603695,0.538468977396306,0.610529657769701,0.00160568705159364,0.0605125061125587,0.0100410180055907,0.0276269405092947,0.0529329333712859,0.00252895710625999,0.0235379124608614,0.00142322261391255,0.0041620138235058,0.0731135001788152,0.0463423178822448,0.085643333114376
"pc2001__01__07",1,"Leh(Ladakh)",TRUE,79102,61120,17982,23794,54,1072,264,1738,1802,372,2576,164,288,37884,4722,4372,2011,0.772673257313342,0.227326742686658,0.300801496801598,0.000682662890950924,0.0135521225759146,0.00333746302242674,0.0219716315643094,0.0227807135091401,0.00470278880432859,0.0325655482794367,0.00207327248362873,0.00364086875173826,0.478925943718237,0.0596950772420419,0.0552704103562489
"pc2001__01__08",1,"Kargil",TRUE,50743,27770,22973,13180,4,877,488,6658,1128,204,1942,89,152,17310,4257,4454,2011,0.547267603413279,0.452732396586721,0.25974025974026,7.88286069014445e-05,0.0172831720631417,0.00961709004197623,0.131210216187454,0.0222296671462074,0.00402025895197367,0.0382712886506513,0.00175393650355714,0.00299548706225489,0.341130796366001,0.0838933448948623,0.0877756537847585
"pc2001__01__11",1,"Punch",TRUE,162975,74163,88812,92237,24,2962,1684,8384,3368,252,2750,104,538,24904,9990,15778,2011,0.455057524160147,0.544942475839853,0.565957969013652,0.00014726184997699,0.0181745666513269,0.0103328731400522,0.0514434729252953,0.0206657462801043,0.0015462494247584,0.0168737536431968,0.000638134683233625,0.00330111980365087,0.15280871299279,0.0612977450529222,0.0968123945390397
"pc2001__02__01",1,"Chamba",TRUE,295660,120999,174661,213454,118,6898,5930,22212,5764,1708,4110,306,1074,11744,13388,8954,2011,0.409250490428195,0.590749509571805,0.721957654062098,0.000399107082459582,0.0233308530068322,0.0200568220252993,0.0751268348779003,0.0194953662991274,0.00577690590543191,0.0139011026178719,0.00103497260366637,0.00363255090306433,0.0397213014949604,0.0452817425421092,0.0302847865791788
"pc2001__02__02",1,"Kangra",TRUE,675194,314756,360438,370942,1188,34832,10622,75272,33938,6890,23760,2698,6424,36330,42724,29574,2011,0.466171204127999,0.533828795872001,0.549385806153491,0.0017594943083025,0.051588136150499,0.0157317748676677,0.111482033311907,0.0502640722518269,0.0102044745658285,0.03518988616605,0.00399588858905737,0.00951430255600613,0.053806757761473,0.063276628643027,0.0438007446748638
"pc2001__02__04",1,"Kullu",TRUE,268637,193453,75184,212515,98,5018,3084,9096,7544,2740,3642,346,1452,7032,10000,6070,2011,0.720127904942357,0.279872095057643,0.791086112486366,0.000364804550378392,0.0186794819775385,0.0114801758506833,0.033859818267774,0.0280825053883121,0.0101996374289469,0.0135573282905929,0.00128798341256044,0.00540506333825944,0.0261765877373556,0.037224954120244,0.0225955471509881
"pc2001__02__06",1,"Hamirpur",TRUE,241779,126190,115589,159578,72,8456,2565,18859,9416,1737,7542,921,1951,7218,13715,9749,2011,0.521922913073509,0.478077086926491,0.660015964992824,0.000297792612261611,0.0349740879067247,0.0106088618118199,0.0780009843700239,0.0389446560702129,0.00718424677081136,0.0311937761344037,0.00380926383184644,0.00806935259058893,0.0298537093792265,0.0567253566273332,0.0403219469019228
"pc2001__02__09",1,"Solan",TRUE,300028,220214,79814,155334,286,41994,3530,13054,11794,3112,11478,1174,2854,19992,16922,18504,2011,0.73397816203821,0.26602183796179,0.517731678376685,0.000953244363859373,0.139966936419268,0.0117655685469356,0.043509272467903,0.0393096644313197,0.0103723652459104,0.0382564293999227,0.00391296812297519,0.00951244550508619,0.0666337808471209,0.0564014025357633,0.0616742437372512
"pc2001__02__10",1,"Sirmaur",TRUE,279684,193987,85697,196644,500,19900,2938,12412,6778,1058,4660,494,1316,7660,13020,12304,2011,0.693593484074885,0.306406515925115,0.703093491225812,0.00178773186882339,0.0711517283791708,0.0105047124612062,0.0443786559116717,0.0242344932137698,0.00378284063443029,0.016661661017434,0.00176627908639751,0.00470531027874315,0.0273880522303743,0.046552537864161,0.0439925058280059
"pc2001__02__12",1,"Kinnaur",TRUE,56342,46863,9479,36070,0,1362,3978,5906,836,224,522,172,230,3168,2208,1666,2011,0.831759610947428,0.168240389052572,0.640197366085691,0,0.0241737957473998,0.0706045223811721,0.104824109900252,0.0148379539242483,0.00397571971176032,0.0092648468282986,0.0030527847786731,0.00408221220403962,0.0562280359234674,0.0391892371587803,0.0295694153562174
"pc2001__03__03",1,"Kapurthala",TRUE,286391,250091,36300,105033,24,37354,1038,30772,27014,2126,16074,994,5074,14600,14340,31948,2011,0.873250206884993,0.126749793115007,0.366746860061943,8.38015161090956e-05,0.130430076364132,0.00362441557171839,0.107447510571212,0.0943255898404629,0.00742341763533072,0.0561260654140668,0.00347077945885171,0.017717037197398,0.0509792556330332,0.0500714058751846,0.111553784860558
"pc2001__03__04",1,"Jalandhar",TRUE,774513,689594,84919,170101,137,141865,3094,94840,98256,7910,36591,6306,21526,71884,43029,78974,2011,0.890358199281355,0.109641800718645,0.219623169656287,0.000176885346017433,0.183166712501921,0.0039947683253864,0.122451140264915,0.126861653710138,0.0102128692481598,0.047243880993605,0.00814189045245206,0.0277929486012501,0.0928118701687383,0.0555562011225118,0.101966009608619
"pc2001__03__08",1,"Fatehgarh Sahib",TRUE,214206,192591,21615,76628,12,44926,1040,20014,18510,1192,10862,632,3344,10150,9416,17480,2011,0.899092462396011,0.100907537603989,0.357730409045498,5.60208397523879e-05,0.209732687226315,0.00485513944520695,0.0934334239003576,0.0864121453180583,0.0055647367487372,0.0507081967825364,0.00295043089362576,0.0156111406776654,0.0473842936238948,0.0439576855923737,0.0816036899059784
"pc2001__03__10",1,"Moga",TRUE,359391,304576,54815,185039,194,31454,1194,24328,28582,1428,12634,780,3770,11060,14184,44744,2011,0.847478094888297,0.152521905111703,0.514868207606757,0.00053980205403029,0.0875202773580863,0.00332228686861941,0.0676922905693242,0.0795289809705863,0.00397338831523327,0.035153913147519,0.00217033815537952,0.010489967751001,0.0307742820493557,0.0394667646101321,0.124499500543976
"pc2001__03__12",1,"Muktsar",TRUE,335353,287035,48318,204643,0,24682,1210,19700,31244,1632,9868,884,3004,10460,12642,15384,2011,0.855918986858624,0.144081013141376,0.610231606695035,0,0.0736000572531035,0.00360813829010028,0.058744069681798,0.0931674981288374,0.00486651379292865,0.0294257096253798,0.00263602830450302,0.0089577251433564,0.0311910136483049,0.0376975903003701,0.0458740491362833
"pc2001__03__13",1,"Faridkot",TRUE,221842,190438,31404,112270,6,18328,1132,15424,18770,1176,7980,604,2608,14560,11444,17540,2011,0.858439790481514,0.141560209518486,0.506080904427475,2.70462761785415e-05,0.0826173583000514,0.00510273077235149,0.0695269606296373,0.0846097673118706,0.00530107013099413,0.0359715473174602,0.00272265846863984,0.0117561147122727,0.0656322968599273,0.0515862640978715,0.0790652806952696
"pc2001__03__14",1,"Bathinda",TRUE,548487,450310,98177,292349,24,53732,5192,26254,43578,2300,17188,1698,6838,38006,21376,39952,2011,0.821003961807664,0.178996038192336,0.533009898137969,4.37567344349091e-05,0.097964035610689,0.00946604021608534,0.0478662210772543,0.0794512905501862,0.00419335371667879,0.0313371146444674,0.00309578896126982,0.0124670229194129,0.0692924353722148,0.0389726648033591,0.0728403772559787
"pc2001__03__15",1,"Mansa",TRUE,329196,247068,82128,213928,0,22926,2306,14352,21654,760,6790,416,2242,7140,10044,26638,2011,0.750519447380892,0.249480552619108,0.649849937423298,0,0.0696424014872599,0.00700494538208241,0.0435971275471148,0.0657784420223818,0.00230865502618501,0.020626010036574,0.00126368485643811,0.00681053232724577,0.0216892064302118,0.030510698793424,0.0809183586677845
"pc2001__04__01",1,"Chandigarh",TRUE,404204,385961,18243,7602,89,49525,3267,38369,59544,13424,24925,11618,20241,80206,41139,54255,2011,0.954866849412673,0.0451331505873272,0.0188073349100949,0.000220185846750651,0.122524764722764,0.00808255237454355,0.0949248399323114,0.14731175347102,0.0332109528851768,0.0616644070815727,0.0287429119949332,0.0500761991469654,0.198429505893064,0.101777815162641,0.134226776578164
"pc2001__05__08",1,"Bageshwar",TRUE,123478,77942,45536,95321,1130,2863,371,4702,3394,975,2104,92,383,3289,4847,4007,2011,0.631221756102302,0.368778243897698,0.771967475987625,0.00915142778470659,0.0231863165908097,0.00300458381250101,0.0380796579147702,0.0274866777887559,0.00789614344255657,0.0170394726186041,0.000745071996630979,0.0031017671164094,0.0266363238795575,0.0392539561703299,0.0324511248967427
"pc2001__05__09",1,"Almora",TRUE,298591,201238,97353,220301,158,5798,1608,11402,9880,2794,4738,554,1708,16368,14330,8952,2011,0.673958692659859,0.326041307340141,0.737801876144961,0.000529151916836073,0.019417865910225,0.00538529292577472,0.0381860136440817,0.0330887401160785,0.00935728136481006,0.0158678593795526,0.00185538077169104,0.00572019920225325,0.0548174593340054,0.047992069419373,0.0299808098703578
"pc2001__05__13",1,"Hardwar",TRUE,577977,495223,82754,206641,2336,73802,5810,54664,66660,6452,23314,2094,7314,55800,26144,46946,2011,0.856821292196748,0.143178707803252,0.35752460738057,0.00404168331957846,0.127690202205278,0.0100523031193283,0.0945781579543823,0.115333309110916,0.0111630739631508,0.0403372452537039,0.00362298153732761,0.0126544827908377,0.0965436340892458,0.0452336338643233,0.0812246854113572
"pc2001__06__01",1,"Panchkula",TRUE,211971,183818,28153,45717,614,31164,1340,20032,16730,2018,10024,3222,7726,35808,13342,24234,2011,0.867184662052828,0.132815337947172,0.215675729227111,0.00289662265121172,0.147020111241632,0.00632161946681386,0.0945034934023994,0.0789258908058178,0.00952017021196296,0.0472894877129419,0.0152001924791599,0.0364483820900029,0.168928768557963,0.0629425723330078,0.114326959819975
"pc2001__06__02",1,"Ambala",TRUE,373158,320360,52798,117246,100,46426,2270,35426,41626,3230,18790,3186,8120,42432,21230,33076,2011,0.858510336104278,0.141489663895722,0.314199347193414,0.000267982999158533,0.124413787189341,0.00608321408089871,0.094935657281902,0.111550603229731,0.00865585087282063,0.0503540055418884,0.00853793835319087,0.0217602195316729,0.113710546202949,0.0568927907213566,0.0886380568016765
"pc2001__06__03",1,"Yamunanagar",TRUE,389793,339309,50484,145999,1368,78166,2598,32700,38716,3492,21160,1940,6644,14828,19832,22350,2011,0.870485103631928,0.129514896368072,0.374555212638503,0.00350955507153797,0.200532077282045,0.00666507607884185,0.0838906804380787,0.0993245132672983,0.00895860110366271,0.054285223182561,0.00497700061314595,0.0170449443679081,0.03804070365553,0.0508782866803662,0.0573381256205217
"pc2001__06__04",1,"Kurukshetra",TRUE,336374,285413,50961,170592,78,31254,1786,25948,33196,3184,13184,1320,5890,14268,19902,15772,2011,0.848498992193213,0.151501007806786,0.50714977970949,0.000231884747334812,0.0929144345282335,0.00530956613769197,0.0771403259467141,0.098687770160595,0.00946565430146206,0.0391944680623354,0.00392420341643528,0.0175102713051544,0.042417071474014,0.0591662851468901,0.0468882850636494
"pc2001__06__05",1,"Kaithal",TRUE,373329,290391,82938,224437,32,27826,1924,28998,29688,1796,10056,748,3954,9836,14556,19478,2011,0.777842064238246,0.222157935761754,0.601177513667569,8.5715280623793e-05,0.074534793707427,0.00515363124750555,0.0776741158602734,0.0795223515987239,0.00481077012501038,0.0269360269360269,0.00200359468458116,0.0105911943620774,0.0263467343817384,0.0389897382737478,0.052173819874695
"pc2001__06__06",1,"Karnal",TRUE,515479,411217,104262,258325,94,59282,2536,33892,46854,4358,15918,2784,9776,26104,22108,33448,2011,0.797737638196706,0.202262361803294,0.501135836765416,0.000182354664302523,0.115003714991299,0.00491969604969359,0.0657485561972457,0.0908941004386212,0.00845427262798291,0.0308800164507187,0.00540080197253428,0.0189648850874623,0.050640278265458,0.0428882650893635,0.0648872213999018
"pc2001__06__07",1,"Panipat",TRUE,411034,337491,73543,141984,114,113068,3748,23758,40194,3492,15006,1640,6212,17960,16046,27812,2011,0.821078061668864,0.178921938331136,0.345431278191099,0.000277349319034435,0.27508186670689,0.00911846708544792,0.0578005712422817,0.0977875309585095,0.00849564756200217,0.0365079287844801,0.00398993757207433,0.0151131049986133,0.0436946821917408,0.0390381330984785,0.0676635022893483
"pc2001__06__08",1,"Sonipat",TRUE,522619,396550,126069,259383,68,58914,2990,30234,35818,2748,22234,2372,7524,40512,27076,32746,2011,0.75877455660816,0.24122544339184,0.496313758206265,0.000130113907071882,0.112728392959307,0.00572118503154306,0.0578509392119307,0.0685355871103041,0.00525813259755194,0.0425434207328857,0.00453867922903683,0.0143967211295418,0.0775172735778837,0.0518082962923277,0.0626575000143508
"pc2001__06__09",1,"Jind",TRUE,524362,386550,137812,345122,62,31046,2572,31992,31660,2252,14510,1302,4782,16712,19950,22400,2011,0.737181565407104,0.262818434592896,0.65817507752278,0.000118238926543113,0.0592071889267338,0.00490500837207883,0.0610112860962465,0.0603781357154027,0.00429474294475954,0.0276717229700093,0.00248301745740538,0.00911965397950271,0.0318711119417502,0.0380462352344373,0.0427185799123506
"pc2001__06__10",1,"Fatehabad",TRUE,368779,285873,82906,242237,28,24676,1234,21284,28824,1950,9496,712,3624,8032,12270,14412,2011,0.77518784963352,0.22481215036648,0.65686223998655,7.59262322420745e-05,0.0669127038144797,0.00334617752095428,0.0577147831085826,0.0781606327909127,0.00528771974543019,0.0257498393346693,0.0019306956198699,0.00982702377304565,0.0217799820488694,0.0332719596289377,0.0390803163954564
"pc2001__06__11",1,"Sirsa",TRUE,502531,399781,102750,328545,58,34810,2052,21824,43986,2314,10298,1088,5434,12724,18316,21082,2011,0.795535001820783,0.204464998179217,0.653780562791151,0.000115415765395568,0.0692693585072364,0.0040833301826156,0.0434281666205667,0.087528928563611,0.00460469105388523,0.020492268138682,0.00216504056466168,0.0108132632613709,0.0253198310154,0.0364475027411244,0.0419516407942993
"pc2001__06__14",1,"Rohtak",TRUE,345878,289288,56590,144748,38,35242,2898,27794,35092,2794,18212,2472,7202,27158,25572,16656,2011,0.836387396712135,0.163612603287865,0.418494382412296,0.000109865328237124,0.101891418361388,0.00837867687450488,0.0803578140269112,0.101457739434136,0.00807799281827696,0.0526544041540659,0.00714702872110976,0.0208223708937834,0.0785190153753636,0.0739335835178878,0.0481557080820405
"pc2001__06__15",1,"Jhajjar",TRUE,325872,245560,80312,166480,40,27826,5352,17538,18682,1386,15696,1284,4790,27960,14472,24366,2011,0.753547405116119,0.246452594883881,0.510875435753916,0.000122747581872637,0.0853893553297,0.0164236264545588,0.0538186772720577,0.0573292581136152,0.00425320371188688,0.0481661511268228,0.00394019737811165,0.0146990229292483,0.0858005597289733,0.0444100751215201,0.0747716894977169
"pc2001__06__16",1,"Mahendragarh",TRUE,337920,212130,125790,200102,692,22736,1432,24372,22452,2154,13200,904,3564,18460,16522,11330,2011,0.627752130681818,0.372247869318182,0.59215790719697,0.00204782196969697,0.067282196969697,0.00423768939393939,0.0721235795454545,0.0664417613636364,0.00637428977272727,0.0390625,0.00267518939393939,0.010546875,0.0546283143939394,0.0488932291666667,0.0335286458333333
"pc2001__06__17",1,"Rewari",TRUE,337645,250658,86987,161365,370,39588,1814,24688,26808,2312,14328,1376,4544,30314,17556,12582,2011,0.742371425609738,0.257628574390262,0.477913192850479,0.0010958254971938,0.11724740481867,0.00537250662678257,0.073118215877623,0.0793969998074901,0.00684742851219476,0.0424351019561966,0.00407528617334775,0.013457921781753,0.0897806868160346,0.0519954389965792,0.037263990285655
"pc2001__08__02",1,"Hanumangarh",TRUE,835583,643658,191925,589713,138,47482,2250,38174,46546,3104,15200,982,4798,9460,21014,56722,2011,0.770310070932511,0.229689929067489,0.70575035633803,0.000165154149857046,0.0568249952428424,0.00269273070419097,0.0456854675119049,0.055704819269899,0.00371477160258167,0.0181908918683123,0.00117522735622912,0.005742098630537,0.0113214366496207,0.0251489080079418,0.0678831426680533
"pc2001__08__05",1,"Jhunjhunun",TRUE,895674,593043,302631,609734,3612,51820,3800,69380,44644,4410,22608,1208,6176,16616,38908,22758,2011,0.662119253210432,0.337880746789569,0.680754381616526,0.00403271726096772,0.0578558716675933,0.00424261505860391,0.0774612191489314,0.049844028072714,0.00492366642327454,0.0252413266433993,0.00134870499757724,0.00689536594787836,0.0185513925825691,0.0434399122895161,0.0254087982904494
"pc2001__08__17",1,"Barmer",TRUE,1202458,741010,461448,920898,4406,66182,3120,51112,45554,3306,22740,744,3704,17172,23388,40132,2011,0.616246055995303,0.383753944004697,0.765846291512884,0.00366416124305381,0.0550389285945954,0.00259468521977483,0.0425062663311317,0.0378840674684688,0.00274936837710756,0.0189112634287435,0.00061873262933092,0.00308035706860448,0.0142807482672991,0.0194501595897736,0.0333749702692319
"pc2001__08__18",1,"Jalor",TRUE,896548,660841,235707,686584,1824,41506,1606,44704,46382,3866,9186,354,2012,5242,13866,39416,2011,0.737094946394393,0.262905053605607,0.765808411819557,0.00203446998933688,0.0462953461498994,0.00179131513315517,0.0498623609667302,0.0517339841257802,0.00431209483485547,0.010245965637088,0.000394847793983144,0.00224416316806239,0.00584687044084645,0.015465987320255,0.0439641826204509
"pc2001__08__19",1,"Sirohi",TRUE,419893,313192,106701,239467,2332,37546,2266,41798,32428,6196,12354,626,3528,9148,12370,19834,2011,0.745885261245127,0.254114738754873,0.570304815750679,0.00555379584798985,0.0894180183999257,0.00539661294663164,0.0995444077419724,0.0772291988673305,0.0147561402547792,0.0294217812633218,0.00149085600379144,0.0084021405453294,0.0217865027518916,0.0294598862091057,0.0472358434172515
"pc2001__08__20",1,"Pali",TRUE,843249,606755,236494,509769,3334,83348,3718,71460,61218,8358,20632,1286,7732,14032,25002,33360,2011,0.719544286444455,0.280455713555545,0.604529622922767,0.0039537550593004,0.0988415047038301,0.0044091365658305,0.0847436522308357,0.0725977736113532,0.0099116631030692,0.0244672688612735,0.00152505369113986,0.00916929637627794,0.0166403992177874,0.0296496052767332,0.0395612683798024
"pc2001__08__23",1,"Bundi",TRUE,525757,360730,165027,373943,12076,27860,1512,26492,24308,3006,10618,574,2520,7152,14096,21600,2011,0.686115448771961,0.313884551228039,0.711246830760218,0.0229687859600538,0.0529902597587859,0.00287585329344165,0.0503882972551958,0.0462342869424468,0.00571747023815185,0.0201956417128065,0.0010917591206584,0.00479308882240274,0.0136032425626287,0.0268108650954719,0.0410836184777378
"pc2001__08__27",1,"Dungarpur",TRUE,641705,216373,425332,419330,2254,20484,1035,114161,16173,10543,7966,503,1740,6282,18032,23202,2011,0.337184531833163,0.662815468166837,0.653462260696114,0.00351251743402342,0.0319212099017461,0.00161289065848014,0.177902618804591,0.0252031696807723,0.0164296678380253,0.0124138038506791,0.000783849276536726,0.0027115263244014,0.00978954504016643,0.0281001394721874,0.0361568010222766
"pc2001__08__32",1,"Jhalawar",TRUE,685486,475344,210142,546794,7418,25302,2338,22068,22426,2838,8560,446,2252,6878,15804,22362,2011,0.693440858018982,0.306559141981018,0.797673475461206,0.0108215193308105,0.036911038299834,0.00341071881847332,0.0321932176587122,0.0327154748601722,0.00414012831771911,0.0124874906270879,0.000650633273327245,0.00328526038460304,0.0100337570716251,0.0230551754521609,0.0326221104442687
"pc2001__09__01",1,"Saharanpur",TRUE,1038532,883594,154938,515301,4913,130616,4449,69948,106522,5380,40273,2531,8886,38619,36479,74615,2011,0.850810567223735,0.149189432776265,0.496182110902697,0.00473071604919251,0.125769836654046,0.00428393154953338,0.0673527633236145,0.102569781191143,0.00518038924173738,0.03877877619563,0.00243709389792515,0.00855630832752385,0.0371861435179657,0.0351255425928137,0.0718466065561774
"pc2001__09__03",1,"Bijnor",TRUE,1086792,838993,247799,575690,1302,136904,2167,82384,79651,5713,35903,1932,8116,18485,35922,102623,2011,0.771990408468226,0.228009591531774,0.529714977659018,0.00119802133250889,0.125970746932256,0.00199394180303131,0.0758047538075363,0.0732900131763944,0.00525675566253708,0.0330357602926779,0.00177770907404545,0.00746785033382653,0.0170087744481005,0.0330532429388512,0.0944274525392163
"pc2001__09__05",1,"Rampur",TRUE,737043,563602,173441,452713,126,106834,1650,21784,43802,2678,21918,850,2942,17546,17310,46890,2011,0.764679944046684,0.235320055953316,0.614228749204592,0.0001709533907791,0.144949480559479,0.00223867535544059,0.0295559417835866,0.0594293684357629,0.00363343794052721,0.0297377493579072,0.00115325700128758,0.00399162599739771,0.023805938052461,0.0234857396379858,0.0636190832827935
"pc2001__09__08",1,"Baghpat",TRUE,415016,333245,81771,207968,68,56116,1954,22456,40996,1724,13316,880,2644,19792,14128,32974,2011,0.802969042157411,0.197030957842589,0.501108391001793,0.000163849104612834,0.135214064036085,0.00470825221196291,0.0541087572527324,0.0987817337162905,0.00415405671106656,0.0320855099562427,0.00212040017734256,0.00637083871465197,0.047689727624959,0.0340420610289724,0.0794523584632882
"pc2001__09__10",1,"Gautam Buddha Nagar",TRUE,568474,458628,109846,136247,329,67351,7437,40734,44270,4159,21658,11588,14132,80553,24135,115881,2011,0.80677040638622,0.19322959361378,0.239671471342577,0.000578742387514644,0.118476834472641,0.0130823925104754,0.0716549921368436,0.0778751534810739,0.00731607778016233,0.0380984882334109,0.0203843975274155,0.024859536232088,0.141700411980143,0.0424557675460971,0.203845734369558
"pc2001__09__11",1,"Bulandshahr",TRUE,1173383,884932,288451,618192,121,142455,5899,62141,130753,4546,38181,2135,7442,42853,32504,86161,2011,0.754171485354739,0.245828514645261,0.526845880671528,0.000103120634950396,0.12140537232941,0.0050273440129949,0.0529588378219217,0.111432499022058,0.00387426782218594,0.0325392476284385,0.00181952525305037,0.00634234516777557,0.0365208972688372,0.0277011001522947,0.073429562214554
"pc2001__09__12",1,"Aligarh",TRUE,1174868,866294,308574,591695,210,178875,6018,71323,78203,5652,31862,2865,10683,32191,39782,125509,2011,0.737354324060235,0.262645675939765,0.503626790413902,0.000178743484374415,0.152251146511778,0.00512227756650109,0.0607072454096971,0.0665632224215827,0.00481075320801997,0.0271196423768457,0.00243857182253666,0.0090929363979613,0.027399673835699,0.0338608252161094,0.106828171334993
"pc2001__09__14",1,"Mathura",TRUE,840470,594145,246325,435237,803,72554,3064,49046,66844,4023,24995,1882,6531,39864,25553,110074,2011,0.706919937653932,0.293080062346068,0.517849536568825,0.00095541780194415,0.0863255083465204,0.00364557925922401,0.0583554439777743,0.0795316906016871,0.0047866074934263,0.0297393125275144,0.00223922329172963,0.00777065213511488,0.0474306043047343,0.0304032267659762,0.13096719692553
"pc2001__09__15",1,"Agra",TRUE,1389631,1051106,338525,542183,1585,210914,5056,72760,122933,10415,39440,4287,15846,69428,40436,254348,2011,0.756392164538644,0.243607835461356,0.390163287951982,0.00114059055965217,0.151776982522698,0.00363837594296615,0.0523592234197424,0.0884644916528201,0.00749479538093206,0.0283816351247202,0.00308499162727372,0.0114030271345415,0.0499614645902401,0.0290983721577887,0.183032761934643
"pc2001__09__16",1,"Firozabad",TRUE,761296,573390,187906,346282,52,171163,1526,22809,52268,1681,16380,907,3549,18310,19426,106943,2011,0.75317616275404,0.24682383724596,0.454858556987033,6.83045753557092e-05,0.224831077530947,0.00200447657678485,0.029960751140161,0.0686566066286963,0.00220807675332591,0.0215159412370484,0.0011913894201467,0.00466178726802715,0.0240510918223661,0.0255170130934617,0.140474926966646
"pc2001__09__18",1,"Mainpuri",TRUE,561315,425450,135865,413792,3,20223,823,9195,22516,671,7191,464,2171,13210,14267,56789,2011,0.757952308418624,0.242047691581376,0.737183221542271,5.34459260842842e-06,0.036027898773416,0.00146619990557886,0.0163811763448331,0.0401129490571248,0.00119540721341849,0.0128109884824029,0.000826630323436929,0.0038677035176327,0.0235340227857798,0.0254171009148161,0.101171356546681
"pc2001__09__20",1,"Bareilly",TRUE,1401101,1044899,356202,712208,179,229932,3224,64639,85226,6230,41744,3446,11978,40685,38482,163128,2011,0.745769933787785,0.254230066212215,0.508320242437911,0.000127756671360594,0.16410808357142,0.00230104753333271,0.0461344328495947,0.0608278775049051,0.00444650314288549,0.0297937122305958,0.00245949435479669,0.00854899111484468,0.0290378780687474,0.0274655431692647,0.116428437350341
"pc2001__09__21",1,"Pilibhit",TRUE,618596,462768,155828,445542,12,43339,822,17245,30961,1361,11326,414,2245,13608,14679,37042,2011,0.748094071090017,0.251905928909983,0.720247140298353,1.93987675316362e-05,0.070060265504465,0.00132881557591708,0.0278776455069221,0.0500504367955823,0.00220014355087973,0.0183092034219426,0.000669257479841447,0.00362918609237693,0.0219982023808754,0.0237295423830739,0.0598807622422389
"pc2001__09__22",1,"Shahjahanpur",TRUE,892569,699643,192926,627153,11,55929,1852,23560,44903,1866,14930,768,3419,24335,22258,71585,2011,0.783853125080526,0.216146874919474,0.702638115372593,1.232397719392e-05,0.0626607018617048,0.0020749096148309,0.0263957184262505,0.0503075952671446,0.00209059467671407,0.0167269981368387,0.000860437680448234,0.00383051618418296,0.0272639986376403,0.0249370076711156,0.0802010824933422
"pc2001__09__24",1,"Sitapur",TRUE,1422207,1024326,397881,1056854,11,79345,1596,27785,49570,2037,13284,845,4471,27665,28167,130577,2011,0.720236927535865,0.279763072464135,0.743108422332333,7.73445778286846e-06,0.0557900502528816,0.00112219951104164,0.019536537227,0.0348542792997081,0.0014322809548821,0.00934041247160224,0.000594146984229441,0.00314370552247317,0.0194521613239142,0.0198051338518233,0.0918129358103286
"pc2001__09__25",1,"Hardoi",TRUE,1319274,970053,349221,1017175,7,73888,878,23059,41615,2589,13956,926,4857,15384,27365,97575,2011,0.735293047539783,0.264706952460217,0.771011177359669,5.30594857474641e-06,0.056006561184409,0.000665517549803907,0.0174785525978682,0.0315438642768674,0.00196244298000264,0.0105785454727373,0.000701901197173597,0.00368157031822048,0.0116609589819855,0.0207424689639908,0.0739611331686973
"pc2001__09__26",1,"Unnao",TRUE,1124322,761684,362638,793758,44,77292,2568,29794,47120,2732,14970,1268,4328,28126,22042,100280,2011,0.67746072744285,0.32253927255715,0.705988142187025,3.91346962880741e-05,0.0687454305794959,0.0022840431833585,0.02649952593652,0.0419097020248648,0.00242990886952314,0.0133146909871016,0.00112779079302904,0.00384943103488147,0.0250159651772357,0.0196047039904938,0.0891915305401833
"pc2001__09__27",1,"Lucknow",TRUE,1544838,1154406,390432,399395,565,199169,15055,114915,158498,15868,70455,19401,53641,135671,90054,272151,2011,0.747266703693203,0.252733296306797,0.258535199160041,0.000365734141702884,0.128925492511189,0.0097453584129857,0.0743864405199769,0.102598460162166,0.0102716271867989,0.0456067238118172,0.0125585983773056,0.0347227346815653,0.0878221535203044,0.058293490967985,0.176167986546162
"pc2001__09__28",1,"Rae Bareli",TRUE,1203425,645694,557731,838881,204,76620,3052,54836,40306,3434,15494,1590,5432,15218,27676,120682,2011,0.536546938945094,0.463453061054906,0.697077923426886,0.000169516172590731,0.0636682801171656,0.00253609489581819,0.0455666119616927,0.0334927394727548,0.00285352223861063,0.0128749195005921,0.00132122899225128,0.00451378357604338,0.0126455740906164,0.0229976940814758,0.100282111473503
"pc2001__09__29",1,"Farrukhabad",TRUE,592873,475198,117675,387844,99,72844,634,15272,27353,1210,10667,746,3766,12922,16861,42655,2011,0.801517357005632,0.198482642994368,0.654177201525453,0.000166983485501954,0.122866111291963,0.00106936898796201,0.0257593110160186,0.0461363563528783,0.0020409092672461,0.0179920488873671,0.00125827959782281,0.00635211925656928,0.0217955616126894,0.0284394802934187,0.0719462684251096
"pc2001__09__30",1,"Kannauj",TRUE,524688,418812,105876,374881,17,63697,517,10513,18809,744,6888,482,2096,6076,13646,26322,2011,0.798211508553655,0.201788491446345,0.714483655048333,3.24002073613271e-05,0.121399765193791,0.000985347482694477,0.0200366694111548,0.0358479706034825,0.00141798554569573,0.0131278016649895,0.000918641173421157,0.00399475497819657,0.0115802152898484,0.0260078370383923,0.0501669563626384
"pc2001__09__31",1,"Etawah",TRUE,505846,361260,144586,338841,64,34208,764,17788,26480,1633,11570,855,3867,12398,18026,39352,2011,0.714169925234162,0.285830074765838,0.669850112484827,0.000126520719744744,0.0676253247035659,0.00151034109195289,0.0351648525440549,0.052347947794388,0.003228255239737,0.0228725738663546,0.00169023774033995,0.00764461911332698,0.0245094356780522,0.0356353514706057,0.0777944275530497
"pc2001__09__32",1,"Auraiya",TRUE,441922,325804,116118,325132,21,23060,1087,15485,21542,887,6952,669,1978,7340,14981,22788,2011,0.737243223917343,0.262756776082657,0.735722593579862,4.75196980462616e-05,0.0521811541403234,0.00245971008458506,0.0350401202022076,0.0487461588244079,0.00200714153176352,0.0157312828960767,0.00151384180918805,0.00447590298740502,0.0166092658885505,0.0338996474490974,0.0515656609084861
"pc2001__09__33",1,"Kanpur Dehat",TRUE,628315,448404,179911,469305,36,39574,668,20278,24066,1088,10388,514,1970,9724,16222,34482,2011,0.71366114130651,0.28633885869349,0.746926302889474,5.7296101477762e-05,0.0629843311078042,0.00106316099408736,0.0322736207157238,0.0383024438378839,0.00173161551132792,0.0165331083930831,0.00081806100443249,0.00313536999753308,0.0154763136324933,0.0258182599492293,0.0548801158654497
"pc2001__09__34",1,"Kanpur Nagar",TRUE,1574403,1231253,343150,476606,645,242050,11967,110238,192903,13869,84130,10946,37338,82777,73612,237322,2011,0.78204436856383,0.21795563143617,0.302721730078004,0.000409679097410256,0.15374081477233,0.00760097637009076,0.0700189214578478,0.122524537872451,0.00880905333640751,0.0534361278529068,0.00695247658953902,0.0237156560296188,0.0525767544904322,0.0467555003388586,0.150737771714104
"pc2001__09__35",1,"Jalaun",TRUE,620975,420940,200035,449233,230,29549,1117,29150,26251,1971,10233,676,3275,9569,16885,42836,2011,0.677869479447643,0.322130520552357,0.723431700148959,0.000370385281210999,0.0475848464108861,0.00179878417005516,0.0469423084665244,0.042273843552478,0.00317404082289947,0.0164789242723137,0.00108861065260276,0.00527396433028705,0.0154096380691654,0.0271911107532509,0.0689818430693667
"pc2001__09__36",1,"Jhansi",TRUE,815668,560250,255418,489340,2958,56517,4202,46591,41335,2357,27001,1494,6773,31937,22500,82663,2011,0.686860340236469,0.313139659763531,0.599925459868476,0.00362647547776792,0.0692892206142695,0.00515160580039918,0.057120053747358,0.0506762555353404,0.00288965608556422,0.0331029291329315,0.00183162757396392,0.00830362353310416,0.0391544108632434,0.0275847526199385,0.101343929147643
"pc2001__09__37",1,"Lalitpur",TRUE,504024,357340,146684,404048,2270,16928,365,16676,15232,877,7790,338,1746,7586,10188,19980,2011,0.708974175832897,0.291025824167103,0.801644366141295,0.00450375378950209,0.033585702268146,0.000724171864831833,0.033085726076536,0.0302207831373109,0.00173999650810279,0.0154556132247671,0.000670602987159342,0.00346412075615447,0.0150508705934638,0.0202133231750869,0.0396409694776439
"pc2001__09__38",1,"Hamirpur",TRUE,444501,290730,153771,319215,764,24508,542,29290,15514,928,6850,390,2156,7178,11034,26132,2011,0.654059270957771,0.345940729042229,0.718142366383878,0.00171878128508147,0.0551359839460429,0.00121934483836932,0.0658941149738696,0.0349020587130288,0.00208773433580577,0.0154105390089111,0.000877388352332166,0.00485038278879013,0.0161484451103597,0.0248233412298285,0.058789519033703
"pc2001__09__39",1,"Mahoba",TRUE,349788,239033,110755,251510,7296,15426,328,25204,10704,504,4612,228,1384,4226,7880,20486,2011,0.683365352727938,0.316634647272062,0.719035530092513,0.0208583484853683,0.0441009983189818,0.000937710841995723,0.0720550733587201,0.0306013928436653,0.00144087275721294,0.0131851292783057,0.000651823390167759,0.00395668233329903,0.0120816037142498,0.0225279312040436,0.0585669033814768
"pc2001__09__40",1,"Banda",TRUE,701958,483170,218788,532646,1982,28951,1009,43153,25199,1393,8822,605,3698,9986,17920,26594,2011,0.688317534667316,0.311682465332684,0.758800384068563,0.00282353075255215,0.0412432082831167,0.00143740793608734,0.0614751879742093,0.0358981591491229,0.00198444921206112,0.012567703480835,0.000861874926989934,0.00526812145455996,0.0142259223486305,0.0255285928787762,0.0378854575344964
"pc2001__09__41",1,"Chitrakoot",TRUE,394341,283033,111308,314405,4033,13398,392,14216,12289,888,4233,245,1369,4417,9042,15414,2011,0.717736679675712,0.282263320324288,0.797292191276078,0.0102271891586216,0.0339756708026809,0.000994063513558063,0.0360500176243404,0.0311633839747832,0.00225185816336622,0.010734364420641,0.000621289695973789,0.00347161466852293,0.0112009656616989,0.022929393595898,0.0390879974438367
"pc2001__09__42",1,"Fatehpur",TRUE,1064428,670155,394273,776164,268,74338,1100,43402,37496,1666,14918,842,4574,11512,23944,74204,2011,0.629591668013243,0.370408331986757,0.729184125182727,0.000251778419958889,0.0698384484436712,0.00103341888789096,0.0407749514293123,0.0352264314730541,0.00156515987929667,0.014015039063234,0.000791035185094717,0.00429714363019387,0.010815198397637,0.0224947107742374,0.0697125592336917
"pc2001__09__43",1,"Pratapgarh",TRUE,1067133,552886,514247,709353,212,72454,846,36428,37428,2762,25666,1084,6206,11272,26140,137282,2011,0.51810411635663,0.48189588364337,0.66472782680322,0.00019866314695544,0.0678959417429692,0.000792778407190107,0.034136326024966,0.0350734163407935,0.00258824345231569,0.0240513600460299,0.00101580590235706,0.00581558250002577,0.0105628820400081,0.0244955408557321,0.128645632737438
"pc2001__09__48",1,"Ambedkar Nagar",TRUE,786470,440790,345680,526198,96,73018,1688,23656,27208,2194,8022,998,3470,7426,22616,89880,2011,0.560466387783387,0.439533612216613,0.669063028468982,0.000122064414408687,0.092842702200974,0.00214629928668608,0.0300787061172073,0.0345950894503287,0.0027896804709652,0.0102000076290259,0.00126896130812364,0.00441211997914733,0.00944219105623864,0.0287563416277798,0.114282807990133
"pc2001__09__50",1,"Bahraich",TRUE,1151457,742970,408487,922302,18,39892,1005,27295,33710,3856,11665,605,3745,9555,19010,78799,2011,0.645243374264085,0.354756625735915,0.800986923523848,1.56323683819717e-05,0.0346448021940897,0.000872807234660087,0.0237047497214399,0.0292759521197926,0.00334880069338238,0.0101306431764278,0.000525421270616271,0.00325240108836023,0.00829818221609665,0.0165095179411823,0.0684341664517216
"pc2001__09__52",1,"Balrampur",TRUE,761249,459847,301402,613288,49,26982,387,22729,20069,2076,6034,376,1875,4722,11273,51389,2011,0.604069102225422,0.395930897774578,0.805633899026468,6.43679006474885e-05,0.0354443815361334,0.000508375052052614,0.0298575104860565,0.0263632530223357,0.00272709717845278,0.0079264471940193,0.000493925115172565,0.00246305742273553,0.00620296381341716,0.0148085580407987,0.06750616421171
"pc2001__09__53",1,"Gonda",TRUE,1170891,740045,430846,885998,67,48140,1333,23215,31703,2953,11392,845,4020,10306,19486,131433,2011,0.63203577446577,0.36796422553423,0.756687001608177,5.72213809825167e-05,0.0411139892611695,0.00113844926641336,0.0198267814852108,0.0270759618102795,0.00252201101554286,0.0097293428679527,0.000721672640749651,0.003433282858951,0.00880184406575847,0.0166420273108257,0.112250414427987
"pc2001__09__55",1,"Basti",TRUE,783511,443671,339840,586924,29,34326,1157,20793,25631,2535,7722,701,4022,10455,19960,69256,2011,0.566260078033365,0.433739921966635,0.749094779779735,3.70128817591585e-05,0.043810488940168,0.00147668635156367,0.0265382362213166,0.0327130059437583,0.00323543638825747,0.00985563699807661,0.000894690693557589,0.00513330380811501,0.0133437820273104,0.0254750731004415,0.0883918668659406
"pc2001__09__60",1,"Deoria",TRUE,876403,455155,421248,542901,960,65558,1394,45982,46136,3210,16272,1074,5898,13960,30034,103024,2011,0.519344411189829,0.480655588810171,0.619465017805735,0.001095386483159,0.0748034865238937,0.0015905924557538,0.052466730488143,0.0526424487364831,0.00366269855306292,0.0185668008895451,0.00122546362803413,0.00672978070590813,0.0159287451092705,0.0342696225366641,0.117553226084347
"pc2001__09__61",1,"Azamgarh",TRUE,1374073,786359,587714,896479,170,120474,1706,52016,58992,3174,23684,1538,7124,17024,39206,152486,2011,0.572283277526012,0.427716722473988,0.65242458006234,0.000123719773258044,0.0876765644911151,0.00124156431281307,0.037855339563473,0.0429322168472854,0.00230992094306489,0.0172363477049618,0.00111930006629924,0.00518458626288414,0.0123894436467349,0.0285326907667933,0.110973725558977
"pc2001__09__62",1,"Mau",TRUE,697622,396850,300772,367008,360,127092,1032,33658,29992,1848,11184,722,3454,9102,22286,89884,2011,0.568861073762009,0.431138926237991,0.526084326469062,0.000516038771713048,0.182178887707096,0.0014793111455774,0.0482467582731049,0.042991763447827,0.00264899902812698,0.0160316045078854,0.00103494442549117,0.00495110532638019,0.0130471802781449,0.0319456668511027,0.128843413768488
"pc2001__09__63",1,"Ballia",TRUE,1019148,569720,449428,614304,858,63168,1390,48322,41068,1986,16194,1216,4876,17138,25184,183444,2011,0.559015962352867,0.440984037647133,0.602762307339071,0.00084187968773917,0.0619811842833426,0.00136388434260775,0.047414114534886,0.0402964044476367,0.00194868654994172,0.0158897431972589,0.00119315349684246,0.0047843885284571,0.0168160070961234,0.024710836895132,0.179997409600961
"pc2001__09__64",1,"Jaunpur",TRUE,1438528,896771,541757,994176,212,99598,1488,39468,60938,4162,24020,1772,7362,13304,39896,152132,2011,0.623394886995596,0.376605113004405,0.691106464385817,0.000147372870044935,0.0692360524091293,0.00103439071050407,0.0274363794100636,0.0423613582773502,0.00289323530720292,0.0166976242381101,0.00123181474396049,0.00511773145882458,0.00924834275036704,0.027733905770343,0.105755327668283
"pc2001__09__65",1,"Ghazipur",TRUE,1203049,765498,437551,821853,752,73686,1538,41896,48432,2784,18944,1176,5720,21906,31954,132408,2011,0.636298272140204,0.363701727859796,0.68314175066851,0.000625078446513816,0.0612493755449695,0.00127841841853491,0.0348248491956687,0.0402577118637728,0.00231412020624264,0.0157466570355821,0.000977516294016287,0.00475458605592956,0.0182087346400687,0.0265608466488065,0.110060354981385
"pc2001__09__66",1,"Chandauli",TRUE,651072,341747,309325,386546,792,64820,1028,38998,28108,1438,19494,720,3108,9846,16236,79938,2011,0.524898935908778,0.475101064091222,0.593706994003735,0.00121645532291359,0.0995588813526,0.00157893443428684,0.0598981372259904,0.0431718765359284,0.00220866509387595,0.0299413889708051,0.001105868475376,0.00477366558537305,0.0151227514007667,0.0249373341197287,0.12277904747862
"pc2001__09__67",1,"Varanasi",TRUE,1220555,920614,299941,397368,619,260103,4377,92832,118184,8427,45486,5696,19832,35773,55094,176764,2011,0.754258513545068,0.245741486454932,0.325563370761662,0.00050714633916538,0.213102236277759,0.00358607354850867,0.0760572034852997,0.0968280823068194,0.00690423618763595,0.0372666532847762,0.00466672947962198,0.0162483460393018,0.0293087980467902,0.04513848208397,0.14482264215869
"pc2001__09__69",1,"Mirzapur",TRUE,882952,537590,345362,528016,8360,112366,1554,46528,35282,1958,20376,1090,5334,12114,22012,87962,2011,0.608855294512046,0.391144705487954,0.598012122969312,0.00946823836403338,0.12726173110203,0.0017600050738885,0.0526959562920748,0.0399591370765342,0.00221756109052361,0.0230771321657349,0.0012344951933967,0.00604109849686053,0.0137198851126675,0.0249300075202276,0.0996226295427158
"pc2001__09__70",1,"Sonbhadra",TRUE,730511,397249,333262,521056,10371,42567,19239,31880,19078,1504,11586,686,2413,7793,13637,48701,2011,0.543796055090204,0.456203944909796,0.713276049231292,0.0141969114770346,0.0582701697852599,0.0263363590691995,0.043640684397634,0.0261159653995628,0.00205883278964998,0.0158601307851627,0.000939068679321735,0.0033031672349903,0.0106678749532861,0.0186677544896655,0.0666670317079414
"pc2001__10__01",1,"Pashchim Champaran",TRUE,1479355,797762,681593,1222334,221,49570,775,28861,34915,2544,9401,639,4045,13252,22672,90126,2011,0.539263395195879,0.460736604804121,0.826261445021648,0.000149389429852875,0.0335078463249186,0.000523876959891304,0.0195091779863522,0.0236015020059418,0.00171966836898513,0.00635479651604922,0.000431945003058765,0.00273429974549719,0.00895795802900588,0.0153255979802008,0.0609224966285983
"pc2001__10__02",1,"Purba Champaran",TRUE,1737983,1133109,604874,1413266,255,59155,862,28759,49547,3104,13991,1066,5537,18514,30777,113150,2011,0.651967827073107,0.348032172926893,0.81316445557868,0.000146721803377824,0.0340365814855496,0.000495977233379153,0.0165473425229131,0.0285083340861217,0.00178597834386182,0.00805013627866326,0.000613354676081412,0.00318587696197259,0.0106525783048511,0.0177084585982717,0.0651042041262774
"pc2001__10__03",1,"Sheohar",TRUE,216372,137804,78568,176304,22,6396,58,2512,3595,281,896,64,443,2243,3693,19865,2011,0.636884624627956,0.363115375372044,0.814818922966003,0.000101676741907456,0.0295602018745494,0.000268056865028747,0.0116096352577968,0.0166149039616956,0.00129868929436341,0.00414101639768547,0.000295786885548962,0.00204739984840922,0.0103664060044738,0.0170678276301924,0.0918094762723458
"pc2001__10__04",1,"Sitamarhi",TRUE,1114758,753778,360980,861011,135,54648,488,20781,36705,3372,10432,722,3658,13601,20916,88289,2011,0.676180839249416,0.323819160750584,0.772374811394043,0.00012110251731766,0.0490222990101888,0.000437763173711245,0.0186417141657651,0.032926428875146,0.00302487176589,0.0093580848937617,0.000647674203728522,0.00328142969146667,0.0122008543558333,0.0187628166830828,0.0792001492700658
"pc2001__10__05",1,"Madhubani",TRUE,1636848,1074135,562713,1342298,152,47745,711,19349,35736,4053,12043,811,4577,21904,31053,116416,2011,0.656221591742178,0.343778408257822,0.820050487277988,9.28614019139224e-05,0.0291688660156594,0.000434371426057887,0.0118208899054769,0.0218322043341837,0.00247610040761268,0.0073574333108511,0.000495464453632836,0.00279622787210541,0.0133818167600168,0.0189712178528489,0.0711220589816525
"pc2001__10__06",1,"Supaul",TRUE,878007,472947,405060,758583,40,18221,244,12488,14004,1262,3805,283,1932,6783,13529,46833,2011,0.538659714558084,0.461340285441916,0.863982861184478,4.55577233438913e-05,0.0207526819262261,0.000277902112397737,0.0142231212279629,0.0159497589426964,0.00143734617149977,0.00433367843308766,0.000322320892658031,0.00220043803750995,0.00772545093604037,0.0154087609779876,0.0533401214341116
"pc2001__10__08",1,"Kishanganj",TRUE,529261,384514,144747,435981,62,17218,187,9098,15084,2040,4946,276,1332,5387,11770,25880,2011,0.726511116443494,0.273488883556506,0.823754253572434,0.000117144471253314,0.0325321533232186,0.000353322840715639,0.0171900064429459,0.0285001161997578,0.00385443098962516,0.00934510572288531,0.000521481839772815,0.00251671670499054,0.0101783430103484,0.0222385552685726,0.0488983696134799
"pc2001__10__09",1,"Purnia",TRUE,1142854,776121,366733,946266,83,24368,368,16298,25366,2647,6633,477,4310,9904,20366,85768,2011,0.679107742546292,0.320892257453708,0.827985026958824,7.26251997192992e-05,0.0213220586356612,0.000322000885502435,0.0142607892171703,0.0221953110371054,0.00231613136936127,0.00580389096070014,0.000417376147784406,0.00377126037096602,0.00866602383156554,0.0178202990058223,0.0750472063798175
"pc2001__10__11",1,"Madhepura",TRUE,777746,443673,334073,677532,70,12850,167,10003,13583,1096,3107,219,1593,4923,14370,38233,2011,0.570460021652313,0.429539978347687,0.87114816405356,9.00036772931008e-05,0.0165221036173764,0.000214723058684969,0.0128615254851841,0.017464570695317,0.00140920043304626,0.0039948775049952,0.000281582933245558,0.00204822654182728,0.00632983004734193,0.0184764691814551,0.0491587227706732
"pc2001__10__12",1,"Saharsa",TRUE,650252,363620,286632,524314,133,19642,338,15606,17921,1264,6084,448,2968,9596,16272,35666,2011,0.55919858762449,0.44080141237551,0.806324317341584,0.000204536087547597,0.0302067506136083,0.000519798478128479,0.0239999261824646,0.0275600843980488,0.00194386176436212,0.00935637260631263,0.000688963663318221,0.00456438426948322,0.0147573556098251,0.0250241444855225,0.0548495044997939
"pc2001__10__14",1,"Muzaffarpur",TRUE,1548895,911007,637888,1053895,308,72974,2036,56802,72292,6074,29440,2128,11512,34120,39646,167668,2011,0.588165756878291,0.411834243121709,0.680417329773807,0.000198851439251854,0.0471135874284571,0.00131448548804147,0.0366725956246227,0.0466732735272565,0.00392150533122,0.0190070986090084,0.00137388267119463,0.00743239535281604,0.0220286074911469,0.0255963122096721,0.108250075053506
"pc2001__10__15",1,"Gopalganj",TRUE,728201,363111,365090,550558,97,32739,508,22265,25399,1466,7165,483,2946,8451,17243,58881,2011,0.498641171874249,0.501358828125751,0.756052243817298,0.000133204980493023,0.0449587407872277,0.0006976095885614,0.0305753493884243,0.0348791061808484,0.0020131804268327,0.00983931634260321,0.000663278408021961,0.00404558631476749,0.011605312269552,0.0236789018416619,0.0808581696537082
"pc2001__10__16",1,"Siwan",TRUE,931677,461534,470143,646039,204,49814,974,51795,45926,2587,14878,777,4187,13634,24670,76192,2011,0.495379836574263,0.504620163425737,0.693415207201638,0.0002189600043792,0.0534670277360072,0.0010454266875752,0.055593301111866,0.0492939076525448,0.0027767133888676,0.0159690536527144,0.0008339800166796,0.0044940467565476,0.0146338269593432,0.026479133862916,0.0817794149689216
"pc2001__10__17",1,"Saran",TRUE,1040231,545520,494711,731293,732,50839,757,35827,47988,2805,19929,901,6114,20845,26284,95917,2011,0.524421979348818,0.475578020651182,0.703010196773601,0.000703689853503693,0.0488727984457298,0.000727722976915704,0.0344413884992853,0.0461320610518241,0.00269651644682768,0.019158244659119,0.00086615376776889,0.0058775406616415,0.0200388183009351,0.0252674646304523,0.0922074039323958
"pc2001__10__19",1,"Samastipur",TRUE,1343944,907810,436134,1034416,262,63926,982,29664,45860,5244,19224,946,5714,15250,31512,90944,2011,0.675482014131541,0.324517985868459,0.769686832189436,0.00019494859904877,0.0475659700106552,0.000730685207121725,0.0220723482526058,0.034123445619758,0.00390194829546469,0.0143041674355479,0.000703898376718078,0.00425166524795676,0.0113471989904341,0.0234474055466597,0.0676694862285929
"pc2001__10__20",1,"Begusarai",TRUE,938675,592081,346594,587463,540,77168,1118,49502,41490,3462,20122,804,5362,16192,26118,109334,2011,0.630762510986231,0.369237489013769,0.625842810344368,0.000575278983673796,0.0822094974298879,0.00119104056249501,0.0527360374996671,0.04420060191227,0.00368817748421978,0.0214365994620076,0.000856526486803207,0.00571230724159054,0.0172498468586039,0.0278243268436892,0.116476948890724
"pc2001__10__21",1,"Khagaria",TRUE,560938,306355,254583,435067,134,18701,331,16366,15871,1151,5781,359,1766,6643,11478,47290,2011,0.546147702598148,0.453852297401852,0.775606216729835,0.000238885580937644,0.0333388003665289,0.000590083039480299,0.0291761299822797,0.0282936795153832,0.0020519201765614,0.0103059518164218,0.000639999429526971,0.00314829802937223,0.0118426635385729,0.0204621544627035,0.0843052173323968
"pc2001__10__23",1,"Banka",TRUE,771080,374097,396983,637646,394,25151,308,16060,12361,1008,5024,279,1973,6531,12189,52156,2011,0.485159775898739,0.514840224101261,0.826951807853919,0.000510971624215386,0.0326178866006121,0.000399439746848576,0.0208279296571043,0.0160307620480365,0.00130725735332261,0.00651553664989366,0.000361830160294652,0.00255874876796182,0.00846993826840276,0.0158076982933029,0.0676401929760855
"pc2001__10__24",1,"Munger",TRUE,427110,234165,192945,247380,1676,31562,678,29076,24392,1722,16226,636,4346,15330,15398,38688,2011,0.54825454800871,0.45174545199129,0.579195055138021,0.0039240476692187,0.0738966542576854,0.00158741307859802,0.0680761396361593,0.0571094097539276,0.00403174826157196,0.0379902132939992,0.00148907775514504,0.0101753646601578,0.0358923930603357,0.0360516026316406,0.0905808808035401
"pc2001__10__25",1,"Lakhisarai",TRUE,326576,201866,124710,240808,682,13177,196,10718,13103,950,4595,244,1265,5614,8415,26809,2011,0.61812870510999,0.38187129489001,0.737372005291265,0.00208833472147372,0.0403489539953946,0.000600166576845818,0.032819313115477,0.0401223604918916,0.00290897065307922,0.0140702317377884,0.000747146146685611,0.00387352408015286,0.0171904855225124,0.0257673558375386,0.0820911518298956
"pc2001__10__26",1,"Sheikhpura",TRUE,224655,148002,76653,164804,3950,8365,128,3711,7495,405,2035,135,694,2830,4954,25149,2011,0.658796821793417,0.341203178206583,0.733587055707641,0.0175825154125214,0.0372348712470232,0.000569762524760188,0.0165186619483208,0.0333622665865438,0.00180276423849903,0.00905833388974205,0.000600921412833011,0.00308918118893414,0.0125970933208698,0.0220515902161091,0.111944982306203
"pc2001__10__27",1,"Nalanda",TRUE,1046111,740386,305725,760243,324,55394,694,20700,38832,2180,13264,932,4984,16862,25682,106020,2011,0.707750898327233,0.292249101672767,0.726732631623222,0.00030971856715014,0.0529523157676384,0.000663409523463571,0.0197875751234812,0.0371203438258464,0.0020839088777386,0.0126793428230847,0.000890918841308427,0.00476431277369228,0.016118748392857,0.0245499760541663,0.101346797806351
"pc2001__10__28",1,"Patna",TRUE,1884041,1373309,510732,942869,2167,122188,6203,90134,143730,10355,63643,8438,35774,123732,71748,263060,2011,0.72891672739606,0.27108327260394,0.500450361749028,0.00115018728361007,0.064854214956044,0.00329239119530838,0.0478407847812229,0.0762881487186319,0.00549616489237761,0.0337800504341466,0.00447867111172209,0.0189879094987848,0.0656737300302913,0.0380819737999332,0.139625411548899
"pc2001__10__30",1,"Buxar",TRUE,538112,328342,209770,391072,420,28506,330,16466,23116,1592,7686,462,2862,11134,14006,40460,2011,0.610174090152236,0.389825909847764,0.726748334919125,0.000780506660323501,0.0529741020456708,0.000613255233111323,0.0305995777830637,0.0429575999048525,0.00295849191246432,0.0142832718839201,0.000858557326355852,0.00531859538534729,0.0206908598953378,0.0260280387725975,0.0751888082778306
"pc2001__10__31",1,"Kaimur (Bhabua)",TRUE,511163,284646,226517,395895,222,21085,267,12862,15234,594,4569,266,1650,8001,10860,39658,2011,0.556859553606188,0.443140446393812,0.774498545473753,0.000434303734816487,0.0412490731919173,0.000522338275657667,0.025162228095539,0.0298026265594341,0.00116205593910357,0.00893844038007446,0.000520381952527863,0.00322793316417659,0.0156525413615618,0.0212456691896714,0.0775838626817669
"pc2001__10__32",1,"Rohtas",TRUE,924838,542951,381887,629135,3754,44814,1085,36435,45584,2809,12905,973,5119,16192,23721,102312,2011,0.587076871841339,0.412923128158661,0.680265084263406,0.00405908926752577,0.0484560539251199,0.0011731784377372,0.03939608882853,0.0492886321712559,0.0030372886927224,0.0139537951511508,0.00105207614739014,0.00553502343113064,0.0175079311187473,0.0256488163332389,0.110626942232045
"pc2001__10__35",1,"Gaya",TRUE,1663998,1007736,656262,1160034,2590,88414,1288,43644,56902,4400,20574,1320,6738,30568,30942,216584,2011,0.60561130482128,0.39438869517872,0.697136655212326,0.00155649225539935,0.053133477323891,0.000774039391874269,0.0262283969091309,0.0341959545624454,0.00264423394739657,0.0123641975531221,0.000793270184218971,0.00404928371308139,0.0183702143872769,0.0185949742728056,0.130158810287032
"pc2001__10__36",1,"Nawada",TRUE,817068,508971,308097,616034,1745,34198,328,12293,28460,2194,8011,428,2354,9360,14103,87560,2011,0.622923673427426,0.377076326572574,0.753956831010393,0.00213568515717174,0.0418545335271972,0.000401435376247754,0.0150452593908953,0.034831862219546,0.00268521102282797,0.00980456950951451,0.00052382421046963,0.00288103315758297,0.0114555948831676,0.0172604972903112,0.107163663244675
"pc2001__10__37",1,"Jamui",TRUE,726515,444957,281558,491087,838,116142,184,16234,16390,1090,7110,252,1910,6098,10388,58792,2011,0.612453975485709,0.387546024514291,0.675948879238557,0.00115345175254468,0.159861806019146,0.00025326386929382,0.0223450307288907,0.0225597544441615,0.00150031313875144,0.00978644625369056,0.000346861386206754,0.00262898907799564,0.00839349497257455,0.0142983971425229,0.0809233119756646
"pc2001__11__03",1,"South District",TRUE,75165,51008,24157,43297,257,2397,2767,7719,2861,721,2420,172,227,3604,4632,4091,2011,0.678613716490388,0.321386283509612,0.576026075966208,0.00341914454865962,0.031889842346837,0.0368123461717555,0.102694073039314,0.0380629282245726,0.00959223042639526,0.0321958358278454,0.00228829907536752,0.00302002261690947,0.0479478480675846,0.0616244262622231,0.0544269274263287
"pc2001__11__04",1,"East District",TRUE,137451,108797,28654,46469,705,8306,3891,14038,8323,2889,6979,963,1606,21789,10564,10929,2011,0.791532982662913,0.208467017337087,0.338076841929124,0.00512910055219678,0.0604288073568035,0.0283082698561669,0.10213094120814,0.0605524877956508,0.0210183992841085,0.050774457806782,0.00700613309470284,0.0116841638111036,0.158521946002575,0.0768564797636976,0.0795119715389484
"pc2001__12__01",1,"Tawang",TRUE,28828,24741,4087,9756,87,592,724,6825,717,210,394,54,92,7132,961,1284,2011,0.858228111558207,0.141771888441793,0.338420979603164,0.00301789926460386,0.020535590398224,0.0251144720410712,0.236748994033578,0.0248716525600111,0.00728458443180241,0.0136672679339531,0.00187317885389205,0.00319134175107534,0.247398362702928,0.0333356458998196,0.0445400305258776
"pc2001__12__09",1,"Upper Siang",TRUE,17644,14524,3120,11267,4,396,523,844,381,28,109,27,53,1668,974,1370,2011,0.823169349353888,0.176830650646112,0.638574019496713,0.00022670596236681,0.0224438902743142,0.0296418045794604,0.047834958059397,0.0215937429154387,0.00158694173656767,0.00617773747449558,0.00153026524597597,0.00300385400136024,0.0945363863069599,0.0552029018363183,0.0776467921106325
"pc2001__12__10",2,"Dibang Valley;Lower Dibang Valley",TRUE,25881,22354,3527,15510,11,504,811,2431,1251,101,450,54,139,1718,1729,1172,2011,0.86372242185387,0.13627757814613,0.599281326069317,0.000425022217070438,0.0194737452185001,0.0313357289131023,0.0939299099725667,0.0483366175959198,0.00390247672037402,0.0173872725165179,0.00208647270198215,0.00537073528843553,0.0663807426297284,0.0668057648467988,0.0452841853096866
"pc2001__12__12",1,"Changlang",TRUE,62419,50268,12151,47884,272,1322,867,1738,1610,140,571,86,144,3553,2416,1816,2011,0.805331709896025,0.194668290103975,0.767138211121614,0.00435764751117448,0.0211794485653407,0.0138900014418687,0.0278440859353722,0.0257934282830548,0.00224290680722216,0.00914785562088467,0.00137778561015076,0.00230698985885708,0.0569217706147167,0.038706163187491,0.0290937054422532
"pc2001__12__13",1,"Tirap",TRUE,50169,44262,5907,38921,51,569,619,1132,895,67,273,47,128,3629,2026,1812,2011,0.88225796806793,0.11774203193207,0.775797803424425,0.00101656401363392,0.0113416651717196,0.0123382965576352,0.0225637345771293,0.0178397018078893,0.00133548605712691,0.0054416073670992,0.000936833502760669,0.00255137634794395,0.0723355059897546,0.0403835037573003,0.0361179214255815
"pc2001__13__01",1,"Mon",TRUE,147654,104981,42673,125975,1177,2877,443,1542,1981,119,719,62,107,4988,3267,4397,2011,0.710993268045566,0.289006731954434,0.853177021956737,0.00797133839923063,0.0194847413547889,0.00300025735841901,0.0104433337396887,0.0134165007382123,0.000805938206889079,0.00486949219120376,0.000419900578379184,0.000724667127202785,0.0337816787896027,0.0221260514445934,0.0297790781150528
"pc2001__13__03",1,"Mokokchung",TRUE,100181,81127,19054,62235,550,6078,1050,3676,5310,426,1586,382,360,6460,7976,4092,2011,0.809804254299717,0.190195745700282,0.621225581697128,0.00549006298599535,0.0606701869615995,0.0104810293369002,0.0366935846118525,0.0530040626466096,0.00425230333097094,0.0158313452650702,0.00381309829209131,0.0035934957726515,0.0644832852536908,0.0796158952296344,0.0408460686158054
"pc2001__13__04",1,"Zunheboto",TRUE,79615,49565,30050,58589,48,2668,592,1579,1981,119,888,97,104,4622,4686,3642,2011,0.622558563084846,0.377441436915154,0.735904038183759,0.000602901463292093,0.0335112730013188,0.00743578471393582,0.0198329460528795,0.0248822458079508,0.00149469321107831,0.0111536770709037,0.00121836337373611,0.00130628650379954,0.0580543867361678,0.0588582553538906,0.0457451485272876
"pc2001__13__05",1,"Wokha",TRUE,78384,63377,15007,56026,86,2110,737,1194,2945,190,843,123,243,5126,4969,3792,2011,0.808545111247193,0.191454888752807,0.714763216983058,0.0010971626862625,0.026918758930394,0.00940242906715656,0.0152327005511329,0.0375714431516636,0.00242396407430088,0.0107547458665034,0.00156919779546846,0.00310012247397428,0.0653959991835068,0.0633930393957951,0.0483772198407838
"pc2001__14__04",1,"Bishnupur",TRUE,110607,76917,33690,57563,304,16364,586,2654,8724,612,2522,302,472,7100,5618,7786,2011,0.695408066397244,0.304591933602756,0.52042818266475,0.0027484698075167,0.147947236612511,0.00529803719475259,0.0239948647011491,0.0788738506604464,0.0055331036914481,0.0228014501794642,0.00273038776930936,0.00426736101693383,0.0641912356360809,0.050792445324437,0.0703933747412008
"pc2001__14__05",1,"Thoubal",TRUE,195537,133537,62000,114069,320,25004,998,4380,9856,730,5068,408,588,13680,8972,11464,2011,0.682924459309491,0.317075540690509,0.583362739532672,0.00163651891969295,0.127873497087508,0.00510389338079238,0.0223998527132972,0.0504047827265428,0.00373330878554954,0.0259183683906371,0.00208656162260851,0.00300710351493579,0.0699611838168735,0.045883899210891,0.0586282902979999
"pc2001__14__06",1,"Imphal West",TRUE,214072,166452,47620,55007,732,34351,2229,13874,24937,2425,7982,1964,3255,25736,23688,17892,2011,0.777551478007399,0.222448521992601,0.256955603722112,0.00341941029186442,0.160464703464255,0.0104123846182593,0.0648099704772226,0.116488844874622,0.0113279644231847,0.0372865204230352,0.00917448335139579,0.0152051646175119,0.120221233977353,0.11065435928099,0.0835793564781943
"pc2001__14__08",1,"Ukhrul",TRUE,88215,68001,20214,62382,14,1944,336,688,1652,223,705,112,252,6830,5620,7457,2011,0.770855296718245,0.229144703281755,0.707158646488692,0.000158703168395398,0.0220370685257609,0.00380887604148954,0.00779912713257383,0.0187269738706569,0.00252791475372669,0.00799183812276824,0.00126962534716318,0.00285665703111716,0.0774244742957547,0.0637079861701525,0.0845321090517486
"pc2001__15__01",1,"Mamit",TRUE,39339,36185,3154,31743,4,416,277,674,751,138,483,42,70,1634,2056,1051,2011,0.919825109941788,0.080174890058212,0.806909174102036,0.000101680266402298,0.010574747705839,0.00704135844835913,0.0171331248887872,0.0190904700170314,0.00350796919087928,0.0122778921680775,0.00106764279722413,0.00177940466204021,0.0415363888253387,0.0522636569307812,0.0267164899972038
"pc2001__15__02",1,"Kolasib",TRUE,36672,29697,6975,24772,60,730,526,725,1274,228,900,91,159,2965,2024,2218,2011,0.809800392670157,0.190199607329843,0.675501745200698,0.00163612565445026,0.0199061954624782,0.0143433682373473,0.0197698516579407,0.0347404013961606,0.006217277486911,0.0245418848167539,0.0024814572425829,0.00433573298429319,0.0808518760907504,0.0551919720767888,0.0604821116928447
"pc2001__15__07",1,"Lawngtlai",TRUE,45566,38082,7484,33048,50,605,215,1528,1375,125,654,45,84,2850,3243,1744,2011,0.835754729403503,0.164245270596497,0.725277619277532,0.00109730939735768,0.0132774437080279,0.00471843040863802,0.0335337751832507,0.0301760084273362,0.0027432734933942,0.0143528069174384,0.000987578457621911,0.0018434797875609,0.0625466356493877,0.0711714875126191,0.0382741517798358
"pc2001__16__01",1,"West Tripura",TRUE,697421,523821,173600,294976,909,59507,5218,79911,61080,5240,31079,2837,6808,57109,50068,42679,2011,0.751082918352043,0.248917081647957,0.422952563802925,0.00130337342867508,0.0853243593181163,0.0074818509910083,0.114580719536693,0.0875798119070117,0.00751339578246138,0.0445627533441064,0.00406784424329064,0.00976167910057196,0.0818859770497304,0.0717902099305871,0.0611954615648224
"pc2001__16__02",1,"South Tripura",TRUE,367468,258509,108959,210530,182,20744,1942,47846,20674,2324,9094,538,1598,18374,22390,11232,2011,0.703487106360282,0.296512893639718,0.5729206352662,0.000495281221766249,0.0564511739797751,0.00528481391576954,0.130204534816637,0.0562606812021727,0.0063243602163998,0.0247477331359465,0.00146407306214419,0.00434867798012344,0.0500016327952366,0.0609304755788259,0.0305659268290028
"pc2001__16__03",1,"Dhalai",TRUE,155961,107997,47964,94549,60,5942,616,18372,6752,864,3262,186,452,12042,7760,5104,2011,0.692461576932695,0.307538423067305,0.606234892056347,0.000384711562506011,0.0380992684068453,0.00394970537506171,0.117798680439341,0.0432928745006765,0.00553984650008656,0.0209154852815768,0.00119260584376863,0.00289816043754528,0.0772116105949564,0.0497560287507774,0.0327261302505113
"pc2001__16__04",1,"North Tripura",TRUE,248845,186479,62366,116585,1556,16274,1104,37860,18372,1760,10988,512,1410,13710,14966,13748,2011,0.749378126946493,0.250621873053507,0.468504490747252,0.00625288834414997,0.0653981394040467,0.00443649661435834,0.152142900198919,0.0738290903976371,0.00707267576202053,0.0441560007233418,0.00205750567622416,0.00566617774116418,0.0550945367598304,0.0601418553718178,0.0552472422592377
"pc2001__17__03",1,"South Garo Hills",TRUE,53451,38759,14692,34934,1508,585,294,1420,2531,400,847,39,49,2533,2892,5419,2011,0.725131428785243,0.274868571214757,0.653570559952106,0.02821275560794,0.0109446034685974,0.00550036482011562,0.0265663879066809,0.047351780135077,0.00748348955117771,0.0158462891246188,0.000729640231239827,0.00091672747001927,0.0473891975828329,0.0541056294550149,0.10138257469458
"pc2001__17__05",1,"Ribhoi",TRUE,106470,90592,15878,78577,963,1937,966,3150,2864,981,2200,96,248,6068,3378,5042,2011,0.850868789330328,0.149131210669672,0.738020099558561,0.00904480135249366,0.0181929181929182,0.00907297830374753,0.029585798816568,0.0268995961303654,0.0092138630600169,0.0206630975861745,0.000901662440123979,0.00232929463698694,0.0569925800695031,0.0317272471118625,0.0473560627406781
"pc2001__17__06",1,"East Khasi Hills",TRUE,326475,289142,37333,133444,6750,11435,4975,27303,29600,5019,12337,2967,4159,36307,25990,26189,2011,0.8856482119611,0.1143517880389,0.408741863848687,0.0206753962784287,0.0350256528064936,0.0152385328126196,0.0836296806799908,0.0906654414579983,0.0153733057661383,0.0377884983536259,0.00908798529749598,0.0127391071291829,0.111209127804579,0.0796079332261276,0.0802174745386324
"pc2001__18__03",1,"Goalpara",TRUE,362707,266383,96324,212081,4756,22546,1196,23846,29900,3816,14184,520,1332,8214,16020,24296,2011,0.734430270162969,0.265569729837031,0.584717140832683,0.0131125123033192,0.0621603663563152,0.00329742740007775,0.065744526573791,0.0824356850019437,0.0105208887614521,0.0391059450189823,0.00143366408699033,0.00367238569975214,0.0226463784818049,0.0441678820645866,0.0669851974183018
"pc2001__18__13",1,"Dhemaji",TRUE,316426,201032,115394,254288,1534,6088,1094,6164,11298,1128,3672,222,792,5672,11298,13176,2011,0.635320738498101,0.364679261501899,0.80362549221619,0.0048478949264599,0.0192398854708526,0.00345736443907896,0.019480068009582,0.0357050305600678,0.00356481452219476,0.0116046089765064,0.000701585836814927,0.00250295487728568,0.0179252021009652,0.0357050305600678,0.0416400675039346
"pc2001__18__14",1,"Tinsukia",TRUE,556806,409723,147083,362644,7158,25936,1944,27116,43872,3558,15048,1400,3794,17210,17960,29166,2011,0.735845159714515,0.264154840285485,0.651293269109887,0.0128554649195591,0.0465799578309142,0.00349134168812836,0.0486991878679468,0.0787922543938104,0.00639001734895098,0.0270255708451418,0.00251434072190314,0.00681386335635751,0.0309084313028236,0.0322553995467003,0.0523809010678764
"pc2001__18__15",1,"Dibrugarh",TRUE,560287,391380,168907,336717,9064,27086,3276,32588,38494,3334,15560,1710,4608,25640,24736,37474,2011,0.698534858028118,0.301465141971882,0.600972358808968,0.0161774233562442,0.0483430813136839,0.00584700341075199,0.0581630485804597,0.0687040748759118,0.00595052178615602,0.027771481401496,0.00305200727484307,0.00822435644589291,0.0457622611268868,0.0441488023102446,0.0668835793084616
"pc2001__19__07",1,"Murshidabad",TRUE,2589929,2022156,567773,1259045,1473,574054,4338,236689,164966,15897,54383,1871,12767,50582,75526,138338,2011,0.780776615884065,0.219223384115935,0.486131086991188,0.000568741459707969,0.221648547122334,0.00167494939050453,0.0913882195226201,0.0636951823775864,0.00613800609978111,0.0209978729146629,0.000722413626010597,0.00492947876177301,0.0195302651153757,0.0291614171662621,0.0534138194521935
"pc2001__19__08",1,"Birbhum",TRUE,1330270,911526,418744,857494,32228,105014,2648,55812,77726,8740,34204,1456,8444,27502,46442,72560,2011,0.685218790170417,0.314781209829583,0.644601471881648,0.0242266607530802,0.0789418689438986,0.00199057334225383,0.0419553925143016,0.0584287400302194,0.00657009479278643,0.0257120734888406,0.00109451464740241,0.00634758357325956,0.0206739985115804,0.0349117096529276,0.0545453178678013
"pc2001__19__13",1,"Bankura",TRUE,1465499,915825,549674,979833,6728,117898,4858,71084,81010,11536,31252,1224,7728,34770,52472,65106,2011,0.624923660814508,0.375076339185492,0.668600251518425,0.00459092773178283,0.0804490484128614,0.00331491184913808,0.0485049802149302,0.0552780998144659,0.00787172150919243,0.0213251595531624,0.000835210395912928,0.00527328916635221,0.0237257070799775,0.0358048691947248,0.0444258235590744
"pc2001__19__14",1,"Puruliya",TRUE,1249735,613525,636210,781409,9462,135840,4626,83012,59682,9170,30918,906,5712,21154,37188,70656,2011,0.490924075904092,0.509075924095908,0.625259755068074,0.00757120509548024,0.10869504334919,0.00370158473596402,0.066423681820546,0.0477557242135333,0.0073375555617791,0.0247396448046986,0.000724953690182319,0.00457056896061965,0.0169267884791576,0.0297567084221855,0.0565367857985893
"pc2001__19__16",1,"Haora",TRUE,1821723,1497725,323998,281196,1059,724173,5559,74175,232060,22186,92627,9902,23544,127831,70759,156652,2011,0.822147494432469,0.177852505567531,0.154357166265124,0.000581317796393854,0.397520918383311,0.00305150673291164,0.0407169476369349,0.127384898801849,0.0121785803879075,0.0508458201384074,0.0054355135220887,0.0129240285158611,0.0701703826542235,0.0388417997686805,0.0859911193963078
"pc2001__19__17",1,"Kolkata",TRUE,1793438,1574263,219175,33236,1074,263535,9684,85023,367286,45135,162330,27331,62626,327381,109086,299711,2011,0.877790589917243,0.122209410082757,0.0185320038941965,0.00059884980690718,0.146944025943467,0.0053996848511072,0.0474078278702693,0.204794367020215,0.0251667467735154,0.0905133046138199,0.0152394451327562,0.0349195232843288,0.182543806922793,0.0608250745216729,0.167115339364952
"pc2001__20__01",1,"Garhwa",TRUE,571255,174921,396334,448895,4554,23937,677,26749,14851,1099,8851,248,1605,4674,11975,23140,2011,0.306204759695758,0.693795240304242,0.785804938249993,0.00797192147114686,0.0419024778776553,0.00118510997715556,0.0468249730855747,0.0259971466332899,0.00192383436468827,0.0154939562892229,0.00043413186755477,0.00280960341703793,0.0081819852780282,0.0209626173950337,0.0405073040936184
"pc2001__20__02",2,"Latehar;Palamu",TRUE,1026110,400681,625429,771893,4137,41758,1865,46430,31112,2403,17760,934,4172,12159,24472,67015,2011,0.390485425539172,0.609514574460828,0.75225170790656,0.00403173149077584,0.0406954420091413,0.0018175439280389,0.0452485600958962,0.030320336026352,0.00234185418717292,0.0173080858777324,0.000910233795596963,0.0040658408942511,0.0118496067673056,0.0238492949099024,0.0653097621112746
"pc2001__20__03",1,"Chatra",TRUE,397535,195483,202052,311398,3808,16307,282,11593,10677,1145,6538,275,957,2975,9317,22263,2011,0.491737834404518,0.508262165595482,0.783322223200473,0.00957903077716427,0.0410202875218534,0.000709371501880338,0.0291622121322651,0.0268580125020438,0.00288024953777655,0.0164463506357931,0.000691762989422315,0.00240733520318966,0.00748361779465959,0.023436930081628,0.0560026161218509
"pc2001__20__04",2,"Hazaribagh;Ramgarh",TRUE,967070,548495,418575,560206,33346,67468,5828,78694,55606,6828,46318,2244,9622,16994,32760,51156,2011,0.567171973073304,0.432828026926696,0.579281747960334,0.034481474970788,0.0697653737578459,0.00602645103250023,0.0813736337597072,0.0574994571230624,0.00706050234212622,0.0478951885592563,0.00232041113880071,0.00994964170122122,0.017572667955784,0.0338755209033472,0.0528979287952268
"pc2001__20__05",1,"Kodarma",TRUE,257275,143170,114105,150237,11458,14292,910,16972,16936,2164,14328,346,1932,2734,7420,17546,2011,0.556486250121465,0.443513749878535,0.583954912059081,0.0445360023321349,0.0555514527256826,0.00353707122728598,0.0659683218346128,0.0658283937421048,0.00841123311631523,0.0556913808181907,0.00134486444466038,0.00750947429793023,0.0106267612476922,0.0288407346224857,0.0681993975318239
"pc2001__20__06",1,"Giridih",TRUE,1036911,413537,623374,741651,9242,56072,1510,60098,38382,5654,26830,938,4672,8158,22594,61110,2011,0.39881629185147,0.60118370814853,0.715250392753091,0.00891301182068664,0.0540760007368038,0.00145624841476269,0.0579586869075552,0.0370157130168356,0.00545273413050879,0.0258749304424391,0.000904609942415501,0.0045056904594512,0.00786759905141328,0.0217897196577141,0.0589346626663233
"pc2001__20__07",1,"Deoghar",TRUE,552201,298123,254078,343027,2732,56488,1492,36724,28152,3416,17598,994,4982,7176,18192,31228,2011,0.539881311334098,0.460118688665902,0.621199526983834,0.00494747383651967,0.102296084215711,0.00270191470134969,0.06650476909676,0.0509814361075043,0.00618615323043602,0.0318688303715495,0.00180006917770884,0.00902207710598134,0.0129952680274031,0.0329445256346874,0.056551871510555
"pc2001__20__08",1,"Godda",TRUE,552213,235667,316546,455882,2701,21736,418,14342,12499,884,4979,257,2218,3837,14834,17626,2011,0.426768294118393,0.573231705881607,0.825554631998884,0.00489122856578893,0.0393616231417949,0.000756954291188364,0.0259718623067548,0.0226343820228789,0.00160083156318305,0.00901644836322216,0.000465400126400501,0.00401656607142534,0.00694840577820515,0.0268628228600196,0.0319188429102538
"pc2001__20__09",1,"Sahibganj",TRUE,490437,323253,167184,321927,16838,64680,524,20012,17750,1414,11734,274,1778,3852,10820,18834,2011,0.659112179545997,0.340887820454003,0.656408468365967,0.03433264619105,0.131882382446675,0.00106843488562241,0.0408044254409843,0.0361922122515226,0.00288314299288186,0.0239256010455981,0.00055868541729111,0.00362533821877224,0.00785421980804874,0.0220619569893789,0.0384024859462072
"pc2001__20__10",1,"Pakur",TRUE,404410,251676,152734,257850,28958,58910,302,13086,11934,1252,9348,146,874,2560,7582,11608,2011,0.622328824707599,0.377671175292401,0.637595509507678,0.071605548824213,0.145668999282906,0.000746766894982814,0.0323582502905467,0.0295096560421355,0.00309586805469697,0.0231151554115873,0.000361019757177122,0.00216117306693702,0.00633020944091392,0.0187482999925818,0.0287035434336441
"pc2001__20__11",2,"Dumka;Jamtara",TRUE,950995,360001,590994,744721,7490,41718,1110,31576,27326,2460,14032,598,3662,7994,22774,45534,2011,0.378551937707349,0.621448062292651,0.783096651401953,0.00787596149296263,0.0438677385264907,0.00116719856571275,0.03320311883869,0.0287341153213214,0.00258676438887691,0.0147550723189922,0.000628815083149754,0.00385070373661271,0.00840593273361059,0.0239475496716597,0.047880377919968
"pc2001__20__12",1,"Dhanbad",TRUE,846422,547855,298567,211617,90513,76402,7389,129050,94672,9485,63743,3879,17718,17858,38581,85515,2011,0.647259877460652,0.352740122539348,0.250013586603373,0.106936020093996,0.0902646670337019,0.00872968802795769,0.152465318718086,0.111849644739858,0.0112059941731193,0.0753087703296937,0.00458282038982919,0.0209328207442623,0.0210982228722788,0.0455812821500386,0.101031164123806
"pc2001__20__13",1,"Bokaro",TRUE,684301,379407,304894,272228,27124,89091,9636,91335,52638,5559,33979,2803,10667,11243,28734,49264,2011,0.554444608439853,0.445555391560147,0.397819088383621,0.0396375279299606,0.13019270759505,0.0140815226048186,0.133471966283843,0.0769222900448779,0.00812361811541997,0.0496550494592292,0.00409615067053826,0.0155881695335824,0.0164299043841818,0.041990293745004,0.071991711249874
"pc2001__20__14",2,"Khunti;Ranchi",TRUE,1402984,909928,493056,814727,16584,85777,5760,84198,86032,8271,46292,7600,27822,41322,58594,120005,2011,0.648566198901769,0.351433801098231,0.580710115012003,0.011820519692313,0.0611389723617661,0.00410553505955877,0.0600135140529044,0.061320727820132,0.00589529174958517,0.03299538697519,0.00541702542580671,0.0198305896574729,0.0294529374533138,0.0417638404999629,0.0855355442399913
"pc2001__20__15",1,"Lohardaga",TRUE,221652,103264,118388,182070,978,5915,261,4925,7290,641,3405,188,861,2342,5541,7235,2011,0.465883456950535,0.534116543049465,0.82142277082995,0.00441232201829896,0.0266859762149676,0.00117752152022089,0.0222195152761987,0.0328893941854799,0.0028919206684352,0.0153619186833415,0.000848176420695505,0.00388446754371718,0.0105661126450472,0.0249986465269883,0.0326412574666594
"pc2001__20__16",2,"Gumla;Simdega",TRUE,776398,434594,341804,670253,2128,21230,781,9755,13384,1611,6653,354,2150,5998,17767,24334,2011,0.559756722711805,0.440243277288195,0.863285325309957,0.00274086228970193,0.0273442229372049,0.00100592737230132,0.0125644321597943,0.0172385812431253,0.00207496670522078,0.0085690586529074,0.00045595171548613,0.00276919827202028,0.00772541917933843,0.0228838817204578,0.0313421724424844
"pc2001__20__17",2,"Pashchimi Singhbhum;Saraikela-Kharsawan",TRUE,1125056,571934,553122,782264,11710,105270,2824,60960,39370,4370,33328,1604,5514,13200,26900,37742,2011,0.508360472723136,0.491639527276864,0.695311166733034,0.010408370783321,0.0935686756925877,0.00251009727515786,0.0541839695090733,0.0349938136412765,0.0038842510950566,0.0296234143011548,0.00142570680926105,0.0049010893679959,0.0117327493031458,0.0239099209283805,0.0335467745605552
"pc2001__20__18",1,"Purbi Singhbhum",TRUE,837471,529986,307485,329680,12129,153202,5762,86917,73847,7650,44847,5437,15571,16217,34136,52076,2011,0.632841017778526,0.367158982221474,0.393661392454186,0.0144828895567727,0.182934095628386,0.00688023824108536,0.103785086289555,0.0881785757357568,0.00913464466232264,0.053550511002769,0.00649216510183636,0.0185928826192191,0.0193642526129263,0.0407608144043197,0.0621824516908645
"pc2001__21__02",1,"Jharsuguda",TRUE,247028,171172,75856,103596,11654,40156,1678,29360,12990,2802,11098,470,1578,4582,9016,18048,2011,0.692925498324077,0.307074501675923,0.419369464190294,0.0471768382531535,0.162556471331185,0.00679275223861263,0.118852923555225,0.0525851320498081,0.0113428437262173,0.0449260812539469,0.00190261832666742,0.00638793982868339,0.0185485046229577,0.0364978868792202,0.073060543744029
"pc2001__21__03",1,"Sambalpur",TRUE,504764,336261,168503,256466,4258,86358,2566,40716,24510,4132,15618,1512,4974,10518,18752,34384,2011,0.666174687576769,0.333825312423231,0.508090909811318,0.0084356253615551,0.171085893605725,0.00508356380407478,0.0806634387555372,0.0485573456110182,0.00818600375621082,0.030941192319579,0.00299545926413136,0.00985411003954323,0.0208374606746915,0.037150034471555,0.0681189625250612
"pc2001__21__07",1,"Mayurbhanj",TRUE,1222781,548519,674262,824977,13666,151956,1976,66590,34744,5444,22280,1188,5092,14836,36740,43292,2011,0.44858318864948,0.55141681135052,0.674672733711106,0.0111761631886658,0.124270822003286,0.0016159884721794,0.0544578301429283,0.028413918763867,0.004452146377806,0.0182207607085815,0.000971555822342676,0.00416427798600076,0.0121329984682457,0.0300462633946717,0.0354045409603191
"pc2001__21__09",1,"Bhadrak",TRUE,468877,327925,140952,318099,440,29566,1334,14776,25792,3630,11408,1146,4004,6790,19666,32226,2011,0.699383846936403,0.300616153063597,0.678427391405422,0.00093841241946182,0.0630570490768368,0.00284509583536834,0.031513595249927,0.0550080298244529,0.00774190246056002,0.0243304747300465,0.00244413780159829,0.00853955301710257,0.0144814098366949,0.0419427696389458,0.0687301787035832
"pc2001__21__14",1,"Dhenkanal",TRUE,436762,277989,158773,245294,7402,42758,1698,36286,22814,4196,18392,954,3394,8252,16754,28568,2011,0.636477074470764,0.363522925529236,0.561619371648632,0.0169474450616125,0.0978977108814412,0.00388770085309619,0.0830795719407824,0.052234397681117,0.00960706288550744,0.042109890512453,0.0021842559563332,0.0077708225532441,0.0188935850646347,0.0383595642478054,0.0654086207133404
"pc2001__21__17",1,"Khordha",TRUE,792746,633619,159127,231029,8544,78839,5922,83948,84053,14151,43959,12748,23286,55759,49363,101145,2011,0.799271141071667,0.200728858928333,0.291428780466883,0.0107777270399346,0.0994505175680483,0.00747023636826928,0.105895204769245,0.106027655768683,0.0178506104098917,0.0554515569930343,0.0160808127697901,0.0293738473609454,0.0703365264536182,0.0622683684307458,0.127588155600911
"pc2001__21__18",1,"Puri",TRUE,621905,450917,170988,365439,538,46852,1614,24248,49190,12968,21900,2504,6928,15856,26654,47214,2011,0.725057685659385,0.274942314340615,0.587612255891173,0.00086508389545027,0.0753362651851971,0.00259525168635081,0.0389898778752382,0.0790956818163546,0.0208520593981396,0.0352143816177712,0.00402633842789494,0.0111399651072109,0.0254958554763187,0.0428586359653002,0.0759183476576004
"pc2001__21__19",1,"Ganjam",TRUE,1501945,901557,600388,892095,15525,146286,4051,121817,92846,14008,39517,4628,14462,29945,47080,79685,2011,0.60025966330325,0.39974033669675,0.593959832084397,0.0103365968793797,0.0973977076390946,0.0026971693370929,0.0811061656718455,0.0618171770604117,0.00932657321007094,0.0263105506526537,0.00308133786523475,0.00962884792718775,0.0199374810662175,0.031346021325681,0.0530545392807327
"pc2001__21__20",1,"Gajapati",TRUE,293827,170567,123260,223013,1338,8508,470,22576,8578,1270,4104,312,942,3280,8696,10740,2011,0.580501451534406,0.419498548465594,0.758994238106096,0.0045536999663067,0.0289558141355287,0.00159958070565333,0.076834327682616,0.029194049559775,0.0043222712684675,0.0139674025872367,0.00106184931949753,0.00320596813771369,0.0111630313075381,0.0295956464177901,0.0365521208057803
"pc2001__21__22",1,"Baudh",TRUE,218702,123176,95526,172157,634,13726,192,7482,4814,653,2051,103,672,2236,4984,8998,2011,0.563213870929392,0.436786129070607,0.787176157511134,0.00289892182055948,0.0627612001719234,0.000877906923576373,0.0342109354281168,0.0220116871359201,0.0029857980265384,0.00937805781382886,0.000470960485043575,0.00307267423251731,0.0102239577141498,0.0227890005578367,0.0411427421788552
"pc2001__21__24",1,"Balangir",TRUE,721109,403069,318040,503437,1952,41058,1362,45508,28974,3506,14176,1060,4084,12260,21046,42686,2011,0.55895710634592,0.44104289365408,0.698142721835395,0.00270694166901259,0.0569373007409421,0.0018887574555303,0.0631083511646644,0.0401797786465014,0.00486195568215069,0.0196586091700423,0.00146995807845971,0.00566349886078249,0.0170015906055811,0.0291856016219462,0.0591949344689915
"pc2001__21__25",1,"Nuapada",TRUE,305280,151721,153559,248012,407,11046,365,8494,7938,958,3371,216,805,3063,8907,11698,2011,0.49698964884696,0.50301035115304,0.812408280922432,0.00133320230607966,0.0361831761006289,0.00119562368972746,0.0278236373165618,0.026002358490566,0.00313810272536688,0.011042321802935,0.000707547169811321,0.00263692348008386,0.0100334119496855,0.0291764937106918,0.0383189203354298
"pc2001__21__26",1,"Kalahandi",TRUE,751516,376174,375342,589074,1712,28332,1412,39194,20738,2544,10926,762,2700,8900,18946,26276,2011,0.500553547762123,0.499446452237876,0.783847582752729,0.00227806194412361,0.0376997961453914,0.0018788688464384,0.052153247568914,0.0275948881993198,0.0033851574683706,0.0145386126176954,0.00101395046812044,0.00359273787916691,0.0118427285646613,0.0252103747624801,0.0349639927825888
"pc2001__21__28",1,"Nabarangapur",TRUE,610812,278967,331845,508847,1968,17946,584,20574,15541,2387,5753,397,998,5130,11818,18869,2011,0.456714995776114,0.543285004223886,0.8330664754458,0.0032219406298501,0.0293805622679319,0.000956104333248201,0.0336830317675488,0.0254431805530998,0.0039079127456566,0.00941860998146729,0.000649954486814273,0.00163389062428374,0.0083986562150056,0.0193480154286425,0.0308916655206512
"pc2001__21__30",1,"Malkangiri",TRUE,310813,179320,131493,261545,344,10044,531,9006,5037,1030,2830,144,481,6309,7124,6388,2011,0.576938545041552,0.423061454958448,0.841486681702503,0.00110677481315132,0.0323152506491041,0.0017084227493702,0.0289756219977929,0.0162058858541953,0.00331388970216818,0.0091051532593553,0.00046330108457497,0.00154755431722611,0.0202983787679409,0.0229205342118895,0.0205525508907285
"pc2001__22__03",1,"Jashpur",TRUE,487707,291578,196129,426933,154,10275,662,9640,7166,1992,3616,258,937,4687,15113,6274,2011,0.597854859577574,0.402145140422426,0.875388296661725,0.000315763357917766,0.0210679772896432,0.00135737235676338,0.0197659660410861,0.0146932482002514,0.00408441953878046,0.00741428767682235,0.000529006145083011,0.00192123549590225,0.00961027830234137,0.0309878677156571,0.0128642812180264
"pc2001__22__05",1,"Korba",TRUE,520999,349895,171104,340745,19120,27158,19642,28072,23916,3998,13176,1074,2686,7016,16582,17814,2011,0.671584782312442,0.328415217687558,0.654022368565007,0.0366987268689575,0.0521267795139722,0.0377006481778276,0.0538811014992351,0.0459041188178864,0.00767371914341486,0.0252898757963067,0.00206142430215797,0.00515548014487552,0.0134664365958476,0.0318273163672099,0.0341920042073017
"pc2001__22__10",1,"Durg",TRUE,1498257,1208414,289843,970846,5165,124002,8378,79684,76432,14810,47311,4484,12547,27842,52452,74304,2011,0.806546540413294,0.193453459586706,0.647983623637333,0.00344733914141566,0.0827641719678266,0.00559183104100298,0.0531844670173408,0.0510139448706063,0.00988481949358488,0.0315773595584736,0.00299281097969174,0.0083743977168136,0.0185829266941519,0.0350086800862602,0.0495936277954984
"pc2001__22__11",1,"Raipur",TRUE,1756501,1257784,498717,1111741,4573,133278,9645,93448,107874,15908,56885,8263,21086,35658,58721,99421,2011,0.716073603146255,0.283926396853745,0.632929329388369,0.002603471333065,0.0758769849832138,0.00549103017874741,0.0532012222025493,0.06141414095409,0.00905664158460485,0.0323854071247326,0.00470423871093726,0.0120045476774565,0.020300586222268,0.0334306669907959,0.0566017326491701
"pc2001__22__12",1,"Mahasamund",TRUE,499746,341439,158307,420158,1306,11903,1353,7637,14174,3295,6990,385,1718,5141,13299,12387,2011,0.683225078339797,0.316774921660203,0.840743097493527,0.00261332757040577,0.0238180995945941,0.00270737534667611,0.0152817631356729,0.0283624081033165,0.00659334942150613,0.0139871054495684,0.000770391358810276,0.00343774637515858,0.0102872259107627,0.0266115186514749,0.024786591588527
"pc2001__22__13",1,"Dhamtari",TRUE,402817,335476,67341,323081,406,17060,1406,9026,14624,2004,6326,336,1780,5654,12586,8528,2011,0.83282483112679,0.16717516887321,0.802054034462299,0.00100790185121283,0.0423517378859383,0.00349041872612129,0.0224071973129237,0.0363043267786613,0.00497496381731655,0.0157044017506709,0.000834125669969242,0.00441888003733705,0.0140361504107324,0.0312449573875978,0.0211709039092193
"pc2001__23__01",1,"Sheopur",TRUE,277509,196097,81412,228701,681,7243,214,9283,9765,980,3870,189,808,3357,6132,6286,2011,0.706632938030839,0.293367061969161,0.824121019498467,0.002453974465693,0.0261000544126497,0.000771146161025408,0.0334511673495274,0.0351880479552015,0.00353141699908832,0.0139454936596651,0.000681058992681318,0.00291161728088098,0.0120969049652444,0.0220965806514383,0.0226515176084379
"pc2001__23__02",1,"Morena",TRUE,676388,521318,155070,501385,2935,30222,1393,27193,28595,2437,15529,877,3060,13518,20272,28972,2011,0.770738097068546,0.229261902931454,0.741268325280756,0.00433922541499849,0.0446814550228567,0.00205946882558532,0.0402032561192688,0.0422760309171659,0.00360296161374832,0.0229587160032407,0.00129659307971164,0.00452403058599502,0.0199855704122486,0.029970963411533,0.0428334033128914
"pc2001__23__03",1,"Bhind",TRUE,521034,422260,98774,398752,999,18333,1035,16197,21438,2006,7323,629,2657,12970,16713,21982,2011,0.810426958701352,0.189573041298648,0.765308981755509,0.00191734128674904,0.0351858036135838,0.00198643466645171,0.0310862630845588,0.0411451076129389,0.00385003665787645,0.0140547449878511,0.0012072148842494,0.00509947527416637,0.0248928092984335,0.0320766015269637,0.0421891853506681
"pc2001__23__04",1,"Gwalior",TRUE,686535,561045,125490,263023,7503,68997,4031,61049,75516,7861,33726,5107,13369,51302,37430,57621,2011,0.817212523760624,0.182787476239376,0.383116665574224,0.0109287945989644,0.10050033865717,0.0058715141981108,0.0889233615183494,0.109995848718565,0.0114502538108035,0.0491249535711945,0.0074388050135827,0.0194731514052452,0.0747259790105384,0.0545201628467595,0.0839301710764928
"pc2001__23__07",2,"Ashoknagar;Guna",TRUE,829623,594214,235409,637617,1641,36799,2048,30918,34032,4010,13898,847,3505,11754,20478,32076,2011,0.716245812857165,0.283754187142835,0.768562346993755,0.00197800687782282,0.0443562919542973,0.00246859115525968,0.0372675299503509,0.0410210420877917,0.00483352076786685,0.016752187439355,0.00102094565844968,0.00422481054647714,0.0141678810736925,0.0246835008190467,0.0386633446758347
"pc2001__23__09",1,"Chhatarpur",TRUE,752908,554652,198256,551956,1530,36888,1224,53562,30288,3760,11744,1302,3778,11772,20760,24344,2011,0.736679647446966,0.263320352553034,0.733098864668724,0.00203212079032232,0.0489940337996143,0.00162569663225786,0.0711401658635584,0.0402280225472435,0.00499397004680519,0.0155981872951277,0.0017292949470586,0.00501787735022074,0.0156353764337741,0.0275730899392754,0.0323332996860174
"pc2001__23__10",1,"Panna",TRUE,432242,276756,155486,340334,5638,15438,446,23372,10038,1426,3762,348,1192,5116,12372,12760,2011,0.640280213398976,0.359719786601024,0.787369112672993,0.013043619083754,0.0357161034790696,0.00103182939186844,0.0540715617640118,0.0232231018734875,0.0032990778314,0.00870345778522217,0.000805104547915288,0.00275771442849145,0.0118359622618811,0.028622854789678,0.0295205000902272
"pc2001__23__11",1,"Sagar",TRUE,1004992,778785,226207,593742,2962,177736,3740,50742,47930,7368,22816,1746,5700,25502,28504,36504,2011,0.774916616251672,0.225083383748328,0.590792762529453,0.00294728714258422,0.176853149079794,0.00372142265809081,0.0504899541488887,0.0476919219257467,0.00733140164299815,0.0227026682799465,0.00173732726230657,0.0056716869388015,0.0253753263707572,0.0283624148251926,0.0363226771954404
"pc2001__23__12",1,"Damoh",TRUE,573538,389022,184516,373324,742,90022,972,31282,19422,3146,8442,618,2168,7826,13898,21676,2011,0.678284612353497,0.321715387646503,0.650914150413748,0.00129372421705275,0.156959085535745,0.00169474385306641,0.0545421576251268,0.033863492915901,0.00548525119521287,0.014719164205336,0.00107752232633234,0.00378004596033741,0.0136451290062733,0.0242320473970338,0.0377934853488348
"pc2001__23__15",1,"Umaria",TRUE,290386,139177,151209,215226,5746,9672,3295,21389,6551,1065,3557,252,864,4109,6935,11725,2011,0.479282747790871,0.520717252209129,0.741172095073454,0.0197874553180938,0.0333073908521761,0.0113469657628123,0.0736571322308927,0.0225596275302528,0.00366753218130351,0.0122492131163348,0.000867810431632379,0.00297535005131101,0.0141501312046724,0.0238820053308355,0.0403772909162287
"pc2001__23__16",2,"Anuppur;Shahdol",TRUE,839772,467338,372434,608832,26606,32360,3450,51396,25448,3564,13182,1028,4154,11538,23976,34238,2011,0.556505813482707,0.443494186517293,0.7249967848416,0.0316824090348333,0.0385342688253478,0.00410825795573084,0.0612023263457224,0.0303034633209967,0.00424400908818108,0.0156971177891142,0.00122414179086704,0.00494658073858142,0.0137394435632529,0.0285506065932182,0.0407705901125544
"pc2001__23__18",1,"Neemuch",TRUE,419354,358941,60413,316918,2028,17894,878,12190,23694,2978,8172,686,2462,8940,11158,11356,2011,0.855937942645116,0.144062057354884,0.755729049919638,0.00483600967201934,0.0426703930330938,0.0020936964950853,0.0290685196755009,0.0565011899254568,0.00710139881818225,0.0194871158973087,0.001635849425545,0.00587093481879271,0.0213185041754699,0.0266075916767218,0.0270797464671852
"pc2001__23__19",1,"Mandsaur",TRUE,679415,535045,144370,551989,803,24815,1192,14367,30068,3567,10220,852,3166,8282,15149,14945,2011,0.787508371172258,0.212491628827742,0.812447473193851,0.00118189913381365,0.0365240685001067,0.00175445051993259,0.021146133070362,0.044255719994407,0.00525010486963049,0.0150423526121737,0.00125402000250215,0.00465989122995518,0.0121898986628202,0.022297123260452,0.0219968649499937
"pc2001__23__20",1,"Ratlam",TRUE,691566,471686,219880,528112,287,29550,1441,18525,34321,4786,17108,1480,4678,10558,17123,23597,2011,0.682054930404329,0.317945069595671,0.76364656446384,0.000415000159059294,0.042729110453666,0.00208367675680991,0.0267870311727297,0.0496279458504322,0.00692052530054977,0.0247380582619736,0.00214007050664723,0.00676435799330794,0.015266800276474,0.0247597481657571,0.0341211106387532
"pc2001__23__21",1,"Ujjain",TRUE,897417,682231,215186,597766,1307,73586,2651,37598,54526,7825,24608,2717,9164,18644,28859,38166,2011,0.760216265125354,0.239783734874646,0.666096140367299,0.00145640209623843,0.0819975552056625,0.00295403363207962,0.0418957964914861,0.0607588222643431,0.00871946932139685,0.0274209202633781,0.00302757803785754,0.0102115293113458,0.0207751803230828,0.032157848580983,0.0425287241048476
"pc2001__23__23",1,"Dewas",TRUE,742585,528572,214013,576173,798,43327,1259,21671,27718,3306,12804,1184,3855,10942,17927,21621,2011,0.711799995960058,0.288200004039942,0.77590174862137,0.00107462445376624,0.0583461825918918,0.00169542880612994,0.0291831911498347,0.0373263666785621,0.0044520155941744,0.0172424705589259,0.00159443026724213,0.00519132489883313,0.014735013500138,0.0241413440885555,0.0291158587905762
"pc2001__23__24",2,"Alirajpur;Jhabua",TRUE,882060,635806,246254,780751,988,15517,929,15849,15817,2390,7097,400,1905,7824,19719,12874,2011,0.720819445389203,0.279180554610797,0.885145001473823,0.00112010520826248,0.0175917738022357,0.00105321633448972,0.0179681654309231,0.0179318867197243,0.00270956624265923,0.00804593791805546,0.000453483889984808,0.00215971702605265,0.00887014488810285,0.0223556220665261,0.0145953789991611
"pc2001__23__25",1,"Dhar",TRUE,1027772,783163,244609,828731,380,57902,1454,19077,29199,4330,13666,928,3065,11808,23197,34035,2011,0.762000716112134,0.237999283887866,0.806337397788615,0.000369731808222057,0.0563373977886146,0.00141471065567071,0.01856150975119,0.0284099975480943,0.00421299665684607,0.0132967233977964,0.000902923994815971,0.0029821789268437,0.0114889294512791,0.0225701809350712,0.0331153212969413
"pc2001__23__26",1,"Indore",TRUE,1267714,1136735,130979,346789,1679,212868,4747,113901,172216,19515,75194,14653,37187,70001,65913,133051,2011,0.896680954852593,0.103319045147407,0.273554603009827,0.00132443122029101,0.16791484514646,0.00374453543938144,0.0898475523659122,0.135847675422059,0.0153938506634777,0.0593146403684112,0.0115586007569531,0.0293339033883037,0.0552182905608047,0.0519935884592266,0.104953483198892
"pc2001__23__28",1,"Barwani",TRUE,654131,526008,128123,560886,214,18022,622,10523,19279,2789,8297,432,1652,5830,14000,11585,2011,0.804132505568457,0.195867494431544,0.857452100573127,0.0003271515950169,0.0275510562868905,0.000950879869628561,0.0160869917493591,0.0294726897211721,0.00426367195561745,0.0126840036628749,0.000660418173118229,0.00252548801386878,0.00891258784555387,0.0214024407954981,0.0177105197582747
"pc2001__23__30",1,"Rajgarh",TRUE,746093,472184,273909,621301,528,20566,866,16881,21996,3308,8992,637,2217,8911,16817,23073,2011,0.632875526241367,0.367124473758633,0.832739350188247,0.000707686575266086,0.0275649282328074,0.00116071320867506,0.0226258656762629,0.0294815793741531,0.00443376361928071,0.0120521168272588,0.000853780962963062,0.00297147942682749,0.0119435512730987,0.0225400854853215,0.0309250991498379
"pc2001__23__31",1,"Vidisha",TRUE,549960,397142,152818,402250,6832,23764,629,22067,28640,3211,9801,971,3124,9391,18171,21109,2011,0.722128882100516,0.277871117899484,0.731416830314932,0.0124227216524838,0.0432104153029311,0.00114371954323951,0.0401247363444614,0.0520765146556113,0.00583860644410503,0.0178212960942614,0.00176558295148738,0.00568041312095425,0.0170757873299876,0.0330405847698014,0.0383827914757437
"pc2001__23__32",1,"Bhopal",TRUE,868515,707379,161136,188246,2279,93375,3666,112506,105076,15077,48869,11839,25891,85624,55439,120628,2011,0.814469525569507,0.185530474430493,0.216744673379274,0.00262401915913945,0.10751109652683,0.00422099791022608,0.129538349942143,0.120983517843676,0.0173595159553951,0.0562673068398358,0.0136313132185397,0.0298106538171477,0.0985866680483354,0.0638319430291935,0.138889944330265
"pc2001__23__33",1,"Sehore",TRUE,586253,372012,214241,454437,1154,22942,1560,21346,23970,3204,9712,692,3122,8790,15076,20248,2011,0.634558799699106,0.365441200300894,0.775155095155163,0.00196843342379485,0.039133275224178,0.00266096719334485,0.0364109010956021,0.0408867843746642,0.00546521723556212,0.0165662265267726,0.00118037775499656,0.00532534588309143,0.0149935266855777,0.0257158598761968,0.0345379895710555
"pc2001__23__34",1,"Raisen",TRUE,517271,369972,147299,372120,2225,43051,661,22005,19217,2800,9960,540,2063,8795,14304,19530,2011,0.715238240690083,0.284761759309917,0.719390802886688,0.00430142033866194,0.0832271671908922,0.00127786015454182,0.0425405638437105,0.0371507391676703,0.00541302334752963,0.0192548973362125,0.00104394021702357,0.00398823827355487,0.0170026929791154,0.0276528164153799,0.0377558378490192
"pc2001__23__35",1,"Betul",TRUE,787205,512172,275033,622018,9103,22681,5478,28886,23069,2978,13396,999,3501,11376,22970,20750,2011,0.650620867499571,0.349379132500429,0.790160123474825,0.0115636968769253,0.0288120629315109,0.00695879726373689,0.0366943807521548,0.0293049459797638,0.00378300442705521,0.0170171683360751,0.001269046817538,0.00444738028848902,0.0144511277240363,0.0291791845834313,0.0263590805444579
"pc2001__23__36",1,"Harda",TRUE,231127,163977,67150,172168,325,10203,360,8362,11162,1021,4883,322,1495,3703,6436,10687,2011,0.709467089522211,0.290532910477789,0.744906479987193,0.00140615332695877,0.0441445612152626,0.00155758522370818,0.0361792434462438,0.0482937951861963,0.00441748475946125,0.0211269129093529,0.00139317345009454,0.00646830530401035,0.0160214946760872,0.0278461624994051,0.0462386480160258
"pc2001__23__38",1,"Katni",TRUE,543282,316022,227260,342670,8022,57208,904,39336,26528,3410,16286,752,3266,7932,14726,22242,2011,0.581690540087836,0.418309459912164,0.630740573035735,0.0147658122301125,0.10530074620547,0.00166396088955644,0.072404386672115,0.0488291531837977,0.00627666662985337,0.0299770653178276,0.00138417985502925,0.00601161091293288,0.0146001524070372,0.0271056283845222,0.0409400642760114
"pc2001__23__39",1,"Jabalpur",TRUE,1005127,744166,260961,403303,4517,153039,4800,90089,89402,12022,38915,6511,16948,62160,43749,79672,2011,0.740370122382545,0.259629877617455,0.401245812718194,0.00449395946979834,0.15225837133019,0.00477551592982777,0.089629469708803,0.0889459739913464,0.0119606776059145,0.0387165005019266,0.00647778837898096,0.0168615508289002,0.0618429312912697,0.043525843002924,0.0792656052419246
"pc2001__23__41",1,"Dindori",TRUE,389925,250137,139788,343130,130,5666,285,6153,4529,686,1755,115,476,3225,8322,15453,2011,0.641500288517022,0.358499711482977,0.879989741616978,0.000333397448227223,0.0145309995511957,0.000730909790344297,0.01577995768417,0.0116150541770853,0.0017593126883375,0.00450086555106751,0.000294928511893313,0.00122074757966276,0.00827082131179073,0.0213425658780535,0.0396306982111945
"pc2001__23__42",1,"Mandla",TRUE,559981,325260,234721,472342,648,11067,830,13321,11501,1815,5256,425,1715,7755,14746,18560,2011,0.580841135681389,0.419158864318611,0.843496475773285,0.00115718211867903,0.0197631705361432,0.00148219314583888,0.0237883071032767,0.0205381968316782,0.00324118139722598,0.00938603274039655,0.000758954321664485,0.00306260390977551,0.0138486841517837,0.0263330362994459,0.0331439816708067
"pc2001__23__44",1,"Seoni",TRUE,684173,397241,286932,557766,970,16834,1336,25398,18180,2986,8679,710,2521,9786,18766,20241,2011,0.580614844491086,0.419385155508914,0.815241174381333,0.00141777006692752,0.0246048879450081,0.00195272248393316,0.0371221898554898,0.0265722266151982,0.00436439321633563,0.012685388052437,0.00103774922424591,0.00368474055538585,0.0143033998710852,0.0274287351298575,0.0295846226027628
"pc2001__23__45",1,"Balaghat",TRUE,893021,530511,362510,727237,6544,33486,1536,28480,21098,3136,9310,732,3118,12078,22516,23750,2011,0.594063297503642,0.405936702496358,0.814355989388827,0.00732793517733625,0.037497438470092,0.00172000434480264,0.031891747226549,0.0236254242621394,0.00351167553730539,0.0104252867513754,0.000819689570570009,0.00349151923638974,0.0135248779144051,0.025213292856495,0.0265951192637127
"pc2001__24__01",1,"Kachchh",TRUE,778355,688435,89920,327397,6798,115414,19916,64954,66032,7386,58466,2172,8422,24532,22214,54652,2011,0.884474307995709,0.115525692004291,0.420626834799031,0.00873380398404327,0.148279384085668,0.0255872962851141,0.0834503536304129,0.0848353257832223,0.00948924334012115,0.075114825497363,0.0027905004785734,0.010820255538925,0.0315177521824874,0.0285396766257042,0.070214747769334
"pc2001__24__03",1,"Patan",TRUE,554250,445295,108955,399080,544,26844,3644,19452,32174,5934,13270,816,3542,5366,15910,27674,2011,0.803419034731619,0.196580965268381,0.720036084799278,0.000981506540369869,0.0484330175913396,0.00657465042850699,0.0350960757780785,0.0580496165990077,0.0107063599458728,0.0239422643211547,0.0014722598105548,0.00639061795218764,0.00968155164636897,0.0287054578258908,0.0499305367613893
"pc2001__24__04",1,"Mahesana",TRUE,811707,698477,113230,506151,1638,68766,5872,32586,57060,3444,23862,2000,9606,12792,28876,59054,2011,0.860503851759317,0.139496148240683,0.623563675069945,0.00201796953826935,0.0847177614582602,0.00723413744121955,0.0401450277008822,0.0702963014979543,0.00424291031123299,0.0293973071564,0.00246394327017015,0.0118343195266272,0.0157593811560083,0.0355744129347166,0.072752852938314
"pc2001__24__07",1,"Ahmadabad",TRUE,2594647,2332385,262262,456777,3179,631935,36390,205279,396778,23410,154119,32578,91822,88405,115953,358022,2011,0.898921895733793,0.101078104266207,0.17604591298932,0.00122521483654617,0.243553361979491,0.0140250292236285,0.0791163499312238,0.152921765465591,0.00902242193254034,0.0593988315173509,0.0125558505646433,0.0353890143823033,0.0340720722317911,0.0446893161189171,0.137984858826653
"pc2001__24__08",1,"Surendranagar",TRUE,724446,586924,137522,486474,5934,64166,4734,35658,38406,2680,20238,1086,4256,9918,17378,33518,2011,0.81016942601657,0.18983057398343,0.671511748287657,0.00819108670625554,0.0885725092001336,0.00653464854523318,0.0492210599547792,0.0530143033435204,0.00369937855961659,0.027935829585642,0.00149907653572523,0.00587483401109261,0.0136904614008498,0.023987985301872,0.0462670785676227
"pc2001__24__09",1,"Rajkot",TRUE,1479864,1325344,154520,598021,3262,318042,14791,92781,163642,9241,62544,6919,26575,25916,45130,113000,2011,0.895584999702675,0.104415000297325,0.404105377250883,0.00220425660736392,0.214912992004671,0.0099948373634334,0.0626956260845591,0.110579080239806,0.00624449273717044,0.0422633431180163,0.00467542963407448,0.0179577312509798,0.0175124200602217,0.030496045582567,0.0763583680662547
"pc2001__24__11",1,"Porbandar",TRUE,230608,194853,35755,126770,4248,18726,2448,14080,20490,1266,14112,578,2136,3352,5702,16700,2011,0.84495334073406,0.15504665926594,0.549720738222438,0.0184208700478734,0.0812027336432387,0.0106154166377576,0.0610559911191286,0.0888520779851523,0.00548983556511483,0.0611947547353084,0.00250641781724832,0.00926247138000416,0.014535488794838,0.0247259418580448,0.0724172621938528
"pc2001__24__13",1,"Amreli",TRUE,657463,529735,127728,460413,2136,70878,3342,17904,35670,1628,15524,858,3680,6080,14992,24358,2011,0.805725949597164,0.194274050402836,0.700287316548612,0.00324885202665397,0.107805306154111,0.00508317578327602,0.0272319506953243,0.0542540036473535,0.00247618497162578,0.0236119751225544,0.00130501640396494,0.00559727315453493,0.00924766869010119,0.0228028041121706,0.0370484726897179
"pc2001__24__14",1,"Bhavnagar",TRUE,1149997,991660,158337,591752,1470,233995,26626,52505,81844,4562,35505,2483,10403,12572,29283,66997,2011,0.862315292996417,0.137684707003583,0.514568298873823,0.00127826420416749,0.203474443846375,0.0231531038776623,0.0456566408434109,0.0711688813101252,0.00396696687034836,0.0308739935843311,0.00215913606731148,0.00904611055507101,0.0109322024318324,0.0254635446875079,0.0582584128480335
"pc2001__24__15",1,"Anand",TRUE,845167,690083,155084,557989,226,67176,5586,28508,51366,3348,20746,2176,7534,8792,29364,62356,2011,0.816504903764581,0.183495096235419,0.660211532158733,0.000267402773653018,0.0794825164730757,0.00660934466206087,0.0337306118199125,0.0607761542984996,0.00396134728402789,0.0245466280628562,0.00257463909499543,0.00891421458717626,0.0104026778139705,0.0347434294050762,0.0737795015659627
"pc2001__24__17",1,"Panch Mahals",TRUE,1098069,685871,412198,877197,860,42428,4607,31781,33262,1441,17947,1640,3300,9923,29564,44119,2011,0.624615575159667,0.375384424840333,0.798854170366343,0.000783193041603032,0.0386387376385273,0.00419554691007578,0.0289426256455651,0.0302913569183722,0.00131230368947671,0.0163441459507554,0.00149353091654532,0.00300527562475582,0.00903677273468243,0.0269236268394791,0.0401787137238188
"pc2001__24__18",1,"Dohad",TRUE,998962,553356,445606,834893,111,17918,2096,55785,19928,1034,9765,513,1981,4563,17979,32396,2011,0.553930980357611,0.446069019642389,0.835760519419157,0.000111115337720554,0.0179366182097017,0.0020981779086692,0.0558429649976676,0.0199487067576144,0.00103507440723471,0.00977514660217306,0.000513533047303101,0.00198305841463439,0.00456774131548547,0.017997681593494,0.0324296619891447
"pc2001__24__20",1,"Narmada",TRUE,294886,194004,100882,254774,150,6168,921,4700,5297,574,2288,136,763,3213,6083,9819,2011,0.65789491532321,0.34210508467679,0.863974552878061,0.000508671147494286,0.020916557584965,0.00312324084561492,0.0159383626214876,0.0179628737885149,0.00194651492441147,0.00775893056977951,0.000461195173728153,0.00258744057025427,0.0108957359793276,0.0206283106013849,0.033297613314976
"pc2001__24__21",1,"Bharuch",TRUE,627719,527074,100645,344267,5708,90734,3938,24854,42862,2300,23198,1460,4840,9856,18384,55318,2011,0.839665519125596,0.160334480874404,0.548441261137547,0.00909324076537431,0.14454556895681,0.00627350773196287,0.03959414961153,0.0682821453548483,0.00366405987392448,0.0369560265023044,0.00232588148518684,0.00771045643034543,0.0157012930945216,0.0292869898792294,0.0881254191764149
"pc2001__24__23",1,"The Dangs",TRUE,118257,88038,30219,105367,4,923,88,870,1242,175,467,22,91,625,789,7594,2011,0.744463329866308,0.255536670133692,0.891000109930068,3.38246361737572e-05,0.00780503479709446,0.000744141995822657,0.00735685836779218,0.0105025495319516,0.00147982783260188,0.00394902627328615,0.000186035498955664,0.000769510472952975,0.00528509940214956,0.0066719094852736,0.064216071775878
"pc2001__24__24",1,"Navsari",TRUE,591947,510192,81755,333501,1610,86154,3478,25128,41474,2742,15836,1606,6744,7164,24694,41816,2011,0.861887973078671,0.138112026921329,0.563396723017432,0.00271983809361311,0.145543435476487,0.00587552601837665,0.0424497463455343,0.070063705027646,0.00463217146129637,0.0267523950623958,0.00271308073188985,0.0113929118654204,0.0121024348463629,0.0417165725985603,0.070641459454985
"pc2001__24__25",1,"Valsad",TRUE,742928,576822,166106,361868,1020,157184,3992,33494,45134,3114,28394,1992,7080,8308,21492,69856,2011,0.776417095600112,0.223582904399888,0.487083539723903,0.00137294596515409,0.211573665281158,0.00537333362048543,0.0450837766243835,0.0607515129326126,0.00419152327008808,0.0382190467986131,0.00268128270841858,0.00952986022871665,0.0111827794887257,0.0289287791010704,0.0940279542566709
"pc2001__25__01",1,"Diu",TRUE,15750,14718,1032,6970,1,1186,167,727,1373,386,2578,43,153,675,835,656,2011,0.93447619047619,0.0655238095238095,0.442539682539683,6.34920634920635e-05,0.0753015873015873,0.0106031746031746,0.0461587301587302,0.0871746031746032,0.0245079365079365,0.16368253968254,0.00273015873015873,0.00971428571428571,0.0428571428571429,0.053015873015873,0.0416507936507937
"pc2001__25__02",1,"Daman",TRUE,106260,102412,3848,4391,450,75170,864,3239,5747,2311,4205,293,586,2275,2248,4481,2011,0.963786937699981,0.0362130623000188,0.0413231695840392,0.00423489553924337,0.707415772633164,0.00813099943534726,0.0304818370035761,0.0540843214756258,0.0217485413137587,0.0395727460944852,0.00275738753999624,0.00551477507999247,0.0214097496706192,0.0211556559382646,0.0421701486918878
"pc2001__26__01",1,"Dadra & Nagar Haveli",TRUE,156933,130223,26710,47553,433,68854,928,5232,7046,1479,4491,277,733,2660,4783,12464,2011,0.829799978334703,0.170200021665297,0.303014662308119,0.00275913925050818,0.438747745853326,0.00591335155767111,0.0333390682648009,0.0448981412449899,0.00942440404503833,0.0286173080231691,0.00176508446279623,0.00467078307303117,0.0169499085597038,0.0304779746770915,0.0794224286797551
"pc2001__27__01",1,"Nandurbar",TRUE,792026,664070,127956,653147,490,19429,768,12110,21676,2519,10264,498,2308,8689,18346,41782,2011,0.838444697522556,0.161555302477444,0.824653483597761,0.000618666558926096,0.0245307603538268,0.000969665137255595,0.0152899020991735,0.0273677884311879,0.00318045114680579,0.0129591705322805,0.000628767237439175,0.00291404575102332,0.0109705994500181,0.0231633810001187,0.052753318704184
"pc2001__27__02",1,"Dhule",TRUE,935527,825297,110230,673547,616,46576,2040,28344,41880,5018,23116,1386,6214,19392,30572,56826,2011,0.882173363248736,0.117826636751264,0.719965324357287,0.000658452401694446,0.0497858426320138,0.00218058912249459,0.0302973618078367,0.0447662119853302,0.00536382167484209,0.024709067723326,0.0014815179038125,0.00664224549371638,0.0207284236585368,0.0326789071827964,0.0607422340563126
"pc2001__27__04",1,"Buldana",TRUE,1219761,1107866,111895,993676,617,30029,2244,25997,39554,4677,18872,1292,6793,19085,31200,45725,2011,0.908264815812278,0.091735184187722,0.814648115491477,0.000505836799176232,0.0246187572811395,0.00183970466345456,0.0213131916826329,0.0324276641079687,0.00383435771433912,0.0154718834263434,0.00105922389714051,0.0055691237873649,0.0156465077994788,0.0255787814170153,0.0374868519324687
"pc2001__27__05",1,"Akola",TRUE,768685,691551,77134,521256,367,34811,2967,30745,47385,5650,24874,2278,8064,20379,28627,41282,2011,0.899654604942207,0.100345395057794,0.678113921827537,0.000477438742788008,0.0452864307225977,0.0038598385554551,0.0399968777847883,0.0616442365858577,0.00735021497752656,0.032359158823185,0.00296350260509832,0.0104906431112875,0.0265115099162856,0.0372415228604695,0.0537047034871241
"pc2001__27__06",1,"Washim",TRUE,569690,502523,67167,477032,220,10463,918,10297,15506,1894,7754,368,2169,7679,12943,22447,2011,0.882099036317997,0.117900963682002,0.837353648475487,0.000386174937246573,0.0183661289473222,0.00161140269269252,0.0180747424037635,0.027218311713388,0.00332461514156822,0.0136109111973178,0.000645965349576085,0.00380733381312644,0.0134792606505292,0.0227193736944654,0.0394021309835174
"pc2001__27__07",1,"Amravati",TRUE,1236109,1061334,174775,874489,833,48150,4395,52116,64561,7566,33334,2485,10794,34199,45701,57486,2011,0.858608747286849,0.141391252713151,0.707452983515208,0.000673888791360632,0.0389528755150233,0.0035555116903121,0.042161330432834,0.0522292127959589,0.00612081944229837,0.026966877516465,0.00201034051204222,0.00873223963258904,0.0276666539924877,0.036971658648226,0.0465056075151949
"pc2001__27__08",1,"Wardha",TRUE,609383,530298,79085,418581,1206,39680,1902,27948,28980,3522,16000,1074,5244,17450,22744,25052,2011,0.870221190942314,0.129778809057686,0.686893136172161,0.0019790509416902,0.0651150425922613,0.00312118979361091,0.045862782519368,0.047556298748078,0.00577961643170223,0.0262560655613957,0.00176243840080869,0.00860542548774744,0.0286355215028972,0.037322997195524,0.0411104346527553
"pc2001__27__09",1,"Nagpur",TRUE,1868623,1654680,213943,641270,21688,258258,18930,179977,196176,29513,108444,15454,47115,113126,99282,139390,2011,0.885507670621629,0.114492329378371,0.343177837370085,0.0116064074989979,0.138207653443204,0.01013045435061,0.0963153081172607,0.10498425846198,0.0157939830559722,0.0580341781086929,0.00827026104248958,0.0252137536571047,0.0605397664483419,0.0531311024214087,0.0745950360238529
"pc2001__27__10",1,"Bhandara",TRUE,596808,413511,183297,439998,3474,35464,1192,22800,19800,2716,9172,738,4580,12490,18190,26194,2011,0.692871074114288,0.307128925885712,0.737252181606145,0.00582096754735191,0.0594227959410732,0.00199729226149784,0.038203241243415,0.0331764989745446,0.00455087733408399,0.0153684266966931,0.00123657859814212,0.0076741598638088,0.0209280036460637,0.0304788139569175,0.0438901623302637
"pc2001__27__11",1,"Gondiya",TRUE,666089,434991,231098,471933,1170,51880,1716,33356,22774,3014,11458,730,3468,12408,19706,32476,2011,0.6530523698785,0.3469476301215,0.708513426884395,0.00175652202633582,0.0778874895096601,0.00257623230529254,0.0500773920602202,0.0341906261775829,0.00452492084391125,0.0172019054510734,0.00109594964036337,0.00520651144216464,0.018628141284423,0.0295846350863023,0.0487562472882753
"pc2001__27__12",1,"Gadchiroli",TRUE,584227,392803,191424,477507,352,11548,854,13314,10310,1296,3934,384,1650,14368,16648,32062,2011,0.6723465365346,0.3276534634654,0.81733127705498,0.000602505532952089,0.0197662894730986,0.00146176058278717,0.0227890871185344,0.017647250127091,0.00221831582586905,0.00673368399611795,0.00065727876322046,0.00282424468571292,0.0245931803904989,0.0284957730471204,0.0548793534020167
"pc2001__27__13",1,"Chandrapur",TRUE,1057781,804055,253726,705584,28437,62638,8842,51634,46483,6609,29683,1782,7709,24936,35498,47946,2011,0.760133713878393,0.239866286121607,0.667041665524338,0.0268836365939642,0.0592164162525135,0.00835900815008021,0.0488135067655781,0.0439438787423862,0.00624798516895274,0.0280615741821795,0.00168465873370764,0.0072878979675377,0.0235738777686497,0.0335589313856082,0.0453269627645042
"pc2001__27__14",1,"Yavatmal",TRUE,1356794,1196248,160546,1079802,10079,34202,2511,35641,47035,6159,23062,1345,6862,21665,35280,53151,2011,0.881672530981122,0.118327469018878,0.795848153809642,0.0074285411049872,0.0252079534549828,0.0018506862500866,0.0262685418715,0.0346662794794199,0.00453937738521839,0.016997421863599,0.000991307449767614,0.00505751057271775,0.0159677887726508,0.0260024734779193,0.0391739645075081
"pc2001__27__15",1,"Nanded",TRUE,1494315,1317751,176564,1085685,2536,56814,3184,60295,69155,8768,35540,2006,8462,32440,47954,81476,2011,0.88184285107223,0.11815714892777,0.726543600244928,0.00169709867062835,0.0380200961644633,0.00213074217952707,0.0403495916189023,0.0462787297189682,0.00586757142904943,0.0237834726948468,0.00134242110933772,0.00566279532762503,0.0217089435627696,0.0320909580643974,0.0545239792145565
"pc2001__27__16",1,"Hingoli",TRUE,568129,513496,54633,469165,1049,13543,692,12875,16149,2166,7528,283,1979,7261,11128,24311,2011,0.903836980685725,0.0961630193142755,0.825807167034248,0.00184641164242628,0.0238378959708094,0.00121803322836891,0.022662106669436,0.0284248823770658,0.00381251441133968,0.0132505117675739,0.000498126305821389,0.0034833638135001,0.0127805480797495,0.0195871008168919,0.0427913378827696
"pc2001__27__17",1,"Parbhani",TRUE,823733,756817,66916,615997,907,27378,1826,32521,36156,5453,17669,974,4743,15036,23935,41138,2011,0.918764939610286,0.0812350603897137,0.747811487460136,0.00110108493893045,0.0332364977486637,0.00221673770505734,0.0394800256879353,0.043892863342855,0.00661986347517946,0.0214499115611491,0.00118242197411054,0.00575793369939046,0.0182534874771315,0.0290567453288869,0.0499409396005745
"pc2001__27__20",1,"Nashik",TRUE,2764628,2524102,240526,1710307,1925,320563,9083,106410,149986,23160,82325,9063,31145,85869,88097,146695,2011,0.912998783199765,0.087001216800235,0.618639108046363,0.00069629621055708,0.115951585529771,0.0032854329768779,0.0384898076703267,0.054251783603436,0.00837725726571532,0.0297779665112268,0.00327819873053445,0.0112655301183378,0.0310598749632862,0.0318657700059466,0.0530613883676212
"pc2001__27__22",1,"Mumbai Suburban",TRUE,3735493,3515744,219749,45566,3332,937315,13221,271285,548112,92563,379991,113673,221721,487179,187779,433756,2011,0.941172691261903,0.058827308738097,0.0121981221755736,0.000891984003182445,0.250921364328617,0.00353929186856996,0.0726236135364194,0.146730833118948,0.0247793263164996,0.101724457789106,0.0304305214867221,0.0593552176379396,0.130418929977917,0.0502688667867936,0.116117470973711
"pc2001__27__23",1,"Mumbai",TRUE,1283984,1208177,75807,14968,564,265315,2662,62444,229137,42391,123115,26389,69074,224362,65998,157565,2011,0.940959544667223,0.0590404553327767,0.0116574661366497,0.000439257810066169,0.206634194818627,0.00207323455743997,0.0486330047726451,0.178457831250234,0.0330152089122606,0.0958851512168376,0.0205524367904896,0.0537966205186357,0.174738937556854,0.0514009520367855,0.122715703622475
"pc2001__27__24",1,"Raigarh",TRUE,1074105,860174,213931,421249,6423,166788,6477,67812,71581,15049,74913,9678,17094,67040,46697,103304,2011,0.800828596831781,0.199171403168219,0.392186052574003,0.0059798623039647,0.155280908291089,0.00603013671847724,0.063133492535646,0.0666424604670866,0.0140107345185061,0.069744578044046,0.00901029228985993,0.0159146452162498,0.0624147546096518,0.0434752654535637,0.096176816977856
"pc2001__27__25",1,"Pune",TRUE,4051829,3753324,298505,1321955,5721,723731,11693,311010,319180,60868,204119,114152,101436,345419,192054,340491,2011,0.926328332217376,0.0736716677826236,0.326261300760718,0.00141195494676602,0.178618347417919,0.00288585722645255,0.0767579283331059,0.0787743016795625,0.0150223516342866,0.0503770025832778,0.0281729559663056,0.0250346201678304,0.0852501425899267,0.0473993349669989,0.0840339017268498
"pc2001__27__27",1,"Bid",TRUE,1255390,1153999,101391,984612,1482,39126,4888,31552,39504,6994,25200,1080,6062,19042,38422,57426,2011,0.919235456710664,0.0807645432893364,0.784307665347024,0.00118050964242188,0.0311664104381905,0.00389361075044408,0.0251332255315081,0.0314675120878771,0.00557117708441202,0.0200734433124368,0.000860290427675862,0.00482877830793618,0.0151681947442627,0.0306056285297796,0.0457435537960315
"pc2001__27__31",1,"Satara",TRUE,1354573,1184155,170418,897585,1664,101244,4346,49570,61910,10868,44322,2988,17984,32350,50318,79424,2011,0.874190612096949,0.125809387903051,0.662633169271793,0.00122843139498573,0.0747423726886628,0.00320839113137498,0.036594557842213,0.0457044397016624,0.00802319254850052,0.0327202742118734,0.00220586118282293,0.013276508538115,0.0238820646801612,0.0371467613779398,0.0586339754298956
"pc2001__27__32",1,"Ratnagiri",TRUE,713634,554423,159211,469358,3926,48710,3356,27944,35214,6668,25542,1720,5612,17004,29566,39014,2011,0.776901044513014,0.223098955486986,0.657701286653943,0.00550141949514737,0.0682562770271596,0.00470269073502664,0.0391573271452874,0.049344622033143,0.00934372521488606,0.0357914561245681,0.00241019906562748,0.00786397509087291,0.0238273400650754,0.0414302009153151,0.0546694804339479
"pc2001__27__33",1,"Sindhudurg",TRUE,346646,226701,119945,215948,3316,19654,924,19244,17962,4706,12292,1026,3950,10336,15680,21608,2011,0.653984179826105,0.346015820173895,0.62296406131904,0.0095659548934648,0.0566976108191065,0.00266554352278694,0.0555148480005539,0.0518165506020551,0.0135758093270945,0.0354598062576807,0.00295979183374393,0.0113949100811779,0.0298171621769759,0.0452334658412328,0.0623344853250867
"pc2001__27__34",1,"Kolhapur",TRUE,1703437,1507993,195444,946395,2703,252719,4921,62927,106158,15746,48937,7099,27371,55561,67259,105641,2011,0.885264908534921,0.114735091465079,0.555579689768392,0.00158679188018107,0.148358289740096,0.00288886527649687,0.0369411959467829,0.0623198862065342,0.00924366442668558,0.0287283885462157,0.00416745673599904,0.0160681023131469,0.0326169972825529,0.039484289703699,0.062016382173218
"pc2001__27__35",1,"Sangli",TRUE,1214775,1074586,140189,785463,560,103008,3592,37444,65858,8142,34488,3252,15664,30336,46964,80004,2011,0.884596736021074,0.115403263978926,0.646591344076063,0.000460990718445803,0.0847959498672594,0.00295692617974522,0.030823815109794,0.0542141548846494,0.00670247576711737,0.0283904426745694,0.0026770389578317,0.0128945689530983,0.0249725257763783,0.0386606573233726,0.065859109711675
"pc2001__28__01",1,"Adilabad",TRUE,1323694,1066646,257048,859353,26559,126553,2252,56214,48500,6036,33783,4133,7244,24374,33769,94924,2011,0.805810104147938,0.194189895852062,0.649208200686866,0.0200643048922183,0.095605933093298,0.00170129954506102,0.0424675189280906,0.0366398880708079,0.00455996627619374,0.0255217595607444,0.0031223228329206,0.00547256390072026,0.0184136212750077,0.0255111830982085,0.0717114378398633
"pc2001__28__02",1,"Nizamabad",TRUE,1259627,1055316,204311,734343,3178,237348,2968,43642,55282,8200,29040,5720,8062,24570,31342,75932,2011,0.837800396466573,0.162199603533427,0.582984486677405,0.00252296910117043,0.188427209007111,0.0023562530812693,0.0346467644786909,0.0438875952960678,0.00650986363423458,0.023054443894899,0.00454102682778315,0.00640030739258527,0.0195057743284321,0.024881969027339,0.0602813372530122
"pc2001__28__03",1,"Karimnagar",TRUE,1876528,1589732,286796,1128903,30074,285800,9893,76520,78918,9336,47025,9236,13674,31631,51837,103681,2011,0.847166682298372,0.152833317701628,0.601591343161413,0.0160264062140293,0.152302550241723,0.00527197036228609,0.0407774357750058,0.0420553277116036,0.00497514558802213,0.0250595781144752,0.00492185568240922,0.00728686169351057,0.0168561300444225,0.0276238883725689,0.0552515070385307
"pc2001__28__04",1,"Medak",TRUE,1441458,1194445,247013,932362,5312,173722,4606,56682,56228,8966,37966,9150,10314,27772,36862,81516,2011,0.828636699785911,0.171363300214089,0.646818707170101,0.0036851576667513,0.120518253046568,0.00319537579312058,0.0393226857806471,0.0390077268987373,0.0062200910467041,0.0263386099352184,0.00634773958034157,0.0071552553040047,0.0192666036748903,0.0255727187333935,0.0565510753695217
"pc2001__28__05",1,"Hyderabad",TRUE,1414094,1096269,317825,52529,895,124013,8763,148653,230229,22585,91355,64293,56328,188916,70765,354770,2011,0.775244785707315,0.224755214292685,0.0371467526204057,0.000632914077847724,0.0876978475264021,0.00619690063036828,0.105122431747819,0.162810251652295,0.0159713569253529,0.0646032017673507,0.0454658601196243,0.0398332784100633,0.133595079252157,0.0500426421440159,0.250881483126299
"pc2001__28__06",1,"Rangareddy",TRUE,2197866,1836176,361690,630659,8358,287955,14274,219200,174898,24527,119418,103206,63069,156790,94189,301323,2011,0.835435827297934,0.164564172702066,0.286941515087817,0.00380277960530806,0.131015721613602,0.00649448146520307,0.0997331047479692,0.0795762799005945,0.011159461040846,0.0543336126952235,0.046957366827641,0.0286955619678361,0.0713373790758854,0.0428547509265806,0.137097985045494
"pc2001__28__07",1,"Mahbubnagar",TRUE,2082430,1815081,267349,1519178,5129,110613,4692,92434,70894,13051,55116,7659,11732,33113,51173,107646,2011,0.871616813050138,0.128383186949861,0.729521760635412,0.0024629879515758,0.053117271648987,0.00225313696018594,0.0443875664488122,0.0340438814269867,0.00626719745681728,0.0264671561589105,0.00367791474383293,0.00563380281690141,0.0159011347320198,0.0245736951542189,0.05169249386534
"pc2001__28__08",1,"Nalgonda",TRUE,1741263,1492737,248526,1201489,4498,130154,6388,68670,72902,10230,62756,8802,13346,31754,52364,77910,2011,0.857272565947821,0.142727434052179,0.690010067405096,0.00258318243711605,0.0747468934905296,0.00366860146916348,0.0394368914977232,0.0418673112562548,0.00587504587187576,0.0360405062302478,0.00505495149210659,0.00766455153529363,0.0182361883299651,0.0300724244413394,0.0447433845432884
"pc2001__28__09",1,"Warangal",TRUE,1706682,1442453,264229,1170393,10290,114567,5790,63066,74911,9633,53065,10362,15027,35893,58636,85049,2011,0.845179711276032,0.154820288723968,0.685770987213787,0.00602924270602256,0.0671284984548967,0.00339254764507975,0.0369524023807599,0.0438927697133971,0.00564428522712491,0.0310924940908734,0.00607142982699765,0.0088048037068417,0.0210308657383156,0.0343567225763206,0.0498329507195834
"pc2001__28__10",1,"Khammam",TRUE,1409895,1215917,193978,1035755,20058,55178,8640,51208,51814,7910,34312,6532,10926,24304,44326,58932,2011,0.862416704790073,0.137583295209927,0.734632720876377,0.0142265913419084,0.0391362477347604,0.00612811592352622,0.0363204352097142,0.0367502544515726,0.00561034686980236,0.024336564070374,0.00463296912181404,0.00774951326162587,0.0172381631256228,0.0314392206511832,0.0417988573617184
"pc2001__28__11",1,"Srikakulam",TRUE,1289758,935143,354615,898536,4466,89030,2526,60854,51828,10324,24624,4214,9346,25708,36868,71434,2011,0.725053071971641,0.274946928028359,0.696670228058287,0.00346266508910974,0.0690284533997851,0.00195850694471366,0.0471824947005562,0.040184282632866,0.00800460241378615,0.0190919536843346,0.00326727959818819,0.0072463206275906,0.0199324214309971,0.028585207457523,0.0553855839622627
"pc2001__28__12",1,"Vizianagaram",TRUE,1157875,953227,204648,784619,4098,80962,2794,48266,56096,10630,31146,4620,8868,23794,33642,68340,2011,0.823255532764763,0.176744467235237,0.677637050631545,0.00353924214617295,0.0699229191406672,0.00241304113138292,0.0416849832667602,0.0484473712620101,0.00918061103314261,0.0268992766922163,0.00399006801252294,0.00765885782144014,0.0205497139155781,0.0290549498002807,0.0590219151462809
"pc2001__28__13",1,"Visakhapatnam",TRUE,1889031,1481851,407180,936625,7297,183618,11742,163545,110999,19861,88018,19030,29699,79469,62551,176577,2011,0.784450334589533,0.215549665410467,0.495822990729109,0.00386282702613139,0.0972022163744269,0.00621588528721869,0.0865761334779577,0.0587597556630886,0.0105138560457716,0.0465942591730893,0.0100739479659148,0.0157218171644616,0.0420686584815178,0.0331127440470802,0.0934749085642321
"pc2001__28__14",1,"East Godavari",TRUE,2093662,1747684,345978,1338626,7346,166096,8094,94853,121205,18524,60459,12986,26587,45969,67355,125562,2011,0.834749830679451,0.165250169320549,0.639370633846342,0.00350868478293058,0.0793327671801848,0.00386595353022599,0.0453048295283575,0.0578913883902941,0.00884765544772747,0.0288771540009801,0.00620252934809917,0.0126988023854853,0.0219562661021693,0.0321709043771153,0.0599724310800884
"pc2001__28__15",1,"West Godavari",TRUE,1773999,1535130,238869,1238699,4661,120870,6025,60674,91817,13583,41839,10085,19099,28655,53053,84939,2011,0.865349980467858,0.134650019532142,0.698252366545866,0.00262739719695445,0.0681341984972934,0.00339628150861415,0.0342018231126399,0.0517570753985769,0.00765671232058192,0.0235845679732627,0.00568489610197075,0.0107660714577629,0.0161527712247865,0.0299058793156028,0.0478799593460876
"pc2001__28__16",1,"Krishna",TRUE,2049107,1745275,303832,1186347,3386,156353,12275,106205,144981,22849,96130,18489,31737,51433,70704,148218,2011,0.851724678115882,0.148275321884118,0.578958053434984,0.00165242713045244,0.0763029944263525,0.00599041436098749,0.0518298946809513,0.0707532598346499,0.011150711017043,0.046913118739041,0.00902295487741733,0.0154882102301149,0.025100202185635,0.034504786719288,0.072332972363083
"pc2001__28__17",1,"Guntur",TRUE,2381051,2105308,275743,1557393,10560,164820,9292,103029,147297,24716,70815,17704,27241,47288,74997,125899,2011,0.884192736736844,0.115807263263156,0.654077968090562,0.00443501630162479,0.0692215328441096,0.00390247835934636,0.0432703877405398,0.061862177668601,0.0103802900483862,0.0297410681249583,0.00743537202689065,0.0114407461242955,0.0198601373931092,0.0314974353762267,0.0528753899013503
"pc2001__28__18",1,"Prakasam",TRUE,1700347,1463444,236903,1197693,14728,97024,4308,105022,70952,14196,37260,9068,12422,29148,45904,62622,2011,0.860673733067427,0.139326266932573,0.70438151741968,0.0086617613934097,0.0570612939594095,0.0025336004944873,0.0617650397242445,0.0417279531766163,0.00834888408071999,0.0219131741932676,0.00533302908171097,0.0073055676282547,0.017142383289999,0.0269968424092259,0.0368289531489749
"pc2001__28__19",1,"Sri Potti Sriramulu Nellore",TRUE,1315182,1077381,237801,817630,4366,99169,5615,85864,72977,13926,45105,11622,14965,31701,43502,68740,2011,0.81918776260624,0.18081223739376,0.621685819909336,0.00331969263569605,0.0754032521734634,0.00426937108324171,0.0652867816013297,0.0554881377634426,0.0105886485672705,0.0342956336081242,0.00883679977371953,0.011378653296654,0.0241038882831426,0.0330767908928194,0.0522665304117605
"pc2001__28__20",1,"Y.S.R.",TRUE,1320403,1079819,240584,797927,6693,108912,6295,79453,73369,10118,50732,9206,12026,29311,43126,93235,2011,0.817795021671414,0.182204978328586,0.6043056551674,0.00506890699278932,0.082483908321929,0.00476748386666798,0.0601732955771836,0.0555656114080322,0.00766281203541646,0.0384216031014774,0.00697211381676655,0.00910782541390772,0.0221985257531223,0.0326612405455001,0.0706110179998076
"pc2001__28__21",1,"Kurnool",TRUE,2028114,1757002,271112,1358286,24544,130149,5224,91887,97703,16085,51636,9304,16430,36436,52534,137896,2011,0.866323096236208,0.133676903763792,0.669728624722279,0.0121018838191541,0.0641724281771143,0.00257579209058268,0.0453066247755304,0.0481743136727028,0.0079310137398588,0.0254601072720764,0.00458751332518783,0.00810112252072615,0.0179654595353121,0.0259028831712616,0.0679922331782138
"pc2001__28__22",1,"Anantapur",TRUE,2034715,1678456,356259,1309310,6625,202504,6143,84408,106812,17602,61873,11243,16322,33013,53209,125651,2011,0.824909631078554,0.175090368921446,0.643485697014078,0.00325598425332295,0.0995245034316845,0.00301909604047741,0.0414839424686013,0.0524948211420273,0.00865084299275328,0.0304086813140907,0.00552558957888451,0.00802176226154523,0.016224876702634,0.0261505911147261,0.0617536116851746
"pc2001__28__23",1,"Chittoor",TRUE,1933905,1669960,263945,1206158,10378,151142,7912,106374,111572,20782,64914,17548,20031,46932,63553,106609,2011,0.863517080725268,0.136482919274732,0.623690408784299,0.00536634426199839,0.0781537872853113,0.00409120406638382,0.0550047701412427,0.0576925960685763,0.0107461328245183,0.0335662816942921,0.00907386867503833,0.01035779937484,0.0242679966182413,0.0328625242708406,0.0551262859344177
"pc2001__29__02",1,"Bagalkot",TRUE,818106,676059,142047,523780,4328,86464,2414,33664,44674,7076,22478,1948,9224,14258,29638,38160,2011,0.826370910371028,0.173629089628972,0.640234883988138,0.00529026800927997,0.10568801597837,0.00295071787763444,0.0411487020019411,0.0546066157686168,0.008649245941235,0.0274756571886773,0.00238110953837278,0.0112748225780033,0.0174280594446196,0.0362275793112384,0.0466443223738733
"pc2001__29__05",1,"Bidar",TRUE,702065,551669,150396,449837,1636,43064,2154,31704,42848,8092,29498,1496,5686,14610,29502,41938,2011,0.785780518897823,0.214219481102177,0.640734120060108,0.00233026856487647,0.0613390498030809,0.00306809198578479,0.0451582118464815,0.0610313859827794,0.0115259983050002,0.0420160526446981,0.00213085682949584,0.00809896519553033,0.0208100389565069,0.0420217501228519,0.0597352097028053
"pc2001__29__06",1,"Raichur",TRUE,902951,725995,176956,656609,6814,36546,5234,34278,45428,8072,22710,1938,6444,11458,23796,43624,2011,0.804024803117777,0.195975196882223,0.727181209168604,0.00754636741085618,0.0404739570585779,0.00579654931441463,0.0379621928543188,0.0503105927121184,0.00893957700916218,0.0251508664368277,0.00214629586766059,0.00713659988194265,0.0126895036386249,0.0263535895081793,0.048312699138713
"pc2001__29__07",1,"Koppal",TRUE,654519,508238,146281,461461,4888,44236,1886,22880,34486,6830,17730,1190,4202,7676,17634,29420,2011,0.776506106010673,0.223493893989327,0.705038356411349,0.00746807961266212,0.067585509358781,0.00288150534973011,0.034956968399695,0.0526890739611837,0.0104351439759579,0.0270885948307077,0.00181812903827085,0.00641998169648245,0.011727696216611,0.0269419222360237,0.0449490389125449
"pc2001__29__08",1,"Gadag",TRUE,496039,423185,72854,338661,1068,33156,1358,19488,29724,4536,15540,1182,4194,7870,17120,22142,2011,0.853128483849052,0.146871516150948,0.682730591747826,0.00215305651370154,0.0668415185096333,0.00273768796405121,0.0392872334634978,0.0599227076903227,0.00914444227167622,0.0313281818566685,0.00238287715280452,0.0084549803543673,0.015865687980179,0.034513415275815,0.0446376192194565
"pc2001__29__09",1,"Dharwad",TRUE,785006,691282,93724,382397,1239,80227,3527,54160,77391,10250,47857,6795,16593,23673,35247,45650,2011,0.880607281982558,0.119392718017442,0.487126213048053,0.00157833188536139,0.102199218859474,0.00449295928948314,0.0689931032374275,0.09858650761905,0.0130572250403182,0.0609638652443421,0.00865598479502067,0.0211374180579511,0.0301564574028734,0.0449002937557165,0.0581524217649292
"pc2001__29__11",1,"Haveri",TRUE,731542,602861,128681,529770,1206,41688,1586,30980,42410,5144,17224,1504,4728,9466,21456,24380,2011,0.824096224140241,0.175903775859759,0.724182616992599,0.00164857246747282,0.0569864751442843,0.00216802316203308,0.042348901361781,0.0579734314639488,0.00703172203373149,0.0235447862186997,0.00205593117004902,0.00646306022073921,0.0129397901965984,0.0293298265854865,0.0333268629825765
"pc2001__29__13",1,"Chitradurga",TRUE,855208,666797,188411,611826,3288,47680,2682,28758,40656,7356,23318,1688,5996,10614,28884,42462,2011,0.779689853228688,0.220310146771312,0.715411923181261,0.00384467872143385,0.0557525186855128,0.00313607917606009,0.0336269071383804,0.0475393120737879,0.0086014162636458,0.0272658815165433,0.00197378883265825,0.00701115985818655,0.0124110157996651,0.0337742397171215,0.0496510790357434
"pc2001__29__16",1,"Udupi",TRUE,512975,458760,54215,168861,5966,104776,3022,46458,47042,26958,28638,4352,12760,9794,29072,25276,2011,0.894312588332765,0.105687411667235,0.329179784589892,0.0116301964033335,0.204251669184658,0.00589112529850383,0.0905658170476144,0.0917042740874312,0.0525522686290755,0.0558272820312881,0.00848384424192212,0.0248745065549003,0.0190925483698036,0.056673327160193,0.0492733564013841
"pc2001__29__20",1,"Bangalore",TRUE,4245558,3857522,388036,229406,9213,1142802,18649,396821,513983,83758,290472,349099,203756,303732,211164,492703,2011,0.908601884605039,0.091398115394961,0.054034357792309,0.00217003277307718,0.269175924578112,0.00439259103279239,0.093467336920141,0.121063709411107,0.0197283843490067,0.0684178616803728,0.0822268827796016,0.047992749127441,0.0715411260427958,0.0497376316611385,0.116051411852105
"pc2001__29__22",1,"Mandya",TRUE,870894,714261,156633,626070,4688,54656,2684,22150,40750,8342,22140,2732,6762,14148,27014,38758,2011,0.820146883547251,0.179853116452749,0.718881976451784,0.00538297427700731,0.0627584987380783,0.00308189056303063,0.0254336348625665,0.0467909986749248,0.00957866284530609,0.025422152408904,0.00313700634061091,0.00776443516662188,0.0162453754417874,0.0310187003240348,0.0445036939053432
"pc2001__29__23",1,"Hassan",TRUE,902508,751851,150657,655982,1864,40564,3080,25408,46160,7288,27592,2814,7490,14582,29732,39952,2011,0.833068515736149,0.166931484263851,0.726843418562495,0.00206535565335709,0.0449458619757387,0.0034127121310836,0.0281526590346014,0.0511463610294867,0.00807527467900562,0.030572582182097,0.00311797790158093,0.00829909540968058,0.0161571974985263,0.0329437522991486,0.0442677516431987
"pc2001__29__24",1,"Dakshina Kannada",TRUE,998705,915596,83109,220975,6270,312287,4597,100588,101386,29631,63692,10926,24840,24533,52314,46666,2011,0.916783234288403,0.0832167657115965,0.221261533686124,0.00627813017858126,0.312691936057194,0.00460296083428039,0.100718430367326,0.101517465117327,0.0296694219013623,0.0637745880915786,0.0109401675169344,0.0248722095113172,0.0245648114308029,0.052381834475646,0.0467265108315268
"pc2001__29__25",1,"Kodagu",TRUE,279363,259107,20256,188737,538,11738,864,11120,16708,3814,11584,1556,3590,6098,12280,10736,2011,0.927492187583896,0.0725078124161038,0.675597699051055,0.00192580978869786,0.0420170172857537,0.00309275029263002,0.0398048417292197,0.0598074906125722,0.0136524879815867,0.0414657631826691,0.0055698141844124,0.0128506638316456,0.0218282306533077,0.0439571453628433,0.0384302860436063
"pc2001__30__01",1,"North Goa",TRUE,327226,269099,58127,32753,10469,49854,2726,29033,36305,16857,26123,3871,11666,48144,21987,37438,2011,0.82236435980026,0.17763564019974,0.100092902153252,0.0319931790261165,0.152353419349318,0.00833063387383643,0.0887246123474296,0.110947785322682,0.0515148551765447,0.0798316759670686,0.0118297445801984,0.0356512013104093,0.1471276732289,0.0671920935377996,0.114410224126445
"pc2001__31__01",1,"Lakshadweep",TRUE,18753,10804,7949,2494,3,1483,500,2653,604,267,2529,191,301,3620,2389,1719,2011,0.576121153948702,0.423878846051298,0.132992054604597,0.000159974404095345,0.0790806804244654,0.0266624006825575,0.14147069802165,0.0322081800245294,0.0142377219644857,0.134858422652376,0.010185037060737,0.0160507652108996,0.193035780941716,0.12739295046126,0.0916653335466325
"pc2001__32__01",1,"Kasaragod",TRUE,462992,373171,89821,151146,5586,77662,1438,62260,50092,12038,30120,2814,9192,10488,24174,25982,2011,0.805998807754778,0.194001192245222,0.326454884749629,0.0120650032829941,0.167739399384871,0.00310588519888033,0.134473165843038,0.108191934201887,0.0260004492518229,0.0650551197428897,0.00607785879669627,0.0198534747900612,0.0226526592252134,0.0522125652279089,0.0561176003041089
"pc2001__32__02",1,"Kannur",TRUE,823931,694130,129801,211738,10359,104099,4036,124065,108670,21619,72757,8367,24564,33283,57860,42514,2011,0.842461322610753,0.157538677389247,0.256985111617356,0.012572654749002,0.126344317667377,0.00489846843971158,0.150576929378795,0.13189211232494,0.0262388476704967,0.0883047245461088,0.0101549765696399,0.0298131761033388,0.0403953729135085,0.0702243270370941,0.0515989809826308
"pc2001__32__03",1,"Wayanad",TRUE,339787,263493,76294,204329,1219,17536,1050,26009,23455,5822,16832,1587,5265,8016,16512,12155,2011,0.77546521791593,0.22453478208407,0.601344371621045,0.00358754160694788,0.0516088019847728,0.00309017119548423,0.0765450120222375,0.0690285384667453,0.0171342635239135,0.0495369157737053,0.00467057303546045,0.0154950012802138,0.0235912498123825,0.0485951493141291,0.0357724103629627
"pc2001__32__04",1,"Kozhikode",TRUE,947006,752359,194647,186385,9170,99240,5188,193598,132636,26801,90795,11264,27662,34566,72723,56978,2011,0.794460647556615,0.205539352443385,0.196815014899589,0.00968314878680811,0.10479342263935,0.0054783179832018,0.204431650908231,0.140058246727053,0.0283007710616406,0.0958758445036251,0.0118943280190411,0.0292099522072722,0.0365002967246248,0.0767925440810301,0.0601664614585335
"pc2001__32__05",1,"Malappuram",TRUE,1062669,851881,210788,303004,13930,97114,3893,180571,138491,28013,106550,6729,19944,23489,68097,72844,2011,0.801642844573428,0.198357155426572,0.285134882075228,0.013108503212195,0.091386875875743,0.00366341730115398,0.1699221488535,0.130323741447243,0.0263609835235619,0.100266404684808,0.00633216928319166,0.0187678383391254,0.0221037783166725,0.0640811014530395,0.0685481556345391
"pc2001__32__06",1,"Palakkad",TRUE,1041669,874891,166778,403458,4418,129712,4439,122256,106012,27531,83110,8658,20901,26603,50718,53853,2011,0.839893478638608,0.160106521361392,0.38731881240586,0.00424127049955408,0.12452324106794,0.00426143045439578,0.117365497101286,0.101771292032306,0.0264297007974702,0.0797854212806563,0.0083116613818785,0.0200649150545903,0.0255388227930369,0.0486891709362571,0.0516987641947682
"pc2001__32__07",1,"Thrissur",TRUE,1096651,929528,167123,201735,5993,179962,5920,185705,142300,27687,96339,13579,43776,37818,80223,75614,2011,0.84760602963021,0.152393970369789,0.183955515473929,0.00546481971019039,0.164101432452075,0.00539825340969917,0.169338285379761,0.129758692601384,0.0252468652287738,0.0878483674386838,0.0123822437584975,0.0399178954836133,0.0344849911229735,0.0731527167713338,0.0689499211690866
"pc2001__32__08",1,"Ernakulam",TRUE,1249230,1061847,187383,207220,8414,202028,7542,204208,141460,24184,114517,28132,51961,78435,97986,83143,2011,0.850001200739656,0.149998799260344,0.165878180959471,0.00673534897496858,0.161722020764791,0.00603731898849691,0.16346709573097,0.113237754456745,0.0193591252211362,0.0916700687623576,0.0225194719947488,0.0415944221640531,0.0627866765927812,0.0784371172642348,0.0665553981252451
"pc2001__32__09",1,"Idukki",TRUE,515283,415526,99757,321771,1086,24704,1824,37794,25978,8100,26180,3078,7772,12656,24390,19950,2011,0.806403471490424,0.193596528509576,0.624454911184728,0.00210757971832954,0.0479425868891463,0.0035398023998463,0.0733461030152363,0.050415014661846,0.0157195172361595,0.0508070322521799,0.00597341654974063,0.0150829738221521,0.0245612605112142,0.0473332130111026,0.0387165887483189
"pc2001__32__10",1,"Kottayam",TRUE,734485,604166,130319,218565,3723,86321,4199,91449,75725,16435,55902,11834,25355,30468,65749,48760,2011,0.822570917037108,0.177429082962892,0.297575852468056,0.00506885777109131,0.117525885484387,0.00571693091077422,0.124507648216097,0.103099450635479,0.0223762227955642,0.0761104719633485,0.0161119696113603,0.0345207866736557,0.0414821269324765,0.0895171446659905,0.0663866518717196
"pc2001__32__11",1,"Alappuzha",TRUE,805299,596905,208394,183594,1115,189135,5325,114914,74250,14961,52389,8832,20269,34324,50239,55952,2011,0.741221583536053,0.258778416463947,0.227982401567617,0.00138457889554066,0.234863075702317,0.0066124507791516,0.142697308701489,0.0922017784698603,0.018578192696129,0.0650553396937038,0.0109673549824351,0.0251695333037791,0.0426226780363567,0.062385523886159,0.0694797832854629
"pc2001__32__12",1,"Pathanamthitta",TRUE,393645,293698,99947,137257,1808,37290,2030,50512,31122,4956,29944,4860,12100,15100,34680,31986,2011,0.746098642177597,0.253901357822403,0.348682188266077,0.00459297082396576,0.0947300232442937,0.00515693073708545,0.128318662754512,0.0790610829554548,0.0125900240064017,0.0760685389119638,0.012346149449377,0.0307383556249921,0.0383594355320149,0.0880996837251839,0.0812559539686774
"pc2001__32__13",1,"Kollam",TRUE,912032,696254,215778,229303,5892,174675,5576,139904,89814,13974,67700,8279,22045,35937,62055,56878,2011,0.763409617206414,0.236590382793586,0.251419906319077,0.00646029963860917,0.191522885161924,0.00611382056769938,0.15339812638153,0.0984768078313042,0.0153218308129539,0.074229851584155,0.00907753236728536,0.0241713010069822,0.0394032226939406,0.0680403757762885,0.0623640398582506
"pc2001__32__14",1,"Thiruvananthapuram",TRUE,1232257,921677,310580,240180,4429,140255,8105,260416,113312,21977,98485,28593,42145,78542,91651,104167,2011,0.747958421011201,0.252041578988799,0.19491063958249,0.00359421776463838,0.113819600943634,0.00657736170295645,0.211332538585701,0.0919548438353363,0.0178347536268814,0.0799224512419081,0.0232037635006334,0.0342014693363479,0.0637383273132147,0.0743765302205628,0.0845335023456957
"pc2001__33__02",1,"Chennai",TRUE,1817203,1618471,198732,45001,987,281939,10105,164934,262605,46245,152345,130675,90844,237274,93817,300432,2011,0.890638525250068,0.109361474749932,0.0247638816356786,0.000543142400711423,0.155149974989035,0.00556074362633124,0.0907625620252663,0.144510547253114,0.0254484501731507,0.0838348825089987,0.0719099627284348,0.0499911127155304,0.130570992894024,0.0516271434726885,0.165326603577036
"pc2001__33__05",2,"Dharmapuri;Krishnagiri",TRUE,1629167,1395379,233788,997741,11426,151592,4070,120110,96178,15942,54998,7840,12388,24812,49072,82998,2011,0.856498443683183,0.143501556316817,0.61242401791836,0.00701340009956008,0.0930487789158509,0.00249820920752753,0.0737247930997866,0.0590350774352783,0.00978536884186827,0.0337583562642749,0.00481227523022502,0.00760388591224841,0.0152298690066764,0.0301209145532656,0.0509450535150786
"pc2001__33__06",1,"Tiruvannamalai",TRUE,1238364,970623,267741,834200,2420,108272,3350,64682,54718,11752,34142,5274,8980,23164,33560,53850,2011,0.783794587051949,0.216205412948051,0.67363069339871,0.00195419117480805,0.0874314821813296,0.0027051819981847,0.0522318155243531,0.044185715993036,0.00948993995303481,0.0275702459050812,0.00425884473385854,0.00725150278916377,0.0187053241211792,0.02710027100271,0.0434847912245511
"pc2001__33__08",1,"Salem",TRUE,1693328,1559965,133363,747045,18933,374472,9701,118768,117327,21599,73348,13880,22777,39973,55602,79903,2011,0.921242074778188,0.0787579252218117,0.44116969659747,0.0111809407273724,0.221145578411271,0.00572895505182694,0.070138803586783,0.0692878166545406,0.0127553551349768,0.0433158844594786,0.00819687621063373,0.0134510266174067,0.0236061767123676,0.0328359301919061,0.0471869596439674
"pc2001__33__09",1,"Namakkal",TRUE,897769,838877,58892,429101,2506,195428,2562,52304,50776,10582,45468,6980,11258,17674,33514,39616,2011,0.934401833879316,0.0655981661206836,0.47796370781348,0.00279136392546412,0.217681831295133,0.00285374077296053,0.0582599755616423,0.0565579787228118,0.0117869964322671,0.050645544677974,0.00777482849151619,0.0125399740913308,0.0196865786187761,0.0373303154820449,0.0441271641145996
"pc2001__33__11",1,"The Nilgiris",TRUE,349777,318308,31469,213879,148,18778,1352,21564,19440,5424,13794,1988,3572,15636,14530,19672,2011,0.910031248481175,0.0899687515188249,0.611472452448274,0.000423126735034036,0.0536856339896563,0.00386531990382444,0.0616507088802294,0.0555782684396058,0.0155070230461122,0.0394365552909425,0.00568362127870043,0.010212220929335,0.0447027677634607,0.0415407531084091,0.0562415481864159
"pc2001__33__13",1,"Dindigul",TRUE,1103782,962030,141752,659498,2090,115558,2483,58656,73029,18775,32448,6053,12634,23925,34023,64610,2011,0.871576090206218,0.128423909793782,0.597489359311893,0.00189348983766722,0.104692774479019,0.00224953840522857,0.0531409281905304,0.0661625212224878,0.017009699379044,0.0293971092117828,0.00548387272124387,0.0114461007698984,0.0216754757732958,0.0308240214100248,0.0585351092878847
"pc2001__33__14",1,"Karur",TRUE,543199,508567,34632,296971,2070,91718,1436,28252,37312,6532,17486,3488,10534,10036,16456,20908,2011,0.936244359801841,0.0637556401981594,0.54670756021274,0.00381075811995236,0.168847880795068,0.00264359838659497,0.0520104050265188,0.0686893753486291,0.0120250589562941,0.0321907809108632,0.0064212194794173,0.0193925246548687,0.0184757335709381,0.0302946065806454,0.0384904979574705
"pc2001__33__15",1,"Tiruchirappalli",TRUE,1214584,1083124,131460,568083,3165,141168,4204,79823,106803,26107,65735,16334,22956,45250,56053,78903,2011,0.891765411037853,0.108234588962147,0.467718165231882,0.00260583047364365,0.116227449068982,0.00346126739690297,0.0657204442014715,0.0879338110826423,0.0214946022671137,0.0541214111168927,0.0134482258946273,0.0189002983737642,0.0372555541650475,0.0461499575163183,0.0649629832107125
"pc2001__33__16",1,"Perambalur",TRUE,299724,254579,45145,238398,1368,6942,420,5362,5604,2030,4638,534,1302,3786,6714,22626,2011,0.849378094513619,0.150621905486381,0.795391760419586,0.00456419906313809,0.0231613084037314,0.00140128918605117,0.0178897919419199,0.0186972014253113,0.00677289773258064,0.0154742362973936,0.00178163910797934,0.00434399647675862,0.0126316210914041,0.0224006085598751,0.0754894502942707
"pc2001__33__17",1,"Ariyalur",TRUE,360261,272684,87577,277287,136,21246,520,7044,8690,2700,5838,666,1782,4798,9202,20352,2011,0.756906798126914,0.243093201873086,0.7696836460233,0.000377504087314475,0.0589739105814951,0.00144339798090829,0.0195524911106115,0.0241214008732558,0.00749456643933148,0.0162049181010434,0.00184865972170177,0.00494641384995878,0.0133181221392268,0.0255425927313809,0.056492376360472
"pc2001__33__18",1,"Cuddalore",TRUE,1170345,837526,332819,730221,29169,62380,4669,52192,56676,12235,33657,6201,10180,19502,39783,113480,2011,0.71562317094532,0.28437682905468,0.623936531535573,0.0249234200171744,0.0533005224955035,0.00398942192259547,0.0445953970837659,0.0484267459595248,0.0104541823137622,0.0287581866885406,0.00529843764018302,0.00869828982052301,0.0166634624832848,0.0339925406610871,0.0969628613784824
"pc2001__33__20",1,"Thiruvarur",TRUE,540143,412576,127567,371783,506,22296,1436,20160,29768,7468,18672,2500,5062,10276,16024,34192,2011,0.76382735682958,0.23617264317042,0.688304763738491,0.000936788961441692,0.0412779578741185,0.00265855523444717,0.0373234495309575,0.0551113316288464,0.0138259683083924,0.0345686234941488,0.00462840395969216,0.00937159233758468,0.0190245916359186,0.0296662180200428,0.0633017552759177
"pc2001__33__21",1,"Thanjavur",TRUE,973829,834510,139319,560725,410,75324,2928,44900,80375,19139,36265,7713,15784,21213,41459,67594,2011,0.856936895491919,0.143063104508081,0.575794107589731,0.000421018474496036,0.077348281885218,0.00300668803249852,0.0461066573289561,0.0825350241161436,0.0196533477643406,0.0372395975063384,0.00792028169216567,0.0162081843937693,0.0217830851206937,0.0425731827661735,0.0694105433294757
"pc2001__33__22",1,"Pudukkottai",TRUE,761817,640426,121391,527495,4440,41500,1830,32914,46410,10280,16124,2328,5764,11168,20938,40626,2011,0.840655958058169,0.159344041941831,0.692416945276884,0.00582817133248536,0.054475024841924,0.0024021516978487,0.0432046016300503,0.0609201422388841,0.013494054346385,0.0211651879650887,0.00305585199595178,0.00756612152262289,0.0146596886128821,0.0274842908467519,0.053327767692241
"pc2001__33__23",1,"Sivaganga",TRUE,619692,461002,158690,355540,668,42498,1348,52784,38514,14374,18550,3220,7890,11728,20900,51678,2011,0.743921173744376,0.256078826255624,0.573736630455129,0.00107795485499248,0.068579229681842,0.00217527416845788,0.0851777980028788,0.0621502294688329,0.0231953938408112,0.029934225389387,0.00519612969023321,0.0127321314459441,0.0189255307475326,0.0337264318403336,0.0833930404136248
"pc2001__33__24",1,"Madurai",TRUE,1353981,1173621,180360,484698,6748,190482,5361,104535,152998,32465,68294,19372,31871,43638,63410,150109,2011,0.866792813193095,0.133207186806905,0.357979912568936,0.00498382178184184,0.140682919479668,0.00395943517671223,0.0772056624132835,0.11299863144313,0.0239774413378031,0.0504394079385161,0.0143074385829639,0.023538735033948,0.032229403514525,0.0468322672179299,0.110864923510744
"pc2001__33__25",1,"Theni",TRUE,590804,530368,60436,367052,1272,50242,1744,20564,39748,8688,18906,3054,6682,12594,19586,40672,2011,0.897705499624241,0.102294500375759,0.621275414519875,0.00215299828707998,0.0850400471222267,0.00295190960115368,0.0348068056411263,0.0672778112538168,0.0147053845268482,0.0320004603895708,0.00516922701945146,0.0113100114420349,0.0213167141725513,0.0331514343166262,0.0688417817076391
"pc2001__33__26",1,"Virudhunagar",TRUE,947563,851601,95962,292631,2606,323557,2902,65719,70172,17221,30383,7852,11736,20626,33441,68717,2011,0.898727578008006,0.101272421991994,0.308824848585266,0.00275021291460304,0.341462256335463,0.00306259319960784,0.0693558106426697,0.0740552343221506,0.0181739894867149,0.0320643587814214,0.00828652026303264,0.0123854561649199,0.0217674181030707,0.0352915848339372,0.0725197163671439
"pc2001__33__27",1,"Ramanathapuram",TRUE,604427,487407,117020,378507,1500,39252,1258,25858,48266,11984,15326,2202,4052,10236,17086,48900,2011,0.806395147801141,0.193604852198859,0.626224506846981,0.00248168926934105,0.0649408448001165,0.00208131006722069,0.0427810140844138,0.0798541428493433,0.0198270428025221,0.0253562464946139,0.00364311984739265,0.00670386994624661,0.0169350475739833,0.0282680952373074,0.0809030701805181
"pc2001__33__30",1,"Kanniyakumari",TRUE,680223,553534,126689,161197,2510,84429,4048,154837,56870,10689,33411,5822,11000,19366,45399,90645,2011,0.813753724881399,0.186246275118601,0.236976697347782,0.00368996637867288,0.124119590193216,0.00595098960193936,0.227626822380308,0.0836049354402894,0.0157139643910894,0.0491177158079042,0.00855895787116872,0.0161711673965744,0.0284700752547326,0.0667413480579163,0.133257769878408
"pc2001__34__01",1,"Yanam",TRUE,16729,15435,1294,6677,12,1652,80,1904,1428,300,686,146,202,864,1394,1384,2011,0.922649291649232,0.0773507083507681,0.399127264032518,0.000717317233546536,0.0987506724849064,0.00478211489031024,0.113814334389384,0.0853607507920378,0.0179329308386634,0.0410066351844103,0.00872735967481619,0.0120748400980334,0.0516468408153506,0.0833283519636559,0.0827305876023672
"pc2001__34__03",1,"Mahe",TRUE,11549,10124,1425,929,20,1194,86,992,2324,570,986,150,324,916,1648,1410,2011,0.876612693739718,0.123387306260282,0.08043986492337,0.00173175166681098,0.103385574508615,0.00744653216728721,0.0858948826738246,0.201229543683436,0.0493549225041129,0.0853753571737813,0.0129881375010823,0.0280543770023379,0.0793142263399429,0.142696337345225,0.122088492510174
"pc2001__34__04",1,"Karaikal",TRUE,68573,58494,10079,19071,358,5892,424,6936,8572,2204,3934,866,1596,4022,5126,9572,2011,0.853017951671941,0.146982048328059,0.27811237659137,0.00522071369197789,0.0859230309305412,0.00618319163519169,0.101147682032287,0.125005468624677,0.0321409301036851,0.0573695186151984,0.0126288772548962,0.0232744666268065,0.0586528225394835,0.0747524535896052,0.13958846776428
"pc2001__35__01",2,"North  & Middle Andaman;South Andaman",TRUE,133931,115004,18927,31985,850,5920,2392,18731,11432,2960,10065,1052,1750,25745,10383,10666,2011,0.858680962585212,0.141319037414788,0.238817002785016,0.0063465515825313,0.0442018651395121,0.0178599428063704,0.139855597285169,0.0853573855194092,0.0221009325697561,0.0751506372684442,0.00785479089979168,0.0130664297287409,0.192225847637963,0.0775249942134383,0.0796380225638575
"pc2001__35__02",1,"Nicobars",TRUE,17125,9651,7474,3110,4,4538,228,1872,701,117,720,37,94,3337,1050,1317,2011,0.56356204379562,0.43643795620438,0.181605839416058,0.000233576642335766,0.264992700729927,0.0133138686131387,0.109313868613139,0.0409343065693431,0.00683211678832117,0.042043795620438,0.00216058394160584,0.00548905109489051,0.194861313868613,0.0613138686131387,0.0769051094890511
