"beta","statistic","p.value","accepted","specification_id"
-0.110238372502574,2.85137616642169,0.0918907093657474,TRUE,"scalar_nonzero_mean"
-0.109687180640061,2.85939310180569,0.0914364082293029,TRUE,"scalar_nonzero_mean"
-0.109135988777549,2.867489875266,0.0909800643369804,TRUE,"scalar_nonzero_mean"
-0.108584796915036,2.87566759349028,0.0905216739701425,TRUE,"scalar_nonzero_mean"
-0.108033605052523,2.88392738174667,0.0900612336689157,TRUE,"scalar_nonzero_mean"
-0.10748241319001,2.89227038421754,0.0895987402424528,TRUE,"scalar_nonzero_mean"
-0.106931221327497,2.90069776433927,0.0891341907794468,TRUE,"scalar_nonzero_mean"
-0.106380029464984,2.90921070514613,0.0886675826590168,TRUE,"scalar_nonzero_mean"
-0.105828837602471,2.91781040961957,0.0881989135618911,TRUE,"scalar_nonzero_mean"
-0.105277645739959,2.9264981010421,0.0877281814819382,TRUE,"scalar_nonzero_mean"
-0.104726453877446,2.93527502335606,0.0872553847380433,TRUE,"scalar_nonzero_mean"
-0.104175262014933,2.94414244152773,0.0867805219863031,TRUE,"scalar_nonzero_mean"
-0.10362407015242,2.9531016419145,0.0863035922326628,TRUE,"scalar_nonzero_mean"
-0.103072878289907,2.96215393263887,0.0858245948458084,TRUE,"scalar_nonzero_mean"
-0.102521686427394,2.97130064396459,0.0853435295705545,TRUE,"scalar_nonzero_mean"
-0.101970494564881,2.98054312867885,0.0848603965415297,TRUE,"scalar_nonzero_mean"
-0.101419302702368,2.98988276247739,0.0843751962973234,TRUE,"scalar_nonzero_mean"
-0.100868110839856,2.99932094435407,0.0838879297950118,TRUE,"scalar_nonzero_mean"
-0.100316918977343,3.00885909699426,0.0833985984251012,TRUE,"scalar_nonzero_mean"
-0.0997657271148298,3.01849866717141,0.0829072040269095,TRUE,"scalar_nonzero_mean"
-0.0992145352523169,3.0282411261468,0.0824137489043955,TRUE,"scalar_nonzero_mean"
-0.098663343389804,3.03808797007285,0.0819182358424015,TRUE,"scalar_nonzero_mean"
-0.0981121515272912,3.0480407203981,0.0814206681234052,TRUE,"scalar_nonzero_mean"
-0.0975609596647783,3.0581009242754,0.0809210495446938,TRUE,"scalar_nonzero_mean"
-0.0970097678022654,3.06827015497152,0.0804193844360435,TRUE,"scalar_nonzero_mean"
-0.0964585759397526,3.07855001227809,0.0799156776778941,TRUE,"scalar_nonzero_mean"
-0.0959073840772397,3.08894212292412,0.0794099347200001,TRUE,"scalar_nonzero_mean"
-0.0953561922147268,3.09944814098831,0.0789021616006246,TRUE,"scalar_nonzero_mean"
-0.094805000352214,3.11006974831203,0.0783923649662228,TRUE,"scalar_nonzero_mean"
-0.0942538084897011,3.120808654911,0.0778805520916906,TRUE,"scalar_nonzero_mean"
-0.0937026166271882,3.1316665993862,0.0773667309011266,TRUE,"scalar_nonzero_mean"
-0.0931514247646753,3.14264534933214,0.0768509099891805,TRUE,"scalar_nonzero_mean"
-0.0926002329021625,3.15374670174319,0.0763330986429236,TRUE,"scalar_nonzero_mean"
-0.0920490410396496,3.16497248341506,0.0758133068643493,TRUE,"scalar_nonzero_mean"
-0.0914978491771367,3.17632455134306,0.075291545393395,TRUE,"scalar_nonzero_mean"
-0.0909466573146238,3.18780479311323,0.0747678257316304,TRUE,"scalar_nonzero_mean"
-0.090395465452111,3.19941512728831,0.0742421601664834,TRUE,"scalar_nonzero_mean"
-0.0898442735895981,3.2111575037849,0.0737145617961209,TRUE,"scalar_nonzero_mean"
-0.0892930817270852,3.2230339042416,0.0731850445549552,TRUE,"scalar_nonzero_mean"
-0.0887418898645724,3.23504634237706,0.0726536232397614,TRUE,"scalar_nonzero_mean"
-0.0881906980020595,3.24719686433579,0.0721203135364513,TRUE,"scalar_nonzero_mean"
-0.0876395061395466,3.25948754902018,0.0715851320475067,TRUE,"scalar_nonzero_mean"
-0.0870883142770337,3.2719205084077,0.0710480963200528,TRUE,"scalar_nonzero_mean"
-0.0865371224145209,3.28449788785008,0.0705092248746319,TRUE,"scalar_nonzero_mean"
-0.085985930552008,3.29722186635526,0.0699685372345694,TRUE,"scalar_nonzero_mean"
-0.0854347386894951,3.31009465684521,0.0694260539561366,TRUE,"scalar_nonzero_mean"
-0.0848835468269823,3.32311850639158,0.0688817966593368,TRUE,"scalar_nonzero_mean"
-0.0843323549644694,3.33629569642598,0.0683357880593466,TRUE,"scalar_nonzero_mean"
-0.0837811631019565,3.34962854291973,0.0677880519987193,TRUE,"scalar_nonzero_mean"
-0.0832299712394436,3.36311939653237,0.0672386134802647,TRUE,"scalar_nonzero_mean"
-0.0826787793769308,3.37677064272566,0.06668749870061,TRUE,"scalar_nonzero_mean"
-0.0821275875144179,3.39058470183863,0.0661347350844895,TRUE,"scalar_nonzero_mean"
-0.081576395651905,3.40456402912124,0.0655803513197152,TRUE,"scalar_nonzero_mean"
-0.0810252037893922,3.41871111472148,0.0650243773928753,TRUE,"scalar_nonzero_mean"
-0.0804740119268793,3.43302848362343,0.0644668446256967,TRUE,"scalar_nonzero_mean"
-0.0799228200643664,3.44751869553,0.063907785712135,TRUE,"scalar_nonzero_mean"
-0.0793716282018535,3.46218434468662,0.0633472347561397,TRUE,"scalar_nonzero_mean"
-0.0788204363393407,3.47702805964033,0.0627852273101127,TRUE,"scalar_nonzero_mean"
-0.0782692444768278,3.49205250292947,0.0622218004140112,TRUE,"scalar_nonzero_mean"
-0.0777180526143149,3.5072603706961,0.061656992635167,TRUE,"scalar_nonzero_mean"
-0.077166860751802,3.52265439221751,0.0610908441086961,TRUE,"scalar_nonzero_mean"
-0.0766156688892892,3.53823732934683,0.0605233965786114,TRUE,"scalar_nonzero_mean"
-0.0760644770267763,3.55401197585886,0.0599546934394813,TRUE,"scalar_nonzero_mean"
-0.0755132851642634,3.56998115668969,0.0593847797787567,TRUE,"scalar_nonzero_mean"
-0.0749620933017506,3.58614772706473,0.0588137024196227,TRUE,"scalar_nonzero_mean"
-0.0744109014392377,3.60251457150376,0.0582415099644419,TRUE,"scalar_nonzero_mean"
-0.0738597095767248,3.61908460269528,0.0576682528386854,TRUE,"scalar_nonzero_mean"
-0.073308517714212,3.6358607602278,0.0570939833353939,TRUE,"scalar_nonzero_mean"
-0.0727573258516991,3.65284600916867,0.0565187556600735,TRUE,"scalar_nonzero_mean"
-0.0722061339891862,3.67004333847751,0.0559426259760235,TRUE,"scalar_nonzero_mean"
-0.0716549421266733,3.68745575924253,0.0553656524500213,TRUE,"scalar_nonzero_mean"
-0.0711037502641605,3.70508630272356,0.0547878952984041,TRUE,"scalar_nonzero_mean"
-0.0705525584016476,3.72293801819156,0.0542094168333517,TRUE,"scalar_nonzero_mean"
-0.0700013665391347,3.74101397054439,0.0536302815094745,TRUE,"scalar_nonzero_mean"
-0.0694501746766218,3.75931723768598,0.053050555970518,TRUE,"scalar_nonzero_mean"
-0.068898982814109,3.77785090764674,0.0524703090962656,TRUE,"scalar_nonzero_mean"
-0.0683477909515961,3.79661807543256,0.0518896120493654,TRUE,"scalar_nonzero_mean"
-0.0677965990890832,3.81562183957448,0.0513085383222542,TRUE,"scalar_nonzero_mean"
-0.0672454072265704,3.83486529836311,0.0507271637839091,TRUE,"scalar_nonzero_mean"
-0.0666942153640575,3.85435154574225,0.0501455667264286,TRUE,"scalar_nonzero_mean"
-0.0661430235015446,3.87408366683563,0.0495638279113872,FALSE,"scalar_nonzero_mean"
-0.0655918316390317,3.89406473308403,0.0489820306157611,FALSE,"scalar_nonzero_mean"
-0.0650406397765189,3.91429779696,0.0484002606774673,FALSE,"scalar_nonzero_mean"
-0.064489447914006,3.93478588623354,0.0478186065403039,FALSE,"scalar_nonzero_mean"
-0.0639382560514931,3.95553199775514,0.0472371592982325,FALSE,"scalar_nonzero_mean"
-0.0633870641889803,3.97653909072167,0.0466560127388974,FALSE,"scalar_nonzero_mean"
-0.0628358723264674,3.99781007938975,0.0460752633862305,FALSE,"scalar_nonzero_mean"
-0.0622846804639545,4.01934782519623,0.0454950105420629,FALSE,"scalar_nonzero_mean"
-0.0617334886014416,4.04115512824674,0.044915356326557,FALSE,"scalar_nonzero_mean"
-0.0611822967389288,4.06323471812539,0.0443364057174018,FALSE,"scalar_nonzero_mean"
-0.0606311048764159,4.08558924398175,0.0437582665875629,FALSE,"scalar_nonzero_mean"
-0.060079913013903,4.1082212638437,0.0431810497414955,FALSE,"scalar_nonzero_mean"
-0.0595287211513902,4.13113323310421,0.0426048689496542,FALSE,"scalar_nonzero_mean"
-0.0589775292888773,4.15432749212622,0.0420298409811581,FALSE,"scalar_nonzero_mean"
-0.0584263374263644,4.17780625290521,0.0414560856344881,FALSE,"scalar_nonzero_mean"
-0.0578751455638515,4.20157158472936,0.0408837257660063,FALSE,"scalar_nonzero_mean"
-0.0573239537013387,4.22562539876817,0.040312887316216,FALSE,"scalar_nonzero_mean"
-0.0567727618388258,4.24996943152051,0.0397436993335862,FALSE,"scalar_nonzero_mean"
-0.0562215699763129,4.27460522704848,0.0391762939957883,FALSE,"scalar_nonzero_mean"
-0.0556703781138,4.29953411791825,0.038610806628217,FALSE,"scalar_nonzero_mean"
-0.0551191862512872,4.32475720476601,0.0380473757196554,FALSE,"scalar_nonzero_mean"
-0.0545679943887743,4.35027533440189,0.0374861429349673,FALSE,"scalar_nonzero_mean"
-0.0540168025262614,4.37608907636122,0.0369272531246967,FALSE,"scalar_nonzero_mean"
-0.0534656106637486,4.4021986978079,0.0363708543314672,FALSE,"scalar_nonzero_mean"
-0.0529144188012357,4.42860413668998,0.0358170977930973,FALSE,"scalar_nonzero_mean"
-0.0523632269387228,4.45530497304185,0.0352661379423927,FALSE,"scalar_nonzero_mean"
-0.05181203507621,4.48230039832695,0.0347181324035134,FALSE,"scalar_nonzero_mean"
-0.0512608432136971,4.50958918270443,0.0341732419849787,FALSE,"scalar_nonzero_mean"
-0.0507096513511842,4.53716964010531,0.0336316306692573,FALSE,"scalar_nonzero_mean"
-0.0501584594886713,4.56503959099517,0.0330934655990391,FALSE,"scalar_nonzero_mean"
-0.0496072676261585,4.59319632269776,0.0325589170602892,FALSE,"scalar_nonzero_mean"
-0.0490560757636456,4.62163654715342,0.0320281584621883,FALSE,"scalar_nonzero_mean"
-0.0485048839011327,4.65035635597792,0.03150136631422,FALSE,"scalar_nonzero_mean"
-0.0479536920386198,4.67935117269011,0.030978720200632,FALSE,"scalar_nonzero_mean"
-0.047402500176107,4.70861570197232,0.030460402752627,FALSE,"scalar_nonzero_mean"
-0.0468513083135941,4.7381438758278,0.0299465996187011,FALSE,"scalar_nonzero_mean"
-0.0463001164510812,4.76792879649991,0.0294374994336343,FALSE,"scalar_nonzero_mean"
-0.0457489245885684,4.79796267601835,0.0289332937867632,FALSE,"scalar_nonzero_mean"
-0.0451977327260555,4.82823677224304,0.0284341771902405,FALSE,"scalar_nonzero_mean"
-0.0446465408635426,4.85874132127968,0.0279403470481357,FALSE,"scalar_nonzero_mean"
-0.0440953490010297,4.88946546614588,0.027452003627408,FALSE,"scalar_nonzero_mean"
-0.0435441571385169,4.92039718158306,0.0269693500318197,FALSE,"scalar_nonzero_mean"
-0.042992965276004,4.95152319491127,0.026492592180198,FALSE,"scalar_nonzero_mean"
-0.0424417734134911,4.98282890284888,0.0260219387904735,FALSE,"scalar_nonzero_mean"
-0.0418905815509783,5.01429828423092,0.0255576013712572,FALSE,"scalar_nonzero_mean"
-0.0413393896884654,5.04591380858541,0.0250997942228761,FALSE,"scalar_nonzero_mean"
-0.0407881978259525,5.07765634055497,0.0246487344500448,FALSE,"scalar_nonzero_mean"
-0.0402370059634396,5.1095050401795,0.0242046419886629,FALSE,"scalar_nonzero_mean"
-0.0396858141009268,5.14143725909812,0.0237677396494634,FALSE,"scalar_nonzero_mean"
-0.0391346222384139,5.17342843276927,0.0233382531816089,FALSE,"scalar_nonzero_mean"
-0.038583430375901,5.20545196885944,0.0229164113596782,FALSE,"scalar_nonzero_mean"
-0.0380322385133881,5.23747913201193,0.022502446097831,FALSE,"scalar_nonzero_mean"
-0.0374810466508753,5.26947892526971,0.0220965925954257,FALSE,"scalar_nonzero_mean"
-0.0369298547883624,5.30141796850677,0.021699089518744,FALSE,"scalar_nonzero_mean"
-0.0363786629258495,5.333260374305,0.0213101792240214,FALSE,"scalar_nonzero_mean"
-0.0358274710633367,5.36496762181184,0.0209301080274794,FALSE,"scalar_nonzero_mean"
-0.0352762792008238,5.39649842921789,0.0205591265286801,FALSE,"scalar_nonzero_mean"
-0.0347250873383109,5.42780862561975,0.0201974899940541,FALSE,"scalar_nonzero_mean"
-0.034173895475798,5.45885102315415,0.01984545880826,FALSE,"scalar_nonzero_mean"
-0.0336227036132852,5.48957529044342,0.0195032990016386,FALSE,"scalar_nonzero_mean"
-0.0330715117507723,5.51992782854277,0.0191712828628858,FALSE,"scalar_nonzero_mean"
-0.0325203198882594,5.54985165075057,0.0188496896469048,FALSE,"scalar_nonzero_mean"
-0.0319691280257466,5.57928626782641,0.0185388063886974,FALSE,"scalar_nonzero_mean"
-0.0314179361632337,5.60816758035127,0.0182389288351901,FALSE,"scalar_nonzero_mean"
-0.0308667443007208,5.63642778017296,0.0179503625079119,FALSE,"scalar_nonzero_mean"
-0.030315552438208,5.66399526308928,0.0176734239106395,FALSE,"scalar_nonzero_mean"
-0.0297643605756951,5.69079455514364,0.0174084418973506,FALSE,"scalar_nonzero_mean"
-0.0292131687131822,5.7167462551298,0.0171557592171879,FALSE,"scalar_nonzero_mean"
-0.0286619768506693,5.74176699613121,0.0169157342545464,FALSE,"scalar_nonzero_mean"
-0.0281107849881565,5.76576942913417,0.0166887429840136,FALSE,"scalar_nonzero_mean"
-0.0275595931256436,5.78866223197241,0.0164751811614915,FALSE,"scalar_nonzero_mean"
-0.0270084012631307,5.81035014705138,0.0162754667746632,FALSE,"scalar_nonzero_mean"
-0.0264572094006178,5.83073405147449,0.0160900427778515,FALSE,"scalar_nonzero_mean"
-0.025906017538105,5.84971106333536,0.0159193801383382,FALSE,"scalar_nonzero_mean"
-0.0253548256755921,5.86717468803747,0.0157639812233697,FALSE,"scalar_nonzero_mean"
-0.0248036338130792,5.88301500855451,0.0156243835592936,FALSE,"scalar_nonzero_mean"
-0.0242524419505664,5.89711892352535,0.0155011639966557,FALSE,"scalar_nonzero_mean"
-0.0237012500880535,5.90937043699225,0.0153949433174598,FALSE,"scalar_nonzero_mean"
-0.0231500582255406,5.91965100340799,0.0153063913233069,FALSE,"scalar_nonzero_mean"
-0.0225988663630277,5.92783993126385,0.01523623244555,FALSE,"scalar_nonzero_mean"
-0.0220476745005149,5.93381484829323,0.0151852519210667,FALSE,"scalar_nonzero_mean"
-0.021496482638002,5.93745223069302,0.0151543025795007,FALSE,"scalar_nonzero_mean"
-0.0209452907754891,5.93862799814783,0.0151443122899376,FALSE,"scalar_nonzero_mean"
-0.0203940989129762,5.93721817564842,0.0151562921166899,FALSE,"scalar_nonzero_mean"
-0.0198429070504634,5.93309962214772,0.0151913452351399,FALSE,"scalar_nonzero_mean"
-0.0192917151879505,5.92615082500189,0.015250676659172,FALSE,"scalar_nonzero_mean"
-0.0187405233254376,5.91625275789714,0.01533560383145,FALSE,"scalar_nonzero_mean"
-0.0181893314629248,5.90328979858144,0.0154475681263491,FALSE,"scalar_nonzero_mean"
-0.0176381396004119,5.88715070120785,0.0155881473125134,FALSE,"scalar_nonzero_mean"
-0.017086947737899,5.86772961648582,0.0157590690173434,FALSE,"scalar_nonzero_mean"
-0.0165357558753862,5.8449271511535,0.015962225228868,FALSE,"scalar_nonzero_mean"
-0.0159845640128733,5.81865145655805,0.0161996878610316,FALSE,"scalar_nonzero_mean"
-0.0154333721503604,5.78881933442265,0.0164737253958237,FALSE,"scalar_nonzero_mean"
-0.0148821802878475,5.75535734622216,0.0167868205995323,FALSE,"scalar_nonzero_mean"
-0.0143309884253347,5.71820291105683,0.0171416892900603,FALSE,"scalar_nonzero_mean"
-0.0137797965628218,5.6773053755582,0.0175413001072645,FALSE,"scalar_nonzero_mean"
-0.0132286047003089,5.63262703825065,0.0179888952081433,FALSE,"scalar_nonzero_mean"
-0.0126774128377961,5.58414410999669,0.0184880117729324,FALSE,"scalar_nonzero_mean"
-0.0121262209752832,5.53184759172329,0.0190425041665742,FALSE,"scalar_nonzero_mean"
-0.0115750291127703,5.47574405063032,0.0196565665523063,FALSE,"scalar_nonzero_mean"
-0.0110238372502574,5.41585627655692,0.0203347557004352,FALSE,"scalar_nonzero_mean"
-0.0104726453877446,5.35222380116348,0.0210820136760404,FALSE,"scalar_nonzero_mean"
-0.00992145352523169,5.28490326409371,0.0219036900250813,FALSE,"scalar_nonzero_mean"
-0.00937026166271882,5.21396861230793,0.0228055630103136,FALSE,"scalar_nonzero_mean"
-0.00881906980020594,5.13951112130721,0.0237938593781139,FALSE,"scalar_nonzero_mean"
-0.00826787793769307,5.06163922994779,0.024875272066939,FALSE,"scalar_nonzero_mean"
-0.0077166860751802,4.98047818391548,0.0260569752003377,FALSE,"scalar_nonzero_mean"
-0.00716549421266734,4.89616948660046,0.0273466356454284,FALSE,"scalar_nonzero_mean"
-0.00661430235015446,4.80887015998335,0.0287524203652191,FALSE,"scalar_nonzero_mean"
-0.00606311048764159,4.71875182209322,0.0302829987542345,FALSE,"scalar_nonzero_mean"
-0.00551191862512872,4.62599959150258,0.0319475391259514,FALSE,"scalar_nonzero_mean"
-0.00496072676261584,4.53081083305642,0.0337556985219206,FALSE,"scalar_nonzero_mean"
-0.00440953490010297,4.43339376245926,0.0357176050405016,FALSE,"scalar_nonzero_mean"
-0.0038583430375901,4.33396593035634,0.0378438319414643,FALSE,"scalar_nonzero_mean"
-0.00330715117507722,4.23275260903494,0.0401453628743707,FALSE,"scalar_nonzero_mean"
-0.00275595931256435,4.12998510675909,0.0426335477053745,FALSE,"scalar_nonzero_mean"
-0.00220476745005148,4.02589903597544,0.0453200485793031,FALSE,"scalar_nonzero_mean"
-0.00165357558753861,3.92073256216259,0.0482167760501152,FALSE,"scalar_nonzero_mean"
-0.00110238372502575,3.81472465992877,0.0513358153400048,TRUE,"scalar_nonzero_mean"
-0.000551191862512873,3.70811340212435,0.0546893430400873,TRUE,"scalar_nonzero_mean"
0,3.60113430627083,0.0582895348366746,TRUE,"scalar_nonzero_mean"
0.000551191862512873,3.49401876058539,0.0621484651276863,TRUE,"scalar_nonzero_mean"
0.00110238372502575,3.38699254939501,0.0662779996732323,TRUE,"scalar_nonzero_mean"
0.00165357558753862,3.28027449488042,0.0706896826916435,TRUE,"scalar_nonzero_mean"
0.00220476745005149,3.17407522898131,0.075394620055435,TRUE,"scalar_nonzero_mean"
0.00275595931256437,3.06859610604079,0.0804033604494023,TRUE,"scalar_nonzero_mean"
0.00330715117507724,2.9640282634759,0.0857257765148433,TRUE,"scalar_nonzero_mean"
0.00385834303759011,2.86055183453353,0.0913709481109204,TRUE,"scalar_nonzero_mean"
0.00440953490010297,2.75833531411794,0.0973470498697463,TRUE,"scalar_nonzero_mean"
0.00496072676261584,2.65753507583104,0.103661245202008,TRUE,"scalar_nonzero_mean"
0.00551191862512872,2.5582950358126,0.110319588823707,TRUE,"scalar_nonzero_mean"
0.00606311048764159,2.46074645674605,0.117326939724066,TRUE,"scalar_nonzero_mean"
0.00661430235015446,2.36500788353619,0.124686886284729,TRUE,"scalar_nonzero_mean"
0.00716549421266734,2.27118520067845,0.132401684998869,TRUE,"scalar_nonzero_mean"
0.00771668607518021,2.17937180022623,0.140472213935485,TRUE,"scalar_nonzero_mean"
0.00826787793769308,2.08964884850601,0.14889794176078,TRUE,"scalar_nonzero_mean"
0.00881906980020596,2.00208563931058,0.157676912777406,TRUE,"scalar_nonzero_mean"
0.00937026166271883,1.91674002118233,0.166805748086685,TRUE,"scalar_nonzero_mean"
0.0099214535252317,1.83365888655165,0.176279662630814,TRUE,"scalar_nonzero_mean"
0.0104726453877446,1.75287871087379,0.186092497543485,TRUE,"scalar_nonzero_mean"
0.0110238372502574,1.67442613047623,0.196236766937996,TRUE,"scalar_nonzero_mean"
0.0115750291127703,1.59831854854418,0.20670371800029,TRUE,"scalar_nonzero_mean"
0.0121262209752832,1.52456475949817,0.21748340303634,TRUE,"scalar_nonzero_mean"
0.0126774128377961,1.45316558291738,0.228564761953064,TRUE,"scalar_nonzero_mean"
0.0132286047003089,1.3841144991059,0.239935713530978,TRUE,"scalar_nonzero_mean"
0.0137797965628218,1.31739827935644,0.251583253775047,TRUE,"scalar_nonzero_mean"
0.0143309884253347,1.25299760491425,0.26349355960557,TRUE,"scalar_nonzero_mean"
0.0148821802878475,1.19088766956478,0.275652096169622,TRUE,"scalar_nonzero_mean"
0.0154333721503604,1.13103876164419,0.288043726111214,TRUE,"scalar_nonzero_mean"
0.0159845640128733,1.0734168220924,0.300652819229069,TRUE,"scalar_nonzero_mean"
0.0165357558753862,1.01798397592599,0.313463361068559,TRUE,"scalar_nonzero_mean"
0.017086947737899,0.964699035194913,0.326459059133374,TRUE,"scalar_nonzero_mean"
0.0176381396004119,0.913517972104451,0.339623445555587,TRUE,"scalar_nonzero_mean"
0.0181893314629248,0.864394361528111,0.352939975225303,TRUE,"scalar_nonzero_mean"
0.0187405233254376,0.817279792611066,0.366392118546902,TRUE,"scalar_nonzero_mean"
0.0192917151879505,0.772124249570521,0.379963448153663,TRUE,"scalar_nonzero_mean"
0.0198429070504634,0.728876462141821,0.393637719072138,TRUE,"scalar_nonzero_mean"
0.0203940989129763,0.687484226402168,0.407398941978969,TRUE,"scalar_nonzero_mean"
0.0209452907754891,0.647894696933178,0.42123144933293,TRUE,"scalar_nonzero_mean"
0.021496482638002,0.610054651463036,0.43511995429254,TRUE,"scalar_nonzero_mean"
0.0220476745005149,0.573910729264528,0.449049602443246,TRUE,"scalar_nonzero_mean"
0.0225988663630278,0.539409644684067,0.463006016456546,TRUE,"scalar_nonzero_mean"
0.0231500582255406,0.50649837723884,0.476975333888243,TRUE,"scalar_nonzero_mean"
0.0237012500880535,0.475124339756315,0.490944238391913,TRUE,"scalar_nonzero_mean"
0.0242524419505664,0.445235526038908,0.504899984680401,TRUE,"scalar_nonzero_mean"
0.0248036338130792,0.416780639529199,0.518830417610121,TRUE,"scalar_nonzero_mean"
0.0253548256755921,0.389709204423094,0.532723985794644,TRUE,"scalar_nonzero_mean"
0.025906017538105,0.363971660639122,0.546569750174176,TRUE,"scalar_nonzero_mean"
0.0264572094006178,0.339519444002883,0.560357387977832,TRUE,"scalar_nonzero_mean"
0.0270084012631307,0.3163050529462,0.574077192518789,TRUE,"scalar_nonzero_mean"
0.0275595931256436,0.294282102957741,0.587720069257484,TRUE,"scalar_nonzero_mean"
0.0281107849881565,0.273405369953885,0.60127752855788,TRUE,"scalar_nonzero_mean"
0.0286619768506693,0.253630823668867,0.614741675546667,TRUE,"scalar_nonzero_mean"
0.0292131687131822,0.234915652092728,0.6281051974664,TRUE,"scalar_nonzero_mean"
0.0297643605756951,0.217218277914469,0.641361348892232,TRUE,"scalar_nonzero_mean"
0.030315552438208,0.200498367859035,0.654503935157913,TRUE,"scalar_nonzero_mean"
0.0308667443007208,0.184716835738012,0.667527294312587,TRUE,"scalar_nonzero_mean"
0.0314179361632337,0.169835839970147,0.6804262779031,TRUE,"scalar_nonzero_mean"
0.0319691280257466,0.155818776263115,0.693196230852491,TRUE,"scalar_nonzero_mean"
0.0325203198882594,0.142630266089877,0.705832970678634,TRUE,"scalar_nonzero_mean"
0.0330715117507723,0.130236141535796,0.718332766272867,TRUE,"scalar_nonzero_mean"
0.0336227036132852,0.118603427039627,0.730692316434509,TRUE,"scalar_nonzero_mean"
0.0341738954757981,0.107700318501789,0.742908728334411,TRUE,"scalar_nonzero_mean"
0.0347250873383109,0.0974961601870082,0.754979496059094,TRUE,"scalar_nonzero_mean"
0.0352762792008238,0.0879614198049746,0.766902479367334,TRUE,"scalar_nonzero_mean"
0.0358274710633367,0.0790676621132763,0.778675882771854,TRUE,"scalar_nonzero_mean"
0.0363786629258496,0.0707875213496443,0.790298235042027,TRUE,"scalar_nonzero_mean"
0.0369298547883624,0.0630946727669314,0.80176836920761,TRUE,"scalar_nonzero_mean"
0.0374810466508753,0.0559638035132496,0.813085403129198,TRUE,"scalar_nonzero_mean"
0.0380322385133881,0.049370583071467,0.824248720688029,TRUE,"scalar_nonzero_mean"
0.038583430375901,0.0432916334462173,0.835257953636581,TRUE,"scalar_nonzero_mean"
0.0391346222384139,0.0377044992634249,0.846112964140627,TRUE,"scalar_nonzero_mean"
0.0396858141009268,0.0325876179259767,0.856813828034444,TRUE,"scalar_nonzero_mean"
0.0402370059634396,0.0279202899499138,0.867360818802973,TRUE,"scalar_nonzero_mean"
0.0407881978259525,0.0236826495883489,0.877754392297396,TRUE,"scalar_nonzero_mean"
0.0413393896884654,0.0198556358346681,0.887995172184656,TRUE,"scalar_nonzero_mean"
0.0418905815509783,0.0164209638824692,0.898083936126578,TRUE,"scalar_nonzero_mean"
0.0424417734134911,0.0133610971075054,0.908021602679064,TRUE,"scalar_nonzero_mean"
0.042992965276004,0.0106592196254603,0.917809218898746,TRUE,"scalar_nonzero_mean"
0.0435441571385169,0.00829920946953518,0.927447948641289,TRUE,"scalar_nonzero_mean"
0.0440953490010298,0.0062656124230837,0.936939061532781,TRUE,"scalar_nonzero_mean"
0.0446465408635426,0.0045436165346916,0.946283922593697,TRUE,"scalar_nonzero_mean"
0.0451977327260555,0.00311902733616046,0.955483982493674,TRUE,"scalar_nonzero_mean"
0.0457489245885684,0.00197824377789932,0.964540768413836,TRUE,"scalar_nonzero_mean"
0.0463001164510812,0.00110823489092356,0.973455875492491,TRUE,"scalar_nonzero_mean"
0.0468513083135941,0.000496517179971165,0.982230958830035,TRUE,"scalar_nonzero_mean"
0.047402500176107,0.000131132748336089,0.990867726028019,TRUE,"scalar_nonzero_mean"
0.0479536920386199,6.28151498620552e-07,0.99936793023759,TRUE,"scalar_nonzero_mean"
0.0485048839011327,9.40339736753484e-05,0.992266636307156,TRUE,"scalar_nonzero_mean"
0.0490560757636456,0.000400845118896812,0.984034148295617,TRUE,"scalar_nonzero_mean"
0.0496072676261585,0.000911001806048791,0.975932752910672,TRUE,"scalar_nonzero_mean"
0.0501584594886713,0.00161487125554976,0.967960574985525,TRUE,"scalar_nonzero_mean"
0.0507096513511842,0.00250323005380019,0.960115721770616,TRUE,"scalar_nonzero_mean"
0.0512608432136971,0.00356724718040679,0.952396287332024,TRUE,"scalar_nonzero_mean"
0.05181203507621,0.00479846768209818,0.944800356603412,TRUE,"scalar_nonzero_mean"
0.0523632269387228,0.00618879697661154,0.937326009111473,TRUE,"scalar_nonzero_mean"
0.0529144188012357,0.00773048576913605,0.929971322395065,TRUE,"scalar_nonzero_mean"
0.0534656106637486,0.0094161155635866,0.92273437513665,TRUE,"scalar_nonzero_mean"
0.0540168025262614,0.0112385847506396,0.915613250024292,TRUE,"scalar_nonzero_mean"
0.0545679943887743,0.0131910952543998,0.908606036361247,TRUE,"scalar_nonzero_mean"
0.0551191862512872,0.0152671397193774,0.90171083243993,TRUE,"scalar_nonzero_mean"
0.0556703781138001,0.0174604892197238,0.894925747695421,TRUE,"scalar_nonzero_mean"
0.0562215699763129,0.019765181472612,0.88824890465359,TRUE,"scalar_nonzero_mean"
0.0567727618388258,0.0221755095379975,0.881678440687644,TRUE,"scalar_nonzero_mean"
0.0573239537013387,0.0246860109871066,0.87521250959657,TRUE,"scalar_nonzero_mean"
0.0578751455638516,0.027291457522453,0.868849283017769,TRUE,"scalar_nonzero_mean"
0.0584263374263644,0.0299868450324184,0.862586951685793,TRUE,"scalar_nonzero_mean"
0.0589775292888773,0.0327673840639101,0.856423726548153,TRUE,"scalar_nonzero_mean"
0.0595287211513902,0.0356284906968589,0.850357839748859,TRUE,"scalar_nonzero_mean"
0.060079913013903,0.0385657778048652,0.844387545489432,TRUE,"scalar_nonzero_mean"
0.0606311048764159,0.0415750466868159,0.838511120776391,TRUE,"scalar_nonzero_mean"
0.0611822967389288,0.0446522790544884,0.832726866064164,TRUE,"scalar_nonzero_mean"
0.0617334886014416,0.0477936293617752,0.827033105801493,TRUE,"scalar_nonzero_mean"
0.0622846804639545,0.0509954174617406,0.821428188888648,TRUE,"scalar_nonzero_mean"
0.0628358723264674,0.0542541215778893,0.815910489052852,TRUE,"scalar_nonzero_mean"
0.0633870641889803,0.0575663715767555,0.810478405148336,TRUE,"scalar_nonzero_mean"
0.0639382560514931,0.0609289425291264,0.805130361387449,TRUE,"scalar_nonzero_mean"
0.064489447914006,0.0643387485480264,0.799864807508218,TRUE,"scalar_nonzero_mean"
0.0650406397765189,0.0677928368915612,0.794680218884152,TRUE,"scalar_nonzero_mean"
0.0655918316390317,0.0712883823195196,0.789575096581099,TRUE,"scalar_nonzero_mean"
0.0661430235015446,0.0748226816930014,0.784547967365746,TRUE,"scalar_nonzero_mean"
0.0666942153640575,0.0783931488065796,0.779597383670265,TRUE,"scalar_nonzero_mean"
0.0672454072265704,0.0819973094430399,0.77472192351713,TRUE,"scalar_nonzero_mean"
0.0677965990890832,0.0856327966411306,0.76992019040782,TRUE,"scalar_nonzero_mean"
0.0683477909515961,0.0892973461673895,0.76519081317856,TRUE,"scalar_nonzero_mean"
0.068898982814109,0.0929887921825804,0.760532445827193,TRUE,"scalar_nonzero_mean"
0.0694501746766219,0.096705063095167,0.755943767312989,TRUE,"scalar_nonzero_mean"
0.0700013665391347,0.100444177592865,0.751423481333286,TRUE,"scalar_nonzero_mean"
0.0705525584016476,0.10420424084518,0.746970316078658,TRUE,"scalar_nonzero_mean"
0.0711037502641605,0.107983440869023,0.742583023969545,TRUE,"scalar_nonzero_mean"
0.0716549421266734,0.111780045050554,0.738260381376213,TRUE,"scalar_nonzero_mean"
0.0722061339891862,0.115592396816373,0.73400118832412,TRUE,"scalar_nonzero_mean"
0.0727573258516991,0.119418912447324,0.729804268186776,TRUE,"scalar_nonzero_mean"
0.0733085177142119,0.123258078029096,0.725668467367328,TRUE,"scalar_nonzero_mean"
0.0738597095767248,0.127108446533167,0.721592654970978,TRUE,"scalar_nonzero_mean"
0.0744109014392377,0.130968635022584,0.717575722469424,TRUE,"scalar_nonzero_mean"
0.0749620933017506,0.134837321977421,0.713616583358344,TRUE,"scalar_nonzero_mean"
0.0755132851642634,0.138713244733867,0.709714172810004,TRUE,"scalar_nonzero_mean"
0.0760644770267763,0.14259519703287,0.705867447321111,TRUE,"scalar_nonzero_mean"
0.0766156688892892,0.146482026672951,0.702075384357588,TRUE,"scalar_nonzero_mean"
0.077166860751802,0.150372633262905,0.698336981996905,TRUE,"scalar_nonzero_mean"
0.0777180526143149,0.154265966069693,0.694651258569111,TRUE,"scalar_nonzero_mean"
0.0782692444768278,0.158161021957838,0.691017252296914,TRUE,"scalar_nonzero_mean"
0.0788204363393407,0.162056843415892,0.68743402093589,TRUE,"scalar_nonzero_mean"
0.0793716282018535,0.16595251666648,0.683900641415196,TRUE,"scalar_nonzero_mean"
0.0799228200643664,0.169847169855914,0.680416209479685,TRUE,"scalar_nonzero_mean"
0.0804740119268793,0.173739971320333,0.676979839333536,TRUE,"scalar_nonzero_mean"
0.0810252037893922,0.177630127924687,0.673590663286212,TRUE,"scalar_nonzero_mean"
0.081576395651905,0.181516883471669,0.670247831400906,TRUE,"scalar_nonzero_mean"
0.0821275875144179,0.18539951717717,0.66695051114619,TRUE,"scalar_nonzero_mean"
0.0826787793769308,0.189277342209874,0.663697887050762,TRUE,"scalar_nonzero_mean"
0.0832299712394437,0.19314970429163,0.660489160362094,TRUE,"scalar_nonzero_mean"
0.0837811631019565,0.197015980356689,0.657323548708627,TRUE,"scalar_nonzero_mean"
0.0843323549644694,0.200875577266407,0.654200285766469,TRUE,"scalar_nonzero_mean"
0.0848835468269823,0.204727930577742,0.651118620930189,TRUE,"scalar_nonzero_mean"
0.0854347386894951,0.208572503362762,0.648077818988257,TRUE,"scalar_nonzero_mean"
0.085985930552008,0.212408785077283,0.645077159803039,TRUE,"scalar_nonzero_mean"
0.0865371224145209,0.216236290476286,0.642115937995652,TRUE,"scalar_nonzero_mean"
0.0870883142770337,0.220054558574138,0.639193462635776,TRUE,"scalar_nonzero_mean"
0.0876395061395466,0.223863151647924,0.636309056936299,TRUE,"scalar_nonzero_mean"
0.0881906980020595,0.227661654281652,0.633462057953217,TRUE,"scalar_nonzero_mean"
0.0887418898645724,0.231449672449891,0.630651816290562,TRUE,"scalar_nonzero_mean"
0.0892930817270852,0.235226832639131,0.627877695810444,TRUE,"scalar_nonzero_mean"
0.0898442735895981,0.238992781005094,0.625139073348356,TRUE,"scalar_nonzero_mean"
0.090395465452111,0.242747182564632,0.622435338433632,TRUE,"scalar_nonzero_mean"
0.0909466573146239,0.246489720420443,0.619765893015276,TRUE,"scalar_nonzero_mean"
0.0914978491771367,0.250220095017926,0.617130151192639,TRUE,"scalar_nonzero_mean"
0.0920490410396496,0.253938023431744,0.614527538951717,TRUE,"scalar_nonzero_mean"
0.0926002329021625,0.257643238681891,0.611957493906268,TRUE,"scalar_nonzero_mean"
0.0931514247646753,0.261335489077222,0.609419465044311,TRUE,"scalar_nonzero_mean"
0.0937026166271882,0.265014537585966,0.60691291247947,TRUE,"scalar_nonzero_mean"
0.0942538084897011,0.268680161231328,0.604437307207673,TRUE,"scalar_nonzero_mean"
0.094805000352214,0.272332150511886,0.601992130868614,TRUE,"scalar_nonzero_mean"
0.0953561922147268,0.275970308845267,0.599576875512262,TRUE,"scalar_nonzero_mean"
0.0959073840772397,0.279594452034177,0.597191043370333,TRUE,"scalar_nonzero_mean"
0.0964585759397526,0.283204407754113,0.594834146632473,TRUE,"scalar_nonzero_mean"
0.0970097678022654,0.286800015061515,0.592505707227338,TRUE,"scalar_nonzero_mean"
0.0975609596647783,0.290381123921883,0.590205256608229,TRUE,"scalar_nonzero_mean"
0.0981121515272912,0.293947594756515,0.587932335543585,TRUE,"scalar_nonzero_mean"
0.098663343389804,0.297499298007705,0.585686493911827,TRUE,"scalar_nonzero_mean"
0.0992145352523169,0.301036113721133,0.583467290500848,TRUE,"scalar_nonzero_mean"
0.0997657271148298,0.304557931145032,0.581274292811852,TRUE,"scalar_nonzero_mean"
0.100316918977343,0.308064648345298,0.579107076867586,TRUE,"scalar_nonzero_mean"
0.100868110839856,0.31155617183608,0.576965227024738,TRUE,"scalar_nonzero_mean"
0.101419302702368,0.315032416224676,0.5748483357908,TRUE,"scalar_nonzero_mean"
0.101970494564881,0.318493303871265,0.572756003644588,TRUE,"scalar_nonzero_mean"
0.102521686427394,0.321938764561262,0.57068783886136,TRUE,"scalar_nonzero_mean"
0.103072878289907,0.325368735191433,0.568643457341431,TRUE,"scalar_nonzero_mean"
0.10362407015242,0.328783159468026,0.566622482442926,TRUE,"scalar_nonzero_mean"
0.104175262014933,0.332181987617026,0.564624544818248,TRUE,"scalar_nonzero_mean"
0.104726453877446,0.335565176105689,0.562649282254379,TRUE,"scalar_nonzero_mean"
0.105277645739959,0.338932687375361,0.560696339516672,TRUE,"scalar_nonzero_mean"
0.105828837602471,0.342284489584491,0.558765368196432,TRUE,"scalar_nonzero_mean"
0.106380029464984,0.345620556362199,0.556856026561764,TRUE,"scalar_nonzero_mean"
0.106931221327497,0.348940866571094,0.554967979412108,TRUE,"scalar_nonzero_mean"
0.10748241319001,0.352245404079802,0.55310089793593,TRUE,"scalar_nonzero_mean"
0.108033605052523,0.355534157544353,0.551254459571749,TRUE,"scalar_nonzero_mean"
0.108584796915036,0.358807120197884,0.549428347872533,TRUE,"scalar_nonzero_mean"
0.109135988777549,0.362064289649132,0.547622252372944,TRUE,"scalar_nonzero_mean"
0.109687180640061,0.365305667688253,0.545835868459985,TRUE,"scalar_nonzero_mean"
0.110238372502574,0.368531260100836,0.544068897246329,TRUE,"scalar_nonzero_mean"
-0.110238372502574,4.17557337831351,0.000994480408043087,FALSE,"distance_shares_all_unmapped"
-0.109687180640061,4.17683043275606,0.000991870480153891,FALSE,"distance_shares_all_unmapped"
-0.109135988777549,4.17808560809709,0.000989271212240566,FALSE,"distance_shares_all_unmapped"
-0.108584796915036,4.17933853666048,0.00098668331521156,FALSE,"distance_shares_all_unmapped"
-0.108033605052523,4.18058883720378,0.000984107520294823,FALSE,"distance_shares_all_unmapped"
-0.10748241319001,4.18183611451304,0.000981544579596102,FALSE,"distance_shares_all_unmapped"
-0.106931221327497,4.18307995898822,0.000978995266674565,FALSE,"distance_shares_all_unmapped"
-0.106380029464984,4.18431994621843,0.000976460377137292,FALSE,"distance_shares_all_unmapped"
-0.105828837602471,4.18555563654708,0.00097394072925346,FALSE,"distance_shares_all_unmapped"
-0.105277645739959,4.18678657462755,0.000971437164587279,FALSE,"distance_shares_all_unmapped"
-0.104726453877446,4.18801228896798,0.000968950548653482,FALSE,"distance_shares_all_unmapped"
-0.104175262014933,4.18923229146694,0.000966481771592424,FALSE,"distance_shares_all_unmapped"
-0.10362407015242,4.19044607693768,0.000964031748870424,FALSE,"distance_shares_all_unmapped"
-0.103072878289907,4.19165312262355,0.00096160142200089,FALSE,"distance_shares_all_unmapped"
-0.102521686427394,4.19285288770228,0.00095919175929206,FALSE,"distance_shares_all_unmapped"
-0.101970494564881,4.19404481278043,0.000956803756619787,FALSE,"distance_shares_all_unmapped"
-0.101419302702368,4.19522831937847,0.000954438438225592,FALSE,"distance_shares_all_unmapped"
-0.100868110839856,4.19640280940474,0.000952096857544809,FALSE,"distance_shares_all_unmapped"
-0.100316918977343,4.19756766462068,0.000949780098061681,FALSE,"distance_shares_all_unmapped"
-0.0997657271148298,4.19872224609591,0.000947489274195332,FALSE,"distance_shares_all_unmapped"
-0.0992145352523169,4.19986589365351,0.000945225532218191,FALSE,"distance_shares_all_unmapped"
-0.098663343389804,4.20099792530735,0.000942990051204306,FALSE,"distance_shares_all_unmapped"
-0.0981121515272912,4.20211763668865,0.000940784044015715,FALSE,"distance_shares_all_unmapped"
-0.0975609596647783,4.20322430046545,0.000938608758321207,FALSE,"distance_shares_all_unmapped"
-0.0970097678022654,4.20431716575309,0.000936465477653818,FALSE,"distance_shares_all_unmapped"
-0.0964585759397526,4.20539545751648,0.000934355522507585,FALSE,"distance_shares_all_unmapped"
-0.0959073840772397,4.20645837596611,0.000932280251472695,FALSE,"distance_shares_all_unmapped"
-0.0953561922147268,4.20750509594574,0.00093024106241558,FALSE,"distance_shares_all_unmapped"
-0.094805000352214,4.20853476631511,0.000928239393700371,FALSE,"distance_shares_all_unmapped"
-0.0942538084897011,4.20954650932599,0.000926276725458519,FALSE,"distance_shares_all_unmapped"
-0.0937026166271882,4.21053941999394,0.000924354580904857,FALSE,"distance_shares_all_unmapped"
-0.0931514247646753,4.21151256546596,0.000922474527703847,FALSE,"distance_shares_all_unmapped"
-0.0926002329021625,4.21246498438442,0.000920638179388812,FALSE,"distance_shares_all_unmapped"
-0.0920490410396496,4.21339568624946,0.000918847196834156,FALSE,"distance_shares_all_unmapped"
-0.0914978491771367,4.21430365077967,0.000917103289785452,FALSE,"distance_shares_all_unmapped"
-0.0909466573146238,4.21518782727328,0.000915408218447475,FALSE,"distance_shares_all_unmapped"
-0.090395465452111,4.21604713397043,0.000913763795134441,FALSE,"distance_shares_all_unmapped"
-0.0898442735895981,4.2168804574179,0.000912171885984564,FALSE,"distance_shares_all_unmapped"
-0.0892930817270852,4.21768665183894,0.000910634412740113,FALSE,"distance_shares_all_unmapped"
-0.0887418898645724,4.21846453850814,0.000909153354598385,FALSE,"distance_shares_all_unmapped"
-0.0881906980020595,4.21921290513437,0.00090773075013453,FALSE,"distance_shares_all_unmapped"
-0.0876395061395466,4.21993050525361,0.000906368699299043,FALSE,"distance_shares_all_unmapped"
-0.0870883142770337,4.22061605763318,0.000905069365494474,FALSE,"distance_shares_all_unmapped"
-0.0865371224145209,4.22126824569016,0.000903834977732941,FALSE,"distance_shares_all_unmapped"
-0.085985930552008,4.22188571692642,0.000902667832878202,FALSE,"distance_shares_all_unmapped"
-0.0854347386894951,4.22246708238255,0.00090157029797569,FALSE,"distance_shares_all_unmapped"
-0.0848835468269823,4.22301091611392,0.000900544812673232,FALSE,"distance_shares_all_unmapped"
-0.0843323549644694,4.22351575469138,0.000899593891737021,FALSE,"distance_shares_all_unmapped"
-0.0837811631019565,4.22398009673085,0.000898720127663755,FALSE,"distance_shares_all_unmapped"
-0.0832299712394436,4.224402402454,0.000897926193395444,FALSE,"distance_shares_all_unmapped"
-0.0826787793769308,4.22478109328447,0.000897214845138423,FALSE,"distance_shares_all_unmapped"
-0.0821275875144179,4.22511455148379,0.00089658892528987,FALSE,"distance_shares_all_unmapped"
-0.081576395651905,4.22540111983073,0.000896051365476294,FALSE,"distance_shares_all_unmapped"
-0.0810252037893922,4.2256391013491,0.000895605189706092,FALSE,"distance_shares_all_unmapped"
-0.0804740119268793,4.22582675908798,0.000895253517641352,FALSE,"distance_shares_all_unmapped"
-0.0799228200643664,4.22596231596086,0.00089499956798925,FALSE,"distance_shares_all_unmapped"
-0.0793716282018535,4.22604395464778,0.0008948466620187,FALSE,"distance_shares_all_unmapped"
-0.0788204363393407,4.22606981756696,0.000894798227203813,FALSE,"distance_shares_all_unmapped"
-0.0782692444768278,4.2260380069222,0.000894857800996187,FALSE,"distance_shares_all_unmapped"
-0.0777180526143149,4.22594658483199,0.000895029034729641,FALSE,"distance_shares_all_unmapped"
-0.077166860751802,4.22579357354735,0.000895315697658791,FALSE,"distance_shares_all_unmapped"
-0.0766156688892892,4.22557695576602,0.000895721681132362,FALSE,"distance_shares_all_unmapped"
-0.0760644770267763,4.22529467505028,0.000896251002902825,FALSE,"distance_shares_all_unmapped"
-0.0755132851642634,4.22494463635649,0.000896907811572874,FALSE,"distance_shares_all_unmapped"
-0.0749620933017506,4.22452470668527,0.000897696391177333,FALSE,"distance_shares_all_unmapped"
-0.0744109014392377,4.22403271586012,0.000898621165901814,FALSE,"distance_shares_all_unmapped"
-0.0738597095767248,4.22346645744567,0.0008996867049323,FALSE,"distance_shares_all_unmapped"
-0.073308517714212,4.22282368981324,0.000900897727436826,FALSE,"distance_shares_all_unmapped"
-0.0727573258516991,4.22210213736632,0.000902259107670326,FALSE,"distance_shares_all_unmapped"
-0.0722061339891862,4.22129949193446,0.000903775880201169,FALSE,"distance_shares_all_unmapped"
-0.0716549421266733,4.22041341434834,0.000905453245249018,FALSE,"distance_shares_all_unmapped"
-0.0711037502641605,4.21944153620747,0.000907296574125387,FALSE,"distance_shares_all_unmapped"
-0.0705525584016476,4.21838146185215,0.000909311414766328,FALSE,"distance_shares_all_unmapped"
-0.0700013665391347,4.21723077055308,0.00091150349734244,FALSE,"distance_shares_all_unmapped"
-0.0694501746766218,4.21598701893109,0.000913878739930979,FALSE,"distance_shares_all_unmapped"
-0.068898982814109,4.21464774362164,0.000916443254228642,FALSE,"distance_shares_all_unmapped"
-0.0683477909515961,4.21321046419647,0.000919203351285603,FALSE,"distance_shares_all_unmapped"
-0.0677965990890832,4.21167268635906,0.000922165547230107,FALSE,"distance_shares_all_unmapped"
-0.0672454072265704,4.21003190542679,0.000925336568956804,FALSE,"distance_shares_all_unmapped"
-0.0666942153640575,4.20828561011652,0.000928723359740651,FALSE,"distance_shares_all_unmapped"
-0.0661430235015446,4.20643128664874,0.000932333084736633,FALSE,"distance_shares_all_unmapped"
-0.0655918316390317,4.20446642318592,0.000936173136319588,FALSE,"distance_shares_all_unmapped"
-0.0650406397765189,4.20238851462238,0.000940251139209143,FALSE,"distance_shares_all_unmapped"
-0.064489447914006,4.20019506774072,0.000944574955322244,FALSE,"distance_shares_all_unmapped"
-0.0639382560514931,4.19788360675309,0.000949152688282338,FALSE,"distance_shares_all_unmapped"
-0.0633870641889803,4.19545167924289,0.000953992687510515,FALSE,"distance_shares_all_unmapped"
-0.0628358723264674,4.19289686252351,0.000959103551812483,FALSE,"distance_shares_all_unmapped"
-0.0622846804639545,4.19021677043247,0.0009644941323615,FALSE,"distance_shares_all_unmapped"
-0.0617334886014416,4.18740906057541,0.000970173534972302,FALSE,"distance_shares_all_unmapped"
-0.0611822967389288,4.18447144203768,0.000976151121542533,FALSE,"distance_shares_all_unmapped"
-0.0606311048764159,4.18140168357853,0.000982436510527889,FALSE,"distance_shares_all_unmapped"
-0.060079913013903,4.17819762232439,0.000989039576298862,FALSE,"distance_shares_all_unmapped"
-0.0595287211513902,4.17485717297357,0.000995970447217603,FALSE,"distance_shares_all_unmapped"
-0.0589775292888773,4.17137833752953,0.00100323950224388,FALSE,"distance_shares_all_unmapped"
-0.0584263374263644,4.16775921557216,0.00101085736587443,FALSE,"distance_shares_all_unmapped"
-0.0578751455638515,4.16399801508062,0.00101883490118785,FALSE,"distance_shares_all_unmapped"
-0.0573239537013387,4.16009306381782,0.00102718320075061,FALSE,"distance_shares_all_unmapped"
-0.0567727618388258,4.15604282128303,0.00103591357511937,FALSE,"distance_shares_all_unmapped"
-0.0562215699763129,4.1518458912421,0.00104503753864087,FALSE,"distance_shares_all_unmapped"
-0.0556703781138,4.14750103483677,0.00105456679223648,FALSE,"distance_shares_all_unmapped"
-0.0551191862512872,4.14300718427643,0.001064513202822,FALSE,"distance_shares_all_unmapped"
-0.0545679943887743,4.13836345711144,0.00107488877898869,FALSE,"distance_shares_all_unmapped"
-0.0540168025262614,4.13356917108264,0.00108570564254461,FALSE,"distance_shares_all_unmapped"
-0.0534656106637486,4.12862385954098,0.00109697599547994,FALSE,"distance_shares_all_unmapped"
-0.0529144188012357,4.12352728742484,0.00110871208189554,FALSE,"distance_shares_all_unmapped"
-0.0523632269387228,4.11827946777998,0.00112092614440006,FALSE,"distance_shares_all_unmapped"
-0.05181203507621,4.11288067880119,0.00113363037445449,FALSE,"distance_shares_all_unmapped"
-0.0512608432136971,4.10733148137133,0.00114683685611159,FALSE,"distance_shares_all_unmapped"
-0.0507096513511842,4.1016327370658,0.00116055750257583,FALSE,"distance_shares_all_unmapped"
-0.0501584594886713,4.09578562658628,0.00117480398498308,FALSE,"distance_shares_all_unmapped"
-0.0496072676261585,4.08979166858092,0.00118958765277977,FALSE,"distance_shares_all_unmapped"
-0.0490560757636456,4.08365273879918,0.0012049194450735,FALSE,"distance_shares_all_unmapped"
-0.0485048839011327,4.07737108952559,0.00122080979231077,FALSE,"distance_shares_all_unmapped"
-0.0479536920386198,4.07094936922563,0.0012372685076467,FALSE,"distance_shares_all_unmapped"
-0.047402500176107,4.0643906423301,0.00125430466737917,FALSE,"distance_shares_all_unmapped"
-0.0468513083135941,4.05769840907461,0.00127192647984576,FALSE,"distance_shares_all_unmapped"
-0.0463001164510812,4.05087662530231,0.0012901411422177,FALSE,"distance_shares_all_unmapped"
-0.0457489245885684,4.04392972212623,0.00130895468468579,FALSE,"distance_shares_all_unmapped"
-0.0451977327260555,4.03686262533926,0.00132837180160333,FALSE,"distance_shares_all_unmapped"
-0.0446465408635426,4.02968077444667,0.00134839566925536,FALSE,"distance_shares_all_unmapped"
-0.0440953490010297,4.02239014118628,0.00136902775004549,FALSE,"distance_shares_all_unmapped"
-0.0435441571385169,4.01499724738841,0.00139026758304748,FALSE,"distance_shares_all_unmapped"
-0.042992965276004,4.007509182016,0.00141211256105622,FALSE,"distance_shares_all_unmapped"
-0.0424417734134911,3.99993361721234,0.00143455769449674,FALSE,"distance_shares_all_unmapped"
-0.0418905815509783,3.99227882317124,0.00145759536281219,FALSE,"distance_shares_all_unmapped"
-0.0413393896884654,3.9845536816311,0.00148121505425654,FALSE,"distance_shares_all_unmapped"
-0.0407881978259525,3.97676769778083,0.00150540309536987,FALSE,"distance_shares_all_unmapped"
-0.0402370059634396,3.96893101035315,0.00153014237180514,FALSE,"distance_shares_all_unmapped"
-0.0396858141009268,3.96105439966577,0.00155541204262606,FALSE,"distance_shares_all_unmapped"
-0.0391346222384139,3.95314929336022,0.00158118725067617,FALSE,"distance_shares_all_unmapped"
-0.038583430375901,3.94522776957309,0.00160743883216319,FALSE,"distance_shares_all_unmapped"
-0.0380322385133881,3.93730255726301,0.00163413302917622,FALSE,"distance_shares_all_unmapped"
-0.0374810466508753,3.92938703340597,0.00166123120946249,FALSE,"distance_shares_all_unmapped"
-0.0369298547883624,3.92149521675867,0.00168868959844032,FALSE,"distance_shares_all_unmapped"
-0.0363786629258495,3.91364175788218,0.00171645902907315,FALSE,"distance_shares_all_unmapped"
-0.0358274710633367,3.90584192510808,0.00174448471589834,FALSE,"distance_shares_all_unmapped"
-0.0352762792008238,3.8981115861234,0.0017727060601483,FALSE,"distance_shares_all_unmapped"
-0.0347250873383109,3.89046718484585,0.00180105649351329,FALSE,"distance_shares_all_unmapped"
-0.034173895475798,3.88292571325809,0.001829463368649,FALSE,"distance_shares_all_unmapped"
-0.0336227036132852,3.87550467787045,0.00185784790499483,FALSE,"distance_shares_all_unmapped"
-0.0330715117507723,3.86822206048502,0.0018861251988133,FALSE,"distance_shares_all_unmapped"
-0.0325203198882594,3.86109627294085,0.00191420430655248,FALSE,"distance_shares_all_unmapped"
-0.0319691280257466,3.85414610553198,0.00194198841062924,FALSE,"distance_shares_all_unmapped"
-0.0314179361632337,3.84739066880626,0.00196937507650252,FALSE,"distance_shares_all_unmapped"
-0.0308667443007208,3.84084932847419,0.00199625660940792,FALSE,"distance_shares_all_unmapped"
-0.030315552438208,3.83454163318645,0.00202252051831883,FALSE,"distance_shares_all_unmapped"
-0.0297643605756951,3.82848723497318,0.00204805009356323,FALSE,"distance_shares_all_unmapped"
-0.0292131687131822,3.82270580218171,0.0020727251030211,FALSE,"distance_shares_all_unmapped"
-0.0286619768506693,3.81721692480187,0.00209642260994062,FALSE,"distance_shares_all_unmapped"
-0.0281107849881565,3.81204001213063,0.0021190179131361,FALSE,"distance_shares_all_unmapped"
-0.0275595931256436,3.80719418280067,0.00214038560767322,FALSE,"distance_shares_all_unmapped"
-0.0270084012631307,3.80269814728446,0.0021604007611216,FALSE,"distance_shares_all_unmapped"
-0.0264572094006178,3.79857008308336,0.00217894019712288,FALSE,"distance_shares_all_unmapped"
-0.025906017538105,3.7948275029265,0.0021958838744182,FALSE,"distance_shares_all_unmapped"
-0.0253548256755921,3.79148711643412,0.00221111634570874,FALSE,"distance_shares_all_unmapped"
-0.0248036338130792,3.7885646858473,0.00222452827688139,FALSE,"distance_shares_all_unmapped"
-0.0242524419505664,3.78607487659229,0.00223601800334396,FALSE,"distance_shares_all_unmapped"
-0.0237012500880535,3.78403110363387,0.0022454930966207,FALSE,"distance_shares_all_unmapped"
-0.0231500582255406,3.78244537477825,0.00225287191112585,FALSE,"distance_shares_all_unmapped"
-0.0225988663630277,3.78132813231488,0.0022580850783068,FALSE,"distance_shares_all_unmapped"
-0.0220476745005149,3.7806880946373,0.00226107691330805,FALSE,"distance_shares_all_unmapped"
-0.021496482638002,3.78053209975593,0.00226180669810049,FALSE,"distance_shares_all_unmapped"
-0.0209452907754891,3.78086495291251,0.00226024980478046,FALSE,"distance_shares_all_unmapped"
-0.0203940989129762,3.78168928082332,0.00225639862358703,FALSE,"distance_shares_all_unmapped"
-0.0198429070504634,3.7830053954184,0.00225026326217101,FALSE,"distance_shares_all_unmapped"
-0.0192917151879505,3.7848111703011,0.00224187198581149,FALSE,"distance_shares_all_unmapped"
-0.0187405233254376,3.78710193352931,0.00223127137255817,FALSE,"distance_shares_all_unmapped"
-0.0181893314629248,3.78987038070707,0.00221852616261162,FALSE,"distance_shares_all_unmapped"
-0.0176381396004119,3.79310651277475,0.00220371878745184,FALSE,"distance_shares_all_unmapped"
-0.017086947737899,3.79679760328759,0.00218694857109077,FALSE,"distance_shares_all_unmapped"
-0.0165357558753862,3.8009282003731,0.00216833060306861,FALSE,"distance_shares_all_unmapped"
-0.0159845640128733,3.80548016894843,0.00214799429012296,FALSE,"distance_shares_all_unmapped"
-0.0154333721503604,3.81043277915288,0.00212608160048303,FALSE,"distance_shares_all_unmapped"
-0.0148821802878475,3.81576284729549,0.00210274502113297,FALSE,"distance_shares_all_unmapped"
-0.0143309884253347,3.8214449359278,0.00207814525378082,FALSE,"distance_shares_all_unmapped"
-0.0137797965628218,3.82745161991113,0.00205244867937682,FALSE,"distance_shares_all_unmapped"
-0.0132286047003089,3.83375382554643,0.00202582462358544,FALSE,"distance_shares_all_unmapped"
-0.0126774128377961,3.84032124996082,0.00199844245646286,FALSE,"distance_shares_all_unmapped"
-0.0121262209752832,3.84712286798214,0.00197046855867949,FALSE,"distance_shares_all_unmapped"
-0.0115750291127703,3.85412753366847,0.00194206318402444,FALSE,"distance_shares_all_unmapped"
-0.0110238372502574,3.86130468347825,0.00191337724385608,FALSE,"distance_shares_all_unmapped"
-0.0104726453877446,3.86862514774994,0.00188454903402181,FALSE,"distance_shares_all_unmapped"
-0.00992145352523169,3.87606207669105,0.00185570091912659,FALSE,"distance_shares_all_unmapped"
-0.00937026166271882,3.88359198643115,0.00182693598367733,FALSE,"distance_shares_all_unmapped"
-0.00881906980020594,3.89119592984831,0.00179833465555832,FALSE,"distance_shares_all_unmapped"
-0.00826787793769307,3.89886079579699,0.00176995130577107,FALSE,"distance_shares_all_unmapped"
-0.0077166860751802,3.90658073901174,0.00174181083089034,FALSE,"distance_shares_all_unmapped"
-0.00716549421266734,3.9143587412765,0.00171390523305941,FALSE,"distance_shares_all_unmapped"
-0.00661430235015446,3.92220830237203,0.00168619022861975,FALSE,"distance_shares_all_unmapped"
-0.00606311048764159,3.93015525675084,0.00165858194296145,FALSE,"distance_shares_all_unmapped"
-0.00551191862512872,3.93823970873698,0.00163095378830144,FALSE,"distance_shares_all_unmapped"
-0.00496072676261584,3.94651807516582,0.00160313367520982,FALSE,"distance_shares_all_unmapped"
-0.00440953490010297,3.95506521960555,0.00157490177967638,FALSE,"distance_shares_all_unmapped"
-0.0038583430375901,3.96397665644449,0.00154598917614312,FALSE,"distance_shares_all_unmapped"
-0.00330715117507722,3.97337079596765,0.00151607775201221,FALSE,"distance_shares_all_unmapped"
-0.00275595931256435,3.9833911928491,0.00148480193615914,FALSE,"distance_shares_all_unmapped"
-0.00220476745005148,3.9942087500219,0.00145175289342174,FALSE,"distance_shares_all_unmapped"
-0.00165357558753861,4.00602381744701,0.00141648594244125,FALSE,"distance_shares_all_unmapped"
-0.00110238372502575,4.01906811075124,0.00137853202018747,FALSE,"distance_shares_all_unmapped"
-0.000551191862512873,4.03360635802888,0.00133741400726533,FALSE,"distance_shares_all_unmapped"
0,4.04993756448425,0.00129266859775844,FALSE,"distance_shares_all_unmapped"
0.000551191862512873,4.06839576451362,0.0012438740929179,FALSE,"distance_shares_all_unmapped"
0.00110238372502575,4.08935011015225,0.00119068396725254,FALSE,"distance_shares_all_unmapped"
0.00165357558753862,4.1132041249401,0.00113286526126319,FALSE,"distance_shares_all_unmapped"
0.00220476745005149,4.14039393519713,0.00107033979624697,FALSE,"distance_shares_all_unmapped"
0.00275595931256437,4.1713852791751,0.00100322494550996,FALSE,"distance_shares_all_unmapped"
0.00330715117507724,4.2066690920143,0.000931869385527775,FALSE,"distance_shares_all_unmapped"
0.00385834303759011,4.24675547499696,0.000856878149549471,FALSE,"distance_shares_all_unmapped"
0.00440953490010297,4.29216588577322,0.000779120771999879,FALSE,"distance_shares_all_unmapped"
0.00496072676261584,4.34342343656841,0.000699716747365044,FALSE,"distance_shares_all_unmapped"
0.00551191862512872,4.40104126370727,0.000619994274796851,FALSE,"distance_shares_all_unmapped"
0.00606311048764159,4.46550903639968,0.000541421452041687,FALSE,"distance_shares_all_unmapped"
0.00661430235015446,4.53727780526631,0.000465513484249817,FALSE,"distance_shares_all_unmapped"
0.00716549421266734,4.61674354742078,0.000393724385012834,FALSE,"distance_shares_all_unmapped"
0.00771668607518021,4.70422993623266,0.000327335950297943,FALSE,"distance_shares_all_unmapped"
0.00826787793769308,4.79997103614189,0.000267359186626175,FALSE,"distance_shares_all_unmapped"
0.00881906980020596,4.90409477717037,0.000214462818747482,FALSE,"distance_shares_all_unmapped"
0.00937026166271883,5.0166081777233,0.000168939633961247,FALSE,"distance_shares_all_unmapped"
0.0099214535252317,5.13738533469874,0.00013071487684855,FALSE,"distance_shares_all_unmapped"
0.0104726453877446,5.26615916654001,9.93932543848811e-05,FALSE,"distance_shares_all_unmapped"
0.0110238372502574,5.40251776454927,7.43343700545361e-05,FALSE,"distance_shares_all_unmapped"
0.0115750291127703,5.54590597862592,5.47423425658115e-05,FALSE,"distance_shares_all_unmapped"
0.0121262209752832,5.69563254760357,3.97548467777953e-05,FALSE,"distance_shares_all_unmapped"
0.0126774128377961,5.8508827079196,2.851954439159e-05,FALSE,"distance_shares_all_unmapped"
0.0132286047003089,6.01073581577987,2.02506140827796e-05,FALSE,"distance_shares_all_unmapped"
0.0137797965628218,6.17418714233354,1.4263241507775e-05,FALSE,"distance_shares_all_unmapped"
0.0143309884253347,6.34017269329647,9.98813227082294e-06,FALSE,"distance_shares_all_unmapped"
0.0148821802878475,6.50759570059921,6.97064001615873e-06,FALSE,"distance_shares_all_unmapped"
0.0154333721503604,6.67535335631599,4.85991212419391e-06,FALSE,"distance_shares_all_unmapped"
0.0159845640128733,6.84236241279927,3.392973079516e-06,FALSE,"distance_shares_all_unmapped"
0.0165357558753862,7.0075824441224,2.37748880599682e-06,FALSE,"distance_shares_all_unmapped"
0.017086947737899,7.17003582455551,1.67561337269617e-06,FALSE,"distance_shares_all_unmapped"
0.0176381396004119,7.32882379296061,1.19015405202109e-06,FALSE,"distance_shares_all_unmapped"
0.0181893314629248,7.4831382986318,8.53448246052581e-07,FALSE,"distance_shares_all_unmapped"
0.0187405233254376,7.63226962914175,6.18832040427253e-07,FALSE,"distance_shares_all_unmapped"
0.0192917151879505,7.77561007750604,4.54328076897146e-07,FALSE,"distance_shares_all_unmapped"
0.0198429070504634,7.91265409837504,3.38103419633494e-07,FALSE,"distance_shares_all_unmapped"
0.0203940989129763,8.04299552555011,2.55270038312665e-07,FALSE,"distance_shares_all_unmapped"
0.0209452907754891,8.16632247939358,1.95666954182284e-07,FALSE,"distance_shares_all_unmapped"
0.021496482638002,8.28241059251632,1.52340742123377e-07,FALSE,"distance_shares_all_unmapped"
0.0220476745005149,8.3911151387864,1.20512828510247e-07,FALSE,"distance_shares_all_unmapped"
0.0225988663630278,8.49236257847918,9.68811032639415e-08,FALSE,"distance_shares_all_unmapped"
0.0231500582255406,8.58614194451404,7.91487331636616e-08,FALSE,"distance_shares_all_unmapped"
0.0237012500880535,8.67249640222667,6.57063203129273e-08,FALSE,"distance_shares_all_unmapped"
0.0242524419505664,8.75151522628653,5.54171492312237e-08,FALSE,"distance_shares_all_unmapped"
0.0248036338130792,8.82332635868664,4.74716308502381e-08,FALSE,"distance_shares_all_unmapped"
0.0253548256755921,8.88808964425447,4.12882159077628e-08,FALSE,"distance_shares_all_unmapped"
0.025906017538105,8.94599078595763,3.64455811688138e-08,FALSE,"distance_shares_all_unmapped"
0.0264572094006178,8.99723602108198,3.26359346404022e-08,FALSE,"distance_shares_all_unmapped"
0.0270084012631307,9.04204748990441,2.96326480589679e-08,FALSE,"distance_shares_all_unmapped"
0.0275595931256436,9.08065924907297,2.72676623493025e-08,FALSE,"distance_shares_all_unmapped"
0.0281107849881565,9.11331387060109,2.54156008547301e-08,FALSE,"distance_shares_all_unmapped"
0.0286619768506693,9.14025956237458,2.39825178539688e-08,FALSE,"distance_shares_all_unmapped"
0.0292131687131822,9.16174774564461,2.28978736271808e-08,FALSE,"distance_shares_all_unmapped"
0.0297643605756951,9.17803102772653,2.21087728840389e-08,FALSE,"distance_shares_all_unmapped"
0.030315552438208,9.18936151287827,2.15758038775009e-08,FALSE,"distance_shares_all_unmapped"
0.0308667443007208,9.19598940017752,2.12700193118435e-08,FALSE,"distance_shares_all_unmapped"
0.0314179361632337,9.19816182350583,2.1170739163175e-08,FALSE,"distance_shares_all_unmapped"
0.0319691280257466,9.196121894986,2.12639509529168e-08,FALSE,"distance_shares_all_unmapped"
0.0325203198882594,9.19010791910468,2.15411489475988e-08,FALSE,"distance_shares_all_unmapped"
0.0330715117507723,9.18035275010565,2.19984996229867e-08,FALSE,"distance_shares_all_unmapped"
0.0336227036132852,9.16708326994687,2.26362528547854e-08,FALSE,"distance_shares_all_unmapped"
0.0341738954757981,9.1505199681731,2.34583409516119e-08,FALSE,"distance_shares_all_unmapped"
0.0347250873383109,9.13087660846165,2.44721237288504e-08,FALSE,"distance_shares_all_unmapped"
0.0352762792008238,9.10835996942553,2.56882493123918e-08,FALSE,"distance_shares_all_unmapped"
0.0358274710633367,9.08316964953937,2.71206086200147e-08,FALSE,"distance_shares_all_unmapped"
0.0363786629258496,9.05549792788626,2.8786367433199e-08,FALSE,"distance_shares_all_unmapped"
0.0369298547883624,9.02552967386324,3.07060642970959e-08,FALSE,"distance_shares_all_unmapped"
0.0374810466508753,8.99344230010886,3.2903765627074e-08,FALSE,"distance_shares_all_unmapped"
0.0380322385133881,8.95940575377208,3.54072716789686e-08,FALSE,"distance_shares_all_unmapped"
0.038583430375901,8.92358254190587,3.8248368682875e-08,FALSE,"distance_shares_all_unmapped"
0.0391346222384139,8.88612778726868,4.14631236102055e-08,FALSE,"distance_shares_all_unmapped"
0.0396858141009268,8.84718931119851,4.50922188567653e-08,FALSE,"distance_shares_all_unmapped"
0.0402370059634396,8.80690774051583,4.91813246654942e-08,FALSE,"distance_shares_all_unmapped"
0.0407881978259525,8.76541663565408,5.37815074413255e-08,FALSE,"distance_shares_all_unmapped"
0.0413393896884654,8.72284263739106,5.89496722768869e-08,FALSE,"distance_shares_all_unmapped"
0.0418905815509783,8.67930562973062,6.47490380409979e-08,FALSE,"distance_shares_all_unmapped"
0.0424417734134911,8.63491891662126,7.12496433135051e-08,FALSE,"distance_shares_all_unmapped"
0.042992965276004,8.58978941033169,7.85288812991373e-08,FALSE,"distance_shares_all_unmapped"
0.0435441571385169,8.54401782944132,8.66720616359414e-08,FALSE,"distance_shares_all_unmapped"
0.0440953490010298,8.49769890452462,9.57729967488061e-08,FALSE,"distance_shares_all_unmapped"
0.0446465408635426,8.45092158974149,1.05934610095068e-07,FALSE,"distance_shares_all_unmapped"
0.0451977327260555,8.40376927867541,1.17269563320673e-07,FALSE,"distance_shares_all_unmapped"
0.0457489245885684,8.35632002289066,1.29900899002699e-07,FALSE,"distance_shares_all_unmapped"
0.0463001164510812,8.3086467518079,1.43962695307547e-07,FALSE,"distance_shares_all_unmapped"
0.0468513083135941,8.2608174926316,1.59600728551105e-07,FALSE,"distance_shares_all_unmapped"
0.047402500176107,8.21289558918419,1.76973139321185e-07,FALSE,"distance_shares_all_unmapped"
0.0479536920386199,8.16493991862825,1.96251097517675e-07,FALSE,"distance_shares_all_unmapped"
0.0485048839011327,8.11700510517843,2.17619461392072e-07,FALSE,"distance_shares_all_unmapped"
0.0490560757636456,8.06914173001593,2.41277425434033e-07,FALSE,"distance_shares_all_unmapped"
0.0496072676261585,8.02139653673138,2.67439151760638e-07,FALSE,"distance_shares_all_unmapped"
0.0501584594886713,7.97381263172043,2.96334379525639e-07,FALSE,"distance_shares_all_unmapped"
0.0507096513511842,7.92642967905624,3.28209006778584e-07,FALSE,"distance_shares_all_unmapped"
0.0512608432136971,7.87928408944667,3.63325639180411e-07,FALSE,"distance_shares_all_unmapped"
0.05181203507621,7.83240920297106,4.01964100013353e-07,FALSE,"distance_shares_all_unmapped"
0.0523632269387228,7.78583546536095,4.44421896024021e-07,FALSE,"distance_shares_all_unmapped"
0.0529144188012357,7.73959059766018,4.91014633796143e-07,FALSE,"distance_shares_all_unmapped"
0.0534656106637486,7.69369975915825,5.42076381573864e-07,FALSE,"distance_shares_all_unmapped"
0.0540168025262614,7.6481857035451,5.97959971738969e-07,FALSE,"distance_shares_all_unmapped"
0.0545679943887743,7.60306892828408,6.59037239484791e-07,FALSE,"distance_shares_all_unmapped"
0.0551191862512872,7.55836781723935,7.25699193625104e-07,FALSE,"distance_shares_all_unmapped"
0.0556703781138001,7.51409877663296,7.98356115915518e-07,FALSE,"distance_shares_all_unmapped"
0.0562215699763129,7.47027636443488,8.77437585753276e-07,FALSE,"distance_shares_all_unmapped"
0.0567727618388258,7.42691341331871,9.6339242763864e-07,FALSE,"distance_shares_all_unmapped"
0.0573239537013387,7.38402114733338,1.05668857933984e-06,FALSE,"distance_shares_all_unmapped"
0.0578751455638516,7.34160929246354,1.15781287927164e-06,FALSE,"distance_shares_all_unmapped"
0.0584263374263644,7.29968618126258,1.26727077219357e-06,FALSE,"distance_shares_all_unmapped"
0.0589775292888773,7.25825885175414,1.38558593293263e-06,FALSE,"distance_shares_all_unmapped"
0.0595287211513902,7.21733314080787,1.5132998084326e-06,FALSE,"distance_shares_all_unmapped"
0.060079913013903,7.17691377219734,1.65097107903534e-06,FALSE,"distance_shares_all_unmapped"
0.0606311048764159,7.1370044395555,1.79917504047411e-06,FALSE,"distance_shares_all_unmapped"
0.0611822967389288,7.09760788444255,1.95850290862606e-06,FALSE,"distance_shares_all_unmapped"
0.0617334886014416,7.05872596974069,2.12956104961279e-06,FALSE,"distance_shares_all_unmapped"
0.0622846804639545,7.02035974859059,2.31297013834108e-06,FALSE,"distance_shares_all_unmapped"
0.0628358723264674,6.9825095290798,2.50936424905436e-06,FALSE,"distance_shares_all_unmapped"
0.0633870641889803,6.94517493489065,2.71938988189896e-06,FALSE,"distance_shares_all_unmapped"
0.0639382560514931,6.90835496211052,2.94370492990079e-06,FALSE,"distance_shares_all_unmapped"
0.064489447914006,6.87204803240207,3.18297759109549e-06,FALSE,"distance_shares_all_unmapped"
0.0650406397765189,6.83625204272457,3.43788523085956e-06,FALSE,"distance_shares_all_unmapped"
0.0655918316390317,6.8009644117932,3.7091131997296e-06,FALSE,"distance_shares_all_unmapped"
0.0661430235015446,6.76618212345339,3.99735361222243e-06,FALSE,"distance_shares_all_unmapped"
0.0666942153640575,6.7319017671444,4.30330409229254e-06,FALSE,"distance_shares_all_unmapped"
0.0672454072265704,6.69811957561684,4.62766649118902e-06,FALSE,"distance_shares_all_unmapped"
0.0677965990890832,6.66483146006068,4.97114558354558e-06,FALSE,"distance_shares_all_unmapped"
0.0683477909515961,6.63203304279972,5.33444774748588e-06,FALSE,"distance_shares_all_unmapped"
0.068898982814109,6.59971968769181,5.71827963458956e-06,FALSE,"distance_shares_all_unmapped"
0.0694501746766219,6.56788652837646,6.1233468354011e-06,FALSE,"distance_shares_all_unmapped"
0.0700013665391347,6.53652849449831,6.5503525461161e-06,FALSE,"distance_shares_all_unmapped"
0.0705525584016476,6.50564033603312,6.99999624187745e-06,FALSE,"distance_shares_all_unmapped"
0.0711037502641605,6.47521664583213,7.47297236198987e-06,FALSE,"distance_shares_all_unmapped"
0.0716549421266734,6.44525188049782,7.96996901210262e-06,FALSE,"distance_shares_all_unmapped"
0.0722061339891862,6.41574037969676,8.49166668819901e-06,FALSE,"distance_shares_all_unmapped"
0.0727573258516991,6.38667638400942,9.03873702696346e-06,FALSE,"distance_shares_all_unmapped"
0.0733085177142119,6.3580540514115,9.6118415868231e-06,FALSE,"distance_shares_all_unmapped"
0.0738597095767248,6.32986747247504,1.02116306636815e-05,FALSE,"distance_shares_all_unmapped"
0.0744109014392377,6.30211068437478,1.08387421450146e-05,FALSE,"distance_shares_all_unmapped"
0.0749620933017506,6.27477768377837,1.14938004057145e-05,FALSE,"distance_shares_all_unmapped"
0.0755132851642634,6.24786243869354,1.2177415248771e-05,FALSE,"distance_shares_all_unmapped"
0.0760644770267763,6.22135889934431,1.28901808934844e-05,FALSE,"distance_shares_all_unmapped"
0.0766156688892892,6.19526100814068,1.36326750136391e-05,FALSE,"distance_shares_all_unmapped"
0.077166860751802,6.16956270880411,1.44054578277186e-05,FALSE,"distance_shares_all_unmapped"
0.0777180526143149,6.14425795470624,1.52090712429379e-05,FALSE,"distance_shares_all_unmapped"
0.0782692444768278,6.1193407164762,1.60440380545174e-05,FALSE,"distance_shares_all_unmapped"
0.0788204363393407,6.09480498892678,1.69108612013668e-05,FALSE,"distance_shares_all_unmapped"
0.0793716282018535,6.07064479734737,1.78100230790229e-05,FALSE,"distance_shares_all_unmapped"
0.0799228200643664,6.04685420320865,1.87419849104006e-05,FALSE,"distance_shares_all_unmapped"
0.0804740119268793,6.02342730932043,1.97071861746703e-05,FALSE,"distance_shares_all_unmapped"
0.0810252037893922,6.00035826448277,2.07060440942555e-05,FALSE,"distance_shares_all_unmapped"
0.081576395651905,5.97764126766601,2.17389531797839e-05,FALSE,"distance_shares_all_unmapped"
0.0821275875144179,5.95527057175482,2.28062848325188e-05,FALSE,"distance_shares_all_unmapped"
0.0826787793769308,5.93324048688751,2.39083870036463e-05,FALSE,"distance_shares_all_unmapped"
0.0832299712394437,5.91154538342155,2.50455839095192e-05,FALSE,"distance_shares_all_unmapped"
0.0837811631019565,5.89017969455181,2.62181758018931e-05,FALSE,"distance_shares_all_unmapped"
0.0843323549644694,5.86913791860926,2.7426438791869e-05,FALSE,"distance_shares_all_unmapped"
0.0848835468269823,5.84841462106323,2.86706247262428e-05,FALSE,"distance_shares_all_unmapped"
0.0854347386894951,5.82800443625009,2.99509611147774e-05,FALSE,"distance_shares_all_unmapped"
0.085985930552008,5.80790206885062,3.12676511067144e-05,FALSE,"distance_shares_all_unmapped"
0.0865371224145209,5.78810229513329,3.26208735149636e-05,FALSE,"distance_shares_all_unmapped"
0.0870883142770337,5.76859996398548,3.40107828859438e-05,FALSE,"distance_shares_all_unmapped"
0.0876395061395466,5.74938999774574,3.54375096134368e-05,FALSE,"distance_shares_all_unmapped"
0.0881906980020595,5.73046739285675,3.69011600942781e-05,FALSE,"distance_shares_all_unmapped"
0.0887418898645724,5.71182722035052,3.84018169241003e-05,FALSE,"distance_shares_all_unmapped"
0.0892930817270852,5.69346462618204,3.99395391309392e-05,FALSE,"distance_shares_all_unmapped"
0.0898442735895981,5.67537483142328,4.15143624446914e-05,FALSE,"distance_shares_all_unmapped"
0.090395465452111,5.6575531323293,4.31262996003672e-05,FALSE,"distance_shares_all_unmapped"
0.0909466573146239,5.63999490028717,4.47753406731002e-05,FALSE,"distance_shares_all_unmapped"
0.0914978491771367,5.62269558166013,4.64614534426218e-05,FALSE,"distance_shares_all_unmapped"
0.0920490410396496,5.60565069753328,4.81845837854539e-05,FALSE,"distance_shares_all_unmapped"
0.0926002329021625,5.58885584337287,4.99446560924335e-05,FALSE,"distance_shares_all_unmapped"
0.0931514247646753,5.57230668860455,5.17415737098738e-05,FALSE,"distance_shares_all_unmapped"
0.0937026166271882,5.55599897612058,5.3575219402087e-05,FALSE,"distance_shares_all_unmapped"
0.0942538084897011,5.53992852172221,5.54454558334412e-05,FALSE,"distance_shares_all_unmapped"
0.094805000352214,5.5240912135028,5.73521260681138e-05,FALSE,"distance_shares_all_unmapped"
0.0953561922147268,5.50848301117952,5.92950540855365e-05,FALSE,"distance_shares_all_unmapped"
0.0959073840772397,5.49309994537776,6.12740453098397e-05,FALSE,"distance_shares_all_unmapped"
0.0964585759397526,5.47793811687446,6.32888871514718e-05,FALSE,"distance_shares_all_unmapped"
0.0970097678022654,5.46299369580492,6.53393495593045e-05,FALSE,"distance_shares_all_unmapped"
0.0975609596647783,5.44826292083635,6.74251855817517e-05,FALSE,"distance_shares_all_unmapped"
0.0981121515272912,5.43374209831472,6.95461319350243e-05,FALSE,"distance_shares_all_unmapped"
0.098663343389804,5.41942760138638,7.17019095773104e-05,FALSE,"distance_shares_all_unmapped"
0.0992145352523169,5.40531586909864,7.38922242873627e-05,FALSE,"distance_shares_all_unmapped"
0.0997657271148298,5.39140340548372,7.611676724595e-05,FALSE,"distance_shares_all_unmapped"
0.100316918977343,5.37768677862662,7.83752156192193e-05,FALSE,"distance_shares_all_unmapped"
0.100868110839856,5.36416261972251,8.06672331423092e-05,FALSE,"distance_shares_all_unmapped"
0.101419302702368,5.35082762212322,8.29924707024781e-05,FALSE,"distance_shares_all_unmapped"
0.101970494564881,5.33767854037742,8.53505669203205e-05,FALSE,"distance_shares_all_unmapped"
0.102521686427394,5.32471218926594,8.77411487280894e-05,FALSE,"distance_shares_all_unmapped"
0.103072878289907,5.31192544283265,9.01638319444496e-05,FALSE,"distance_shares_all_unmapped"
0.10362407015242,5.29931523341581,9.26182218441844e-05,FALSE,"distance_shares_all_unmapped"
0.104175262014933,5.2868785506776,9.51039137227247e-05,FALSE,"distance_shares_all_unmapped"
0.104726453877446,5.27461244063717,9.76204934539976e-05,FALSE,"distance_shares_all_unmapped"
0.105277645739959,5.26251400470534,0.000100167538041441,FALSE,"distance_shares_all_unmapped"
0.105828837602471,5.25058039872436,0.000102744616161164,FALSE,"distance_shares_all_unmapped"
0.106380029464984,5.23880883201243,0.000105351288696841,FALSE,"distance_shares_all_unmapped"
0.106931221327497,5.22719656641459,0.000107987109265717,FALSE,"distance_shares_all_unmapped"
0.10748241319001,5.2157409153618,0.000110651624734977,FALSE,"distance_shares_all_unmapped"
0.108033605052523,5.20443924293597,0.000113344375728702,FALSE,"distance_shares_all_unmapped"
0.108584796915036,5.19328896294577,0.000116064897124124,FALSE,"distance_shares_all_unmapped"
0.109135988777549,5.18228753801056,0.000118812718537497,FALSE,"distance_shares_all_unmapped"
0.109687180640061,5.17143247865485,0.000121587364798899,FALSE,"distance_shares_all_unmapped"
0.110238372502574,5.16072134241302,0.000124388356415864,FALSE,"distance_shares_all_unmapped"
-0.110238372502574,3.76446976212349,0.00233768094710669,FALSE,"distance_shares_mapped"
-0.109687180640061,3.76658060848563,0.00232749915923164,FALSE,"distance_shares_mapped"
-0.109135988777549,3.76871329240607,0.00231725641448592,FALSE,"distance_shares_mapped"
-0.108584796915036,3.77086807878787,0.00230695262667971,FALSE,"distance_shares_mapped"
-0.108033605052523,3.77304523561818,0.00229658772038114,FALSE,"distance_shares_mapped"
-0.10748241319001,3.77524503397774,0.00228616163130309,FALSE,"distance_shares_mapped"
-0.106931221327497,3.77746774804832,0.00227567430670144,FALSE,"distance_shares_mapped"
-0.106380029464984,3.77971365511795,0.00226512570578404,FALSE,"distance_shares_mapped"
-0.105828837602471,3.78198303558445,0.00225451580012813,FALSE,"distance_shares_mapped"
-0.105277645739959,3.78427617295629,0.00224384457410969,FALSE,"distance_shares_mapped"
-0.104726453877446,3.78659335385103,0.00223311202534377,FALSE,"distance_shares_mapped"
-0.104175262014933,3.78893486799118,0.00222231816513483,FALSE,"distance_shares_mapped"
-0.10362407015242,3.7913010081973,0.0022114630189383,FALSE,"distance_shares_mapped"
-0.103072878289907,3.79369207037779,0.00220054662683474,FALSE,"distance_shares_mapped"
-0.102521686427394,3.7961083535156,0.00218956904401427,FALSE,"distance_shares_mapped"
-0.101970494564881,3.79855015965165,0.00217853034127276,FALSE,"distance_shares_mapped"
-0.101419302702368,3.801017793864,0.0021674306055218,FALSE,"distance_shares_mapped"
-0.100868110839856,3.80351156424397,0.00215626994030703,FALSE,"distance_shares_mapped"
-0.100316918977343,3.80603178186682,0.00214504846634439,FALSE,"distance_shares_mapped"
-0.0997657271148298,3.80857876075901,0.00213376632206404,FALSE,"distance_shares_mapped"
-0.0992145352523169,3.81115281786017,0.00212242366416933,FALSE,"distance_shares_mapped"
-0.098663343389804,3.81375427297995,0.00211102066820878,FALSE,"distance_shares_mapped"
-0.0981121515272912,3.81638344874953,0.00209955752916085,FALSE,"distance_shares_mapped"
-0.0975609596647783,3.81904067056726,0.00208803446203263,FALSE,"distance_shares_mapped"
-0.0970097678022654,3.82172626653821,0.00207645170247142,FALSE,"distance_shares_mapped"
-0.0964585759397526,3.82444056740706,0.00206480950739109,FALSE,"distance_shares_mapped"
-0.0959073840772397,3.82718390648387,0.00205310815561257,FALSE,"distance_shares_mapped"
-0.0953561922147268,3.82995661956275,0.00204134794851752,FALSE,"distance_shares_mapped"
-0.094805000352214,3.83275904483225,0.00202952921071786,FALSE,"distance_shares_mapped"
-0.0942538084897011,3.8355915227775,0.00201765229073951,FALSE,"distance_shares_mapped"
-0.0937026166271882,3.83845439607327,0.00200571756172139,FALSE,"distance_shares_mapped"
-0.0931514247646753,3.84134800946785,0.00199372542212844,FALSE,"distance_shares_mapped"
-0.0926002329021625,3.84427270965609,0.00198167629648285,FALSE,"distance_shares_mapped"
-0.0920490410396496,3.84722884514249,0.00196957063610749,FALSE,"distance_shares_mapped"
-0.0914978491771367,3.85021676609234,0.00195740891988775,FALSE,"distance_shares_mapped"
-0.0909466573146238,3.85323682417079,0.00194519165504855,FALSE,"distance_shares_mapped"
-0.090395465452111,3.856289372369,0.00193291937794803,FALSE,"distance_shares_mapped"
-0.0898442735895981,3.85937476481667,0.00192059265488745,FALSE,"distance_shares_mapped"
-0.0892930817270852,3.86249335657994,0.00190821208293783,FALSE,"distance_shares_mapped"
-0.0887418898645724,3.86564550344354,0.00189577829078487,FALSE,"distance_shares_mapped"
-0.0881906980020595,3.86883156167701,0.00188329193958897,FALSE,"distance_shares_mapped"
-0.0876395061395466,3.87205188778284,0.00187075372386512,FALSE,"distance_shares_mapped"
-0.0870883142770337,3.87530683822643,0.00185816437237918,FALSE,"distance_shares_mapped"
-0.0865371224145209,3.87859676914627,0.00184552464906239,FALSE,"distance_shares_mapped"
-0.085985930552008,3.88192203604305,0.00183283535394469,FALSE,"distance_shares_mapped"
-0.0854347386894951,3.88528299344644,0.00182009732410679,FALSE,"distance_shares_mapped"
-0.0848835468269823,3.88867999455872,0.00180731143464957,FALSE,"distance_shares_mapped"
-0.0843323549644694,3.89211339087253,0.00179447859968552,FALSE,"distance_shares_mapped"
-0.0837811631019565,3.89558353176289,0.00178159977334616,FALSE,"distance_shares_mapped"
-0.0832299712394436,3.89909076405002,0.00176867595081259,FALSE,"distance_shares_mapped"
-0.0826787793769308,3.90263543153276,0.00175570816936403,FALSE,"distance_shares_mapped"
-0.0821275875144179,3.90621787448975,0.0017426975094478,FALSE,"distance_shares_mapped"
-0.081576395651905,3.90983842914686,0.00172964509576951,FALSE,"distance_shares_mapped"
-0.0810252037893922,3.91349742710852,0.00171655209840533,FALSE,"distance_shares_mapped"
-0.0804740119268793,3.91719519475074,0.00170341973393599,FALSE,"distance_shares_mapped"
-0.0799228200643664,3.92093205257391,0.00169024926660141,FALSE,"distance_shares_mapped"
-0.0793716282018535,3.92470831451203,0.00167704200947998,FALSE,"distance_shares_mapped"
-0.0788204363393407,3.92852428719638,0.00166379932569001,FALSE,"distance_shares_mapped"
-0.0782692444768278,3.93238026917063,0.00165052262961448,FALSE,"distance_shares_mapped"
-0.0777180526143149,3.93627655005411,0.00163721338815123,FALSE,"distance_shares_mapped"
-0.077166860751802,3.94021340965038,0.0016238731219873,FALSE,"distance_shares_mapped"
-0.0766156688892892,3.94419111699761,0.00161050340689903,FALSE,"distance_shares_mapped"
-0.0760644770267763,3.94820992935687,0.00159710587507935,FALSE,"distance_shares_mapped"
-0.0755132851642634,3.95227009113493,0.00158368221649164,FALSE,"distance_shares_mapped"
-0.0749620933017506,3.9563718327373,0.00157023418025223,FALSE,"distance_shares_mapped"
-0.0744109014392377,3.96051536934705,0.00155676357604237,FALSE,"distance_shares_mapped"
-0.0738597095767248,3.96470089962498,0.00154327227555052,FALSE,"distance_shares_mapped"
-0.073308517714212,3.96892860432636,0.00152976221394605,FALSE,"distance_shares_mapped"
-0.0727573258516991,3.97319864482853,0.00151623539138746,FALSE,"distance_shares_mapped"
-0.0722061339891862,3.97751116156489,0.00150269387456282,FALSE,"distance_shares_mapped"
-0.0716549421266733,3.98186627235807,0.00148913979826908,FALSE,"distance_shares_mapped"
-0.0711037502641605,3.98626407064744,0.00147557536702765,FALSE,"distance_shares_mapped"
-0.0705525584016476,3.99070462360327,0.00146200285674148,FALSE,"distance_shares_mapped"
-0.0700013665391347,3.99518797012132,0.00144842461639398,FALSE,"distance_shares_mapped"
-0.0694501746766218,3.99971411869007,0.00143484306979338,FALSE,"distance_shares_mapped"
-0.068898982814109,4.00428304512281,0.00142126071736464,FALSE,"distance_shares_mapped"
-0.0683477909515961,4.00889469014636,0.00140768013799262,FALSE,"distance_shares_mapped"
-0.0677965990890832,4.01354895683737,0.00139410399091946,FALSE,"distance_shares_mapped"
-0.0672454072265704,4.01824570789712,0.00138053501770021,FALSE,"distance_shares_mapped"
-0.0666942153640575,4.02298476275426,0.00136697604422193,FALSE,"distance_shares_mapped"
-0.0661430235015446,4.02776589448648,0.00135342998278725,FALSE,"distance_shares_mapped"
-0.0655918316390317,4.03258882654727,0.00133989983427479,FALSE,"distance_shares_mapped"
-0.0650406397765189,4.03745322928933,0.00132638869037318,FALSE,"distance_shares_mapped"
-0.064489447914006,4.04235871626898,0.0013128997359037,FALSE,"distance_shares_mapped"
-0.0639382560514931,4.04730484032066,0.00129943625123246,FALSE,"distance_shares_mapped"
-0.0633870641889803,4.05229108938616,0.00128600161478381,FALSE,"distance_shares_mapped"
-0.0628358723264674,4.05731688208431,0.00127259930566239,FALSE,"distance_shares_mapped"
-0.0622846804639545,4.06238156300541,0.00125923290639434,FALSE,"distance_shares_mapped"
-0.0617334886014416,4.06748439771415,0.00124590610579741,FALSE,"distance_shares_mapped"
-0.0611822967389288,4.07262456744271,0.00123262270199501,FALSE,"distance_shares_mapped"
-0.0606311048764159,4.07780116345683,0.00121938660558469,FALSE,"distance_shares_mapped"
-0.060079913013903,4.08301318107433,0.00120620184297888,FALSE,"distance_shares_mapped"
-0.0595287211513902,4.08825951331638,0.00119307255993342,FALSE,"distance_shares_mapped"
-0.0589775292888773,4.09353894416965,0.00118000302528319,FALSE,"distance_shares_mapped"
-0.0584263374263644,4.09885014143649,0.00116699763490679,FALSE,"distance_shares_mapped"
-0.0578751455638515,4.10419164914997,0.00115406091594173,FALSE,"distance_shares_mapped"
-0.0573239537013387,4.10956187952745,0.0011411975312801,FALSE,"distance_shares_mapped"
-0.0567727618388258,4.11495910443802,0.0011284122843693,FALSE,"distance_shares_mapped"
-0.0562215699763129,4.12038144635478,0.00111571012435491,FALSE,"distance_shares_mapped"
-0.0556703781138,4.12582686876402,0.00110309615159934,FALSE,"distance_shares_mapped"
-0.0551191862512872,4.13129316600023,0.00109057562361925,FALSE,"distance_shares_mapped"
-0.0545679943887743,4.13677795247654,0.00107815396148464,FALSE,"distance_shares_mapped"
-0.0540168025262614,4.14227865127636,0.00106583675673366,FALSE,"distance_shares_mapped"
-0.0534656106637486,4.14779248207261,0.00105362977885795,FALSE,"distance_shares_mapped"
-0.0529144188012357,4.15331644833878,0.00104153898342289,FALSE,"distance_shares_mapped"
-0.0523632269387228,4.15884732381455,0.00102957052089416,FALSE,"distance_shares_mapped"
-0.05181203507621,4.16438163818761,0.00101773074625023,FALSE,"distance_shares_mapped"
-0.0512608432136971,4.16991566195191,0.00100602622947044,FALSE,"distance_shares_mapped"
-0.0507096513511842,4.1754453904015,0.000994463766998103,FALSE,"distance_shares_mapped"
-0.0501584594886713,4.18096652671753,0.000983050394291977,FALSE,"distance_shares_mapped"
-0.0496072676261585,4.18647446410511,0.0009717933995912,FALSE,"distance_shares_mapped"
-0.0490560757636456,4.19196426693629,0.000960700339034899,FALSE,"distance_shares_mapped"
-0.0485048839011327,4.19743065085332,0.000949779053295934,FALSE,"distance_shares_mapped"
-0.0479536920386198,4.2028679617869,0.000939037685906493,FALSE,"distance_shares_mapped"
-0.047402500176107,4.20827015384288,0.000928484703476882,FALSE,"distance_shares_mapped"
-0.0468513083135941,4.21363076601154,0.000918128918031676,FALSE,"distance_shares_mapped"
-0.0463001164510812,4.21894289765247,0.00090797951171925,FALSE,"distance_shares_mapped"
-0.0457489245885684,4.22419918270934,0.000898046064180656,FALSE,"distance_shares_mapped"
-0.0451977327260555,4.22939176260973,0.000888338582900495,FALSE,"distance_shares_mapped"
-0.0446465408635426,4.23451225780582,0.000878867536906243,FALSE,"distance_shares_mapped"
-0.0440953490010297,4.23955173791441,0.000869643894227428,FALSE,"distance_shares_mapped"
-0.0435441571385169,4.24450069041623,0.000860679163583052,FALSE,"distance_shares_mapped"
-0.042992965276004,4.24934898787867,0.000851985440825187,FALSE,"distance_shares_mapped"
-0.0424417734134911,4.2540858536687,0.00084357546074045,FALSE,"distance_shares_mapped"
-0.0418905815509783,4.25869982612948,0.000835462654888279,FALSE,"distance_shares_mapped"
-0.0413393896884654,4.26317872119723,0.000827661216253916,FALSE,"distance_shares_mapped"
-0.0407881978259525,4.26750959344525,0.000820186171594795,FALSE,"distance_shares_mapped"
-0.0402370059634396,4.27167869554707,0.000813053462488066,FALSE,"distance_shares_mapped"
-0.0396858141009268,4.27567143616275,0.00080628003622571,FALSE,"distance_shares_mapped"
-0.0391346222384139,4.27947233626253,0.000799883947869593,FALSE,"distance_shares_mapped"
-0.038583430375901,4.28306498391533,0.000793884474969075,FALSE,"distance_shares_mapped"
-0.0380322385133881,4.28643198758518,0.000788302246663727,FALSE,"distance_shares_mapped"
-0.0374810466508753,4.28955492799521,0.000783159389150964,FALSE,"distance_shares_mapped"
-0.0369298547883624,4.2924143086397,0.000778479689795248,FALSE,"distance_shares_mapped"
-0.0363786629258495,4.29498950504597,0.000774288782504696,FALSE,"distance_shares_mapped"
-0.0358274710633367,4.29725871291491,0.000770614357405039,FALSE,"distance_shares_mapped"
-0.0352762792008238,4.2991988952956,0.000767486398318843,FALSE,"distance_shares_mapped"
-0.0347250873383109,4.30078572898469,0.000764937452111348,FALSE,"distance_shares_mapped"
-0.034173895475798,4.30199355037404,0.000763002934623464,FALSE,"distance_shares_mapped"
-0.0336227036132852,4.30279530101387,0.000761721478678865,FALSE,"distance_shares_mapped"
-0.0330715117507723,4.30316247320117,0.000761135330564343,FALSE,"distance_shares_mapped"
-0.0325203198882594,4.30306505595452,0.000761290802455315,FALSE,"distance_shares_mapped"
-0.0319691280257466,4.30247148179082,0.000762238789531568,FALSE,"distance_shares_mapped"
-0.0314179361632337,4.30134857478168,0.000764035362035813,FALSE,"distance_shares_mapped"
-0.0308667443007208,4.29966150043176,0.000766742444325649,FALSE,"distance_shares_mapped"
-0.030315552438208,4.29737371799731,0.000770428595102958,FALSE,"distance_shares_mapped"
-0.0297643605756951,4.29444693594118,0.000775169905558083,FALSE,"distance_shares_mapped"
-0.0292131687131822,4.29084107130821,0.000781051035215813,FALSE,"distance_shares_mapped"
-0.0286619768506693,4.28651421389936,0.00078816640892312,FALSE,"distance_shares_mapped"
-0.0281107849881565,4.28142259622437,0.000796621602804678,FALSE,"distance_shares_mapped"
-0.0275595931256436,4.27552057032212,0.000806534952285341,FALSE,"distance_shares_mapped"
-0.0270084012631307,4.26876059265601,0.000818039421628852,FALSE,"distance_shares_mapped"
-0.0264572094006178,4.26109321841625,0.000831284782106217,FALSE,"distance_shares_mapped"
-0.025906017538105,4.25246710669478,0.000846440155168952,FALSE,"distance_shares_mapped"
-0.0253548256755921,4.24282903814033,0.000863696988212507,FALSE,"distance_shares_mapped"
-0.0248036338130792,4.23212394685044,0.000883272544106197,FALSE,"distance_shares_mapped"
-0.0242524419505664,4.22029496841547,0.000905414002162566,FALSE,"distance_shares_mapped"
-0.0237012500880535,4.20728350619485,0.000930403288269228,FALSE,"distance_shares_mapped"
-0.0231500582255406,4.19302931808142,0.000958562776296395,FALSE,"distance_shares_mapped"
-0.0225988663630277,4.17747062619179,0.000990262032594101,FALSE,"distance_shares_mapped"
-0.0220476745005149,4.16054425211359,0.00102592581157442,FALSE,"distance_shares_mapped"
-0.021496482638002,4.14218578054358,0.00106604355446848,FALSE,"distance_shares_mapped"
-0.0209452907754891,4.122329754366,0.00111118069707718,FALSE,"distance_shares_mapped"
-0.0203940989129762,4.10090990445002,0.00116199215777766,FALSE,"distance_shares_mapped"
-0.0198429070504634,4.07785941769395,0.00121923845666895,FALSE,"distance_shares_mapped"
-0.0192917151879505,4.05311124711468,0.00128380501345682,FALSE,"distance_shares_mapped"
-0.0187405233254376,4.02659846808203,0.00135672528887025,FALSE,"distance_shares_mapped"
-0.0181893314629248,3.99825468513544,0.00143920857591455,FALSE,"distance_shares_mapped"
-0.0176381396004119,3.9680144942088,0.00153267341734251,FALSE,"distance_shares_mapped"
-0.017086947737899,3.93581400553658,0.00163878782884404,FALSE,"distance_shares_mapped"
-0.0165357558753862,3.90159143304258,0.00175951774796934,FALSE,"distance_shares_mapped"
-0.0159845640128733,3.86528775663499,0.00189718541037242,FALSE,"distance_shares_mapped"
-0.0154333721503604,3.82684746457619,0.00205453967947558,FALSE,"distance_shares_mapped"
-0.0148821802878475,3.78621938398261,0.00223484072163268,FALSE,"distance_shares_mapped"
-0.0143309884253347,3.74335760857214,0.00244196181879403,FALSE,"distance_shares_mapped"
-0.0137797965628218,3.69822253403925,0.00268051152708485,FALSE,"distance_shares_mapped"
-0.0132286047003089,3.65078201293561,0.00295597978918895,FALSE,"distance_shares_mapped"
-0.0126774128377961,3.60101264269018,0.00327491193297033,FALSE,"distance_shares_mapped"
-0.0121262209752832,3.54890120244456,0.00364511464327167,FALSE,"distance_shares_mapped"
-0.0115750291127703,3.49444625671792,0.0040758978288008,FALSE,"distance_shares_mapped"
-0.0110238372502574,3.4376599465507,0.00457835559406871,FALSE,"distance_shares_mapped"
-0.0104726453877446,3.37856999167994,0.00516568793166316,FALSE,"distance_shares_mapped"
-0.00992145352523169,3.31722193041375,0.0058535617908601,FALSE,"distance_shares_mapped"
-0.00937026166271882,3.25368162708681,0.00666050518413316,FALSE,"distance_shares_mapped"
-0.00881906980020594,3.18803808011829,0.00760832006286671,FALSE,"distance_shares_mapped"
-0.00826787793769307,3.12040656649424,0.0087224876702546,FALSE,"distance_shares_mapped"
-0.0077166860751802,3.05093216057139,0.0100325225635623,FALSE,"distance_shares_mapped"
-0.00716549421266734,2.9797936659168,0.0115722069474532,FALSE,"distance_shares_mapped"
-0.00661430235015446,2.90720799772157,0.0133796039450722,FALSE,"distance_shares_mapped"
-0.00606311048764159,2.83343504918561,0.0154967061462931,FALSE,"distance_shares_mapped"
-0.00551191862512872,2.75878306689159,0.0179685249198934,FALSE,"distance_shares_mapped"
-0.00496072676261584,2.68361454594831,0.0208413701833983,FALSE,"distance_shares_mapped"
-0.00440953490010297,2.60835263356671,0.0241600181188109,FALSE,"distance_shares_mapped"
-0.0038583430375901,2.53348799728941,0.0279634315876735,FALSE,"distance_shares_mapped"
-0.00330715117507722,2.45958606846491,0.032278710398119,FALSE,"distance_shares_mapped"
-0.00275595931256435,2.38729450954436,0.0371130428105,FALSE,"distance_shares_mapped"
-0.00220476745005148,2.31735067205135,0.042443651559714,FALSE,"distance_shares_mapped"
-0.00165357558753861,2.25058870753734,0.0482061242414957,FALSE,"distance_shares_mapped"
-0.00110238372502575,2.18794586424575,0.0542821204463554,TRUE,"distance_shares_mapped"
-0.000551191862512873,2.1304673471327,0.0604882447019178,TRUE,"distance_shares_mapped"
0,2.07930894105644,0.0665687751404863,TRUE,"distance_shares_mapped"
0.000551191862512873,2.03573640404198,0.0721957420333292,TRUE,"distance_shares_mapped"
0.00110238372502575,2.00112044438494,0.0769802335993405,TRUE,"distance_shares_mapped"
0.00165357558753862,1.97692592633327,0.0804983499043619,TRUE,"distance_shares_mapped"
0.00220476745005149,1.96469384009041,0.0823335034581028,TRUE,"distance_shares_mapped"
0.00275595931256437,1.96601457132475,0.0821334975253851,TRUE,"distance_shares_mapped"
0.00330715117507724,1.98249117266263,0.0796760829618076,TRUE,"distance_shares_mapped"
0.00385834303759011,2.01569173981972,0.0749312194501473,TRUE,"distance_shares_mapped"
0.00440953490010297,2.06709068779354,0.0681036720338158,TRUE,"distance_shares_mapped"
0.00496072676261584,2.13799974492645,0.059638432840492,TRUE,"distance_shares_mapped"
0.00551191862512872,2.22949082594609,0.0501766255052506,TRUE,"distance_shares_mapped"
0.00606311048764159,2.34231452974964,0.0404623475039008,FALSE,"distance_shares_mapped"
0.00661430235015446,2.4768196634748,0.031218666316053,FALSE,"distance_shares_mapped"
0.00716549421266734,2.63288065644267,0.0230261005499858,FALSE,"distance_shares_mapped"
0.00771668607518021,2.80984065990046,0.0162399599060427,FALSE,"distance_shares_mapped"
0.00826787793769308,3.00647818228791,0.0109694288996706,FALSE,"distance_shares_mapped"
0.00881906980020596,3.22100401289862,0.00711692011472502,FALSE,"distance_shares_mapped"
0.00937026166271883,3.45109284615013,0.00445427059053762,FALSE,"distance_shares_mapped"
0.0099214535252317,3.69395060139628,0.00270424430879418,FALSE,"distance_shares_mapped"
0.0104726453877446,3.94641438901124,0.00160307802575883,FALSE,"distance_shares_mapped"
0.0110238372502574,4.20507807123907,0.00093470605539344,FALSE,"distance_shares_mapped"
0.0115750291127703,4.46643314810206,0.000540191488714375,FALSE,"distance_shares_mapped"
0.0121262209752832,4.72701288958827,0.000311836172754965,FALSE,"distance_shares_mapped"
0.0126774128377961,4.98352757253557,0.000181147162711331,FALSE,"distance_shares_mapped"
0.0132286047003089,5.23298032339387,0.000106616228983,FALSE,"distance_shares_mapped"
0.0137797965628218,5.47275602113145,6.39595197529023e-05,FALSE,"distance_shares_mapped"
0.0143309884253347,5.70067935236848,3.93060212332526e-05,FALSE,"distance_shares_mapped"
0.0148821802878475,5.91504175308153,2.48435758864929e-05,FALSE,"distance_shares_mapped"
0.0154333721503604,6.11460004749668,1.61973867537027e-05,FALSE,"distance_shares_mapped"
0.0159845640128733,6.29855174977645,1.09142660987949e-05,FALSE,"distance_shares_mapped"
0.0165357558753862,6.46649311539291,7.60876962279882e-06,FALSE,"distance_shares_mapped"
0.017086947737899,6.61836620892206,5.48929420710831e-06,FALSE,"distance_shares_mapped"
0.0176381396004119,6.75440071526815,4.09665956538747e-06,FALSE,"distance_shares_mapped"
0.0181893314629248,6.87505523252679,3.15979110800598e-06,FALSE,"distance_shares_mapped"
0.0187405233254376,6.9809616013518,2.51556172245332e-06,FALSE,"distance_shares_mapped"
0.0192917151879505,7.07287464765949,2.06381541638366e-06,FALSE,"distance_shares_mapped"
0.0198429070504634,7.15162867422298,1.74179771139634e-06,FALSE,"distance_shares_mapped"
0.0203940989129763,7.21810119952949,1.50939566745982e-06,FALSE,"distance_shares_mapped"
0.0209452907754891,7.27318382659821,1.34047471809955e-06,FALSE,"distance_shares_mapped"
0.021496482638002,7.31775971458326,1.21770438742396e-06,FALSE,"distance_shares_mapped"
0.0220476745005149,7.35268688847326,1.12941235038564e-06,FALSE,"distance_shares_mapped"
0.0225988663630278,7.37878651736535,1.06763752849145e-06,FALSE,"distance_shares_mapped"
0.0231500582255406,7.3968352813187,1.02690422190307e-06,FALSE,"distance_shares_mapped"
0.0237012500880535,7.40756099772097,1.00343740049616e-06,FALSE,"distance_shares_mapped"
0.0242524419505664,7.41164076445536,9.94652619498e-07,FALSE,"distance_shares_mapped"
0.0248036338130792,7.40970097980368,9.98819847133114e-07,FALSE,"distance_shares_mapped"
0.0253548256755921,7.40231870492298,1.0148393068268e-06,FALSE,"distance_shares_mapped"
0.025906017538105,7.39002393557363,1.04209068099068e-06,FALSE,"distance_shares_mapped"
0.0264572094006178,7.3733024409076,1.08033115722965e-06,FALSE,"distance_shares_mapped"
0.0270084012631307,7.35259890635706,1.12962652106039e-06,FALSE,"distance_shares_mapped"
0.0275595931256436,7.32832018451389,1.1903049612781e-06,FALSE,"distance_shares_mapped"
0.0281107849881565,7.300838512862,1.26292672152394e-06,FALSE,"distance_shares_mapped"
0.0286619768506693,7.27049460140562,1.34826496140151e-06,FALSE,"distance_shares_mapped"
0.0292131687131822,7.23760052796456,1.44729464159569e-06,FALSE,"distance_shares_mapped"
0.0297643605756951,7.20244240556707,1.56118720205538e-06,FALSE,"distance_shares_mapped"
0.030315552438208,7.16528280632459,1.69130943627239e-06,FALSE,"distance_shares_mapped"
0.0308667443007208,7.1263629406234,1.83922538930206e-06,FALSE,"distance_shares_mapped"
0.0314179361632337,7.08590460051833,2.00670039367682e-06,FALSE,"distance_shares_mapped"
0.0319691280257466,7.04411188278657,2.19570655215045e-06,FALSE,"distance_shares_mapped"
0.0325203198882594,7.00117271098795,2.40842910984939e-06,FALSE,"distance_shares_mapped"
0.0330715117507723,6.95726017773906,2.64727325135401e-06,FALSE,"distance_shares_mapped"
0.0336227036132852,6.91253372878625,2.91487092432635e-06,FALSE,"distance_shares_mapped"
0.0341738954757981,6.86714020978849,3.21408734007827e-06,FALSE,"distance_shares_mapped"
0.0347250873383109,6.82121479534929,3.54802683946726e-06,FALSE,"distance_shares_mapped"
0.0352762792008238,6.77488181803542,3.92003784430596e-06,FALSE,"distance_shares_mapped"
0.0358274710633367,6.7282555131035,4.3337166431552e-06,FALSE,"distance_shares_mapped"
0.0363786629258496,6.68144069257108,4.79290978810922e-06,FALSE,"distance_shares_mapped"
0.0369298547883624,6.63453336023912,5.30171490723352e-06,FALSE,"distance_shares_mapped"
0.0374810466508753,6.58762127735999,5.86447976656806e-06,FALSE,"distance_shares_mapped"
0.0380322385133881,6.54078448691408,6.48579944625153e-06,FALSE,"distance_shares_mapped"
0.038583430375901,6.49409580291831,7.17051152749583e-06,FALSE,"distance_shares_mapped"
0.0391346222384139,6.44762126985981,7.92368922053033e-06,FALSE,"distance_shares_mapped"
0.0396858141009268,6.40142059622848,8.7506323977273e-06,FALSE,"distance_shares_mapped"
0.0402370059634396,6.35554756518577,9.65685653059264e-06,FALSE,"distance_shares_mapped"
0.0407881978259525,6.31005042466103,1.06480795631677e-05,FALSE,"distance_shares_mapped"
0.0413393896884654,6.26497225856584,1.17302067874011e-05,FALSE,"distance_shares_mapped"
0.0418905815509783,6.22035134036343,1.29093138171433e-05,FALSE,"distance_shares_mapped"
0.0424417734134911,6.17622146988397,1.41916277863687e-05,FALSE,"distance_shares_mapped"
0.042992965276004,6.1326122940335,1.55835069231861e-05,FALSE,"distance_shares_mapped"
0.0435441571385169,6.0895496118735,1.70914186739437e-05,FALSE,"distance_shares_mapped"
0.0440953490010298,6.04705566444263,1.87219165707876e-05,FALSE,"distance_shares_mapped"
0.0446465408635426,6.00514940963099,2.04816160512289e-05,FALSE,"distance_shares_mapped"
0.0451977327260555,5.96384678239348,2.23771694494395e-05,FALSE,"distance_shares_mapped"
0.0457489245885684,5.92316094058971,2.4415240386085e-05,FALSE,"distance_shares_mapped"
0.0463001164510812,5.88310249675294,2.66024777867825e-05,FALSE,"distance_shares_mapped"
0.0468513083135941,5.84367973612101,2.89454897585311e-05,FALSE,"distance_shares_mapped"
0.047402500176107,5.80489882129129,3.14508175494666e-05,FALSE,"distance_shares_mapped"
0.0479536920386199,5.76676398389914,3.41249098097675e-05,FALSE,"distance_shares_mapped"
0.0485048839011327,5.72927770375033,3.69740973613036e-05,FALSE,"distance_shares_mapped"
0.0490560757636456,5.69244087586553,4.00045686710382e-05,FALSE,"distance_shares_mapped"
0.0496072676261585,5.65625296592471,4.32223462079825e-05,FALSE,"distance_shares_mapped"
0.0501584594886713,5.62071215461195,4.66332638475286e-05,FALSE,"distance_shares_mapped"
0.0507096513511842,5.58581547138239,5.02429454686959e-05,FALSE,"distance_shares_mapped"
0.0512608432136971,5.55155891817623,5.40567848716663e-05,FALSE,"distance_shares_mapped"
0.05181203507621,5.51793758361117,5.80799271236794e-05,FALSE,"distance_shares_mapped"
0.0523632269387228,5.48494574818225,6.23172514222665e-05,FALSE,"distance_shares_mapped"
0.0529144188012357,5.45257698099365,6.67733555456572e-05,FALSE,"distance_shares_mapped"
0.0534656106637486,5.42082422853497,7.14525419420157e-05,FALSE,"distance_shares_mapped"
0.0540168025262614,5.3896798960068,7.63588054907338e-05,FALSE,"distance_shares_mapped"
0.0545679943887743,5.3591359216801,8.14958229527147e-05,FALSE,"distance_shares_mapped"
0.0551191862512872,5.32918384476046,8.6866944110323e-05,FALSE,"distance_shares_mapped"
0.0556703781138001,5.29981486720776,9.24751845831723e-05,FALSE,"distance_shares_mapped"
0.0562215699763129,5.2710199099423,9.83232202925175e-05,FALSE,"distance_shares_mapped"
0.0567727618388258,5.24278966384826,0.000104413383534886,FALSE,"distance_shares_mapped"
0.0573239537013387,5.21511463596207,0.000110747660615291,FALSE,"distance_shares_mapped"
0.0578751455638516,5.18798519121403,0.000117327690980762,FALSE,"distance_shares_mapped"
0.0584263374263644,5.16139159007092,0.000124154767786727,FALSE,"distance_shares_mapped"
0.0589775292888773,5.13532402240156,0.000131229839823398,FALSE,"distance_shares_mapped"
0.0595287211513902,5.10977263787337,0.000138553514722411,FALSE,"distance_shares_mapped"
0.060079913013903,5.08472757316311,0.000146126063361026,FALSE,"distance_shares_mapped"
0.0606311048764159,5.06017897624717,0.000153947425377962,FALSE,"distance_shares_mapped"
0.0611822967389288,5.03611702801974,0.000162017215712571,FALSE,"distance_shares_mapped"
0.0617334886014416,5.01253196146696,0.000170334732078873,FALSE,"distance_shares_mapped"
0.0622846804639545,4.98941407861119,0.000178898963285074,FALSE,"distance_shares_mapped"
0.0628358723264674,4.96675376542156,0.000187708598310482,FALSE,"distance_shares_mapped"
0.0633870641889803,4.94454150487249,0.000196762036053143,FALSE,"distance_shares_mapped"
0.0639382560514931,4.92276788831906,0.000206057395662892,FALSE,"distance_shares_mapped"
0.064489447914006,4.90142362534319,0.000215592527377785,FALSE,"distance_shares_mapped"
0.0650406397765189,4.88049955221311,0.000225365023784483,FALSE,"distance_shares_mapped"
0.0655918316390317,4.8599866390877,0.000235372231426194,FALSE,"distance_shares_mapped"
0.0661430235015446,4.83987599608478,0.000245611262686178,FALSE,"distance_shares_mapped"
0.0666942153640575,4.8201588783241,0.000256079007877936,FALSE,"distance_shares_mapped"
0.0672454072265704,4.80082669004627,0.000266772147477323,FALSE,"distance_shares_mapped"
0.0677965990890832,4.78187098789935,0.000277687164436365,FALSE,"distance_shares_mapped"
0.0683477909515961,4.76328348347806,0.000288820356522198,FALSE,"distance_shares_mapped"
0.068898982814109,4.7450560451925,0.00030016784862909,FALSE,"distance_shares_mapped"
0.0694501746766219,4.7271806995368,0.000311725605015542,FALSE,"distance_shares_mapped"
0.0700013665391347,4.709649631822,0.000323489441422542,FALSE,"distance_shares_mapped"
0.0705525584016476,4.69245518643162,0.000335455037033089,FALSE,"distance_shares_mapped"
0.0711037502641605,4.67558986665243,0.000347617946237483,FALSE,"distance_shares_mapped"
0.0716549421266734,4.65904633413064,0.000359973610171097,FALSE,"distance_shares_mapped"
0.0722061339891862,4.64281740799492,0.000372517367997683,FALSE,"distance_shares_mapped"
0.0727573258516991,4.6268960636881,0.000385244467912015,FALSE,"distance_shares_mapped"
0.0733085177142119,4.61127543154314,0.000398150077840394,FALSE,"distance_shares_mapped"
0.0738597095767248,4.59594879513544,0.000411229295821055,FALSE,"distance_shares_mapped"
0.0744109014392377,4.58090958944245,0.00042447716004784,FALSE,"distance_shares_mapped"
0.0749620933017506,4.56615139883603,0.000437888658565316,FALSE,"distance_shares_mapped"
0.0755132851642634,4.55166795493285,0.000451458738604226,FALSE,"distance_shares_mapped"
0.0760644770267763,4.53745313432368,0.000465182315550271,FALSE,"distance_shares_mapped"
0.0766156688892892,4.5235009562025,0.000479054281539505,FALSE,"distance_shares_mapped"
0.077166860751802,4.5098055799113,0.000493069513678262,FALSE,"distance_shares_mapped"
0.0777180526143149,4.49636130241873,0.00050722288188411,FALSE,"distance_shares_mapped"
0.0782692444768278,4.48316255574463,0.000521509256349698,FALSE,"distance_shares_mapped"
0.0788204363393407,4.4702039043447,0.000535923514629753,FALSE,"distance_shares_mapped"
0.0793716282018535,4.45748004246621,0.000550460548354755,FALSE,"distance_shares_mapped"
0.0799228200643664,4.44498579148499,0.000565115269575409,FALSE,"distance_shares_mapped"
0.0804740119268793,4.43271609723268,0.000579882616743238,FALSE,"distance_shares_mapped"
0.0810252037893922,4.42066602732224,0.000594757560334027,FALSE,"distance_shares_mapped"
0.081576395651905,4.40883076847921,0.000609735108120573,FALSE,"distance_shares_mapped"
0.0821275875144179,4.39720562388472,0.000624810310103282,FALSE,"distance_shares_mapped"
0.0826787793769308,4.38578601053575,0.000639978263107122,FALSE,"distance_shares_mapped"
0.0832299712394437,4.37456745662752,0.000655234115054152,FALSE,"distance_shares_mapped"
0.0837811631019565,4.36354559896274,0.000670573068920554,FALSE,"distance_shares_mapped"
0.0843323549644694,4.35271618039024,0.00068599038638971,FALSE,"distance_shares_mapped"
0.0848835468269823,4.34207504727797,0.000701481391208978,FALSE,"distance_shares_mapped"
0.0854347386894951,4.33161814702085,0.000717041472264026,FALSE,"distance_shares_mapped"
0.085985930552008,4.32134152558803,0.000732666086377807,FALSE,"distance_shares_mapped"
0.0865371224145209,4.31124132510949,0.000748350760848092,FALSE,"distance_shares_mapped"
0.0870883142770337,4.30131378150521,0.000764091095731841,FALSE,"distance_shares_mapped"
0.0876395061395466,4.29155522215721,0.000779882765888499,FALSE,"distance_shares_mapped"
0.0881906980020595,4.28196206362619,0.000795721522792133,FALSE,"distance_shares_mapped"
0.0887418898645724,4.27253080941236,0.000811603196124698,FALSE,"distance_shares_mapped"
0.0892930817270852,4.2632580477633,0.00082752369515735,FALSE,"distance_shares_mapped"
0.0898442735895981,4.25414044952658,0.000843479009934588,FALSE,"distance_shares_mapped"
0.090395465452111,4.24517476604927,0.000859465212267918,FALSE,"distance_shares_mapped"
0.0909466573146239,4.23635782712379,0.00087547845655038,FALSE,"distance_shares_mapped"
0.0914978491771367,4.22768653898006,0.000891514980401183,FALSE,"distance_shares_mapped"
0.0920490410396496,4.21915788232365,0.000907571105150628,FALSE,"distance_shares_mapped"
0.0926002329021625,4.21076891041985,0.000923643236173553,FALSE,"distance_shares_mapped"
0.0931514247646753,4.20251674722346,0.000939727863080548,FALSE,"distance_shares_mapped"
0.0937026166271882,4.19439858555334,0.000955821559775978,FALSE,"distance_shares_mapped"
0.0942538084897011,4.18641168531164,0.00097192098439075,FALSE,"distance_shares_mapped"
0.094805000352214,4.17855337174703,0.00098802287909791,FALSE,"distance_shares_mapped"
0.0953561922147268,4.17082103376135,0.00100412406981876,FALSE,"distance_shares_mapped"
0.0959073840772397,4.1632121222586,0.00102022146582787,FALSE,"distance_shares_mapped"
0.0964585759397526,4.15572414853642,0.00103631205926249,FALSE,"distance_shares_mapped"
0.0970097678022654,4.14835468271841,0.00105239292454493,FALSE,"distance_shares_mapped"
0.0975609596647783,4.14110135222705,0.00106846121772365,FALSE,"distance_shares_mapped"
0.0981121515272912,4.13396184029657,0.00108451417573909,FALSE,"distance_shares_mapped"
0.098663343389804,4.12693388452399,0.0011005491156222,FALSE,"distance_shares_mapped"
0.0992145352523169,4.12001527545942,0.00111656343362762,FALSE,"distance_shares_mapped"
0.0997657271148298,4.11320385523259,0.00113255460431157,FALSE,"distance_shares_mapped"
0.100316918977343,4.1064975162162,0.00114852017955679,FALSE,"distance_shares_mapped"
0.100868110839856,4.09989419972506,0.00116445778754974,FALSE,"distance_shares_mapped"
0.101419302702368,4.09339189475017,0.00118036513171512,FALSE,"distance_shares_mapped"
0.101970494564881,4.08698863672618,0.00119623998961355,FALSE,"distance_shares_mapped"
0.102521686427394,4.0806825063325,0.00121208021180438,FALSE,"distance_shares_mapped"
0.103072878289907,4.07447162832728,0.00122788372067757,FALSE,"distance_shares_mapped"
0.10362407015242,4.06835417041133,0.00124364850926319,FALSE,"distance_shares_mapped"
0.104175262014933,4.06232834212485,0.00125937264001366,FALSE,"distance_shares_mapped"
0.104726453877446,4.05639239377258,0.00127505424357071,FALSE,"distance_shares_mapped"
0.105277645739959,4.05054461537908,0.00129069151751409,FALSE,"distance_shares_mapped"
0.105828837602471,4.04478333567227,0.00130628272509765,FALSE,"distance_shares_mapped"
0.106380029464984,4.03910692109439,0.00132182619397614,FALSE,"distance_shares_mapped"
0.106931221327497,4.03351377484,0.00133732031492425,FALSE,"distance_shares_mapped"
0.10748241319001,4.02800233592111,0.00135276354054795,FALSE,"distance_shares_mapped"
0.108033605052523,4.02257107825644,0.00136815438399701,FALSE,"distance_shares_mapped"
0.108584796915036,4.01721850978678,0.00138349141767333,FALSE,"distance_shares_mapped"
0.109135988777549,4.01194317161383,0.00139877327194222,FALSE,"distance_shares_mapped"
0.109687180640061,4.00674363716291,0.00141399863384606,FALSE,"distance_shares_mapped"
0.110238372502574,4.0016185113686,0.00142916624582225,FALSE,"distance_shares_mapped"
