"state_code_2001","district_code_2001","state_code_1991","district_code_1991","state_name_1991","atlas_population_1991","pca91_population","n_atlas_language_columns","complete_atlas_alignment_1991","n_accepted_languages","n_unresolved_aligned_languages","n_unaligned_atlas_languages","n_unresolved_languages","accepted_speaker_coverage_1991","shastry_mapped_accepted_speaker_share_1991","shastry_mapped_population_share_1991","accepted_nonzero_mapped_speakers_1991","distance_resolved_speakers_1991","distance_resolved_speaker_share_1991","distance_unresolved_mass_upper_bound_1991","distance_unresolved_mass_upper_bound_share_1991","ling_distance_nonzero_mean_accepted_1991","ling_distance_nonzero_lower_bound_1991","ling_distance_nonzero_upper_bound_1991","ling_distance_nonzero_bound_width_1991","distant_speakers_ge3_accepted_1991","ling_share_distance_ge3_accepted_1991","ling_share_distance_ge3_lower_bound_1991","ling_share_distance_ge3_upper_bound_1991","ling_share_distance_ge3_bound_width_1991","atlas_source_status","ling_distance_nonzero_mean_sensitivity_low_accepted_1991","ling_distance_nonzero_mean_sensitivity_high_accepted_1991","min_accepted_coverage","max_distance_bound_width","historical_language_status","ling_distance_nonzero_mean_1991","ling_distance_nonzero_mean_sensitivity_low_1991","ling_distance_nonzero_mean_sensitivity_high_1991","ling_share_distance_ge3_1991","n_shrid_total","n_shrid_deterministic","shrid_coverage","population_1991_total","population_1991_deterministic","population_coverage","n_target_2001_districts","mapping_class","exact_language_persistence","preferred_language_persistence","preferred_population_coverage_threshold","n_transition_targets","ling_distance_nonzero_mean_2001","ling_share_distance_ge3_2001","persistence_status","ling_distance_change_1991_2001","ling_share_distance_ge3_change_1991_2001","rank_percentile_1991","rank_percentile_2001","quintile_1991","quintile_2001","same_quintile","absolute_quintile_change"
"28","11","02","01","ANDHRA PRADESH",2321126,2318147,11,FALSE,8,3,103,106,0.000865097370845012,1,0.000865097370845012,668,2008,0.000865097370845012,2319118,0.999134902629155,3.28293413173653,1.0006573882246,4.99950555784025,3.99884816961565,361,0.0155527963583192,0.0155527963583192,99.9290430592738,99.9134902629155,"candidate",3.28293413173653,3.28293413173653,0.99,0.5,"below_coverage_threshold",NA,NA,NA,NA,1705,1701,0.997653958944282,2289628,2289562,0.999971174356708,1,"high_population_coverage_single_target",FALSE,TRUE,0.99,1,4.88936056028546,99.592180656517,"historical_language_ineligible",NA,NA,NA,NA,NA,NA,NA,NA
"10","28","05","01","BIHAR",3618211,3618211,11,FALSE,5,6,103,109,9.5627369437548e-05,0.312138728323699,2.98490054891768e-05,108,108,2.98490054891768e-05,3618103,0.999970150994511,3.84259259259259,1.0000848485619,4.99996545253994,3.99988060397804,84,0.00232158931582486,0.00232158931582486,99.9993366887669,99.9970150994511,"candidate",3.84259259259259,1.88728323699422,0.99,0.5,"below_coverage_threshold",NA,NA,NA,NA,1263,1259,0.996832937450515,3589504,3587691,0.99949491628927,1,"high_population_coverage_single_target",FALSE,TRUE,0.99,1,2.99820100833908,64.5167581404844,"historical_language_ineligible",NA,NA,NA,NA,NA,NA,NA,NA
"30","01","06","01","GOA",664804,664804,69,FALSE,61,8,45,53,0.528805482518156,0.999982932823594,0.528796457301701,317100,351546,0.528796457301701,313258,0.471203542698299,2.36041627246925,1.68435397028355,3.67216407184489,1.98781010156134,40045,6.02357988219084,6.02357988219084,53.1439341520207,47.1203542698299,"candidate",2.36040996531063,2.36045360226549,0.99,0.5,"below_coverage_threshold",NA,NA,NA,NA,233,233,1,641437,641437,1,1,"deterministic_one_to_one",TRUE,TRUE,0.99,1,2.21698609804717,7.5458867027598,"historical_language_ineligible",NA,NA,NA,NA,NA,NA,NA,NA
"24","10","07","01","GUJARAT",1563558,1563558,71,FALSE,58,13,43,56,0.966642107296308,0.998463677078419,0.965157032869903,1489241,1509079,0.965157032869903,54479,0.0348429671300969,1.0082968438285,1.00800404218382,1.14916694737388,0.14116290519006,3589,0.229540573486881,0.229540573486881,3.71383728649657,3.48429671300969,"candidate",1.0082968438285,1.00828392766514,0.99,0.5,"below_coverage_threshold",NA,NA,NA,NA,709,709,1,1563084,1563084,1,1,"deterministic_one_to_one",TRUE,TRUE,0.99,1,1.17780890891236,5.6363137540982,"historical_language_ineligible",NA,NA,NA,NA,NA,NA,NA,NA
"02","01","09","01","HIMACHAL PRADESH",393286,393286,71,FALSE,68,3,43,46,0.915219458612816,0.989006592710512,0.905158078345021,6603,356015,0.905231816032099,37271,0.0947681839679012,3.49068605179464,1.37484615033961,4.77284952363587,3.39800337329626,5126,1.30337718606815,1.30337718606815,10.7801955828583,9.47681839679012,"candidate",3.49068605179464,2.64888710647684,0.99,0.5,"below_coverage_threshold",NA,NA,NA,NA,1149,1098,0.955613577023499,393286,390689,0.993396662988258,1,"high_population_coverage_single_target",FALSE,TRUE,0.99,1,1.9358135365307,2.1713219333313,"historical_language_ineligible",NA,NA,NA,NA,NA,NA,NA,NA
"29","20","11","01","KARNATAKA",4839162,4839162,69,FALSE,65,4,45,49,0.989913542882011,0.999488137823692,0.989406843581595,4048124,4787900,0.989406843581595,51262,0.0105931564184047,4.84967110691273,4.80153174158276,4.85155093957973,0.050019197996968,3866472,79.8996189836174,79.8996189836174,80.9589346254579,1.05931564184047,"candidate",4.84967106977728,4.84742278374511,0.99,0.5,"below_coverage_threshold",NA,NA,NA,NA,553,552,0.998191681735985,4107613,4107519,0.999977115663038,1,"high_population_coverage_single_target",FALSE,TRUE,0.99,1,4.81968665394572,79.8652724741153,"historical_language_ineligible",NA,NA,NA,NA,NA,NA,NA,NA
"32","01","12","01","KERALA",1071508,1071508,114,TRUE,94,20,0,20,0.171202641510843,0.999983646324511,0.171199841718401,176950,183442,0.171199841718401,888066,0.828800158281599,4.70940378638033,1.61630905075604,4.95171809625395,3.33540904549791,159832,14.9165475199439,14.9165475199439,97.7965633481038,82.8800158281599,"candidate",4.70940378638033,4.70939576834396,0.99,0.5,"below_coverage_threshold",NA,NA,NA,NA,119,119,1,1071508,1071508,1,1,"deterministic_one_to_one",TRUE,TRUE,0.99,1,4.89254351297255,95.7789915561558,"historical_language_ineligible",NA,NA,NA,NA,NA,NA,NA,NA
"14","01","15","01","MANIPUR",208406,208406,71,FALSE,64,7,43,50,0.644962237171675,0.786473135238889,0.507245472779095,105713,105713,0.507245472779095,102693,0.492754527220905,4.87930528884811,2.9677600452962,4.93877815417982,1.97101810888362,101613,48.7572334769632,48.7572334769632,98.0326861990538,49.2754527220905,"candidate",4.87930528884811,4.05096939306917,0.99,0.5,"below_coverage_threshold",NA,NA,NA,NA,476,359,0.754201680672269,187745,95820,0.510373112466377,1,"incomplete_population_coverage_single_target",FALSE,FALSE,0.99,1,4.96554409188242,59.5879132188877,"geography_not_preferred",NA,NA,NA,NA,NA,NA,NA,NA
"17","07","16","01","MEGHALAYA",220473,220473,11,FALSE,9,2,103,105,0.0250007937479873,0.998911465892598,0.0249735795312805,3594,5506,0.0249735795312805,214967,0.97502642046872,3.0353366722315,1.03346891714441,4.9676932298077,3.93422431266328,3340,1.51492473001229,1.51492473001229,99.0175667768842,97.5026420468719,"candidate",3.0353366722315,3.03194444444444,0.99,0.5,"below_coverage_threshold",NA,NA,NA,NA,448,126,0.28125,218333,80273,0.367663156737644,1,"incomplete_population_coverage_single_target",FALSE,FALSE,0.99,1,4.9710487607055,98.4437868418466,"geography_not_preferred",NA,NA,NA,NA,NA,NA,NA,NA
"03","01","20","01","PUNJAB",1756732,1756732,114,TRUE,106,8,0,8,0.999204204170016,0.999037789959062,0.998242759851816,1558040,1753670,0.998256990821594,3062,0.00174300917840627,1.01119419270365,1.01117223602301,1.01901797576327,0.00784573974026048,5447,0.3100643695225,0.3100643695225,0.484365287363127,0.174300917840627,"candidate",1.01119419270365,1.0111881207163,0.99,0.5,"eligible",1.01119419270365,1.01119419270365,1.0111881207163,0.3100643695225,1543,1527,0.989630589760207,1707288,1696287,0.993556447418362,1,"high_population_coverage_single_target",FALSE,TRUE,0.99,1,1.02376501870207,0.705535192863556,"eligible",0.0125708259984199,0.395470823341056,0.0777777777777778,0.133333333333333,1,1,TRUE,0
"11","01","22","01","SIKKIM",31240,31206,99,FALSE,89,10,15,25,0.448335467349552,0.999143224332429,0.447951344430218,13926,13994,0.447951344430218,17246,0.552048655569782,4.9641677437886,2.77098036699602,4.98399204414218,2.21301167714616,13873,44.4078104993598,44.4078104993598,99.612676056338,55.2048655569782,"candidate",4.9641677437886,4.96075477112929,0.99,0.5,"below_coverage_threshold",NA,NA,NA,NA,53,53,1,31206,31206,1,1,"deterministic_one_to_one",TRUE,TRUE,0.99,1,4.86397995068515,59.5695712851651,"historical_language_ineligible",NA,NA,NA,NA,NA,NA,NA,NA
"16","01","24","01","TRIPURA",1293861,1293861,41,FALSE,35,6,73,79,0.743641704943576,1,0.743641704943576,940014,962169,0.743641704943576,331692,0.256358295056424,3.03677072894659,2.50553115264063,3.54882889598697,1.04329774334634,940014,72.6518536380647,72.6518536380647,98.2876831437071,25.6358295056424,"candidate",3.03677072894659,3.03677072894659,0.99,0.5,"below_coverage_threshold",NA,NA,NA,NA,263,263,1,1261234,1261234,1,1,"deterministic_one_to_one",TRUE,TRUE,0.99,1,3.51971218946995,98.1684564890708,"historical_language_ineligible",NA,NA,NA,NA,NA,NA,NA,NA
"05","01","25","01","UTTAR PRADESH",239709,239709,11,FALSE,5,6,103,109,0.96623405879629,1,0.96623405879629,9507,231615,0.96623405879629,8094,0.0337659412037095,2.99873777216788,2.07959775012783,3.91903869098347,1.83944094085563,9501,3.96355581142135,3.96355581142135,7.3401499317923,3.37659412037095,"candidate",2.99873777216788,2.99873777216788,0.99,0.5,"below_coverage_threshold",NA,NA,NA,NA,665,663,0.996992481203008,236521,236353,0.999289703662677,1,"high_population_coverage_single_target",FALSE,TRUE,0.99,1,3.35201640464798,1.99271473307232,"historical_language_ineligible",NA,NA,NA,NA,NA,NA,NA,NA
"19","03","26","01","WEST BENGAL",2171145,2171145,26,FALSE,23,3,88,91,0.997060076595529,0.999310778736877,0.996372881590129,2122958,2163270,0.996372881590129,7875,0.00362711840987129,3.00007913486748,2.99268736686545,3.00747031794608,0.0147829510806337,2122229,97.7469952490506,97.7469952490506,98.1097070900377,0.362711840987131,"candidate",3.00007913486748,2.99867448045376,0.99,0.5,"eligible",3.00007913486748,3.00007913486748,2.99867448045376,97.7469952490506,1147,1144,0.997384481255449,2156422,2155838,0.99972918102301,1,"high_population_coverage_single_target",FALSE,TRUE,0.99,1,3.014491849617,98.1987063642023,"eligible",0.0144127147495201,0.451711115151696,0.422222222222222,0.544444444444444,3,3,TRUE,0
"35","01","27","01","ANDAMAN AND NICOBAR ISLANDS",241453,241453,84,FALSE,69,15,30,45,0.813296997759398,0.998283878129886,0.811901280994645,149697,196036,0.811901280994645,45417,0.188098719005355,4.09695585081865,3.37607244995234,4.30715889172484,0.931086441772502,148338,61.4355588872369,61.4355588872369,80.2454307877724,18.8098719005355,"candidate",4.09695585081865,4.08999960009065,0.99,0.5,"below_coverage_threshold",NA,NA,NA,NA,291,275,0.945017182130584,217712,217020,0.996821488939516,1,"high_population_coverage_single_target",FALSE,TRUE,0.99,1,4.1423631101797,82.8303602703233,"historical_language_ineligible",NA,NA,NA,NA,NA,NA,NA,NA
"04","01","28","01","CHANDIGARH U.T.",642015,642015,11,FALSE,7,4,103,107,0.62218483991807,1,0.62218483991807,7398,399452,0.62218483991807,242563,0.37781516008193,3.29170045958367,1.06782658094663,4.94944011265757,3.88161353171095,5832,0.908389990888063,0.908389990888063,38.689905999081,37.781516008193,"candidate",3.29170045958367,3.29170045958367,0.99,0.5,"below_coverage_threshold",NA,NA,NA,NA,1,1,1,642015,642015,1,1,"deterministic_one_to_one",TRUE,TRUE,0.99,1,1.29894867208878,3.40690205545608,"historical_language_ineligible",NA,NA,NA,NA,NA,NA,NA,NA
"26","01","29","01","DADRA AND NAGAR HAVELI",138477,138477,11,FALSE,8,3,103,106,0.435371939022365,0.918127684983994,0.399727030481596,48361,55353,0.399727030481596,83124,0.600272969518404,1.42532205702942,1.1564360953721,3.68521124082595,2.52877514545385,948,0.684590220758682,0.684590220758682,60.7118871725991,60.0272969518404,"candidate",1.42532205702942,1.38593166594743,0.99,0.5,"below_coverage_threshold",NA,NA,NA,NA,71,71,1,125594,125594,1,1,"deterministic_one_to_one",TRUE,TRUE,0.99,1,1.66896856581532,5.7974841450145,"historical_language_ineligible",NA,NA,NA,NA,NA,NA,NA,NA
"25","02","30","01","DAMAN AND DIU",62101,62101,69,FALSE,54,15,45,60,0.955701196438061,0.980488626790227,0.937054153717331,54668,58192,0.937054153717331,3909,0.0629458462826686,1.04723055535231,1.04407873397409,1.31100944056541,0.266930706591324,727,1.17067358013559,1.17067358013559,7.46525820840244,6.29458462826686,"candidate",1.04723055535231,1.04725396768531,0.99,0.5,"below_coverage_threshold",NA,NA,NA,NA,22,22,1,61908,61908,1,1,"deterministic_one_to_one",TRUE,TRUE,0.99,1,1.38540210521285,9.26847641852081,"historical_language_ineligible",NA,NA,NA,NA,NA,NA,NA,NA
"31","01","32","01","LAKSHADWEEP U.T.",51707,51707,69,FALSE,57,12,45,57,0.0118165818941343,0.932896890343699,0.0110236525035295,533,570,0.0110236525035295,51137,0.98897634749647,4.96622889305816,1.04091348945229,4.99965163537836,3.95873814592607,531,1.02694025953933,1.02694025953933,99.9245750091864,98.897634749647,"candidate",4.96622889305816,4.68292682926829,0.99,0.5,"below_coverage_threshold",NA,NA,NA,NA,11,11,1,51707,51707,1,1,"deterministic_one_to_one",TRUE,TRUE,0.99,1,4.96879878164858,98.8152423626801,"historical_language_ineligible",NA,NA,NA,NA,NA,NA,NA,NA
"34","02","33","01","PONDICHERRY U.T.",608338,608338,99,FALSE,85,14,15,29,0.0838694936038847,0.990023715724898,0.0830327876936834,41964,50512,0.0830327876936834,557826,0.916967212306317,4.84927556953579,1.26931259274079,4.98945464245819,3.7201420497174,40900,6.7232360957231,6.7232360957231,98.4199573263548,91.6967212306317,"candidate",4.84927556953579,4.80328679396322,0.99,0.5,"below_coverage_threshold",NA,NA,NA,NA,66,66,1,489674,489674,1,1,"deterministic_one_to_one",TRUE,TRUE,0.99,1,4.98336160033589,98.2628877908006,"historical_language_ineligible",NA,NA,NA,NA,NA,NA,NA,NA
"28","12","02","02","ANDHRA PRADESH",2110943,2107412,26,FALSE,25,1,88,89,0.00517730701397432,0.935858724494464,0.00484522793841425,6488,10228,0.00484522793841425,2100715,0.995154772061586,4.40012330456227,1.01046885373645,4.99815300187025,3.98768414813381,5449,0.258131081701401,0.258131081701401,99.77360828786,99.5154772061586,"candidate",4.40012330456227,4.06857699262763,0.99,0.5,"below_coverage_threshold",NA,NA,NA,NA,1462,1455,0.995212038303694,2107412,2106320,0.999481828897245,1,"high_population_coverage_single_target",FALSE,TRUE,0.99,1,4.98097121373722,97.5986393801621,"historical_language_ineligible",NA,NA,NA,NA,NA,NA,NA,NA
"18","01","04","02","ASSAM",800659,800659,54,FALSE,48,6,60,66,0.82554995322603,0.999978819457052,0.82553246762979,660905,660984,0.82554995322603,139675,0.17445004677397,3.98291736331243,3.46249594044318,4.1603649853856,0.697869044942417,660735,82.5238959407188,82.5238959407188,99.9689006181158,17.445004677397,"candidate",3.98291736331243,3.98291736331243,0.99,0.5,"below_coverage_threshold",NA,NA,NA,NA,916,898,0.980349344978166,789123,782346,0.991411985203828,1,"high_population_coverage_single_target",FALSE,TRUE,0.99,1,4.11095383777698,95.6057121321469,"historical_language_ineligible",NA,NA,NA,NA,NA,NA,NA,NA
"30","02","06","02","GOA",504989,504989,69,FALSE,60,9,45,54,0.837180611854912,0.991882053234997,0.830384424215181,376764,422765,0.837176651372604,82224,0.162823348627396,2.34273444384283,2.10219439288173,2.81876214628705,0.716567753405318,44867,8.88474798460957,8.88474798460957,25.1670828473491,16.2823348627396,"candidate",2.34273444384283,2.34276182033411,0.99,0.5,"below_coverage_threshold",NA,NA,NA,NA,153,153,1,504989,504989,1,1,"deterministic_one_to_one",TRUE,TRUE,0.99,1,2.33536888733506,11.0781602905413,"historical_language_ineligible",NA,NA,NA,NA,NA,NA,NA,NA
"24","09","07","02","GUJARAT",2514122,2514122,99,FALSE,91,8,15,23,0.999559289485554,0.998717078376802,0.998276933259404,2485170,2509947,0.99833938050739,4175,0.00166061949261014,1.02875175541311,1.02870353446389,1.03541212648307,0.00670859201918583,22967,0.913519709862926,0.913519709862926,1.07958165912394,0.166061949261014,"candidate",1.02875175541311,1.02874404648753,0.99,0.5,"eligible",1.02875175541311,1.02875175541311,1.02874404648753,0.913519709862926,850,850,1,2511261,2511261,1,1,"deterministic_one_to_one",TRUE,TRUE,0.99,1,1.03037800168689,0.947115991417392,"eligible",0.00162624627377994,0.033596281554466,0.0888888888888889,0.144444444444444,1,1,TRUE,0
"02","02","09","02","HIMACHAL PRADESH",1174072,1174072,84,FALSE,82,2,30,32,0.993208252986188,0.993663482829059,0.986914771836821,30771,1158743,0.986943730878515,15329,0.0130562691214849,1.1972636573397,1.13167028199566,2.46173535791757,1.33006507592191,1807,0.153908789239501,0.153908789239501,1.45953570138799,1.30562691214849,"candidate",1.17776477852523,1.16062529507423,0.99,0.5,"distance_bound_too_wide",NA,NA,NA,NA,3622,3589,0.990889011595803,1172773,1171916,0.999269253299658,1,"high_population_coverage_single_target",FALSE,TRUE,0.99,1,2.08700724143244,1.0307760821094,"historical_language_ineligible",NA,NA,NA,NA,NA,NA,NA,NA
"29","21","11","02","KARNATAKA",1673194,1673194,69,FALSE,68,1,45,46,0.999669494392163,0.999955758587766,0.999625267601964,1516653,1672583,0.999634830151196,611,0.000365169848804143,4.96828081307985,4.96668279218383,4.96829358635017,0.00161079416634102,1501441,89.7350217607761,89.7350217607761,89.7715387456565,0.0365169848804214,"candidate",4.96828081307985,4.96812906348012,0.99,0.5,"eligible",4.96828081307985,4.96828081307985,4.96812906348012,89.7350217607761,1709,1692,0.990052662375658,1661965,1659281,0.998385044209716,1,"high_population_coverage_single_target",FALSE,TRUE,0.99,1,4.93656471682481,88.9368707365834,"eligible",-0.0317160962550398,-0.798151024192705,0.688888888888889,0.744444444444444,4,4,TRUE,0
"32","02","12","02","KERALA",2251727,2251727,99,FALSE,85,14,15,29,0.999892082832421,0.999663777313097,0.999555896429718,2249001,2250889,0.999627841208104,838,0.000372158791896176,4.99539395491598,4.99390578614736,4.99539567053465,0.00148988438728281,2245837,99.738422997104,99.738422997104,99.7756388762936,0.0372158791896169,"candidate",4.99539395491598,4.994337205436,0.99,0.5,"eligible",4.99539395491598,4.99539395491598,4.994337205436,99.738422997104,123,123,1,2251727,2251727,1,1,"deterministic_one_to_one",TRUE,TRUE,0.99,1,4.98996516490551,99.6028858236549,"eligible",-0.0054287900104697,-0.135537173449094,0.855555555555556,0.855555555555556,5,5,TRUE,0
"23","03","13","02","MADHYA PRADESH",1219000,1219000,99,FALSE,82,17,15,32,0.999842493847416,0.999774369712046,0.999616899097621,3190,1218533,0.999616899097621,467,0.000383100902378999,1.07742946708464,1.06754170084769,1.57834290401969,0.510801203171999,84,0.00689089417555373,0.00689089417555373,0.0452009844134537,0.0383100902378999,"candidate",1.07742946708464,1.07128427128427,0.99,0.5,"distance_bound_too_wide",NA,NA,NA,NA,886,882,0.99548532731377,1218602,1218513,0.999926965489963,1,"high_population_coverage_single_target",FALSE,TRUE,0.99,1,1.16247755834829,0.0111302604480945,"historical_language_ineligible",NA,NA,NA,NA,NA,NA,NA,NA
"27","21","14","02","MAHARASHTRA",5249126,5249126,114,TRUE,113,1,0,1,0.998262948917591,0.997378439116887,0.995645941819648,4389063,5233408,0.997005596741248,15718,0.00299440325875203,2.23363574412124,2.22923364407901,2.24350722544435,0.0142735813653392,526472,10.0297078027847,10.0297078027847,10.3291481286599,0.299440325875203,"candidate",2.23334587126513,2.23866875116024,0.99,0.5,"eligible",2.23363574412124,2.23334587126513,2.23866875116024,10.0297078027847,1620,1616,0.997530864197531,5187162,5185700,0.999718150310324,1,"high_population_coverage_single_target",FALSE,TRUE,0.99,1,2.28031361279194,12.2521682673446,"eligible",0.0466778686706997,2.2224604645599,0.322222222222222,0.411111111111111,2,3,FALSE,1
"14","02","15","02","MANIPUR",86278,86278,114,TRUE,101,13,0,13,0.910208859732493,0.99987266175141,0.910092955330443,78515,78530,0.910197269292288,7748,0.0898027307077123,4.8666751576132,4.51937678958534,4.87865017446646,0.35927338488112,75135,87.0847724796588,87.0847724796588,96.06504555043,8.98027307077122,"candidate",4.8666751576132,4.86662591064242,0.99,0.5,"below_coverage_threshold",NA,NA,NA,NA,155,155,1,78605,78605,1,1,"deterministic_one_to_one",TRUE,TRUE,0.99,1,4.86546349466776,16.2043424587902,"historical_language_ineligible",NA,NA,NA,NA,NA,NA,NA,NA
"15","06","17","02","MIZORAM",111415,111415,69,FALSE,67,2,45,47,0.219342099358255,0.999877240363369,0.21931517300184,22901,24438,0.219342099358255,86977,0.780657900641745,3.03034801973713,1.42316933326053,4.5894810608129,3.16631172755238,22162,19.8913970291253,19.8913970291253,97.9571870932998,78.0657900641745,"candidate",3.03034801973713,3.05340378149426,0.99,0.5,"below_coverage_threshold",NA,NA,NA,NA,160,146,0.9125,111197,108740,0.977904080146047,1,"incomplete_population_coverage_single_target",FALSE,FALSE,0.99,1,4.59782943176445,97.3521126760563,"geography_not_preferred",NA,NA,NA,NA,NA,NA,NA,NA
"13","08","18","02","NAGALAND",102156,102156,84,FALSE,78,6,30,36,0.942499706331493,0.987380818844644,0.930606131798426,92330,95080,0.930733388151455,7076,0.0692666118485454,4.97364886819019,4.69079331227491,4.97552461622035,0.284731303945436,92213,90.266846783351,90.266846783351,97.1935079682055,6.92666118485454,"candidate",4.97364886819019,4.9225826455117,0.99,0.5,"below_coverage_threshold",NA,NA,NA,NA,100,100,1,102030,102030,1,1,"deterministic_one_to_one",TRUE,TRUE,0.99,1,4.89945238095238,28.4913649101037,"historical_language_ineligible",NA,NA,NA,NA,NA,NA,NA,NA
"21","05","19","02","ORISSA",1573617,1573437,99,FALSE,97,2,15,17,0.998582247141458,0.998726601866123,0.997310654371426,1199262,1569514,0.99739263111672,4103,0.00260736888327973,3.61569865467262,3.60678015398487,3.62041857624245,0.013638422257586,1188066,75.4990572674291,75.4990572674291,75.7597941557571,0.260736888327983,"candidate",3.52431868828328,3.48797469724444,0.99,0.5,"eligible",3.61569865467262,3.52431868828328,3.48797469724444,75.4990572674291,1674,1671,0.99820788530466,1569193,1569162,0.999980244622554,1,"high_population_coverage_single_target",FALSE,TRUE,0.99,1,3.43133616376968,83.5557667972264,"eligible",-0.18436249090294,8.0567095297973,0.533333333333333,0.6,3,4,FALSE,1
"03","02","20","02","PUNJAB",2504560,2504560,84,FALSE,73,11,30,41,0.99870635960009,0.999987606543745,0.99869398217651,2399037,2501309,0.998701967611077,3251,0.00129803238892261,1.00606618405635,1.00605797473076,1.01147114750604,0.00541317277528752,5438,0.217123965886224,0.217123965886224,0.346927204778484,0.12980323889226,"candidate",1.00606618405635,1.00607491984307,0.99,0.5,"eligible",1.00606618405635,1.00606618405635,1.00607491984307,0.217123965886224,1201,1188,0.98917568692756,2468745,2446412,0.990953703197374,1,"high_population_coverage_single_target",FALSE,TRUE,0.99,1,1.00856128268153,0.264403976718497,"eligible",0.00249509862517994,0.047280010832273,0.0333333333333333,0.0333333333333333,1,1,TRUE,0
"08","03","21","02","RAJASTHAN",1211140,1211140,84,FALSE,68,16,30,46,0.994839572634047,0.999311970387338,0.994155093548227,39754,1204061,0.994155093548227,7079,0.00584490645177271,2.4542687528299,2.23445006726027,2.83906647022399,0.604616402963722,19171,1.58288884852288,1.58288884852288,2.16737949370015,0.584490645177271,"candidate",2.4542687528299,2.42993371608802,0.99,0.5,"distance_bound_too_wide",NA,NA,NA,NA,582,571,0.981099656357388,1209634,1200119,0.992133984329144,1,"high_population_coverage_single_target",FALSE,TRUE,0.99,1,1.04888148629083,1.50952019463323,"historical_language_ineligible",NA,NA,NA,NA,NA,NA,NA,NA
"11","04","22","02","SIKKIM",178452,178452,69,FALSE,64,5,45,50,0.133234707372291,1,0.133234707372291,9102,23776,0.133234707372291,154676,0.866765292627709,4.34882443419029,1.18611168777247,4.96381076823505,3.77769908046258,8608,4.82370609463609,4.82370609463609,91.500235357407,86.6765292627709,"candidate",4.34882443419029,4.34882443419029,0.99,0.5,"below_coverage_threshold",NA,NA,NA,NA,121,121,1,170511,170511,1,1,"deterministic_one_to_one",TRUE,TRUE,0.99,1,4.4637031759721,20.8334531768109,"historical_language_ineligible",NA,NA,NA,NA,NA,NA,NA,NA
"35","02","27","02","ANDAMAN AND NICOBAR ISLANDS",39208,39208,11,FALSE,6,5,103,108,0.137012854519486,0.962397617274758,0.131860844725566,601,5170,0.131860844725566,34038,0.868139155274434,3,1.03470077080747,4.96529922919253,3.93059845838506,601,1.53285043868598,1.53285043868598,88.3467659661294,86.8139155274434,"candidate",3,2.49688667496887,0.99,0.5,"below_coverage_threshold",NA,NA,NA,NA,139,127,0.913669064748201,30243,30038,0.993221571934001,1,"high_population_coverage_single_target",FALSE,TRUE,0.99,1,4.36678362573099,28.5796531292729,"historical_language_ineligible",NA,NA,NA,NA,NA,NA,NA,NA
"25","01","30","02","DAMAN AND DIU",39485,39485,24,FALSE,20,4,90,94,0.993567177409143,0.997501975478576,0.991085222236292,38928,39133,0.991085222236292,352,0.00891477776370774,1.00832305795314,1.00824847250509,1.04409368635438,0.0358452138492871,95,0.24059769532734,0.24059769532734,1.13207547169811,0.891477776370774,"candidate",1.00832305795314,1.00843027725106,0.99,0.5,"eligible",1.00832305795314,1.00832305795314,1.00843027725106,0.24059769532734,3,3,1,39485,39485,1,1,"deterministic_one_to_one",TRUE,TRUE,0.99,1,1.01369223950923,0.367563642964106,"eligible",0.00536918155609012,0.126965947636766,0.0666666666666667,0.0888888888888889,1,1,TRUE,0
"34","04","33","02","PONDICHERRY U.T.",145703,145703,11,FALSE,5,6,103,109,0.00272472083622163,0.841309823677582,0.00229233440629225,334,334,0.00229233440629225,145369,0.997707665593708,5,1.00916933762517,5,3.99083066237483,334,0.229233440629225,0.229233440629225,100,99.7707665593708,"candidate",5,4.36523929471033,0.99,0.5,"below_coverage_threshold",NA,NA,NA,NA,19,19,1,107484,107484,1,1,"deterministic_one_to_one",TRUE,TRUE,0.99,1,4.99420528341806,99.5186818205772,"historical_language_ineligible",NA,NA,NA,NA,NA,NA,NA,NA
"28","13","02","03","ANDHRA PRADESH",3285092,3283918,26,FALSE,26,0,88,88,0.0151609148236944,0.964642104206405,0.0146248567772227,25131,49491,0.0150653315036535,3235601,0.984934668496346,4.13170984043611,1.02413660490957,4.99330794435115,3.96917133944157,21603,0.657607153772254,0.657607153772254,99.1510740034069,98.4934668496347,"candidate",4.13170984043611,4.09306347022991,0.99,0.5,"below_coverage_threshold",NA,NA,NA,NA,3033,3003,0.990108803165183,3070027,3068343,0.999451470622245,1,"high_population_coverage_single_target",FALSE,TRUE,0.99,1,4.92609908044541,97.5206130114459,"historical_language_ineligible",NA,NA,NA,NA,NA,NA,NA,NA
"18","04","04","03","ASSAM",807523,807523,54,FALSE,50,4,60,64,0.966966885153736,0.999871934102412,0.96684304967165,754895,780748,0.96684304967165,26775,0.0331569503283498,3.35690394028309,3.27617153018537,3.4131858712756,0.13701434109023,754176,93.3937485371934,93.3937485371934,96.7094435700283,3.31569503283497,"candidate",3.35690394028309,3.35660112954839,0.99,0.5,"below_coverage_threshold",NA,NA,NA,NA,863,851,0.986095017381228,807523,798673,0.989040559835447,1,"incomplete_population_coverage_single_target",FALSE,FALSE,0.99,1,3.29492864963336,96.0523448673294,"geography_not_preferred",NA,NA,NA,NA,NA,NA,NA,NA
"24","08","07","03","GUJARAT",1208872,1208872,99,FALSE,89,10,15,25,0.999786577900721,0.999103104878812,0.998889874196772,1199251,1207592,0.998941161677994,1280,0.00105883832200597,1.00664748247031,1.00664039495856,1.0109051744603,0.00426477950173698,2509,0.207548855461951,0.207548855461951,0.313432687662548,0.105883832200597,"candidate",1.00664748247031,1.00677429218186,0.99,0.5,"eligible",1.00664748247031,1.00664748247031,1.00677429218186,0.207548855461951,657,656,0.998477929984779,1203236,1203234,0.99999833781569,1,"high_population_coverage_single_target",FALSE,TRUE,0.99,1,1.0095646346076,0.278701575436239,"eligible",0.00291715213728994,0.071152719974288,0.0555555555555556,0.0444444444444444,1,1,TRUE,0
"02","06","09","03","HIMACHAL PRADESH",369128,368785,56,FALSE,56,0,58,58,0.996250623090093,0.999434389140271,0.995687132918662,17774,367541,0.995700678355476,1587,0.00429932164452439,1.03471362664566,1.03186818862662,1.35974381488559,0.327875626258974,196,0.0530981123079257,0.0530981123079257,0.483030276760365,0.429932164452439,"candidate",1.03471362664566,1.03432163319798,0.99,0.5,"eligible",1.03471362664566,1.03471362664566,1.03432163319798,0.0530981123079257,1614,1612,0.998760842627014,365669,365666,0.999991795859097,1,"high_population_coverage_single_target",FALSE,TRUE,0.99,1,1.41739775114296,0.337358858214761,"eligible",0.3826841244973,0.284260745906835,0.111111111111111,0.311111111111111,1,2,FALSE,1
"29","01","11","03","KARNATAKA",3583606,3583606,84,FALSE,81,3,30,33,0.794989181288345,0.99959669040425,0.794668554523014,2503504,2848511,0.794872818049752,735095,0.205127181950248,4.97127865583598,4.06988052549883,4.9777978070147,0.907917281515866,2482227,69.2661804897078,69.2661804897078,89.7788986847326,20.5127181950248,"candidate",4.97127865583598,4.97062207633548,0.99,0.5,"below_coverage_threshold",NA,NA,NA,NA,1133,1132,0.999117387466902,3535125,3535072,0.999985007602277,1,"high_population_coverage_single_target",FALSE,TRUE,0.99,1,4.28618334389624,68.6780752319541,"historical_language_ineligible",NA,NA,NA,NA,NA,NA,NA,NA
"32","03","12","03","KERALA",672128,672128,99,FALSE,84,15,15,30,0.0342538921157875,1,0.0342538921157875,22654,23023,0.0342538921157875,649105,0.965746107884213,4.97183720314293,1.13394386975091,4.99905025463001,3.8651063848791,22497,3.34713030851266,3.34713030851266,99.9217410969339,96.5746107884213,"candidate",4.97183720314293,4.97784055795886,0.99,0.5,"below_coverage_threshold",NA,NA,NA,NA,47,47,1,672128,672128,1,1,"deterministic_one_to_one",TRUE,TRUE,0.99,1,4.99362029790781,99.6299861196733,"historical_language_ineligible",NA,NA,NA,NA,NA,NA,NA,NA
"14","03","15","03","MANIPUR",176184,176184,114,TRUE,101,13,0,13,0.87659492348908,0.998575517022572,0.875346228942469,150997,154298,0.87577759614948,21886,0.12422240385052,4.83930806572316,4.35327360122164,4.85965074645859,0.506377145236952,144521,82.0284475321255,82.0284475321255,94.4506879171775,12.422240385052,"candidate",4.83930806572316,4.83841834842947,0.99,0.5,"below_coverage_threshold",NA,NA,NA,NA,463,460,0.993520518358531,134602,134177,0.996842543201438,1,"high_population_coverage_single_target",FALSE,TRUE,0.99,1,4.96740625330602,92.5257283567309,"historical_language_ineligible",NA,NA,NA,NA,NA,NA,NA,NA
"17","04","16","03","MEGHALAYA",220157,220157,11,FALSE,9,2,103,105,0.00665888434162893,0.987039563437926,0.00657258229354506,1446,1447,0.00657258229354506,218710,0.993427417706455,3.98409405255878,1.01959973836734,4.9933274587111,3.97372772034376,1417,0.643631590183369,0.643631590183369,99.9863733608289,99.3427417706455,"candidate",3.98409405255878,3.94539249146758,0.99,0.5,"below_coverage_threshold",NA,NA,NA,NA,725,481,0.663448275862069,196013,125864,0.642120675669471,1,"incomplete_population_coverage_single_target",FALSE,FALSE,0.99,1,4.96513720121137,99.288961931959,"geography_not_preferred",NA,NA,NA,NA,NA,NA,NA,NA
"21","06","19","03","ORISSA",1337026,1336112,99,FALSE,98,1,15,16,0.999605093693017,0.999306396268457,0.998911763869962,1301361,1335586,0.998922982799138,1440,0.00107701720086221,3.32811264514612,3.32553935712361,3.32996060027587,0.00442124315225412,1298700,97.1334888027608,97.1334888027608,97.241190522847,0.107701720086226,"candidate",3.32688483442863,3.32502478358992,0.99,0.5,"eligible",3.32811264514612,3.32688483442863,3.32502478358992,97.1334888027608,2064,2057,0.996608527131783,1329490,1329054,0.999672054697666,1,"high_population_coverage_single_target",FALSE,TRUE,0.99,1,3.3213274461307,96.3861365522058,"eligible",-0.00678519901541996,-0.747352250554997,0.5,0.588888888888889,3,3,TRUE,0
"08","04","21","03","RAJASTHAN",1543211,1543211,84,FALSE,69,15,30,45,0.999941032042929,0.999904090414226,0.999845128112747,2730,1542973,0.999845776112275,238,0.00015422388772501,3.38205128205128,3.19103773584906,3.51179245283019,0.320754716981132,2144,0.13893109885816,0.13893109885816,0.154353487630661,0.015422388772501,"candidate",3.38205128205128,3.36565867222802,0.99,0.5,"eligible",3.38205128205128,3.38205128205128,3.36565867222802,0.13893109885816,933,930,0.996784565916399,1543211,1543047,0.999893728077366,1,"high_population_coverage_single_target",FALSE,TRUE,0.99,1,1.00198782914024,0.0646096573505051,"eligible",-2.38006345291104,-0.0743214415076549,0.511111111111111,0,3,1,FALSE,2
"33","04","23","03","TAMIL NADU",3026432,3026432,41,FALSE,41,0,73,73,0.0165524948189816,0.997884020361314,0.0165174700769751,43810,49989,0.0165174700769751,2976443,0.983482529923025,3.92613558548277,1.04244478856573,4.98442315925189,3.94197837068616,29565,0.9768929220944,0.9768929220944,99.3251459143969,98.3482529923025,"candidate",3.92613558548277,3.9190727752983,0.99,0.5,"below_coverage_threshold",NA,NA,NA,NA,823,815,0.990279465370595,2908324,2903556,0.998360567804688,1,"high_population_coverage_single_target",FALSE,TRUE,0.99,1,4.98741513985556,91.0703147835734,"historical_language_ineligible",NA,NA,NA,NA,NA,NA,NA,NA
"19","01","26","03","WEST BENGAL",1299919,1299919,26,FALSE,25,1,88,89,0.927413169589797,0.470664304282982,0.436500274247857,381677,567688,0.436710287333288,732231,0.563289712666712,3.02499233645203,1.69385712285036,4.32326996484449,2.62941284199413,380282,29.2542843054067,29.2542843054067,85.583255572078,56.3289712666712,"candidate",3.02499233645203,1.75807193558733,0.99,0.5,"below_coverage_threshold",NA,NA,NA,NA,624,601,0.963141025641026,1287987,1053712,0.818107636179558,1,"incomplete_population_coverage_single_target",FALSE,FALSE,0.99,1,3.30011422044546,40.5261163333373,"geography_not_preferred",NA,NA,NA,NA,NA,NA,NA,NA
"34","03","33","03","PONDICHERRY U.T.",33447,33447,39,FALSE,30,9,75,84,0.999820611714055,1,0.999820611714055,33432,33441,0.999820611714055,6,0.000179388285944928,4.99868389566882,4.99796638554937,4.99868413182607,0.000717746276691855,33422,99.9252548808563,99.9252548808563,99.9431937094508,0.017938828594481,"candidate",4.99868389566882,4.99868389566882,0.99,0.5,"eligible",4.99868389566882,4.99868389566882,4.99868389566882,99.9252548808563,1,1,1,33447,33447,1,1,"deterministic_one_to_one",TRUE,TRUE,0.99,1,4.99812009590235,99.6279903331795,"eligible",-0.000563799766469586,-0.297264547676804,0.966666666666667,0.988888888888889,5,5,TRUE,0
"28","14","02","04","ANDHRA PRADESH",4541222,4541031,26,FALSE,25,1,88,89,0.0027358274931285,0.972633612363168,0.00266095777744404,4033,12424,0.0027358274931285,4528798,0.997264172506871,3.58145301264567,1.0022967986232,4.99873787485128,3.99644107622808,2700,0.0594553624553039,0.0594553624553039,99.7858726131425,99.7264172506871,"candidate",3.58145301264567,3.58145301264567,0.99,0.5,"below_coverage_threshold",NA,NA,NA,NA,1327,1321,0.995478522984175,4523741,4523560,0.999959988867621,1,"high_population_coverage_single_target",FALSE,TRUE,0.99,1,4.99325565415034,98.7291982030896,"historical_language_ineligible",NA,NA,NA,NA,NA,NA,NA,NA
"18","03","04","04","ASSAM",668138,668053,69,FALSE,64,5,45,50,0.850943966665569,0.999635914645729,0.850634150430001,561207,568341,0.850634150430001,99797,0.149365849569999,3.15472722186288,2.82941101717993,3.43332264252561,0.603911625345686,561046,83.9715747345608,83.9715747345608,98.9081596915607,14.9365849569999,"candidate",3.15472722186288,3.15393274838176,0.99,0.5,"below_coverage_threshold",NA,NA,NA,NA,746,721,0.966487935656836,668053,660836,0.989196964911467,1,"incomplete_population_coverage_single_target",FALSE,FALSE,0.99,1,3.39353776319522,98.6071515049748,"geography_not_preferred",NA,NA,NA,NA,NA,NA,NA,NA
"32","04","12","04","KERALA",2619941,2619941,99,FALSE,81,18,15,33,0.999527851963079,0.999726200441134,0.999254181678137,2615593,2617989,0.999254945054106,1952,0.00074505494589382,4.99554135524908,4.99256173246305,4.99554468022517,0.0029829477621206,2612420,99.7129324667998,99.7129324667998,99.7874379613892,0.0745054945893742,"candidate",4.99554135354444,4.99444866582986,0.99,0.5,"eligible",4.99554135524908,4.99554135354444,4.99444866582986,99.7129324667998,98,98,1,2562144,2562144,1,1,"deterministic_one_to_one",TRUE,TRUE,0.99,1,4.9921526667441,99.6848824874276,"eligible",-0.00338868850498031,-0.0280499793721987,0.866666666666667,0.877777777777778,5,5,TRUE,0
"23","05","13","04","MADHYA PRADESH",396317,396317,99,FALSE,83,16,15,31,1.00029774145444,0.999649375055179,NA,4199,396296,NA,NA,NA,NA,NA,NA,NA,3798,NA,NA,NA,NA,"population_bound_violation",NA,NA,0.99,0.5,"population_bound_violation",NA,NA,NA,NA,405,404,0.997530864197531,396317,396314,0.999992430302006,1,"high_population_coverage_single_target",FALSE,TRUE,0.99,1,3.3861985472155,0.822814027156524,"historical_language_ineligible",NA,NA,NA,NA,NA,NA,NA,NA
"27","32","14","04","MAHARASHTRA",1544057,1544057,114,TRUE,109,5,0,5,0.0907324017183303,0.999229100045683,0.0906624561139906,27688,140017,0.0906812378040448,1404040,0.909318762195955,4.01166570355389,1.05824220801717,4.98088673267548,3.92264452465832,20798,1.34697099912762,1.34697099912762,92.2788472187231,90.9318762195955,"candidate",4.01000433400751,4.10372397896708,0.99,0.5,"below_coverage_threshold",NA,NA,NA,NA,1522,1522,1,1544057,1544057,1,1,"deterministic_one_to_one",TRUE,TRUE,0.99,1,2.0529797451368,2.290537604869,"historical_language_ineligible",NA,NA,NA,NA,NA,NA,NA,NA
"14","09","15","04","MANIPUR",71014,71014,114,TRUE,101,13,0,13,0.853535922494156,0.999851517001303,0.853409186920889,60560,60606,0.853437350381615,10408,0.146562649618385,4.77156538969617,4.21843647841281,4.80506707248337,0.586630594070567,56289,79.2646520404427,79.2646520404427,93.9209170022812,14.6562649618385,"candidate",4.77156538969617,4.77112949295821,0.99,0.5,"below_coverage_threshold",NA,NA,NA,NA,279,270,0.967741935483871,68696,67598,0.984016536625131,1,"incomplete_population_coverage_single_target",FALSE,FALSE,0.99,1,4.98005178987365,73.0966788964597,"geography_not_preferred",NA,NA,NA,NA,NA,NA,NA,NA
"17","02","16","04","MEGHALAYA",188830,188788,11,FALSE,8,3,103,106,0.040835672297834,1,0.040835672297834,7709,7711,0.040835672297834,181119,0.959164327702166,3.25398884420807,1.09202025123393,4.92871819857225,3.83669794733832,7709,4.08250807604724,4.08250807604724,99.9989408462638,95.9164327702166,"candidate",3.25398884420807,3.25398884420807,0.99,0.5,"below_coverage_threshold",NA,NA,NA,NA,783,674,0.860791826309068,172609,149420,0.865655904385055,1,"incomplete_population_coverage_single_target",FALSE,FALSE,0.99,1,4.93438659234113,98.8986845731953,"geography_not_preferred",NA,NA,NA,NA,NA,NA,NA,NA
"13","05","18","04","NAGALAND",82612,82612,84,FALSE,81,3,30,33,0.0674962475185203,0.80864418938307,0.0545804483610129,2873,4513,0.0546288674768799,78099,0.94537113252312,3.92272885485555,1.10370251444944,4.96177691053698,3.85807439608754,2861,3.46317726238319,3.46317726238319,98.0002905146952,94.537113252312,"candidate",3.92272885485555,3.13338414634146,0.99,0.5,"below_coverage_threshold",NA,NA,NA,NA,107,107,1,78365,78365,1,1,"deterministic_one_to_one",TRUE,TRUE,0.99,1,3.8655323819978,3.35826045496179,"historical_language_ineligible",NA,NA,NA,NA,NA,NA,NA,NA
"08","05","21","04","RAJASTHAN",1582421,1582421,84,FALSE,69,15,30,45,0.999684028460189,0.999763578585783,0.99944768174841,5944,1581547,0.99944768174841,874,0.000552318251590443,3.4507065948856,3.13655030800821,3.64931064828395,0.512760340275741,4250,0.268575808839746,0.268575808839746,0.32380763399879,0.0552318251590443,"candidate",3.4507065948856,3.31006647673314,0.99,0.5,"distance_bound_too_wide",NA,NA,NA,NA,833,833,1,1582421,1582421,1,1,"deterministic_one_to_one",TRUE,TRUE,0.99,1,1.00561666145742,0.144502930822554,"historical_language_ineligible",NA,NA,NA,NA,NA,NA,NA,NA
"33","05","23","04","TAMIL NADU",2428596,2428182,41,FALSE,39,2,73,75,0.101741500027176,0.999708607020143,0.101711853268308,240877,247017,0.101711853268308,2181579,0.898288146731692,4.89805170273625,1.38760291208592,4.98986276737328,3.60225985528736,232826,9.58685594475162,9.58685594475162,99.4156706179208,89.8288146731692,"candidate",4.89805170273625,4.89688689307696,0.99,0.5,"below_coverage_threshold",NA,NA,NA,NA,1082,1070,0.988909426987061,2310803,2305310,0.99762290424584,1,"high_population_coverage_single_target",FALSE,TRUE,0.99,1,4.98233711442612,95.3387069269495,"historical_language_ineligible",NA,NA,NA,NA,NA,NA,NA,NA
"05","05","25","04","UTTAR PRADESH",1025679,1025441,69,FALSE,54,15,45,60,0.986844812070833,0.956749056003541,0.944162842370761,69035,968408,0.944162842370761,57271,0.0558371576292388,1.59537915550083,1.32541605307745,3.13913828321695,1.8137222301395,14812,1.44411653158542,1.44411653158542,7.0278322945093,5.58371576292388,"candidate",1.59537915550083,1.3682120379399,0.99,0.5,"below_coverage_threshold",NA,NA,NA,NA,711,708,0.9957805907173,962655,962426,0.999762116230633,1,"high_population_coverage_single_target",FALSE,TRUE,0.99,1,2.00576476288685,2.17999715757794,"historical_language_ineligible",NA,NA,NA,NA,NA,NA,NA,NA
"34","01","33","04","PONDICHERRY U.T.",20297,20297,39,FALSE,33,6,75,81,0.99950731635217,1,0.99950731635217,19722,20287,0.99950731635217,10,0.000492683647829729,5,4.99797283600243,5,0.00202716399756753,19722,97.1670690249791,97.1670690249791,97.216337389762,0.049268364782975,"candidate",5,5,0.99,0.5,"eligible",5,5,5,97.1670690249791,1,1,1,20297,20297,1,1,"deterministic_one_to_one",TRUE,TRUE,0.99,1,4.99738391105298,97.3848506083965,"eligible",-0.00261608894702015,0.217781583417405,1,0.977777777777778,5,5,TRUE,0
"12","06","03","05","ARUNACHAL PRADESH",50086,50086,54,FALSE,46,8,60,68,0.257257517070638,0.999456732634847,0.257117757457174,11181,12879,0.25713772311624,37207,0.74286227688376,4.34970038458099,1.77401421840126,4.84973547160453,3.07572125320327,11049,22.0600567024717,22.0600567024717,96.3462843908477,74.286227688376,"candidate",4.34970038458099,4.34970038458099,0.99,0.5,"below_coverage_threshold",NA,NA,NA,NA,368,355,0.964673913043478,47504,46994,0.989264061973729,1,"incomplete_population_coverage_single_target",FALSE,FALSE,0.99,1,4.86671536214055,95.5271624230168,"geography_not_preferred",NA,NA,NA,NA,NA,NA,NA,NA
"18","05","04","05","ASSAM",1385659,1385659,69,FALSE,63,6,45,51,1.02628640957119,0.999990858480131,NA,1422062,1422074,NA,NA,NA,NA,NA,NA,NA,1421845,NA,NA,NA,NA,"population_bound_violation",NA,NA,0.99,0.5,"population_bound_violation",NA,NA,NA,NA,1049,1039,0.990467111534795,1378609,1375235,0.997552605561113,1,"high_population_coverage_single_target",FALSE,TRUE,0.99,1,3.14378269979818,99.2003601477772,"historical_language_ineligible",NA,NA,NA,NA,NA,NA,NA,NA
"10","34","05","05","BIHAR",1539988,1539988,26,FALSE,23,3,88,91,0.00388704327566189,0.99966588706983,0.00388574456424336,5984,5984,0.00388574456424336,1534004,0.996114255435757,4.49398395721925,1.01357672916932,4.99803375091235,3.98445702174303,5227,0.339418229232955,0.339418229232955,99.9508437728086,99.6114255435757,"candidate",4.49398395721925,4.49281657200134,0.99,0.5,"below_coverage_threshold",NA,NA,NA,NA,1742,1736,0.996555683122847,1539608,1539030,0.99962457976316,1,"high_population_coverage_single_target",FALSE,TRUE,0.99,1,3.00011002534658,73.1294654678765,"historical_language_ineligible",NA,NA,NA,NA,NA,NA,NA,NA
"02","08","09","05","HIMACHAL PRADESH",295387,295387,26,FALSE,21,5,88,93,0.294884338173312,1,0.294884338173312,119,87105,0.294884338173312,208282,0.705115661826688,2.83193277310924,1.00104606023963,4.99876200210172,3.99771594186208,77,0.0260674978925951,0.0260674978925951,70.5376336805614,70.5115661826688,"candidate",2.83193277310924,2.83193277310924,0.99,0.5,"below_coverage_threshold",NA,NA,NA,NA,949,942,0.992623814541623,292063,292025,0.999869891085143,1,"high_population_coverage_single_target",FALSE,TRUE,0.99,1,1.01556550239184,0.31378327526337,"historical_language_ineligible",NA,NA,NA,NA,NA,NA,NA,NA
"29","05","11","05","KARNATAKA",1255799,1255798,84,FALSE,79,5,30,35,0.802843448672917,0.999986114004027,0.802832300392021,723018,1008196,0.802832300392021,247603,0.197167699607979,4.99007493589371,3.97221675607678,4.99260679503122,1.02039003895444,721347,57.4412784211486,57.4412784211486,77.1580483819465,19.7167699607979,"candidate",4.99007493589371,4.99005161597274,0.99,0.5,"below_coverage_threshold",NA,NA,NA,NA,589,582,0.98811544991511,1249026,1236993,0.990366093259868,1,"high_population_coverage_single_target",FALSE,TRUE,0.99,1,4.13497764139707,57.8033385046642,"historical_language_ineligible",NA,NA,NA,NA,NA,NA,NA,NA
"32","05","12","05","KERALA",3096330,3096330,99,FALSE,80,19,15,34,0.0031792476900072,0.962210483543275,0.00305910545710567,8882,9472,0.00305910545710567,3086858,0.996940894542894,4.9013735645125,1.01119344647806,4.99971703049998,3.98852358402191,8677,0.28023498787274,0.28023498787274,99.9743244421622,99.6940894542894,"candidate",4.9013735645125,4.76018588565871,0.99,0.5,"below_coverage_threshold",NA,NA,NA,NA,127,127,1,3065578,3065578,1,1,"deterministic_one_to_one",TRUE,TRUE,0.99,1,4.99809667100943,99.9020518901558,"historical_language_ineligible",NA,NA,NA,NA,NA,NA,NA,NA
"23","06","13","05","MADHYA PRADESH",1132977,1132977,99,FALSE,80,19,15,34,0.999659304646078,0.999168278751994,0.998827866761638,5231,1131693,0.998866702501463,1284,0.00113329749853704,1.31236857197477,1.25080583269378,2.03914044512663,0.788334612432847,416,0.0367174267438792,0.0367174267438792,0.150047176597583,0.113329749853704,"candidate",1.31236857197477,1.27231195953663,0.99,0.5,"distance_bound_too_wide",NA,NA,NA,NA,1323,1314,0.993197278911565,1124973,1124471,0.999553767068187,1,"high_population_coverage_single_target",FALSE,TRUE,0.99,1,1.3660676080445,0.0590882926118829,"historical_language_ineligible",NA,NA,NA,NA,NA,NA,NA,NA
"27","33","14","05","MAHARASHTRA",832152,832152,114,TRUE,105,9,0,9,0.0731416856535825,0.999326378049782,0.0730924158086503,41735,60824,0.0730924158086503,771328,0.92690758419135,2.79127830358213,1.09194736447237,4.88662502167729,3.79467765720492,12141,1.45898826175987,1.45898826175987,94.1497466808948,92.690758419135,"candidate",2.79118246076435,2.84421677518192,0.99,0.5,"below_coverage_threshold",NA,NA,NA,NA,739,739,1,831664,831664,1,1,"deterministic_one_to_one",TRUE,TRUE,0.99,1,2.04536394830123,1.91955261473572,"historical_language_ineligible",NA,NA,NA,NA,NA,NA,NA,NA
"14","05","15","05","MANIPUR",293958,293958,114,TRUE,99,15,0,15,0.0209043468794862,0.991375101708706,0.0207240490138047,6089,6139,0.0208839358003524,287819,0.979116064199648,4.61208737066842,1.07483294092029,4.99196347156253,3.91713053064224,6064,2.06287973111805,2.06287973111805,99.9744861510828,97.9116064199648,"candidate",4.61208737066842,4.60853158326497,0.99,0.5,"below_coverage_threshold",NA,NA,NA,NA,93,93,1,283567,283567,1,1,"deterministic_one_to_one",TRUE,TRUE,0.99,1,4.99074436299106,98.5511944820185,"historical_language_ineligible",NA,NA,NA,NA,NA,NA,NA,NA
"13","03","18","05","NAGALAND",158374,158374,84,FALSE,78,6,30,36,0.980533420889793,0.984963713286668,0.96578983924129,149020,152956,0.96578983924129,5418,0.0342101607587104,4.94829553080123,4.80978127144874,4.95010942902653,0.140328157577798,148808,93.959867149911,93.959867149911,97.380883225782,3.42101607587104,"candidate",4.94829553080123,4.88738396485085,0.99,0.5,"below_coverage_threshold",NA,NA,NA,NA,98,96,0.979591836734694,154029,153543,0.996844750014608,1,"high_population_coverage_single_target",FALSE,TRUE,0.99,1,4.94591250511713,93.838669924113,"historical_language_ineligible",NA,NA,NA,NA,NA,NA,NA,NA
"33","06","23","05","TAMIL NADU",2042979,2030187,11,FALSE,11,0,103,103,0.00609795793299882,0.998474875581955,0.006088657788455,9099,12439,0.006088657788455,2030540,0.993911342211545,3.50587976700736,1.01117893901813,4.99333460480016,3.98215566578203,5439,0.266228874599298,0.266228874599298,99.6573630957538,99.3911342211545,"candidate",3.50587976700736,3.50065803904365,0.99,0.5,"below_coverage_threshold",NA,NA,NA,NA,1051,1046,0.995242626070409,1933370,1932600,0.999601731691296,1,"high_population_coverage_single_target",FALSE,TRUE,0.99,1,4.99515185771976,98.4438568964965,"historical_language_ineligible",NA,NA,NA,NA,NA,NA,NA,NA
"28","16","02","06","ANDHRA PRADESH",3698833,3698833,39,FALSE,37,2,75,77,0.999847519474386,0.999892111687927,0.99973964761318,3441329,3698255,0.999843734496799,578,0.000156265503200604,4.99500367445252,4.99433279283839,4.99500451348627,0.00067172064788501,3438417,92.9595091208497,92.9595091208497,92.9751356711698,0.0156265503200501,"candidate",4.99500367445252,4.99499962659927,0.99,0.5,"eligible",4.99500367445252,4.99500367445252,4.99499962659927,92.9595091208497,933,931,0.997856377277599,3799781.37158203,3796447.37158203,0.999122581097709,1,"high_population_coverage_single_target",FALSE,TRUE,0.99,1,4.95350913428602,92.9258623419441,"eligible",-0.0414945401665001,-0.0336467789056059,0.822222222222222,0.755555555555556,5,4,FALSE,1
"18","07","04","06","ASSAM",1016390,1016390,54,FALSE,50,4,60,64,0.937999193223074,0.999992657648161,0.937992306102972,953361,953372,0.937998209348774,63018,0.0620017906512264,3.2981158239114,3.15562698560281,3.40363683232338,0.248009846720564,953278,93.7905725164553,93.7905725164553,99.9907515815779,6.20017906512264,"candidate",3.29806405323644,3.29805498651613,0.99,0.5,"below_coverage_threshold",NA,NA,NA,NA,804,788,0.980099502487562,1015867,1009666,0.993895854477013,1,"high_population_coverage_single_target",FALSE,TRUE,0.99,1,3.34654210874915,97.1739986226124,"historical_language_ineligible",NA,NA,NA,NA,NA,NA,NA,NA
"10","33","05","06","BIHAR",1174900,1174900,26,FALSE,23,3,88,91,0.000171929525917099,1,0.000171929525917099,202,202,0.000171929525917099,1174698,0.999828070474083,4.66336633663366,1.00062984083752,4.99994212273385,3.99931228189633,185,0.0157460209379522,0.0157460209379522,99.9985530683462,99.9828070474083,"candidate",4.66336633663366,4.66336633663366,0.99,0.5,"below_coverage_threshold",NA,NA,NA,NA,838,838,1,1174900,1174900,1,1,"deterministic_one_to_one",TRUE,TRUE,0.99,1,2.99927311618069,77.6234160964845,"historical_language_ineligible",NA,NA,NA,NA,NA,NA,NA,NA
"02","05","09","06","HIMACHAL PRADESH",776372,776372,84,FALSE,79,5,30,35,0.997100616714668,0.999985790335103,0.997086448249035,10209,774113,0.997090312376026,2259,0.00290968762397407,1.3855421686747,1.31568816169394,2.04042348411935,0.724735322425409,972,0.125197714497689,0.125197714497689,0.416166476895097,0.290968762397407,"candidate",1.3270643549809,1.38807869237545,0.99,0.5,"distance_bound_too_wide",NA,NA,NA,NA,2821,2780,0.985466146756469,776194,775908,0.999631535415115,1,"high_population_coverage_single_target",FALSE,TRUE,0.99,1,1.85632898958811,0.42324026264422,"historical_language_ineligible",NA,NA,NA,NA,NA,NA,NA,NA
"32","06","12","06","KERALA",2382235,2382235,99,FALSE,83,16,15,31,0.0884610460345012,0.998908581868223,0.0883644980449032,207811,210505,0.0883644980449032,2171730,0.911635501955097,4.99711276111467,1.34907740610479,4.99974785053084,3.65067044442605,207682,8.71794764160547,8.71794764160547,99.8814978371151,91.1635501955097,"candidate",4.99711276111467,4.99269374786701,0.99,0.5,"below_coverage_threshold",NA,NA,NA,NA,146,146,1,2327554,2327554,1,1,"deterministic_one_to_one",TRUE,TRUE,0.99,1,4.99844652412176,99.828106160099,"historical_language_ineligible",NA,NA,NA,NA,NA,NA,NA,NA
"23","07","13","06","MADHYA PRADESH",1310317,1310317,99,FALSE,82,17,15,32,0.999771047769357,0.997980178883175,0.997751689095082,11170,1307373,0.997753215443286,2944,0.00224678455671414,1.69722470904208,1.55179254640782,2.3861414198668,0.834348873458977,2246,0.17140890334171,0.17140890334171,0.396087359013124,0.224678455671414,"candidate",1.69722470904208,1.57079774142175,0.99,0.5,"distance_bound_too_wide",NA,NA,NA,NA,2047,2037,0.995114802149487,1287650,1286614,0.999195433541723,1,"high_population_coverage_single_target",FALSE,TRUE,0.99,1,1.44698684613032,0.107703631305375,"historical_language_ineligible",NA,NA,NA,NA,NA,NA,NA,NA
"27","20","14","06","MAHARASHTRA",3851352,3851352,114,TRUE,110,4,0,4,0.999572357966761,0.999498922644722,0.999071494893222,3366009,3848658,0.999300505380967,2694,0.000699494619032485,2.0252557256977,2.024435814021,2.02763467126666,0.00319885724565205,49086,1.27451346955563,1.27451346955563,1.34446293145887,0.0699494619032486,"candidate",2.02423698490874,2.02707379978236,0.99,0.5,"eligible",2.0252557256977,2.02423698490874,2.02707379978236,1.27451346955563,1826,1825,0.999452354874042,3847229,3837759,0.997538488091039,1,"high_population_coverage_single_target",FALSE,TRUE,0.99,1,2.00066746113146,1.66983710817261,"eligible",-0.0245882645662401,0.39532363861698,0.266666666666667,0.366666666666667,2,2,TRUE,0
"14","04","15","06","MANIPUR",180773,180773,114,TRUE,101,13,0,13,0.0452943747130379,0.997557401074744,0.0451837387220437,8161,8172,0.0452058659202425,172601,0.954794134079757,4.67736796961157,1.1660249388699,4.98543388544052,3.81940894657063,8107,4.48462989495113,4.48462989495113,99.9640433029269,95.4794134079758,"candidate",4.67736796961157,4.67736796961157,0.99,0.5,"below_coverage_threshold",NA,NA,NA,NA,51,50,0.980392156862745,168143,167876,0.99841206592008,1,"high_population_coverage_single_target",FALSE,TRUE,0.99,1,4.9873472228481,97.362413291837,"historical_language_ineligible",NA,NA,NA,NA,NA,NA,NA,NA
"13","02","18","06","NAGALAND",232906,232906,99,FALSE,92,7,15,22,0.99274385374357,0.986441249740502,0.97928348775901,224749,228086,0.979304955647343,4820,0.0206950443526573,4.97064725538267,4.88728007701388,4.97126354168028,0.083983464666396,224492,96.3873837513847,96.3873837513847,98.4568881866504,2.06950443526573,"candidate",4.97064725538267,4.91619491473358,0.99,0.5,"eligible",4.97064725538267,4.97064725538267,4.91619491473358,96.3873837513847,208,207,0.995192307692308,223997,223933,0.999714281887704,1,"high_population_coverage_single_target",FALSE,TRUE,0.99,1,4.92530164533821,20.0938879348099,"eligible",-0.0453456100444605,-76.2934958165748,0.7,0.722222222222222,4,4,TRUE,0
"03","03","20","06","PUNJAB",646647,646647,84,FALSE,67,17,30,47,0.999161830179371,1,0.999161830179371,614803,646105,0.999161830179371,542,0.000838169820628565,1.00543751413054,1.00543272473165,1.00895595153938,0.00352322680772588,1010,0.156190317128201,0.156190317128201,0.240007299191058,0.0838169820628565,"candidate",1.00543751413054,1.00543751413054,0.99,0.5,"eligible",1.00543751413054,1.00543751413054,1.00543751413054,0.156190317128201,624,601,0.963141025641026,612791,611410,0.997746376823419,1,"high_population_coverage_single_target",FALSE,TRUE,0.99,1,1.0103462655763,0.341560655181463,"eligible",0.00490875144575997,0.185370338053262,0.0222222222222222,0.0555555555555556,1,1,TRUE,0
"08","07","21","06","RAJASTHAN",1651584,1651584,84,FALSE,68,16,30,46,0.999938241106719,0.999934604191871,0.999872849337363,25973,1651374,0.999872849337363,210,0.000127150662636596,1.33704231317137,1.33433907497231,1.36642096016499,0.0320818851926823,2877,0.174196407812137,0.174196407812137,0.186911474075796,0.0127150662636596,"candidate",1.33704231317137,1.33564663931598,0.99,0.5,"eligible",1.33704231317137,1.33704231317137,1.33564663931598,0.174196407812137,1340,1332,0.994029850746269,1626880,1626787,0.999942835365854,1,"high_population_coverage_single_target",FALSE,TRUE,0.99,1,1.0424846670775,0.0946242659836711,"eligible",-0.29455764609387,-0.0795721418284659,0.2,0.166666666666667,2,1,FALSE,1
"19","07","26","06","WEST BENGAL",4740149,4740149,26,FALSE,22,4,88,92,0.990455996214465,0.999923321197493,0.990380049234739,4647845,4694549,0.990380049234739,45600,0.00961995076526075,2.99985670778608,2.98042674410801,3.01928945582616,0.0388627117181515,4647329,98.0418337060713,98.0418337060713,99.0038287825973,0.96199507652608,"candidate",2.99985670778608,2.99970182038013,0.99,0.5,"eligible",2.99985670778608,2.99985670778608,2.99970182038013,98.0418337060713,1932,1918,0.992753623188406,4700839,4693675,0.998476016728078,1,"high_population_coverage_single_target",FALSE,TRUE,0.99,1,3.02131073498621,99.4343221855897,"eligible",0.02145402720013,1.39248847951841,0.4,0.566666666666667,3,3,TRUE,0
"28","17","02","07","ANDHRA PRADESH",4106999,4106999,39,FALSE,36,3,75,78,0.999881908907209,0.999978083600835,0.999859995096176,3658251,4106501,0.999878743578949,498,0.000121256421050991,4.99688567022875,4.99634164573738,4.99688609412671,0.000544448389326213,3655866,89.0155074301211,89.0155074301211,89.0276330722262,0.0121256421051044,"candidate",4.99688567022875,4.99688212769773,0.99,0.5,"eligible",4.99688567022875,4.99688567022875,4.99688212769773,89.0155074301211,688,687,0.998546511627907,4075320,4074758,0.999862096718785,1,"high_population_coverage_single_target",FALSE,TRUE,0.99,1,4.97311252205915,88.5854209199529,"eligible",-0.0237731481695995,-0.430086510168209,0.9,0.8,5,5,TRUE,0
"10","35","05","07","BIHAR",2664803,2664803,26,FALSE,19,7,88,95,0.000272065139524385,0.526896551724138,0.000143350183859745,382,382,0.000143350183859745,2664421,0.99985664981614,4.64921465968586,1.00052311559241,4.99994971485697,3.99942659926456,382,0.0143350183859745,0.0143350183859745,100,99.985664981614,"candidate",4.64921465968586,2.92275862068966,0.99,0.5,"below_coverage_threshold",NA,NA,NA,NA,2646,2642,0.99848828420257,2648467,2648217,0.999905605771188,1,"high_population_coverage_single_target",FALSE,TRUE,0.99,1,2.99986693718494,67.2576928813672,"historical_language_ineligible",NA,NA,NA,NA,NA,NA,NA,NA
"24","01","07","07","GUJARAT",1262507,1262507,99,FALSE,89,10,15,25,0.997855853472496,0.997876647086839,0.99573705333911,1218861,1257182,0.995782201603635,5325,0.00421779839636533,2.04043939382752,2.03591366017909,2.05331297694958,0.0173993167704909,420575,33.3126865831239,33.3126865831239,33.7344664227604,0.421779839636528,"candidate",2.04043939382752,2.03820941661707,0.99,0.5,"eligible",2.04043939382752,2.04043939382752,2.03820941661707,33.3126865831239,892,885,0.992152466367713,1225871,1225537,0.999727540662925,1,"high_population_coverage_single_target",FALSE,TRUE,0.99,1,2.15279220320049,37.3191004839169,"eligible",0.11235280937297,4.006413900793,0.288888888888889,0.388888888888889,2,2,TRUE,0
"06","08","08","07","HARYANA",754866,754866,99,FALSE,85,14,15,29,0.0127135147165192,0.994373241638012,0.0126419788412778,8336,9543,0.0126419788412778,745323,0.987358021158722,1.06741842610365,1.00074569533436,4.95650287464225,3.95575717930788,164,0.0217257102585095,0.0217257102585095,98.7575278261307,98.7358021158722,"candidate",1.06741842610365,1.06984505363528,0.99,0.5,"below_coverage_threshold",NA,NA,NA,NA,243,242,0.995884773662551,738070,738065,0.99999322557481,1,"high_population_coverage_single_target",FALSE,TRUE,0.99,1,1.47243233594395,0.754874235841319,"historical_language_ineligible",NA,NA,NA,NA,NA,NA,NA,NA
"02","04","09","07","HIMACHAL PRADESH",302432,302432,84,FALSE,77,7,30,37,0.99388292244207,0.9906614501201,0.984601497196064,35022,297775,0.984601497196064,4657,0.0153985028039361,4.00045685569071,3.64830262859447,4.11777010509337,0.469467476498904,31863,10.5355914718019,10.5355914718019,12.0754417521955,1.53985028039361,"candidate",3.99920050254126,3.78281212826139,0.99,0.5,"eligible",4.00045685569071,3.99920050254126,3.78281212826139,10.5355914718019,175,175,1,297164,297164,1,1,"deterministic_one_to_one",TRUE,TRUE,0.99,1,3.93093789239834,14.82332420818,"eligible",-0.0695189632923703,4.2877327363781,0.611111111111111,0.633333333333333,4,4,TRUE,0
"29","17","11","07","KARNATAKA",1017283,1017283,84,FALSE,78,6,30,36,0.931930446100053,0.999867093794862,0.93180658676101,857653,947965,0.931859669334885,69318,0.0681403306651148,4.93793760413594,4.64346241683936,4.94257857041914,0.299116153579778,840137,82.5863599411373,82.5863599411373,89.4003930076488,6.81403306651148,"candidate",4.93793760413594,4.93762802763123,0.99,0.5,"below_coverage_threshold",NA,NA,NA,NA,1021,1009,0.988246816846229,995115,994754,0.999637227858087,1,"high_population_coverage_single_target",FALSE,TRUE,0.99,1,4.82833803228287,88.0710916427242,"historical_language_ineligible",NA,NA,NA,NA,NA,NA,NA,NA
"32","07","12","07","KERALA",2737311,2737311,99,FALSE,84,15,15,30,0.999871406646888,0.999802700734647,0.99967413275291,2735145,2736419,0.99967413275291,892,0.000325867247090301,4.9970677971369,4.99576467715897,4.99706875309069,0.00130407593172155,2732557,99.8263259088938,99.8263259088938,99.8589126336028,0.0325867247090201,"candidate",4.9970677971369,4.99627881133976,0.99,0.5,"eligible",4.9970677971369,4.9970677971369,4.99627881133976,99.8263259088938,221,221,1,2699453,2699453,1,1,"deterministic_one_to_one",TRUE,TRUE,0.99,1,4.99638451629659,99.8391818076059,"eligible",-0.000683280840309664,0.0128558987120897,0.922222222222222,0.955555555555556,5,5,TRUE,0
"23","08","13","07","MADHYA PRADESH",940829,940829,99,FALSE,82,17,15,32,0.99968219517043,0.999874538823855,0.999556773866452,1004,940412,0.999556773866452,417,0.000443226133548179,3.43525896414343,2.72061928219564,3.89444053483462,1.17382125263899,788,0.0837559216393202,0.0837559216393202,0.128078534994138,0.0443226133548179,"candidate",3.43525896414343,3.17914438502674,0.99,0.5,"distance_bound_too_wide",NA,NA,NA,NA,866,864,0.997690531177829,935031,934972,0.999936900487791,1,"high_population_coverage_single_target",FALSE,TRUE,0.99,1,2.79445964432285,0.150876455043388,"historical_language_ineligible",NA,NA,NA,NA,NA,NA,NA,NA
"13","01","18","07","NAGALAND",149699,149699,84,FALSE,77,7,30,37,0.993861014435634,0.982739615539723,0.976706591226394,143120,146212,0.976706591226394,3487,0.0232934087736057,4.95123672442705,4.8572578389845,4.95239654313914,0.0951387041546452,143098,95.5904849063788,95.5904849063788,97.9198257837394,2.32934087736056,"candidate",4.95123672442705,4.88158942397452,0.99,0.5,"eligible",4.95123672442705,4.95123672442705,4.88158942397452,95.5904849063788,109,108,0.990825688073395,149659,149587,0.999518906313686,1,"high_population_coverage_single_target",FALSE,TRUE,0.99,1,3.71653625456442,3.61170000307248,"eligible",-1.23470046986263,-91.9787849033063,0.666666666666667,0.611111111111111,4,4,TRUE,0
"08","08","21","07","RAJASTHAN",749479,749479,84,FALSE,68,16,30,46,0.999894593444246,0.999981318388044,0.999875913801454,807,749388,0.999878582321853,91,0.000121417678147086,1.86121437422553,1.7739420935412,2.17928730512249,0.405345211581292,178,0.0237498315496498,0.0237498315496498,0.0358915993643584,0.0121417678147086,"candidate",1.86121437422553,1.84859584859585,0.99,0.5,"eligible",1.86121437422553,1.86121437422553,1.84859584859585,0.0237498315496498,552,549,0.994565217391304,745107,744978,0.999826870503163,1,"high_population_coverage_single_target",FALSE,TRUE,0.99,1,1.05368162989264,0.0192223003092858,"eligible",-0.80753274433289,-0.004527531240364,0.244444444444444,0.188888888888889,2,1,FALSE,1
"19","10","26","07","WEST BENGAL",3852097,3852097,39,FALSE,37,2,75,77,0.994182129889252,0.999987205217347,0.994169409544983,3789396,3829686,0.994182129889252,22411,0.00581787011074747,3.00027524175357,2.98851489595355,3.0120323510608,0.0235174551072497,3788614,98.3519885402678,98.3519885402678,98.9337755513425,0.581787011074738,"candidate",3.00027524175357,3.00027524175357,0.99,0.5,"eligible",3.00027524175357,3.00027524175357,3.00027524175357,98.3519885402678,1272,1267,0.996069182389937,3820772,3817520,0.99914886310934,1,"high_population_coverage_single_target",FALSE,TRUE,0.99,1,3.0113361122466,98.8565344287527,"eligible",0.0110608704930302,0.504545888484898,0.433333333333333,0.533333333333333,3,3,TRUE,0
"28","18","02","08","ANDHRA PRADESH",2759166,2759166,39,FALSE,35,4,75,79,0.999959045595662,0.99993004846228,0.999889096922766,2602522,2758860,0.999889096922766,306,0.000110903077234208,4.99902248664949,4.99855234383524,4.99902260157029,0.000470257735048385,2601776,94.2957400895778,94.2957400895778,94.3068303973012,0.0110903077234212,"candidate",4.99902248664949,4.99872594579122,0.99,0.5,"eligible",4.99902248664949,4.99902248664949,4.99872594579122,94.2957400895778,994,980,0.985915492957746,2757707,2756018,0.999387534643818,1,"high_population_coverage_single_target",FALSE,TRUE,0.99,1,4.99359364460662,94.0081463425955,"eligible",-0.00542884204286942,-0.28759374698231,0.977777777777778,0.9,5,5,TRUE,0
"18","08","04","08","ASSAM",1298860,1298860,69,FALSE,64,5,45,50,0.973727730471336,0.999890886319358,0.973621483454722,1232100,1264735,0.973726960565419,34125,0.0262730394345811,3.29273110948787,3.23094157831349,3.33874232462635,0.107800746312859,1231932,94.8471736753769,94.8471736753769,97.474477618835,2.62730394345812,"candidate",3.29273110948787,3.29272924865737,0.99,0.5,"below_coverage_threshold",NA,NA,NA,NA,1328,1313,0.988704819277108,1293444,1280538,0.99002198780929,1,"high_population_coverage_single_target",FALSE,TRUE,0.99,1,3.38454261074272,94.572421469256,"historical_language_ineligible",NA,NA,NA,NA,NA,NA,NA,NA
"10","36","05","08","BIHAR",1359694,1359694,26,FALSE,22,4,88,92,0.000100757964659695,0.992700729927007,0.000100022505063639,136,136,0.000100022505063639,1359558,0.999899977494936,5,1.00040009002025,5,3.99959990997975,136,0.0100022505063639,0.0100022505063639,100,99.9899977494936,"candidate",5,4.97080291970803,0.99,0.5,"below_coverage_threshold",NA,NA,NA,NA,954,952,0.9979035639413,1358690,1358685,0.999996319984691,1,"high_population_coverage_single_target",FALSE,TRUE,0.99,1,3.00062315402001,66.8066611184994,"historical_language_ineligible",NA,NA,NA,NA,NA,NA,NA,NA
"02","03","09","08","HIMACHAL PRADESH",31294,31294,84,FALSE,80,4,30,34,0.989774397648111,0.926067023955576,0.916597430817409,25046,28684,0.916597430817409,2610,0.0834025691825909,4.95037131677713,4.57756002314145,4.9550549609488,0.377494937807347,24743,79.0662746852432,79.0662746852432,87.4065316035023,8.3402569182591,"candidate",4.95037131677713,4.61943956687152,0.99,0.5,"below_coverage_threshold",NA,NA,NA,NA,272,265,0.974264705882353,31294,31163,0.995813894037196,1,"high_population_coverage_single_target",FALSE,TRUE,0.99,1,4.44892149348516,65.8668635412821,"historical_language_ineligible",NA,NA,NA,NA,NA,NA,NA,NA
"32","08","12","08","KERALA",2817236,2817236,99,FALSE,82,17,15,32,0.999371369668711,0.998867327421936,0.998239409122984,2801041,2813557,0.998694110113601,3679,0.00130588988639929,4.96481915116558,4.95961842893408,4.96486529849682,0.00524686956273701,2770868,98.3541314962609,98.3541314962609,98.4847204849008,0.130588988639929,"candidate",4.96481915116558,4.96214165866022,0.99,0.5,"eligible",4.96481915116558,4.96481915116558,4.96214165866022,98.3541314962609,106,106,1,2755541,2755541,1,1,"deterministic_one_to_one",TRUE,TRUE,0.99,1,4.96438250735808,98.4385476209645,"eligible",-0.000436643807500303,0.0844161247035942,0.677777777777778,0.777777777777778,4,4,TRUE,0
"23","09","13","08","MADHYA PRADESH",1158076,1158076,99,FALSE,83,16,15,31,0.999792759715252,0.999826400284669,0.999619195976775,1433,1157635,0.999619195976775,441,0.000380804023224728,2.60572226099093,2.22785485592316,3.16915688367129,0.941302027748132,652,0.0563002773565811,0.0563002773565811,0.0943806796790539,0.0380804023224728,"candidate",2.60572226099093,2.42105263157895,0.99,0.5,"distance_bound_too_wide",NA,NA,NA,NA,1081,1078,0.99722479185939,1141432,1141414,0.999984230335228,1,"high_population_coverage_single_target",FALSE,TRUE,0.99,1,2.35957004160888,0.0820113417340646,"historical_language_ineligible",NA,NA,NA,NA,NA,NA,NA,NA
"27","03","14","08","MAHARASHTRA",3187634,3187634,114,TRUE,103,11,0,11,0.23242254286408,0.998534171617999,0.232081851304133,270373,740403,0.232273529520641,2447231,0.767726470479359,2.11683858965207,1.1111136869095,4.7131557798708,3.6020420929613,33093,1.03816812093233,1.03816812093233,77.8108151688682,76.7726470479359,"candidate",1.4025069071246,2.20343962366644,0.99,0.5,"below_coverage_threshold",NA,NA,NA,NA,1494,1490,0.997322623828648,3187634,3182122,0.998270817791503,1,"high_population_coverage_single_target",FALSE,TRUE,0.99,1,1.9562053891133,1.07141255011031,"historical_language_ineligible",NA,NA,NA,NA,NA,NA,NA,NA
"14","08","15","08","MANIPUR",109275,109275,101,FALSE,86,15,13,28,0.922205444978266,0.998977910969099,0.921262868908717,100671,100770,0.922168840082361,8505,0.077831159917639,4.85399966226619,4.55376639554481,4.86537334212647,0.311606946581667,96107,87.9496682681309,87.9496682681309,95.7327842598948,7.78311599176389,"candidate",4.85399966226619,4.85384653588279,0.99,0.5,"below_coverage_threshold",NA,NA,NA,NA,185,185,1,101888,101888,1,1,"deterministic_one_to_one",TRUE,TRUE,0.99,1,4.80328821722162,8.4387914605683,"historical_language_ineligible",NA,NA,NA,NA,NA,NA,NA,NA
"33","10","23","08","TAMIL NADU",2320263,2320263,11,FALSE,10,1,103,104,0.0651620096514921,0.999503945288472,0.0651296857295919,147192,151118,0.0651296857295919,2169145,0.934870314270408,4.94539784770911,1.25071092850479,4.99653029762077,3.74581936911598,144889,6.24450762693712,6.24450762693712,99.7315390539779,93.4870314270408,"candidate",4.94539784770911,4.94338853918393,0.99,0.5,"below_coverage_threshold",NA,NA,NA,NA,464,460,0.991379310344828,2149547,2143101,0.997001228630963,1,"high_population_coverage_single_target",FALSE,TRUE,0.99,1,4.99649716083199,99.028957333009,"historical_language_ineligible",NA,NA,NA,NA,NA,NA,NA,NA
"28","19","02","09","ANDHRA PRADESH",2392260,2392260,39,FALSE,39,0,75,75,0.999971156981265,0.999849092317461,0.999820253651359,2186492,2391998,0.999890480131758,262,0.000109519868241746,4.99753486406536,4.997055910267,4.99753515941894,0.00047924915193942,2185117,91.3411167682442,91.3411167682442,91.3520687550684,0.0109519868241819,"candidate",4.99753486406536,4.99718203582135,0.99,0.5,"eligible",4.99753486406536,4.99753486406536,4.99718203582135,91.3411167682442,1084,1077,0.993542435424354,2363039,2361384,0.999299630687433,1,"high_population_coverage_single_target",FALSE,TRUE,0.99,1,4.99378294968923,91.1610785347065,"eligible",-0.00375191437612976,-0.180038233537701,0.955555555555556,0.911111111111111,5,5,TRUE,0
"18","11","04","09","ASSAM",1424287,1424287,69,FALSE,65,4,45,49,0.832575176210974,0.99990133459715,0.83249302984581,1185300,1185709,0.83249302984581,238578,0.167506970154189,3.29609972158947,2.91137653647293,3.58159687838424,0.670220341911316,1183994,83.1288918595761,83.1288918595761,99.879588874995,16.7506970154189,"candidate",3.29459906084575,3.29429233086005,0.99,0.5,"below_coverage_threshold",NA,NA,NA,NA,1615,1577,0.976470588235294,1375247,1363756,0.991644410058702,1,"high_population_coverage_single_target",FALSE,TRUE,0.99,1,3.39119003106507,86.8294053594079,"historical_language_ineligible",NA,NA,NA,NA,NA,NA,NA,NA
"24","05","07","09","GUJARAT",1761086,1761086,99,FALSE,90,9,15,24,0.99987734840888,0.999641086508374,0.999518478938564,1734209,1760281,0.9995428956905,805,0.000457104309499934,1.00404449521367,1.00404261867628,1.00589851148175,0.00185589280547593,2210,0.125490748322342,0.125490748322342,0.171201179272335,0.0457104309499934,"candidate",1.00404449521367,1.00405868579512,0.99,0.5,"eligible",1.00404449521367,1.00404449521367,1.00405868579512,0.125490748322342,1364,1363,0.999266862170088,1758238,1758030,0.999881699747133,1,"high_population_coverage_single_target",FALSE,TRUE,0.99,1,1.00472660029991,0.13051761410917,"eligible",0.000682105086240004,0.00502686578682801,0.0111111111111111,0.0222222222222222,1,1,TRUE,0
"06","19","08","09","HARYANA",1477240,1477240,99,FALSE,80,19,15,34,0.0594107931006472,0.991830363246889,0.0589254285018007,50751,87047,0.0589254285018007,1390193,0.941074571498199,1.21859667789797,1.00769911946613,4.86681647586582,3.85911735639969,3268,0.2212233624868,0.2212233624868,94.3286805123067,94.1074571498199,"candidate",1.21859667789797,1.21595943110282,0.99,0.5,"below_coverage_threshold",NA,NA,NA,NA,413,410,0.99273607748184,1465072,1463916,0.99921096028045,1,"high_population_coverage_single_target",FALSE,TRUE,0.99,1,1.90538506652723,2.23223688709567,"historical_language_ineligible",NA,NA,NA,NA,NA,NA,NA,NA
"02","11","09","09","HIMACHAL PRADESH",617404,617404,84,FALSE,77,7,30,37,0.995832550485582,0.972681923975857,0.9686283211641,16049,598096,0.968727121949323,19308,0.0312728780506767,1.91600722786466,1.41578753853551,3.60013575812428,2.18434821958877,4113,0.666176442005559,0.666176442005559,3.79346424707323,3.12728780506767,"candidate",1.91600722786466,1.44948755490483,0.99,0.5,"distance_bound_too_wide",NA,NA,NA,NA,2273,2235,0.983282006159261,600215,598330,0.996859458693968,1,"high_population_coverage_single_target",FALSE,TRUE,0.99,1,2.27068993116696,1.40890324921647,"historical_language_ineligible",NA,NA,NA,NA,NA,NA,NA,NA
"23","10","13","09","MADHYA PRADESH",687945,687945,99,FALSE,84,15,15,30,0.991224589175007,0.999844553810778,0.991070507089956,219,681802,0.991070507089956,6143,0.00892949291004368,4.9041095890411,1.13439170072304,4.99669915121031,3.86230745048727,214,0.0311071379252702,0.0311071379252702,0.924056428929638,0.892949291004368,"candidate",4.9041095890411,3.63076923076923,0.99,0.5,"distance_bound_too_wide",NA,NA,NA,NA,940,935,0.99468085106383,687556,687445,0.999838558604681,1,"high_population_coverage_single_target",FALSE,TRUE,0.99,1,2.91706703271563,0.88765341004614,"historical_language_ineligible",NA,NA,NA,NA,NA,NA,NA,NA
"27","26","14","09","MAHARASHTRA",3372935,3372935,114,TRUE,104,10,0,10,0.10007871482848,0.997215301621346,0.0998000257935596,79101,336770,0.099844793925765,3036165,0.900155206074235,3.94121439678386,1.07468158417291,4.97311593937725,3.89843435520434,60042,1.78011138667066,1.78011138667066,91.7956319940942,90.0155206074235,"candidate",3.93227674797158,3.94270546401563,0.99,0.5,"below_coverage_threshold",NA,NA,NA,NA,1557,1556,0.999357739242132,3347350,3347210,0.999958175870465,1,"high_population_coverage_single_target",FALSE,TRUE,0.99,1,2.04013221544452,2.10905275901132,"historical_language_ineligible",NA,NA,NA,NA,NA,NA,NA,NA
"33","11","23","09","TAMIL NADU",710214,710214,54,FALSE,54,0,60,60,0.993807500274565,0.999555124848402,0.993365380012222,690476,705502,0.993365380012222,4712,0.00663461998777833,4.98164599493683,4.95465830825618,4.9817703987986,0.0271120905424143,686894,96.7164826376275,96.7164826376275,97.3799446364054,0.663461998777834,"candidate",4.98164599493683,4.9798665296255,0.99,0.5,"eligible",4.98164599493683,4.98164599493683,4.9798665296255,96.7164826376275,57,57,1,687087,687087,1,1,"deterministic_one_to_one",TRUE,TRUE,0.99,1,4.97979636361664,96.8908816368481,"eligible",-0.00184963132018989,0.174398999220614,0.733333333333333,0.822222222222222,4,5,FALSE,1
"09","03","25","09","UTTAR PRADESH",2454521,2454521,69,FALSE,59,10,45,55,0.999778368162261,0.99996373234142,0.999742108541748,33054,2453896,0.99974536783348,625,0.000254632166520474,1.28752949718642,1.28219365183052,1.35642388431961,0.0742302324890882,4527,0.18443517085411,0.18443517085411,0.209898387506157,0.0254632166520474,"candidate",1.28752949718642,1.28700769578995,0.99,0.5,"eligible",1.28752949718642,1.28752949718642,1.28700769578995,0.18443517085411,2139,2086,0.975222066386162,2446332,2434189,0.995036242014575,1,"high_population_coverage_single_target",FALSE,TRUE,0.99,1,1.18992297653471,0.110743668642681,"eligible",-0.09760652065171,-0.073691502211429,0.188888888888889,0.266666666666667,1,2,FALSE,1
"19","18","26","09","WEST BENGAL",5715030,5715030,11,FALSE,6,5,103,108,0.995448317856599,1,0.995448317856599,5623260,5689017,0.995448317856599,26013,0.00455168214340082,2.99995127381626,2.99074217160332,3.00916082476453,0.0184186531612123,5623116,98.3917144791891,98.3917144791891,98.8468826935292,0.455168214340077,"candidate",2.99995127381626,2.99995127381626,0.99,0.5,"eligible",2.99995127381626,2.99995127381626,2.99995127381626,98.3917144791891,2097,2089,0.996185026227945,5161148,5151087,0.998050627496053,1,"high_population_coverage_single_target",FALSE,TRUE,0.99,1,3.00253411150857,98.1927561681143,"eligible",0.00258283769231005,-0.198958311074804,0.411111111111111,0.5,3,3,TRUE,0
"28","23","02","10","ANDHRA PRADESH",3261118,3259392,39,FALSE,37,2,75,77,0.999873049671922,0.999956144439974,0.999829199679374,2976300,3260687,0.999867836735745,431,0.000132163264254774,4.99308470248295,4.99250654493134,4.99308570374683,0.00057915881549242,2970107,91.0763425303838,91.0763425303838,91.0895588568092,0.0132163264254785,"candidate",4.99308470248295,4.99307903022427,0.99,0.5,"eligible",4.99308470248295,4.99308470248295,4.99307903022427,91.0763425303838,1426,1423,0.997896213183731,3195988,3195928,0.999981226462678,1,"high_population_coverage_single_target",FALSE,TRUE,0.99,1,4.98804512004031,90.4351158390604,"eligible",-0.00503958244263991,-0.641226691323396,0.788888888888889,0.844444444444444,4,5,FALSE,1
"18","12","04","10","ASSAM",751517,751517,69,FALSE,62,7,45,52,0.835797460336892,0.999977711123423,0.835778831350455,602265,628116,0.835797460336892,123401,0.164202539663108,3.1214548413074,2.7606970700019,3.44090532007838,0.680208250076482,601846,80.0841497930187,80.0841497930187,96.5044037593295,16.4202539663108,"candidate",3.1214548413074,3.12147808688866,0.99,0.5,"below_coverage_threshold",NA,NA,NA,NA,1115,1107,0.992825112107623,743152,740005,0.995765334682541,1,"high_population_coverage_single_target",FALSE,TRUE,0.99,1,3.4403119689245,95.272388660404,"historical_language_ineligible",NA,NA,NA,NA,NA,NA,NA,NA
"10","16","05","10","BIHAR",2170971,2170971,11,FALSE,10,1,103,104,0.92460746827111,0.999996512721592,0.92460424390745,251,2007289,0.92460424390745,163682,0.0753957560925503,2.8207171314741,1.0027877242532,4.99666327097046,3.99387554671726,208,0.00958096630493913,0.00958096630493913,7.54915657555997,7.53957560925503,"candidate",2.8207171314741,2.77131782945736,0.99,0.5,"below_coverage_threshold",NA,NA,NA,NA,1433,1432,0.999302163293789,2170036,2169976,0.999972350689113,1,"high_population_coverage_single_target",FALSE,TRUE,0.99,1,2.99975316357959,90.8872846011591,"historical_language_ineligible",NA,NA,NA,NA,NA,NA,NA,NA
"06","18","08","10","HARYANA",1146090,1146090,114,TRUE,102,12,0,12,0.179940493329494,0.998734410458328,0.179712762523013,16656,206108,0.179835789510422,939982,0.820164210489578,2.5116474543708,1.02631925555957,4.95667535682254,3.93035610126296,6472,0.564702597527245,0.564702597527245,82.581123646485,82.0164210489578,"candidate",2.5116474543708,2.51209411199808,0.99,0.5,"below_coverage_threshold",NA,NA,NA,NA,686,683,0.995626822157434,1123217,1123119,0.999912750608297,1,"high_population_coverage_single_target",FALSE,TRUE,0.99,1,1.15202932969818,1.28659416710242,"historical_language_ineligible",NA,NA,NA,NA,NA,NA,NA,NA
"02","09","09","10","HIMACHAL PRADESH",382268,382268,84,FALSE,80,4,30,34,0.998943149832055,0.98453637944399,0.983495872006027,15407,375959,0.983495872006027,6309,0.0165041279939728,1.34841305899916,1.24719101123595,2.40928347762019,1.16209246638423,1718,0.44942291795285,0.44942291795285,2.09983571735013,1.65041279939728,"candidate",1.34841305899916,1.33225412912913,0.99,0.5,"distance_bound_too_wide",NA,NA,NA,NA,2347,2340,0.997017469109502,378487,378285,0.999466296068293,1,"high_population_coverage_single_target",FALSE,TRUE,0.99,1,1.81884674264331,2.47439863779169,"historical_language_ineligible",NA,NA,NA,NA,NA,NA,NA,NA
"32","10","12","10","KERALA",1828271,1828271,99,FALSE,84,15,15,30,0.999652130346103,0.999862664043969,0.999514842165084,1827330,1827384,0.999514842165084,887,0.000485157834916159,4.99736446071591,4.99542505074616,4.99736573940621,0.00194068866004482,1825761,99.8627118189809,99.8627118189809,99.9112276024725,0.0485157834916095,"candidate",4.99736446071591,4.99682202868163,0.99,0.5,"eligible",4.99736446071591,4.99736446071591,4.99682202868163,99.8627118189809,85,85,1,1823959,1823959,1,1,"deterministic_one_to_one",TRUE,TRUE,0.99,1,4.99503506542661,99.8027766872114,"eligible",-0.00232939528930043,-0.0599351317694925,0.944444444444444,0.922222222222222,5,5,TRUE,0
"23","11","13","10","MADHYA PRADESH",1647736,1647736,99,FALSE,88,11,15,26,0.999536940383654,0.997826922481425,0.997364869129521,17131,1643631,0.997508702850457,4105,0.00249129714954337,3.06759675442181,2.66792239593144,3.44113769071388,0.773215294782445,11274,0.684211548451936,0.684211548451936,0.933341263406274,0.249129714954337,"candidate",3.06759675442181,2.73159411793444,0.99,0.5,"distance_bound_too_wide",NA,NA,NA,NA,1878,1867,0.994142705005325,1647693,1647316,0.999771195240861,1,"high_population_coverage_single_target",FALSE,TRUE,0.99,1,2.75132252000175,0.607751502439068,"historical_language_ineligible",NA,NA,NA,NA,NA,NA,NA,NA
"27","25","14","10","MAHARASHTRA",5532532,5532532,114,TRUE,104,10,0,10,0.998424229629399,0.9981288291025,0.996556007267559,4980331,5519295,0.997607424593297,13237,0.00239257540670348,2.15658075738339,2.15351488154362,2.16411812155156,0.0106032400079465,309352,5.59150855340737,5.59150855340737,5.83076609407772,0.239257540670347,"candidate",2.15652826736637,2.15588775815006,0.99,0.5,"eligible",2.15658075738339,2.15652826736637,2.15588775815006,5.59150855340737,1819,1816,0.998350742166025,5146435,5144696,0.999662096188915,1,"high_population_coverage_single_target",FALSE,TRUE,0.99,1,2.15476231479904,6.48423655390983,"eligible",-0.00181844258435016,0.89272800050246,0.3,0.4,2,3,FALSE,1
"08","13","21","10","RAJASTHAN",1842914,1842914,84,FALSE,73,11,30,41,0.999930544778541,0.999975580452641,0.999906126927247,1909,1842745,0.999908297402917,169,9.17025970826636e-05,3.43321110529073,3.23532242540905,3.56063522617902,0.325312800769971,1485,0.0805789092708613,0.0805789092708613,0.0897491689791276,0.00917025970826636,"candidate",3.43321110529073,3.40205128205128,0.99,0.5,"eligible",3.43321110529073,3.43321110529073,3.40205128205128,0.0805789092708613,935,935,1,1842914,1842914,1,1,"deterministic_one_to_one",TRUE,TRUE,0.99,1,1.00276953349705,0.0931083637101191,"eligible",-2.43044157179368,0.0125294544392578,0.522222222222222,0.0111111111111111,3,1,FALSE,2
"19","17","26","10","WEST BENGAL",4399819,4399819,26,FALSE,24,2,88,90,0.861545440846544,0.993265260467614,0.855743156707128,2834943,3775975,0.858211440061512,623844,0.141788559938488,2.98815743385317,2.629563485696,3.35102335009354,0.721459864397548,2807832,63.8169888352225,63.8169888352225,77.9958448290714,14.1788559938488,"candidate",2.98815743385317,2.97792295933622,0.99,0.5,"below_coverage_threshold",NA,NA,NA,NA,1,1,1,4399819,4399819,1,1,"deterministic_one_to_one",TRUE,TRUE,0.99,1,2.97257401929505,63.9155040921194,"historical_language_ineligible",NA,NA,NA,NA,NA,NA,NA,NA
"28","20","02","11","ANDHRA PRADESH",2267769,2267769,39,FALSE,35,4,75,79,0.999966045924431,0.999995149253073,0.999961195342206,1945158,2267692,0.999966045924431,77,3.39540755694253e-05,4.99504307619227,4.99488493678142,4.99504327240668,0.000158335625259021,1942055,85.637249649325,85.637249649325,85.6406450568819,0.0033954075569369,"candidate",4.99504307619227,4.99504307619227,0.99,0.5,"eligible",4.99504307619227,4.99504307619227,4.99504307619227,85.637249649325,872,862,0.988532110091743,2217379,2214451,0.998679522084407,1,"high_population_coverage_single_target",FALSE,TRUE,0.99,1,4.99077663438039,85.207558425355,"eligible",-0.00426644181187985,-0.429691223969996,0.833333333333333,0.866666666666667,5,5,TRUE,0
"12","13","03","11","ARUNACHAL PRADESH",85508,85508,11,FALSE,6,5,103,108,0.133905599476072,1,0.133905599476072,6245,11450,0.133905599476072,74058,0.866094400523928,3.10616493194556,1.16379213728005,4.85272032178125,3.6889281845012,6149,7.19114001029144,7.19114001029144,93.8005800626842,86.6094400523928,"candidate",3.10616493194556,3.10616493194556,0.99,0.5,"below_coverage_threshold",NA,NA,NA,NA,149,149,1,84777,84777,1,1,"deterministic_one_to_one",TRUE,TRUE,0.99,1,4.55088568044952,41.0843889347215,"historical_language_ineligible",NA,NA,NA,NA,NA,NA,NA,NA
"18","13","04","11","ASSAM",478830,478830,69,FALSE,66,3,45,48,0.688215024121296,0.999993930897195,0.688210847273563,316842,329536,0.688210847273563,149294,0.311789152726437,3.26623048711976,2.54040237183998,3.82152204506839,1.28111967322841,316414,66.0806549297245,66.0806549297245,97.2595702023683,31.1789152726437,"candidate",3.26623048711976,3.26621618209592,0.99,0.5,"below_coverage_threshold",NA,NA,NA,NA,1095,1058,0.9662100456621,461711,449953,0.974533853427794,1,"incomplete_population_coverage_single_target",FALSE,FALSE,0.99,1,3.87748474222644,92.3429090224492,"geography_not_preferred",NA,NA,NA,NA,NA,NA,NA,NA
"10","15","05","11","BIHAR",1704310,1704310,99,FALSE,93,6,15,21,1.00016252911736,0.999773552185955,NA,770,1704201,NA,NA,NA,NA,NA,NA,NA,746,NA,NA,NA,NA,"population_bound_violation",NA,NA,0.99,0.5,"population_bound_violation",NA,NA,NA,NA,1381,1369,0.991310644460536,1704310,1700975,0.998043196366858,1,"high_population_coverage_single_target",FALSE,TRUE,0.99,1,3.00081180315282,93.8986994006846,"historical_language_ineligible",NA,NA,NA,NA,NA,NA,NA,NA
"24","06","07","11","GUJARAT",408992,408992,99,FALSE,93,6,15,21,0.997339801267506,0.991890248685965,0.989251623503638,383228,404621,0.989312749393631,4371,0.0106872506063688,1.05016073982068,1.04959507119471,1.09470354670678,0.0451084755120628,5589,1.36653039668258,1.36653039668258,2.43525545731946,1.06872506063688,"candidate",1.05014769275731,1.04977348639495,0.99,0.5,"eligible",1.05016073982068,1.05014769275731,1.04977348639495,1.36653039668258,54,54,1,408992,408992,1,1,"deterministic_one_to_one",TRUE,TRUE,0.99,1,1.04140107055562,1.08563965849694,"eligible",-0.00875966926506,-0.28089073818564,0.122222222222222,0.155555555555556,1,1,TRUE,0
"02","10","09","11","HIMACHAL PRADESH",379695,379695,84,FALSE,79,5,30,35,0.995032855318084,0.989812312570638,0.984895771606158,13041,373973,0.984930009612979,5722,0.0150699903870212,1.18940265317077,1.13164206150402,2.35148963385386,1.21984757234984,727,0.19146946891584,0.19146946891584,1.69846850761796,1.50699903870212,"candidate",1.17736369910283,1.14741956508858,0.99,0.5,"distance_bound_too_wide",NA,NA,NA,NA,968,967,0.99896694214876,379656,379655,0.999997366036623,1,"high_population_coverage_single_target",FALSE,TRUE,0.99,1,1.61570768584628,1.05510859680152,"historical_language_ineligible",NA,NA,NA,NA,NA,NA,NA,NA
"29","04","11","11","KARNATAKA",2582169,2582169,84,FALSE,79,5,30,35,0.973414598347358,0.99990451641343,0.973321653230288,1905596,2513335,0.973342565881629,68834,0.026657434118371,4.99409161228298,4.85484671525453,4.99429759474886,0.139450879494334,1902908,73.694169514079,73.694169514079,76.3599129259162,2.66574341183711,"candidate",4.99409161228298,4.9938434721285,0.99,0.5,"below_coverage_threshold",NA,NA,NA,NA,1298,1290,0.993836671802773,2566912,2536043,0.987974266355839,1,"incomplete_population_coverage_single_target",FALSE,FALSE,0.99,1,4.58920882784672,73.1220179540969,"geography_not_preferred",NA,NA,NA,NA,NA,NA,NA,NA
"32","11","12","11","KERALA",2001217,2001217,99,FALSE,81,18,15,33,0.999552772138154,0.999898016419356,0.999450834167409,2000118,2000124,0.999453832343019,1093,0.000546167656980727,4.9844014203162,4.98222526260349,4.98440993978146,0.00218467717796944,1989886,99.4337945360248,99.4337945360248,99.4884113017229,0.0546167656980714,"candidate",4.9844014203162,4.98400702688975,0.99,0.5,"eligible",4.9844014203162,4.9844014203162,4.98400702688975,99.4337945360248,72,72,1,2001217,2001217,1,1,"deterministic_one_to_one",TRUE,TRUE,0.99,1,4.98621759519523,99.501598043943,"eligible",0.00181617487903019,0.0678035079181996,0.744444444444444,0.833333333333333,4,5,FALSE,1
"27","31","14","11","MAHARASHTRA",2451372,2451372,114,TRUE,106,8,0,8,0.0576823917381776,0.996032559882886,0.0574535403031445,47134,141124,0.0575693937925374,2310248,0.942430606207463,4.03594008571307,1.06070123552314,4.98072437984171,3.92002314431857,36073,1.47154328270046,1.47154328270046,95.7146039034467,94.2430606207463,"candidate",4.03564306021131,4.01858218556875,0.99,0.5,"below_coverage_threshold",NA,NA,NA,NA,1557,1548,0.994219653179191,2442921,2440781,0.999123999507147,1,"high_population_coverage_single_target",FALSE,TRUE,0.99,1,2.04241717921409,2.01706016679515,"historical_language_ineligible",NA,NA,NA,NA,NA,NA,NA,NA
"08","21","21","11","RAJASTHAN",1729207,1726534,84,FALSE,69,15,30,45,0.998868845661624,0.998626719567683,0.997497118621426,77141,1724879,0.997497118621426,4328,0.00250288137857411,3.65723804461959,3.51607359854669,3.72857160392296,0.212498005376278,67804,3.92110371979757,3.92110371979757,4.17139185765498,0.250288137857412,"candidate",3.65723804461959,3.57868524643769,0.99,0.5,"eligible",3.65723804461959,3.65723804461959,3.57868524643769,3.92110371979757,984,983,0.998983739837398,1725590,1725589,0.999999420488065,1,"high_population_coverage_single_target",FALSE,TRUE,0.99,1,1.13162389491211,3.15217490989463,"eligible",-2.52561414970748,-0.76892880990294,0.566666666666667,0.222222222222222,3,2,FALSE,1
"09","05","25","11","UTTAR PRADESH",1502141,1502141,69,FALSE,57,12,45,57,0.999801616492726,0.999968705117645,0.99977032781876,65056,1501796,0.99977032781876,345,0.000229672181239977,1.2448505902607,1.24355896698827,1.2646595617804,0.0211005947921286,7102,0.472791835120671,0.472791835120671,0.495759053244669,0.0229672181239977,"candidate",1.2448505902607,1.24504247116108,0.99,0.5,"eligible",1.2448505902607,1.2448505902607,1.24504247116108,0.472791835120671,1105,1093,0.989140271493213,1499441,1491323,0.994585982376099,1,"high_population_coverage_single_target",FALSE,TRUE,0.99,1,1.30317656601114,0.574320074274848,"eligible",0.05832597575044,0.101528239154177,0.177777777777778,0.288888888888889,1,2,FALSE,1
"19","16","26","11","WEST BENGAL",3729644,3729644,26,FALSE,20,6,88,94,0.957212270125513,0.999808966849586,0.957029410849936,3197540,3570061,0.957212270125513,159583,0.0427877298744867,2.99897014579958,2.90394781484027,3.09409038632186,0.190142571481593,3195404,85.6758446650672,85.6758446650672,89.9546176525159,4.27877298744866,"candidate",2.99897014579958,2.99897014579958,0.99,0.5,"below_coverage_threshold",NA,NA,NA,NA,777,775,0.997425997425997,3708469,3708419,0.999986517347186,1,"high_population_coverage_single_target",FALSE,TRUE,0.99,1,3.00521230795813,85.7174457008967,"historical_language_ineligible",NA,NA,NA,NA,NA,NA,NA,NA
"18","09","04","12","ASSAM",639682,639682,69,FALSE,65,4,45,49,0.958465299945911,0.999970641627237,0.958437160964354,613068,613095,0.958437160964354,26587,0.0415628390356458,3.04976283218175,2.96456527346773,3.13082364712228,0.166258373654548,612934,95.8185473407099,95.8185473407099,99.9748312442745,4.15628390356459,"candidate",3.04976283218175,3.04970265183025,0.99,0.5,"below_coverage_threshold",NA,NA,NA,NA,570,562,0.985964912280702,638840,634302,0.99289649990608,1,"high_population_coverage_single_target",FALSE,TRUE,0.99,1,3.03700980979701,96.8098208562943,"historical_language_ineligible",NA,NA,NA,NA,NA,NA,NA,NA
"10","01","05","12","BIHAR",2333666,2333666,99,FALSE,97,2,15,17,0.999814883535176,0.999745417733498,0.999560348396043,37174,2332673,0.999574489237106,993,0.00042551076289409,3.74388013127455,3.6724919433018,3.77656090339822,0.104068960096419,36946,1.58317428458057,1.58317428458057,1.62572536086998,0.042551076289409,"candidate",3.74388013127455,3.71811315754604,0.99,0.5,"eligible",3.74388013127455,3.74388013127455,3.71811315754604,1.58317428458057,1361,1345,0.988243938280676,2333271,2327091,0.997351357814845,1,"high_population_coverage_single_target",FALSE,TRUE,0.99,1,3.0074258506131,86.2182624324914,"eligible",-0.73645428066145,84.6350881479108,0.577777777777778,0.522222222222222,3,3,TRUE,0
"06","16","08","12","HARYANA",681869,681869,99,FALSE,81,18,15,33,0.00329828750097159,0.988883948421521,0.00326162356699014,2160,2224,0.00326162356699014,679645,0.99673837643301,1.02777777777778,1.00008800170137,4.98741575670463,3.98732775500326,23,0.00337308192629376,0.00337308192629376,99.6772107252273,99.673837643301,"candidate",1.02777777777778,1.02745995423341,0.99,0.5,"below_coverage_threshold",NA,NA,NA,NA,366,366,1,671810,671810,1,1,"deterministic_one_to_one",TRUE,TRUE,0.99,1,1.04200366414943,0.0452911928321764,"historical_language_ineligible",NA,NA,NA,NA,NA,NA,NA,NA
"02","12","09","12","HIMACHAL PRADESH",71270,71270,69,FALSE,67,2,45,47,0.947088536551144,1,0.947088536551144,58380,67499,0.947088536551144,3771,0.0529114634488565,4.93686193902021,4.69799359624141,4.94069282875577,0.24269923251436,57480,80.6510453206118,80.6510453206118,85.9421916654974,5.29114634488565,"candidate",4.93686193902021,4.93703323055841,0.99,0.5,"below_coverage_threshold",NA,NA,NA,NA,228,217,0.951754385964912,71270,71022,0.996520275010523,1,"high_population_coverage_single_target",FALSE,TRUE,0.99,1,4.91092567732487,82.5604464525708,"historical_language_ineligible",NA,NA,NA,NA,NA,NA,NA,NA
"29","23","11","12","KARNATAKA",1569684,1569684,84,FALSE,81,3,30,33,0.980406247372082,0.999933070293087,0.98034062906929,1445786,1538864,0.980365474834425,30820,0.0196345251655747,4.98782807414099,4.90459337155612,4.98808212888204,0.0834887573259211,1440238,91.7533720162784,91.7533720162784,93.7168245328359,1.96345251655748,"candidate",4.98782807414099,4.98765570425701,0.99,0.5,"below_coverage_threshold",NA,NA,NA,NA,2371,2349,0.990721214677351,1430366,1427112,0.997725057782414,1,"high_population_coverage_single_target",FALSE,TRUE,0.99,1,4.94441750567565,92.6845819682275,"historical_language_ineligible",NA,NA,NA,NA,NA,NA,NA,NA
"32","12","12","12","KERALA",1188332,1188332,84,FALSE,71,13,30,43,0.010117542908884,0.993928304083839,0.0100561122649226,11945,11951,0.0100569537805933,1176381,0.989943046219407,4.98827961490163,1.0400900089706,4.99988218721125,3.95979217824065,11921,1.00317083104722,1.00317083104722,99.9974754529879,98.9943046219407,"candidate",4.98827961490163,4.96438378963136,0.99,0.5,"below_coverage_threshold",NA,NA,NA,NA,63,63,1,1188332,1188332,1,1,"deterministic_one_to_one",TRUE,TRUE,0.99,1,4.99706187811172,99.8785251215559,"historical_language_ineligible",NA,NA,NA,NA,NA,NA,NA,NA
"23","13","13","12","MADHYA PRADESH",1465384,1465384,99,FALSE,87,12,15,27,0.997071757300475,0.999538017087208,0.996611127185775,14811,1460424,0.996615221675684,4960,0.00338477832431636,3.61974208358652,2.96252086389156,3.96601082393404,1.00348996004249,12655,0.86359616318999,0.86359616318999,1.20207399562163,0.338477832431636,"candidate",3.61974208358652,3.50826873385013,0.99,0.5,"distance_bound_too_wide",NA,NA,NA,NA,1779,1736,0.975829117481731,1446866,1426178,0.985701509331203,1,"incomplete_population_coverage_single_target",FALSE,FALSE,0.99,1,3.31765213638325,1.01775278303057,"geography_not_preferred",NA,NA,NA,NA,NA,NA,NA,NA
"27","35","14","12","MAHARASHTRA",2209488,2209488,114,TRUE,106,8,0,8,0.142819512936934,0.99954049651728,0.142753886873339,168418,315554,0.142817702562766,1893934,0.857182297437234,4.76052440950492,1.30709597585669,4.98044368759552,3.67334771173883,159266,7.20827630654704,7.20827630654704,92.9265060502705,85.7182297437234,"candidate",4.76050065907445,4.76316039472278,0.99,0.5,"below_coverage_threshold",NA,NA,NA,NA,717,716,0.99860529986053,2079816,2079541,0.999867776764868,1,"high_population_coverage_single_target",FALSE,TRUE,0.99,1,2.20360888278876,6.83066838619593,"historical_language_ineligible",NA,NA,NA,NA,NA,NA,NA,NA
"08","22","21","12","RAJASTHAN",975006,974338,84,FALSE,71,13,30,43,0.999650258562511,0.999867646832501,0.9995179516844,5420,974536,0.9995179516844,470,0.000482048315600109,3.62084870848709,3.41171477079796,3.73089983022071,0.31918505942275,4821,0.494458495640027,0.494458495640027,0.542663327200038,0.0482048315600109,"candidate",3.62084870848709,3.57559920706434,0.99,0.5,"eligible",3.62084870848709,3.62084870848709,3.57559920706434,0.494458495640027,1010,1008,0.998019801980198,968631,968579,0.99994631598617,1,"high_population_coverage_single_target",FALSE,TRUE,0.99,1,1.01272206200288,0.364579033403233,"eligible",-2.60812664648421,-0.129879462236794,0.544444444444444,0.0777777777777778,3,1,FALSE,2
"09","01","25","12","UTTAR PRADESH",2309029,2309029,69,FALSE,51,18,45,63,0.999028162920431,0.999902461651172,0.998930719362988,25454,2306560,0.998930719362988,2469,0.00106928063701235,1.19226840575155,1.17526770046198,1.52895462521935,0.353686924757369,2093,0.0906441625462478,0.0906441625462478,0.197572226247483,0.106928063701235,"candidate",1.19226840575155,1.194439035788,0.99,0.5,"eligible",1.19226840575155,1.19226840575155,1.194439035788,0.0906441625462478,1289,1251,0.970519782777347,2309029,2296947,0.994767497506528,1,"high_population_coverage_single_target",FALSE,TRUE,0.99,1,1.17083231234175,0.0587542037562646,"eligible",-0.0214360934098001,-0.0318899587899832,0.166666666666667,0.244444444444444,1,2,FALSE,1
"19","12","26","12","WEST BENGAL",4355230,4355230,39,FALSE,31,8,75,83,0.9744378597686,1,0.9744378597686,3850156,4243901,0.9744378597686,111329,0.0255621402313999,3.00322947953278,2.94693303142635,3.05934441251197,0.112411381085628,3846641,88.3223388891057,88.3223388891057,90.8785529122457,2.55621402314,"candidate",3.00322947953278,3.00322947953278,0.99,0.5,"below_coverage_threshold",NA,NA,NA,NA,1900,1897,0.998421052631579,4255135,4248154,0.998359394002776,1,"high_population_coverage_single_target",FALSE,TRUE,0.99,1,3.06547052344015,89.8817339340876,"historical_language_ineligible",NA,NA,NA,NA,NA,NA,NA,NA
"28","21","02","13","ANDHRA PRADESH",2973024,2973024,39,FALSE,33,6,75,81,0.999089142906347,0.999957580270921,0.999046761815579,2497814,2970190,0.999046761815579,2834,0.00095323818442098,4.97576600979897,4.97126024934337,4.97579347433145,0.00453322498808362,2478123,83.3536157124867,83.3536157124867,83.4489395309288,0.0953238184420968,"candidate",4.97576600979897,4.97573000152125,0.99,0.5,"eligible",4.97576600979897,4.97576600979897,4.97573000152125,83.3536157124867,871,870,0.998851894374282,2972023,2972010,0.999995625875035,1,"high_population_coverage_single_target",FALSE,TRUE,0.99,1,4.9730510105871,83.2291461680806,"eligible",-0.0027149992118698,-0.124469544406097,0.711111111111111,0.788888888888889,4,4,TRUE,0
"18","10","04","13","ASSAM",1893171,1893171,69,FALSE,62,7,45,52,0.979242234325373,0.999988132951934,0.979230613610709,1800334,1853851,0.979230613610709,39320,0.0207693863892908,3.01547823903787,2.97240024482865,3.05789458235081,0.0854943375221646,1787627,94.4250149616701,94.4250149616701,96.5019536005992,2.07693863892908,"candidate",3.01546721590114,3.01544583404616,0.99,0.5,"below_coverage_threshold",NA,NA,NA,NA,1367,1348,0.986100950987564,1873039,1869039,0.997864433148482,1,"high_population_coverage_single_target",FALSE,TRUE,0.99,1,3.06076637782083,95.9215528189924,"historical_language_ineligible",NA,NA,NA,NA,NA,NA,NA,NA
"10","02","05","13","BIHAR",3043061,3043061,99,FALSE,97,2,15,17,0.999967138351811,0.999996385099908,0.99996352357051,7208,3042961,0.999967138351811,100,3.28616481891096e-05,2.98210321864595,2.95498084291188,3.00971538040504,0.0547345374931578,7003,0.230130122268334,0.230130122268334,0.233416287087245,0.00328616481891095,"candidate",2.98210321864595,2.98210321864595,0.99,0.5,"eligible",2.98210321864595,2.98210321864595,2.98210321864595,0.230130122268334,1254,1252,0.998405103668262,3026452,3026219,0.999923012160774,1,"high_population_coverage_single_target",FALSE,TRUE,0.99,1,2.99988166295211,82.5545773883723,"eligible",0.0177784443061597,82.324447266104,0.388888888888889,0.477777777777778,2,3,FALSE,1
"06","13","08","13","HARYANA",1139718,1139718,99,FALSE,85,14,15,29,0.00413698827253759,0.99406150583245,0.0041124207918099,4632,4687,0.0041124207918099,1135031,0.99588757920819,1.03626943005181,1.00014741199811,4.98388997449246,3.98374256249435,45,0.00394834511694998,0.00394834511694998,99.592706265936,99.588757920819,"candidate",1.03626943005181,1.04570815450644,0.99,0.5,"below_coverage_threshold",NA,NA,NA,NA,436,434,0.995412844036697,1134943,1134771,0.999848450538926,1,"high_population_coverage_single_target",FALSE,TRUE,0.99,1,1.18236295762656,0.176070916789825,"historical_language_ineligible",NA,NA,NA,NA,NA,NA,NA,NA
"29","25","11","13","KARNATAKA",488455,488455,84,FALSE,79,5,30,35,0.902674760213326,0.999979587948725,0.902656334769836,425094,440907,0.902656334769836,47548,0.0973436652301645,4.95219175053047,4.55459946428798,4.95700128215436,0.402401817866377,418337,85.6449417039441,85.6449417039441,95.3793082269605,9.73436652301645,"candidate",4.95219175053047,4.95217159135551,0.99,0.5,"below_coverage_threshold",NA,NA,NA,NA,296,294,0.993243243243243,488455,488370,0.999825981922593,1,"high_population_coverage_single_target",FALSE,TRUE,0.99,1,4.9201000417476,93.8688856825016,"historical_language_ineligible",NA,NA,NA,NA,NA,NA,NA,NA
"32","13","12","13","KERALA",2407566,2407566,84,FALSE,72,12,30,42,0.999158901562823,0.999949699464694,0.999108643335219,2405179,2405420,0.999108643335219,2146,0.000891356664780945,4.99956385782513,4.99599846302431,4.99956424662229,0.00356578359797677,2404983,99.892713221569,99.892713221569,99.9818488880471,0.0891356664780858,"candidate",4.99956385782513,4.99936265746476,0.99,0.5,"eligible",4.99956385782513,4.99956385782513,4.99936265746476,99.892713221569,93,93,1,2372939,2372939,1,1,"deterministic_one_to_one",TRUE,TRUE,0.99,1,4.99714704778269,99.8817089002254,"eligible",-0.00241681004244043,-0.0110043213435915,0.988888888888889,0.966666666666667,5,5,TRUE,0
"23","14","13","13","MADHYA PRADESH",1554987,1554987,84,FALSE,70,14,30,44,0.00818784980195976,0.956094879044926,0.00782836126604274,6177,12186,0.00783672146455244,1542801,0.992163278535448,3.86983972802331,1.01144432006136,4.9954931574238,3.98404883736244,5481,0.352478831012735,0.352478831012735,99.5688066845575,99.2163278535448,"candidate",3.86983972802331,3.64361148296891,0.99,0.5,"below_coverage_threshold",NA,NA,NA,NA,2359,2349,0.995760915642221,1554987,1554755,0.999850802611212,1,"high_population_coverage_single_target",FALSE,TRUE,0.99,1,3.60115105644907,0.529380731980607,"historical_language_ineligible",NA,NA,NA,NA,NA,NA,NA,NA
"27","30","14","13","MAHARASHTRA",3231057,3231057,114,TRUE,101,13,0,13,0.280666976781901,0.999953685886656,0.280653977939727,549503,906809,0.280653977939727,2324248,0.719346022060273,4.89665570524638,1.74509726138416,4.98023906733743,3.23514180595326,535778,16.5821277680957,16.5821277680957,88.516729974123,71.9346022060273,"candidate",4.89665570524638,4.90230463383344,0.99,0.5,"below_coverage_threshold",NA,NA,NA,NA,1131,1128,0.997347480106101,3141827,3141082,0.999762876822944,1,"high_population_coverage_single_target",FALSE,TRUE,0.99,1,2.49506322975428,15.6673792639142,"historical_language_ineligible",NA,NA,NA,NA,NA,NA,NA,NA
"08","16","21","13","RAJASTHAN",344517,344517,84,FALSE,68,16,30,46,0.998339704571908,0.998671299190278,0.997013209798065,8663,343488,0.997013209798065,1029,0.00298679020193488,3.65323790834584,3.3715435410648,3.79622368964094,0.424680148576146,7526,2.18450758598269,2.18450758598269,2.48318660617618,0.298679020193488,"candidate",3.65323790834584,3.52105263157895,0.99,0.5,"eligible",3.65323790834584,3.65323790834584,3.52105263157895,2.18450758598269,519,511,0.984585741811175,344255,344095,0.999535228246503,1,"high_population_coverage_single_target",FALSE,TRUE,0.99,1,1.17380902362067,5.59701565991122,"eligible",-2.47942888472517,3.41250807392853,0.555555555555556,0.255555555555556,3,2,FALSE,1
"05","13","25","13","UTTAR PRADESH",1124488,1124488,69,FALSE,55,14,45,59,0.998275659678005,0.999991982532611,0.998267656035458,24019,1122540,0.998267656035458,1948,0.00173234396454208,1.59873433531787,1.55381830785227,1.8538914776447,0.300073169792429,5245,0.466434501746573,0.466434501746573,0.639668898200781,0.173234396454209,"candidate",1.59873433531787,1.61557349758615,0.99,0.5,"eligible",1.59873433531787,1.59873433531787,1.61557349758615,0.466434501746573,503,489,0.972166998011928,1116621,1115067,0.99860830129471,1,"high_population_coverage_single_target",FALSE,TRUE,0.99,1,1.9934761657647,0.694047555698992,"eligible",0.39474183044683,0.227613053952419,0.211111111111111,0.355555555555556,2,2,TRUE,0
"19","15","26","13","WEST BENGAL",8331912,8270019,39,FALSE,32,7,75,82,0.946677185260718,0.999031014508665,0.945759868803223,7660974,7881126,0.94589645209887,450786,0.05410354790113,3.01482357204188,2.90285597700129,3.12514361864749,0.222287641646203,7655688,91.8839277227124,91.8839277227124,97.2942825128254,5.410354790113,"candidate",3.01482357204188,3.0131142191586,0.99,0.5,"below_coverage_threshold",NA,NA,NA,NA,10309,10268,0.996022892618101,8160790,8157527,0.999600161258898,1,"high_population_coverage_single_target",FALSE,TRUE,0.99,1,3.12446662000284,97.0422327331213,"historical_language_ineligible",NA,NA,NA,NA,NA,NA,NA,NA
"28","07","02","14","ANDHRA PRADESH",3077050,3077050,39,FALSE,36,3,75,78,0.999593766757121,0.999991221795956,0.999584992119075,2635545,3075795,0.99959214182415,1255,0.000407858175850246,4.98693970317335,4.98504209648058,4.98694591929612,0.00190382281553347,2624559,85.2946490957248,85.2946490957248,85.3354349133098,0.040785817585018,"candidate",4.98693970317335,4.9869378308133,0.99,0.5,"eligible",4.98693970317335,4.98693970317335,4.9869378308133,85.2946490957248,1482,1472,0.993252361673414,3077050,3072698,0.998585658341593,1,"high_population_coverage_single_target",FALSE,TRUE,0.99,1,4.6827490270742,84.0260939993196,"eligible",-0.30419067609915,-1.26855509640519,0.766666666666667,0.677777777777778,4,4,TRUE,0
"29","19","11","14","KARNATAKA",2216889,2216889,84,FALSE,78,6,30,36,0.991825932647056,0.999727119914425,0.99155528310168,1933973,2198762,0.991823226151603,18127,0.00817677384839746,4.997271420025,4.96015316838277,4.99729675733825,0.0371435889554839,1932732,87.1821728557452,87.1821728557452,87.9998502405849,0.81767738483974,"candidate",4.997271420025,4.997268326078,0.99,0.5,"eligible",4.997271420025,4.997271420025,4.997268326078,87.1821728557452,2893,2861,0.988938817836156,2140494,2137301,0.998508288273641,1,"high_population_coverage_single_target",FALSE,TRUE,0.99,1,4.95856352596771,86.5653749541585,"eligible",-0.03870789405729,-0.616797901586693,0.933333333333333,0.766666666666667,5,4,FALSE,1
"32","14","12","14","KERALA",2946650,2946650,11,FALSE,5,6,103,109,0.0018627933415913,0.815995627618874,0.00152003122189605,651,4479,0.00152003122189605,2942171,0.998479968778104,2.93394777265745,1.00042782064291,4.99954295570714,3.99911513506423,608,0.0206336008687832,0.0206336008687832,99.8686304786792,99.8479968778104,"candidate",2.93394777265745,1.75797712221553,0.99,0.5,"below_coverage_threshold",NA,NA,NA,NA,85,85,1,2912431,2912431,1,1,"deterministic_one_to_one",TRUE,TRUE,0.99,1,4.99622050707087,99.7407608964528,"historical_language_ineligible",NA,NA,NA,NA,NA,NA,NA,NA
"27","34","14","14","MAHARASHTRA",2989507,2988744,114,TRUE,103,11,0,11,0.0518587178421057,0.99994194746891,0.0518557073122759,38784,155023,0.0518557073122759,2834484,0.948144292687724,3.5225350660066,1.03404973013307,4.98005685512107,3.94600712498799,27108,0.906771584746247,0.906771584746247,95.7212008535187,94.8144292687724,"candidate",3.5223803630363,3.52272317170624,0.99,0.5,"below_coverage_threshold",NA,NA,NA,NA,1190,1180,0.991596638655462,2984142,2981359,0.999067403628916,1,"high_population_coverage_single_target",FALSE,TRUE,0.99,1,2.1115754972335,4.20911371028129,"historical_language_ineligible",NA,NA,NA,NA,NA,NA,NA,NA
"08","15","21","14","RAJASTHAN",2153483,2153483,84,FALSE,67,17,30,47,0.99779519968349,0.999330303643772,0.997126979874,30281,2147296,0.997126979874,6187,0.00287302012600053,3.44589016214788,3.03093122737743,3.70955358122189,0.678622353844466,23317,1.08275756065871,1.08275756065871,1.37005957325876,0.287302012600053,"candidate",3.44589016214788,3.33511979823455,0.99,0.5,"distance_bound_too_wide",NA,NA,NA,NA,860,859,0.998837209302326,2152750,2151541,0.999438392753455,1,"high_population_coverage_single_target",FALSE,TRUE,0.99,1,1.03974175617117,1.2179616685316,"historical_language_ineligible",NA,NA,NA,NA,NA,NA,NA,NA
"33","22","23","14","TAMIL NADU",1327148,1327148,69,FALSE,69,0,45,45,0.999982669604294,0.999984929829519,0.999967599694985,1324462,1327118,0.999977395136036,30,2.26048639639287e-05,4.98523324942505,4.98514298312108,4.98523358389481,9.06007737304648e-05,1319261,99.4057181263883,99.4057181263883,99.4079786127847,0.00226048639638066,"candidate",4.98523324942505,4.9852121869217,0.99,0.5,"eligible",4.98523324942505,4.98523324942505,4.9852121869217,99.4057181263883,746,741,0.993297587131367,1220380,1219028,0.998892148347236,1,"high_population_coverage_single_target",FALSE,TRUE,0.99,1,4.99532822142488,99.759245480543,"eligible",0.0100949719998296,0.353527354154707,0.755555555555556,0.933333333333333,4,5,FALSE,1
"09","02","25","14","UTTAR PRADESH",2842543,2842543,69,FALSE,58,11,45,56,0.999939490801019,0.99994757897544,0.999887072948413,15979,2842222,0.999887072948413,321,0.000112927051587258,1.1570185868953,1.1539263803681,1.23269938650307,0.0787730061349694,907,0.0319080485325992,0.0319080485325992,0.043200753691325,0.0112927051587258,"candidate",1.1570185868953,1.15817212301587,0.99,0.5,"eligible",1.1570185868953,1.1570185868953,1.15817212301587,0.0319080485325992,905,894,0.987845303867403,2840882,2838950,0.999319929514848,1,"high_population_coverage_single_target",FALSE,TRUE,0.99,1,1.3788868723533,0.0777231244921821,"eligible",0.221868285458,0.0458150759595829,0.155555555555556,0.3,1,2,FALSE,1
"19","13","26","14","WEST BENGAL",2805065,2805065,39,FALSE,28,11,75,86,0.916432952534077,1,0.916432952534077,2557922,2570654,0.916432952534077,234411,0.0835670474659232,3.00031509952219,2.83239248327474,3.16818481176851,0.335792328493772,2557822,91.1858370483393,91.1858370483393,99.5425417949317,8.35670474659233,"candidate",3.00031509952219,3.00031509952219,0.99,0.5,"below_coverage_threshold",NA,NA,NA,NA,3557,3538,0.994658420016868,2794654,2793902,0.999730914810921,1,"high_population_coverage_single_target",FALSE,TRUE,0.99,1,3.16917066370456,98.3344839381004,"historical_language_ineligible",NA,NA,NA,NA,NA,NA,NA,NA
"28","06","02","15","ANDHRA PRADESH",2551966,2551966,39,FALSE,35,4,75,79,0.999128515035075,0.99954779738499,0.998676706507845,2118504,2548595,0.998679057636348,3371,0.00132094236365218,4.94561162027544,4.93934326951399,4.94569802650957,0.00635475699558175,2086533,81.7617867949651,81.7617867949651,81.8938810313304,0.132094236365219,"candidate",4.94561162027544,4.943510511872,0.99,0.5,"eligible",4.94561162027544,4.94561162027544,4.943510511872,81.7617867949651,841,837,0.995243757431629,2524062.02006531,2523064.02006531,0.99960460559524,1,"high_population_coverage_single_target",FALSE,TRUE,0.99,1,4.77273984900725,81.8919066371031,"eligible",-0.17287177126819,0.130119842138001,0.655555555555556,0.711111111111111,4,4,TRUE,0
"18","17","04","15","ASSAM",871206,871206,26,FALSE,23,3,88,91,0.885218880494395,0.999909233306708,0.885138532103773,771138,771138,0.885138532103773,100068,0.114861467896227,3.0048162585685,2.77454012024711,3.23398599183201,0.459445871584907,770752,88.4695468121202,88.4695468121202,99.9556936017429,11.4861467896227,"candidate",3.0048162585685,3.00463428802606,0.99,0.5,"below_coverage_threshold",NA,NA,NA,NA,798,771,0.966165413533835,860020,856702,0.996141950187205,1,"high_population_coverage_single_target",FALSE,TRUE,0.99,1,3.1741342893902,95.8883477123972,"historical_language_ineligible",NA,NA,NA,NA,NA,NA,NA,NA
"10","14","05","15","BIHAR",2953903,2953903,99,FALSE,94,5,15,20,0.99987101810723,0.999980362428314,0.999851383068435,4210,2953509,0.999866617150258,394,0.000133382849741511,3.02137767220903,2.84839270199826,3.19070373588184,0.34231103388358,3630,0.122888260041037,0.122888260041037,0.136226545015188,0.0133382849741512,"candidate",3.02137767220903,3.02439024390244,0.99,0.5,"eligible",3.02137767220903,3.02137767220903,3.02439024390244,0.122888260041037,1709,1708,0.999414862492686,2952666,2952252,0.999859787730817,1,"high_population_coverage_single_target",FALSE,TRUE,0.99,1,2.9139676426063,2.4623744569234,"eligible",-0.10741002960273,2.33948619688236,0.444444444444444,0.444444444444444,3,3,TRUE,0
"29","22","11","15","KARNATAKA",1644374,1644374,84,FALSE,77,7,30,37,0.993874872747927,0.999966346489205,0.993841425369168,1565797,1634298,0.99387244021129,10076,0.00612755978870987,4.99627410194297,4.97072225997907,4.99629792502315,0.0255756650440739,1564137,95.1205139463407,95.1205139463407,95.7332699252117,0.612755978870979,"candidate",4.99627410194297,4.99627730471497,0.99,0.5,"eligible",4.99627410194297,4.99627410194297,4.99627730471497,95.1205139463407,1374,1362,0.991266375545852,1644374,1642218,0.998688862752634,1,"high_population_coverage_single_target",FALSE,TRUE,0.99,1,4.97601298879639,95.0989381240513,"eligible",-0.0202611131465797,-0.0215758222893925,0.877777777777778,0.811111111111111,5,5,TRUE,0
"23","17","13","15","MADHYA PRADESH",1373434,1373434,84,FALSE,69,15,30,45,0.0176695785891423,0.982404812922367,0.0173586790482834,21816,23841,0.0173586790482834,1349593,0.982641320951717,4.70998349834983,1.05901740472755,4.99538649666146,3.93636909193392,20712,1.50804479865796,1.50804479865796,99.7721768938296,98.2641320951717,"candidate",4.70998349834983,4.63889763071528,0.99,0.5,"below_coverage_threshold",NA,NA,NA,NA,1746,1736,0.994272623138603,1290716,1288581,0.998345879341389,1,"high_population_coverage_single_target",FALSE,TRUE,0.99,1,3.48746127747455,0.590922297540846,"historical_language_ineligible",NA,NA,NA,NA,NA,NA,NA,NA
"27","19","14","15","MAHARASHTRA",2213779,2213779,114,TRUE,99,15,0,15,0.997642041052878,0.999993208241211,0.997635265308777,1629323,2208544,0.997635265308777,5235,0.00236473469122257,2.02815402470842,2.02486115512573,2.03767195780144,0.0128108026757081,21168,0.956193007522431,0.956193007522431,1.19266647664469,0.236473469122257,"candidate",2.02765006656122,2.03024061394486,0.99,0.5,"eligible",2.02815402470842,2.02765006656122,2.03024061394486,0.956193007522431,1307,1295,0.990818668706963,2205166,2203299,0.99915335172046,1,"high_population_coverage_single_target",FALSE,TRUE,0.99,1,1.98278418665293,1.19040545022387,"eligible",-0.0453698380554899,0.234212442701439,0.277777777777778,0.344444444444444,2,2,TRUE,0
"08","14","21","15","RAJASTHAN",2144810,2144810,84,FALSE,74,10,30,40,0.999913279031709,0.999914670357135,0.999827956788713,1922,2144453,0.999833551689893,357,0.000166448310106723,3.53277835587929,3.13602457218078,3.76261518209741,0.62659060991663,1538,0.0717079834577422,0.0717079834577422,0.0883528144684144,0.0166448310106723,"candidate",3.53277835587929,3.57095078834209,0.99,0.5,"distance_bound_too_wide",NA,NA,NA,NA,1381,1377,0.997103548153512,2144323,2141201,0.998544062624894,1,"high_population_coverage_single_target",FALSE,TRUE,0.99,1,1.00180396369537,0.0587388869089039,"historical_language_ineligible",NA,NA,NA,NA,NA,NA,NA,NA
"19","14","26","15","WEST BENGAL",2224577,2222545,39,FALSE,31,8,75,83,0.890444790178088,0.999821290013494,0.890285658801651,1739437,1980863,0.890444790178088,243714,0.109555209821912,3.00452905164142,2.75818785357242,3.24975707850789,0.491569224935469,1738380,78.1442943984407,78.1442943984407,89.0998153806319,10.9555209821912,"candidate",3.00452905164142,3.00452905164142,0.99,0.5,"below_coverage_threshold",NA,NA,NA,NA,2447,2441,0.997548017981202,2205915,2205690,0.999898001509578,1,"high_population_coverage_single_target",FALSE,TRUE,0.99,1,3.26540820090166,89.0962543614154,"historical_language_ineligible",NA,NA,NA,NA,NA,NA,NA,NA
"28","05","02","16","ANDHRA PRADESH",3145939,3145939,39,FALSE,38,1,75,76,0.997497408563866,0.999550359998802,0.997048893827884,1698246,3136655,0.997048893827884,9284,0.00295110617211586,4.79391383816008,4.77328597447775,4.79503434785919,0.0217483733814348,1602624,50.9426279403383,50.9426279403383,51.2377385575499,0.295110617211591,"candidate",4.79391383816008,4.79107818939726,0.99,0.5,"eligible",4.79391383816008,4.79391383816008,4.79107818939726,50.9426279403383,3,3,1,3145939,3145939,1,1,"deterministic_one_to_one",TRUE,TRUE,0.99,1,4.73056360185908,49.9684242237545,"eligible",-0.0633502363009999,-0.974203716583794,0.644444444444444,0.688888888888889,4,4,TRUE,0
"18","16","04","16","ASSAM",907983,907983,26,FALSE,24,2,88,90,0.945306244720441,0.999886988799075,0.945199414526483,858225,858225,0.945199414526483,49758,0.0548005854735166,2.99934282967753,2.88977767204893,3.10898001394299,0.219202341894067,857279,94.4157544799848,94.4157544799848,99.8958130273364,5.48005854735166,"candidate",2.99934282967753,2.99911688154329,0.99,0.5,"below_coverage_threshold",NA,NA,NA,NA,865,859,0.993063583815029,901993,901286,0.999216180169913,1,"high_population_coverage_single_target",FALSE,TRUE,0.99,1,3.06291026747732,95.7551722252869,"historical_language_ineligible",NA,NA,NA,NA,NA,NA,NA,NA
"10","18","05","16","BIHAR",2146065,2146065,99,FALSE,92,7,15,22,0.999894690980935,0.99999860194544,0.999893293073602,347,2145839,0.999894690980935,226,0.000105309019065126,4.27377521613833,2.9825479930192,4.56020942408377,1.57766143106457,322,0.0150042053712259,0.0150042053712259,0.0255351072777386,0.0105309019065126,"candidate",4.27377521613833,4.27377521613833,0.99,0.5,"distance_bound_too_wide",NA,NA,NA,NA,1403,1390,0.990734141126158,2144719,2142119,0.99878771997637,1,"high_population_coverage_single_target",FALSE,TRUE,0.99,1,3.32898641964205,0.404849958278821,"historical_language_ineligible",NA,NA,NA,NA,NA,NA,NA,NA
"27","18","14","16","MAHARASHTRA",1364425,1364425,114,TRUE,101,13,0,13,0.225503783645125,0.999980499410107,0.225499386188321,23593,307677,0.225499386188321,1056748,0.774500613811679,4.04950620946891,1.06659656534372,4.97924266504742,3.9126460997037,18308,1.34181065283911,1.34181065283911,78.791872034007,77.4500613811679,"candidate",4.02686782218079,4.11551336921056,0.99,0.5,"below_coverage_threshold",NA,NA,NA,NA,960,960,1,1364425,1364425,1,1,"deterministic_one_to_one",TRUE,TRUE,0.99,1,1.96884417682479,1.1123231839631,"historical_language_ineligible",NA,NA,NA,NA,NA,NA,NA,NA
"08","20","21","16","RAJASTHAN",1486432,1486432,84,FALSE,69,15,30,45,0.998932342683688,0.999897632412811,0.998830084390002,6764,1484694,0.998830757141934,1738,0.00116924285806549,3.19056771141336,2.74276640790402,3.56045636320866,0.817689955304634,4774,0.32117177240533,0.32117177240533,0.438096058211879,0.116924285806549,"candidate",3.19056771141336,3.14403470715835,0.99,0.5,"distance_bound_too_wide",NA,NA,NA,NA,912,910,0.99780701754386,1480625,1480094,0.999641367665682,1,"high_population_coverage_single_target",FALSE,TRUE,0.99,1,1.01154374195495,0.364995392221675,"historical_language_ineligible",NA,NA,NA,NA,NA,NA,NA,NA
"19","09","26","16","WEST BENGAL",6050605,6026313,39,FALSE,30,9,75,84,0.94986501349865,0.999837661716248,0.949710814042563,4891962,5747258,0.94986501349865,303347,0.0501349865013499,2.99249442248325,2.87615539325957,3.10970993255647,0.233554539296893,4867260,80.4425342589708,80.4425342589708,85.4560329091058,5.01349865013499,"candidate",2.99249442248325,2.99249442248325,0.99,0.5,"below_coverage_threshold",NA,NA,NA,NA,2471,2466,0.99797652772157,5791683,5790630,0.999818187563097,1,"high_population_coverage_single_target",FALSE,TRUE,0.99,1,3.11731440600256,85.7807024720736,"historical_language_ineligible",NA,NA,NA,NA,NA,NA,NA,NA
"28","04","02","17","ANDHRA PRADESH",2269800,2269800,39,FALSE,35,4,75,79,0.991706317737246,0.999814302691056,0.991522160542779,1906127,2250557,0.991522160542779,19243,0.0084778394572209,4.99409011047008,4.95417140601547,4.99414917652192,0.0399777705064484,1904209,83.8932505066526,83.8932505066526,84.7410344523747,0.8477839457221,"candidate",4.99409011047008,4.99325009375598,0.99,0.5,"eligible",4.99409011047008,4.99409011047008,4.99325009375598,83.8932505066526,1219,1216,0.997538966365874,2265570,2265474,0.999957626557555,1,"high_population_coverage_single_target",FALSE,TRUE,0.99,1,4.76546921593148,83.3443828418737,"eligible",-0.2286208945386,-0.548867664778911,0.811111111111111,0.7,5,4,FALSE,1
"18","15","04","17","ASSAM",1042457,1042457,26,FALSE,25,1,88,89,0.957474504943609,0.999906825390782,0.957385292630775,920181,998033,0.957385292630775,44424,0.0426147073692248,2.99924797403989,2.90717443927825,3.09139077653547,0.184216337257219,918531,88.1121235696053,88.1121235696053,92.3735943065277,4.26147073692248,"candidate",2.99921318459189,2.99901116406635,0.99,0.5,"below_coverage_threshold",NA,NA,NA,NA,1292,1277,0.988390092879257,1010357,1008236,0.997900742014951,1,"high_population_coverage_single_target",FALSE,TRUE,0.99,1,3.03897795842223,89.7397101277784,"historical_language_ineligible",NA,NA,NA,NA,NA,NA,NA,NA
"24","22","07","17","GUJARAT",3397900,3397900,99,FALSE,93,6,15,21,0.99828717737426,0.923382408433763,0.921800818152388,2819863,3132226,0.921812295829777,265674,0.0781877041702228,1.08726026760875,1.07974689656938,1.42415890653718,0.344412009967795,80970,2.38294240560346,2.38294240560346,10.2017128226257,7.81877041702228,"candidate",1.08683790666426,1.08280695921086,0.99,0.5,"eligible",1.08726026760875,1.08683790666426,1.08280695921086,2.38294240560346,1158,1154,0.996545768566494,3333086,3331964,0.999663375022427,1,"high_population_coverage_single_target",FALSE,TRUE,0.99,1,1.26474838716138,4.0626401982422,"eligible",0.17748811955263,1.67969779263874,0.133333333333333,0.277777777777778,1,2,FALSE,1
"23","20","13","17","MADHYA PRADESH",971888,971888,99,FALSE,87,12,15,27,1.00132011095929,0.992882032037535,NA,125729,966244,NA,NA,NA,NA,NA,NA,NA,5373,NA,NA,NA,NA,"population_bound_violation",NA,NA,0.99,0.5,"population_bound_violation",NA,NA,NA,NA,1051,1048,0.997145575642245,965935,965725,0.999782594066889,1,"high_population_coverage_single_target",FALSE,TRUE,0.99,1,1.02408857524676,0.423198485273631,"historical_language_ineligible",NA,NA,NA,NA,NA,NA,NA,NA
"08","17","21","17","RAJASTHAN",1435222,1435222,84,FALSE,72,12,30,42,0.996997677014427,0.999893774114848,0.996891770053692,63312,1430761,0.996891770053692,4461,0.00310822994630796,3.93181387414708,3.73883404895755,4.00212473994068,0.263290690983135,61741,4.30184319917058,4.30184319917058,4.61266619380138,0.310822994630795,"candidate",3.93181387414708,3.93222929534854,0.99,0.5,"eligible",3.93181387414708,3.93181387414708,3.93222929534854,4.30184319917058,1626,1626,1,1432935,1432935,1,1,"deterministic_one_to_one",TRUE,TRUE,0.99,1,1.11013416201651,3.62171481057941,"eligible",-2.82167971213057,-0.68012838859117,0.588888888888889,0.211111111111111,3,2,FALSE,1
"28","02","02","18","ANDHRA PRADESH",2037621,2034818,39,FALSE,36,3,75,78,0.972790327543739,0.999937947046128,0.972729963030416,1582061,1982055,0.972729963030416,55566,0.0272700369695836,4.98467758196429,4.84947426978182,4.98519748392033,0.135723214138507,1576207,77.3552589024161,77.3552589024161,80.0822625993745,2.72700369695838,"candidate",4.98467758196429,4.98442026970314,0.99,0.5,"below_coverage_threshold",NA,NA,NA,NA,853,848,0.994138335287222,1966509,1966454,0.999972031656097,1,"high_population_coverage_single_target",FALSE,TRUE,0.99,1,4.59590592447884,75.9669853288516,"historical_language_ineligible",NA,NA,NA,NA,NA,NA,NA,NA
"18","14","04","18","ASSAM",962298,959347,26,FALSE,25,1,88,89,0.831418126193757,0.999965003149716,0.831389029178072,670793,800044,0.831389029178072,162254,0.168610970821928,2.99394000831851,2.60557687621467,3.38466377047153,0.779086894256867,667121,69.32582214657,69.32582214657,86.1869192287628,16.8610970821928,"candidate",2.99385327775492,2.99377032024937,0.99,0.5,"below_coverage_threshold",NA,NA,NA,NA,1116,1084,0.971326164874552,935921,928652,0.992233318837808,1,"high_population_coverage_single_target",FALSE,TRUE,0.99,1,3.12191596046927,79.3869155323868,"historical_language_ineligible",NA,NA,NA,NA,NA,NA,NA,NA
"10","19","05","18","BIHAR",2716929,2716929,99,FALSE,96,3,15,18,0.999932276478333,0.999994110599265,0.999926387476449,2706,2716729,0.999926387476449,200,7.36125235514067e-05,2.84146341463415,2.71472814865795,2.99002064693737,0.275292498279422,2222,0.0817835136656129,0.0817835136656129,0.0891447660207536,0.00736125235514068,"candidate",2.84146341463415,2.84827332843497,0.99,0.5,"eligible",2.84146341463415,2.84146341463415,2.84827332843497,0.0817835136656129,1109,1102,0.993688007213706,2716929,2715656,0.999531456287595,1,"high_population_coverage_single_target",FALSE,TRUE,0.99,1,2.99999934258362,44.7136166112293,"eligible",0.15853592794947,44.6318330975637,0.366666666666667,0.488888888888889,2,3,FALSE,1
"23","21","13","18","MADHYA PRADESH",1383086,1383086,99,FALSE,85,14,15,29,0.998586494259938,0.989588243258605,0.98818945459646,26768,1366801,0.988225605638406,16285,0.0117743943615943,2.57568738792588,1.97967621303974,3.49269505028686,1.51301883724711,13037,0.942602267682559,0.942602267682559,2.12004170384199,1.17743943615943,"candidate",2.57568738792588,2.03301863837656,0.99,0.5,"distance_bound_too_wide",NA,NA,NA,NA,1092,1092,1,1383086,1383086,1,1,"deterministic_one_to_one",TRUE,TRUE,0.99,1,1.06250893747486,0.987181892955039,"historical_language_ineligible",NA,NA,NA,NA,NA,NA,NA,NA
"27","27","14","18","MAHARASHTRA",1822072,1822072,114,TRUE,100,14,0,14,0.151991249522522,0.995334712698464,0.15128216667618,21010,275647,0.15128216667618,1546425,0.84871783332382,4.17796287482151,1.04259761967801,4.98898136126857,3.94638374159056,16828,0.923563942588438,0.923563942588438,85.7953472749705,84.871783332382,"candidate",4.17785921660083,4.26490885726524,0.99,0.5,"below_coverage_threshold",NA,NA,NA,NA,1276,1275,0.999216300940439,1822072,1822069,0.999998353522803,1,"high_population_coverage_single_target",FALSE,TRUE,0.99,1,1.9969771776118,0.809191257624635,"historical_language_ineligible",NA,NA,NA,NA,NA,NA,NA,NA
"08","18","21","18","RAJASTHAN",1142563,1142563,84,FALSE,72,12,30,42,0.999798698189947,0.999953603721507,0.999752311251108,8700,1142280,0.999752311251108,283,0.000247688748891746,3.28758620689655,3.21551820104642,3.34153400868307,0.126015807636647,6512,0.569946690029346,0.569946690029346,0.594715564918521,0.0247688748891747,"candidate",3.28758620689655,3.27453444533303,0.99,0.5,"eligible",3.28758620689655,3.28758620689655,3.27453444533303,0.569946690029346,667,667,1,1142036,1142036,1,1,"deterministic_one_to_one",TRUE,TRUE,0.99,1,1.01379496832962,0.4424131223225,"eligible",-2.27379123856693,-0.127533567706846,0.477777777777778,0.1,3,1,FALSE,2
"28","01","02","19","ANDHRA PRADESH",2082479,2078568,39,FALSE,37,2,75,77,0.786951513076482,0.999866366448826,0.786846349951188,1360975,1638640,0.786869879600226,443839,0.213130120399774,4.96915667076912,3.9930635511471,4.97674164761577,0.983678096468666,1357353,65.1796728802547,65.1796728802547,86.4926849202321,21.3130120399774,"candidate",4.96915667076912,4.96866755562413,0.99,0.5,"below_coverage_threshold",NA,NA,NA,NA,1582,1569,0.991782553729456,2059843,2058006,0.999108184458718,1,"high_population_coverage_single_target",FALSE,TRUE,0.99,1,4.33022427436424,70.4943003085381,"historical_language_ineligible",NA,NA,NA,NA,NA,NA,NA,NA
"18","19","04","19","ASSAM",662723,662723,26,FALSE,23,3,88,91,0.218128841159881,0.998955443798034,0.21790099332602,144408,144408,0.21790099332602,518315,0.78209900667398,3.02431998227245,1.44110133494688,4.5694973616428,3.12839602669592,141467,21.3463241806909,21.3463241806909,99.5562248480889,78.209900667398,"candidate",3.02431998227245,3.0222054662802,0.99,0.5,"below_coverage_threshold",NA,NA,NA,NA,2487,2219,0.892239646160032,655651,618985,0.944076955575451,1,"incomplete_population_coverage_single_target",FALSE,FALSE,0.99,1,4.35011048696105,84.5746210668658,"geography_not_preferred",NA,NA,NA,NA,NA,NA,NA,NA
"10","13","05","19","BIHAR",2510959,2510959,114,TRUE,112,2,0,2,0.999913578835815,0.999966145466161,0.999879727227725,3126,2510674,0.999886497549343,285,0.000113502450657299,3.10300703774792,2.92729404866608,3.26150688947523,0.334212840809147,2786,0.11095362369517,0.11095362369517,0.1223038687609,0.0113502450657299,"candidate",3.10300703774792,3.12210394489668,0.99,0.5,"eligible",3.10300703774792,3.10300703774792,3.12210394489668,0.11095362369517,1044,1042,0.99808429118774,2508271,2508173,0.999960929261631,1,"high_population_coverage_single_target",FALSE,TRUE,0.99,1,2.99866603582937,68.4886420245547,"eligible",-0.10434100191855,68.3776884008595,0.455555555555556,0.466666666666667,3,3,TRUE,0
"24","23","07","19","GUJARAT",144091,144091,84,FALSE,77,7,30,37,0.831988118619484,0.964923841777748,0.802805171731753,115567,115896,0.804325044589877,28195,0.195674955410123,2.02119982347902,1.82091929717171,2.60541033096368,0.784491033791962,2542,1.76416292481834,1.76416292481834,21.3316584658306,19.5674955410123,"candidate",1.08740384365779,2.02988632656646,0.99,0.5,"below_coverage_threshold",NA,NA,NA,NA,311,311,1,144091,144091,1,1,"deterministic_one_to_one",TRUE,TRUE,0.99,1,1.65675215970637,0.265223564711871,"historical_language_ineligible",NA,NA,NA,NA,NA,NA,NA,NA
"29","18","11","19","KARNATAKA",2305819,2305819,84,FALSE,74,10,30,40,0.158105211206951,0.999914966452894,0.158091766960026,167215,364531,0.158091766960026,1941288,0.841908233039974,4.97062464491822,1.31489070681901,4.99767038510261,3.6827796782836,165921,7.19575127102344,7.19575127102344,91.3865745750208,84.1908233039974,"candidate",4.97062464491822,4.97047463018548,0.99,0.5,"below_coverage_threshold",NA,NA,NA,NA,2535,2517,0.992899408284024,2288914,2282980,0.9974075041701,1,"high_population_coverage_single_target",FALSE,TRUE,0.99,1,4.92750800261286,89.844435037059,"historical_language_ineligible",NA,NA,NA,NA,NA,NA,NA,NA
"23","22","13","19","MADHYA PRADESH",1033248,1031500,99,FALSE,91,8,15,23,0.997698519619685,0.997264446535451,0.994969261977763,2094,1028050,0.994969261977763,5198,0.00503073802223668,2.99952244508118,1.57419089413055,4.42553483269336,2.85134393856281,1276,0.123494069187649,0.123494069187649,0.626567871411317,0.503073802223667,"candidate",2.9937917860554,1.92348392348392,0.99,0.5,"distance_bound_too_wide",NA,NA,NA,NA,1072,1070,0.998134328358209,1029444,1029427,0.999983486231403,1,"high_population_coverage_single_target",FALSE,TRUE,0.99,1,1.0148047156508,0.291189746896663,"historical_language_ineligible",NA,NA,NA,NA,NA,NA,NA,NA
"27","15","14","19","MAHARASHTRA",2330374,2330374,114,TRUE,100,14,0,14,0.174004258543908,0.999972872661808,0.173999538271539,145238,405489,0.174001683849888,1924885,0.825998316150112,4.7418926176345,1.26252787877822,4.98189141418167,3.71936353540345,136149,5.84236693337636,5.84236693337636,88.4421985483875,82.5998316150112,"candidate",4.74175513969788,4.7501790091157,0.99,0.5,"below_coverage_threshold",NA,NA,NA,NA,1522,1519,0.998028909329829,2325380,2325218,0.999930333966922,1,"high_population_coverage_single_target",FALSE,TRUE,0.99,1,2.08523886760389,4.47197865437853,"historical_language_ineligible",NA,NA,NA,NA,NA,NA,NA,NA
"08","19","21","19","RAJASTHAN",654029,654029,84,FALSE,73,11,30,41,0.975149419979848,0.999644075662929,0.974802340568996,13493,637555,0.974811514474129,16474,0.0251884855258712,1.75987549099533,1.34214302399306,3.5410952047252,2.19895218073214,3086,0.471844520655812,0.471844520655812,2.99069307324293,2.51884855258712,"candidate",1.75987549099533,2.0669388945603,0.99,0.5,"below_coverage_threshold",NA,NA,NA,NA,449,449,1,654029,654029,1,1,"deterministic_one_to_one",TRUE,TRUE,0.99,1,1.02205013713031,0.685585892677962,"historical_language_ineligible",NA,NA,NA,NA,NA,NA,NA,NA
"33","28","23","19","TAMIL NADU",1455920,1455920,54,FALSE,52,2,60,62,0.999795318424089,1,0.999795318424089,1452935,1455622,0.999795318424089,298,0.000204681575910764,4.99689456169753,4.99607495838589,4.9968951984988,0.00082024011290649,1451834,99.7193527116874,99.7193527116874,99.7398208692785,0.0204681575910826,"candidate",4.99689456169753,4.99689456169753,0.99,0.5,"eligible",4.99689456169753,4.99689456169753,4.99689456169753,99.7193527116874,442,439,0.993212669683258,1396175,1394402,0.998730101885509,1,"high_population_coverage_single_target",FALSE,TRUE,0.99,1,4.99923669856532,99.8933966338524,"eligible",0.00234213686778961,0.174043922164998,0.911111111111111,1,5,5,TRUE,0
"28","03","02","20","ANDHRA PRADESH",3037486,3037486,39,FALSE,34,5,75,80,0.996965911941652,0.99993494635551,0.996901055675648,2824893,3028151,0.99692673480635,9335,0.00307326519365028,4.9931427491236,4.97999067118101,4.99316533461669,0.0131746634356871,2822867,92.9343213433741,92.9343213433741,93.2416478627391,0.30732651936502,"candidate",4.9931427491236,4.99298622448329,0.99,0.5,"eligible",4.9931427491236,4.9931427491236,4.99298622448329,92.9343213433741,1038,1034,0.996146435452794,3031386,3030293,0.999639438857341,1,"high_population_coverage_single_target",FALSE,TRUE,0.99,1,4.93231549650176,92.4526113382238,"eligible",-0.0608272526218405,-0.48171000515029,0.8,0.733333333333333,5,4,FALSE,1
"18","20","04","20","ASSAM",150801,150801,26,FALSE,24,2,88,90,0.330786931121146,0.999939859270693,0.330767037353864,49857,49880,0.330767037353864,100921,0.669232962646136,3.74823996630363,1.90874663412434,4.58608682964358,2.67734019551924,48134,31.9188864795326,31.9188864795326,98.8421827441463,66.9232962646136,"candidate",3.74823996630363,3.74807460890493,0.99,0.5,"below_coverage_threshold",NA,NA,NA,NA,564,538,0.953900709219858,144422,141147,0.977323399482073,1,"incomplete_population_coverage_single_target",FALSE,FALSE,0.99,1,4.53906146640912,83.3431990307644,"geography_not_preferred",NA,NA,NA,NA,NA,NA,NA,NA
"10","05","05","20","BIHAR",2832024,2832024,114,TRUE,109,5,0,5,0.999896187320446,0.999978811539236,0.999875001059313,1034,2831677,0.999877472789779,347,0.000122527210221382,3.64410058027079,2.97972483707458,3.98479362780594,1.00506879073135,1007,0.0355576082688565,0.0355576082688565,0.0478103292909947,0.0122527210221382,"candidate",3.64410058027079,3.66145354185833,0.99,0.5,"distance_bound_too_wide",NA,NA,NA,NA,1032,1028,0.996124031007752,2829466,2828883,0.999793954053521,1,"high_population_coverage_single_target",FALSE,TRUE,0.99,1,3.00029559790373,83.4464874663265,"historical_language_ineligible",NA,NA,NA,NA,NA,NA,NA,NA
"29","10","11","20","KARNATAKA",1220260,1220260,69,FALSE,65,4,45,49,0.903582023503188,0.999766008679446,0.903370593152279,964633,1102347,0.903370593152279,117913,0.096629406847721,4.23866071345268,3.88589953683262,4.3215872581858,0.43568772135318,720757,59.0658548178257,59.0658548178257,68.7287955025978,9.6629406847721,"candidate",4.23866071345268,4.23790562871868,0.99,0.5,"below_coverage_threshold",NA,NA,NA,NA,1252,1248,0.996805111821086,1172030,1171807,0.999809731832803,1,"high_population_coverage_single_target",FALSE,TRUE,0.99,1,4.00056001587553,58.8882795767268,"historical_language_ineligible",NA,NA,NA,NA,NA,NA,NA,NA
"23","23","13","20","MADHYA PRADESH",1033807,1033807,26,FALSE,22,4,88,92,0.956402887579597,0.989653456534404,0.946507423532632,6354,978506,0.946507423532632,55301,0.0534925764673677,1.5870317909978,1.0604979320412,4.64826859135512,3.58777065931392,954,0.092280280555268,0.092280280555268,5.44153792729204,5.34925764673677,"candidate",1.5870317909978,1.22491558128316,0.99,0.5,"below_coverage_threshold",NA,NA,NA,NA,1069,1058,0.989710009354537,1033807,1033651,0.999849101428023,1,"high_population_coverage_single_target",FALSE,TRUE,0.99,1,1.28796281991864,2.02959562534024,"historical_language_ineligible",NA,NA,NA,NA,NA,NA,NA,NA
"27","29","14","20","MAHARASHTRA",1276327,1276327,114,TRUE,98,16,0,16,0.150332947591017,1,0.150332947591017,46323,191874,0.150332947591017,1084453,0.849667052408983,4.47285365801006,1.14226778778467,4.97840509526201,3.83613730747734,40312,3.15843823722291,3.15843823722291,88.1251434781212,84.9667052408983,"candidate",4.47285365801006,4.54199857522181,0.99,0.5,"below_coverage_threshold",NA,NA,NA,NA,722,722,1,1274527,1274527,1,1,"deterministic_one_to_one",TRUE,TRUE,0.99,1,2.06755580260731,2.81270884327828,"historical_language_ineligible",NA,NA,NA,NA,NA,NA,NA,NA
"08","24","21","20","RAJASTHAN",1593128,1593128,84,FALSE,69,15,30,45,0.999018911223706,0.999791400288395,0.998810516166937,11410,1591233,0.998810516166937,1895,0.00118948383306301,3.60543382997371,3.23434798947764,3.80405862457723,0.569710635099587,9740,0.611375859315761,0.611375859315761,0.730324242622062,0.118948383306301,"candidate",3.60543382997371,3.53193663771078,0.99,0.5,"distance_bound_too_wide",NA,NA,NA,NA,1564,1559,0.996803069053708,1587562,1586681,0.999445061043285,1,"high_population_coverage_single_target",FALSE,TRUE,0.99,1,1.02556740786739,0.740468811241058,"historical_language_ineligible",NA,NA,NA,NA,NA,NA,NA,NA
"33","29","23","20","TAMIL NADU",2501832,2501832,54,FALSE,52,2,60,62,0.999824128878358,0.999982409794227,0.999806541766194,2494177,2501348,0.999806541766194,484,0.000193458233806267,4.98853690014782,4.98776306680547,4.98853912415354,0.000776057348072179,2487028,99.4082736170934,99.4082736170934,99.427619440474,0.0193458233806183,"candidate",4.98853690014782,4.98846653925214,0.99,0.5,"eligible",4.98853690014782,4.98853690014782,4.98846653925214,99.4082736170934,449,443,0.986636971046771,1855400,1853194,0.998811038051094,1,"high_population_coverage_single_target",FALSE,TRUE,0.99,1,4.99297791783962,99.7122814025189,"eligible",0.00444101769179994,0.304007785425497,0.777777777777778,0.888888888888889,4,5,FALSE,1
"09","15","25","20","UTTAR PRADESH",2751021,2751021,69,FALSE,58,11,45,56,0.999784807167957,0.999689139403344,0.999474013466273,16844,2749674,0.999510363606821,1347,0.000489636393179114,2.71057943481358,2.58391512286295,2.88010554669892,0.296190423835963,9544,0.346925741388379,0.346925741388379,0.39588938070629,0.0489636393179114,"candidate",2.71057943481358,2.63719529518723,0.99,0.5,"eligible",2.71057943481358,2.71057943481358,2.63719529518723,0.346925741388379,919,919,1,2751021,2751021,1,1,"deterministic_one_to_one",TRUE,TRUE,0.99,1,2.57425742574257,0.216064038044065,"eligible",-0.13632200907101,-0.130861703344314,0.355555555555556,0.433333333333333,2,3,FALSE,1
"28","09","02","21","ANDHRA PRADESH",2818832,2818832,39,FALSE,34,5,75,80,0.99382013543198,0.999980724006323,0.993800978561333,2379312,2801412,0.99382013543198,17420,0.00617986456801966,4.99666500232,4.96761632089028,4.99668924185099,0.0290729209607079,2377624,84.3478433620734,84.3478433620734,84.9658298188753,0.617986456801972,"candidate",4.99666500232,4.99666500232,0.99,0.5,"eligible",4.99666500232,4.99666500232,4.99666500232,84.3478433620734,975,972,0.996923076923077,2805654,2805546,0.999961506301205,1,"high_population_coverage_single_target",FALSE,TRUE,0.99,1,4.54973518721214,84.2098177053407,"eligible",-0.44692981510786,-0.138025656732708,0.888888888888889,0.666666666666667,5,4,FALSE,1
"18","22","04","21","ASSAM",827063,827063,11,FALSE,8,3,103,106,0.857615441628993,0.999998590163287,0.857614232531258,709301,709301,0.857614232531258,117762,0.142385767468742,2.99301847875585,2.70924101307881,3.27878408295378,0.569543069874968,704296,85.1562698367597,85.1562698367597,99.3948465836339,14.2385767468742,"candidate",2.99301847875585,2.99301566892523,0.99,0.5,"below_coverage_threshold",NA,NA,NA,NA,894,884,0.988814317673378,825212,821954,0.996051923626898,1,"high_population_coverage_single_target",FALSE,TRUE,0.99,1,3.04531093396345,90.0092160388967,"historical_language_ineligible",NA,NA,NA,NA,NA,NA,NA,NA
"27","28","14","21","MAHARASHTRA",1676641,1676641,114,TRUE,102,12,0,12,0.124664135017574,0.999985647100475,0.12466234572577,37916,209014,0.12466234572577,1467627,0.87533765427423,4.79594366494356,1.09559806661118,4.99486099035365,3.89926292374246,36118,2.1541880462186,2.1541880462186,89.6879534736416,87.533765427423,"candidate",4.79583816858318,4.79588069305625,0.99,0.5,"below_coverage_threshold",NA,NA,NA,NA,919,917,0.997823721436344,1676641,1676292,0.999791845720103,1,"high_population_coverage_single_target",FALSE,TRUE,0.99,1,2.04872120747541,2.32361964296621,"historical_language_ineligible",NA,NA,NA,NA,NA,NA,NA,NA
"33","30","23","21","TAMIL NADU",1600349,1600349,54,FALSE,53,1,60,61,0.999803167933994,0.999989375225776,0.999792545251067,1599219,1600017,0.999792545251067,332,0.000207454748932889,4.99521954153871,4.99439030077816,4.99522053376229,0.000830232984131207,1597289,99.8087917073088,99.8087917073088,99.8295371822021,0.0207454748932889,"candidate",4.99521954153871,4.9951770720519,0.99,0.5,"eligible",4.99521954153871,4.99521954153871,4.9951770720519,99.8087917073088,72,72,1,813772,813772,1,1,"deterministic_one_to_one",TRUE,TRUE,0.99,1,4.99598853320935,99.8643802841272,"eligible",0.000768991670639707,0.0555885768183941,0.844444444444444,0.944444444444444,5,5,TRUE,0
"09","16","25","21","UTTAR PRADESH",1533054,1533054,69,FALSE,57,12,45,57,0.999759956270294,0.999983688765996,0.9997436489517,1995,1532661,0.9997436489517,393,0.000256351048299669,2.19197994987469,1.99581239530988,2.65410385259631,0.658291457286432,757,0.049378560703015,0.049378560703015,0.0750136655329819,0.0256351048299668,"candidate",2.19197994987469,2.17722772277228,0.99,0.5,"distance_bound_too_wide",NA,NA,NA,NA,802,799,0.996259351620948,1532888,1529540,0.997815887396861,1,"high_population_coverage_single_target",FALSE,TRUE,0.99,1,1.91789052069426,0.0248922715098941,"historical_language_ineligible",NA,NA,NA,NA,NA,NA,NA,NA
"28","10","02","22","ANDHRA PRADESH",2215809,2215809,39,FALSE,36,3,75,78,0.935496245389381,0.999705723579887,0.935220950903259,1746023,2072581,0.935360854658502,143228,0.0646391453414983,4.9959026885671,4.69296509569136,4.99621331416524,0.303248218473882,1745366,78.7687927975742,78.7687927975742,85.232707331724,6.46391453414982,"candidate",4.9959026885671,4.99522482381553,0.99,0.5,"below_coverage_threshold",NA,NA,NA,NA,1094,1079,0.986288848263254,2215809,2213494,0.998955234860044,1,"high_population_coverage_single_target",FALSE,TRUE,0.99,1,4.57836042565439,84.8522871091621,"historical_language_ineligible",NA,NA,NA,NA,NA,NA,NA,NA
"18","23","04","22","ASSAM",449048,449048,11,FALSE,5,6,103,109,0.0257633927776095,0.999308496845017,0.0257455773102207,11561,11561,0.0257455773102207,437487,0.974254422689779,2.00069198166249,1.02576339277761,4.92278108353673,3.89701769075912,4,0.000890773369439347,0.000890773369439347,97.4263330423474,97.4254422689779,"candidate",2.00069198166249,2,0.99,0.5,"below_coverage_threshold",NA,NA,NA,NA,328,326,0.99390243902439,448667,448333,0.999255572618445,1,"high_population_coverage_single_target",FALSE,TRUE,0.99,1,3.1100470938361,90.448028375562,"historical_language_ineligible",NA,NA,NA,NA,NA,NA,NA,NA
"10","11","05","22","BIHAR",1177706,1177706,114,TRUE,106,8,0,8,0.999857349796978,0.999998301541012,0.999855651580276,4221,1177538,0.999857349796978,168,0.000142650203021807,4.72565742714996,4.58304853041695,4.73615857826384,0.153110047846891,4221,0.35840863509229,0.35840863509229,0.37267365539447,0.0142650203021807,"candidate",4.72565742714996,4.72565742714996,0.99,0.5,"eligible",4.72565742714996,4.72565742714996,4.72565742714996,0.35840863509229,371,371,1,1177706,1177706,1,1,"deterministic_one_to_one",TRUE,TRUE,0.99,1,3.00481007959954,65.2891127504748,"eligible",-1.72084734755042,64.9307041153825,0.633333333333333,0.511111111111111,4,3,FALSE,1
"27","04","14","22","MAHARASHTRA",1886299,1886299,114,TRUE,102,12,0,12,0.188077817991739,0.999985906401594,0.188075167298504,34315,354771,0.188077817991739,1531528,0.811922182008261,3.42380882995774,1.05311707495579,4.96545822282311,3.91234114786732,22292,1.18178507224995,1.18178507224995,82.374003273076,81.1922182008261,"candidate",3.40958764388751,3.57047938219438,0.99,0.5,"below_coverage_threshold",NA,NA,NA,NA,1307,1281,0.980107115531752,1885728,1885332,0.999790001527262,1,"high_population_coverage_single_target",FALSE,TRUE,0.99,1,1.99335025258793,1.11029678568991,"historical_language_ineligible",NA,NA,NA,NA,NA,NA,NA,NA
"09","17","25","22","UTTAR PRADESH",2244998,2244998,69,FALSE,58,11,45,56,0.999819153513723,0.999974605629887,0.999793763736092,1553,2244537,0.999794654605483,461,0.000205345394517055,2.19703799098519,1.92303872889772,2.83862959285005,0.915590863952334,602,0.0268151686549387,0.0268151686549387,0.0473497081066442,0.0205345394517055,"candidate",2.19703799098519,2.2363184079602,0.99,0.5,"distance_bound_too_wide",NA,NA,NA,NA,1526,1524,0.998689384010485,2244998,2244977,0.999990645871399,1,"high_population_coverage_single_target",FALSE,TRUE,0.99,1,1.98066949552098,0.0267365496518514,"historical_language_ineligible",NA,NA,NA,NA,NA,NA,NA,NA
"28","08","02","23","ANDHRA PRADESH",2852092,2852092,39,FALSE,37,2,75,77,1.0000231409085,0.999883947523244,NA,2475353,2851935,NA,NA,NA,NA,NA,NA,NA,2473027,NA,NA,NA,NA,"population_bound_violation",NA,NA,0.99,0.5,"population_bound_violation",NA,NA,NA,NA,1118,1117,0.999105545617174,2848381,2848360,0.999992627390788,1,"high_population_coverage_single_target",FALSE,TRUE,0.99,1,4.6001038528904,85.5748860044785,"historical_language_ineligible",NA,NA,NA,NA,NA,NA,NA,NA
"18","21","04","23","ASSAM",1215385,1215385,11,FALSE,7,4,103,107,0.830153408179301,1,0.830153408179301,1008956,1008956,0.830153408179301,206429,0.169846591820699,2.91705981232085,2.59145373688173,3.27084010416452,0.679386367282795,924877,76.0974506020726,76.0974506020726,93.0821097841425,16.9846591820699,"candidate",2.91705981232085,2.91705981232085,0.99,0.5,"below_coverage_threshold",NA,NA,NA,NA,1014,1003,0.989151873767258,1179325,1178787,0.999543806838658,1,"high_population_coverage_single_target",FALSE,TRUE,0.99,1,3.21925271412969,87.3651005983478,"historical_language_ineligible",NA,NA,NA,NA,NA,NA,NA,NA
"10","09","05","23","BIHAR",1878885,1878885,114,TRUE,109,5,0,5,0.971623063678724,0.999693246156813,0.971325014569811,58548,1825008,0.971325014569811,53877,0.0286749854301886,3.28875452620072,2.19192350455859,4.10882810762731,1.91690460306871,58040,3.08906612166258,3.08906612166258,5.95656466468145,2.86749854301887,"candidate",3.28875452620072,3.26707044731678,0.99,0.5,"below_coverage_threshold",NA,NA,NA,NA,1076,1059,0.984200743494424,1878146,1874045,0.997816463682802,1,"high_population_coverage_single_target",FALSE,TRUE,0.99,1,3.3493839035145,19.7932394315129,"historical_language_ineligible",NA,NA,NA,NA,NA,NA,NA,NA
"23","26","13","23","MADHYA PRADESH",1835915,1835915,11,FALSE,9,2,103,105,0.897025189074658,1,0.897025189074658,128188,1646862,0.897025189074658,189053,0.102974810925342,1.98703466783162,1.39883243338661,3.78254702261057,2.38371458922397,10001,0.54474199513594,0.54474199513594,10.8422230876702,10.2974810925342,"candidate",1.98703466783162,1.98703466783162,0.99,0.5,"below_coverage_threshold",NA,NA,NA,NA,633,626,0.988941548183254,1831346,1830792,0.999697490261261,1,"high_population_coverage_single_target",FALSE,TRUE,0.99,1,1.49445568413638,3.17639048490869,"historical_language_ineligible",NA,NA,NA,NA,NA,NA,NA,NA
"08","27","21","23","RAJASTHAN",874549,874549,84,FALSE,72,12,30,42,0.992189116904827,0.999798321574521,0.991989013765952,810363,867543,0.991989013765952,7006,0.00801098623404749,1.00151783830209,1.00150482829664,1.03579044470735,0.034285616410703,311,0.0355611863943587,0.0355611863943587,0.836659809799108,0.801098623404749,"candidate",1.00151783830209,2.00091790884573,0.99,0.5,"eligible",1.00151783830209,1.00151783830209,2.00091790884573,0.0355611863943587,840,839,0.998809523809524,870185,870172,0.999985060648023,1,"high_population_coverage_single_target",FALSE,TRUE,0.99,1,1.01603791212942,0.117576833570985,"eligible",0.0145200738273301,0.0820156471766263,0,0.111111111111111,1,1,TRUE,0
"10","10","05","24","BIHAR",1825380,1825380,114,TRUE,108,6,0,6,0.969713155616913,0.999819218742497,0.969537849653223,165470,1769782,0.969541684471179,55598,0.0304583155288214,3.13265848794343,2.59630068576185,3.60228979318581,1.00598910742396,165266,9.05378606098456,9.05378606098456,12.0996176138667,3.04583155288214,"candidate",3.13265848794343,3.12863200690059,0.99,0.5,"below_coverage_threshold",NA,NA,NA,NA,1218,1206,0.990147783251232,1825380,1785666,0.978243434243829,1,"incomplete_population_coverage_single_target",FALSE,FALSE,0.99,1,3.38141769432884,17.2250720778516,"geography_not_preferred",NA,NA,NA,NA,NA,NA,NA,NA
"27","07","14","24","MAHARASHTRA",2200057,2200057,114,TRUE,96,18,0,18,0.290142028138362,0.999945169340575,0.290126119459632,215447,638294,0.290126119459632,1561763,0.709873880540368,4.56304798860044,1.43193995082179,4.94702933249306,3.51508938167127,197758,8.98876710921581,8.98876710921581,79.9761551632526,70.9873880540368,"candidate",4.56304798860044,4.5981482770623,0.99,0.5,"below_coverage_threshold",NA,NA,NA,NA,1690,1647,0.974556213017752,2198220,2197171,0.999522795716534,1,"high_population_coverage_single_target",FALSE,TRUE,0.99,1,2.3295882384672,9.96689189500682,"historical_language_ineligible",NA,NA,NA,NA,NA,NA,NA,NA
"08","28","21","24","RAJASTHAN",1155600,1155600,84,FALSE,72,12,30,42,0.999804430598823,0.999782754328901,0.99958722741433,1059696,1155123,0.99958722741433,477,0.000412772585669782,1.00642825867041,1.00642536642605,1.0082250727004,0.00179970627435333,1937,0.167618553132572,0.167618553132572,0.20889581169955,0.0412772585669782,"candidate",1.00642825867041,2.00044530528413,0.99,0.5,"eligible",1.00642825867041,1.00642825867041,2.00044530528413,0.167618553132572,1433,1428,0.996510816468946,1155600,1155313,0.999751644167532,1,"high_population_coverage_single_target",FALSE,TRUE,0.99,1,1.04341980027496,0.191282780154012,"eligible",0.0369915416045499,0.02366422702144,0.0444444444444444,0.177777777777778,1,1,TRUE,0
"09","19","25","24","UTTAR PRADESH",2448338,2447094,69,FALSE,57,12,45,57,0.999982845505808,0.999937099108931,0.999919945693773,2881,2448142,0.999919945693773,196,8.00543062273265e-05,1.8948281846581,1.83782905427364,2.09262268443289,0.254793630159246,1270,0.0518719229126044,0.0518719229126044,0.059877353535337,0.00800543062273264,"candidate",1.8948281846581,1.86029654036244,0.99,0.5,"eligible",1.8948281846581,1.8948281846581,1.86029654036244,0.0518719229126044,1802,1793,0.995005549389567,2447094,2446263,0.999660413535402,1,"high_population_coverage_single_target",FALSE,TRUE,0.99,1,1.81257169075476,0.0494710218112456,"eligible",-0.0822564939033401,-0.0024009011013588,0.255555555555556,0.333333333333333,2,2,TRUE,0
"10","21","05","25","BIHAR",987227,987227,114,TRUE,104,10,0,10,0.999937197827855,1,0.999937197827855,184,987165,0.999937197827855,62,6.28021721448056e-05,4.08695652173913,3.30894308943089,4.31707317073171,1.00813008130081,182,0.0184354763392816,0.0184354763392816,0.0247156935537622,0.00628021721448056,"candidate",4.08695652173913,4.08695652173913,0.99,0.5,"distance_bound_too_wide",NA,NA,NA,NA,243,239,0.983539094650206,987227,985936,0.998692296705823,1,"high_population_coverage_single_target",FALSE,TRUE,0.99,1,2.95573913043478,1.69941956169326,"historical_language_ineligible",NA,NA,NA,NA,NA,NA,NA,NA
"23","29","13","25","MADHYA PRADESH",1431662,1431662,71,FALSE,68,3,43,46,0.831419706606727,0.999885744241846,0.831324712117804,344033,1190227,0.83136033505115,241435,0.16863966494885,3.06423802367796,2.21298858349218,3.86250657593583,1.64951799244365,129955,9.07721235878301,9.07721235878301,25.941178853668,16.863966494885,"candidate",3.06423802367796,3.06372813976601,0.99,0.5,"below_coverage_threshold",NA,NA,NA,NA,1055,1051,0.996208530805687,1422275,1421460,0.999426974389622,1,"high_population_coverage_single_target",FALSE,TRUE,0.99,1,1.92085358371486,11.1906077364355,"historical_language_ineligible",NA,NA,NA,NA,NA,NA,NA,NA
"27","14","14","25","MAHARASHTRA",2077144,2077144,114,TRUE,102,12,0,12,0.317528779901634,0.999025097300748,0.317219220237018,193822,658932,0.317229811702992,1418212,0.682770188297008,4.64258443313969,1.43796408760609,4.9570263406355,3.5190622530294,177973,8.56815897212711,8.56815897212711,76.8451778018279,68.2770188297008,"candidate",4.64225687798889,4.6651826707799,0.99,0.5,"below_coverage_threshold",NA,NA,NA,NA,1843,1816,0.98534997287032,2073004,2072525,0.999768934358062,1,"high_population_coverage_single_target",FALSE,TRUE,0.99,1,2.00476892059553,5.41775068909219,"historical_language_ineligible",NA,NA,NA,NA,NA,NA,NA,NA
"08","23","21","25","RAJASTHAN",770248,770248,84,FALSE,71,13,30,43,0.998664066638278,0.999795896877222,0.998460236183671,11813,769062,0.998460236183671,1186,0.00153976381632929,1.64657580631508,1.58758366028156,1.95253481037003,0.364951150088468,2535,0.329114778616757,0.329114778616757,0.483091160249686,0.153976381632929,"candidate",1.64657580631508,1.64828738512949,0.99,0.5,"eligible",1.64657580631508,1.64657580631508,1.64828738512949,0.329114778616757,830,827,0.996385542168675,770248,770187,0.999920804727828,1,"high_population_coverage_single_target",FALSE,TRUE,0.99,1,1.01213552511023,0.360573798026672,"eligible",-0.63444028120485,0.031459019409915,0.222222222222222,0.0666666666666667,2,1,FALSE,1
"09","20","25","25","UTTAR PRADESH",2834616,2834616,69,FALSE,58,11,45,56,0.99978021714405,0.999750528671031,0.999530800644602,31556,2833359,0.999556553691929,1257,0.000443446308071358,1.71910254785144,1.69155517630208,1.8447871270533,0.153231950751227,9147,0.32268921081374,0.32268921081374,0.367033841620876,0.0443446308071358,"candidate",1.71910254785144,1.71547064305685,0.99,0.5,"eligible",1.71910254785144,1.71910254785144,1.71547064305685,0.32268921081374,1872,1855,0.990918803418803,2834616,2832299,0.999182605333491,1,"high_population_coverage_single_target",FALSE,TRUE,0.99,1,1.72638748607982,0.324417786430393,"eligible",0.00728493822838017,0.00172857561665296,0.233333333333333,0.322222222222222,2,2,TRUE,0
"23","30","13","26","MADHYA PRADESH",992764,992215,101,FALSE,100,1,13,14,0.00198738068664859,0.988849467815509,0.00196522033433928,1951,1956,0.00197025677804594,990808,0.998029743221954,1.9682214249103,1.00190277801561,4.99404185708717,3.99213907907156,364,0.036665310184495,0.036665310184495,99.8396396323799,99.8029743221954,"candidate",1.9682214249103,1.95985772357724,0.99,0.5,"below_coverage_threshold",NA,NA,NA,NA,1673,1673,1,992215,992215,1,1,"deterministic_one_to_one",TRUE,TRUE,0.99,1,1.03574270046454,0.114271679522563,"historical_language_ineligible",NA,NA,NA,NA,NA,NA,NA,NA
"27","08","14","26","MAHARASHTRA",1067357,1067357,114,TRUE,102,12,0,12,0.116144832516206,0.992409331440372,0.115263215587662,30449,123067,0.115300691333827,944290,0.884699308666173,4.01645374232323,1.09422830111445,4.96927587795297,3.87504757683852,24799,2.32340257289735,2.32340257289735,90.7933334395146,88.4699308666173,"candidate",3.95837320574163,4.01384370015949,0.99,0.5,"below_coverage_threshold",NA,NA,NA,NA,972,940,0.967078189300412,1060873,1058348,0.997619884755291,1,"high_population_coverage_single_target",FALSE,TRUE,0.99,1,2.02897475452822,1.74630984967612,"historical_language_ineligible",NA,NA,NA,NA,NA,NA,NA,NA
"09","21","25","26","UTTAR PRADESH",1283103,1283103,69,FALSE,57,12,45,57,0.967389991294541,0.99991701986931,0.967309717146636,65227,1241253,0.967383756409267,41850,0.0326162435907328,1.02210740950833,1.01346694434846,2.57682789020985,1.56336094586139,474,0.0369416952497188,0.0369416952497188,3.298566054323,3.26162435907328,"candidate",1.02210740950833,1.02233463631486,0.99,0.5,"below_coverage_threshold",NA,NA,NA,NA,1219,1203,0.98687448728466,1283103,1282615,0.999619671998273,1,"high_population_coverage_single_target",FALSE,TRUE,0.99,1,1.94339384677019,3.85068936633733,"historical_language_ineligible",NA,NA,NA,NA,NA,NA,NA,NA
"23","31","13","27","MADHYA PRADESH",970388,970388,101,FALSE,98,3,13,16,0.943119659352754,0.999961756658712,0.943083591305746,2949,915163,0.943089774399519,55225,0.0569102256004815,2.69548999660902,1.08594904940351,4.88317805205074,3.79722900264723,815,0.0839870237472022,0.0839870237472022,5.77500958379535,5.69102256004815,"candidate",2.69548999660902,2.67897918065816,0.99,0.5,"below_coverage_threshold",NA,NA,NA,NA,1524,1518,0.996062992125984,970388,970330,0.99994023009353,1,"high_population_coverage_single_target",FALSE,TRUE,0.99,1,2.56548926821024,0.199291080221863,"historical_language_ineligible",NA,NA,NA,NA,NA,NA,NA,NA
"27","09","14","27","MAHARASHTRA",3287139,3287139,114,TRUE,101,13,0,13,0.267316045959724,0.97905212784723,0.261716343604575,186940,861968,0.262224384183328,2425171,0.737775615816672,3.62604579009308,1.18793726606565,4.90167071766858,3.71373345160294,140026,4.25981377726953,4.25981377726953,78.0373753589368,73.7775615816672,"candidate",3.4928978388998,3.57969840264376,0.99,0.5,"below_coverage_threshold",NA,NA,NA,NA,1654,1616,0.977025392986699,3278980,3275199,0.998846897510811,1,"high_population_coverage_single_target",FALSE,TRUE,0.99,1,2.11354305963089,4.43716149823842,"historical_language_ineligible",NA,NA,NA,NA,NA,NA,NA,NA
"08","32","21","27","RAJASTHAN",956971,956971,84,FALSE,72,12,30,42,0.999748163737459,0.999866210947707,0.999614408378101,4676,956602,0.999614408378101,369,0.000385591621898678,2.17151411462789,2.08582755203171,2.37839444995045,0.292566897918731,1702,0.177852829396084,0.177852829396084,0.216411991585952,0.0385591621898678,"candidate",2.17151411462789,2.14154870940883,0.99,0.5,"eligible",2.17151411462789,2.17151411462789,2.14154870940883,0.177852829396084,1452,1447,0.996556473829201,956600,956537,0.999934141752038,1,"high_population_coverage_single_target",FALSE,TRUE,0.99,1,1.02080363831635,0.164326274991288,"eligible",-1.15071047631154,-0.013526554404796,0.311111111111111,0.122222222222222,2,1,FALSE,1
"09","22","25","27","UTTAR PRADESH",1987395,1987395,69,FALSE,61,8,45,53,0.999870684992163,0.999966283167047,0.999836972519303,41729,1987074,0.999838482033013,321,0.000161517966986935,1.03326223968942,1.03300832342449,1.06354340071344,0.0305350772889417,434,0.021837631673623,0.021837631673623,0.0379894283723165,0.0161517966986935,"candidate",1.03326223968942,1.03321130332831,0.99,0.5,"eligible",1.03326223968942,1.03326223968942,1.03321130332831,0.021837631673623,2141,2125,0.992526856609061,1987395,1985542,0.999067623698359,1,"high_population_coverage_single_target",FALSE,TRUE,0.99,1,1.06597364169051,0.0590309504297014,"eligible",0.0327114020010899,0.0371933187560784,0.1,0.2,1,2,FALSE,1
"20","08","05","28","BIHAR",861182,861182,114,TRUE,103,11,0,11,0.861745833052711,1,0.861745833052711,108699,742120,0.861745833052711,119062,0.138254166947289,4.6248539544982,2.72996254846089,4.82096144642849,2.09099889796761,108661,12.6176580560207,12.6176580560207,26.4430747507496,13.8254166947289,"candidate",4.6248539544982,4.6248539544982,0.99,0.5,"below_coverage_threshold",NA,NA,NA,NA,1600,1581,0.988125,861182,860547,0.999262641346429,1,"high_population_coverage_single_target",FALSE,TRUE,0.99,1,4.46183096304862,33.4765504665798,"historical_language_ineligible",NA,NA,NA,NA,NA,NA,NA,NA
"23","32","13","28","MADHYA PRADESH",1351479,1351479,101,FALSE,99,2,13,15,0.781101297171469,0.997083291494654,0.778823052374473,92595,1052751,0.778962159234439,298728,0.221037840765561,2.66235757870295,1.39334769487099,4.44686614382492,3.05351844895393,27848,2.0605573597518,2.0605573597518,24.1643414363079,22.1037840765561,"candidate",2.66211312930606,2.61230859465008,0.99,0.5,"below_coverage_threshold",NA,NA,NA,NA,494,492,0.995951417004049,1350289,1350260,0.999978523116163,1,"high_population_coverage_single_target",FALSE,TRUE,0.99,1,3.0161199835434,5.37484407157271,"historical_language_ineligible",NA,NA,NA,NA,NA,NA,NA,NA
"23","33","13","29","MADHYA PRADESH",841358,841358,101,FALSE,100,1,13,14,0.950331487904079,0.999768625346906,0.95011160528574,3471,799389,0.950117548059209,41969,0.049882451940791,2.41169691731489,1.10783450704225,4.80228873239437,3.69445422535211,1054,0.125273664718229,0.125273664718229,5.11351885879733,4.9882451940791,"candidate",2.41169691731489,2.38888888888889,0.99,0.5,"below_coverage_threshold",NA,NA,NA,NA,1013,1008,0.995064165844028,840519,840289,0.999726359546899,1,"high_population_coverage_single_target",FALSE,TRUE,0.99,1,2.09432261940523,0.262458912516479,"historical_language_ineligible",NA,NA,NA,NA,NA,NA,NA,NA
"27","13","14","29","MAHARASHTRA",1771994,1771994,114,TRUE,101,13,0,13,0.159766906659955,0.996485415356792,0.159205392343315,133577,282162,0.159234173479143,1489832,0.840765826520857,4.41775155902588,1.28121871937386,4.95209155548602,3.67087283611216,122701,6.92445911216404,6.92445911216404,91.0010417642498,84.0765826520857,"candidate",4.40057686160525,4.41375695987987,0.99,0.5,"below_coverage_threshold",NA,NA,NA,NA,1479,1450,0.980392156862745,1753584,1749395,0.997611178021697,1,"high_population_coverage_single_target",FALSE,TRUE,0.99,1,2.12791906629847,5.39379852972353,"historical_language_ineligible",NA,NA,NA,NA,NA,NA,NA,NA
"20","11","05","30","BIHAR",1495709,1495709,114,TRUE,106,8,0,8,0.893395707320074,1,0.893395707320074,710874,1336260,0.893395707320074,159449,0.106604292679926,4.2571552764625,3.6604226247037,4.39324940280792,0.732826778104221,710778,47.5211421473027,47.5211421473027,58.1815714152954,10.6604292679926,"candidate",4.2571552764625,4.2571552764625,0.99,0.5,"below_coverage_threshold",NA,NA,NA,NA,3716,3707,0.997578040904198,1495709,1495510,0.999866952729441,1,"high_population_coverage_single_target",FALSE,TRUE,0.99,1,4.00681037471476,76.5940729926841,"historical_language_ineligible",NA,NA,NA,NA,NA,NA,NA,NA
"23","34","13","30","MADHYA PRADESH",876461,876461,101,FALSE,100,1,13,14,0.940053236824,0.999861637052141,0.939923168287009,2183,823814,0.93993229590364,52647,0.0600677040963602,3.40403114979386,1.0957140251687,4.93645814335218,3.84074411818348,1243,0.141820343403757,0.141820343403757,6.14859075303978,6.00677040963602,"candidate",3.40265689418232,3.29270423765837,0.99,0.5,"below_coverage_threshold",NA,NA,NA,NA,1418,1410,0.994358251057828,870977,870864,0.999870260638341,1,"high_population_coverage_single_target",FALSE,TRUE,0.99,1,2.68462321792261,0.486628168971521,"historical_language_ineligible",NA,NA,NA,NA,NA,NA,NA,NA
"27","12","14","30","MAHARASHTRA",787010,787010,101,FALSE,88,13,13,26,0.281024383425878,0.989664012587659,0.278119718936227,187285,218883,0.278119718936227,568127,0.721880281063773,4.96509597671997,1.98304369006582,4.99134644405967,3.00830275399385,185942,23.6263834004651,23.6263834004651,95.8144115068423,72.1880281063773,"candidate",4.92934045819244,4.94139926465546,0.99,0.5,"below_coverage_threshold",NA,NA,NA,NA,1507,1493,0.9907100199071,787010,786669,0.999566714527134,1,"high_population_coverage_single_target",FALSE,TRUE,0.99,1,3.1111065126071,38.7228398206959,"historical_language_ineligible",NA,NA,NA,NA,NA,NA,NA,NA
"09","25","25","30","UTTAR PRADESH",2747082,2747082,69,FALSE,59,10,45,55,0.999875140239716,0.999986893549041,0.999862035425226,3254,2746703,0.999862035425226,379,0.000137964574774251,1.09618930547019,1.08615469309111,1.50344068263143,0.417285989540325,105,0.00382223755970881,0.00382223755970881,0.017618695037134,0.0137964574774251,"candidate",1.09618930547019,1.11306990881459,0.99,0.5,"eligible",1.09618930547019,1.09618930547019,1.11306990881459,0.00382223755970881,1896,1890,0.996835443037975,2747082,2744875,0.999196602067212,1,"high_population_coverage_single_target",FALSE,TRUE,0.99,1,1.15893140140367,0.00862225996790636,"eligible",0.0627420959334801,0.00480002240819755,0.144444444444444,0.233333333333333,1,2,FALSE,1
"20","07","05","31","BIHAR",933113,933113,114,TRUE,102,12,0,12,1.50416830544639,0.999888141503136,NA,599273,1403436,NA,NA,NA,NA,NA,NA,NA,599013,NA,NA,NA,NA,"population_bound_violation",NA,NA,0.99,0.5,"population_bound_violation",NA,NA,NA,NA,2330,2315,0.993562231759657,933113,932513,0.999356991061104,1,"high_population_coverage_single_target",FALSE,TRUE,0.99,1,3.4183506799673,52.1004364822471,"historical_language_ineligible",NA,NA,NA,NA,NA,NA,NA,NA
"23","35","13","31","MADHYA PRADESH",1181501,1181501,101,FALSE,99,2,13,15,0.991261962537484,0.999857408401975,0.991120616910185,650412,1171024,0.99113246624421,10477,0.0088675337557903,3.96252990412231,3.91556524620625,3.97897680245851,0.0634115562522601,439879,37.2305228687915,37.2305228687915,38.1172762443705,0.886753375579033,"candidate",3.96252990412231,3.96183317577798,0.99,0.5,"eligible",3.96252990412231,3.96252990412231,3.96183317577798,37.2305228687915,1332,1324,0.993993993993994,1181333,1180541,0.999329570916922,1,"high_population_coverage_single_target",FALSE,TRUE,0.99,1,4.06511431597772,37.8728219833559,"eligible",0.10258441185541,0.642299114564395,0.6,0.644444444444444,4,4,TRUE,0
"09","26","25","31","UTTAR PRADESH",2200397,2200397,69,FALSE,57,12,45,57,0.0381322097785082,0.996424570352537,0.0379958707451428,703,83606,0.0379958707451428,2116791,0.962004129254857,1.82930298719772,1.00027532545547,4.99894734058278,3.99867201512732,163,0.00740775414618362,0.00740775414618362,96.2078206796319,96.2004129254857,"candidate",1.82930298719772,2.42771684945165,0.99,0.5,"below_coverage_threshold",NA,NA,NA,NA,1711,1697,0.991817650496785,2200397,2198778,0.999264223683272,1,"high_population_coverage_single_target",FALSE,TRUE,0.99,1,2.35539215686275,0.0277446969290065,"historical_language_ineligible",NA,NA,NA,NA,NA,NA,NA,NA
"09","27","25","32","UTTAR PRADESH",2762801,2762801,69,FALSE,60,9,45,54,0.998542059308651,0.999512464418058,0.998055234524673,52235,2757604,0.998118937990829,5197,0.00188106200917113,2.32210203886283,2.2024655244463,2.5644240144867,0.361958490040396,26511,0.959569654129993,0.959569654129993,1.14767585504711,0.188106200917113,"candidate",2.32210203886283,2.30310463635683,0.99,0.5,"eligible",2.32210203886283,2.32210203886283,2.30310463635683,0.959569654129993,833,831,0.997599039615846,2762801,2762725,0.999972491685069,1,"high_population_coverage_single_target",FALSE,TRUE,0.99,1,2.41773858543162,0.850671006614106,"eligible",0.0956365465687901,-0.108898647515887,0.333333333333333,0.422222222222222,2,3,FALSE,1
"23","40","13","34","MADHYA PRADESH",785496,785496,114,TRUE,110,4,0,4,0.997145752492693,0.999955314623353,0.997101194659171,1154,783221,0.997103740821086,2275,0.00289625917891371,1.85961871750433,1.28929717118693,3.94313210848644,2.6538349372995,318,0.0404839744569037,0.0404839744569037,0.330109892348274,0.289625917891371,"candidate",1.85961871750433,1.86857624262848,0.99,0.5,"distance_bound_too_wide",NA,NA,NA,NA,1026,1021,0.995126705653021,777318,777297,0.999972984029702,1,"high_population_coverage_single_target",FALSE,TRUE,0.99,1,2.98222811671088,0.227956225721566,"historical_language_ineligible",NA,NA,NA,NA,NA,NA,NA,NA
"23","43","13","36","MADHYA PRADESH",1568702,1567331,114,TRUE,112,2,0,2,0.998627527726745,0.99974402332771,0.99837190237534,345843,1566177,0.998390388996763,2525,0.00160961100323707,3.13048695506342,3.11504500987462,3.14403733982455,0.0289923299499382,133094,8.48433928177563,8.48433928177563,8.64530038209934,0.160961100323707,"candidate",3.13035295070023,3.12846930375634,0.99,0.5,"eligible",3.13048695506342,3.13035295070023,3.12846930375634,8.48433928177563,1916,1909,0.996346555323591,1551969,1551597,0.999760304490618,1,"high_population_coverage_single_target",FALSE,TRUE,0.99,1,2.9668516180574,6.26904764223051,"eligible",-0.16363533700602,-2.21529163954512,0.466666666666667,0.455555555555556,3,3,TRUE,0
"20","16","05","37","BIHAR",1153976,1153976,99,FALSE,94,5,15,20,0.994560545453285,0.999964276347718,0.994525016118186,496743,1147658,0.994525016118186,6318,0.00547498388181383,4.97939578413787,4.92941810237725,4.97965455481542,0.050236452438174,496542,43.0287978259513,43.0287978259513,43.5762962141327,0.547498388181381,"candidate",4.97939578413787,4.97906736126767,0.99,0.5,"eligible",4.97939578413787,4.97939578413787,4.97906736126767,43.0287978259513,1394,1394,1,1153700,1153700,1,1,"deterministic_one_to_one",TRUE,TRUE,0.99,1,3.91166600320872,92.7847623602201,"eligible",-1.06772978092915,49.7559645342688,0.722222222222222,0.622222222222222,4,4,TRUE,0
"23","44","13","37","MADHYA PRADESH",1000831,1000831,114,TRUE,112,2,0,2,0.999299582047319,0.999970003899493,0.999269606956619,99101,1000100,0.999269606956619,731,0.00073039304338095,4.11606341005641,4.09324665437936,4.12253586024521,0.0292892058658545,70715,7.06562846274746,7.06562846274746,7.13866776708555,0.0730393043380957,"candidate",4.11567913316317,4.1156247793324,0.99,0.5,"eligible",4.11606341005641,4.11567913316317,4.1156247793324,7.06562846274746,1575,1574,0.999365079365079,987149,987110,0.999960492286372,1,"high_population_coverage_single_target",FALSE,TRUE,0.99,1,4.22198149185997,9.49653057931257,"eligible",0.10591808180356,2.43090211656511,0.622222222222222,0.655555555555556,4,4,TRUE,0
"09","34","25","37","UTTAR PRADESH",2418487,2418487,69,FALSE,63,6,45,51,0.999135823347407,0.999244329470695,0.998380805850931,43836,2415163,0.99862558698889,3324,0.00137441301110984,2.42567752532165,2.32519083969466,2.60712468193384,0.281933842239185,23112,0.955638794006335,0.955638794006335,1.09308009511732,0.137441301110984,"candidate",2.42567752532165,2.38764144663856,0.99,0.5,"eligible",2.42567752532165,2.42567752532165,2.38764144663856,0.955638794006335,253,252,0.99604743083004,2418487,2418444,0.999982220288966,1,"high_population_coverage_single_target",FALSE,TRUE,0.99,1,2.076947095213,0.497717295999977,"eligible",-0.34873043010865,-0.457921498006358,0.344444444444444,0.377777777777778,2,2,TRUE,0
"20","14","05","38","BIHAR",2214048,2214048,99,FALSE,91,8,15,23,0.950969446010204,0.999993350722776,0.950963122750726,577089,2105485,0.950966284380465,108563,0.0490337156195349,4.72376877743294,4.13416426992118,4.76750596512517,0.633341695203981,569306,25.7133540013586,25.7133540013586,30.6167255633121,4.90337156195349,"candidate",4.72376877743294,4.72377386084811,0.99,0.5,"below_coverage_threshold",NA,NA,NA,NA,2046,2041,0.997556207233627,2187092,2185588,0.99931232888237,1,"high_population_coverage_single_target",FALSE,TRUE,0.99,1,3.87130868166109,62.6605898050077,"historical_language_ineligible",NA,NA,NA,NA,NA,NA,NA,NA
"23","45","13","38","MADHYA PRADESH",1365870,1365870,114,TRUE,111,3,0,3,0.998149165001062,0.99963985559016,0.9977896871591,345163,1362864,0.99779920490237,3006,0.00220079509763008,2.92846568143167,2.91181581358478,2.94635076643814,0.0345349528533556,110649,8.10099057743416,8.10099057743416,8.32107008719717,0.220079509763009,"candidate",2.92689681115805,2.92826371871393,0.99,0.5,"eligible",2.92846568143167,2.92689681115805,2.92826371871393,8.10099057743416,1257,1252,0.996022275258552,1334993,1334592,0.999699623893159,1,"high_population_coverage_single_target",FALSE,TRUE,0.99,1,3.02030781312064,10.2930602068266,"eligible",0.0918421316889702,2.19206962939244,0.377777777777778,0.555555555555556,2,3,FALSE,1
"09","35","25","38","UTTAR PRADESH",1219377,1219377,69,FALSE,59,10,45,55,0.0425102326843954,0.999652750983872,0.0424954710479204,989,51818,0.0424954710479204,1167559,0.95750452895208,3.58746208291203,1.00218989720576,4.99880449925891,3.99661460205315,854,0.0700357641648153,0.0700357641648153,95.8204886593728,95.750452895208,"candidate",3.58746208291203,3.54121151936445,0.99,0.5,"below_coverage_threshold",NA,NA,NA,NA,952,937,0.984243697478992,1219377,1217652,0.998585343171144,1,"high_population_coverage_single_target",FALSE,TRUE,0.99,1,3.19469026548673,0.0499160502790761,"historical_language_ineligible",NA,NA,NA,NA,NA,NA,NA,NA
"20","18","05","39","BIHAR",1613088,1613088,84,FALSE,77,7,30,37,0.897126505187566,0.996549064916829,0.894030579856772,922757,1442675,0.894356042571763,170413,0.105643957428237,3.42114879648705,3.04371872627313,3.66727407448064,0.623555348207506,881503,54.6469256481977,54.6469256481977,65.2113213910214,10.5643957428237,"candidate",3.42114879648705,3.40948269353965,0.99,0.5,"below_coverage_threshold",NA,NA,NA,NA,1589,1585,0.997482693517936,1613088,1612942,0.999909490368783,1,"high_population_coverage_single_target",FALSE,TRUE,0.99,1,3.5839383575974,72.9143157596716,"historical_language_ineligible",NA,NA,NA,NA,NA,NA,NA,NA
"09","36","25","39","UTTAR PRADESH",1429698,1429698,69,FALSE,62,7,45,52,0.999733510153893,0.997534486751364,0.997268653939503,12692,1426026,0.997431625420194,3672,0.00256837457980636,2.93799243618027,2.50311659740895,3.40069665118553,0.897580053776582,7733,0.540883459303993,0.540883459303993,0.797720917284629,0.256837457980637,"candidate",2.93799243618027,2.53894763185885,0.99,0.5,"distance_bound_too_wide",NA,NA,NA,NA,774,767,0.990956072351421,1429628,1427487,0.998502407619325,1,"high_population_coverage_single_target",FALSE,TRUE,0.99,1,2.85301223599096,0.398375544900363,"historical_language_ineligible",NA,NA,NA,NA,NA,NA,NA,NA
"20","17","05","40","BIHAR",1787955,1787955,41,FALSE,35,6,73,79,0.529650354734879,0.999066516999634,0.529155935132596,755149,946991,0.529650354734879,840964,0.470349645265121,4.05101907040862,2.44349052980585,4.55102051045258,2.10752998064673,753487,42.1423917268611,42.1423917268611,89.1773562533733,47.0349645265121,"candidate",4.05101907040862,4.05101907040862,0.99,0.5,"below_coverage_threshold",NA,NA,NA,NA,2795,2784,0.996064400715563,1787955,1785958,0.998883081509322,1,"high_population_coverage_single_target",FALSE,TRUE,0.99,1,4.18520954850482,91.4418507549129,"historical_language_ineligible",NA,NA,NA,NA,NA,NA,NA,NA
"09","37","25","40","UTTAR PRADESH",752043,752043,69,FALSE,59,10,45,55,0.999357749490388,0.999382617488956,0.998740763493577,1497,751202,0.998881712880779,841,0.00111828711922058,3.24916499665999,2.44011976047904,3.87895637296835,1.43883661248931,897,0.119275094642195,0.119275094642195,0.231103806564252,0.111828711922058,"candidate",3.24916499665999,2.81509433962264,0.99,0.5,"distance_bound_too_wide",NA,NA,NA,NA,693,687,0.991341991341991,752043,750575,0.998047983958364,1,"high_population_coverage_single_target",FALSE,TRUE,0.99,1,3.08112582781457,0.148625647488196,"historical_language_ineligible",NA,NA,NA,NA,NA,NA,NA,NA
"10","07","05","41","BIHAR",1611638,1611638,41,FALSE,33,8,73,81,0.746923937013151,0.999784012075386,0.746762610462151,151045,1203771,0.746923937013151,407867,0.253076062986849,4.82440994405641,2.03354016374671,4.95254709149204,2.91900692774533,151040,9.37183163961138,9.37183163961138,34.6794379382963,25.3076062986849,"candidate",4.82440994405641,4.82440994405641,0.99,0.5,"below_coverage_threshold",NA,NA,NA,NA,706,706,1,1611638,1611638,1,1,"deterministic_one_to_one",TRUE,TRUE,0.99,1,3.06511637727961,34.9645613628462,"historical_language_ineligible",NA,NA,NA,NA,NA,NA,NA,NA
"10","08","05","42","BIHAR",984107,984107,11,FALSE,7,4,103,107,0.430382062113165,0.999959862304093,0.430364787568831,33568,423525,0.430364787568831,560582,0.569635212431169,3.00029790276454,1.11301186569048,4.8870217958428,3.77400993015232,33568,3.41101120101778,3.41101120101778,60.3745324441346,56.9635212431169,"candidate",3.00029790276454,2.99928539526574,0.99,0.5,"below_coverage_threshold",NA,NA,NA,NA,718,716,0.997214484679666,984107,983960,0.999850625999002,1,"high_population_coverage_single_target",FALSE,TRUE,0.99,1,3.57851149928695,10.4237426134254,"historical_language_ineligible",NA,NA,NA,NA,NA,NA,NA,NA
"22","10","13","43","MADHYA PRADESH",2397134,2397134,114,TRUE,112,2,0,2,0.999689629365734,0.999227170869516,0.998917040098718,209516,2394725,0.998995049922115,2409,0.00100495007788467,3.31207163176082,3.28578978412174,3.3312587000118,0.0454689158900554,141406,5.89896100927191,5.89896100927191,5.99945601706037,0.100495007788467,"candidate",3.30978359268541,3.29849318571415,0.99,0.5,"eligible",3.31207163176082,3.30978359268541,3.29849318571415,5.89896100927191,1788,1786,0.998881431767338,2306557,2306383,0.999924562887455,1,"high_population_coverage_single_target",FALSE,TRUE,0.99,1,3.17738948385538,6.13015297711749,"eligible",-0.13468214790544,0.23119196784558,0.488888888888889,0.577777777777778,3,3,TRUE,0
"09","42","25","43","UTTAR PRADESH",1899241,1899241,69,FALSE,58,11,45,56,0.0570364687788438,0.999889223270498,0.0570301504653701,273,108314,0.0570301504653701,1790927,0.94296984953463,1.88644688644689,1.00013510495757,4.99952545779366,3.99939035283609,66,0.00347507241050504,0.00347507241050504,94.3004600258735,94.296984953463,"candidate",1.88644688644689,1.84912280701754,0.99,0.5,"below_coverage_threshold",NA,NA,NA,NA,1358,1348,0.992636229749632,1899241,1897337,0.998997494262182,1,"high_population_coverage_single_target",FALSE,TRUE,0.99,1,1.98605577689243,0.00762444083823796,"historical_language_ineligible",NA,NA,NA,NA,NA,NA,NA,NA
"09","43","25","44","UTTAR PRADESH",2210700,2210700,69,FALSE,58,11,45,56,0.0452698240376351,0.990397489957833,0.0448351200977066,777,99117,0.0448351200977066,2111583,0.955164879902293,2.44015444015444,1.00052973924899,4.99905839913651,3.99852865988752,329,0.014882164020446,0.014882164020446,95.5313701542498,95.5164879902293,"candidate",2.44015444015444,3.27790563866513,0.99,0.5,"below_coverage_threshold",NA,NA,NA,NA,2188,2185,0.998628884826325,2210700,2209711,0.999552630388565,1,"high_population_coverage_single_target",FALSE,TRUE,0.99,1,2.17973174366617,0.0665685348331393,"historical_language_ineligible",NA,NA,NA,NA,NA,NA,NA,NA
"09","49","25","50","UTTAR PRADESH",2558970,2552179,86,FALSE,83,3,28,31,0.92981863796762,0.999998318888382,0.929817074838705,60,2379374,0.929817074838705,179596,0.0701829251612954,2.73333333333333,1.00057888408959,4.99924299772899,3.9986641136394,47,0.00183667647530061,0.00183667647530061,7.02012919260484,7.01829251612954,"candidate",2.73333333333333,2.625,0.99,0.5,"below_coverage_threshold",NA,NA,NA,NA,2498,2493,0.997998398718975,2547368,2546845,0.999794690048709,1,"high_population_coverage_single_target",FALSE,TRUE,0.99,1,2.53480519480519,0.0799118325814446,"historical_language_ineligible",NA,NA,NA,NA,NA,NA,NA,NA
"09","57","25","52","UTTAR PRADESH",1676378,1676378,86,FALSE,79,7,28,35,0.96729198307303,0.99955474617757,0.966861292620161,495,1620825,0.966861292620161,55553,0.0331387073798392,1.95959595959596,1.00847487867542,4.9731480159863,3.96467313731088,200,0.0119304834589812,0.0119304834589812,3.3258012214429,3.31387073798392,"candidate",1.95959595959596,1.39030402629417,0.99,0.5,"below_coverage_threshold",NA,NA,NA,NA,1197,1189,0.993316624895572,1671357,1670262,0.999344843740745,1,"high_population_coverage_single_target",FALSE,TRUE,0.99,1,2.9980616541587,11.8147144078865,"historical_language_ineligible",NA,NA,NA,NA,NA,NA,NA,NA
"09","58","25","54","UTTAR PRADESH",3066002,3066002,71,FALSE,68,3,43,46,0.960360104135614,0.997793148231292,0.958240731741206,3153,2938097,0.958282806077752,127905,0.0417171939222479,2.95686647637171,1.04707839277267,4.95084619023638,3.90376779746372,2791,0.0910305994581869,0.0910305994581869,4.26274999168298,4.17171939222479,"candidate",2.95686647637171,1.64797311489183,0.99,0.5,"below_coverage_threshold",NA,NA,NA,NA,2874,2854,0.993041057759221,3045741,3042036,0.998783547255003,1,"high_population_coverage_single_target",FALSE,TRUE,0.99,1,2.9984886044909,34.6149213244178,"historical_language_ineligible",NA,NA,NA,NA,NA,NA,NA,NA
"09","62","25","56","UTTAR PRADESH",1445782,1445782,69,FALSE,66,3,45,48,0.999706733103608,0.999965406494446,0.999672149743184,771,1445308,0.999672149743184,474,0.000327850256816035,3.56809338521401,2.59036144578313,4.11325301204819,1.52289156626506,646,0.044681701667333,0.044681701667333,0.0774667273489364,0.0327850256816034,"candidate",3.56809338521401,3.56881851400731,0.99,0.5,"distance_bound_too_wide",NA,NA,NA,NA,1465,1451,0.990443686006826,1433727,1422121,0.991905013994993,1,"high_population_coverage_single_target",FALSE,TRUE,0.99,1,3.00017993316768,31.4680821795878,"historical_language_ineligible",NA,NA,NA,NA,NA,NA,NA,NA
"09","64","25","58","UTTAR PRADESH",3214636,3210962,99,FALSE,93,6,15,21,0.999858770946384,0.999991288607801,0.999850060784487,1193,3214155,0.999850371861698,481,0.000149628138302439,2.43084660519698,2.01971326164875,3.16905615292712,1.14934289127837,627,0.0195045411051205,0.0195045411051205,0.0344673549353644,0.0149628138302439,"candidate",2.43084660519698,2.39918032786885,0.99,0.5,"distance_bound_too_wide",NA,NA,NA,NA,3271,3254,0.994802812595536,3205909,3202015,0.998785367894098,1,"high_population_coverage_single_target",FALSE,TRUE,0.99,1,2.99913081269013,2.92970282930715,"historical_language_ineligible",NA,NA,NA,NA,NA,NA,NA,NA
"09","63","25","59","UTTAR PRADESH",2262273,2262273,69,FALSE,62,7,45,52,0.999926180438877,1,0.999926180438877,450,2262106,0.999926180438877,167,7.38195611228176e-05,2.53555555555556,2.11993517017828,3.20259319286872,1.08265802269044,284,0.0125537457238804,0.0125537457238804,0.0199357018361621,0.00738195611228176,"candidate",2.53555555555556,2.56222222222222,0.99,0.5,"distance_bound_too_wide",NA,NA,NA,NA,1796,1766,0.983296213808463,2251084,2240481,0.99528982481329,1,"high_population_coverage_single_target",FALSE,TRUE,0.99,1,2.99948599438973,69.4448206460061,"historical_language_ineligible",NA,NA,NA,NA,NA,NA,NA,NA
"09","65","25","60","UTTAR PRADESH",2416617,2416617,84,FALSE,82,2,30,32,0.999962757855299,0.999993792744712,0.999956550831183,668,2416512,0.999956550831183,105,4.34491688174005e-05,2.23203592814371,2.0646830530401,2.60802069857697,0.54333764553687,336,0.0139037340215682,0.0139037340215682,0.0182486509033082,0.00434491688174005,"candidate",2.21556886227545,2.20937042459736,0.99,0.5,"distance_bound_too_wide",NA,NA,NA,NA,2587,2551,0.986084267491303,2411067,2395420,0.99351034210165,1,"high_population_coverage_single_target",FALSE,TRUE,0.99,1,3.00019914272655,54.8714651009491,"historical_language_ineligible",NA,NA,NA,NA,NA,NA,NA,NA
"09","69","25","62","UTTAR PRADESH",1657139,1657139,69,FALSE,63,6,45,51,0.999992155154154,0.999739307692958,0.999731464892203,972,1656699,0.999734482140605,440,0.000265517859395018,2.67695473251029,2.15439093484419,3.40084985835694,1.24645892351275,651,0.0392845741968537,0.0392845741968537,0.0658363601363555,0.0265517859395018,"candidate",2.67695473251029,2.17155110793424,0.99,0.5,"distance_bound_too_wide",NA,NA,NA,NA,1726,1715,0.993626882966396,1657139,1656088,0.999365774385854,1,"high_population_coverage_single_target",FALSE,TRUE,0.99,1,2.99687952333506,16.5210371893952,"historical_language_ineligible",NA,NA,NA,NA,NA,NA,NA,NA
NA,NA,"25","06","UTTAR PRADESH",566408,566256,69,FALSE,54,15,45,60,0.979377056821231,1,0.979377056821231,2844,554727,0.979377056821231,11681,0.0206229431787687,4.35864978902954,1.6576247848537,4.87442340791738,3.21679862306368,2481,0.438023474244714,0.438023474244714,2.50031779212158,2.06229431787687,"candidate",4.35864978902954,4.35864978902954,0.99,0.5,"below_coverage_threshold",NA,NA,NA,NA,2175,2165,0.995402298850575,565928,565584,0.999392148824585,2,"splits_across_2001_districts",FALSE,FALSE,0.99,2,NA,NA,"geography_not_preferred",NA,NA,NA,NA,NA,NA,NA,NA
NA,NA,"05","33","BIHAR",2225480,2225480,114,TRUE,102,12,0,12,0.996787209950213,0.999815627070815,0.99660342937254,256789,2218330,0.996787209950213,7150,0.00321279004978701,4.66258679304799,4.56336880870201,4.67172717938615,0.108358370684135,251773,11.3131998490213,11.3131998490213,11.634478854,0.321279004978702,"candidate",4.66258679304799,4.66260237003921,0.99,0.5,"eligible",4.66258679304799,4.66258679304799,4.66260237003921,11.3131998490213,2873,2859,0.9951270449008,2207718,2207549,0.999923450368208,2,"splits_across_2001_districts",FALSE,FALSE,0.99,2,NA,NA,"geography_not_preferred",NA,NA,NA,NA,NA,NA,NA,NA
NA,NA,"13","33","MADHYA PRADESH",2649962,2649962,114,TRUE,110,4,0,4,0.999379991109306,0.999002763639879,0.998383373044595,124242,2646472,0.998682999982641,3490,0.00131700001735874,3.08741005457092,3.03037609995929,3.1396674286788,0.109291328719507,74539,2.81283278779092,2.81283278779092,2.94453278952679,0.131700001735874,"candidate",3.08741005457092,3.05683287201897,0.99,0.5,"eligible",3.08741005457092,3.08741005457092,3.05683287201897,2.81283278779092,2267,2257,0.995588883987649,2649206,2649157,0.99998150389211,2,"splits_across_2001_districts",FALSE,FALSE,0.99,2,NA,NA,"geography_not_preferred",NA,NA,NA,NA,NA,NA,NA,NA
NA,NA,"03","07","ARUNACHAL PRADESH",99643,99643,54,FALSE,45,9,60,69,0.831919954236625,0.999987936546233,0.831909918408719,75034,82895,0.831919954236625,16748,0.168080045763375,4.7417037609617,4.05893312414199,4.78883659105271,0.729903466910723,74665,74.9325090573347,74.9325090573347,91.7405136336722,16.8080045763375,"candidate",4.7417037609617,4.7417037609617,0.99,0.5,"below_coverage_threshold",NA,NA,NA,NA,194,191,0.984536082474227,95338,95096,0.997461662715811,2,"splits_across_2001_districts",FALSE,FALSE,0.99,2,NA,NA,"geography_not_preferred",NA,NA,NA,NA,NA,NA,NA,NA
NA,NA,"08","01","HARYANA",1116878,1116878,99,FALSE,83,16,15,31,0.998246898945095,0.998585548738923,0.996834927360016,129733,1113663,0.997121440300552,3215,0.00287855969944793,1.18881086539277,1.1842449679574,1.28097451635226,0.0967295483948611,7305,0.654055322067406,0.654055322067406,0.941911292012198,0.287855969944792,"candidate",1.18881086539277,1.18750286281396,0.99,0.5,"eligible",1.18881086539277,1.18881086539277,1.18750286281396,0.654055322067406,678,674,0.994100294985251,1095807,1094438,0.998750692412076,2,"splits_across_2001_districts",FALSE,FALSE,0.99,2,NA,NA,"geography_not_preferred",NA,NA,NA,NA,NA,NA,NA,NA
NA,NA,"23","02","TAMIL NADU",4653593,4651572,41,FALSE,41,0,73,73,0.025456244239666,0.990275444653605,0.025208693583646,93207,117311,0.025208693583646,4536282,0.974791306416354,4.38829701631852,1.06821768018025,4.98768438590091,3.91946670572065,77763,1.67103139445156,1.67103139445156,99.150162036087,97.4791306416354,"candidate",4.38829701631852,4.34693034050806,0.99,0.5,"below_coverage_threshold",NA,NA,NA,NA,1687,1672,0.991108476585655,4331243,4322933,0.998081382180589,4,"splits_across_2001_districts",FALSE,FALSE,0.99,4,NA,NA,"geography_not_preferred",NA,NA,NA,NA,NA,NA,NA,NA
NA,NA,"25","34","UTTAR PRADESH",2440266,2434434,69,FALSE,59,10,45,55,0.999738962883554,0.999996310914487,0.99973527476103,2557,2439629,0.999738962883554,637,0.000261037116445502,1.42041454829879,1.33656856606137,2.13431433938635,0.797745773324984,401,0.0164326348029272,0.0164326348029272,0.0425363464474774,0.0261037116445502,"candidate",1.42041454829879,1.42041454829879,0.99,0.5,"distance_bound_too_wide",NA,NA,NA,NA,1577,1565,0.992390615091947,2431540,2428314,0.998673268792617,2,"splits_across_2001_districts",FALSE,FALSE,0.99,2,NA,NA,"geography_not_preferred",NA,NA,NA,NA,NA,NA,NA,NA
NA,NA,"07","15","GUJARAT",3089610,3089610,99,FALSE,90,9,15,24,0.998954560607973,0.962593394202917,0.961587061150113,2795952,2970929,0.961587061150113,118681,0.0384129388498872,1.06760988743727,1.06485687906505,1.2277329598615,0.16287608079645,57953,1.87573836179971,1.87573836179971,5.71703224678843,3.84129388498872,"candidate",1.06760988743727,1.06494428974622,0.99,0.5,"eligible",1.06760988743727,1.06760988743727,1.06494428974622,1.87573836179971,1646,1645,0.999392466585662,3078103,3078083,0.999993502491632,2,"splits_across_2001_districts",FALSE,FALSE,0.99,2,NA,NA,"geography_not_preferred",NA,NA,NA,NA,NA,NA,NA,NA
NA,NA,"13","01","MADHYA PRADESH",1710574,1710574,99,FALSE,76,23,15,38,1.00481417348796,0.996698876954915,NA,9254,1713135,NA,NA,NA,NA,NA,NA,NA,4126,NA,NA,NA,NA,"population_bound_violation",NA,NA,0.99,0.5,"population_bound_violation",NA,NA,NA,NA,1301,1282,0.985395849346656,1698953,1696936,0.998812798235148,2,"splits_across_2001_districts",FALSE,FALSE,0.99,2,NA,NA,"geography_not_preferred",NA,NA,NA,NA,NA,NA,NA,NA
NA,NA,"14","01","MAHARASHTRA",9925891,9925891,114,TRUE,112,2,0,2,0.997611499058372,0.991039147630376,0.98867204969307,7054082,9879774,0.995353867980215,46117,0.00464613201978543,2.23552348838587,2.22749855320957,2.25347923346937,0.0259806802598068,1174970,11.8374259801966,11.8374259801966,12.3020391821752,0.464613201978542,"candidate",2.23534324206088,2.23228857043893,0.99,0.5,"eligible",2.23552348838587,2.23534324206088,2.23228857043893,11.8374259801966,1,0,0,9925891,NA,NA,0,"no_deterministic_target",FALSE,FALSE,0.99,0,NA,NA,"geography_not_preferred",NA,NA,NA,NA,NA,NA,NA,NA
NA,NA,"25","63","UTTAR PRADESH",1075041,1075041,41,FALSE,38,3,73,76,0.990169677249519,0.999658986183774,0.989832015709168,4673,1064139,0.989858991424513,10902,0.0101410085754869,3.19109779584849,1.65739967897271,4.45727126805779,2.79987158908507,4301,0.40007776447596,0.40007776447596,1.41417862202465,1.01410085754869,"candidate",3.19109779584849,3.04493708807669,0.99,0.5,"distance_bound_too_wide",NA,NA,NA,NA,1353,1347,0.995565410199557,1073704,1073460,0.999772749286582,3,"splits_across_2001_districts",FALSE,FALSE,0.99,3,NA,NA,"geography_not_preferred",NA,NA,NA,NA,NA,NA,NA,NA
NA,NA,"14","07","MAHARASHTRA",2535715,2535715,114,TRUE,104,10,0,10,0.388688003186478,0.998489248195519,0.388100792084284,745808,984113,0.388100792084284,1551602,0.611899207915716,1.94397753845494,1.30644334272072,4.00792370538998,2.70148036266927,20876,0.82327864132996,0.82327864132996,62.0131994329016,61.1899207915716,"candidate",1.09580992477977,1.94386000662269,0.99,0.5,"below_coverage_threshold",NA,NA,NA,NA,1586,1584,0.998738965952081,2531682,2531112,0.999774853239862,2,"splits_across_2001_districts",FALSE,FALSE,0.99,2,NA,NA,"geography_not_preferred",NA,NA,NA,NA,NA,NA,NA,NA
NA,NA,"18","01","NAGALAND",387581,387581,99,FALSE,92,7,15,22,0.772429505058297,0.928976314303942,0.717568714668676,252089,278116,0.717568714668676,109465,0.282431285331324,4.6590331192555,3.55121503288582,4.76226511115905,1.21105007827323,250712,64.6863494340538,64.6863494340538,92.9294779671862,28.2431285331324,"candidate",4.6590331192555,4.37449560817856,0.99,0.5,"below_coverage_threshold",NA,NA,NA,NA,375,355,0.946666666666667,384849,381580,0.991505759401739,2,"splits_across_2001_districts",FALSE,FALSE,0.99,2,NA,NA,"geography_not_preferred",NA,NA,NA,NA,NA,NA,NA,NA
NA,NA,"19","01","ORISSA",2697153,2697106,99,FALSE,95,4,15,19,0.997806205283868,0.998555682221849,0.996365056042427,2531042,2687529,0.996431793079592,9624,0.0035682069204083,3.14465781286917,3.13653388520963,3.15168581781312,0.0151519326034983,2522163,93.5120477036342,93.5120477036342,93.868868395675,0.356820692040827,"candidate",3.08102251226958,3.07529621276111,0.99,0.5,"eligible",3.14465781286917,3.08102251226958,3.07529621276111,93.5120477036342,3454,3435,0.994499131441807,2676718,2676103,0.999770241019039,4,"splits_across_2001_districts",FALSE,FALSE,0.99,4,NA,NA,"geography_not_preferred",NA,NA,NA,NA,NA,NA,NA,NA
NA,NA,"19","07","ORISSA",1908907,1908700,99,FALSE,97,2,15,17,0.999860653242929,0.999845439765781,0.999706114546178,1893009,1908346,0.999706114546178,561,0.000293885453822528,3.04430829436099,3.04370263576208,3.04488769889679,0.00118506313471389,1891489,99.0875406711799,99.0875406711799,99.1169292165621,0.0293885453822469,"candidate",3.04291983891448,3.04260752631379,0.99,0.5,"eligible",3.04430829436099,3.04291983891448,3.04260752631379,99.0875406711799,2686,2657,0.989203276247208,1895654,1891423,0.997768052608757,2,"splits_across_2001_districts",FALSE,FALSE,0.99,2,NA,NA,"geography_not_preferred",NA,NA,NA,NA,NA,NA,NA,NA
NA,NA,"20","07","PUNJAB",1455028,1455028,84,FALSE,69,15,30,45,0.999236440810761,0.999993809825458,0.999230255362783,1360638,1453908,0.999230255362783,1120,0.000769744637216603,1.0029993282563,1.00299686141003,1.00628672642276,0.00328986501272621,1436,0.0986922588431288,0.0986922588431288,0.175666722564789,0.0769744637216603,"candidate",1.0029993282563,1.00301915191817,0.99,0.5,"eligible",1.0029993282563,1.0029993282563,1.00301915191817,0.0986922588431288,1591,1586,0.996857322438718,1420122,1419978,0.999898600261104,4,"splits_across_2001_districts",FALSE,FALSE,0.99,4,NA,NA,"geography_not_preferred",NA,NA,NA,NA,NA,NA,NA,NA
NA,NA,"25","19","UTTAR PRADESH",1931186,1931186,69,FALSE,57,12,45,57,0.999707951486807,0.99983217843783,0.999540178936674,10886,1930337,0.999560373780672,849,0.000439626219328433,2.9261436707698,2.78679164891351,3.07618236046016,0.289390711546655,8780,0.454642898198309,0.454642898198309,0.498605520131153,0.0439626219328433,"candidate",2.9261436707698,2.87727150657954,0.99,0.5,"eligible",2.9261436707698,2.9261436707698,2.87727150657954,0.454642898198309,887,874,0.985343855693348,1931088,1928267,0.998539165485985,2,"splits_across_2001_districts",FALSE,FALSE,0.99,2,NA,NA,"geography_not_preferred",NA,NA,NA,NA,NA,NA,NA,NA
NA,NA,"23","07","TAMIL NADU",3896382,3896382,11,FALSE,10,1,103,104,0.0369455561595347,1,0.0369455561595347,139933,143954,0.0369455561595347,3752428,0.963054443840465,4.32944337647303,1.11969573223039,4.97589303767045,3.85619730544007,116082,2.97922534289502,2.97922534289502,99.2846697269416,96.3054443840465,"candidate",4.32944337647303,4.32944337647303,0.99,0.5,"below_coverage_threshold",NA,NA,NA,NA,948,944,0.9957805907173,3531922,3476036,0.984176887258552,5,"splits_across_2001_districts",FALSE,FALSE,0.99,5,NA,NA,"geography_not_preferred",NA,NA,NA,NA,NA,NA,NA,NA
NA,NA,"25","07","UTTAR PRADESH",836617,836617,69,FALSE,55,14,45,59,0.99487937730168,1,0.99487937730168,809,832333,0.99487937730168,4284,0.00512062269831954,2.34487021013597,1.21362654623994,4.57824464951895,3.36461810327901,353,0.0421937397877404,0.0421937397877404,0.554256009619695,0.512062269831954,"candidate",2.34487021013597,2.34487021013597,0.99,0.5,"distance_bound_too_wide",NA,NA,NA,NA,3007,2996,0.996341868972398,834615,834494,0.999855022974665,2,"splits_across_2001_districts",FALSE,FALSE,0.99,2,NA,NA,"geography_not_preferred",NA,NA,NA,NA,NA,NA,NA,NA
NA,NA,"07","16","GUJARAT",1546145,1546145,99,FALSE,91,8,15,23,0.999382334774552,0.990562972838292,0.989951136536353,1480159,1531238,0.990358601554188,14907,0.009641398445812,1.01676914439597,1.01660194265671,1.05648513176007,0.0398831891033573,6872,0.44446025437459,0.44446025437459,1.40860009895579,0.9641398445812,"candidate",1.01675968595266,1.01677853921161,0.99,0.5,"eligible",1.01676914439597,1.01675968595266,1.01677853921161,0.44446025437459,1125,1120,0.995555555555556,1546145,1543176,0.99807974025722,3,"splits_across_2001_districts",FALSE,FALSE,0.99,3,NA,NA,"geography_not_preferred",NA,NA,NA,NA,NA,NA,NA,NA
NA,NA,"11","16","KARNATAKA",3165018,3165018,84,FALSE,79,5,30,35,0.983310363479765,0.999637554844732,0.982953967402397,2870705,3111938,0.983229163309656,53080,0.0167708366903443,4.99115861783081,4.91870093047197,4.99131912914253,0.0726181986705594,2863551,90.4750304737603,90.4750304737603,92.1521141427948,1.67708366903442,"candidate",4.99115861783081,4.99088598177196,0.99,0.5,"below_coverage_threshold",NA,NA,NA,NA,1654,1606,0.970979443772672,3147728,3133335,0.995427495641301,2,"splits_across_2001_districts",FALSE,FALSE,0.99,2,NA,NA,"geography_not_preferred",NA,NA,NA,NA,NA,NA,NA,NA
NA,NA,"13","16","MADHYA PRADESH",1555208,1555208,99,FALSE,87,12,15,27,0.996161285178574,0.998187496046444,0.994355738910808,25968,1546688,0.994521633119171,8520,0.0054783668808288,2.18149260628466,1.88961377870564,2.87778357689631,0.988169798190675,9869,0.634577497029336,0.634577497029336,1.18241418511222,0.54783668808288,"candidate",2.18149260628466,2.17715127288029,0.99,0.5,"distance_bound_too_wide",NA,NA,NA,NA,1586,1575,0.993064312736444,1554948,1554063,0.999430849134505,2,"splits_across_2001_districts",FALSE,FALSE,0.99,2,NA,NA,"geography_not_preferred",NA,NA,NA,NA,NA,NA,NA,NA
NA,NA,"20","10","PUNJAB",1710120,1710120,84,FALSE,72,12,30,42,0.999823404205553,1,0.999823404205553,1661440,1709818,0.999823404205553,302,0.000176595794447173,1.00098709553159,1.00098691613981,1.00171386412572,0.000726947985908666,571,0.0333894697448132,0.0333894697448132,0.0510490491895306,0.0176595794447173,"candidate",1.00098709553159,1.00098709553159,0.99,0.5,"eligible",1.00098709553159,1.00098709553159,1.00098709553159,0.0333894697448132,716,716,1,1671404,1671404,1,2,"splits_across_2001_districts",FALSE,FALSE,0.99,2,NA,NA,"geography_not_preferred",NA,NA,NA,NA,NA,NA,NA,NA
NA,NA,"31","01","DELHI U.T.",9420644,9420644,11,FALSE,9,2,103,105,0.841875035294827,1,0.841875035294827,240374,7931005,0.841875035294827,1489639,0.158124964705173,3.43643239285447,1.33852635789442,4.78275249954769,3.44422614165327,210903,2.23873229898083,2.23873229898083,18.0512287694981,15.8124964705173,"candidate",3.43643239285447,3.43643239285447,0.99,0.5,"below_coverage_threshold",NA,NA,NA,NA,1,0,0,9420644,NA,NA,0,"no_deterministic_target",FALSE,FALSE,0.99,0,NA,NA,"geography_not_preferred",NA,NA,NA,NA,NA,NA,NA,NA
NA,NA,"08","08","HARYANA",1808606,1808606,99,FALSE,84,15,15,30,0.0111196136693122,0.987320371935757,0.0109786211037672,19424,19856,0.0109786211037672,1788750,0.989021378896233,1.08288714991763,1.00089040103441,4.95792108502832,3.95703068399391,431,0.0238305081372062,0.0238305081372062,98.9259683977605,98.9021378896233,"candidate",1.08288714991763,1.12068702677982,0.99,0.5,"below_coverage_threshold",NA,NA,NA,NA,460,459,0.997826086956522,1735513,1735466,0.999972918670157,6,"splits_across_2001_districts",FALSE,FALSE,0.99,6,NA,NA,"geography_not_preferred",NA,NA,NA,NA,NA,NA,NA,NA
NA,NA,"25","16","UTTAR PRADESH",2703933,2703933,69,FALSE,57,12,45,57,0.998611651989898,0.999974075792753,0.998585763774472,41944,2700171,0.998608693336706,3762,0.0013913066632938,2.06441922563418,1.97680829650374,2.30604297028836,0.329234673784624,16890,0.624645655051364,0.624645655051364,0.763776321380744,0.13913066632938,"candidate",2.06441922563418,2.06540808543097,0.99,0.5,"eligible",2.06441922563418,2.06441922563418,2.06540808543097,0.624645655051364,684,673,0.983918128654971,2582601,2578555,0.998433362335103,2,"splits_across_2001_districts",FALSE,FALSE,0.99,2,NA,NA,"geography_not_preferred",NA,NA,NA,NA,NA,NA,NA,NA
NA,NA,"11","08","KARNATAKA",2180443,2180443,84,FALSE,80,4,30,34,0.989986897158055,0.999920319094232,0.98990801410539,1899962,2158510,0.989941034918134,21933,0.0100589650818664,4.9907334988805,4.94519055411456,4.99083924980293,0.0456486956883699,1894510,86.8864721526772,86.8864721526772,87.8923686608639,1.00589650818664,"candidate",4.9907334988805,4.99053715089297,0.99,0.5,"below_coverage_threshold",NA,NA,NA,NA,1282,1273,0.992979719188768,2152685,2152545,0.999934964939134,2,"splits_across_2001_districts",FALSE,FALSE,0.99,2,NA,NA,"geography_not_preferred",NA,NA,NA,NA,NA,NA,NA,NA
NA,NA,"13","42","MADHYA PRADESH",1439951,1439951,114,TRUE,113,1,0,1,0.999863189789097,0.999829832040751,0.999693045110563,69183,1439549,0.999720823833589,402,0.000279176166411218,3.39568969255453,3.38184953653805,3.40495796507868,0.0231084285406333,36713,2.5496006461331,2.5496006461331,2.57751826277422,0.0279176166411217,"candidate",3.39303181129626,3.39364155185335,0.99,0.5,"eligible",3.39568969255453,3.39303181129626,3.39364155185335,2.5496006461331,2273,2268,0.997800263968324,1439951,1439835,0.999919441703225,2,"splits_across_2001_districts",FALSE,FALSE,0.99,2,NA,NA,"geography_not_preferred",NA,NA,NA,NA,NA,NA,NA,NA
NA,NA,"05","02","BIHAR",1997995,1997995,26,FALSE,22,4,88,92,0.000388889862086742,0.990990990990991,0.00038538634981569,770,770,0.00038538634981569,1997225,0.999614613650184,4.35844155844156,1.00129429753328,4.99975275213401,3.99845845460074,647,0.0323824634195781,0.0323824634195781,99.993843828438,99.9614613650184,"candidate",4.35844155844156,4.32818532818533,0.99,0.5,"below_coverage_threshold",NA,NA,NA,NA,998,996,0.997995991983968,1997995,1988159,0.995077064757419,2,"splits_across_2001_districts",FALSE,FALSE,0.99,2,NA,NA,"geography_not_preferred",NA,NA,NA,NA,NA,NA,NA,NA
NA,NA,"05","17","BIHAR",1814773,1814773,99,FALSE,98,1,15,16,0.999880976849446,0.99996307638724,0.99984405763145,1942,1814490,0.99984405763145,283,0.000155942368549675,3.22657054582904,2.94337078651685,3.45213483146067,0.50876404494382,1636,0.0901490158824272,0.0901490158824272,0.105743252737395,0.0155942368549675,"candidate",3.22657054582904,3.15231458437033,0.99,0.5,"distance_bound_too_wide",NA,NA,NA,NA,654,635,0.970948012232416,1717944,1707787,0.994087700181147,2,"splits_across_2001_districts",FALSE,FALSE,0.99,2,NA,NA,"geography_not_preferred",NA,NA,NA,NA,NA,NA,NA,NA
NA,NA,"21","21","RAJASTHAN",2889301,2889301,84,FALSE,70,14,30,44,0.999460077022089,0.99958375768464,0.99904405944552,391390,2886558,0.999050635430507,2743,0.00094936456949276,1.14463323028182,1.14362664379791,1.17146496233505,0.0278383185371436,17786,0.615581415712659,0.615581415712659,0.710517872661934,0.0949364569492759,"candidate",1.14463323028182,2.07482175289691,0.99,0.5,"eligible",1.14463323028182,1.14463323028182,2.07482175289691,0.615581415712659,3185,3181,0.998744113029827,2887321,2887286,0.999987878036422,2,"splits_across_2001_districts",FALSE,FALSE,0.99,2,NA,NA,"geography_not_preferred",NA,NA,NA,NA,NA,NA,NA,NA
NA,NA,"08","02","HARYANA",821880,821880,99,FALSE,90,9,15,24,0.119330072516669,0.99847055824624,0.119147564121283,77498,97925,0.119147564121283,723955,0.880852435878717,1.00989702960076,1.00095701182727,4.61416951461907,3.6132125027918,197,0.023969435927386,0.023969435927386,88.1092130237991,88.0852435878717,"candidate",1.00989702960076,1.01262105913868,0.99,0.5,"below_coverage_threshold",NA,NA,NA,NA,624,618,0.990384615384615,799865,799803,0.999922486919668,2,"splits_across_2001_districts",FALSE,FALSE,0.99,2,NA,NA,"geography_not_preferred",NA,NA,NA,NA,NA,NA,NA,NA
NA,NA,"20","08","PUNJAB",915603,915603,84,FALSE,69,15,30,45,0.998866320883614,1,0.998866320883614,861055,914565,0.998866320883614,1038,0.0011336791163856,1.00877760421808,1.00876703557505,1.01358322129979,0.00481618572474196,2333,0.254804757083583,0.254804757083583,0.368172668722143,0.113367911638559,"candidate",1.00877760421808,1.00877760421808,0.99,0.5,"eligible",1.00877760421808,1.00877760421808,1.00877760421808,0.254804757083583,889,879,0.988751406074241,851677,847698,0.995328041029639,2,"splits_across_2001_districts",FALSE,FALSE,0.99,2,NA,NA,"geography_not_preferred",NA,NA,NA,NA,NA,NA,NA,NA
NA,NA,"14","17","MAHARASHTRA",2117035,2117035,114,TRUE,99,15,0,15,0.172973994289183,0.999972691921178,0.172969270701713,22723,366182,0.172969270701713,1750853,0.827030729298287,4.07142542798046,1.03935100610292,4.9881031317519,3.94875212564897,17760,0.838909134709629,0.838909134709629,83.5419820645384,82.7030729298287,"candidate",4.07142542798046,4.14440337909187,0.99,0.5,"below_coverage_threshold",NA,NA,NA,NA,1477,1467,0.99322951929587,2113372,2113027,0.999836753775483,2,"splits_across_2001_districts",FALSE,FALSE,0.99,2,NA,NA,"geography_not_preferred",NA,NA,NA,NA,NA,NA,NA,NA
NA,NA,"25","08","UTTAR PRADESH",1540174,1540174,69,FALSE,55,14,45,59,0.992874181748296,0.999998692125747,0.992872883193717,198169,1529197,0.992872883193717,10977,0.00712711680628293,1.92888393240113,1.88013158272212,2.09007105084486,0.209939468122747,88493,5.74564951752205,5.74564951752205,6.45836119815034,0.712711680628293,"candidate",1.92888393240113,1.92890483471345,0.99,0.5,"eligible",1.92888393240113,1.92888393240113,1.92890483471345,5.74564951752205,1759,1755,0.997725980670836,1467515,1467468,0.999967973070122,3,"splits_across_2001_districts",FALSE,FALSE,0.99,3,NA,NA,"geography_not_preferred",NA,NA,NA,NA,NA,NA,NA,NA
NA,NA,"26","08","WEST BENGAL",7281881,7281881,11,FALSE,10,1,103,104,0.965691282238751,0.999048072617241,0.964772014263897,6420350,7025355,0.964772014263897,256526,0.0352279857361031,3.00015092635137,2.92330500072189,3.07698525478083,0.153680254058934,6419035,88.1507813709123,88.1507813709123,91.6735799445226,3.5227985736103,"candidate",3.00015092635137,2.99806769644023,0.99,0.5,"below_coverage_threshold",NA,NA,NA,NA,1608,1605,0.998134328358209,6839824,6835859,0.999420306721343,3,"splits_across_2001_districts",FALSE,FALSE,0.99,3,NA,NA,"geography_not_preferred",NA,NA,NA,NA,NA,NA,NA,NA
NA,NA,"25","17","UTTAR PRADESH",2849859,2849859,69,FALSE,56,13,45,58,0.999836834032842,0.999973678613768,0.999810516941364,4897,2849322,0.999811569625024,537,0.000188430374976446,2.23279558913621,2.11096797938903,2.50625690099374,0.395288921604711,2657,0.0932326827397426,0.0932326827397426,0.112075720237387,0.0188430374976446,"candidate",2.23279558913621,2.21493258200845,0.99,0.5,"eligible",2.23279558913621,2.23279558913621,2.21493258200845,0.0932326827397426,1381,1373,0.994207096307024,2849859,2847855,0.99929680731573,2,"splits_across_2001_districts",FALSE,FALSE,0.99,2,NA,NA,"geography_not_preferred",NA,NA,NA,NA,NA,NA,NA,NA
NA,NA,"03","09","ARUNACHAL PRADESH",109706,109706,54,FALSE,44,10,60,70,0.428745920915903,0.999978739688749,0.428736805644176,34759,47036,0.428745920915903,62670,0.571254079084098,3.30659685261371,1.82290693735951,4.39585749622802,2.57295055886851,34128,31.1085993473465,31.1085993473465,88.2340072557563,57.1254079084098,"candidate",3.30659685261371,3.30659685261371,0.99,0.5,"below_coverage_threshold",NA,NA,NA,NA,460,439,0.954347826086957,103611,102694,0.99114958836417,2,"splits_across_2001_districts",FALSE,FALSE,0.99,2,NA,NA,"geography_not_preferred",NA,NA,NA,NA,NA,NA,NA,NA
NA,NA,"16","02","MEGHALAYA",665218,665218,11,FALSE,10,1,103,104,0.0946652074958886,0.994045066933448,0.0941014825215193,62598,62598,0.0941014825215193,602620,0.905898517478481,3.029649509569,1.19099302784952,4.81458709776344,3.62359406991392,61141,9.19112230877697,9.19112230877697,99.780974056625,90.5898517478481,"candidate",3.029649509569,3.01756308259095,0.99,0.5,"below_coverage_threshold",NA,NA,NA,NA,1318,647,0.490895295902883,642069,405589,0.63169067498976,3,"splits_across_2001_districts",FALSE,FALSE,0.99,3,NA,NA,"geography_not_preferred",NA,NA,NA,NA,NA,NA,NA,NA
NA,NA,"13","14","MADHYA PRADESH",1743869,1743211,84,FALSE,72,12,30,42,0.993730033620645,0.999066900951276,0.992802785071585,21491,1731318,0.992802785071585,12551,0.00719721492841492,4.14126843795077,2.98310910052288,4.45787556547794,1.47476646495506,19609,1.12445372903584,1.12445372903584,1.84417522187733,0.719721492841492,"candidate",4.14126843795077,3.9219750735676,0.99,0.5,"distance_bound_too_wide",NA,NA,NA,NA,1989,1962,0.986425339366516,1726830,1714006,0.992573675463132,2,"splits_across_2001_districts",FALSE,FALSE,0.99,2,NA,NA,"geography_not_preferred",NA,NA,NA,NA,NA,NA,NA,NA
NA,NA,"07","18","GUJARAT",2173672,2173672,99,FALSE,92,7,15,22,0.981380815504823,0.977108100506282,0.958915144511223,2019408,2084519,0.958985072264813,89153,0.0410149277351873,1.02677467851965,1.02564260649799,1.19476837520944,0.169125768711458,14646,0.673790709913915,0.673790709913915,4.77528348343264,4.10149277351873,"candidate",1.02571446681404,1.03960226083113,0.99,0.5,"below_coverage_threshold",NA,NA,NA,NA,840,839,0.998809523809524,2159887,2159785,0.999952775307227,3,"splits_across_2001_districts",FALSE,FALSE,0.99,3,NA,NA,"geography_not_preferred",NA,NA,NA,NA,NA,NA,NA,NA
NA,NA,"11","18","KARNATAKA",1909663,1909663,84,FALSE,76,8,30,38,0.974912327463013,0.999734658821735,0.974653643077339,1618810,1861260,0.974653643077339,48403,0.0253463569226612,4.94673803596469,4.83215521951904,4.94828435238929,0.116129132870245,1590623,83.2933873672999,83.2933873672999,85.828023059566,2.53463569226612,"candidate",4.94664846399516,4.94624171866432,0.99,0.5,"below_coverage_threshold",NA,NA,NA,NA,1773,1761,0.993231810490694,1865921,1865702,0.999882631686979,2,"splits_across_2001_districts",FALSE,FALSE,0.99,2,NA,NA,"geography_not_preferred",NA,NA,NA,NA,NA,NA,NA,NA
NA,NA,"11","09","KARNATAKA",2694264,2694264,84,FALSE,76,8,30,38,0.533933200309992,0.999599598764595,0.533719412796964,1347743,1438386,0.533869732142062,1255878,0.466130267857938,4.26840206181742,2.69186144988076,4.62129434353157,1.9294328936508,1020256,37.8677070992301,37.8677070992301,84.4807338850239,46.6130267857938,"candidate",4.26840206181742,4.26803861373945,0.99,0.5,"below_coverage_threshold",NA,NA,NA,NA,622,621,0.998392282958199,2643741,2637965,0.99781521714873,2,"splits_across_2001_districts",FALSE,FALSE,0.99,2,NA,NA,"geography_not_preferred",NA,NA,NA,NA,NA,NA,NA,NA
NA,NA,"12","09","KERALA",1078066,1078066,99,FALSE,75,24,15,39,0.20990366081483,0.999394582173317,0.209776581396686,226058,226153,0.209776581396686,851913,0.790223418603314,4.99971246317317,1.83876746220446,4.99993970153186,3.1611722393274,226050,20.968103993633,20.968103993633,99.9904458539644,79.0223418603314,"candidate",4.99971246317317,4.99728994893786,0.99,0.5,"below_coverage_threshold",NA,NA,NA,NA,62,62,1,1078066,1078066,1,2,"splits_across_2001_districts",FALSE,FALSE,0.99,2,NA,NA,"geography_not_preferred",NA,NA,NA,NA,NA,NA,NA,NA
NA,NA,"25","57","UTTAR PRADESH",3153885,3152989,84,FALSE,77,7,30,37,0.999922318029985,0.999994609403737,0.999916927852474,862,3153625,0.999917561991005,260,8.24380089952551e-05,2.97331786542923,2.51604278074866,3.44295900178253,0.926916221033868,752,0.0238436087555507,0.0238436087555507,0.0320874096550762,0.0082438008995255,"candidate",2.97331786542923,2.93956670467503,0.99,0.5,"distance_bound_too_wide",NA,NA,NA,NA,3733,3704,0.992231449236539,3152989,3149196,0.998797014515433,2,"splits_across_2001_districts",FALSE,FALSE,0.99,2,NA,NA,"geography_not_preferred",NA,NA,NA,NA,NA,NA,NA,NA
NA,NA,"25","23","UTTAR PRADESH",1316746,1316746,69,FALSE,57,12,45,57,0.999800265199211,0.999981010009244,0.999781279001417,478,1316468,0.999788873480535,278,0.000211126519465409,1.19246861924686,1.12169312169312,2.59259259259259,1.47089947089947,23,0.00174673019701598,0.00174673019701598,0.0228593821435569,0.0211126519465409,"candidate",1.19246861924686,1.22312373225152,0.99,0.5,"distance_bound_too_wide",NA,NA,NA,NA,833,832,0.998799519807923,1316280,1316228,0.999960494727566,2,"splits_across_2001_districts",FALSE,FALSE,0.99,2,NA,NA,"geography_not_preferred",NA,NA,NA,NA,NA,NA,NA,NA
NA,NA,"24","02","TRIPURA",697330,697330,54,FALSE,44,10,60,70,0.73532617268725,1,0.73532617268725,491330,512765,0.73532617268725,184565,0.26467382731275,3.05132599271365,2.49117540446371,3.58344565354086,1.09227024907715,490470,70.3354222534524,70.3354222534524,96.8028049847275,26.467382731275,"candidate",3.05132599271365,3.05175136873384,0.99,0.5,"below_coverage_threshold",NA,NA,NA,NA,252,250,0.992063492063492,687070,684729,0.99659277802844,2,"splits_across_2001_districts",FALSE,FALSE,0.99,2,NA,NA,"geography_not_preferred",NA,NA,NA,NA,NA,NA,NA,NA
NA,NA,"20","09","PUNJAB",1896242,1896242,84,FALSE,72,12,30,42,0.998937899276569,1,0.998937899276569,1777641,1894228,0.998937899276569,2014,0.00106210072343087,1.00334994523641,1.00334615417033,1.00787287423686,0.00452672006652977,1894,0.0998817661458822,0.0998817661458822,0.206091838488969,0.106210072343087,"candidate",1.00334994523641,1.00334994523641,0.99,0.5,"eligible",1.00334994523641,1.00334994523641,1.00334994523641,0.0998817661458822,1432,1416,0.988826815642458,1852287,1850995,0.999302483902333,4,"splits_across_2001_districts",FALSE,FALSE,0.99,4,NA,NA,"geography_not_preferred",NA,NA,NA,NA,NA,NA,NA,NA
NA,NA,"21","09","RAJASTHAN",4722551,4722551,84,FALSE,68,16,30,46,0.999577770573573,0.999317241588228,0.998895300442494,124434,4717334,0.998895300442494,5217,0.0011046995575061,3.29573910667502,3.20336133157477,3.36431651124943,0.160955179674665,94789,2.00715672525294,2.00715672525294,2.11762668100355,0.11046995575061,"candidate",3.29573910667502,3.23849064289463,0.99,0.5,"eligible",3.29573910667502,3.29573910667502,3.23849064289463,2.00715672525294,2905,2886,0.993459552495697,4553723,4535980,0.996103627734932,3,"splits_across_2001_districts",FALSE,FALSE,0.99,3,NA,NA,"geography_not_preferred",NA,NA,NA,NA,NA,NA,NA,NA
NA,NA,"08","15","HARYANA",1844634,1844634,54,FALSE,45,9,60,69,0.0949613852937764,0.99976594032049,0.0949391586623688,174815,175128,0.0949391586623688,1669506,0.905060841337631,1.01049109058147,1.00099440390257,4.62185216131031,3.62085775740774,538,0.0291656773105125,0.0291656773105125,90.5352498110736,90.5060841337631,"candidate",1.01049109058147,1.01076314224276,0.99,0.5,"below_coverage_threshold",NA,NA,NA,NA,512,512,1,1840949,1840949,1,2,"splits_across_2001_districts",FALSE,FALSE,0.99,2,NA,NA,"geography_not_preferred",NA,NA,NA,NA,NA,NA,NA,NA
NA,NA,"25","35","UTTAR PRADESH",2124655,2124655,69,FALSE,59,10,45,55,0.999857859275977,0.999928448803,0.999786318249316,1183,2124201,0.999786318249316,454,0.000213681750684229,3.00422654268808,2.44838118509469,3.55772755039707,1.10934636530238,710,0.0334171900849785,0.0334171900849785,0.0547853651534014,0.0213681750684229,"candidate",3.00422654268808,2.77602996254682,0.99,0.5,"distance_bound_too_wide",NA,NA,NA,NA,1463,1463,1,2092288,2092288,1,2,"splits_across_2001_districts",FALSE,FALSE,0.99,2,NA,NA,"geography_not_preferred",NA,NA,NA,NA,NA,NA,NA,NA
NA,NA,"03","03","ARUNACHAL PRADESH",50395,50395,54,FALSE,45,9,60,69,0.0931640043655124,0.999574014909478,0.0931243178886794,3102,4695,0.0931640043655124,45700,0.906835995634488,3.2498388136686,1.14300643416253,4.88875455923938,3.74574812507684,2842,5.63944835797202,5.63944835797202,96.3230479214208,90.6835995634488,"candidate",3.2498388136686,3.2498388136686,0.99,0.5,"below_coverage_threshold",NA,NA,NA,NA,259,249,0.961389961389961,48729,48190,0.988938824929713,2,"splits_across_2001_districts",FALSE,FALSE,0.99,2,NA,NA,"geography_not_preferred",NA,NA,NA,NA,NA,NA,NA,NA
NA,NA,"08","05","HARYANA",885797,885797,99,FALSE,86,13,15,28,0.105099701173068,0.998281362449918,0.104919072880129,88999,92937,0.104919072880129,792860,0.89508092711987,1.03452847784807,1.00348468405947,4.59979656611771,3.59631188205824,874,0.0986682050176282,0.0986682050176282,89.6067609170047,89.5080927119871,"candidate",1.03452847784807,1.03581242499355,0.99,0.5,"below_coverage_threshold",NA,NA,NA,NA,380,376,0.989473684210526,885091,883254,0.997924507197565,3,"splits_across_2001_districts",FALSE,FALSE,0.99,3,NA,NA,"geography_not_preferred",NA,NA,NA,NA,NA,NA,NA,NA
NA,NA,"19","12","ORISSA",3158764,3151184,84,FALSE,80,4,30,34,0.999656827797202,0.999864774137975,0.999521648340933,3146332,3157296,0.999535261260417,1468,0.000464738739582951,3.35086507081897,3.34976872736514,3.35163415718915,0.00186542982400439,3145292,99.5735040667806,99.5735040667806,99.6199779407388,0.0464738739582913,"candidate",3.35086507081897,3.3505781900877,0.99,0.5,"eligible",3.35086507081897,3.35086507081897,3.3505781900877,99.5735040667806,4215,4168,0.988849347568209,3143915,3141328,0.999177140603356,2,"splits_across_2001_districts",FALSE,FALSE,0.99,2,NA,NA,"geography_not_preferred",NA,NA,NA,NA,NA,NA,NA,NA
NA,NA,"08","03","HARYANA",641943,641943,99,FALSE,89,10,15,25,0.187711370012602,0.999095435684647,0.187541573005703,120007,120391,0.187541573005703,521552,0.812458426994297,1.00696626030148,1.00130307578882,4.2530819456979,3.25177886990908,248,0.0386327134963696,0.0386327134963696,81.2844754129261,81.2458426994297,"candidate",1.00696626030148,1.0087332245496,0.99,0.5,"below_coverage_threshold",NA,NA,NA,NA,391,384,0.982097186700767,622502,565655,0.908679811470485,2,"splits_across_2001_districts",FALSE,FALSE,0.99,2,NA,NA,"geography_not_preferred",NA,NA,NA,NA,NA,NA,NA,NA
NA,NA,"07","10","GUJARAT",2937810,2937810,99,FALSE,90,9,15,24,0.999689564675728,0.998981238027334,0.998671118962765,2876136,2933918,0.998675203638084,3892,0.00132479636191585,1.01213920343127,1.01212279880612,1.01752830180818,0.00540550300205411,11034,0.375585895616122,0.375585895616122,0.508065531807707,0.132479636191585,"candidate",1.01213920343127,1.0121266388711,0.99,0.5,"eligible",1.01213920343127,1.01213920343127,1.0121266388711,0.375585895616122,1093,1092,0.999085086916743,2932919,2931007,0.999348089735857,3,"splits_across_2001_districts",FALSE,FALSE,0.99,3,NA,NA,"geography_not_preferred",NA,NA,NA,NA,NA,NA,NA,NA
NA,NA,"23","12","TAMIL NADU",4138048,4129826,69,FALSE,65,4,45,49,0.999897536229643,0.999586961019174,0.999484539570348,4084863,4137610,0.999894152991942,438,0.000105847008057906,4.99051302332538,4.99008518588961,4.99051404045871,0.000428854569100245,4074707,98.4693024343845,98.4693024343845,98.4798871351903,0.0105847008057935,"candidate",4.99051302332538,4.99050962856409,0.99,0.5,"eligible",4.99051302332538,4.99051302332538,4.99050962856409,98.4693024343845,954,951,0.99685534591195,3824431,3821050,0.999115946921254,4,"splits_across_2001_districts",FALSE,FALSE,0.99,4,NA,NA,"geography_not_preferred",NA,NA,NA,NA,NA,NA,NA,NA
NA,NA,"05","26","BIHAR",3060027,3060027,114,TRUE,108,6,0,6,0.984388046249265,0.9999960162722,0.984384124715239,5840,3012242,0.984384124715239,47785,0.0156158752847606,3.02739726027397,1.22079254079254,4.78517482517482,3.56438228438228,5319,0.173821995688273,0.173821995688273,1.73540952416433,1.56158752847606,"candidate",3.02739726027397,3.02939166097061,0.99,0.5,"below_coverage_threshold",NA,NA,NA,NA,2402,2386,0.993338884263114,3057691,3052176,0.998196351429886,4,"splits_across_2001_districts",FALSE,FALSE,0.99,4,NA,NA,"geography_not_preferred",NA,NA,NA,NA,NA,NA,NA,NA
NA,NA,"13","03","MADHYA PRADESH",1412610,1412610,99,FALSE,78,21,15,36,0.998746292324138,0.986352092620065,0.985115495430444,51246,1391584,0.985115495430444,21026,0.0148845045695556,2.56357569371268,2.10868662829311,3.27240148328537,1.16371485499225,26283,1.86059846666808,1.86059846666808,3.34904892362365,1.48845045695556,"candidate",2.56357569371268,2.1374306747422,0.99,0.5,"distance_bound_too_wide",NA,NA,NA,NA,715,712,0.995804195804196,1412610,1412094,0.999634718712171,2,"splits_across_2001_districts",FALSE,FALSE,0.99,2,NA,NA,"geography_not_preferred",NA,NA,NA,NA,NA,NA,NA,NA
NA,NA,"16","05","MEGHALAYA",480100,480100,26,FALSE,20,6,88,94,0.23387627577588,0.999706102383243,0.233807540095813,112251,112251,0.233807540095813,367849,0.766192459904187,3.09617731690586,1.4901020620704,4.55487190168715,3.06476983961675,112129,23.3553426369506,23.3553426369506,99.9745886273693,76.6192459904187,"candidate",3.09617731690586,3.09556125538812,0.99,0.5,"below_coverage_threshold",NA,NA,NA,NA,1941,1633,0.841318907779495,466458,409710,0.878342744684409,2,"splits_across_2001_districts",FALSE,FALSE,0.99,2,NA,NA,"geography_not_preferred",NA,NA,NA,NA,NA,NA,NA,NA
NA,NA,"13","39","MADHYA PRADESH",2082630,2082630,114,TRUE,112,2,0,2,0.99879863441898,0.999590409820934,0.998389536307457,202657,2079311,0.998406341981053,3319,0.0015936580189472,4.51706578109811,4.46039344389638,4.52484755505496,0.0644541111585815,196230,9.42222094178995,9.42222094178995,9.58158674368467,0.159365801894719,"candidate",4.51498329706551,4.50745012744934,0.99,0.5,"eligible",4.51706578109811,4.51498329706551,4.50745012744934,9.42222094178995,2397,2395,0.999165623696287,2005216,2005209,0.999996509104256,2,"splits_across_2001_districts",FALSE,FALSE,0.99,2,NA,NA,"geography_not_preferred",NA,NA,NA,NA,NA,NA,NA,NA
NA,NA,"17","03","MIZORAM",99876,99876,11,FALSE,11,0,103,103,0.275521646842084,0.989861181771931,0.272728182946854,25778,27239,0.272728182946854,72637,0.727271817053146,3.01349988362169,1.52739927856526,4.47967281410354,2.95227353553828,25768,25.7999919900677,25.7999919900677,98.5271736953823,72.7271817053146,"candidate",3.01349988362169,2.99194074528917,0.99,0.5,"below_coverage_threshold",NA,NA,NA,NA,181,176,0.972375690607735,90908,90162,0.991793901526818,2,"splits_across_2001_districts",FALSE,FALSE,0.99,2,NA,NA,"geography_not_preferred",NA,NA,NA,NA,NA,NA,NA,NA
NA,NA,"20","05","PUNJAB",2026787,2026787,84,FALSE,76,8,30,38,0.998984106371316,0.999977774792466,0.998961903742228,1900184,2024727,0.998983612979558,2060,0.00101638702044171,1.00825604257272,1.00824710184393,1.01257882795267,0.00433172610874322,4739,0.233818353877344,0.233818353877344,0.335457055921515,0.101638702044171,"candidate",1.00825604257272,1.0082576170215,0.99,0.5,"eligible",1.00825604257272,1.00825604257272,1.0082576170215,0.233818353877344,1236,1223,0.989482200647249,1983365,1976041,0.996307285850058,3,"splits_across_2001_districts",FALSE,FALSE,0.99,3,NA,NA,"geography_not_preferred",NA,NA,NA,NA,NA,NA,NA,NA
NA,NA,"20","03","PUNJAB",1607817,1607817,84,FALSE,75,9,30,39,0.999195804000082,0.999998755076177,0.999194560077422,1298439,1606522,0.999194560077422,1295,0.000805439922578254,1.008025790969,1.00801779441024,1.01200322527533,0.00398543086508463,3366,0.209352183737328,0.209352183737328,0.289896175995154,0.0805439922578254,"candidate",1.008025790969,1.00803039953298,0.99,0.5,"eligible",1.008025790969,1.008025790969,1.00803039953298,0.209352183737328,1124,1117,0.993772241992883,1598029,1597356,0.999578856203486,5,"splits_across_2001_districts",FALSE,FALSE,0.99,5,NA,NA,"geography_not_preferred",NA,NA,NA,NA,NA,NA,NA,NA
NA,NA,"23","10","TAMIL NADU",3508374,3508374,69,FALSE,67,2,45,47,0.999508319238485,0.999529465310044,0.999038015901383,3449135,3506212,0.999383760112234,2162,0.000616239887765672,4.98832083986275,4.98582243139318,4.98832815605264,0.00250572465945442,3437983,97.9936289574601,97.9936289574601,98.0552529462366,0.0616239887765744,"candidate",4.98832083986275,4.98782602595336,0.99,0.5,"eligible",4.98832083986275,4.98832083986275,4.98782602595336,97.9936289574601,457,457,1,3378272,3378272,1,3,"splits_across_2001_districts",FALSE,FALSE,0.99,3,NA,NA,"geography_not_preferred",NA,NA,NA,NA,NA,NA,NA,NA
NA,NA,"25","10","UTTAR PRADESH",4121035,4119823,69,FALSE,55,14,45,59,0.999803204777441,0.999982282516679,0.999785490780835,9678,4120152,0.999785733438323,883,0.00021426656167686,1.28476958049184,1.26096013635072,1.59539816305274,0.334438026702017,701,0.0170102898907677,0.0170102898907677,0.0384369460584538,0.021426656167686,"candidate",1.28476958049184,1.28605128205128,0.99,0.5,"eligible",1.28476958049184,1.28476958049184,1.28605128205128,0.0170102898907677,2476,2460,0.993537964458804,4045223,4041088,0.998977806662327,2,"splits_across_2001_districts",FALSE,FALSE,0.99,2,NA,NA,"geography_not_preferred",NA,NA,NA,NA,NA,NA,NA,NA
NA,NA,"24","03","TRIPURA",766014,766014,11,FALSE,6,5,103,108,0.65651280524899,1,0.65651280524899,500650,502898,0.65651280524899,263116,0.34348719475101,2.99934884649955,2.31057679970043,3.68856953569549,1.37799273599506,500466,65.3337928549609,65.3337928549609,99.6825123300619,34.348719475101,"candidate",2.99934884649955,2.99934884649955,0.99,0.5,"below_coverage_threshold",NA,NA,NA,NA,315,311,0.987301587301587,765131,764188,0.998767531311632,2,"splits_across_2001_districts",FALSE,FALSE,0.99,2,NA,NA,"geography_not_preferred",NA,NA,NA,NA,NA,NA,NA,NA
NA,NA,"25","03","UTTAR PRADESH",580153,580153,69,FALSE,54,15,45,60,0.993025977630039,1,0.993025977630039,2775,576107,0.993025977630039,4046,0.00697402236996103,1.88036036036036,1.35815862776719,3.73083125641402,2.37267262864683,902,0.155476227822661,0.155476227822661,0.852878464818763,0.697402236996103,"candidate",1.88036036036036,1.88036036036036,0.99,0.5,"distance_bound_too_wide",NA,NA,NA,NA,1942,1930,0.993820803295572,579153,576879,0.996073576412451,2,"splits_across_2001_districts",FALSE,FALSE,0.99,2,NA,NA,"geography_not_preferred",NA,NA,NA,NA,NA,NA,NA,NA
NA,NA,"05","21","BIHAR",2475254,2475254,114,TRUE,111,3,0,3,0.999926876191292,0.999500216761283,0.999427129498629,11239,2473921,0.999461469408796,1333,0.000538530591203973,3.99332680843491,3.67594654788419,4.10006363347121,0.424117085587019,11106,0.448681226249912,0.448681226249912,0.502534285370309,0.0538530591203973,"candidate",3.99332680843491,3.71503510612541,0.99,0.5,"eligible",3.99332680843491,3.99332680843491,3.71503510612541,0.448681226249912,960,955,0.994791666666667,2459954,2446946,0.99471209624245,2,"splits_across_2001_districts",FALSE,FALSE,0.99,2,NA,NA,"geography_not_preferred",NA,NA,NA,NA,NA,NA,NA,NA
NA,NA,"08","06","HARYANA",833501,833501,99,FALSE,85,14,15,29,0.087215252291239,0.998486807714529,0.0870832788442965,65938,72584,0.0870832788442965,760917,0.912916721155703,1.01522642482332,1.00121423949786,4.68223207212873,3.68101783263087,273,0.0327534100139052,0.0327534100139052,91.3244255255842,91.2916721155703,"candidate",1.01522642482332,1.01520106589147,0.99,0.5,"below_coverage_threshold",NA,NA,NA,NA,216,214,0.990740740740741,789797,782818,0.991163552153275,2,"splits_across_2001_districts",FALSE,FALSE,0.99,2,NA,NA,"geography_not_preferred",NA,NA,NA,NA,NA,NA,NA,NA
NA,NA,"23","13","TAMIL NADU",4531457,4531457,69,FALSE,67,2,45,47,0.999962925831581,0.999970869216243,0.999933796127824,4514440,4531232,0.999950347095868,225,4.96529041321588e-05,4.97133620116781,4.97113827936292,4.97133762970231,0.000199350339394222,4480317,98.8714446589695,98.8714446589695,98.8764099493827,0.00496529041322447,"candidate",4.97133620116781,4.971306659413,0.99,0.5,"eligible",4.97133620116781,4.97133620116781,4.971306659413,98.8714446589695,1713,1707,0.996497373029772,4205201,4201319,0.999076857443913,4,"splits_across_2001_districts",FALSE,FALSE,0.99,4,NA,NA,"geography_not_preferred",NA,NA,NA,NA,NA,NA,NA,NA
NA,NA,"11","06","KARNATAKA",2927990,2927990,84,FALSE,82,2,30,32,0.976419318371989,0.999975165672944,0.976395069655293,2430662,2858902,0.976404290998262,69088,0.0235957090017384,4.99246460429299,4.88212101210121,4.99267286728673,0.110551855185518,2426082,82.8582747891898,82.8582747891898,85.2178456893637,2.35957090017385,"candidate",4.99246460429299,4.99241331530839,0.99,0.5,"below_coverage_threshold",NA,NA,NA,NA,1261,1247,0.988897700237906,2915947,2904930,0.996221810615899,2,"splits_across_2001_districts",FALSE,FALSE,0.99,2,NA,NA,"geography_not_preferred",NA,NA,NA,NA,NA,NA,NA,NA
NA,NA,"05","04","BIHAR",2900685,2900685,26,FALSE,22,4,88,92,7.61889002080543e-05,0.88235294117647,6.72255001835773e-05,195,195,6.72255001835773e-05,2900490,0.999932774499816,4.94358974358974,1.00026510979303,4.9999962077923,3.99973109799927,195,0.00672255001835773,0.00672255001835773,100,99.9932774499816,"candidate",4.94086021505376,4.39819004524887,0.99,0.5,"below_coverage_threshold",NA,NA,NA,NA,2990,2968,0.992642140468227,2908427,2907292,0.999609754688703,3,"splits_across_2001_districts",FALSE,FALSE,0.99,3,NA,NA,"geography_not_preferred",NA,NA,NA,NA,NA,NA,NA,NA
NA,NA,"07","04","GUJARAT",2292026,2292026,99,FALSE,87,12,15,27,0.999455939854085,0.999430324793444,0.998886574585105,2278941,2289489,0.998893119013484,2537,0.00110688098651586,1.0232713352386,1.02324545754989,1.0276934513504,0.00444799380050998,17793,0.776300094327028,0.776300094327028,0.886988192978614,0.110688098651586,"candidate",1.0232713352386,1.02326211686448,0.99,0.5,"eligible",1.0232713352386,1.0232713352386,1.02326211686448,0.776300094327028,879,878,0.998862343572241,2280642,2280508,0.999941244614455,2,"splits_across_2001_districts",FALSE,FALSE,0.99,2,NA,NA,"geography_not_preferred",NA,NA,NA,NA,NA,NA,NA,NA
NA,NA,"08","04","HARYANA",820685,817016,99,FALSE,91,8,15,23,0.999673443525835,0.999923209782342,0.99959667838452,88781,820370,0.999616174293426,315,0.000383825706574386,1.00108131244298,1.00107748944958,1.01521953847535,0.01414204902577,24,0.00292438633580485,0.00292438633580485,0.0413069569932435,0.0383825706574386,"candidate",1.00108131244298,1.00185752240285,0.99,0.5,"eligible",1.00108131244298,1.00108131244298,1.00185752240285,0.00292438633580485,282,282,1,811904,811904,1,4,"splits_across_2001_districts",FALSE,FALSE,0.99,4,NA,NA,"geography_not_preferred",NA,NA,NA,NA,NA,NA,NA,NA
NA,NA,"11","04","KARNATAKA",1890092,1890092,84,FALSE,83,1,30,31,0.998780482643173,0.999819894935181,0.998600597219606,1620167,1887609,0.998686307333188,2483,0.00131369266681199,4.96759284691023,4.96152158506147,4.96764243675469,0.0061208516932183,1603074,84.8146016172758,84.8146016172758,84.945970883957,0.131369266681205,"candidate",4.96758735194455,4.96717180600428,0.99,0.5,"eligible",4.96759284691023,4.96758735194455,4.96717180600428,84.8146016172758,594,588,0.98989898989899,1857949,1857361,0.999683521991185,2,"splits_across_2001_districts",FALSE,FALSE,0.99,2,NA,NA,"geography_not_preferred",NA,NA,NA,NA,NA,NA,NA,NA
NA,NA,"13","11","MADHYA PRADESH",898125,898125,99,FALSE,86,13,15,28,0.998560334029228,0.999283031827589,0.997844398051496,3324,896189,0.997844398051496,1936,0.00215560194850383,3.35800240673887,2.49011406844106,3.96235741444867,1.4722433460076,2471,0.275128740431454,0.275128740431454,0.490688935281837,0.215560194850383,"candidate",3.35800240673887,2.98109402571213,0.99,0.5,"distance_bound_too_wide",NA,NA,NA,NA,1163,1162,0.999140154772141,887890,887883,0.999992116140513,2,"splits_across_2001_districts",FALSE,FALSE,0.99,2,NA,NA,"geography_not_preferred",NA,NA,NA,NA,NA,NA,NA,NA
NA,NA,"21","22","RAJASTHAN",1484190,1484190,84,FALSE,71,13,30,43,0.999515560676194,0.999060986025342,0.998577001596831,14283,1482092,0.998586434351397,2098,0.00141356564860294,2.55807603444654,2.35852512056651,2.87082595690129,0.512300836334778,7172,0.483226541076277,0.483226541076277,0.624583105936572,0.141356564860294,"candidate",2.55807603444654,2.50695951985698,0.99,0.5,"distance_bound_too_wide",NA,NA,NA,NA,2167,2156,0.99492385786802,1478015,1477530,0.999671857186835,2,"splits_across_2001_districts",FALSE,FALSE,0.99,2,NA,NA,"geography_not_preferred",NA,NA,NA,NA,NA,NA,NA,NA
NA,NA,"19","11","ORISSA",3012546,3003537,84,FALSE,78,6,30,36,0.914249608138764,0.999791955541662,0.914059403574253,2700305,2753646,0.914059403574253,258900,0.0859405964257475,3.43643736540872,3.22327415640349,3.57323301359656,0.349958857193064,2690663,89.3152502899541,89.3152502899541,97.9093099325288,8.59405964257475,"candidate",3.43643736540872,3.435924540094,0.99,0.5,"below_coverage_threshold",NA,NA,NA,NA,6067,5974,0.984671171913631,2967693,2955714,0.995963531268228,4,"splits_across_2001_districts",FALSE,FALSE,0.99,4,NA,NA,"geography_not_preferred",NA,NA,NA,NA,NA,NA,NA,NA
NA,NA,"25","51","UTTAR PRADESH",1707885,1707885,86,FALSE,83,3,28,31,0.860781024483499,0.999937419861711,0.86072715668795,235,1470024,0.860727742207467,237861,0.139272257792533,3.00851063829787,1.00198239365634,4.9980344062899,3.99605201263356,210,0.0122959098534152,0.0122959098534152,13.9395216891067,13.9272257792533,"candidate",3.00851063829787,2.4478527607362,0.99,0.5,"below_coverage_threshold",NA,NA,NA,NA,2441,2437,0.998361327324867,1707885,1707795,0.999947303243485,2,"splits_across_2001_districts",FALSE,FALSE,0.99,2,NA,NA,"geography_not_preferred",NA,NA,NA,NA,NA,NA,NA,NA
NA,NA,"23","11","TAMIL NADU",1760601,1760470,69,FALSE,68,1,45,46,0.99981029205368,0.999872178482014,0.999682494784451,1752314,1760260,0.999806316138637,341,0.00019368386136325,4.96809361792464,4.96732157783477,4.96809982569302,0.00077824785824987,1738337,98.7354318212928,98.7354318212928,98.7548002074292,0.0193683861363212,"candidate",4.96809361792464,4.96807776657359,0.99,0.5,"eligible",4.96809361792464,4.96809361792464,4.96807776657359,98.7354318212928,348,343,0.985632183908046,1619257,1618791,0.99971221368813,2,"splits_across_2001_districts",FALSE,FALSE,0.99,2,NA,NA,"geography_not_preferred",NA,NA,NA,NA,NA,NA,NA,NA
NA,NA,"25","53","UTTAR PRADESH",2738522,2738522,56,FALSE,53,3,58,61,0.923627781701224,0.999991697553744,0.923620113331206,405,2529354,0.923620113331206,209168,0.0763798866687943,2.93333333333333,1.00373616830412,4.99600616491628,3.99226999661216,342,0.0124884883159602,0.0124884883159602,7.65047715519539,7.63798866687943,"candidate",2.93333333333333,2.83802816901408,0.99,0.5,"below_coverage_threshold",NA,NA,NA,NA,4511,4475,0.992019507869652,2738522,2732064,0.997641793639051,3,"splits_across_2001_districts",FALSE,FALSE,0.99,3,NA,NA,"geography_not_preferred",NA,NA,NA,NA,NA,NA,NA,NA
NA,NA,"19","04","ORISSA",1884580,1884580,99,FALSE,96,3,15,18,0.998694669369302,0.99993517947846,0.998629933459975,1842119,1882016,0.998639484659712,2564,0.00136051534028802,3.8640788135837,3.86009791384211,3.86565767668483,0.0055597628427213,1841476,97.7128060363582,97.7128060363582,97.848857570387,0.136051534028809,"candidate",3.8640788135837,3.8639171262111,0.99,0.5,"eligible",3.8640788135837,3.8640788135837,3.8639171262111,97.7128060363582,3697,3688,0.997565593724642,1877807,1876859,0.999495155785445,2,"splits_across_2001_districts",FALSE,FALSE,0.99,2,NA,NA,"geography_not_preferred",NA,NA,NA,NA,NA,NA,NA,NA
NA,NA,"02","12","ANDHRA PRADESH",3183814,3183814,39,FALSE,36,3,75,78,0.9993366446658,0.99997485622475,0.999311517569808,2790408,3181622,0.999311517569808,2192,0.000688482430192216,4.98579347536274,4.9826649000931,4.98580462651293,0.00313972641982385,2777553,87.239801068781,87.239801068781,87.3086493118003,0.0688482430192181,"candidate",4.98579347536274,4.98568458276832,0.99,0.5,"eligible",4.98579347536274,4.98579347536274,4.98568458276832,87.239801068781,930,927,0.996774193548387,3171038,3170934,0.999967203168174,2,"splits_across_2001_districts",FALSE,FALSE,0.99,2,NA,NA,"geography_not_preferred",NA,NA,NA,NA,NA,NA,NA,NA
NA,NA,"25","33","UTTAR PRADESH",2322810,2322810,69,FALSE,60,9,45,54,0.999613829800974,0.999955640026134,0.999569486957607,2776,2321811,0.99956991747065,999,0.000430082529350227,2.65525936599424,2.21721854304636,3.27576158940397,1.05854304635762,1419,0.0610898007155127,0.0610898007155127,0.104098053650535,0.0430082529350227,"candidate",2.65525936599424,2.65392633773454,0.99,0.5,"distance_bound_too_wide",NA,NA,NA,NA,1746,1736,0.994272623138603,2322810,2322592,0.999906148156758,3,"splits_across_2001_districts",FALSE,FALSE,0.99,3,NA,NA,"geography_not_preferred",NA,NA,NA,NA,NA,NA,NA,NA
NA,NA,"05","34","BIHAR",2843544,2843544,114,TRUE,102,12,0,12,1.0517903011172,0.999598436812478,NA,279185,2989611,NA,NA,NA,NA,NA,NA,NA,269712,NA,NA,NA,NA,"population_bound_violation",NA,NA,0.99,0.5,"population_bound_violation",NA,NA,NA,NA,3363,3347,0.995242343146001,2836894,2836026,0.999694031571148,3,"splits_across_2001_districts",FALSE,FALSE,0.99,3,NA,NA,"geography_not_preferred",NA,NA,NA,NA,NA,NA,NA,NA
NA,NA,"26","04","WEST BENGAL",3127653,3127653,26,FALSE,24,2,88,90,0.842298042653709,0.999251067409247,0.841667218198438,2398967,2632461,0.841672973312577,495192,0.158327026687423,2.9997944948805,2.65762869282579,3.34203062098523,0.684401928159441,2398395,76.6835387429488,76.6835387429488,92.5162414116911,15.8327026687423,"candidate",2.9997944948805,2.99816612118178,0.99,0.5,"below_coverage_threshold",NA,NA,NA,NA,3042,3035,0.997698882314267,3127653,3127095,0.999821591461713,2,"splits_across_2001_districts",FALSE,FALSE,0.99,2,NA,NA,"geography_not_preferred",NA,NA,NA,NA,NA,NA,NA,NA
NA,NA,"13","24","MADHYA PRADESH",2028145,2026271,71,FALSE,70,1,43,44,0.653717559641939,0.999960025161521,0.653691427388081,58703,1325789,0.65369537187923,702356,0.34630462812077,1.51103010067629,1.03941744332568,4.73088420214464,3.69146675881896,2708,0.133521025370474,0.133521025370474,34.7639838374475,34.630462812077,"candidate",1.51103010067629,1.51063866003949,0.99,0.5,"below_coverage_threshold",NA,NA,NA,NA,1876,1846,0.984008528784648,2005321,2001554,0.998121497755222,2,"splits_across_2001_districts",FALSE,FALSE,0.99,2,NA,NA,"geography_not_preferred",NA,NA,NA,NA,NA,NA,NA,NA
NA,NA,"05","35","BIHAR",2451191,2451191,114,TRUE,104,10,0,10,1.02569281626768,1,NA,180241,2514169,NA,NA,NA,NA,NA,NA,NA,179117,NA,NA,NA,NA,"population_bound_violation",NA,NA,0.99,0.5,"population_bound_violation",NA,NA,NA,NA,3284,3261,0.99299634591961,2451191,2449669,0.999379077354641,2,"splits_across_2001_districts",FALSE,FALSE,0.99,2,NA,NA,"geography_not_preferred",NA,NA,NA,NA,NA,NA,NA,NA
NA,NA,"25","61","UTTAR PRADESH",4860582,4837873,69,FALSE,63,6,45,51,0.934489326586816,0.99926818990604,0.933805457864922,33976,4539004,0.933839610153681,321578,0.0661603898463188,2.74361313868613,1.16661604144518,4.78438436918162,3.61776832773643,25074,0.515864149601838,0.515864149601838,7.13190313423372,6.61603898463188,"candidate",2.74361313868613,2.62384876393602,0.99,0.5,"below_coverage_threshold",NA,NA,NA,NA,3694,3675,0.994856524093124,4808314,4807667,0.999865441400042,3,"splits_across_2001_districts",FALSE,FALSE,0.99,3,NA,NA,"geography_not_preferred",NA,NA,NA,NA,NA,NA,NA,NA
NA,NA,"13","35","MADHYA PRADESH",1291263,1291263,114,TRUE,113,1,0,1,0.999958180479112,0.999950434050568,0.999908616602505,41950,1291164,0.999923330878373,99,7.66691216274299e-05,4.6238379022646,4.61530595257913,4.62472353682608,0.0094175842469495,38578,2.98761754963938,2.98761754963938,2.99528446180213,0.00766691216274307,"candidate",4.6238379022646,4.62069293963567,0.99,0.5,"eligible",4.6238379022646,4.6238379022646,4.62069293963567,2.98761754963938,2103,2098,0.997622444127437,1291263,1290916,0.999731270856518,2,"splits_across_2001_districts",FALSE,FALSE,0.99,2,NA,NA,"geography_not_preferred",NA,NA,NA,NA,NA,NA,NA,NA
NA,NA,"07","05","GUJARAT",1252589,1252589,99,FALSE,88,11,15,26,0.999903400077759,0.998238677555035,0.998142247776405,1243587,1250363,0.99822288076935,2226,0.00177711923064948,1.00572537345598,1.00571514344448,1.01286228350483,0.00714714006034622,2271,0.181304482156557,0.181304482156557,0.359016405221505,0.177711923064948,"candidate",1.00572537345598,1.0057156985836,0.99,0.5,"eligible",1.00572537345598,1.00572537345598,1.0057156985836,0.181304482156557,603,601,0.996683250414594,1225443,1225424,0.999984495402887,4,"splits_across_2001_districts",FALSE,FALSE,0.99,4,NA,NA,"geography_not_preferred",NA,NA,NA,NA,NA,NA,NA,NA
NA,NA,"25","36","UTTAR PRADESH",2138317,2137686,69,FALSE,60,9,45,54,0.0596651478709658,0.993698219982286,0.0592891512343586,85,126779,0.0592891512343586,2011538,0.940710848765641,1.56470588235294,1.00002386132988,4.99985484357655,3.99983098224667,14,0.000654720511505076,0.000654720511505076,94.0717395970756,94.0710848765641,"candidate",1.56470588235294,3.76715410573678,0.99,0.5,"below_coverage_threshold",NA,NA,NA,NA,1629,1626,0.998158379373849,2136754,2136247,0.999762724206904,2,"splits_across_2001_districts",FALSE,FALSE,0.99,2,NA,NA,"geography_not_preferred",NA,NA,NA,NA,NA,NA,NA,NA
NA,NA,"15","07","MANIPUR",711261,711261,114,TRUE,96,18,0,18,0.0880323819244975,0.992765196281982,0.0873954849204441,50216,62358,0.0876724577897565,648903,0.912327542210243,4.26816154213796,1.23474401353704,4.9474338417351,3.71268982819806,48806,6.86189739069062,6.86189739069062,98.094651611715,91.2327542210244,"candidate",4.26816154213796,4.25564879287429,0.99,0.5,"below_coverage_threshold",NA,NA,NA,NA,324,317,0.978395061728395,700893,482175,0.68794380882674,2,"splits_across_2001_districts",FALSE,FALSE,0.99,2,NA,NA,"geography_not_preferred",NA,NA,NA,NA,NA,NA,NA,NA
NA,NA,"20","12","PUNJAB",1730876,1730876,69,FALSE,58,11,45,56,0.999446523032268,1,0.999446523032268,1653270,1729918,0.999446523032268,958,0.000553476967731946,1.00279446188463,1.00279284354998,1.00510933196633,0.00231648841634891,1563,0.0903010960923833,0.0903010960923833,0.145648792865578,0.0553476967731946,"candidate",1.00279446188463,1.00279446188463,0.99,0.5,"eligible",1.00279446188463,1.00279446188463,1.00279446188463,0.0903010960923833,580,578,0.996551724137931,1724294,1720419,0.997752703425286,3,"splits_across_2001_districts",FALSE,FALSE,0.99,3,NA,NA,"geography_not_preferred",NA,NA,NA,NA,NA,NA,NA,NA
NA,NA,"25","15","UTTAR PRADESH",3447912,3447912,69,FALSE,54,15,45,60,0.999575105165097,0.999548520548843,0.999123817545227,35083,3444891,0.999123817545227,3021,0.000876182454772628,1.97545819912778,1.8981209321856,2.21525299181188,0.317132059626286,12939,0.375270598553559,0.375270598553559,0.462888844030822,0.0876182454772628,"candidate",1.97545819912778,1.93526024181883,0.99,0.5,"eligible",1.97545819912778,1.97545819912778,1.93526024181883,0.375270598553559,922,915,0.992407809110629,3447912,3447621,0.999915601094228,2,"splits_across_2001_districts",FALSE,FALSE,0.99,2,NA,NA,"geography_not_preferred",NA,NA,NA,NA,NA,NA,NA,NA
NA,NA,"25","42","UTTAR PRADESH",1862139,1862139,69,FALSE,58,11,45,56,0.999827080577766,0.99999731445142,0.99982439549357,742,1861813,0.999824932510409,326,0.000175067489591271,3.75471698113208,2.91385767790262,4.13483146067416,1.22097378277154,661,0.0354968130735675,0.0354968130735675,0.0530035620326947,0.0175067489591271,"candidate",3.75471698113208,3.75603217158177,0.99,0.5,"distance_bound_too_wide",NA,NA,NA,NA,1213,1208,0.995877988458368,1861657,1861509,0.999920500930085,2,"splits_across_2001_districts",FALSE,FALSE,0.99,2,NA,NA,"geography_not_preferred",NA,NA,NA,NA,NA,NA,NA,NA
NA,NA,"05","29","BIHAR",1301088,1301088,114,TRUE,110,4,0,4,0.814254685309526,0.999992448676961,0.814248536609361,593170,1059417,0.814254685309526,241671,0.185745314690474,3.82848930323516,3.00969406150393,4.16761994200093,1.157925880497,592656,45.5508005607615,45.5508005607615,64.1253320298089,18.5745314690475,"candidate",3.82848930323516,3.82848930323516,0.99,0.5,"below_coverage_threshold",NA,NA,NA,NA,2395,2358,0.98455114822547,1284223,1270358,0.989203588473341,2,"splits_across_2001_districts",FALSE,FALSE,0.99,2,NA,NA,"geography_not_preferred",NA,NA,NA,NA,NA,NA,NA,NA
NA,NA,"14","23","MAHARASHTRA",2214271,2214271,114,TRUE,103,11,0,11,0.25608518559833,0.999938276177073,0.25606937904168,49568,567007,0.25606937904168,1647264,0.74393062095832,3.33089896707553,1.0680904179082,4.9512420793573,3.8831516614491,32591,1.47186139365958,1.47186139365958,75.8649234894916,74.393062095832,"candidate",3.3247085871012,3.38628115170578,0.99,0.5,"below_coverage_threshold",NA,NA,NA,NA,1579,1552,0.982900569981001,2200853,2200418,0.999802349361816,2,"splits_across_2001_districts",FALSE,FALSE,0.99,2,NA,NA,"geography_not_preferred",NA,NA,NA,NA,NA,NA,NA,NA
NA,NA,"11","10","KARNATAKA",3503150,3503150,84,FALSE,81,3,30,33,0.977653825842456,0.999694878751531,0.977355522886545,2875108,3424692,0.977603585344618,78458,0.0223964146553816,4.96420760541865,4.8589031022161,4.96515838819921,0.106255285983113,2845861,81.2372008049898,81.2372008049898,83.476842270528,2.23964146553816,"candidate",4.96420760541865,4.96446681440859,0.99,0.5,"below_coverage_threshold",NA,NA,NA,NA,1355,1344,0.991881918819188,3477792,3473450,0.998751506703104,3,"splits_across_2001_districts",FALSE,FALSE,0.99,3,NA,NA,"geography_not_preferred",NA,NA,NA,NA,NA,NA,NA,NA
NA,NA,"21","26","RAJASTHAN",2030831,2028579,84,FALSE,73,11,30,41,0.99898465209562,0.998638090388802,0.997624125296492,53151,2026006,0.997624125296492,4825,0.00237587470350807,2.78303324490602,2.63464192079481,2.96753829170691,0.332896370912101,33703,1.65956694574782,1.65956694574782,1.89715441609863,0.237587470350807,"candidate",2.78303324490602,2.70231069141896,0.99,0.5,"eligible",2.78303324490602,2.78303324490602,2.70231069141896,1.65956694574782,1849,1838,0.994050838290968,2028001,1960518,0.966724375382458,2,"splits_across_2001_districts",FALSE,FALSE,0.99,2,NA,NA,"geography_not_preferred",NA,NA,NA,NA,NA,NA,NA,NA
NA,NA,"19","05","ORISSA",2802417,2801096,99,FALSE,99,0,15,15,0.997259151653733,0.999919491501165,0.997178863816484,2669059,2794511,0.997178863816484,7906,0.00282113618351587,3.08412665287654,3.07797150877953,3.08978488698956,0.0118133782100251,2667325,95.1794468846,95.1794468846,95.4615605029516,0.282113618351588,"candidate",3.08412521725838,3.08395734586503,0.99,0.5,"eligible",3.08412665287654,3.08412521725838,3.08395734586503,95.1794468846,3772,3753,0.994962884411453,2767392,2766292,0.999602513846972,3,"splits_across_2001_districts",FALSE,FALSE,0.99,3,NA,NA,"geography_not_preferred",NA,NA,NA,NA,NA,NA,NA,NA
NA,NA,"05","27","BIHAR",3202471,3202471,114,TRUE,107,7,0,7,0.994760920551662,1,0.994760920551662,58339,3185693,0.994760920551662,16778,0.00523907944833849,4.7102624316495,3.8815447901274,4.7749777014524,0.893432911325,57128,1.7838725159416,1.7838725159416,2.30778046077545,0.523907944833849,"candidate",4.71025249841438,4.7101938668815,0.99,0.5,"distance_bound_too_wide",NA,NA,NA,NA,2522,2501,0.99167327517843,3185219,3173968,0.996467746801711,2,"splits_across_2001_districts",FALSE,FALSE,0.99,2,NA,NA,"geography_not_preferred",NA,NA,NA,NA,NA,NA,NA,NA
NA,NA,"07","13","GUJARAT",3440897,3440897,99,FALSE,90,9,15,24,0.999753552634676,0.997742764710619,0.997496873634985,3335876,3433068,0.997724721199152,7829,0.00227527880084757,1.01183467251181,1.01180696263576,1.02117262138855,0.00936565875279061,12134,0.352640605051532,0.352640605051532,0.580168485136289,0.227527880084757,"candidate",1.01183467251181,1.01181743640245,0.99,0.5,"eligible",1.01183467251181,1.01183467251181,1.01181743640245,0.352640605051532,980,980,1,3428698,3428698,1,3,"splits_across_2001_districts",FALSE,FALSE,0.99,3,NA,NA,"geography_not_preferred",NA,NA,NA,NA,NA,NA,NA,NA
NA,NA,"25","05","UTTAR PRADESH",682535,682535,69,FALSE,56,13,45,58,0.992130806478789,0.999991139517163,0.992122015720805,2044,677158,0.992122015720805,5377,0.00787798427919447,1.9779843444227,1.26937070475677,4.16763239455599,2.89826168979922,642,0.0940611104192459,0.0940611104192459,0.881859538338693,0.787798427919447,"candidate",1.9779843444227,1.98390243902439,0.99,0.5,"distance_bound_too_wide",NA,NA,NA,NA,3181,3153,0.99119773656083,666346,665418,0.99860733012579,2,"splits_across_2001_districts",FALSE,FALSE,0.99,2,NA,NA,"geography_not_preferred",NA,NA,NA,NA,NA,NA,NA,NA
NA,NA,"23","16","TAMIL NADU",3449662,3448444,69,FALSE,69,0,45,45,0.999868392903421,0.999786037838252,0.999654458900611,3418271,3449161,0.999854768380206,501,0.000145231619793475,4.88997303022493,4.88940297861337,4.88998915400033,0.00058617538695227,3323832,96.3523962637499,96.3523962637499,96.3669194257293,0.0145231619793549,"candidate",4.88997303022493,4.88991954522663,0.99,0.5,"eligible",4.88997303022493,4.88997303022493,4.88991954522663,96.3523962637499,658,646,0.981762917933131,3077568,3073686,0.998738614386425,2,"splits_across_2001_districts",FALSE,FALSE,0.99,2,NA,NA,"geography_not_preferred",NA,NA,NA,NA,NA,NA,NA,NA
NA,NA,"25","41","UTTAR PRADESH",1466491,1466491,69,FALSE,59,10,45,55,0.0262545082104152,0.998831229546517,0.0262238227169481,552,38457,0.0262238227169481,1428034,0.973776177283052,2.7463768115942,1.00067479311711,4.99912920888207,3.99845441576496,277,0.0188886259786115,0.0188886259786115,97.3965063542838,97.3776177283052,"candidate",2.7463768115942,2.61474036850921,0.99,0.5,"below_coverage_threshold",NA,NA,NA,NA,938,925,0.986140724946695,1466491,1465449,0.999289460351274,2,"splits_across_2001_districts",FALSE,FALSE,0.99,2,NA,NA,"geography_not_preferred",NA,NA,NA,NA,NA,NA,NA,NA
NA,NA,"23","06","TAMIL NADU",4878433,4878433,11,FALSE,9,2,103,105,0.00472467286114209,1,0.00472467286114209,18809,23049,0.00472467286114209,4855384,0.995275327138858,4.47998298686799,1.0134288896644,4.99799330884107,3.98456441917667,16020,0.328384134823621,0.328384134823621,99.8559168487094,99.5275327138858,"candidate",4.47998298686799,4.47998298686799,0.99,0.5,"below_coverage_threshold",NA,NA,NA,NA,2256,2247,0.996010638297872,4678717,4676663,0.999560990758791,3,"splits_across_2001_districts",FALSE,FALSE,0.99,3,NA,NA,"geography_not_preferred",NA,NA,NA,NA,NA,NA,NA,NA
NA,NA,"07","06","GUJARAT",2394859,2394859,99,FALSE,88,11,15,26,0.999481389092218,0.998628017765582,0.998110118382752,2352621,2390333,0.998110118382752,4526,0.00188988161724761,1.03885708747818,1.0387824772914,1.04646294864088,0.00768047134947447,29543,1.23360080906642,1.23360080906642,1.42258897079118,0.188988161724761,"candidate",1.03885708747818,1.03880801645228,0.99,0.5,"eligible",1.03885708747818,1.03885708747818,1.03880801645228,1.23360080906642,1044,1030,0.986590038314176,2389286,2388919,0.999846397626739,2,"splits_across_2001_districts",FALSE,FALSE,0.99,2,NA,NA,"geography_not_preferred",NA,NA,NA,NA,NA,NA,NA,NA
NA,NA,"08","11","HARYANA",623301,623301,99,FALSE,85,14,15,29,0.00633722711819811,0.993670886075949,0.00629711808580445,3793,3943,0.00632599658912788,619358,0.993674003410872,1.75692064329027,1.00460723002932,4.98026000118751,3.9756527711582,769,0.123375383642895,0.123375383642895,99.4907757247301,99.3674003410872,"candidate",1.75692064329027,1.76105263157895,0.99,0.5,"below_coverage_threshold",NA,NA,NA,NA,403,402,0.997518610421836,614779,614777,0.999996746798443,2,"splits_across_2001_districts",FALSE,FALSE,0.99,2,NA,NA,"geography_not_preferred",NA,NA,NA,NA,NA,NA,NA,NA
NA,NA,"25","55","UTTAR PRADESH",4440024,4440024,56,FALSE,53,3,58,61,0.974962973173118,0.999963500774685,0.974927387779886,447,4328701,0.974927387779886,111323,0.0250726122201141,3.01565995525727,1.00806119710119,4.99206406012347,3.98400286302228,370,0.00833328828853177,0.00833328828853177,2.51559451029994,2.50726122201141,"candidate",3.01565995525727,2.48925619834711,0.99,0.5,"below_coverage_threshold",NA,NA,NA,NA,3567,3540,0.992430613961312,4440024,4436479,0.999201580892356,2,"splits_across_2001_districts",FALSE,FALSE,0.99,2,NA,NA,"geography_not_preferred",NA,NA,NA,NA,NA,NA,NA,NA
NA,NA,"14","28","MAHARASHTRA",2107629,2107629,114,TRUE,98,16,0,16,0.989246684307343,0.996408572805779,0.985693876863528,1803539,2077482,0.985696249197558,30147,0.014303750802442,2.1026703608849,2.084541737244,2.15030435963409,0.0657626223900927,65625,3.11368841480166,3.11368841480166,4.54406349504585,1.4303750802442,"candidate",2.10223037242449,2.10641173878617,0.99,0.5,"below_coverage_threshold",NA,NA,NA,NA,1662,1656,0.996389891696751,2107629,2105417,0.998950479424984,2,"splits_across_2001_districts",FALSE,FALSE,0.99,2,NA,NA,"geography_not_preferred",NA,NA,NA,NA,NA,NA,NA,NA
NA,NA,"19","08","ORISSA",863903,862615,99,FALSE,92,7,15,22,0.999852992754974,0.999982634386693,0.999835629694537,861960,863774,0.999850677680249,129,0.000149322319751176,3.64068054202051,3.64028539976731,3.6408839458571,0.000598546089788599,861913,99.76965006488,99.76965006488,99.7845822968551,0.0149322319751235,"candidate",3.64068054202051,3.6406813757451,0.99,0.5,"eligible",3.64068054202051,3.64068054202051,3.6406813757451,99.76965006488,3428,3396,0.990665110851809,861696,858602,0.996409406565657,2,"splits_across_2001_districts",FALSE,FALSE,0.99,2,NA,NA,"geography_not_preferred",NA,NA,NA,NA,NA,NA,NA,NA
NA,NA,"19","06","ORISSA",5522659,5519050,99,FALSE,96,3,15,18,0.999562167426959,0.999844209700265,0.999406445337291,5274445,5519569,0.999440486910381,3090,0.000559513089618606,3.03404737370472,3.03285643771192,3.03519844018088,0.00234200246895577,5269718,95.4199417345884,95.4199417345884,95.4758930435502,0.055951308961852,"candidate",3.0340067257717,3.03374996232311,0.99,0.5,"eligible",3.03404737370472,3.0340067257717,3.03374996232311,95.4199417345884,5986,5961,0.99582358837287,5456756,5455096,0.999695789952858,5,"splits_across_2001_districts",FALSE,FALSE,0.99,5,NA,NA,"geography_not_preferred",NA,NA,NA,NA,NA,NA,NA,NA
NA,NA,"05","14","BIHAR",2391495,2391495,99,FALSE,97,2,15,17,0.999900062513198,0.999892943290053,0.99979301650223,197,2391008,0.999796361690073,487,0.000203638309927472,3.2741116751269,1.65497076023392,4.50292397660819,2.84795321637427,116,0.00485052237198907,0.00485052237198907,0.0252143533647363,0.0203638309927472,"candidate",3.2741116751269,3.42921348314607,0.99,0.5,"distance_bound_too_wide",NA,NA,NA,NA,990,987,0.996969696969697,2391495,2390089,0.999412083236637,2,"splits_across_2001_districts",FALSE,FALSE,0.99,2,NA,NA,"geography_not_preferred",NA,NA,NA,NA,NA,NA,NA,NA
NA,NA,"07","14","GUJARAT",2956456,2956456,99,FALSE,90,9,15,24,0.999807201595424,0.998828100948413,0.998635528484104,2901256,2952471,0.998652102382041,3985,0.0013478976179588,1.01191277157204,1.01189643131155,1.01738306735999,0.00548663604843802,10923,0.36946262687488,0.36946262687488,0.50425238867076,0.13478976179588,"candidate",1.01191208221543,1.01189876581547,0.99,0.5,"eligible",1.01191277157204,1.01191208221543,1.01189876581547,0.36946262687488,1890,1889,0.9994708994709,2956071,2955964,0.99996380330513,2,"splits_across_2001_districts",FALSE,FALSE,0.99,2,NA,NA,"geography_not_preferred",NA,NA,NA,NA,NA,NA,NA,NA
NA,NA,"08","14","HARYANA",963104,963104,39,FALSE,34,5,75,80,0.0336775675316477,0.998797595190381,0.0336370734624713,32319,32396,0.0336370734624713,930708,0.966362926537529,1.00541477149664,1.00018171868494,4.86594249174738,3.86576077306244,54,0.0056068711167226,0.0056068711167226,96.6418995248696,96.6362926537529,"candidate",1.00541477149664,1.0090240435132,0.99,0.5,"below_coverage_threshold",NA,NA,NA,NA,304,304,1,955490,955490,1,3,"splits_across_2001_districts",FALSE,FALSE,0.99,3,NA,NA,"geography_not_preferred",NA,NA,NA,NA,NA,NA,NA,NA
NA,NA,"13","32","MADHYA PRADESH",1267211,1267211,101,FALSE,101,0,13,13,0.981838857143759,0.99980308584573,0.981645519175575,83044,1243993,0.9816778736927,23218,0.0183221263073,4.35475169789509,3.62174624983531,4.49573695206188,0.873990702226572,68434,5.40036347538019,5.40036347538019,7.23257610611019,1.83221263073,"candidate",4.35475169789509,4.34653084758793,0.99,0.5,"below_coverage_threshold",NA,NA,NA,NA,1425,1420,0.996491228070175,1260326,1260232,0.999925416122495,2,"splits_across_2001_districts",FALSE,FALSE,0.99,2,NA,NA,"geography_not_preferred",NA,NA,NA,NA,NA,NA,NA,NA
NA,NA,"07","08","GUJARAT",2162578,2162578,99,FALSE,90,9,15,24,1.00002681984187,0.999532052550684,NA,2136081,2161769,NA,NA,NA,NA,NA,NA,NA,5170,NA,NA,NA,NA,"population_bound_violation",NA,NA,0.99,0.5,"population_bound_violation",NA,NA,NA,NA,1365,1365,1,2146603,2146603,1,2,"splits_across_2001_districts",FALSE,FALSE,0.99,2,NA,NA,"geography_not_preferred",NA,NA,NA,NA,NA,NA,NA,NA
NA,NA,"23","01","TAMIL NADU",3841396,3841396,71,FALSE,70,1,43,44,0.0762256742080223,0.95779217452777,0.073008354254547,199355,292813,0.0762256742080223,3548583,0.923774325791978,4.10685962228186,1.16525566858363,4.95249334434027,3.78723767575664,150691,3.92281868362439,3.92281868362439,96.3002512628222,92.3774325791978,"candidate",4.10685962228186,4.10685962228186,0.99,0.5,"below_coverage_threshold",NA,NA,NA,NA,NA,NA,NA,NA,NA,NA,NA,NA,NA,NA,NA,NA,NA,NA,"geography_not_preferred",NA,NA,NA,NA,NA,NA,NA,NA
NA,NA,"13","41","MADHYA PRADESH",1722291,1722291,114,TRUE,112,2,0,2,0.998887528298063,0.999937804257793,0.998825401746859,427887,1720268,0.998825401746859,2023,0.00117459825314073,4.20912530644773,4.19402433067386,4.21284687492731,0.0188225442534478,423636,24.5972370522751,24.5972370522751,24.7146968775892,0.117459825314075,"candidate",4.20881699820014,4.20835105165026,0.99,0.5,"eligible",4.20912530644773,4.20881699820014,4.20835105165026,24.5972370522751,2197,2196,0.99954483386436,1722291,1722267,0.999986065072627,2,"splits_across_2001_districts",FALSE,FALSE,0.99,2,NA,NA,"geography_not_preferred",NA,NA,NA,NA,NA,NA,NA,NA
NA,NA,"25","47","UTTAR PRADESH",3573075,3573075,56,FALSE,52,4,58,62,0.89868502620292,0.999910621665246,0.89860470323181,1621,3210782,0.89860470323181,362293,0.10139529676819,3.10549043800123,1.00937858944696,4.99156119302912,3.98218260358217,1515,0.0424004533909868,0.0424004533909868,10.18193013021,10.139529676819,"candidate",3.10549043800123,2.78878406708595,0.99,0.5,"below_coverage_threshold",NA,NA,NA,NA,2820,2816,0.998581560283688,3565018,3564246,0.999783451303752,2,"splits_across_2001_districts",FALSE,FALSE,0.99,2,NA,NA,"geography_not_preferred",NA,NA,NA,NA,NA,NA,NA,NA
NA,NA,"23","18","TAMIL NADU",1144040,1144040,69,FALSE,67,2,45,47,0.999986014475018,0.999996503569855,0.999982518093773,1143411,1144020,0.999982518093773,20,1.7481906227055e-05,4.93195972401875,4.9318909492571,4.93196091412599,6.99648688904375e-05,1123912,98.2406209573092,98.2406209573092,98.2423691479319,0.00174819062270615,"candidate",4.93195972401875,4.93194596887394,0.99,0.5,"eligible",4.93195972401875,4.93195972401875,4.93194596887394,98.2406209573092,394,394,1,870616,870616,1,3,"splits_across_2001_districts",FALSE,FALSE,0.99,3,NA,NA,"geography_not_preferred",NA,NA,NA,NA,NA,NA,NA,NA
NA,NA,"19","13","ORISSA",3590026,3588114,84,FALSE,78,6,30,36,0.9994896972891,0.999677832358005,0.999167694050127,3499094,3587432,0.999277442558912,2594,0.00072255744108817,3.04404482989025,3.04253063094142,3.04549377328877,0.00296314234734796,3496091,97.3834451338235,97.3834451338235,97.4557008779324,0.0722557441088156,"candidate",3.04403588602483,3.04361208003986,0.99,0.5,"eligible",3.04404482989025,3.04403588602483,3.04361208003986,97.3834451338235,4426,4393,0.992544057840036,3565284,3563630,0.999536081838081,3,"splits_across_2001_districts",FALSE,FALSE,0.99,3,NA,NA,"geography_not_preferred",NA,NA,NA,NA,NA,NA,NA,NA
NA,NA,"25","18","UTTAR PRADESH",3295982,3295982,69,FALSE,55,14,45,59,0.999880763911939,0.999986345384695,0.999867110924756,5410,3295546,0.999867717724187,436,0.000132282275813399,1.91959334565619,1.85100923708519,2.14933287718098,0.298323640095792,1736,0.0526701905532251,0.0526701905532251,0.065898418134565,0.0132282275813399,"candidate",1.91959334565619,1.93673207408766,0.99,0.5,"eligible",1.91959334565619,1.91959334565619,1.93673207408766,0.0526701905532251,1720,1717,0.998255813953488,3278213,3278058,0.999952718142476,2,"splits_across_2001_districts",FALSE,FALSE,0.99,2,NA,NA,"geography_not_preferred",NA,NA,NA,NA,NA,NA,NA,NA
NA,NA,"13","45","MADHYA PRADESH",2271314,2271314,114,TRUE,108,6,0,6,0.994302857288776,0.777677213783014,0.773246675712825,1121522,1756298,0.773251958998183,515016,0.226748041001817,4.53598146090759,3.42321351535986,4.68200738387987,1.25879386852001,1116547,49.1586368067119,49.1586368067119,71.8334409068935,22.6748041001817,"candidate",3.7521623579682,4.06071700014412,0.99,0.5,"distance_bound_too_wide",NA,NA,NA,NA,3658,3646,0.996719518862767,2254935,2254200,0.999674048254163,3,"splits_across_2001_districts",FALSE,FALSE,0.99,3,NA,NA,"geography_not_preferred",NA,NA,NA,NA,NA,NA,NA,NA
NA,NA,"23","17","TAMIL NADU",1565037,1565037,69,FALSE,69,0,45,45,0.999969968761122,0.999982747493594,0.99995271677283,1562233,1564982,0.999964857060887,55,3.51429391126216e-05,4.99887724814416,4.99873646856406,4.99887728767039,0.000140819106335677,1561761,99.7906758753946,99.7906758753946,99.7941901693059,0.00351429391126601,"candidate",4.99887724814416,4.99885677049828,0.99,0.5,"eligible",4.99887724814416,4.99887724814416,4.99885677049828,99.7906758753946,492,482,0.979674796747967,1324546,1307074,0.98680906514383,2,"splits_across_2001_districts",FALSE,FALSE,0.99,2,NA,NA,"geography_not_preferred",NA,NA,NA,NA,NA,NA,NA,NA
NA,NA,"19","09","ORISSA",1707753,1706980,99,FALSE,93,6,15,21,0.999474162832681,0.999906846217166,0.999381058033568,1688476,1706705,0.999386328116537,1048,0.000613671883463241,3.00530715272234,3.00406327462646,3.00654444683828,0.00248117221181809,1686495,98.7552064027995,98.7552064027995,98.8165735911458,0.061367188346324,"candidate",3.00520436937222,3.00504552221747,0.99,0.5,"eligible",3.00530715272234,3.00520436937222,3.00504552221747,98.7552064027995,2571,2553,0.992998833138857,1705814,1704302,0.99911361965607,2,"splits_across_2001_districts",FALSE,FALSE,0.99,2,NA,NA,"geography_not_preferred",NA,NA,NA,NA,NA,NA,NA,NA
NA,NA,"25","48","UTTAR PRADESH",2423136,2423136,71,FALSE,71,0,43,43,0.898768372885385,0.999993571606336,0.898762595248471,274,2177824,0.898762595248471,245312,0.101237404751529,3.39051094890511,1.00266709014358,4.9982042950331,3.99553720488953,237,0.0097807139178321,0.0097807139178321,10.1335211890707,10.1237404751529,"candidate",3.39051094890511,3.27430555555556,0.99,0.5,"below_coverage_threshold",NA,NA,NA,NA,2063,2061,0.999030538051382,2423136,2422807,0.999864225532533,2,"splits_across_2001_districts",FALSE,FALSE,0.99,2,NA,NA,"geography_not_preferred",NA,NA,NA,NA,NA,NA,NA,NA
NA,NA,"23","15","TAMIL NADU",1078190,1078190,69,FALSE,69,0,45,45,0.999979595433087,0.999987015010648,0.999966610708688,1076456,1078159,0.999971248110259,31,2.87518897411402e-05,4.99817735234882,4.99806221533562,4.99817740483629,0.000115189500663249,1075929,99.7902967009525,99.7902967009525,99.7931718899266,0.00287518897411587,"candidate",4.99817735234882,4.99814392479087,0.99,0.5,"eligible",4.99817735234882,4.99817735234882,4.99814392479087,99.7902967009525,467,464,0.993576017130621,959599,957661,0.997980406398923,2,"splits_across_2001_districts",FALSE,FALSE,0.99,2,NA,NA,"geography_not_preferred",NA,NA,NA,NA,NA,NA,NA,NA
NA,NA,"25","49","UTTAR PRADESH",2978484,2978484,86,FALSE,83,3,28,31,0.921866291710817,0.99996977161912,0.92183842518543,579,2745715,0.9218498403886,232769,0.0781501596113996,3.07772020725389,1.00515539023261,4.99523029980973,3.99007490957711,491,0.0164848963432404,0.0164848963432404,7.8315008574832,7.81501596113996,"candidate",3.07772020725389,2.9156050955414,0.99,0.5,"below_coverage_threshold",NA,NA,NA,NA,2656,2643,0.995105421686747,2973617,2971167,0.999176087572811,2,"splits_across_2001_districts",FALSE,FALSE,0.99,2,NA,NA,"geography_not_preferred",NA,NA,NA,NA,NA,NA,NA,NA
NA,NA,"11","17","KARNATAKA",2309887,2309887,84,FALSE,78,6,30,36,0.993362012946954,0.99987187052473,0.993234733993481,2004318,2294441,0.993313092804973,15446,0.00668690719502729,4.98738772989117,4.95689446885874,4.98748418132019,0.030589712461456,2002176,86.678525832649,86.678525832649,87.3472165521517,0.66869071950272,"candidate",4.98738772989117,4.98716294050531,0.99,0.5,"eligible",4.98738772989117,4.98738772989117,4.98716294050531,86.678525832649,1408,1400,0.994318181818182,2308134,2292289,0.993135147266147,2,"splits_across_2001_districts",FALSE,FALSE,0.99,2,NA,NA,"geography_not_preferred",NA,NA,NA,NA,NA,NA,NA,NA
NA,NA,"13","44","MADHYA PRADESH",3908042,3908042,114,TRUE,110,4,0,4,0.995864425203209,0.999817311941786,0.995682492665125,444115,3891262,0.995706289748165,16780,0.00429371025183455,3.05609132769666,2.98123433753892,3.12686403627724,0.145629698738325,402879,10.308973137955,10.308973137955,10.7383441631385,0.429371025183455,"candidate",3.05607106267521,3.05345004755662,0.99,0.5,"eligible",3.05609132769666,3.05607106267521,3.05345004755662,10.308973137955,3825,3821,0.998954248366013,3361757,3361546,0.999937235201712,3,"splits_across_2001_districts",FALSE,FALSE,0.99,3,NA,NA,"geography_not_preferred",NA,NA,NA,NA,NA,NA,NA,NA
NA,NA,"05","32","BIHAR",2674651,2674651,114,TRUE,106,8,0,8,0.956338976561802,0.999975761110892,0.956315795967399,671630,2557851,0.956330751189594,116800,0.0436692488104055,3.28900585143606,2.94990677675888,3.54247682102406,0.592570044265185,647157,24.1959418256812,24.1959418256812,28.5628667067217,4.36692488104056,"candidate",3.28900585143606,3.28904406345614,0.99,0.5,"below_coverage_threshold",NA,NA,NA,NA,1408,1401,0.995028409090909,2662902,2635938,0.98987420490878,2,"splits_across_2001_districts",FALSE,FALSE,0.99,2,NA,NA,"geography_not_preferred",NA,NA,NA,NA,NA,NA,NA,NA
NA,NA,"07","12","GUJARAT",4801812,4801812,99,FALSE,89,10,15,25,0.997503025941041,0.981096374771338,0.978646602574195,3964711,4699308,0.978653058470427,102504,0.0213469415295726,1.12844567989949,1.12520852721088,1.22601854094264,0.100810013731755,156660,3.26251839930426,3.26251839930426,5.39721255226152,2.13469415295726,"candidate",1.12844567989949,1.12561029289374,0.99,0.5,"eligible",1.12844567989949,1.12844567989949,1.12561029289374,3.26251839930426,627,627,1,4739753,4739753,1,2,"splits_across_2001_districts",FALSE,FALSE,0.99,2,NA,NA,"geography_not_preferred",NA,NA,NA,NA,NA,NA,NA,NA
