"state_code_2001","n","slope","status","specification_id"
"01",11,7.07156229764084,"estimated","unadjusted__nonzero_mean"
"02",12,-3.45636064684391,"estimated","unadjusted__nonzero_mean"
"03",16,342.237995735082,"estimated","unadjusted__nonzero_mean"
"04",1,NA,"not_estimated","unadjusted__nonzero_mean"
"05",12,-5.87728277026318,"estimated","unadjusted__nonzero_mean"
"06",19,12.9366451432172,"estimated","unadjusted__nonzero_mean"
"07",7,2.90998908468688,"estimated","unadjusted__nonzero_mean"
"08",27,18.3829270163333,"estimated","unadjusted__nonzero_mean"
"09",68,-0.653289687234858,"estimated","unadjusted__nonzero_mean"
"10",37,0.654694743705382,"estimated","unadjusted__nonzero_mean"
"11",4,NA,"not_estimated","unadjusted__nonzero_mean"
"12",13,8.44221233740554,"estimated","unadjusted__nonzero_mean"
"13",8,5.22807625405428,"estimated","unadjusted__nonzero_mean"
"14",9,88.5473459587255,"estimated","unadjusted__nonzero_mean"
"15",8,-5.1653654624578,"estimated","unadjusted__nonzero_mean"
"16",4,NA,"not_estimated","unadjusted__nonzero_mean"
"17",7,-6.20443697537503,"estimated","unadjusted__nonzero_mean"
"18",22,-0.248164282942307,"estimated","unadjusted__nonzero_mean"
"19",18,-4.54939729043121,"estimated","unadjusted__nonzero_mean"
"20",18,-4.47358330314052,"estimated","unadjusted__nonzero_mean"
"21",29,-1.91560955228899,"estimated","unadjusted__nonzero_mean"
"22",16,-0.878188543023258,"estimated","unadjusted__nonzero_mean"
"23",44,-0.258428231955115,"estimated","unadjusted__nonzero_mean"
"24",25,0.613716816129482,"estimated","unadjusted__nonzero_mean"
"25",2,NA,"not_estimated","unadjusted__nonzero_mean"
"26",1,NA,"not_estimated","unadjusted__nonzero_mean"
"27",33,6.27276743146365,"estimated","unadjusted__nonzero_mean"
"28",23,-4.10393836251113,"estimated","unadjusted__nonzero_mean"
"29",27,11.4815939417044,"estimated","unadjusted__nonzero_mean"
"30",2,NA,"not_estimated","unadjusted__nonzero_mean"
"31",1,NA,"not_estimated","unadjusted__nonzero_mean"
"32",14,110.366741065732,"estimated","unadjusted__nonzero_mean"
"33",29,-119.309060699696,"estimated","unadjusted__nonzero_mean"
"34",4,NA,"not_estimated","unadjusted__nonzero_mean"
"35",2,NA,"not_estimated","unadjusted__nonzero_mean"
"01",11,0.233753069677139,"estimated","unadjusted__distant_share"
"02",12,-0.166097291973107,"estimated","unadjusted__distant_share"
"03",16,14.149923685663,"estimated","unadjusted__distant_share"
"04",1,NA,"not_estimated","unadjusted__distant_share"
"05",12,5.79599458309323,"estimated","unadjusted__distant_share"
"06",19,6.55963832977894,"estimated","unadjusted__distant_share"
"07",7,1.70793766238102,"estimated","unadjusted__distant_share"
"08",27,0.895074998051796,"estimated","unadjusted__distant_share"
"09",68,0.0292100111840011,"estimated","unadjusted__distant_share"
"10",37,-0.00037807207376444,"estimated","unadjusted__distant_share"
"11",4,NA,"not_estimated","unadjusted__distant_share"
"12",13,0.196233066860912,"estimated","unadjusted__distant_share"
"13",8,0.119587200936621,"estimated","unadjusted__distant_share"
"14",9,0.23797130715162,"estimated","unadjusted__distant_share"
"15",8,-0.368951737575908,"estimated","unadjusted__distant_share"
"16",4,NA,"not_estimated","unadjusted__distant_share"
"17",7,-0.2206163537475,"estimated","unadjusted__distant_share"
"18",22,-0.231654637157466,"estimated","unadjusted__distant_share"
"19",18,-0.281075002146227,"estimated","unadjusted__distant_share"
"20",18,0.0371133995225259,"estimated","unadjusted__distant_share"
"21",29,-0.247315818700745,"estimated","unadjusted__distant_share"
"22",16,-0.0301424544791231,"estimated","unadjusted__distant_share"
"23",44,-0.029077256796296,"estimated","unadjusted__distant_share"
"24",25,0.00754600813810881,"estimated","unadjusted__distant_share"
"25",2,NA,"not_estimated","unadjusted__distant_share"
"26",1,NA,"not_estimated","unadjusted__distant_share"
"27",33,0.254688327811407,"estimated","unadjusted__distant_share"
"28",23,-0.677739324232089,"estimated","unadjusted__distant_share"
"29",27,0.249582184582306,"estimated","unadjusted__distant_share"
"30",2,NA,"not_estimated","unadjusted__distant_share"
"31",1,NA,"not_estimated","unadjusted__distant_share"
"32",14,2.80971469572632,"estimated","unadjusted__distant_share"
"33",29,-1.94931370278066,"estimated","unadjusted__distant_share"
"34",4,NA,"not_estimated","unadjusted__distant_share"
"35",2,NA,"not_estimated","unadjusted__distant_share"
"01",11,7.08948532437788,"estimated","unadjusted__top3_legacy"
"02",12,-3.23785632969314,"estimated","unadjusted__top3_legacy"
"03",16,-12.7311417215959,"estimated","unadjusted__top3_legacy"
"04",1,NA,"not_estimated","unadjusted__top3_legacy"
"05",12,-7.75553633681772,"estimated","unadjusted__top3_legacy"
"06",19,-9.59561514066364,"estimated","unadjusted__top3_legacy"
"07",7,55.6749434221945,"estimated","unadjusted__top3_legacy"
"08",27,2.05535048538837,"estimated","unadjusted__top3_legacy"
"09",68,0.927450725757256,"estimated","unadjusted__top3_legacy"
"10",37,-0.0558244650173198,"estimated","unadjusted__top3_legacy"
"11",4,NA,"not_estimated","unadjusted__top3_legacy"
"12",13,4.09391846219368,"estimated","unadjusted__top3_legacy"
"13",8,2.31188775339966,"estimated","unadjusted__top3_legacy"
"14",9,13.4548749160599,"estimated","unadjusted__top3_legacy"
"15",8,-4.85812928814848,"estimated","unadjusted__top3_legacy"
"16",4,NA,"not_estimated","unadjusted__top3_legacy"
"17",7,-3.75680763208234,"estimated","unadjusted__top3_legacy"
"18",22,-0.844565375548686,"estimated","unadjusted__top3_legacy"
"19",18,-13.7685655439587,"estimated","unadjusted__top3_legacy"
"20",18,-0.98734147154527,"estimated","unadjusted__top3_legacy"
"21",29,-2.76489321353872,"estimated","unadjusted__top3_legacy"
"22",16,-0.469703165259152,"estimated","unadjusted__top3_legacy"
"23",44,-0.588082499992712,"estimated","unadjusted__top3_legacy"
"24",25,-2.87497086902593,"estimated","unadjusted__top3_legacy"
"25",2,NA,"not_estimated","unadjusted__top3_legacy"
"26",1,NA,"not_estimated","unadjusted__top3_legacy"
"27",33,-12.7872421599062,"estimated","unadjusted__top3_legacy"
"28",23,-15.9916880275685,"estimated","unadjusted__top3_legacy"
"29",27,15.5532778433063,"estimated","unadjusted__top3_legacy"
"30",2,NA,"not_estimated","unadjusted__top3_legacy"
"31",1,NA,"not_estimated","unadjusted__top3_legacy"
"32",14,-693.350386546724,"estimated","unadjusted__top3_legacy"
"33",29,-25.4464578662594,"estimated","unadjusted__top3_legacy"
"34",4,NA,"not_estimated","unadjusted__top3_legacy"
"35",2,NA,"not_estimated","unadjusted__top3_legacy"
"01",11,7.11985005520507,"estimated","unadjusted__nonzero_mean_hindi_urdu"
"02",12,-4.5946739354086,"estimated","unadjusted__nonzero_mean_hindi_urdu"
"03",16,30.5593694757657,"estimated","unadjusted__nonzero_mean_hindi_urdu"
"04",1,NA,"not_estimated","unadjusted__nonzero_mean_hindi_urdu"
"05",12,-0.497228859582758,"estimated","unadjusted__nonzero_mean_hindi_urdu"
"06",19,14.8828100393548,"estimated","unadjusted__nonzero_mean_hindi_urdu"
"07",7,2.14787593249373,"estimated","unadjusted__nonzero_mean_hindi_urdu"
"08",27,10.8168922881279,"estimated","unadjusted__nonzero_mean_hindi_urdu"
"09",68,-1.35937819281137,"estimated","unadjusted__nonzero_mean_hindi_urdu"
"10",37,4.01841770606796,"estimated","unadjusted__nonzero_mean_hindi_urdu"
"11",4,NA,"not_estimated","unadjusted__nonzero_mean_hindi_urdu"
"12",13,7.90275199986407,"estimated","unadjusted__nonzero_mean_hindi_urdu"
"13",8,4.7632471591848,"estimated","unadjusted__nonzero_mean_hindi_urdu"
"14",9,99.323447666833,"estimated","unadjusted__nonzero_mean_hindi_urdu"
"15",8,-5.231569749824,"estimated","unadjusted__nonzero_mean_hindi_urdu"
"16",4,NA,"not_estimated","unadjusted__nonzero_mean_hindi_urdu"
"17",7,-5.80658762224308,"estimated","unadjusted__nonzero_mean_hindi_urdu"
"18",22,-0.0747975398170724,"estimated","unadjusted__nonzero_mean_hindi_urdu"
"19",18,33.9026756271694,"estimated","unadjusted__nonzero_mean_hindi_urdu"
"20",18,-8.37465624438352,"estimated","unadjusted__nonzero_mean_hindi_urdu"
"21",29,-1.66137723774955,"estimated","unadjusted__nonzero_mean_hindi_urdu"
"22",16,-0.534396928575139,"estimated","unadjusted__nonzero_mean_hindi_urdu"
"23",44,2.16931389918459,"estimated","unadjusted__nonzero_mean_hindi_urdu"
"24",25,2.86315330106695,"estimated","unadjusted__nonzero_mean_hindi_urdu"
"25",2,NA,"not_estimated","unadjusted__nonzero_mean_hindi_urdu"
"26",1,NA,"not_estimated","unadjusted__nonzero_mean_hindi_urdu"
"27",33,12.2881298152368,"estimated","unadjusted__nonzero_mean_hindi_urdu"
"28",23,23.229944959495,"estimated","unadjusted__nonzero_mean_hindi_urdu"
"29",27,11.3555894588246,"estimated","unadjusted__nonzero_mean_hindi_urdu"
"30",2,NA,"not_estimated","unadjusted__nonzero_mean_hindi_urdu"
"31",1,NA,"not_estimated","unadjusted__nonzero_mean_hindi_urdu"
"32",14,120.167527324252,"estimated","unadjusted__nonzero_mean_hindi_urdu"
"33",29,18.4061623727533,"estimated","unadjusted__nonzero_mean_hindi_urdu"
"34",4,NA,"not_estimated","unadjusted__nonzero_mean_hindi_urdu"
"35",2,NA,"not_estimated","unadjusted__nonzero_mean_hindi_urdu"
"01",11,6.98753796391793,"estimated","unadjusted__nonzero_mean_shastry"
"02",12,-4.67155668972563,"estimated","unadjusted__nonzero_mean_shastry"
"03",16,30.9053107463852,"estimated","unadjusted__nonzero_mean_shastry"
"04",1,NA,"not_estimated","unadjusted__nonzero_mean_shastry"
"05",12,0.0179399748209067,"estimated","unadjusted__nonzero_mean_shastry"
"06",19,14.3300850498497,"estimated","unadjusted__nonzero_mean_shastry"
"07",7,1.36479428807566,"estimated","unadjusted__nonzero_mean_shastry"
"08",27,10.4853257795618,"estimated","unadjusted__nonzero_mean_shastry"
"09",68,-1.30525159474467,"estimated","unadjusted__nonzero_mean_shastry"
"10",37,4.05214555556863,"estimated","unadjusted__nonzero_mean_shastry"
"11",4,NA,"not_estimated","unadjusted__nonzero_mean_shastry"
"12",13,7.96467846037736,"estimated","unadjusted__nonzero_mean_shastry"
"13",8,6.72920613444498,"estimated","unadjusted__nonzero_mean_shastry"
"14",9,86.231867915259,"estimated","unadjusted__nonzero_mean_shastry"
"15",8,-6.40065469177174,"estimated","unadjusted__nonzero_mean_shastry"
"16",4,NA,"not_estimated","unadjusted__nonzero_mean_shastry"
"17",7,-5.89097477472127,"estimated","unadjusted__nonzero_mean_shastry"
"18",22,-0.215416457852526,"estimated","unadjusted__nonzero_mean_shastry"
"19",18,24.8334700114881,"estimated","unadjusted__nonzero_mean_shastry"
"20",18,-8.24444732615636,"estimated","unadjusted__nonzero_mean_shastry"
"21",29,-1.61556957628051,"estimated","unadjusted__nonzero_mean_shastry"
"22",16,-0.401357055390771,"estimated","unadjusted__nonzero_mean_shastry"
"23",44,2.09816276364923,"estimated","unadjusted__nonzero_mean_shastry"
"24",25,2.28107961919283,"estimated","unadjusted__nonzero_mean_shastry"
"25",2,NA,"not_estimated","unadjusted__nonzero_mean_shastry"
"26",1,NA,"not_estimated","unadjusted__nonzero_mean_shastry"
"27",33,8.02986885650912,"estimated","unadjusted__nonzero_mean_shastry"
"28",23,24.6611302165685,"estimated","unadjusted__nonzero_mean_shastry"
"29",27,15.0170565528692,"estimated","unadjusted__nonzero_mean_shastry"
"30",2,NA,"not_estimated","unadjusted__nonzero_mean_shastry"
"31",1,NA,"not_estimated","unadjusted__nonzero_mean_shastry"
"32",14,165.880576726668,"estimated","unadjusted__nonzero_mean_shastry"
"33",29,88.2646035550247,"estimated","unadjusted__nonzero_mean_shastry"
"34",4,NA,"not_estimated","unadjusted__nonzero_mean_shastry"
"35",2,NA,"not_estimated","unadjusted__nonzero_mean_shastry"
"01",11,7.00117092127155,"estimated","unadjusted__nonzero_mean_sensitivity_low"
"02",12,-4.65860769696822,"estimated","unadjusted__nonzero_mean_sensitivity_low"
"03",16,31.1475153762304,"estimated","unadjusted__nonzero_mean_sensitivity_low"
"04",1,NA,"not_estimated","unadjusted__nonzero_mean_sensitivity_low"
"05",12,-0.151370789985512,"estimated","unadjusted__nonzero_mean_sensitivity_low"
"06",19,14.3831703113773,"estimated","unadjusted__nonzero_mean_sensitivity_low"
"07",7,1.37597986794355,"estimated","unadjusted__nonzero_mean_sensitivity_low"
"08",27,10.5622101573678,"estimated","unadjusted__nonzero_mean_sensitivity_low"
"09",68,-1.31251233194411,"estimated","unadjusted__nonzero_mean_sensitivity_low"
"10",37,4.04647484873345,"estimated","unadjusted__nonzero_mean_sensitivity_low"
"11",4,NA,"not_estimated","unadjusted__nonzero_mean_sensitivity_low"
"12",13,7.96626331458857,"estimated","unadjusted__nonzero_mean_sensitivity_low"
"13",8,6.73659273248805,"estimated","unadjusted__nonzero_mean_sensitivity_low"
"14",9,86.4487065062883,"estimated","unadjusted__nonzero_mean_sensitivity_low"
"15",8,-6.38672029246277,"estimated","unadjusted__nonzero_mean_sensitivity_low"
"16",4,NA,"not_estimated","unadjusted__nonzero_mean_sensitivity_low"
"17",7,-5.91860178472822,"estimated","unadjusted__nonzero_mean_sensitivity_low"
"18",22,-0.217989292900674,"estimated","unadjusted__nonzero_mean_sensitivity_low"
"19",18,24.9433441504383,"estimated","unadjusted__nonzero_mean_sensitivity_low"
"20",18,-8.2632504417033,"estimated","unadjusted__nonzero_mean_sensitivity_low"
"21",29,-1.58658648866917,"estimated","unadjusted__nonzero_mean_sensitivity_low"
"22",16,-0.113066240631486,"estimated","unadjusted__nonzero_mean_sensitivity_low"
"23",44,2.11334971320514,"estimated","unadjusted__nonzero_mean_sensitivity_low"
"24",25,3.87382937036212,"estimated","unadjusted__nonzero_mean_sensitivity_low"
"25",2,NA,"not_estimated","unadjusted__nonzero_mean_sensitivity_low"
"26",1,NA,"not_estimated","unadjusted__nonzero_mean_sensitivity_low"
"27",33,6.15860109224395,"estimated","unadjusted__nonzero_mean_sensitivity_low"
"28",23,24.5120843070969,"estimated","unadjusted__nonzero_mean_sensitivity_low"
"29",27,14.9291665007427,"estimated","unadjusted__nonzero_mean_sensitivity_low"
"30",2,NA,"not_estimated","unadjusted__nonzero_mean_sensitivity_low"
"31",1,NA,"not_estimated","unadjusted__nonzero_mean_sensitivity_low"
"32",14,165.714724033632,"estimated","unadjusted__nonzero_mean_sensitivity_low"
"33",29,89.2306050274572,"estimated","unadjusted__nonzero_mean_sensitivity_low"
"34",4,NA,"not_estimated","unadjusted__nonzero_mean_sensitivity_low"
"35",2,NA,"not_estimated","unadjusted__nonzero_mean_sensitivity_low"
"01",11,1.50634553983816,"estimated","unadjusted__nonzero_mean_sensitivity_high"
"02",12,1.17021272879643,"estimated","unadjusted__nonzero_mean_sensitivity_high"
"03",16,27.3670993891061,"estimated","unadjusted__nonzero_mean_sensitivity_high"
"04",1,NA,"not_estimated","unadjusted__nonzero_mean_sensitivity_high"
"05",12,15.6490259564857,"estimated","unadjusted__nonzero_mean_sensitivity_high"
"06",19,11.7995741510488,"estimated","unadjusted__nonzero_mean_sensitivity_high"
"07",7,0.301237685417896,"estimated","unadjusted__nonzero_mean_sensitivity_high"
"08",27,8.93426800410374,"estimated","unadjusted__nonzero_mean_sensitivity_high"
"09",68,0.277209337879846,"estimated","unadjusted__nonzero_mean_sensitivity_high"
"10",37,1.78881332574894,"estimated","unadjusted__nonzero_mean_sensitivity_high"
"11",4,NA,"not_estimated","unadjusted__nonzero_mean_sensitivity_high"
"12",13,4.17745171497049,"estimated","unadjusted__nonzero_mean_sensitivity_high"
"13",8,5.10409550191882,"estimated","unadjusted__nonzero_mean_sensitivity_high"
"14",9,-15.5414767005245,"estimated","unadjusted__nonzero_mean_sensitivity_high"
"15",8,-7.95273684336842,"estimated","unadjusted__nonzero_mean_sensitivity_high"
"16",4,NA,"not_estimated","unadjusted__nonzero_mean_sensitivity_high"
"17",7,-8.28326167017186,"estimated","unadjusted__nonzero_mean_sensitivity_high"
"18",22,-0.253932780473564,"estimated","unadjusted__nonzero_mean_sensitivity_high"
"19",18,-1.93982222497865,"estimated","unadjusted__nonzero_mean_sensitivity_high"
"20",18,-6.92088452344317,"estimated","unadjusted__nonzero_mean_sensitivity_high"
"21",29,-1.42807990785132,"estimated","unadjusted__nonzero_mean_sensitivity_high"
"22",16,-0.530663722705091,"estimated","unadjusted__nonzero_mean_sensitivity_high"
"23",44,2.66623698590454,"estimated","unadjusted__nonzero_mean_sensitivity_high"
"24",25,1.37016173176041,"estimated","unadjusted__nonzero_mean_sensitivity_high"
"25",2,NA,"not_estimated","unadjusted__nonzero_mean_sensitivity_high"
"26",1,NA,"not_estimated","unadjusted__nonzero_mean_sensitivity_high"
"27",33,9.29300123900157,"estimated","unadjusted__nonzero_mean_sensitivity_high"
"28",23,25.7804105711966,"estimated","unadjusted__nonzero_mean_sensitivity_high"
"29",27,13.9972926252045,"estimated","unadjusted__nonzero_mean_sensitivity_high"
"30",2,NA,"not_estimated","unadjusted__nonzero_mean_sensitivity_high"
"31",1,NA,"not_estimated","unadjusted__nonzero_mean_sensitivity_high"
"32",14,163.582627711085,"estimated","unadjusted__nonzero_mean_sensitivity_high"
"33",29,87.098239059744,"estimated","unadjusted__nonzero_mean_sensitivity_high"
"34",4,NA,"not_estimated","unadjusted__nonzero_mean_sensitivity_high"
"35",2,NA,"not_estimated","unadjusted__nonzero_mean_sensitivity_high"
"01",11,7.15237094142934,"estimated","unadjusted__nonzero_mean_hindi_urdu_separate"
"02",12,-4.49041074521347,"estimated","unadjusted__nonzero_mean_hindi_urdu_separate"
"03",16,25.7510255117686,"estimated","unadjusted__nonzero_mean_hindi_urdu_separate"
"04",1,NA,"not_estimated","unadjusted__nonzero_mean_hindi_urdu_separate"
"05",12,-2.34237001641924,"estimated","unadjusted__nonzero_mean_hindi_urdu_separate"
"06",19,13.4875058876672,"estimated","unadjusted__nonzero_mean_hindi_urdu_separate"
"07",7,6.7388919497365,"estimated","unadjusted__nonzero_mean_hindi_urdu_separate"
"08",27,8.24961028330388,"estimated","unadjusted__nonzero_mean_hindi_urdu_separate"
"09",68,-3.84310057421514,"estimated","unadjusted__nonzero_mean_hindi_urdu_separate"
"10",37,1.56412340900703,"estimated","unadjusted__nonzero_mean_hindi_urdu_separate"
"11",4,NA,"not_estimated","unadjusted__nonzero_mean_hindi_urdu_separate"
"12",13,8.00150258011332,"estimated","unadjusted__nonzero_mean_hindi_urdu_separate"
"13",8,4.78858175431768,"estimated","unadjusted__nonzero_mean_hindi_urdu_separate"
"14",9,103.47513215054,"estimated","unadjusted__nonzero_mean_hindi_urdu_separate"
"15",8,-5.24579908162039,"estimated","unadjusted__nonzero_mean_hindi_urdu_separate"
"16",4,NA,"not_estimated","unadjusted__nonzero_mean_hindi_urdu_separate"
"17",7,-6.0084818680691,"estimated","unadjusted__nonzero_mean_hindi_urdu_separate"
"18",22,-0.00664633193393733,"estimated","unadjusted__nonzero_mean_hindi_urdu_separate"
"19",18,3.14756169401427,"estimated","unadjusted__nonzero_mean_hindi_urdu_separate"
"20",18,-9.70584034134662,"estimated","unadjusted__nonzero_mean_hindi_urdu_separate"
"21",29,-2.70983172960492,"estimated","unadjusted__nonzero_mean_hindi_urdu_separate"
"22",16,-0.53271024458232,"estimated","unadjusted__nonzero_mean_hindi_urdu_separate"
"23",44,1.59462601441571,"estimated","unadjusted__nonzero_mean_hindi_urdu_separate"
"24",25,2.59964333256273,"estimated","unadjusted__nonzero_mean_hindi_urdu_separate"
"25",2,NA,"not_estimated","unadjusted__nonzero_mean_hindi_urdu_separate"
"26",1,NA,"not_estimated","unadjusted__nonzero_mean_hindi_urdu_separate"
"27",33,7.82449667356672,"estimated","unadjusted__nonzero_mean_hindi_urdu_separate"
"28",23,-31.3567601027104,"estimated","unadjusted__nonzero_mean_hindi_urdu_separate"
"29",27,6.82140519548994,"estimated","unadjusted__nonzero_mean_hindi_urdu_separate"
"30",2,NA,"not_estimated","unadjusted__nonzero_mean_hindi_urdu_separate"
"31",1,NA,"not_estimated","unadjusted__nonzero_mean_hindi_urdu_separate"
"32",14,113.87857211282,"estimated","unadjusted__nonzero_mean_hindi_urdu_separate"
"33",29,-84.4275417220255,"estimated","unadjusted__nonzero_mean_hindi_urdu_separate"
"34",4,NA,"not_estimated","unadjusted__nonzero_mean_hindi_urdu_separate"
"35",2,NA,"not_estimated","unadjusted__nonzero_mean_hindi_urdu_separate"
"01",11,-6.91061779575645,"estimated","unadjusted__glottolog_mean"
"02",12,-1.79836723453913,"estimated","unadjusted__glottolog_mean"
"03",16,89.3405681315503,"estimated","unadjusted__glottolog_mean"
"04",1,NA,"not_estimated","unadjusted__glottolog_mean"
"05",12,5.68792074355246,"estimated","unadjusted__glottolog_mean"
"06",19,0.843386000041174,"estimated","unadjusted__glottolog_mean"
"07",7,9.63537835302997,"estimated","unadjusted__glottolog_mean"
"08",27,0.866736118473528,"estimated","unadjusted__glottolog_mean"
"09",68,0.601139386265649,"estimated","unadjusted__glottolog_mean"
"10",37,0.117541104362153,"estimated","unadjusted__glottolog_mean"
"11",4,NA,"not_estimated","unadjusted__glottolog_mean"
"12",13,1.95143067563395,"estimated","unadjusted__glottolog_mean"
"13",8,-0.700888816535242,"estimated","unadjusted__glottolog_mean"
"14",9,-3.44638826950496,"estimated","unadjusted__glottolog_mean"
"15",8,-1.58246297167678,"estimated","unadjusted__glottolog_mean"
"16",4,NA,"not_estimated","unadjusted__glottolog_mean"
"17",7,0.706632133081545,"estimated","unadjusted__glottolog_mean"
"18",22,-0.453446955558369,"estimated","unadjusted__glottolog_mean"
"19",18,-5.97441557690009,"estimated","unadjusted__glottolog_mean"
"20",18,-0.308048527238484,"estimated","unadjusted__glottolog_mean"
"21",29,-0.594129677873033,"estimated","unadjusted__glottolog_mean"
"22",16,-0.282989848458487,"estimated","unadjusted__glottolog_mean"
"23",44,0.373359644638438,"estimated","unadjusted__glottolog_mean"
"24",25,1.64546679901804,"estimated","unadjusted__glottolog_mean"
"25",2,NA,"not_estimated","unadjusted__glottolog_mean"
"26",1,NA,"not_estimated","unadjusted__glottolog_mean"
"27",33,1.67649538030468,"estimated","unadjusted__glottolog_mean"
"28",23,2.12403649126473,"estimated","unadjusted__glottolog_mean"
"29",27,2.57920292536957,"estimated","unadjusted__glottolog_mean"
"30",2,NA,"not_estimated","unadjusted__glottolog_mean"
"31",1,NA,"not_estimated","unadjusted__glottolog_mean"
"32",14,13.9686690586644,"estimated","unadjusted__glottolog_mean"
"33",29,-7.57695862432051,"estimated","unadjusted__glottolog_mean"
"34",4,NA,"not_estimated","unadjusted__glottolog_mean"
"35",2,NA,"not_estimated","unadjusted__glottolog_mean"
"01",11,-5.64405848125449,"estimated","unadjusted__glottolog_mean_shastry"
"02",12,-1.16641273047671,"estimated","unadjusted__glottolog_mean_shastry"
"03",16,6.80816142877833,"estimated","unadjusted__glottolog_mean_shastry"
"04",1,NA,"not_estimated","unadjusted__glottolog_mean_shastry"
"05",12,4.43900497127868,"estimated","unadjusted__glottolog_mean_shastry"
"06",19,1.51655105203439,"estimated","unadjusted__glottolog_mean_shastry"
"07",7,5.3475156354811,"estimated","unadjusted__glottolog_mean_shastry"
"08",27,1.95528707656387,"estimated","unadjusted__glottolog_mean_shastry"
"09",68,0.972509471066733,"estimated","unadjusted__glottolog_mean_shastry"
"10",37,0.585663982761518,"estimated","unadjusted__glottolog_mean_shastry"
"11",4,NA,"not_estimated","unadjusted__glottolog_mean_shastry"
"12",13,1.86679419528881,"estimated","unadjusted__glottolog_mean_shastry"
"13",8,-0.581833781854365,"estimated","unadjusted__glottolog_mean_shastry"
"14",9,-3.43674275199555,"estimated","unadjusted__glottolog_mean_shastry"
"15",8,-1.62198343896828,"estimated","unadjusted__glottolog_mean_shastry"
"16",4,NA,"not_estimated","unadjusted__glottolog_mean_shastry"
"17",7,0.571087291640884,"estimated","unadjusted__glottolog_mean_shastry"
"18",22,-0.436916239299452,"estimated","unadjusted__glottolog_mean_shastry"
"19",18,0.0320895446922849,"estimated","unadjusted__glottolog_mean_shastry"
"20",18,-0.883715675726819,"estimated","unadjusted__glottolog_mean_shastry"
"21",29,-0.311535860573681,"estimated","unadjusted__glottolog_mean_shastry"
"22",16,-0.156185710882771,"estimated","unadjusted__glottolog_mean_shastry"
"23",44,1.15957277563151,"estimated","unadjusted__glottolog_mean_shastry"
"24",25,2.24547700256223,"estimated","unadjusted__glottolog_mean_shastry"
"25",2,NA,"not_estimated","unadjusted__glottolog_mean_shastry"
"26",1,NA,"not_estimated","unadjusted__glottolog_mean_shastry"
"27",33,1.36003807386212,"estimated","unadjusted__glottolog_mean_shastry"
"28",23,11.5378704048709,"estimated","unadjusted__glottolog_mean_shastry"
"29",27,0.895021348373366,"estimated","unadjusted__glottolog_mean_shastry"
"30",2,NA,"not_estimated","unadjusted__glottolog_mean_shastry"
"31",1,NA,"not_estimated","unadjusted__glottolog_mean_shastry"
"32",14,12.481673825526,"estimated","unadjusted__glottolog_mean_shastry"
"33",29,-6.84995819450542,"estimated","unadjusted__glottolog_mean_shastry"
"34",4,NA,"not_estimated","unadjusted__glottolog_mean_shastry"
"35",2,NA,"not_estimated","unadjusted__glottolog_mean_shastry"
"01",11,1.29442767239647,"estimated","unadjusted__dyen_noncognate"
"02",12,-0.227300631360694,"estimated","unadjusted__dyen_noncognate"
"03",16,19.2239028468594,"estimated","unadjusted__dyen_noncognate"
"04",1,NA,"not_estimated","unadjusted__dyen_noncognate"
"05",12,-0.279533655852121,"estimated","unadjusted__dyen_noncognate"
"06",19,0.186005303116829,"estimated","unadjusted__dyen_noncognate"
"07",7,0.416226221263168,"estimated","unadjusted__dyen_noncognate"
"08",27,0.114349149310042,"estimated","unadjusted__dyen_noncognate"
"09",68,0.00689133245175328,"estimated","unadjusted__dyen_noncognate"
"10",37,-0.0244841643992001,"estimated","unadjusted__dyen_noncognate"
"11",4,NA,"not_estimated","unadjusted__dyen_noncognate"
"12",13,0.331622601491489,"estimated","unadjusted__dyen_noncognate"
"13",8,-0.0847205959270252,"estimated","unadjusted__dyen_noncognate"
"14",9,-0.393112373639897,"estimated","unadjusted__dyen_noncognate"
"15",8,-0.159992244504875,"estimated","unadjusted__dyen_noncognate"
"16",4,NA,"not_estimated","unadjusted__dyen_noncognate"
"17",7,-0.43461709911261,"estimated","unadjusted__dyen_noncognate"
"18",22,-0.00203371686277082,"estimated","unadjusted__dyen_noncognate"
"19",18,-0.473840014559852,"estimated","unadjusted__dyen_noncognate"
"20",18,-0.26033395812886,"estimated","unadjusted__dyen_noncognate"
"21",29,3.3584993124232e-05,"estimated","unadjusted__dyen_noncognate"
"22",16,-0.01465895897099,"estimated","unadjusted__dyen_noncognate"
"23",44,0.0170245341543544,"estimated","unadjusted__dyen_noncognate"
"24",25,0.848391701388229,"estimated","unadjusted__dyen_noncognate"
"25",2,NA,"not_estimated","unadjusted__dyen_noncognate"
"26",1,NA,"not_estimated","unadjusted__dyen_noncognate"
"27",33,1.17984303327144,"estimated","unadjusted__dyen_noncognate"
"28",23,-1.00143811430206,"estimated","unadjusted__dyen_noncognate"
"29",27,0.885330468438371,"estimated","unadjusted__dyen_noncognate"
"30",2,NA,"not_estimated","unadjusted__dyen_noncognate"
"31",1,NA,"not_estimated","unadjusted__dyen_noncognate"
"32",14,14.6049777827003,"estimated","unadjusted__dyen_noncognate"
"33",29,-6.69409976715822,"estimated","unadjusted__dyen_noncognate"
"34",4,NA,"not_estimated","unadjusted__dyen_noncognate"
"35",2,NA,"not_estimated","unadjusted__dyen_noncognate"
"01",11,1.41765519297349,"estimated","unadjusted__dyen_noncognate_shastry"
"02",12,-0.294172101708873,"estimated","unadjusted__dyen_noncognate_shastry"
"03",16,1.19258363822889,"estimated","unadjusted__dyen_noncognate_shastry"
"04",1,NA,"not_estimated","unadjusted__dyen_noncognate_shastry"
"05",12,1.28976729034034,"estimated","unadjusted__dyen_noncognate_shastry"
"06",19,0.5598956801013,"estimated","unadjusted__dyen_noncognate_shastry"
"07",7,0.218542339749267,"estimated","unadjusted__dyen_noncognate_shastry"
"08",27,0.294079323620541,"estimated","unadjusted__dyen_noncognate_shastry"
"09",68,0.0832883943583991,"estimated","unadjusted__dyen_noncognate_shastry"
"10",37,0.0377437543155388,"estimated","unadjusted__dyen_noncognate_shastry"
"11",4,NA,"not_estimated","unadjusted__dyen_noncognate_shastry"
"12",13,0.318308187597102,"estimated","unadjusted__dyen_noncognate_shastry"
"13",8,-0.0935874939490682,"estimated","unadjusted__dyen_noncognate_shastry"
"14",9,-0.413370192103282,"estimated","unadjusted__dyen_noncognate_shastry"
"15",8,-0.17883328356685,"estimated","unadjusted__dyen_noncognate_shastry"
"16",4,NA,"not_estimated","unadjusted__dyen_noncognate_shastry"
"17",7,-0.450347453673185,"estimated","unadjusted__dyen_noncognate_shastry"
"18",22,-0.00303724735464106,"estimated","unadjusted__dyen_noncognate_shastry"
"19",18,0.86810829988312,"estimated","unadjusted__dyen_noncognate_shastry"
"20",18,-0.0811012097470406,"estimated","unadjusted__dyen_noncognate_shastry"
"21",29,-0.00131031343632701,"estimated","unadjusted__dyen_noncognate_shastry"
"22",16,0.00812272443978433,"estimated","unadjusted__dyen_noncognate_shastry"
"23",44,0.263888395550264,"estimated","unadjusted__dyen_noncognate_shastry"
"24",25,1.40887496700344,"estimated","unadjusted__dyen_noncognate_shastry"
"25",2,NA,"not_estimated","unadjusted__dyen_noncognate_shastry"
"26",1,NA,"not_estimated","unadjusted__dyen_noncognate_shastry"
"27",33,0.870013711798512,"estimated","unadjusted__dyen_noncognate_shastry"
"28",23,2.63421889752715,"estimated","unadjusted__dyen_noncognate_shastry"
"29",27,1.11307466828558,"estimated","unadjusted__dyen_noncognate_shastry"
"30",2,NA,"not_estimated","unadjusted__dyen_noncognate_shastry"
"31",1,NA,"not_estimated","unadjusted__dyen_noncognate_shastry"
"32",14,17.9523341308373,"estimated","unadjusted__dyen_noncognate_shastry"
"33",29,4.86662775648947,"estimated","unadjusted__dyen_noncognate_shastry"
"34",4,NA,"not_estimated","unadjusted__dyen_noncognate_shastry"
"35",2,NA,"not_estimated","unadjusted__dyen_noncognate_shastry"
"01",11,5.34627486139428,"estimated","region_main__nonzero_mean"
"02",12,-6.85182602636712,"estimated","region_main__nonzero_mean"
"03",16,3.01626687420094,"estimated","region_main__nonzero_mean"
"04",1,NA,"not_estimated","region_main__nonzero_mean"
"05",12,-0.892936360246126,"estimated","region_main__nonzero_mean"
"06",19,3.15140288196179,"estimated","region_main__nonzero_mean"
"07",7,6.84126123748133,"estimated","region_main__nonzero_mean"
"08",27,10.829528193879,"estimated","region_main__nonzero_mean"
"09",68,-0.348506034442332,"estimated","region_main__nonzero_mean"
"10",37,2.5083397550736,"estimated","region_main__nonzero_mean"
"11",4,NA,"not_estimated","region_main__nonzero_mean"
"12",13,3.0075828725606,"estimated","region_main__nonzero_mean"
"13",8,4.82815394032087,"estimated","region_main__nonzero_mean"
"14",9,16.0409304505539,"estimated","region_main__nonzero_mean"
"15",8,-16.015039290643,"estimated","region_main__nonzero_mean"
"16",4,NA,"not_estimated","region_main__nonzero_mean"
"17",7,-5.22763677182988,"estimated","region_main__nonzero_mean"
"18",22,6.07755003109758,"estimated","region_main__nonzero_mean"
"19",18,17.0185013850602,"estimated","region_main__nonzero_mean"
"20",18,7.05568520133321,"estimated","region_main__nonzero_mean"
"21",29,2.52418748749057,"estimated","region_main__nonzero_mean"
"22",16,4.5086854984068,"estimated","region_main__nonzero_mean"
"23",44,0.0904315078439364,"estimated","region_main__nonzero_mean"
"24",25,4.30111373756927,"estimated","region_main__nonzero_mean"
"25",2,NA,"not_estimated","region_main__nonzero_mean"
"26",1,NA,"not_estimated","region_main__nonzero_mean"
"27",33,7.22791335736524,"estimated","region_main__nonzero_mean"
"28",23,-0.308692886251411,"estimated","region_main__nonzero_mean"
"29",27,13.9265621140894,"estimated","region_main__nonzero_mean"
"30",2,NA,"not_estimated","region_main__nonzero_mean"
"31",1,NA,"not_estimated","region_main__nonzero_mean"
"32",14,-6.49732956622161,"estimated","region_main__nonzero_mean"
"33",29,22.4934384613552,"estimated","region_main__nonzero_mean"
"34",4,NA,"not_estimated","region_main__nonzero_mean"
"35",2,NA,"not_estimated","region_main__nonzero_mean"
"01",11,0.184782364306592,"estimated","region_main__distant_share"
"02",12,-0.530104479774493,"estimated","region_main__distant_share"
"03",16,0.431147780168069,"estimated","region_main__distant_share"
"04",1,NA,"not_estimated","region_main__distant_share"
"05",12,0.412552842565754,"estimated","region_main__distant_share"
"06",19,-0.403494966583856,"estimated","region_main__distant_share"
"07",7,3.92215213514207,"estimated","region_main__distant_share"
"08",27,0.16143662619594,"estimated","region_main__distant_share"
"09",68,-0.0169964567887213,"estimated","region_main__distant_share"
"10",37,0.00128186346437672,"estimated","region_main__distant_share"
"11",4,NA,"not_estimated","region_main__distant_share"
"12",13,0.13509737203511,"estimated","region_main__distant_share"
"13",8,-0.121510700679374,"estimated","region_main__distant_share"
"14",9,0.230007000277973,"estimated","region_main__distant_share"
"15",8,-0.42752785994339,"estimated","region_main__distant_share"
"16",4,NA,"not_estimated","region_main__distant_share"
"17",7,-0.156882014045976,"estimated","region_main__distant_share"
"18",22,-0.277348276783743,"estimated","region_main__distant_share"
"19",18,0.17387808787178,"estimated","region_main__distant_share"
"20",18,-0.0534257062397179,"estimated","region_main__distant_share"
"21",29,0.196228042201324,"estimated","region_main__distant_share"
"22",16,0.025716383245724,"estimated","region_main__distant_share"
"23",44,-0.269900704704293,"estimated","region_main__distant_share"
"24",25,0.171116463620337,"estimated","region_main__distant_share"
"25",2,NA,"not_estimated","region_main__distant_share"
"26",1,NA,"not_estimated","region_main__distant_share"
"27",33,-0.08768151125244,"estimated","region_main__distant_share"
"28",23,-0.0977752910516549,"estimated","region_main__distant_share"
"29",27,0.204076988580962,"estimated","region_main__distant_share"
"30",2,NA,"not_estimated","region_main__distant_share"
"31",1,NA,"not_estimated","region_main__distant_share"
"32",14,0.546248899361123,"estimated","region_main__distant_share"
"33",29,-0.0678297571893842,"estimated","region_main__distant_share"
"34",4,NA,"not_estimated","region_main__distant_share"
"35",2,NA,"not_estimated","region_main__distant_share"
"01",11,6.28543424593364,"estimated","region_main__top3_legacy"
"02",12,-8.34532905900372,"estimated","region_main__top3_legacy"
"03",16,6.84163460504858,"estimated","region_main__top3_legacy"
"04",1,NA,"not_estimated","region_main__top3_legacy"
"05",12,3.32599670629277,"estimated","region_main__top3_legacy"
"06",19,3.26492053336649,"estimated","region_main__top3_legacy"
"07",7,43.7138327531156,"estimated","region_main__top3_legacy"
"08",27,5.81641129996569,"estimated","region_main__top3_legacy"
"09",68,-0.190779911733471,"estimated","region_main__top3_legacy"
"10",37,0.260823479573348,"estimated","region_main__top3_legacy"
"11",4,NA,"not_estimated","region_main__top3_legacy"
"12",13,3.66296655155284,"estimated","region_main__top3_legacy"
"13",8,3.67797495774644,"estimated","region_main__top3_legacy"
"14",9,7.20345004233711,"estimated","region_main__top3_legacy"
"15",8,-10.7061463332572,"estimated","region_main__top3_legacy"
"16",4,NA,"not_estimated","region_main__top3_legacy"
"17",7,-5.22513429381294,"estimated","region_main__top3_legacy"
"18",22,-2.33881770203433,"estimated","region_main__top3_legacy"
"19",18,12.4573030257976,"estimated","region_main__top3_legacy"
"20",18,-2.19624346063689,"estimated","region_main__top3_legacy"
"21",29,0.965397663791044,"estimated","region_main__top3_legacy"
"22",16,0.763088771867041,"estimated","region_main__top3_legacy"
"23",44,-2.26632356505828,"estimated","region_main__top3_legacy"
"24",25,5.19423232231963,"estimated","region_main__top3_legacy"
"25",2,NA,"not_estimated","region_main__top3_legacy"
"26",1,NA,"not_estimated","region_main__top3_legacy"
"27",33,-2.93805031308722,"estimated","region_main__top3_legacy"
"28",23,-1.12105976476815,"estimated","region_main__top3_legacy"
"29",27,16.6880682334113,"estimated","region_main__top3_legacy"
"30",2,NA,"not_estimated","region_main__top3_legacy"
"31",1,NA,"not_estimated","region_main__top3_legacy"
"32",14,12.8315124472094,"estimated","region_main__top3_legacy"
"33",29,18.9957570913272,"estimated","region_main__top3_legacy"
"34",4,NA,"not_estimated","region_main__top3_legacy"
"35",2,NA,"not_estimated","region_main__top3_legacy"
"01",11,5.35560562480576,"estimated","region_main__nonzero_mean_hindi_urdu"
"02",12,-6.79709037967344,"estimated","region_main__nonzero_mean_hindi_urdu"
"03",16,3.17399575308016,"estimated","region_main__nonzero_mean_hindi_urdu"
"04",1,NA,"not_estimated","region_main__nonzero_mean_hindi_urdu"
"05",12,-1.09350975154644,"estimated","region_main__nonzero_mean_hindi_urdu"
"06",19,3.4219080141029,"estimated","region_main__nonzero_mean_hindi_urdu"
"07",7,7.17398077398717,"estimated","region_main__nonzero_mean_hindi_urdu"
"08",27,11.3610184113825,"estimated","region_main__nonzero_mean_hindi_urdu"
"09",68,-0.429747109037204,"estimated","region_main__nonzero_mean_hindi_urdu"
"10",37,2.52778505932955,"estimated","region_main__nonzero_mean_hindi_urdu"
"11",4,NA,"not_estimated","region_main__nonzero_mean_hindi_urdu"
"12",13,3.12027079970116,"estimated","region_main__nonzero_mean_hindi_urdu"
"13",8,4.81450157755643,"estimated","region_main__nonzero_mean_hindi_urdu"
"14",9,15.2717357372073,"estimated","region_main__nonzero_mean_hindi_urdu"
"15",8,-15.7544106109543,"estimated","region_main__nonzero_mean_hindi_urdu"
"16",4,NA,"not_estimated","region_main__nonzero_mean_hindi_urdu"
"17",7,-5.28285235904436,"estimated","region_main__nonzero_mean_hindi_urdu"
"18",22,6.12552496897375,"estimated","region_main__nonzero_mean_hindi_urdu"
"19",18,17.0438624132891,"estimated","region_main__nonzero_mean_hindi_urdu"
"20",18,6.91602570328049,"estimated","region_main__nonzero_mean_hindi_urdu"
"21",29,2.47209637523599,"estimated","region_main__nonzero_mean_hindi_urdu"
"22",16,4.48412325101425,"estimated","region_main__nonzero_mean_hindi_urdu"
"23",44,0.192696834560801,"estimated","region_main__nonzero_mean_hindi_urdu"
"24",25,4.26922620171801,"estimated","region_main__nonzero_mean_hindi_urdu"
"25",2,NA,"not_estimated","region_main__nonzero_mean_hindi_urdu"
"26",1,NA,"not_estimated","region_main__nonzero_mean_hindi_urdu"
"27",33,7.19458838269616,"estimated","region_main__nonzero_mean_hindi_urdu"
"28",23,-0.195802279881299,"estimated","region_main__nonzero_mean_hindi_urdu"
"29",27,13.9719208221937,"estimated","region_main__nonzero_mean_hindi_urdu"
"30",2,NA,"not_estimated","region_main__nonzero_mean_hindi_urdu"
"31",1,NA,"not_estimated","region_main__nonzero_mean_hindi_urdu"
"32",14,-6.57948946070503,"estimated","region_main__nonzero_mean_hindi_urdu"
"33",29,22.7680071180907,"estimated","region_main__nonzero_mean_hindi_urdu"
"34",4,NA,"not_estimated","region_main__nonzero_mean_hindi_urdu"
"35",2,NA,"not_estimated","region_main__nonzero_mean_hindi_urdu"
"01",11,5.22390198878603,"estimated","region_main__nonzero_mean_shastry"
"02",12,-7.02836088353645,"estimated","region_main__nonzero_mean_shastry"
"03",16,2.27221351827534,"estimated","region_main__nonzero_mean_shastry"
"04",1,NA,"not_estimated","region_main__nonzero_mean_shastry"
"05",12,-1.12937131853006,"estimated","region_main__nonzero_mean_shastry"
"06",19,3.73978259766602,"estimated","region_main__nonzero_mean_shastry"
"07",7,7.04370334510105,"estimated","region_main__nonzero_mean_shastry"
"08",27,11.3752425907173,"estimated","region_main__nonzero_mean_shastry"
"09",68,-0.407271125079671,"estimated","region_main__nonzero_mean_shastry"
"10",37,2.52544338558538,"estimated","region_main__nonzero_mean_shastry"
"11",4,NA,"not_estimated","region_main__nonzero_mean_shastry"
"12",13,2.94103742848883,"estimated","region_main__nonzero_mean_shastry"
"13",8,5.41284287438691,"estimated","region_main__nonzero_mean_shastry"
"14",9,15.8176191680422,"estimated","region_main__nonzero_mean_shastry"
"15",8,-15.2698212920457,"estimated","region_main__nonzero_mean_shastry"
"16",4,NA,"not_estimated","region_main__nonzero_mean_shastry"
"17",7,-6.20277250472559,"estimated","region_main__nonzero_mean_shastry"
"18",22,6.20505489512953,"estimated","region_main__nonzero_mean_shastry"
"19",18,17.2119517065623,"estimated","region_main__nonzero_mean_shastry"
"20",18,7.0921214287371,"estimated","region_main__nonzero_mean_shastry"
"21",29,2.30215608604339,"estimated","region_main__nonzero_mean_shastry"
"22",16,4.28220898447221,"estimated","region_main__nonzero_mean_shastry"
"23",44,0.158864158406486,"estimated","region_main__nonzero_mean_shastry"
"24",25,4.16323390674638,"estimated","region_main__nonzero_mean_shastry"
"25",2,NA,"not_estimated","region_main__nonzero_mean_shastry"
"26",1,NA,"not_estimated","region_main__nonzero_mean_shastry"
"27",33,5.72097970071008,"estimated","region_main__nonzero_mean_shastry"
"28",23,0.0288086157013211,"estimated","region_main__nonzero_mean_shastry"
"29",27,13.5602544720538,"estimated","region_main__nonzero_mean_shastry"
"30",2,NA,"not_estimated","region_main__nonzero_mean_shastry"
"31",1,NA,"not_estimated","region_main__nonzero_mean_shastry"
"32",14,-6.04952994200355,"estimated","region_main__nonzero_mean_shastry"
"33",29,22.4065323862432,"estimated","region_main__nonzero_mean_shastry"
"34",4,NA,"not_estimated","region_main__nonzero_mean_shastry"
"35",2,NA,"not_estimated","region_main__nonzero_mean_shastry"
"01",11,5.15233038707374,"estimated","region_main__nonzero_mean_sensitivity_low"
"02",12,-7.07934725526478,"estimated","region_main__nonzero_mean_sensitivity_low"
"03",16,1.48966613520562,"estimated","region_main__nonzero_mean_sensitivity_low"
"04",1,NA,"not_estimated","region_main__nonzero_mean_sensitivity_low"
"05",12,-1.00595962410189,"estimated","region_main__nonzero_mean_sensitivity_low"
"06",19,3.73728536521178,"estimated","region_main__nonzero_mean_sensitivity_low"
"07",7,7.2966921583961,"estimated","region_main__nonzero_mean_sensitivity_low"
"08",27,12.1150798985641,"estimated","region_main__nonzero_mean_sensitivity_low"
"09",68,-0.395578456975058,"estimated","region_main__nonzero_mean_sensitivity_low"
"10",37,2.54585718918168,"estimated","region_main__nonzero_mean_sensitivity_low"
"11",4,NA,"not_estimated","region_main__nonzero_mean_sensitivity_low"
"12",13,2.97094366006007,"estimated","region_main__nonzero_mean_sensitivity_low"
"13",8,5.58405281944318,"estimated","region_main__nonzero_mean_sensitivity_low"
"14",9,17.0866529396977,"estimated","region_main__nonzero_mean_sensitivity_low"
"15",8,-15.1298464495285,"estimated","region_main__nonzero_mean_sensitivity_low"
"16",4,NA,"not_estimated","region_main__nonzero_mean_sensitivity_low"
"17",7,-6.25201467352218,"estimated","region_main__nonzero_mean_sensitivity_low"
"18",22,5.70190148458855,"estimated","region_main__nonzero_mean_sensitivity_low"
"19",18,17.4737284839878,"estimated","region_main__nonzero_mean_sensitivity_low"
"20",18,6.03411397460521,"estimated","region_main__nonzero_mean_sensitivity_low"
"21",29,2.11150665847673,"estimated","region_main__nonzero_mean_sensitivity_low"
"22",16,3.88727227971369,"estimated","region_main__nonzero_mean_sensitivity_low"
"23",44,0.202823075511841,"estimated","region_main__nonzero_mean_sensitivity_low"
"24",25,5.03739415155164,"estimated","region_main__nonzero_mean_sensitivity_low"
"25",2,NA,"not_estimated","region_main__nonzero_mean_sensitivity_low"
"26",1,NA,"not_estimated","region_main__nonzero_mean_sensitivity_low"
"27",33,5.03265820655897,"estimated","region_main__nonzero_mean_sensitivity_low"
"28",23,0.0342141053372833,"estimated","region_main__nonzero_mean_sensitivity_low"
"29",27,13.5918516781202,"estimated","region_main__nonzero_mean_sensitivity_low"
"30",2,NA,"not_estimated","region_main__nonzero_mean_sensitivity_low"
"31",1,NA,"not_estimated","region_main__nonzero_mean_sensitivity_low"
"32",14,-6.05370910165094,"estimated","region_main__nonzero_mean_sensitivity_low"
"33",29,22.4606609307401,"estimated","region_main__nonzero_mean_sensitivity_low"
"34",4,NA,"not_estimated","region_main__nonzero_mean_sensitivity_low"
"35",2,NA,"not_estimated","region_main__nonzero_mean_sensitivity_low"
"01",11,-8.68879659621164,"estimated","region_main__nonzero_mean_sensitivity_high"
"02",12,0.899298197273352,"estimated","region_main__nonzero_mean_sensitivity_high"
"03",16,6.16716704740336,"estimated","region_main__nonzero_mean_sensitivity_high"
"04",1,NA,"not_estimated","region_main__nonzero_mean_sensitivity_high"
"05",12,2.79283892514847,"estimated","region_main__nonzero_mean_sensitivity_high"
"06",19,4.44653349101309,"estimated","region_main__nonzero_mean_sensitivity_high"
"07",7,6.37559587196404,"estimated","region_main__nonzero_mean_sensitivity_high"
"08",27,6.60141003295206,"estimated","region_main__nonzero_mean_sensitivity_high"
"09",68,-0.430985715967754,"estimated","region_main__nonzero_mean_sensitivity_high"
"10",37,0.798160688672268,"estimated","region_main__nonzero_mean_sensitivity_high"
"11",4,NA,"not_estimated","region_main__nonzero_mean_sensitivity_high"
"12",13,4.13996680427023,"estimated","region_main__nonzero_mean_sensitivity_high"
"13",8,4.57653063563145,"estimated","region_main__nonzero_mean_sensitivity_high"
"14",9,3.63699101170617,"estimated","region_main__nonzero_mean_sensitivity_high"
"15",8,-14.1633594450161,"estimated","region_main__nonzero_mean_sensitivity_high"
"16",4,NA,"not_estimated","region_main__nonzero_mean_sensitivity_high"
"17",7,-7.98709458245789,"estimated","region_main__nonzero_mean_sensitivity_high"
"18",22,7.44763158076617,"estimated","region_main__nonzero_mean_sensitivity_high"
"19",18,8.41106075182787,"estimated","region_main__nonzero_mean_sensitivity_high"
"20",18,3.20301535496646,"estimated","region_main__nonzero_mean_sensitivity_high"
"21",29,2.76357168392279,"estimated","region_main__nonzero_mean_sensitivity_high"
"22",16,1.06438503597197,"estimated","region_main__nonzero_mean_sensitivity_high"
"23",44,-0.277979101598198,"estimated","region_main__nonzero_mean_sensitivity_high"
"24",25,3.27127920733159,"estimated","region_main__nonzero_mean_sensitivity_high"
"25",2,NA,"not_estimated","region_main__nonzero_mean_sensitivity_high"
"26",1,NA,"not_estimated","region_main__nonzero_mean_sensitivity_high"
"27",33,7.0722676403618,"estimated","region_main__nonzero_mean_sensitivity_high"
"28",23,-0.318672726701324,"estimated","region_main__nonzero_mean_sensitivity_high"
"29",27,15.8283138081109,"estimated","region_main__nonzero_mean_sensitivity_high"
"30",2,NA,"not_estimated","region_main__nonzero_mean_sensitivity_high"
"31",1,NA,"not_estimated","region_main__nonzero_mean_sensitivity_high"
"32",14,-3.05325376128947,"estimated","region_main__nonzero_mean_sensitivity_high"
"33",29,18.0865658589404,"estimated","region_main__nonzero_mean_sensitivity_high"
"34",4,NA,"not_estimated","region_main__nonzero_mean_sensitivity_high"
"35",2,NA,"not_estimated","region_main__nonzero_mean_sensitivity_high"
"01",11,5.741517028116,"estimated","region_main__nonzero_mean_hindi_urdu_separate"
"02",12,-6.38858878118418,"estimated","region_main__nonzero_mean_hindi_urdu_separate"
"03",16,3.93297918386579,"estimated","region_main__nonzero_mean_hindi_urdu_separate"
"04",1,NA,"not_estimated","region_main__nonzero_mean_hindi_urdu_separate"
"05",12,-1.49740222471723,"estimated","region_main__nonzero_mean_hindi_urdu_separate"
"06",19,3.58977540593018,"estimated","region_main__nonzero_mean_hindi_urdu_separate"
"07",7,4.34421392728992,"estimated","region_main__nonzero_mean_hindi_urdu_separate"
"08",27,11.7834648527043,"estimated","region_main__nonzero_mean_hindi_urdu_separate"
"09",68,-1.5036839671583,"estimated","region_main__nonzero_mean_hindi_urdu_separate"
"10",37,3.36850614046394,"estimated","region_main__nonzero_mean_hindi_urdu_separate"
"11",4,NA,"not_estimated","region_main__nonzero_mean_hindi_urdu_separate"
"12",13,2.34484909176215,"estimated","region_main__nonzero_mean_hindi_urdu_separate"
"13",8,5.52837171695054,"estimated","region_main__nonzero_mean_hindi_urdu_separate"
"14",9,17.5256755266894,"estimated","region_main__nonzero_mean_hindi_urdu_separate"
"15",8,-17.3430930991967,"estimated","region_main__nonzero_mean_hindi_urdu_separate"
"16",4,NA,"not_estimated","region_main__nonzero_mean_hindi_urdu_separate"
"17",7,-6.6466014678298,"estimated","region_main__nonzero_mean_hindi_urdu_separate"
"18",22,6.76686325198017,"estimated","region_main__nonzero_mean_hindi_urdu_separate"
"19",18,13.6532125447218,"estimated","region_main__nonzero_mean_hindi_urdu_separate"
"20",18,5.90547195615634,"estimated","region_main__nonzero_mean_hindi_urdu_separate"
"21",29,2.66513640225266,"estimated","region_main__nonzero_mean_hindi_urdu_separate"
"22",16,4.48079565308943,"estimated","region_main__nonzero_mean_hindi_urdu_separate"
"23",44,0.0789604581649557,"estimated","region_main__nonzero_mean_hindi_urdu_separate"
"24",25,4.05021808072183,"estimated","region_main__nonzero_mean_hindi_urdu_separate"
"25",2,NA,"not_estimated","region_main__nonzero_mean_hindi_urdu_separate"
"26",1,NA,"not_estimated","region_main__nonzero_mean_hindi_urdu_separate"
"27",33,7.0787157600392,"estimated","region_main__nonzero_mean_hindi_urdu_separate"
"28",23,2.01267105536154,"estimated","region_main__nonzero_mean_hindi_urdu_separate"
"29",27,13.4817967536039,"estimated","region_main__nonzero_mean_hindi_urdu_separate"
"30",2,NA,"not_estimated","region_main__nonzero_mean_hindi_urdu_separate"
"31",1,NA,"not_estimated","region_main__nonzero_mean_hindi_urdu_separate"
"32",14,-4.07479677342755,"estimated","region_main__nonzero_mean_hindi_urdu_separate"
"33",29,20.9594885968598,"estimated","region_main__nonzero_mean_hindi_urdu_separate"
"34",4,NA,"not_estimated","region_main__nonzero_mean_hindi_urdu_separate"
"35",2,NA,"not_estimated","region_main__nonzero_mean_hindi_urdu_separate"
"01",11,0.523926925844323,"estimated","region_main__glottolog_mean"
"02",12,-0.557431350703498,"estimated","region_main__glottolog_mean"
"03",16,0.203159351910005,"estimated","region_main__glottolog_mean"
"04",1,NA,"not_estimated","region_main__glottolog_mean"
"05",12,1.82531170288057,"estimated","region_main__glottolog_mean"
"06",19,0.370670619504929,"estimated","region_main__glottolog_mean"
"07",7,11.0426088197029,"estimated","region_main__glottolog_mean"
"08",27,1.21113125264254,"estimated","region_main__glottolog_mean"
"09",68,-1.21844633247078,"estimated","region_main__glottolog_mean"
"10",37,-0.323367632236673,"estimated","region_main__glottolog_mean"
"11",4,NA,"not_estimated","region_main__glottolog_mean"
"12",13,1.83517050341994,"estimated","region_main__glottolog_mean"
"13",8,2.20630796885279,"estimated","region_main__glottolog_mean"
"14",9,-2.04400359895637,"estimated","region_main__glottolog_mean"
"15",8,-5.33488530656346,"estimated","region_main__glottolog_mean"
"16",4,NA,"not_estimated","region_main__glottolog_mean"
"17",7,-1.04454501896321,"estimated","region_main__glottolog_mean"
"18",22,-0.88732930972715,"estimated","region_main__glottolog_mean"
"19",18,2.79462715646427,"estimated","region_main__glottolog_mean"
"20",18,-0.654641789224238,"estimated","region_main__glottolog_mean"
"21",29,1.20524587239992,"estimated","region_main__glottolog_mean"
"22",16,0.63061037849433,"estimated","region_main__glottolog_mean"
"23",44,-0.660137768021632,"estimated","region_main__glottolog_mean"
"24",25,2.81434348233179,"estimated","region_main__glottolog_mean"
"25",2,NA,"not_estimated","region_main__glottolog_mean"
"26",1,NA,"not_estimated","region_main__glottolog_mean"
"27",33,-0.896177530730237,"estimated","region_main__glottolog_mean"
"28",23,-1.73529129629015,"estimated","region_main__glottolog_mean"
"29",27,-0.241878111771519,"estimated","region_main__glottolog_mean"
"30",2,NA,"not_estimated","region_main__glottolog_mean"
"31",1,NA,"not_estimated","region_main__glottolog_mean"
"32",14,7.08144317614445,"estimated","region_main__glottolog_mean"
"33",29,-1.65382535263706,"estimated","region_main__glottolog_mean"
"34",4,NA,"not_estimated","region_main__glottolog_mean"
"35",2,NA,"not_estimated","region_main__glottolog_mean"
"01",11,0.563029812511117,"estimated","region_main__glottolog_mean_shastry"
"02",12,-0.286827633051823,"estimated","region_main__glottolog_mean_shastry"
"03",16,0.467898848658006,"estimated","region_main__glottolog_mean_shastry"
"04",1,NA,"not_estimated","region_main__glottolog_mean_shastry"
"05",12,0.203960809490974,"estimated","region_main__glottolog_mean_shastry"
"06",19,0.533111281879157,"estimated","region_main__glottolog_mean_shastry"
"07",7,11.6689570553705,"estimated","region_main__glottolog_mean_shastry"
"08",27,1.34943180900565,"estimated","region_main__glottolog_mean_shastry"
"09",68,-1.13200054448547,"estimated","region_main__glottolog_mean_shastry"
"10",37,-0.304540037966863,"estimated","region_main__glottolog_mean_shastry"
"11",4,NA,"not_estimated","region_main__glottolog_mean_shastry"
"12",13,1.84957396282817,"estimated","region_main__glottolog_mean_shastry"
"13",8,2.07248264334598,"estimated","region_main__glottolog_mean_shastry"
"14",9,-1.90328167254257,"estimated","region_main__glottolog_mean_shastry"
"15",8,-5.1083933116398,"estimated","region_main__glottolog_mean_shastry"
"16",4,NA,"not_estimated","region_main__glottolog_mean_shastry"
"17",7,-1.10937548183849,"estimated","region_main__glottolog_mean_shastry"
"18",22,-1.02738129743468,"estimated","region_main__glottolog_mean_shastry"
"19",18,2.75305387827498,"estimated","region_main__glottolog_mean_shastry"
"20",18,-0.66776855280362,"estimated","region_main__glottolog_mean_shastry"
"21",29,1.13795149829175,"estimated","region_main__glottolog_mean_shastry"
"22",16,0.617300105229048,"estimated","region_main__glottolog_mean_shastry"
"23",44,-0.709196052734038,"estimated","region_main__glottolog_mean_shastry"
"24",25,2.8433399317845,"estimated","region_main__glottolog_mean_shastry"
"25",2,NA,"not_estimated","region_main__glottolog_mean_shastry"
"26",1,NA,"not_estimated","region_main__glottolog_mean_shastry"
"27",33,-0.470675512406098,"estimated","region_main__glottolog_mean_shastry"
"28",23,-1.68882186429573,"estimated","region_main__glottolog_mean_shastry"
"29",27,0.177695302496617,"estimated","region_main__glottolog_mean_shastry"
"30",2,NA,"not_estimated","region_main__glottolog_mean_shastry"
"31",1,NA,"not_estimated","region_main__glottolog_mean_shastry"
"32",14,6.94016654537038,"estimated","region_main__glottolog_mean_shastry"
"33",29,-1.21867311351978,"estimated","region_main__glottolog_mean_shastry"
"34",4,NA,"not_estimated","region_main__glottolog_mean_shastry"
"35",2,NA,"not_estimated","region_main__glottolog_mean_shastry"
"01",11,0.33788677443306,"estimated","region_main__dyen_noncognate"
"02",12,-0.131644455903814,"estimated","region_main__dyen_noncognate"
"03",16,0.102085788928612,"estimated","region_main__dyen_noncognate"
"04",1,NA,"not_estimated","region_main__dyen_noncognate"
"05",12,0.499529998206459,"estimated","region_main__dyen_noncognate"
"06",19,-0.392075762243266,"estimated","region_main__dyen_noncognate"
"07",7,0.483070563868801,"estimated","region_main__dyen_noncognate"
"08",27,0.221543562331407,"estimated","region_main__dyen_noncognate"
"09",68,-0.0116282265009329,"estimated","region_main__dyen_noncognate"
"10",37,-0.0466306870506401,"estimated","region_main__dyen_noncognate"
"11",4,NA,"not_estimated","region_main__dyen_noncognate"
"12",13,0.197450485138016,"estimated","region_main__dyen_noncognate"
"13",8,0.291481970127313,"estimated","region_main__dyen_noncognate"
"14",9,-0.0771646165767492,"estimated","region_main__dyen_noncognate"
"15",8,-0.512487192541074,"estimated","region_main__dyen_noncognate"
"16",4,NA,"not_estimated","region_main__dyen_noncognate"
"17",7,-0.383326294477553,"estimated","region_main__dyen_noncognate"
"18",22,-0.0122585775921545,"estimated","region_main__dyen_noncognate"
"19",18,0.558153475607788,"estimated","region_main__dyen_noncognate"
"20",18,0.196604470851067,"estimated","region_main__dyen_noncognate"
"21",29,0.0646398309014701,"estimated","region_main__dyen_noncognate"
"22",16,0.0376995375725343,"estimated","region_main__dyen_noncognate"
"23",44,-0.132741601762248,"estimated","region_main__dyen_noncognate"
"24",25,0.472818683078496,"estimated","region_main__dyen_noncognate"
"25",2,NA,"not_estimated","region_main__dyen_noncognate"
"26",1,NA,"not_estimated","region_main__dyen_noncognate"
"27",33,0.577535461398151,"estimated","region_main__dyen_noncognate"
"28",23,0.0572955788730904,"estimated","region_main__dyen_noncognate"
"29",27,0.958619903484624,"estimated","region_main__dyen_noncognate"
"30",2,NA,"not_estimated","region_main__dyen_noncognate"
"31",1,NA,"not_estimated","region_main__dyen_noncognate"
"32",14,-0.529112715992935,"estimated","region_main__dyen_noncognate"
"33",29,0.803032245152861,"estimated","region_main__dyen_noncognate"
"34",4,NA,"not_estimated","region_main__dyen_noncognate"
"35",2,NA,"not_estimated","region_main__dyen_noncognate"
"01",11,0.205483980080433,"estimated","region_main__dyen_noncognate_shastry"
"02",12,-0.165858901877321,"estimated","region_main__dyen_noncognate_shastry"
"03",16,0.0912003136084883,"estimated","region_main__dyen_noncognate_shastry"
"04",1,NA,"not_estimated","region_main__dyen_noncognate_shastry"
"05",12,0.527118951562011,"estimated","region_main__dyen_noncognate_shastry"
"06",19,-0.338617151415864,"estimated","region_main__dyen_noncognate_shastry"
"07",7,0.428484420224102,"estimated","region_main__dyen_noncognate_shastry"
"08",27,0.214462453168097,"estimated","region_main__dyen_noncognate_shastry"
"09",68,-0.0232361862375182,"estimated","region_main__dyen_noncognate_shastry"
"10",37,-0.0390842007696258,"estimated","region_main__dyen_noncognate_shastry"
"11",4,NA,"not_estimated","region_main__dyen_noncognate_shastry"
"12",13,0.182460985458314,"estimated","region_main__dyen_noncognate_shastry"
"13",8,0.310176814174293,"estimated","region_main__dyen_noncognate_shastry"
"14",9,-0.065312094409762,"estimated","region_main__dyen_noncognate_shastry"
"15",8,-0.514503640530459,"estimated","region_main__dyen_noncognate_shastry"
"16",4,NA,"not_estimated","region_main__dyen_noncognate_shastry"
"17",7,-0.465277391179775,"estimated","region_main__dyen_noncognate_shastry"
"18",22,-0.00100285707535922,"estimated","region_main__dyen_noncognate_shastry"
"19",18,0.559319650348503,"estimated","region_main__dyen_noncognate_shastry"
"20",18,0.191052266334197,"estimated","region_main__dyen_noncognate_shastry"
"21",29,0.0642332709618175,"estimated","region_main__dyen_noncognate_shastry"
"22",16,0.0313331111225665,"estimated","region_main__dyen_noncognate_shastry"
"23",44,-0.125788895562699,"estimated","region_main__dyen_noncognate_shastry"
"24",25,0.463209451051458,"estimated","region_main__dyen_noncognate_shastry"
"25",2,NA,"not_estimated","region_main__dyen_noncognate_shastry"
"26",1,NA,"not_estimated","region_main__dyen_noncognate_shastry"
"27",33,0.407111114834871,"estimated","region_main__dyen_noncognate_shastry"
"28",23,0.0573986059199243,"estimated","region_main__dyen_noncognate_shastry"
"29",27,0.876662334182286,"estimated","region_main__dyen_noncognate_shastry"
"30",2,NA,"not_estimated","region_main__dyen_noncognate_shastry"
"31",1,NA,"not_estimated","region_main__dyen_noncognate_shastry"
"32",14,-0.529543367477373,"estimated","region_main__dyen_noncognate_shastry"
"33",29,0.718273166980217,"estimated","region_main__dyen_noncognate_shastry"
"34",4,NA,"not_estimated","region_main__dyen_noncognate_shastry"
"35",2,NA,"not_estimated","region_main__dyen_noncognate_shastry"
"01",11,4.0433082650867,"estimated","region_expanded__nonzero_mean"
"02",12,-5.61009103135367,"estimated","region_expanded__nonzero_mean"
"03",16,-4.52295136332035,"estimated","region_expanded__nonzero_mean"
"04",1,NA,"not_estimated","region_expanded__nonzero_mean"
"05",12,-0.285356408511198,"estimated","region_expanded__nonzero_mean"
"06",19,3.33800257043796,"estimated","region_expanded__nonzero_mean"
"07",7,6.81319724585757,"estimated","region_expanded__nonzero_mean"
"08",27,13.725347405006,"estimated","region_expanded__nonzero_mean"
"09",68,0.900511461112282,"estimated","region_expanded__nonzero_mean"
"10",37,0.895818869787713,"estimated","region_expanded__nonzero_mean"
"11",4,NA,"not_estimated","region_expanded__nonzero_mean"
"12",13,1.67550647167909,"estimated","region_expanded__nonzero_mean"
"13",8,7.77994878255088,"estimated","region_expanded__nonzero_mean"
"14",9,44.4430644968,"estimated","region_expanded__nonzero_mean"
"15",8,-4.25403045112013,"estimated","region_expanded__nonzero_mean"
"16",4,NA,"not_estimated","region_expanded__nonzero_mean"
"17",7,-2.08237573329605,"estimated","region_expanded__nonzero_mean"
"18",22,-0.0418612515116117,"estimated","region_expanded__nonzero_mean"
"19",18,7.14340422448265,"estimated","region_expanded__nonzero_mean"
"20",18,8.20760152674619,"estimated","region_expanded__nonzero_mean"
"21",29,-0.751570406863034,"estimated","region_expanded__nonzero_mean"
"22",16,-1.64976838051112,"estimated","region_expanded__nonzero_mean"
"23",44,0.818673088687919,"estimated","region_expanded__nonzero_mean"
"24",25,0.780703569830879,"estimated","region_expanded__nonzero_mean"
"25",2,NA,"not_estimated","region_expanded__nonzero_mean"
"26",1,NA,"not_estimated","region_expanded__nonzero_mean"
"27",33,3.12960157242355,"estimated","region_expanded__nonzero_mean"
"28",23,2.74400856356921,"estimated","region_expanded__nonzero_mean"
"29",27,4.77522073937226,"estimated","region_expanded__nonzero_mean"
"30",2,NA,"not_estimated","region_expanded__nonzero_mean"
"31",1,NA,"not_estimated","region_expanded__nonzero_mean"
"32",14,-8.58335928013594,"estimated","region_expanded__nonzero_mean"
"33",29,18.5847307320145,"estimated","region_expanded__nonzero_mean"
"34",4,NA,"not_estimated","region_expanded__nonzero_mean"
"35",2,NA,"not_estimated","region_expanded__nonzero_mean"
"01",11,0.138162261550276,"estimated","region_expanded__distant_share"
"02",12,-0.489039208954786,"estimated","region_expanded__distant_share"
"03",16,0.476604362550817,"estimated","region_expanded__distant_share"
"04",1,NA,"not_estimated","region_expanded__distant_share"
"05",12,0.783076409198719,"estimated","region_expanded__distant_share"
"06",19,-0.140975770135456,"estimated","region_expanded__distant_share"
"07",7,2.59715423032345,"estimated","region_expanded__distant_share"
"08",27,0.291529689913925,"estimated","region_expanded__distant_share"
"09",68,0.0192937440630088,"estimated","region_expanded__distant_share"
"10",37,0.00347438512439886,"estimated","region_expanded__distant_share"
"11",4,NA,"not_estimated","region_expanded__distant_share"
"12",13,0.087175129041703,"estimated","region_expanded__distant_share"
"13",8,-0.0173906273498696,"estimated","region_expanded__distant_share"
"14",9,0.309744631485159,"estimated","region_expanded__distant_share"
"15",8,-0.359614168044589,"estimated","region_expanded__distant_share"
"16",4,NA,"not_estimated","region_expanded__distant_share"
"17",7,-0.132219781806007,"estimated","region_expanded__distant_share"
"18",22,-0.293219090292859,"estimated","region_expanded__distant_share"
"19",18,0.255069576244776,"estimated","region_expanded__distant_share"
"20",18,-0.0767069760111042,"estimated","region_expanded__distant_share"
"21",29,0.168721887145006,"estimated","region_expanded__distant_share"
"22",16,-0.081584508190179,"estimated","region_expanded__distant_share"
"23",44,-0.350072323988692,"estimated","region_expanded__distant_share"
"24",25,0.044028435729961,"estimated","region_expanded__distant_share"
"25",2,NA,"not_estimated","region_expanded__distant_share"
"26",1,NA,"not_estimated","region_expanded__distant_share"
"27",33,-0.103966918805676,"estimated","region_expanded__distant_share"
"28",23,-0.111941446943748,"estimated","region_expanded__distant_share"
"29",27,0.0528380361456846,"estimated","region_expanded__distant_share"
"30",2,NA,"not_estimated","region_expanded__distant_share"
"31",1,NA,"not_estimated","region_expanded__distant_share"
"32",14,0.325279591418788,"estimated","region_expanded__distant_share"
"33",29,-0.272514924861504,"estimated","region_expanded__distant_share"
"34",4,NA,"not_estimated","region_expanded__distant_share"
"35",2,NA,"not_estimated","region_expanded__distant_share"
"01",11,4.61725440334902,"estimated","region_expanded__top3_legacy"
"02",12,-7.34724098879992,"estimated","region_expanded__top3_legacy"
"03",16,11.2982932035958,"estimated","region_expanded__top3_legacy"
"04",1,NA,"not_estimated","region_expanded__top3_legacy"
"05",12,8.72404980795346,"estimated","region_expanded__top3_legacy"
"06",19,5.7362296418517,"estimated","region_expanded__top3_legacy"
"07",7,47.5376933564029,"estimated","region_expanded__top3_legacy"
"08",27,5.98007632060357,"estimated","region_expanded__top3_legacy"
"09",68,0.928003716545727,"estimated","region_expanded__top3_legacy"
"10",37,0.325359292163246,"estimated","region_expanded__top3_legacy"
"11",4,NA,"not_estimated","region_expanded__top3_legacy"
"12",13,3.02191703702744,"estimated","region_expanded__top3_legacy"
"13",8,4.33973804355972,"estimated","region_expanded__top3_legacy"
"14",9,10.2963458575411,"estimated","region_expanded__top3_legacy"
"15",8,-2.06109355651956,"estimated","region_expanded__top3_legacy"
"16",4,NA,"not_estimated","region_expanded__top3_legacy"
"17",7,-2.43102653701849,"estimated","region_expanded__top3_legacy"
"18",22,-4.6622464495924,"estimated","region_expanded__top3_legacy"
"19",18,16.3772233624224,"estimated","region_expanded__top3_legacy"
"20",18,-2.12504275651646,"estimated","region_expanded__top3_legacy"
"21",29,1.86857952276257,"estimated","region_expanded__top3_legacy"
"22",16,-1.65376451675721,"estimated","region_expanded__top3_legacy"
"23",44,-3.15625663702021,"estimated","region_expanded__top3_legacy"
"24",25,2.86835792113818,"estimated","region_expanded__top3_legacy"
"25",2,NA,"not_estimated","region_expanded__top3_legacy"
"26",1,NA,"not_estimated","region_expanded__top3_legacy"
"27",33,-3.27934218422109,"estimated","region_expanded__top3_legacy"
"28",23,-0.367539292708976,"estimated","region_expanded__top3_legacy"
"29",27,14.3187022442128,"estimated","region_expanded__top3_legacy"
"30",2,NA,"not_estimated","region_expanded__top3_legacy"
"31",1,NA,"not_estimated","region_expanded__top3_legacy"
"32",14,8.23142142106916,"estimated","region_expanded__top3_legacy"
"33",29,16.275765820205,"estimated","region_expanded__top3_legacy"
"34",4,NA,"not_estimated","region_expanded__top3_legacy"
"35",2,NA,"not_estimated","region_expanded__top3_legacy"
"01",11,4.00382058886406,"estimated","region_expanded__nonzero_mean_hindi_urdu"
"02",12,-5.59499686913582,"estimated","region_expanded__nonzero_mean_hindi_urdu"
"03",16,-4.54722538914415,"estimated","region_expanded__nonzero_mean_hindi_urdu"
"04",1,NA,"not_estimated","region_expanded__nonzero_mean_hindi_urdu"
"05",12,-0.643478157650028,"estimated","region_expanded__nonzero_mean_hindi_urdu"
"06",19,3.62019996318076,"estimated","region_expanded__nonzero_mean_hindi_urdu"
"07",7,7.2395553731332,"estimated","region_expanded__nonzero_mean_hindi_urdu"
"08",27,14.3790757121602,"estimated","region_expanded__nonzero_mean_hindi_urdu"
"09",68,0.660918701635325,"estimated","region_expanded__nonzero_mean_hindi_urdu"
"10",37,0.791932606388861,"estimated","region_expanded__nonzero_mean_hindi_urdu"
"11",4,NA,"not_estimated","region_expanded__nonzero_mean_hindi_urdu"
"12",13,1.61336598038742,"estimated","region_expanded__nonzero_mean_hindi_urdu"
"13",8,7.81251285136626,"estimated","region_expanded__nonzero_mean_hindi_urdu"
"14",9,41.9562528868467,"estimated","region_expanded__nonzero_mean_hindi_urdu"
"15",8,-3.90158427960188,"estimated","region_expanded__nonzero_mean_hindi_urdu"
"16",4,NA,"not_estimated","region_expanded__nonzero_mean_hindi_urdu"
"17",7,-2.33482538775029,"estimated","region_expanded__nonzero_mean_hindi_urdu"
"18",22,-0.0356469436524303,"estimated","region_expanded__nonzero_mean_hindi_urdu"
"19",18,7.45240220778938,"estimated","region_expanded__nonzero_mean_hindi_urdu"
"20",18,7.80099742018306,"estimated","region_expanded__nonzero_mean_hindi_urdu"
"21",29,-0.829916899467822,"estimated","region_expanded__nonzero_mean_hindi_urdu"
"22",16,-1.70875467091812,"estimated","region_expanded__nonzero_mean_hindi_urdu"
"23",44,1.09964003894385,"estimated","region_expanded__nonzero_mean_hindi_urdu"
"24",25,0.688918140138014,"estimated","region_expanded__nonzero_mean_hindi_urdu"
"25",2,NA,"not_estimated","region_expanded__nonzero_mean_hindi_urdu"
"26",1,NA,"not_estimated","region_expanded__nonzero_mean_hindi_urdu"
"27",33,3.23092773363841,"estimated","region_expanded__nonzero_mean_hindi_urdu"
"28",23,2.8473318555216,"estimated","region_expanded__nonzero_mean_hindi_urdu"
"29",27,4.80818171015236,"estimated","region_expanded__nonzero_mean_hindi_urdu"
"30",2,NA,"not_estimated","region_expanded__nonzero_mean_hindi_urdu"
"31",1,NA,"not_estimated","region_expanded__nonzero_mean_hindi_urdu"
"32",14,-8.82296300914823,"estimated","region_expanded__nonzero_mean_hindi_urdu"
"33",29,18.6258917589171,"estimated","region_expanded__nonzero_mean_hindi_urdu"
"34",4,NA,"not_estimated","region_expanded__nonzero_mean_hindi_urdu"
"35",2,NA,"not_estimated","region_expanded__nonzero_mean_hindi_urdu"
"01",11,3.87608656572955,"estimated","region_expanded__nonzero_mean_shastry"
"02",12,-5.810030307165,"estimated","region_expanded__nonzero_mean_shastry"
"03",16,-5.33321170444894,"estimated","region_expanded__nonzero_mean_shastry"
"04",1,NA,"not_estimated","region_expanded__nonzero_mean_shastry"
"05",12,-0.596392418602643,"estimated","region_expanded__nonzero_mean_shastry"
"06",19,3.77778342315244,"estimated","region_expanded__nonzero_mean_shastry"
"07",7,7.17103734114582,"estimated","region_expanded__nonzero_mean_shastry"
"08",27,14.2237247104113,"estimated","region_expanded__nonzero_mean_shastry"
"09",68,0.61608808419345,"estimated","region_expanded__nonzero_mean_shastry"
"10",37,0.738058165921395,"estimated","region_expanded__nonzero_mean_shastry"
"11",4,NA,"not_estimated","region_expanded__nonzero_mean_shastry"
"12",13,1.43322424345799,"estimated","region_expanded__nonzero_mean_shastry"
"13",8,8.39554523668209,"estimated","region_expanded__nonzero_mean_shastry"
"14",9,40.5939180043853,"estimated","region_expanded__nonzero_mean_shastry"
"15",8,-3.1166114225426,"estimated","region_expanded__nonzero_mean_shastry"
"16",4,NA,"not_estimated","region_expanded__nonzero_mean_shastry"
"17",7,-3.4004640374709,"estimated","region_expanded__nonzero_mean_shastry"
"18",22,0.00373389919346049,"estimated","region_expanded__nonzero_mean_shastry"
"19",18,7.25411142918944,"estimated","region_expanded__nonzero_mean_shastry"
"20",18,7.8295792972388,"estimated","region_expanded__nonzero_mean_shastry"
"21",29,-0.891147180976957,"estimated","region_expanded__nonzero_mean_shastry"
"22",16,-1.70756267296031,"estimated","region_expanded__nonzero_mean_shastry"
"23",44,1.02738934862615,"estimated","region_expanded__nonzero_mean_shastry"
"24",25,0.722843797397344,"estimated","region_expanded__nonzero_mean_shastry"
"25",2,NA,"not_estimated","region_expanded__nonzero_mean_shastry"
"26",1,NA,"not_estimated","region_expanded__nonzero_mean_shastry"
"27",33,2.21217804785537,"estimated","region_expanded__nonzero_mean_shastry"
"28",23,2.7731541333323,"estimated","region_expanded__nonzero_mean_shastry"
"29",27,4.63348616392163,"estimated","region_expanded__nonzero_mean_shastry"
"30",2,NA,"not_estimated","region_expanded__nonzero_mean_shastry"
"31",1,NA,"not_estimated","region_expanded__nonzero_mean_shastry"
"32",14,-8.13209559128806,"estimated","region_expanded__nonzero_mean_shastry"
"33",29,18.1767881433015,"estimated","region_expanded__nonzero_mean_shastry"
"34",4,NA,"not_estimated","region_expanded__nonzero_mean_shastry"
"35",2,NA,"not_estimated","region_expanded__nonzero_mean_shastry"
"01",11,3.79291307470466,"estimated","region_expanded__nonzero_mean_sensitivity_low"
"02",12,-5.90182239390441,"estimated","region_expanded__nonzero_mean_sensitivity_low"
"03",16,-5.7696650038336,"estimated","region_expanded__nonzero_mean_sensitivity_low"
"04",1,NA,"not_estimated","region_expanded__nonzero_mean_sensitivity_low"
"05",12,-0.458631501248305,"estimated","region_expanded__nonzero_mean_sensitivity_low"
"06",19,3.9064080762398,"estimated","region_expanded__nonzero_mean_sensitivity_low"
"07",7,7.46003673203139,"estimated","region_expanded__nonzero_mean_sensitivity_low"
"08",27,14.8646052613868,"estimated","region_expanded__nonzero_mean_sensitivity_low"
"09",68,0.617684095501372,"estimated","region_expanded__nonzero_mean_sensitivity_low"
"10",37,0.765561160932163,"estimated","region_expanded__nonzero_mean_sensitivity_low"
"11",4,NA,"not_estimated","region_expanded__nonzero_mean_sensitivity_low"
"12",13,1.28603361892647,"estimated","region_expanded__nonzero_mean_sensitivity_low"
"13",8,8.5451187243982,"estimated","region_expanded__nonzero_mean_sensitivity_low"
"14",9,44.1279574646202,"estimated","region_expanded__nonzero_mean_sensitivity_low"
"15",8,-2.46033249451983,"estimated","region_expanded__nonzero_mean_sensitivity_low"
"16",4,NA,"not_estimated","region_expanded__nonzero_mean_sensitivity_low"
"17",7,-3.66943994260676,"estimated","region_expanded__nonzero_mean_sensitivity_low"
"18",22,-0.271443408427163,"estimated","region_expanded__nonzero_mean_sensitivity_low"
"19",18,7.46781616851837,"estimated","region_expanded__nonzero_mean_sensitivity_low"
"20",18,6.72454492675504,"estimated","region_expanded__nonzero_mean_sensitivity_low"
"21",29,-1.06124174631546,"estimated","region_expanded__nonzero_mean_sensitivity_low"
"22",16,-0.355846414174243,"estimated","region_expanded__nonzero_mean_sensitivity_low"
"23",44,1.07814849340206,"estimated","region_expanded__nonzero_mean_sensitivity_low"
"24",25,1.28746204300565,"estimated","region_expanded__nonzero_mean_sensitivity_low"
"25",2,NA,"not_estimated","region_expanded__nonzero_mean_sensitivity_low"
"26",1,NA,"not_estimated","region_expanded__nonzero_mean_sensitivity_low"
"27",33,2.34250782181249,"estimated","region_expanded__nonzero_mean_sensitivity_low"
"28",23,2.63417717525641,"estimated","region_expanded__nonzero_mean_sensitivity_low"
"29",27,4.73843204617167,"estimated","region_expanded__nonzero_mean_sensitivity_low"
"30",2,NA,"not_estimated","region_expanded__nonzero_mean_sensitivity_low"
"31",1,NA,"not_estimated","region_expanded__nonzero_mean_sensitivity_low"
"32",14,-7.86342609566907,"estimated","region_expanded__nonzero_mean_sensitivity_low"
"33",29,18.2430209399746,"estimated","region_expanded__nonzero_mean_sensitivity_low"
"34",4,NA,"not_estimated","region_expanded__nonzero_mean_sensitivity_low"
"35",2,NA,"not_estimated","region_expanded__nonzero_mean_sensitivity_low"
"01",11,-10.9778612066241,"estimated","region_expanded__nonzero_mean_sensitivity_high"
"02",12,2.50710721496907,"estimated","region_expanded__nonzero_mean_sensitivity_high"
"03",16,-4.78920313487229,"estimated","region_expanded__nonzero_mean_sensitivity_high"
"04",1,NA,"not_estimated","region_expanded__nonzero_mean_sensitivity_high"
"05",12,3.31185089125071,"estimated","region_expanded__nonzero_mean_sensitivity_high"
"06",19,3.11988085833815,"estimated","region_expanded__nonzero_mean_sensitivity_high"
"07",7,6.7266941828768,"estimated","region_expanded__nonzero_mean_sensitivity_high"
"08",27,7.5343183230135,"estimated","region_expanded__nonzero_mean_sensitivity_high"
"09",68,-0.31105116284485,"estimated","region_expanded__nonzero_mean_sensitivity_high"
"10",37,0.145908358010809,"estimated","region_expanded__nonzero_mean_sensitivity_high"
"11",4,NA,"not_estimated","region_expanded__nonzero_mean_sensitivity_high"
"12",13,2.05223379915797,"estimated","region_expanded__nonzero_mean_sensitivity_high"
"13",8,6.45404472172802,"estimated","region_expanded__nonzero_mean_sensitivity_high"
"14",9,6.50649866198411,"estimated","region_expanded__nonzero_mean_sensitivity_high"
"15",8,0.0604245540797019,"estimated","region_expanded__nonzero_mean_sensitivity_high"
"16",4,NA,"not_estimated","region_expanded__nonzero_mean_sensitivity_high"
"17",7,-6.58945064503021,"estimated","region_expanded__nonzero_mean_sensitivity_high"
"18",22,1.66473492073984,"estimated","region_expanded__nonzero_mean_sensitivity_high"
"19",18,8.82358866172632,"estimated","region_expanded__nonzero_mean_sensitivity_high"
"20",18,2.8994430275825,"estimated","region_expanded__nonzero_mean_sensitivity_high"
"21",29,0.69208394383198,"estimated","region_expanded__nonzero_mean_sensitivity_high"
"22",16,-2.29268633661711,"estimated","region_expanded__nonzero_mean_sensitivity_high"
"23",44,0.544229387050828,"estimated","region_expanded__nonzero_mean_sensitivity_high"
"24",25,0.490022082654862,"estimated","region_expanded__nonzero_mean_sensitivity_high"
"25",2,NA,"not_estimated","region_expanded__nonzero_mean_sensitivity_high"
"26",1,NA,"not_estimated","region_expanded__nonzero_mean_sensitivity_high"
"27",33,2.24637698567749,"estimated","region_expanded__nonzero_mean_sensitivity_high"
"28",23,1.10801107318539,"estimated","region_expanded__nonzero_mean_sensitivity_high"
"29",27,12.1371186559073,"estimated","region_expanded__nonzero_mean_sensitivity_high"
"30",2,NA,"not_estimated","region_expanded__nonzero_mean_sensitivity_high"
"31",1,NA,"not_estimated","region_expanded__nonzero_mean_sensitivity_high"
"32",14,-7.5234966909784,"estimated","region_expanded__nonzero_mean_sensitivity_high"
"33",29,19.5679742138469,"estimated","region_expanded__nonzero_mean_sensitivity_high"
"34",4,NA,"not_estimated","region_expanded__nonzero_mean_sensitivity_high"
"35",2,NA,"not_estimated","region_expanded__nonzero_mean_sensitivity_high"
"01",11,3.82198721667119,"estimated","region_expanded__nonzero_mean_hindi_urdu_separate"
"02",12,-5.14612899905101,"estimated","region_expanded__nonzero_mean_hindi_urdu_separate"
"03",16,-2.80133127096174,"estimated","region_expanded__nonzero_mean_hindi_urdu_separate"
"04",1,NA,"not_estimated","region_expanded__nonzero_mean_hindi_urdu_separate"
"05",12,-1.11668625295735,"estimated","region_expanded__nonzero_mean_hindi_urdu_separate"
"06",19,3.33783009264444,"estimated","region_expanded__nonzero_mean_hindi_urdu_separate"
"07",7,5.00715149742396,"estimated","region_expanded__nonzero_mean_hindi_urdu_separate"
"08",27,13.2749704754869,"estimated","region_expanded__nonzero_mean_hindi_urdu_separate"
"09",68,-1.03987947098023,"estimated","region_expanded__nonzero_mean_hindi_urdu_separate"
"10",37,1.88826687798894,"estimated","region_expanded__nonzero_mean_hindi_urdu_separate"
"11",4,NA,"not_estimated","region_expanded__nonzero_mean_hindi_urdu_separate"
"12",13,1.47749087887442,"estimated","region_expanded__nonzero_mean_hindi_urdu_separate"
"13",8,8.16237699300216,"estimated","region_expanded__nonzero_mean_hindi_urdu_separate"
"14",9,51.4894165002489,"estimated","region_expanded__nonzero_mean_hindi_urdu_separate"
"15",8,-4.5006404046172,"estimated","region_expanded__nonzero_mean_hindi_urdu_separate"
"16",4,NA,"not_estimated","region_expanded__nonzero_mean_hindi_urdu_separate"
"17",7,-3.38375416733615,"estimated","region_expanded__nonzero_mean_hindi_urdu_separate"
"18",22,1.12016038538813,"estimated","region_expanded__nonzero_mean_hindi_urdu_separate"
"19",18,5.76643170798181,"estimated","region_expanded__nonzero_mean_hindi_urdu_separate"
"20",18,6.85786885183691,"estimated","region_expanded__nonzero_mean_hindi_urdu_separate"
"21",29,0.0209043595365214,"estimated","region_expanded__nonzero_mean_hindi_urdu_separate"
"22",16,-1.95815212134445,"estimated","region_expanded__nonzero_mean_hindi_urdu_separate"
"23",44,1.01221813408459,"estimated","region_expanded__nonzero_mean_hindi_urdu_separate"
"24",25,0.368947292582868,"estimated","region_expanded__nonzero_mean_hindi_urdu_separate"
"25",2,NA,"not_estimated","region_expanded__nonzero_mean_hindi_urdu_separate"
"26",1,NA,"not_estimated","region_expanded__nonzero_mean_hindi_urdu_separate"
"27",33,3.53282299387358,"estimated","region_expanded__nonzero_mean_hindi_urdu_separate"
"28",23,6.26358612376333,"estimated","region_expanded__nonzero_mean_hindi_urdu_separate"
"29",27,3.05834606755267,"estimated","region_expanded__nonzero_mean_hindi_urdu_separate"
"30",2,NA,"not_estimated","region_expanded__nonzero_mean_hindi_urdu_separate"
"31",1,NA,"not_estimated","region_expanded__nonzero_mean_hindi_urdu_separate"
"32",14,-9.13380713782441,"estimated","region_expanded__nonzero_mean_hindi_urdu_separate"
"33",29,17.7774000541718,"estimated","region_expanded__nonzero_mean_hindi_urdu_separate"
"34",4,NA,"not_estimated","region_expanded__nonzero_mean_hindi_urdu_separate"
"35",2,NA,"not_estimated","region_expanded__nonzero_mean_hindi_urdu_separate"
"01",11,1.67656387929399,"estimated","region_expanded__glottolog_mean"
"02",12,-1.05438496134751,"estimated","region_expanded__glottolog_mean"
"03",16,-1.26550760402766,"estimated","region_expanded__glottolog_mean"
"04",1,NA,"not_estimated","region_expanded__glottolog_mean"
"05",12,3.0038019279504,"estimated","region_expanded__glottolog_mean"
"06",19,0.180792736684717,"estimated","region_expanded__glottolog_mean"
"07",7,12.5621833876601,"estimated","region_expanded__glottolog_mean"
"08",27,0.689744025834649,"estimated","region_expanded__glottolog_mean"
"09",68,-1.34422065177564,"estimated","region_expanded__glottolog_mean"
"10",37,-0.224374136981858,"estimated","region_expanded__glottolog_mean"
"11",4,NA,"not_estimated","region_expanded__glottolog_mean"
"12",13,0.419655146493996,"estimated","region_expanded__glottolog_mean"
"13",8,1.50823317825249,"estimated","region_expanded__glottolog_mean"
"14",9,-1.40528513487697,"estimated","region_expanded__glottolog_mean"
"15",8,-3.61947982350593,"estimated","region_expanded__glottolog_mean"
"16",4,NA,"not_estimated","region_expanded__glottolog_mean"
"17",7,-0.287448735797925,"estimated","region_expanded__glottolog_mean"
"18",22,-1.60820416418104,"estimated","region_expanded__glottolog_mean"
"19",18,2.4002934139716,"estimated","region_expanded__glottolog_mean"
"20",18,-0.455013822179245,"estimated","region_expanded__glottolog_mean"
"21",29,0.254242215474031,"estimated","region_expanded__glottolog_mean"
"22",16,-0.95222460685221,"estimated","region_expanded__glottolog_mean"
"23",44,-0.792001872082249,"estimated","region_expanded__glottolog_mean"
"24",25,2.22076662626905,"estimated","region_expanded__glottolog_mean"
"25",2,NA,"not_estimated","region_expanded__glottolog_mean"
"26",1,NA,"not_estimated","region_expanded__glottolog_mean"
"27",33,-0.461879921545238,"estimated","region_expanded__glottolog_mean"
"28",23,-1.9349368760081,"estimated","region_expanded__glottolog_mean"
"29",27,-0.946283055146795,"estimated","region_expanded__glottolog_mean"
"30",2,NA,"not_estimated","region_expanded__glottolog_mean"
"31",1,NA,"not_estimated","region_expanded__glottolog_mean"
"32",14,5.48625190601833,"estimated","region_expanded__glottolog_mean"
"33",29,-2.47400144461806,"estimated","region_expanded__glottolog_mean"
"34",4,NA,"not_estimated","region_expanded__glottolog_mean"
"35",2,NA,"not_estimated","region_expanded__glottolog_mean"
"01",11,1.60875738756672,"estimated","region_expanded__glottolog_mean_shastry"
"02",12,-0.800036005378371,"estimated","region_expanded__glottolog_mean_shastry"
"03",16,-0.934862961015186,"estimated","region_expanded__glottolog_mean_shastry"
"04",1,NA,"not_estimated","region_expanded__glottolog_mean_shastry"
"05",12,3.83543780131347,"estimated","region_expanded__glottolog_mean_shastry"
"06",19,0.39519504324899,"estimated","region_expanded__glottolog_mean_shastry"
"07",7,12.4559974587966,"estimated","region_expanded__glottolog_mean_shastry"
"08",27,0.470053573583287,"estimated","region_expanded__glottolog_mean_shastry"
"09",68,-1.26666514968694,"estimated","region_expanded__glottolog_mean_shastry"
"10",37,-0.216951998756746,"estimated","region_expanded__glottolog_mean_shastry"
"11",4,NA,"not_estimated","region_expanded__glottolog_mean_shastry"
"12",13,0.51837131843359,"estimated","region_expanded__glottolog_mean_shastry"
"13",8,1.43383205746233,"estimated","region_expanded__glottolog_mean_shastry"
"14",9,-1.08749996535819,"estimated","region_expanded__glottolog_mean_shastry"
"15",8,-2.81885779576588,"estimated","region_expanded__glottolog_mean_shastry"
"16",4,NA,"not_estimated","region_expanded__glottolog_mean_shastry"
"17",7,-0.452845654502832,"estimated","region_expanded__glottolog_mean_shastry"
"18",22,-1.68857014898454,"estimated","region_expanded__glottolog_mean_shastry"
"19",18,2.45712237766082,"estimated","region_expanded__glottolog_mean_shastry"
"20",18,-0.500176440844093,"estimated","region_expanded__glottolog_mean_shastry"
"21",29,0.214726094230558,"estimated","region_expanded__glottolog_mean_shastry"
"22",16,-0.923369792142738,"estimated","region_expanded__glottolog_mean_shastry"
"23",44,-0.85754539463807,"estimated","region_expanded__glottolog_mean_shastry"
"24",25,2.20389485103363,"estimated","region_expanded__glottolog_mean_shastry"
"25",2,NA,"not_estimated","region_expanded__glottolog_mean_shastry"
"26",1,NA,"not_estimated","region_expanded__glottolog_mean_shastry"
"27",33,-0.183101826575403,"estimated","region_expanded__glottolog_mean_shastry"
"28",23,-1.91650468488484,"estimated","region_expanded__glottolog_mean_shastry"
"29",27,-0.788089641464752,"estimated","region_expanded__glottolog_mean_shastry"
"30",2,NA,"not_estimated","region_expanded__glottolog_mean_shastry"
"31",1,NA,"not_estimated","region_expanded__glottolog_mean_shastry"
"32",14,5.33010943379872,"estimated","region_expanded__glottolog_mean_shastry"
"33",29,-2.210481338206,"estimated","region_expanded__glottolog_mean_shastry"
"34",4,NA,"not_estimated","region_expanded__glottolog_mean_shastry"
"35",2,NA,"not_estimated","region_expanded__glottolog_mean_shastry"
"01",11,-0.0597721278707488,"estimated","region_expanded__dyen_noncognate"
"02",12,-0.0250539058635782,"estimated","region_expanded__dyen_noncognate"
"03",16,0.23945655375116,"estimated","region_expanded__dyen_noncognate"
"04",1,NA,"not_estimated","region_expanded__dyen_noncognate"
"05",12,0.506841969043225,"estimated","region_expanded__dyen_noncognate"
"06",19,-0.367150952366457,"estimated","region_expanded__dyen_noncognate"
"07",7,0.501767216394884,"estimated","region_expanded__dyen_noncognate"
"08",27,0.198804646896653,"estimated","region_expanded__dyen_noncognate"
"09",68,0.0235904395651863,"estimated","region_expanded__dyen_noncognate"
"10",37,-0.0424838712393214,"estimated","region_expanded__dyen_noncognate"
"11",4,NA,"not_estimated","region_expanded__dyen_noncognate"
"12",13,0.0573876337214336,"estimated","region_expanded__dyen_noncognate"
"13",8,0.156663140044238,"estimated","region_expanded__dyen_noncognate"
"14",9,-0.00644645838457623,"estimated","region_expanded__dyen_noncognate"
"15",8,-0.242141782848899,"estimated","region_expanded__dyen_noncognate"
"16",4,NA,"not_estimated","region_expanded__dyen_noncognate"
"17",7,-0.390190272303969,"estimated","region_expanded__dyen_noncognate"
"18",22,-0.109197640735653,"estimated","region_expanded__dyen_noncognate"
"19",18,0.307003489529338,"estimated","region_expanded__dyen_noncognate"
"20",18,0.243678942381857,"estimated","region_expanded__dyen_noncognate"
"21",29,0.0926859692914068,"estimated","region_expanded__dyen_noncognate"
"22",16,-0.0457936128199628,"estimated","region_expanded__dyen_noncognate"
"23",44,-0.118589993828394,"estimated","region_expanded__dyen_noncognate"
"24",25,0.231040080704457,"estimated","region_expanded__dyen_noncognate"
"25",2,NA,"not_estimated","region_expanded__dyen_noncognate"
"26",1,NA,"not_estimated","region_expanded__dyen_noncognate"
"27",33,0.20545147565737,"estimated","region_expanded__dyen_noncognate"
"28",23,0.222063282166615,"estimated","region_expanded__dyen_noncognate"
"29",27,0.567129438766934,"estimated","region_expanded__dyen_noncognate"
"30",2,NA,"not_estimated","region_expanded__dyen_noncognate"
"31",1,NA,"not_estimated","region_expanded__dyen_noncognate"
"32",14,-0.460895654244981,"estimated","region_expanded__dyen_noncognate"
"33",29,0.658979396995042,"estimated","region_expanded__dyen_noncognate"
"34",4,NA,"not_estimated","region_expanded__dyen_noncognate"
"35",2,NA,"not_estimated","region_expanded__dyen_noncognate"
"01",11,-0.122549449893831,"estimated","region_expanded__dyen_noncognate_shastry"
"02",12,-0.0486389299083982,"estimated","region_expanded__dyen_noncognate_shastry"
"03",16,0.208567373154244,"estimated","region_expanded__dyen_noncognate_shastry"
"04",1,NA,"not_estimated","region_expanded__dyen_noncognate_shastry"
"05",12,0.553769556648154,"estimated","region_expanded__dyen_noncognate_shastry"
"06",19,-0.31643197497027,"estimated","region_expanded__dyen_noncognate_shastry"
"07",7,0.449544340446036,"estimated","region_expanded__dyen_noncognate_shastry"
"08",27,0.197328781670424,"estimated","region_expanded__dyen_noncognate_shastry"
"09",68,0.00033711428519382,"estimated","region_expanded__dyen_noncognate_shastry"
"10",37,-0.036246688268336,"estimated","region_expanded__dyen_noncognate_shastry"
"11",4,NA,"not_estimated","region_expanded__dyen_noncognate_shastry"
"12",13,0.0396960367583585,"estimated","region_expanded__dyen_noncognate_shastry"
"13",8,0.184811529001591,"estimated","region_expanded__dyen_noncognate_shastry"
"14",9,-0.0147215845201012,"estimated","region_expanded__dyen_noncognate_shastry"
"15",8,-0.245254104525962,"estimated","region_expanded__dyen_noncognate_shastry"
"16",4,NA,"not_estimated","region_expanded__dyen_noncognate_shastry"
"17",7,-0.504729058038282,"estimated","region_expanded__dyen_noncognate_shastry"
"18",22,-0.0946250478635648,"estimated","region_expanded__dyen_noncognate_shastry"
"19",18,0.248668969673251,"estimated","region_expanded__dyen_noncognate_shastry"
"20",18,0.247383534356988,"estimated","region_expanded__dyen_noncognate_shastry"
"21",29,0.0914059262660661,"estimated","region_expanded__dyen_noncognate_shastry"
"22",16,-0.0508810111462716,"estimated","region_expanded__dyen_noncognate_shastry"
"23",44,-0.112298064923715,"estimated","region_expanded__dyen_noncognate_shastry"
"24",25,0.230561379217332,"estimated","region_expanded__dyen_noncognate_shastry"
"25",2,NA,"not_estimated","region_expanded__dyen_noncognate_shastry"
"26",1,NA,"not_estimated","region_expanded__dyen_noncognate_shastry"
"27",33,0.0767058499409946,"estimated","region_expanded__dyen_noncognate_shastry"
"28",23,0.203627247343812,"estimated","region_expanded__dyen_noncognate_shastry"
"29",27,0.520148901488879,"estimated","region_expanded__dyen_noncognate_shastry"
"30",2,NA,"not_estimated","region_expanded__dyen_noncognate_shastry"
"31",1,NA,"not_estimated","region_expanded__dyen_noncognate_shastry"
"32",14,-0.455516568086489,"estimated","region_expanded__dyen_noncognate_shastry"
"33",29,0.597382593027005,"estimated","region_expanded__dyen_noncognate_shastry"
"34",4,NA,"not_estimated","region_expanded__dyen_noncognate_shastry"
"35",2,NA,"not_estimated","region_expanded__dyen_noncognate_shastry"
"01",11,7.70503917523415,"estimated","state_main__nonzero_mean"
"02",12,-2.87352731721809,"estimated","state_main__nonzero_mean"
"03",16,-3.05487494551051,"estimated","state_main__nonzero_mean"
"04",1,NA,"not_estimated","state_main__nonzero_mean"
"05",12,-0.739622836924173,"estimated","state_main__nonzero_mean"
"06",19,1.63933879694431,"estimated","state_main__nonzero_mean"
"07",7,7.30959491472671,"estimated","state_main__nonzero_mean"
"08",27,5.19936015768525,"estimated","state_main__nonzero_mean"
"09",68,0.0413093247046719,"estimated","state_main__nonzero_mean"
"10",37,1.9166641334649,"estimated","state_main__nonzero_mean"
"11",4,NA,"not_estimated","state_main__nonzero_mean"
"12",13,4.88962359067195,"estimated","state_main__nonzero_mean"
"13",8,4.71453571003873,"estimated","state_main__nonzero_mean"
"14",9,3.38491373493269,"estimated","state_main__nonzero_mean"
"15",8,-9.83108373902109,"estimated","state_main__nonzero_mean"
"16",4,NA,"not_estimated","state_main__nonzero_mean"
"17",7,2.83321372928096,"estimated","state_main__nonzero_mean"
"18",22,6.50017696868089,"estimated","state_main__nonzero_mean"
"19",18,-6.09560775602282,"estimated","state_main__nonzero_mean"
"20",18,-2.0970266769491,"estimated","state_main__nonzero_mean"
"21",29,0.871821534646325,"estimated","state_main__nonzero_mean"
"22",16,2.73823363912576,"estimated","state_main__nonzero_mean"
"23",44,-0.857595943267484,"estimated","state_main__nonzero_mean"
"24",25,1.34027794962609,"estimated","state_main__nonzero_mean"
"25",2,NA,"not_estimated","state_main__nonzero_mean"
"26",1,NA,"not_estimated","state_main__nonzero_mean"
"27",33,2.2476137252462,"estimated","state_main__nonzero_mean"
"28",23,-0.108771062172648,"estimated","state_main__nonzero_mean"
"29",27,8.18902715839831,"estimated","state_main__nonzero_mean"
"30",2,NA,"not_estimated","state_main__nonzero_mean"
"31",1,NA,"not_estimated","state_main__nonzero_mean"
"32",14,-8.0694421782622,"estimated","state_main__nonzero_mean"
"33",29,18.3096364749913,"estimated","state_main__nonzero_mean"
"34",4,NA,"not_estimated","state_main__nonzero_mean"
"35",2,NA,"not_estimated","state_main__nonzero_mean"
"01",11,0.271716934531546,"estimated","state_main__distant_share"
"02",12,-0.143883574761609,"estimated","state_main__distant_share"
"03",16,0.803440360111466,"estimated","state_main__distant_share"
"04",1,NA,"not_estimated","state_main__distant_share"
"05",12,-0.058460309337724,"estimated","state_main__distant_share"
"06",19,-0.194596478730878,"estimated","state_main__distant_share"
"07",7,1.19338893014642,"estimated","state_main__distant_share"
"08",27,0.114299368211991,"estimated","state_main__distant_share"
"09",68,0.0204814934025613,"estimated","state_main__distant_share"
"10",37,-0.0107906842059915,"estimated","state_main__distant_share"
"11",4,NA,"not_estimated","state_main__distant_share"
"12",13,0.176418807411165,"estimated","state_main__distant_share"
"13",8,0.00627302332543005,"estimated","state_main__distant_share"
"14",9,0.10648784292611,"estimated","state_main__distant_share"
"15",8,-0.361358078125178,"estimated","state_main__distant_share"
"16",4,NA,"not_estimated","state_main__distant_share"
"17",7,-0.137244880381505,"estimated","state_main__distant_share"
"18",22,-0.282032608816326,"estimated","state_main__distant_share"
"19",18,-0.0815391751818308,"estimated","state_main__distant_share"
"20",18,0.0118775896900512,"estimated","state_main__distant_share"
"21",29,0.135775337892652,"estimated","state_main__distant_share"
"22",16,0.0047825887216293,"estimated","state_main__distant_share"
"23",44,-0.0222248503918468,"estimated","state_main__distant_share"
"24",25,0.186069713887412,"estimated","state_main__distant_share"
"25",2,NA,"not_estimated","state_main__distant_share"
"26",1,NA,"not_estimated","state_main__distant_share"
"27",33,0.106855836943763,"estimated","state_main__distant_share"
"28",23,-0.300142687394094,"estimated","state_main__distant_share"
"29",27,0.296354517837871,"estimated","state_main__distant_share"
"30",2,NA,"not_estimated","state_main__distant_share"
"31",1,NA,"not_estimated","state_main__distant_share"
"32",14,1.07908070160049,"estimated","state_main__distant_share"
"33",29,0.697568795473534,"estimated","state_main__distant_share"
"34",4,NA,"not_estimated","state_main__distant_share"
"35",2,NA,"not_estimated","state_main__distant_share"
"01",11,7.6409251844733,"estimated","state_main__top3_legacy"
"02",12,-3.38764760957861,"estimated","state_main__top3_legacy"
"03",16,13.8365725368725,"estimated","state_main__top3_legacy"
"04",1,NA,"not_estimated","state_main__top3_legacy"
"05",12,-1.32334012356161,"estimated","state_main__top3_legacy"
"06",19,-0.767634990856555,"estimated","state_main__top3_legacy"
"07",7,10.8922524983848,"estimated","state_main__top3_legacy"
"08",27,5.39550144014172,"estimated","state_main__top3_legacy"
"09",68,0.274926504090794,"estimated","state_main__top3_legacy"
"10",37,-0.38048858812573,"estimated","state_main__top3_legacy"
"11",4,NA,"not_estimated","state_main__top3_legacy"
"12",13,4.24321152601489,"estimated","state_main__top3_legacy"
"13",8,3.11446214469987,"estimated","state_main__top3_legacy"
"14",9,1.05744670721129,"estimated","state_main__top3_legacy"
"15",8,-7.43467053192555,"estimated","state_main__top3_legacy"
"16",4,NA,"not_estimated","state_main__top3_legacy"
"17",7,-1.83867636484843,"estimated","state_main__top3_legacy"
"18",22,1.97136274247989,"estimated","state_main__top3_legacy"
"19",18,-0.879893464682767,"estimated","state_main__top3_legacy"
"20",18,-0.758028596388271,"estimated","state_main__top3_legacy"
"21",29,-1.28312365759151,"estimated","state_main__top3_legacy"
"22",16,0.246778588081489,"estimated","state_main__top3_legacy"
"23",44,1.46185815817953,"estimated","state_main__top3_legacy"
"24",25,-0.229280079722777,"estimated","state_main__top3_legacy"
"25",2,NA,"not_estimated","state_main__top3_legacy"
"26",1,NA,"not_estimated","state_main__top3_legacy"
"27",33,0.226493025444629,"estimated","state_main__top3_legacy"
"28",23,-6.91573943189849,"estimated","state_main__top3_legacy"
"29",27,12.5399321159018,"estimated","state_main__top3_legacy"
"30",2,NA,"not_estimated","state_main__top3_legacy"
"31",1,NA,"not_estimated","state_main__top3_legacy"
"32",14,6.41165572267362,"estimated","state_main__top3_legacy"
"33",29,13.3908414137253,"estimated","state_main__top3_legacy"
"34",4,NA,"not_estimated","state_main__top3_legacy"
"35",2,NA,"not_estimated","state_main__top3_legacy"
"01",11,7.52961729406457,"estimated","state_main__nonzero_mean_hindi_urdu"
"02",12,-2.94933280647772,"estimated","state_main__nonzero_mean_hindi_urdu"
"03",16,-1.79233317064921,"estimated","state_main__nonzero_mean_hindi_urdu"
"04",1,NA,"not_estimated","state_main__nonzero_mean_hindi_urdu"
"05",12,-1.27291505172358,"estimated","state_main__nonzero_mean_hindi_urdu"
"06",19,2.21118751926,"estimated","state_main__nonzero_mean_hindi_urdu"
"07",7,7.76429397649455,"estimated","state_main__nonzero_mean_hindi_urdu"
"08",27,7.53727236063274,"estimated","state_main__nonzero_mean_hindi_urdu"
"09",68,-0.0915553393371682,"estimated","state_main__nonzero_mean_hindi_urdu"
"10",37,1.95003645714584,"estimated","state_main__nonzero_mean_hindi_urdu"
"11",4,NA,"not_estimated","state_main__nonzero_mean_hindi_urdu"
"12",13,5.0705506897312,"estimated","state_main__nonzero_mean_hindi_urdu"
"13",8,4.75019228504332,"estimated","state_main__nonzero_mean_hindi_urdu"
"14",9,2.77010299852537,"estimated","state_main__nonzero_mean_hindi_urdu"
"15",8,-9.70235462757019,"estimated","state_main__nonzero_mean_hindi_urdu"
"16",4,NA,"not_estimated","state_main__nonzero_mean_hindi_urdu"
"17",7,2.76275784420666,"estimated","state_main__nonzero_mean_hindi_urdu"
"18",22,6.65517889337559,"estimated","state_main__nonzero_mean_hindi_urdu"
"19",18,-5.42605105319276,"estimated","state_main__nonzero_mean_hindi_urdu"
"20",18,-2.47859945382516,"estimated","state_main__nonzero_mean_hindi_urdu"
"21",29,0.911274885362887,"estimated","state_main__nonzero_mean_hindi_urdu"
"22",16,2.73639604701329,"estimated","state_main__nonzero_mean_hindi_urdu"
"23",44,-0.668933487058849,"estimated","state_main__nonzero_mean_hindi_urdu"
"24",25,1.1826385191662,"estimated","state_main__nonzero_mean_hindi_urdu"
"25",2,NA,"not_estimated","state_main__nonzero_mean_hindi_urdu"
"26",1,NA,"not_estimated","state_main__nonzero_mean_hindi_urdu"
"27",33,2.19736989647601,"estimated","state_main__nonzero_mean_hindi_urdu"
"28",23,-0.27196351113957,"estimated","state_main__nonzero_mean_hindi_urdu"
"29",27,8.64738321951446,"estimated","state_main__nonzero_mean_hindi_urdu"
"30",2,NA,"not_estimated","state_main__nonzero_mean_hindi_urdu"
"31",1,NA,"not_estimated","state_main__nonzero_mean_hindi_urdu"
"32",14,-9.33679953777615,"estimated","state_main__nonzero_mean_hindi_urdu"
"33",29,18.8688209945367,"estimated","state_main__nonzero_mean_hindi_urdu"
"34",4,NA,"not_estimated","state_main__nonzero_mean_hindi_urdu"
"35",2,NA,"not_estimated","state_main__nonzero_mean_hindi_urdu"
"01",11,7.38436661847518,"estimated","state_main__nonzero_mean_shastry"
"02",12,-3.07335058141475,"estimated","state_main__nonzero_mean_shastry"
"03",16,-4.1349999330942,"estimated","state_main__nonzero_mean_shastry"
"04",1,NA,"not_estimated","state_main__nonzero_mean_shastry"
"05",12,-1.33061891348167,"estimated","state_main__nonzero_mean_shastry"
"06",19,2.32598544648486,"estimated","state_main__nonzero_mean_shastry"
"07",7,7.88423418111914,"estimated","state_main__nonzero_mean_shastry"
"08",27,7.41120460743794,"estimated","state_main__nonzero_mean_shastry"
"09",68,-0.135612288873639,"estimated","state_main__nonzero_mean_shastry"
"10",37,1.89529130601029,"estimated","state_main__nonzero_mean_shastry"
"11",4,NA,"not_estimated","state_main__nonzero_mean_shastry"
"12",13,5.27535893815068,"estimated","state_main__nonzero_mean_shastry"
"13",8,5.0051581191746,"estimated","state_main__nonzero_mean_shastry"
"14",9,2.78984435284948,"estimated","state_main__nonzero_mean_shastry"
"15",8,-8.69219485542128,"estimated","state_main__nonzero_mean_shastry"
"16",4,NA,"not_estimated","state_main__nonzero_mean_shastry"
"17",7,2.52446417956613,"estimated","state_main__nonzero_mean_shastry"
"18",22,6.5335077234663,"estimated","state_main__nonzero_mean_shastry"
"19",18,-7.16771027918196,"estimated","state_main__nonzero_mean_shastry"
"20",18,-2.24615068050214,"estimated","state_main__nonzero_mean_shastry"
"21",29,0.829402590898432,"estimated","state_main__nonzero_mean_shastry"
"22",16,2.71609674144277,"estimated","state_main__nonzero_mean_shastry"
"23",44,-0.699984361827671,"estimated","state_main__nonzero_mean_shastry"
"24",25,0.684726751152742,"estimated","state_main__nonzero_mean_shastry"
"25",2,NA,"not_estimated","state_main__nonzero_mean_shastry"
"26",1,NA,"not_estimated","state_main__nonzero_mean_shastry"
"27",33,1.19094256470946,"estimated","state_main__nonzero_mean_shastry"
"28",23,-0.145471993370124,"estimated","state_main__nonzero_mean_shastry"
"29",27,8.03976751989685,"estimated","state_main__nonzero_mean_shastry"
"30",2,NA,"not_estimated","state_main__nonzero_mean_shastry"
"31",1,NA,"not_estimated","state_main__nonzero_mean_shastry"
"32",14,-9.46301277094458,"estimated","state_main__nonzero_mean_shastry"
"33",29,17.9363389559998,"estimated","state_main__nonzero_mean_shastry"
"34",4,NA,"not_estimated","state_main__nonzero_mean_shastry"
"35",2,NA,"not_estimated","state_main__nonzero_mean_shastry"
"01",11,7.31769424131965,"estimated","state_main__nonzero_mean_sensitivity_low"
"02",12,-3.0720107769431,"estimated","state_main__nonzero_mean_sensitivity_low"
"03",16,-5.23216583795982,"estimated","state_main__nonzero_mean_sensitivity_low"
"04",1,NA,"not_estimated","state_main__nonzero_mean_sensitivity_low"
"05",12,-1.1735517411542,"estimated","state_main__nonzero_mean_sensitivity_low"
"06",19,2.2063416988865,"estimated","state_main__nonzero_mean_sensitivity_low"
"07",7,7.96815909703562,"estimated","state_main__nonzero_mean_sensitivity_low"
"08",27,7.82198457466724,"estimated","state_main__nonzero_mean_sensitivity_low"
"09",68,-0.137127680116934,"estimated","state_main__nonzero_mean_sensitivity_low"
"10",37,1.88048752715209,"estimated","state_main__nonzero_mean_sensitivity_low"
"11",4,NA,"not_estimated","state_main__nonzero_mean_sensitivity_low"
"12",13,5.23338892853822,"estimated","state_main__nonzero_mean_sensitivity_low"
"13",8,5.10496887666392,"estimated","state_main__nonzero_mean_sensitivity_low"
"14",9,3.33862175852321,"estimated","state_main__nonzero_mean_sensitivity_low"
"15",8,-8.51817966077926,"estimated","state_main__nonzero_mean_sensitivity_low"
"16",4,NA,"not_estimated","state_main__nonzero_mean_sensitivity_low"
"17",7,2.42118732176403,"estimated","state_main__nonzero_mean_sensitivity_low"
"18",22,5.99542746379971,"estimated","state_main__nonzero_mean_sensitivity_low"
"19",18,-6.59492150945795,"estimated","state_main__nonzero_mean_sensitivity_low"
"20",18,-2.58677537392251,"estimated","state_main__nonzero_mean_sensitivity_low"
"21",29,0.969971392747993,"estimated","state_main__nonzero_mean_sensitivity_low"
"22",16,2.24488280807718,"estimated","state_main__nonzero_mean_sensitivity_low"
"23",44,-0.679791295425401,"estimated","state_main__nonzero_mean_sensitivity_low"
"24",25,-0.0967671164981019,"estimated","state_main__nonzero_mean_sensitivity_low"
"25",2,NA,"not_estimated","state_main__nonzero_mean_sensitivity_low"
"26",1,NA,"not_estimated","state_main__nonzero_mean_sensitivity_low"
"27",33,0.858388989067779,"estimated","state_main__nonzero_mean_sensitivity_low"
"28",23,-0.209667514166473,"estimated","state_main__nonzero_mean_sensitivity_low"
"29",27,7.9899969156154,"estimated","state_main__nonzero_mean_sensitivity_low"
"30",2,NA,"not_estimated","state_main__nonzero_mean_sensitivity_low"
"31",1,NA,"not_estimated","state_main__nonzero_mean_sensitivity_low"
"32",14,-10.0004791861937,"estimated","state_main__nonzero_mean_sensitivity_low"
"33",29,17.6982188124791,"estimated","state_main__nonzero_mean_sensitivity_low"
"34",4,NA,"not_estimated","state_main__nonzero_mean_sensitivity_low"
"35",2,NA,"not_estimated","state_main__nonzero_mean_sensitivity_low"
"01",11,1.54677929720664,"estimated","state_main__nonzero_mean_sensitivity_high"
"02",12,0.775572312540382,"estimated","state_main__nonzero_mean_sensitivity_high"
"03",16,17.6720494257611,"estimated","state_main__nonzero_mean_sensitivity_high"
"04",1,NA,"not_estimated","state_main__nonzero_mean_sensitivity_high"
"05",12,-5.5070759679683,"estimated","state_main__nonzero_mean_sensitivity_high"
"06",19,2.12403894238049,"estimated","state_main__nonzero_mean_sensitivity_high"
"07",7,9.01967572995604,"estimated","state_main__nonzero_mean_sensitivity_high"
"08",27,7.3449155528508,"estimated","state_main__nonzero_mean_sensitivity_high"
"09",68,0.0806893520104981,"estimated","state_main__nonzero_mean_sensitivity_high"
"10",37,0.4188494924874,"estimated","state_main__nonzero_mean_sensitivity_high"
"11",4,NA,"not_estimated","state_main__nonzero_mean_sensitivity_high"
"12",13,4.33353498837849,"estimated","state_main__nonzero_mean_sensitivity_high"
"13",8,3.3754975911788,"estimated","state_main__nonzero_mean_sensitivity_high"
"14",9,-5.63319665494637,"estimated","state_main__nonzero_mean_sensitivity_high"
"15",8,-13.204540811284,"estimated","state_main__nonzero_mean_sensitivity_high"
"16",4,NA,"not_estimated","state_main__nonzero_mean_sensitivity_high"
"17",7,-2.7225511245778,"estimated","state_main__nonzero_mean_sensitivity_high"
"18",22,7.24400474976076,"estimated","state_main__nonzero_mean_sensitivity_high"
"19",18,-3.78062390065251,"estimated","state_main__nonzero_mean_sensitivity_high"
"20",18,-2.52444980062158,"estimated","state_main__nonzero_mean_sensitivity_high"
"21",29,0.538707486846154,"estimated","state_main__nonzero_mean_sensitivity_high"
"22",16,0.380204901289993,"estimated","state_main__nonzero_mean_sensitivity_high"
"23",44,-0.216545712949626,"estimated","state_main__nonzero_mean_sensitivity_high"
"24",25,1.1765411914353,"estimated","state_main__nonzero_mean_sensitivity_high"
"25",2,NA,"not_estimated","state_main__nonzero_mean_sensitivity_high"
"26",1,NA,"not_estimated","state_main__nonzero_mean_sensitivity_high"
"27",33,1.14794954361402,"estimated","state_main__nonzero_mean_sensitivity_high"
"28",23,-5.85229770673152,"estimated","state_main__nonzero_mean_sensitivity_high"
"29",27,9.54466085191709,"estimated","state_main__nonzero_mean_sensitivity_high"
"30",2,NA,"not_estimated","state_main__nonzero_mean_sensitivity_high"
"31",1,NA,"not_estimated","state_main__nonzero_mean_sensitivity_high"
"32",14,14.9725886680198,"estimated","state_main__nonzero_mean_sensitivity_high"
"33",29,21.1511538280213,"estimated","state_main__nonzero_mean_sensitivity_high"
"34",4,NA,"not_estimated","state_main__nonzero_mean_sensitivity_high"
"35",2,NA,"not_estimated","state_main__nonzero_mean_sensitivity_high"
"01",11,10.7205685904747,"estimated","state_main__nonzero_mean_hindi_urdu_separate"
"02",12,-2.77994440847662,"estimated","state_main__nonzero_mean_hindi_urdu_separate"
"03",16,5.19717314467851,"estimated","state_main__nonzero_mean_hindi_urdu_separate"
"04",1,NA,"not_estimated","state_main__nonzero_mean_hindi_urdu_separate"
"05",12,-2.0975306805929,"estimated","state_main__nonzero_mean_hindi_urdu_separate"
"06",19,2.60744219523218,"estimated","state_main__nonzero_mean_hindi_urdu_separate"
"07",7,1.92384254319487,"estimated","state_main__nonzero_mean_hindi_urdu_separate"
"08",27,7.63972519151105,"estimated","state_main__nonzero_mean_hindi_urdu_separate"
"09",68,-0.205908514407912,"estimated","state_main__nonzero_mean_hindi_urdu_separate"
"10",37,2.14846386810907,"estimated","state_main__nonzero_mean_hindi_urdu_separate"
"11",4,NA,"not_estimated","state_main__nonzero_mean_hindi_urdu_separate"
"12",13,5.01301814321643,"estimated","state_main__nonzero_mean_hindi_urdu_separate"
"13",8,5.11675698051329,"estimated","state_main__nonzero_mean_hindi_urdu_separate"
"14",9,4.90414778508063,"estimated","state_main__nonzero_mean_hindi_urdu_separate"
"15",8,-11.5428919986153,"estimated","state_main__nonzero_mean_hindi_urdu_separate"
"16",4,NA,"not_estimated","state_main__nonzero_mean_hindi_urdu_separate"
"17",7,1.54291800908503,"estimated","state_main__nonzero_mean_hindi_urdu_separate"
"18",22,5.89080451816304,"estimated","state_main__nonzero_mean_hindi_urdu_separate"
"19",18,-1.35033996482679,"estimated","state_main__nonzero_mean_hindi_urdu_separate"
"20",18,-1.26871575148077,"estimated","state_main__nonzero_mean_hindi_urdu_separate"
"21",29,0.156988057300997,"estimated","state_main__nonzero_mean_hindi_urdu_separate"
"22",16,2.77119183189662,"estimated","state_main__nonzero_mean_hindi_urdu_separate"
"23",44,-0.708000548287689,"estimated","state_main__nonzero_mean_hindi_urdu_separate"
"24",25,0.464124917138791,"estimated","state_main__nonzero_mean_hindi_urdu_separate"
"25",2,NA,"not_estimated","state_main__nonzero_mean_hindi_urdu_separate"
"26",1,NA,"not_estimated","state_main__nonzero_mean_hindi_urdu_separate"
"27",33,1.20793122538707,"estimated","state_main__nonzero_mean_hindi_urdu_separate"
"28",23,5.29283633404238,"estimated","state_main__nonzero_mean_hindi_urdu_separate"
"29",27,7.18604422455736,"estimated","state_main__nonzero_mean_hindi_urdu_separate"
"30",2,NA,"not_estimated","state_main__nonzero_mean_hindi_urdu_separate"
"31",1,NA,"not_estimated","state_main__nonzero_mean_hindi_urdu_separate"
"32",14,12.39777369341,"estimated","state_main__nonzero_mean_hindi_urdu_separate"
"33",29,16.056706915172,"estimated","state_main__nonzero_mean_hindi_urdu_separate"
"34",4,NA,"not_estimated","state_main__nonzero_mean_hindi_urdu_separate"
"35",2,NA,"not_estimated","state_main__nonzero_mean_hindi_urdu_separate"
"01",11,-2.34002099005827,"estimated","state_main__glottolog_mean"
"02",12,-0.680701225011716,"estimated","state_main__glottolog_mean"
"03",16,13.0003470763357,"estimated","state_main__glottolog_mean"
"04",1,NA,"not_estimated","state_main__glottolog_mean"
"05",12,-2.26864230635077,"estimated","state_main__glottolog_mean"
"06",19,0.0320827340705822,"estimated","state_main__glottolog_mean"
"07",7,7.78715571429181,"estimated","state_main__glottolog_mean"
"08",27,0.0961994943124539,"estimated","state_main__glottolog_mean"
"09",68,-0.629613014685745,"estimated","state_main__glottolog_mean"
"10",37,0.172332393123649,"estimated","state_main__glottolog_mean"
"11",4,NA,"not_estimated","state_main__glottolog_mean"
"12",13,1.93837700768069,"estimated","state_main__glottolog_mean"
"13",8,0.214237934162298,"estimated","state_main__glottolog_mean"
"14",9,-3.33228523089631,"estimated","state_main__glottolog_mean"
"15",8,-3.00306539767906,"estimated","state_main__glottolog_mean"
"16",4,NA,"not_estimated","state_main__glottolog_mean"
"17",7,1.67324496472802,"estimated","state_main__glottolog_mean"
"18",22,0.151172619041499,"estimated","state_main__glottolog_mean"
"19",18,1.5873373423864,"estimated","state_main__glottolog_mean"
"20",18,-0.675111439487767,"estimated","state_main__glottolog_mean"
"21",29,0.0478320753556741,"estimated","state_main__glottolog_mean"
"22",16,0.0940555135222359,"estimated","state_main__glottolog_mean"
"23",44,-0.215936582405008,"estimated","state_main__glottolog_mean"
"24",25,-0.557762681073936,"estimated","state_main__glottolog_mean"
"25",2,NA,"not_estimated","state_main__glottolog_mean"
"26",1,NA,"not_estimated","state_main__glottolog_mean"
"27",33,-0.0128434264719549,"estimated","state_main__glottolog_mean"
"28",23,-4.03173146048713,"estimated","state_main__glottolog_mean"
"29",27,1.65042208034627,"estimated","state_main__glottolog_mean"
"30",2,NA,"not_estimated","state_main__glottolog_mean"
"31",1,NA,"not_estimated","state_main__glottolog_mean"
"32",14,12.7808363390715,"estimated","state_main__glottolog_mean"
"33",29,-1.0762092972978,"estimated","state_main__glottolog_mean"
"34",4,NA,"not_estimated","state_main__glottolog_mean"
"35",2,NA,"not_estimated","state_main__glottolog_mean"
"01",11,-2.63307764846158,"estimated","state_main__glottolog_mean_shastry"
"02",12,-0.666186849135843,"estimated","state_main__glottolog_mean_shastry"
"03",16,9.09425519653433,"estimated","state_main__glottolog_mean_shastry"
"04",1,NA,"not_estimated","state_main__glottolog_mean_shastry"
"05",12,-5.69684345846853,"estimated","state_main__glottolog_mean_shastry"
"06",19,0.231789582445092,"estimated","state_main__glottolog_mean_shastry"
"07",7,7.83569848145867,"estimated","state_main__glottolog_mean_shastry"
"08",27,0.485543562111602,"estimated","state_main__glottolog_mean_shastry"
"09",68,-0.590117194698309,"estimated","state_main__glottolog_mean_shastry"
"10",37,0.130232218665429,"estimated","state_main__glottolog_mean_shastry"
"11",4,NA,"not_estimated","state_main__glottolog_mean_shastry"
"12",13,1.9975559826065,"estimated","state_main__glottolog_mean_shastry"
"13",8,0.19437738310518,"estimated","state_main__glottolog_mean_shastry"
"14",9,-3.2340176209611,"estimated","state_main__glottolog_mean_shastry"
"15",8,-2.73280792414041,"estimated","state_main__glottolog_mean_shastry"
"16",4,NA,"not_estimated","state_main__glottolog_mean_shastry"
"17",7,1.69829047903996,"estimated","state_main__glottolog_mean_shastry"
"18",22,0.0861583215346144,"estimated","state_main__glottolog_mean_shastry"
"19",18,1.36339344508189,"estimated","state_main__glottolog_mean_shastry"
"20",18,-0.681444915363676,"estimated","state_main__glottolog_mean_shastry"
"21",29,0.0782528288036564,"estimated","state_main__glottolog_mean_shastry"
"22",16,0.106783447070725,"estimated","state_main__glottolog_mean_shastry"
"23",44,-0.147410922385744,"estimated","state_main__glottolog_mean_shastry"
"24",25,-0.615061946998339,"estimated","state_main__glottolog_mean_shastry"
"25",2,NA,"not_estimated","state_main__glottolog_mean_shastry"
"26",1,NA,"not_estimated","state_main__glottolog_mean_shastry"
"27",33,0.0545014183217354,"estimated","state_main__glottolog_mean_shastry"
"28",23,-4.43944256124778,"estimated","state_main__glottolog_mean_shastry"
"29",27,2.30640548772471,"estimated","state_main__glottolog_mean_shastry"
"30",2,NA,"not_estimated","state_main__glottolog_mean_shastry"
"31",1,NA,"not_estimated","state_main__glottolog_mean_shastry"
"32",14,13.7033205108983,"estimated","state_main__glottolog_mean_shastry"
"33",29,-0.414595131904437,"estimated","state_main__glottolog_mean_shastry"
"34",4,NA,"not_estimated","state_main__glottolog_mean_shastry"
"35",2,NA,"not_estimated","state_main__glottolog_mean_shastry"
"01",11,0.765578057387595,"estimated","state_main__dyen_noncognate"
"02",12,-0.117686594165197,"estimated","state_main__dyen_noncognate"
"03",16,-1.07186163845415,"estimated","state_main__dyen_noncognate"
"04",1,NA,"not_estimated","state_main__dyen_noncognate"
"05",12,0.628557183209986,"estimated","state_main__dyen_noncognate"
"06",19,-0.393778395056053,"estimated","state_main__dyen_noncognate"
"07",7,0.526197126814114,"estimated","state_main__dyen_noncognate"
"08",27,0.154936601431816,"estimated","state_main__dyen_noncognate"
"09",68,0.0465179055110667,"estimated","state_main__dyen_noncognate"
"10",37,0.0154419773353115,"estimated","state_main__dyen_noncognate"
"11",4,NA,"not_estimated","state_main__dyen_noncognate"
"12",13,0.300316180063589,"estimated","state_main__dyen_noncognate"
"13",8,0.0590159571446476,"estimated","state_main__dyen_noncognate"
"14",9,-0.383270491849287,"estimated","state_main__dyen_noncognate"
"15",8,-0.376942308349459,"estimated","state_main__dyen_noncognate"
"16",4,NA,"not_estimated","state_main__dyen_noncognate"
"17",7,-0.249225474682771,"estimated","state_main__dyen_noncognate"
"18",22,-0.00401200382264217,"estimated","state_main__dyen_noncognate"
"19",18,0.201948982257851,"estimated","state_main__dyen_noncognate"
"20",18,0.044215383998871,"estimated","state_main__dyen_noncognate"
"21",29,0.0210502869708823,"estimated","state_main__dyen_noncognate"
"22",16,-0.0459274105770887,"estimated","state_main__dyen_noncognate"
"23",44,-0.0442938358652641,"estimated","state_main__dyen_noncognate"
"24",25,-0.475627912000253,"estimated","state_main__dyen_noncognate"
"25",2,NA,"not_estimated","state_main__dyen_noncognate"
"26",1,NA,"not_estimated","state_main__dyen_noncognate"
"27",33,0.167814186898357,"estimated","state_main__dyen_noncognate"
"28",23,-0.0266063381047523,"estimated","state_main__dyen_noncognate"
"29",27,1.07498080554207,"estimated","state_main__dyen_noncognate"
"30",2,NA,"not_estimated","state_main__dyen_noncognate"
"31",1,NA,"not_estimated","state_main__dyen_noncognate"
"32",14,-1.49165551667927,"estimated","state_main__dyen_noncognate"
"33",29,1.10312947208522,"estimated","state_main__dyen_noncognate"
"34",4,NA,"not_estimated","state_main__dyen_noncognate"
"35",2,NA,"not_estimated","state_main__dyen_noncognate"
"01",11,0.742612479142374,"estimated","state_main__dyen_noncognate_shastry"
"02",12,-0.127591330491823,"estimated","state_main__dyen_noncognate_shastry"
"03",16,-1.28629963818526,"estimated","state_main__dyen_noncognate_shastry"
"04",1,NA,"not_estimated","state_main__dyen_noncognate_shastry"
"05",12,0.677959678157522,"estimated","state_main__dyen_noncognate_shastry"
"06",19,-0.357678775744366,"estimated","state_main__dyen_noncognate_shastry"
"07",7,0.533778127642886,"estimated","state_main__dyen_noncognate_shastry"
"08",27,0.144810480806244,"estimated","state_main__dyen_noncognate_shastry"
"09",68,0.0319162187989517,"estimated","state_main__dyen_noncognate_shastry"
"10",37,0.0189016422010659,"estimated","state_main__dyen_noncognate_shastry"
"11",4,NA,"not_estimated","state_main__dyen_noncognate_shastry"
"12",13,0.299837227279791,"estimated","state_main__dyen_noncognate_shastry"
"13",8,0.0655673683441731,"estimated","state_main__dyen_noncognate_shastry"
"14",9,-0.383999227308931,"estimated","state_main__dyen_noncognate_shastry"
"15",8,-0.369421844858785,"estimated","state_main__dyen_noncognate_shastry"
"16",4,NA,"not_estimated","state_main__dyen_noncognate_shastry"
"17",7,-0.260521156321669,"estimated","state_main__dyen_noncognate_shastry"
"18",22,0.00160152378781902,"estimated","state_main__dyen_noncognate_shastry"
"19",18,0.096462736418965,"estimated","state_main__dyen_noncognate_shastry"
"20",18,0.0534453640986229,"estimated","state_main__dyen_noncognate_shastry"
"21",29,0.0201297588799375,"estimated","state_main__dyen_noncognate_shastry"
"22",16,-0.0454693196977686,"estimated","state_main__dyen_noncognate_shastry"
"23",44,-0.0427566838418714,"estimated","state_main__dyen_noncognate_shastry"
"24",25,-0.492762159306915,"estimated","state_main__dyen_noncognate_shastry"
"25",2,NA,"not_estimated","state_main__dyen_noncognate_shastry"
"26",1,NA,"not_estimated","state_main__dyen_noncognate_shastry"
"27",33,0.0790455959286174,"estimated","state_main__dyen_noncognate_shastry"
"28",23,-0.0174643031992896,"estimated","state_main__dyen_noncognate_shastry"
"29",27,1.03818685159279,"estimated","state_main__dyen_noncognate_shastry"
"30",2,NA,"not_estimated","state_main__dyen_noncognate_shastry"
"31",1,NA,"not_estimated","state_main__dyen_noncognate_shastry"
"32",14,-1.49460542849325,"estimated","state_main__dyen_noncognate_shastry"
"33",29,1.06622575239594,"estimated","state_main__dyen_noncognate_shastry"
"34",4,NA,"not_estimated","state_main__dyen_noncognate_shastry"
"35",2,NA,"not_estimated","state_main__dyen_noncognate_shastry"
"01",11,7.26657161917558,"estimated","state_expanded__nonzero_mean"
"02",12,-2.55362892828036,"estimated","state_expanded__nonzero_mean"
"03",16,0.450243868206632,"estimated","state_expanded__nonzero_mean"
"04",1,NA,"not_estimated","state_expanded__nonzero_mean"
"05",12,-0.881286712022513,"estimated","state_expanded__nonzero_mean"
"06",19,0.73513378747526,"estimated","state_expanded__nonzero_mean"
"07",7,6.6156914728352,"estimated","state_expanded__nonzero_mean"
"08",27,4.32655692615892,"estimated","state_expanded__nonzero_mean"
"09",68,-0.0194166610133192,"estimated","state_expanded__nonzero_mean"
"10",37,1.33654120325368,"estimated","state_expanded__nonzero_mean"
"11",4,NA,"not_estimated","state_expanded__nonzero_mean"
"12",13,4.8572628677835,"estimated","state_expanded__nonzero_mean"
"13",8,5.76736751776098,"estimated","state_expanded__nonzero_mean"
"14",9,4.79104534876131,"estimated","state_expanded__nonzero_mean"
"15",8,-7.13324506540461,"estimated","state_expanded__nonzero_mean"
"16",4,NA,"not_estimated","state_expanded__nonzero_mean"
"17",7,1.63843189844061,"estimated","state_expanded__nonzero_mean"
"18",22,6.05938761697755,"estimated","state_expanded__nonzero_mean"
"19",18,-5.6090602637348,"estimated","state_expanded__nonzero_mean"
"20",18,-0.287060106988842,"estimated","state_expanded__nonzero_mean"
"21",29,-1.92925194660685,"estimated","state_expanded__nonzero_mean"
"22",16,0.60689719049719,"estimated","state_expanded__nonzero_mean"
"23",44,-0.688767013982782,"estimated","state_expanded__nonzero_mean"
"24",25,0.829274819373657,"estimated","state_expanded__nonzero_mean"
"25",2,NA,"not_estimated","state_expanded__nonzero_mean"
"26",1,NA,"not_estimated","state_expanded__nonzero_mean"
"27",33,0.893617490726343,"estimated","state_expanded__nonzero_mean"
"28",23,5.53141571869126,"estimated","state_expanded__nonzero_mean"
"29",27,6.90053165038283,"estimated","state_expanded__nonzero_mean"
"30",2,NA,"not_estimated","state_expanded__nonzero_mean"
"31",1,NA,"not_estimated","state_expanded__nonzero_mean"
"32",14,-10.5437680302717,"estimated","state_expanded__nonzero_mean"
"33",29,17.7335668356676,"estimated","state_expanded__nonzero_mean"
"34",4,NA,"not_estimated","state_expanded__nonzero_mean"
"35",2,NA,"not_estimated","state_expanded__nonzero_mean"
"01",11,0.245252347089882,"estimated","state_expanded__distant_share"
"02",12,-0.129917426481382,"estimated","state_expanded__distant_share"
"03",16,0.71093702605277,"estimated","state_expanded__distant_share"
"04",1,NA,"not_estimated","state_expanded__distant_share"
"05",12,0.0774457306573655,"estimated","state_expanded__distant_share"
"06",19,-0.129208762906456,"estimated","state_expanded__distant_share"
"07",7,1.36213177988929,"estimated","state_expanded__distant_share"
"08",27,0.15085399153703,"estimated","state_expanded__distant_share"
"09",68,0.0225974517565884,"estimated","state_expanded__distant_share"
"10",37,-0.00641328206324843,"estimated","state_expanded__distant_share"
"11",4,NA,"not_estimated","state_expanded__distant_share"
"12",13,0.186672918906657,"estimated","state_expanded__distant_share"
"13",8,0.0189437928182859,"estimated","state_expanded__distant_share"
"14",9,0.106488188710247,"estimated","state_expanded__distant_share"
"15",8,-0.347501514925931,"estimated","state_expanded__distant_share"
"16",4,NA,"not_estimated","state_expanded__distant_share"
"17",7,-0.191251127059463,"estimated","state_expanded__distant_share"
"18",22,-0.342417883538843,"estimated","state_expanded__distant_share"
"19",18,-0.0571130800754057,"estimated","state_expanded__distant_share"
"20",18,0.0186146910695614,"estimated","state_expanded__distant_share"
"21",29,0.108061002556433,"estimated","state_expanded__distant_share"
"22",16,-0.0230967202915928,"estimated","state_expanded__distant_share"
"23",44,-0.0502584455134919,"estimated","state_expanded__distant_share"
"24",25,0.150241270641821,"estimated","state_expanded__distant_share"
"25",2,NA,"not_estimated","state_expanded__distant_share"
"26",1,NA,"not_estimated","state_expanded__distant_share"
"27",33,0.0827611208912834,"estimated","state_expanded__distant_share"
"28",23,-0.277562201216045,"estimated","state_expanded__distant_share"
"29",27,0.24255805028324,"estimated","state_expanded__distant_share"
"30",2,NA,"not_estimated","state_expanded__distant_share"
"31",1,NA,"not_estimated","state_expanded__distant_share"
"32",14,0.947203604679069,"estimated","state_expanded__distant_share"
"33",29,0.901143589193095,"estimated","state_expanded__distant_share"
"34",4,NA,"not_estimated","state_expanded__distant_share"
"35",2,NA,"not_estimated","state_expanded__distant_share"
"01",11,6.67168532539168,"estimated","state_expanded__top3_legacy"
"02",12,-3.10391515084481,"estimated","state_expanded__top3_legacy"
"03",16,15.2459341375235,"estimated","state_expanded__top3_legacy"
"04",1,NA,"not_estimated","state_expanded__top3_legacy"
"05",12,1.55960783233581,"estimated","state_expanded__top3_legacy"
"06",19,0.396879901001222,"estimated","state_expanded__top3_legacy"
"07",7,12.8127930132659,"estimated","state_expanded__top3_legacy"
"08",27,5.31524487143859,"estimated","state_expanded__top3_legacy"
"09",68,0.410482589129898,"estimated","state_expanded__top3_legacy"
"10",37,-0.225912271930188,"estimated","state_expanded__top3_legacy"
"11",4,NA,"not_estimated","state_expanded__top3_legacy"
"12",13,4.58599450763502,"estimated","state_expanded__top3_legacy"
"13",8,3.03219090527948,"estimated","state_expanded__top3_legacy"
"14",9,0.956538953993016,"estimated","state_expanded__top3_legacy"
"15",8,-3.91503388817193,"estimated","state_expanded__top3_legacy"
"16",4,NA,"not_estimated","state_expanded__top3_legacy"
"17",7,-1.00775906370441,"estimated","state_expanded__top3_legacy"
"18",22,2.21945166744107,"estimated","state_expanded__top3_legacy"
"19",18,0.275297338648967,"estimated","state_expanded__top3_legacy"
"20",18,-0.743089129744993,"estimated","state_expanded__top3_legacy"
"21",29,-0.546282260062208,"estimated","state_expanded__top3_legacy"
"22",16,-0.519506803353551,"estimated","state_expanded__top3_legacy"
"23",44,1.68321853956763,"estimated","state_expanded__top3_legacy"
"24",25,-1.34157839430581,"estimated","state_expanded__top3_legacy"
"25",2,NA,"not_estimated","state_expanded__top3_legacy"
"26",1,NA,"not_estimated","state_expanded__top3_legacy"
"27",33,-0.243461974684257,"estimated","state_expanded__top3_legacy"
"28",23,-5.61958630641932,"estimated","state_expanded__top3_legacy"
"29",27,12.0436968734225,"estimated","state_expanded__top3_legacy"
"30",2,NA,"not_estimated","state_expanded__top3_legacy"
"31",1,NA,"not_estimated","state_expanded__top3_legacy"
"32",14,6.45260017071127,"estimated","state_expanded__top3_legacy"
"33",29,12.6828027542932,"estimated","state_expanded__top3_legacy"
"34",4,NA,"not_estimated","state_expanded__top3_legacy"
"35",2,NA,"not_estimated","state_expanded__top3_legacy"
"01",11,7.07633808497027,"estimated","state_expanded__nonzero_mean_hindi_urdu"
"02",12,-2.64255037458435,"estimated","state_expanded__nonzero_mean_hindi_urdu"
"03",16,1.05873059689651,"estimated","state_expanded__nonzero_mean_hindi_urdu"
"04",1,NA,"not_estimated","state_expanded__nonzero_mean_hindi_urdu"
"05",12,-1.30738281331584,"estimated","state_expanded__nonzero_mean_hindi_urdu"
"06",19,1.22894825068374,"estimated","state_expanded__nonzero_mean_hindi_urdu"
"07",7,6.97164137280228,"estimated","state_expanded__nonzero_mean_hindi_urdu"
"08",27,6.15474314340637,"estimated","state_expanded__nonzero_mean_hindi_urdu"
"09",68,-0.151302189863701,"estimated","state_expanded__nonzero_mean_hindi_urdu"
"10",37,1.26182782324057,"estimated","state_expanded__nonzero_mean_hindi_urdu"
"11",4,NA,"not_estimated","state_expanded__nonzero_mean_hindi_urdu"
"12",13,4.98225392167886,"estimated","state_expanded__nonzero_mean_hindi_urdu"
"13",8,5.84203235784438,"estimated","state_expanded__nonzero_mean_hindi_urdu"
"14",9,3.90385447916457,"estimated","state_expanded__nonzero_mean_hindi_urdu"
"15",8,-6.88857659663588,"estimated","state_expanded__nonzero_mean_hindi_urdu"
"16",4,NA,"not_estimated","state_expanded__nonzero_mean_hindi_urdu"
"17",7,1.39378915915424,"estimated","state_expanded__nonzero_mean_hindi_urdu"
"18",22,6.09732846133224,"estimated","state_expanded__nonzero_mean_hindi_urdu"
"19",18,-5.16284034001172,"estimated","state_expanded__nonzero_mean_hindi_urdu"
"20",18,-0.872058065961062,"estimated","state_expanded__nonzero_mean_hindi_urdu"
"21",29,-1.90759192183998,"estimated","state_expanded__nonzero_mean_hindi_urdu"
"22",16,0.624469797490208,"estimated","state_expanded__nonzero_mean_hindi_urdu"
"23",44,-0.500525125935626,"estimated","state_expanded__nonzero_mean_hindi_urdu"
"24",25,0.742215986181294,"estimated","state_expanded__nonzero_mean_hindi_urdu"
"25",2,NA,"not_estimated","state_expanded__nonzero_mean_hindi_urdu"
"26",1,NA,"not_estimated","state_expanded__nonzero_mean_hindi_urdu"
"27",33,0.962517956227115,"estimated","state_expanded__nonzero_mean_hindi_urdu"
"28",23,5.42700514183873,"estimated","state_expanded__nonzero_mean_hindi_urdu"
"29",27,7.18381631111336,"estimated","state_expanded__nonzero_mean_hindi_urdu"
"30",2,NA,"not_estimated","state_expanded__nonzero_mean_hindi_urdu"
"31",1,NA,"not_estimated","state_expanded__nonzero_mean_hindi_urdu"
"32",14,-11.1448782886575,"estimated","state_expanded__nonzero_mean_hindi_urdu"
"33",29,18.2264319369467,"estimated","state_expanded__nonzero_mean_hindi_urdu"
"34",4,NA,"not_estimated","state_expanded__nonzero_mean_hindi_urdu"
"35",2,NA,"not_estimated","state_expanded__nonzero_mean_hindi_urdu"
"01",11,6.93152595241407,"estimated","state_expanded__nonzero_mean_shastry"
"02",12,-2.75663094624664,"estimated","state_expanded__nonzero_mean_shastry"
"03",16,-1.14008583542,"estimated","state_expanded__nonzero_mean_shastry"
"04",1,NA,"not_estimated","state_expanded__nonzero_mean_shastry"
"05",12,-1.34594395094786,"estimated","state_expanded__nonzero_mean_shastry"
"06",19,1.32565763661924,"estimated","state_expanded__nonzero_mean_shastry"
"07",7,7.09090383472217,"estimated","state_expanded__nonzero_mean_shastry"
"08",27,5.94526384530632,"estimated","state_expanded__nonzero_mean_shastry"
"09",68,-0.227337485653677,"estimated","state_expanded__nonzero_mean_shastry"
"10",37,1.1540902998981,"estimated","state_expanded__nonzero_mean_shastry"
"11",4,NA,"not_estimated","state_expanded__nonzero_mean_shastry"
"12",13,5.13369579374906,"estimated","state_expanded__nonzero_mean_shastry"
"13",8,6.02912616819203,"estimated","state_expanded__nonzero_mean_shastry"
"14",9,3.44546672707527,"estimated","state_expanded__nonzero_mean_shastry"
"15",8,-5.56010980683082,"estimated","state_expanded__nonzero_mean_shastry"
"16",4,NA,"not_estimated","state_expanded__nonzero_mean_shastry"
"17",7,0.582684686570855,"estimated","state_expanded__nonzero_mean_shastry"
"18",22,5.91165939421613,"estimated","state_expanded__nonzero_mean_shastry"
"19",18,-5.86630471871473,"estimated","state_expanded__nonzero_mean_shastry"
"20",18,-0.426007157706934,"estimated","state_expanded__nonzero_mean_shastry"
"21",29,-2.03881569293644,"estimated","state_expanded__nonzero_mean_shastry"
"22",16,0.591511297364532,"estimated","state_expanded__nonzero_mean_shastry"
"23",44,-0.556437658506439,"estimated","state_expanded__nonzero_mean_shastry"
"24",25,0.374747241073228,"estimated","state_expanded__nonzero_mean_shastry"
"25",2,NA,"not_estimated","state_expanded__nonzero_mean_shastry"
"26",1,NA,"not_estimated","state_expanded__nonzero_mean_shastry"
"27",33,0.0754518173810647,"estimated","state_expanded__nonzero_mean_shastry"
"28",23,5.68846191495924,"estimated","state_expanded__nonzero_mean_shastry"
"29",27,6.54575458331063,"estimated","state_expanded__nonzero_mean_shastry"
"30",2,NA,"not_estimated","state_expanded__nonzero_mean_shastry"
"31",1,NA,"not_estimated","state_expanded__nonzero_mean_shastry"
"32",14,-10.5040189301736,"estimated","state_expanded__nonzero_mean_shastry"
"33",29,18.1426657132835,"estimated","state_expanded__nonzero_mean_shastry"
"34",4,NA,"not_estimated","state_expanded__nonzero_mean_shastry"
"35",2,NA,"not_estimated","state_expanded__nonzero_mean_shastry"
"01",11,6.82244037361003,"estimated","state_expanded__nonzero_mean_sensitivity_low"
"02",12,-2.75955378650072,"estimated","state_expanded__nonzero_mean_sensitivity_low"
"03",16,-1.4209781508482,"estimated","state_expanded__nonzero_mean_sensitivity_low"
"04",1,NA,"not_estimated","state_expanded__nonzero_mean_sensitivity_low"
"05",12,-1.18271158592046,"estimated","state_expanded__nonzero_mean_sensitivity_low"
"06",19,1.3635153932137,"estimated","state_expanded__nonzero_mean_sensitivity_low"
"07",7,7.24544438546041,"estimated","state_expanded__nonzero_mean_sensitivity_low"
"08",27,6.20683156127331,"estimated","state_expanded__nonzero_mean_sensitivity_low"
"09",68,-0.230278524359606,"estimated","state_expanded__nonzero_mean_sensitivity_low"
"10",37,1.13561975368417,"estimated","state_expanded__nonzero_mean_sensitivity_low"
"11",4,NA,"not_estimated","state_expanded__nonzero_mean_sensitivity_low"
"12",13,5.0026601007927,"estimated","state_expanded__nonzero_mean_sensitivity_low"
"13",8,6.12063987294552,"estimated","state_expanded__nonzero_mean_sensitivity_low"
"14",9,4.55647648693432,"estimated","state_expanded__nonzero_mean_sensitivity_low"
"15",8,-5.22306340275543,"estimated","state_expanded__nonzero_mean_sensitivity_low"
"16",4,NA,"not_estimated","state_expanded__nonzero_mean_sensitivity_low"
"17",7,0.138252189787957,"estimated","state_expanded__nonzero_mean_sensitivity_low"
"18",22,5.35463568182131,"estimated","state_expanded__nonzero_mean_sensitivity_low"
"19",18,-5.600044381212,"estimated","state_expanded__nonzero_mean_sensitivity_low"
"20",18,-0.781813145429612,"estimated","state_expanded__nonzero_mean_sensitivity_low"
"21",29,-1.92868073616818,"estimated","state_expanded__nonzero_mean_sensitivity_low"
"22",16,0.959708841152524,"estimated","state_expanded__nonzero_mean_sensitivity_low"
"23",44,-0.544344219180447,"estimated","state_expanded__nonzero_mean_sensitivity_low"
"24",25,-0.363147005530661,"estimated","state_expanded__nonzero_mean_sensitivity_low"
"25",2,NA,"not_estimated","state_expanded__nonzero_mean_sensitivity_low"
"26",1,NA,"not_estimated","state_expanded__nonzero_mean_sensitivity_low"
"27",33,0.0423153717647144,"estimated","state_expanded__nonzero_mean_sensitivity_low"
"28",23,5.95768546104796,"estimated","state_expanded__nonzero_mean_sensitivity_low"
"29",27,6.37014717817493,"estimated","state_expanded__nonzero_mean_sensitivity_low"
"30",2,NA,"not_estimated","state_expanded__nonzero_mean_sensitivity_low"
"31",1,NA,"not_estimated","state_expanded__nonzero_mean_sensitivity_low"
"32",14,-9.97803497109931,"estimated","state_expanded__nonzero_mean_sensitivity_low"
"33",29,17.5979638004363,"estimated","state_expanded__nonzero_mean_sensitivity_low"
"34",4,NA,"not_estimated","state_expanded__nonzero_mean_sensitivity_low"
"35",2,NA,"not_estimated","state_expanded__nonzero_mean_sensitivity_low"
"01",11,1.15371199157265,"estimated","state_expanded__nonzero_mean_sensitivity_high"
"02",12,0.806445366614392,"estimated","state_expanded__nonzero_mean_sensitivity_high"
"03",16,17.7668526768495,"estimated","state_expanded__nonzero_mean_sensitivity_high"
"04",1,NA,"not_estimated","state_expanded__nonzero_mean_sensitivity_high"
"05",12,-11.4537634290753,"estimated","state_expanded__nonzero_mean_sensitivity_high"
"06",19,1.07884299269314,"estimated","state_expanded__nonzero_mean_sensitivity_high"
"07",7,7.75642859578202,"estimated","state_expanded__nonzero_mean_sensitivity_high"
"08",27,5.59492449820181,"estimated","state_expanded__nonzero_mean_sensitivity_high"
"09",68,0.0190742609165025,"estimated","state_expanded__nonzero_mean_sensitivity_high"
"10",37,0.17034836891203,"estimated","state_expanded__nonzero_mean_sensitivity_high"
"11",4,NA,"not_estimated","state_expanded__nonzero_mean_sensitivity_high"
"12",13,4.25585090383053,"estimated","state_expanded__nonzero_mean_sensitivity_high"
"13",8,4.03058423991024,"estimated","state_expanded__nonzero_mean_sensitivity_high"
"14",9,-9.97476086438768,"estimated","state_expanded__nonzero_mean_sensitivity_high"
"15",8,-9.20907628341208,"estimated","state_expanded__nonzero_mean_sensitivity_high"
"16",4,NA,"not_estimated","state_expanded__nonzero_mean_sensitivity_high"
"17",7,-3.43513225901846,"estimated","state_expanded__nonzero_mean_sensitivity_high"
"18",22,6.97085694987352,"estimated","state_expanded__nonzero_mean_sensitivity_high"
"19",18,-3.402301964788,"estimated","state_expanded__nonzero_mean_sensitivity_high"
"20",18,-1.7527656055224,"estimated","state_expanded__nonzero_mean_sensitivity_high"
"21",29,-1.6652961155925,"estimated","state_expanded__nonzero_mean_sensitivity_high"
"22",16,-0.603657046005468,"estimated","state_expanded__nonzero_mean_sensitivity_high"
"23",44,0.0838888576653905,"estimated","state_expanded__nonzero_mean_sensitivity_high"
"24",25,0.604086091595957,"estimated","state_expanded__nonzero_mean_sensitivity_high"
"25",2,NA,"not_estimated","state_expanded__nonzero_mean_sensitivity_high"
"26",1,NA,"not_estimated","state_expanded__nonzero_mean_sensitivity_high"
"27",33,-0.343236321705626,"estimated","state_expanded__nonzero_mean_sensitivity_high"
"28",23,-0.784599555828294,"estimated","state_expanded__nonzero_mean_sensitivity_high"
"29",27,8.74582995465143,"estimated","state_expanded__nonzero_mean_sensitivity_high"
"30",2,NA,"not_estimated","state_expanded__nonzero_mean_sensitivity_high"
"31",1,NA,"not_estimated","state_expanded__nonzero_mean_sensitivity_high"
"32",14,-13.8702581475623,"estimated","state_expanded__nonzero_mean_sensitivity_high"
"33",29,22.6630804559923,"estimated","state_expanded__nonzero_mean_sensitivity_high"
"34",4,NA,"not_estimated","state_expanded__nonzero_mean_sensitivity_high"
"35",2,NA,"not_estimated","state_expanded__nonzero_mean_sensitivity_high"
"01",11,10.200719077298,"estimated","state_expanded__nonzero_mean_hindi_urdu_separate"
"02",12,-2.46997030675351,"estimated","state_expanded__nonzero_mean_hindi_urdu_separate"
"03",16,7.38599535939387,"estimated","state_expanded__nonzero_mean_hindi_urdu_separate"
"04",1,NA,"not_estimated","state_expanded__nonzero_mean_hindi_urdu_separate"
"05",12,-2.00931891115208,"estimated","state_expanded__nonzero_mean_hindi_urdu_separate"
"06",19,1.26682965760778,"estimated","state_expanded__nonzero_mean_hindi_urdu_separate"
"07",7,1.89862091971852,"estimated","state_expanded__nonzero_mean_hindi_urdu_separate"
"08",27,5.87537925417955,"estimated","state_expanded__nonzero_mean_hindi_urdu_separate"
"09",68,-0.387803090910605,"estimated","state_expanded__nonzero_mean_hindi_urdu_separate"
"10",37,1.75684238739262,"estimated","state_expanded__nonzero_mean_hindi_urdu_separate"
"11",4,NA,"not_estimated","state_expanded__nonzero_mean_hindi_urdu_separate"
"12",13,5.13262123679046,"estimated","state_expanded__nonzero_mean_hindi_urdu_separate"
"13",8,6.10199997802106,"estimated","state_expanded__nonzero_mean_hindi_urdu_separate"
"14",9,10.3782803149162,"estimated","state_expanded__nonzero_mean_hindi_urdu_separate"
"15",8,-7.96052671350588,"estimated","state_expanded__nonzero_mean_hindi_urdu_separate"
"16",4,NA,"not_estimated","state_expanded__nonzero_mean_hindi_urdu_separate"
"17",7,0.34342126454616,"estimated","state_expanded__nonzero_mean_hindi_urdu_separate"
"18",22,5.60018973451901,"estimated","state_expanded__nonzero_mean_hindi_urdu_separate"
"19",18,-2.04296153767406,"estimated","state_expanded__nonzero_mean_hindi_urdu_separate"
"20",18,0.256964203636486,"estimated","state_expanded__nonzero_mean_hindi_urdu_separate"
"21",29,-2.03574718879943,"estimated","state_expanded__nonzero_mean_hindi_urdu_separate"
"22",16,0.776340002206,"estimated","state_expanded__nonzero_mean_hindi_urdu_separate"
"23",44,-0.516068504030278,"estimated","state_expanded__nonzero_mean_hindi_urdu_separate"
"24",25,0.141621709947165,"estimated","state_expanded__nonzero_mean_hindi_urdu_separate"
"25",2,NA,"not_estimated","state_expanded__nonzero_mean_hindi_urdu_separate"
"26",1,NA,"not_estimated","state_expanded__nonzero_mean_hindi_urdu_separate"
"27",33,0.577186195637755,"estimated","state_expanded__nonzero_mean_hindi_urdu_separate"
"28",23,7.60923071800967,"estimated","state_expanded__nonzero_mean_hindi_urdu_separate"
"29",27,6.02025859207777,"estimated","state_expanded__nonzero_mean_hindi_urdu_separate"
"30",2,NA,"not_estimated","state_expanded__nonzero_mean_hindi_urdu_separate"
"31",1,NA,"not_estimated","state_expanded__nonzero_mean_hindi_urdu_separate"
"32",14,0.975017153471844,"estimated","state_expanded__nonzero_mean_hindi_urdu_separate"
"33",29,14.9623150243173,"estimated","state_expanded__nonzero_mean_hindi_urdu_separate"
"34",4,NA,"not_estimated","state_expanded__nonzero_mean_hindi_urdu_separate"
"35",2,NA,"not_estimated","state_expanded__nonzero_mean_hindi_urdu_separate"
"01",11,-1.19187068375612,"estimated","state_expanded__glottolog_mean"
"02",12,-0.649144397970099,"estimated","state_expanded__glottolog_mean"
"03",16,5.99185820333679,"estimated","state_expanded__glottolog_mean"
"04",1,NA,"not_estimated","state_expanded__glottolog_mean"
"05",12,-3.521860127696,"estimated","state_expanded__glottolog_mean"
"06",19,-0.0517659151455745,"estimated","state_expanded__glottolog_mean"
"07",7,8.35884674387811,"estimated","state_expanded__glottolog_mean"
"08",27,0.0638599156082553,"estimated","state_expanded__glottolog_mean"
"09",68,-0.57792456703736,"estimated","state_expanded__glottolog_mean"
"10",37,0.142590268395443,"estimated","state_expanded__glottolog_mean"
"11",4,NA,"not_estimated","state_expanded__glottolog_mean"
"12",13,1.69804075760291,"estimated","state_expanded__glottolog_mean"
"13",8,0.371076966107122,"estimated","state_expanded__glottolog_mean"
"14",9,-3.49878488696028,"estimated","state_expanded__glottolog_mean"
"15",8,-2.52297095228735,"estimated","state_expanded__glottolog_mean"
"16",4,NA,"not_estimated","state_expanded__glottolog_mean"
"17",7,2.28583092827228,"estimated","state_expanded__glottolog_mean"
"18",22,-0.17354084018373,"estimated","state_expanded__glottolog_mean"
"19",18,1.50336843251557,"estimated","state_expanded__glottolog_mean"
"20",18,-0.568463314142187,"estimated","state_expanded__glottolog_mean"
"21",29,0.167693493058272,"estimated","state_expanded__glottolog_mean"
"22",16,-0.32274886618296,"estimated","state_expanded__glottolog_mean"
"23",44,-0.156183281123562,"estimated","state_expanded__glottolog_mean"
"24",25,-0.97149992331594,"estimated","state_expanded__glottolog_mean"
"25",2,NA,"not_estimated","state_expanded__glottolog_mean"
"26",1,NA,"not_estimated","state_expanded__glottolog_mean"
"27",33,-0.0397169181154429,"estimated","state_expanded__glottolog_mean"
"28",23,-2.62205189506423,"estimated","state_expanded__glottolog_mean"
"29",27,2.37927941514953,"estimated","state_expanded__glottolog_mean"
"30",2,NA,"not_estimated","state_expanded__glottolog_mean"
"31",1,NA,"not_estimated","state_expanded__glottolog_mean"
"32",14,12.9984487742082,"estimated","state_expanded__glottolog_mean"
"33",29,-1.62855284459555,"estimated","state_expanded__glottolog_mean"
"34",4,NA,"not_estimated","state_expanded__glottolog_mean"
"35",2,NA,"not_estimated","state_expanded__glottolog_mean"
"01",11,-1.46436312291106,"estimated","state_expanded__glottolog_mean_shastry"
"02",12,-0.62701212884037,"estimated","state_expanded__glottolog_mean_shastry"
"03",16,5.65821334944585,"estimated","state_expanded__glottolog_mean_shastry"
"04",1,NA,"not_estimated","state_expanded__glottolog_mean_shastry"
"05",12,-4.68567754577914,"estimated","state_expanded__glottolog_mean_shastry"
"06",19,0.129720547838511,"estimated","state_expanded__glottolog_mean_shastry"
"07",7,8.20869585233029,"estimated","state_expanded__glottolog_mean_shastry"
"08",27,0.349050571728277,"estimated","state_expanded__glottolog_mean_shastry"
"09",68,-0.551726153181866,"estimated","state_expanded__glottolog_mean_shastry"
"10",37,0.117546258333936,"estimated","state_expanded__glottolog_mean_shastry"
"11",4,NA,"not_estimated","state_expanded__glottolog_mean_shastry"
"12",13,1.81497376761795,"estimated","state_expanded__glottolog_mean_shastry"
"13",8,0.282267976414147,"estimated","state_expanded__glottolog_mean_shastry"
"14",9,-3.32081179202572,"estimated","state_expanded__glottolog_mean_shastry"
"15",8,-2.28936311432897,"estimated","state_expanded__glottolog_mean_shastry"
"16",4,NA,"not_estimated","state_expanded__glottolog_mean_shastry"
"17",7,2.30406348493997,"estimated","state_expanded__glottolog_mean_shastry"
"18",22,-0.178497874666682,"estimated","state_expanded__glottolog_mean_shastry"
"19",18,1.40541405511381,"estimated","state_expanded__glottolog_mean_shastry"
"20",18,-0.592340773008552,"estimated","state_expanded__glottolog_mean_shastry"
"21",29,0.204248250215576,"estimated","state_expanded__glottolog_mean_shastry"
"22",16,-0.302155826127434,"estimated","state_expanded__glottolog_mean_shastry"
"23",44,-0.089832044399978,"estimated","state_expanded__glottolog_mean_shastry"
"24",25,-1.0199947677659,"estimated","state_expanded__glottolog_mean_shastry"
"25",2,NA,"not_estimated","state_expanded__glottolog_mean_shastry"
"26",1,NA,"not_estimated","state_expanded__glottolog_mean_shastry"
"27",33,0.0185898394472272,"estimated","state_expanded__glottolog_mean_shastry"
"28",23,-3.52933282435411,"estimated","state_expanded__glottolog_mean_shastry"
"29",27,2.64564304930557,"estimated","state_expanded__glottolog_mean_shastry"
"30",2,NA,"not_estimated","state_expanded__glottolog_mean_shastry"
"31",1,NA,"not_estimated","state_expanded__glottolog_mean_shastry"
"32",14,14.6673086151147,"estimated","state_expanded__glottolog_mean_shastry"
"33",29,-0.725511129064879,"estimated","state_expanded__glottolog_mean_shastry"
"34",4,NA,"not_estimated","state_expanded__glottolog_mean_shastry"
"35",2,NA,"not_estimated","state_expanded__glottolog_mean_shastry"
"01",11,0.587713920728351,"estimated","state_expanded__dyen_noncognate"
"02",12,-0.0882865078358741,"estimated","state_expanded__dyen_noncognate"
"03",16,-0.361747211454523,"estimated","state_expanded__dyen_noncognate"
"04",1,NA,"not_estimated","state_expanded__dyen_noncognate"
"05",12,0.587495305263537,"estimated","state_expanded__dyen_noncognate"
"06",19,-0.439782503495755,"estimated","state_expanded__dyen_noncognate"
"07",7,0.46897149134533,"estimated","state_expanded__dyen_noncognate"
"08",27,0.139286005509916,"estimated","state_expanded__dyen_noncognate"
"09",68,0.02175042105747,"estimated","state_expanded__dyen_noncognate"
"10",37,0.00890944869495596,"estimated","state_expanded__dyen_noncognate"
"11",4,NA,"not_estimated","state_expanded__dyen_noncognate"
"12",13,0.2916972521154,"estimated","state_expanded__dyen_noncognate"
"13",8,0.0123996252110756,"estimated","state_expanded__dyen_noncognate"
"14",9,-0.481510632493766,"estimated","state_expanded__dyen_noncognate"
"15",8,-0.260102338470696,"estimated","state_expanded__dyen_noncognate"
"16",4,NA,"not_estimated","state_expanded__dyen_noncognate"
"17",7,-0.328159321427265,"estimated","state_expanded__dyen_noncognate"
"18",22,-0.00829076213243344,"estimated","state_expanded__dyen_noncognate"
"19",18,0.212123889903064,"estimated","state_expanded__dyen_noncognate"
"20",18,0.0620955694086235,"estimated","state_expanded__dyen_noncognate"
"21",29,0.0226120691414966,"estimated","state_expanded__dyen_noncognate"
"22",16,-0.0684185252461075,"estimated","state_expanded__dyen_noncognate"
"23",44,-0.0347349391670144,"estimated","state_expanded__dyen_noncognate"
"24",25,-0.414997084427897,"estimated","state_expanded__dyen_noncognate"
"25",2,NA,"not_estimated","state_expanded__dyen_noncognate"
"26",1,NA,"not_estimated","state_expanded__dyen_noncognate"
"27",33,0.0780804771434532,"estimated","state_expanded__dyen_noncognate"
"28",23,0.328182541141135,"estimated","state_expanded__dyen_noncognate"
"29",27,0.84145183402763,"estimated","state_expanded__dyen_noncognate"
"30",2,NA,"not_estimated","state_expanded__dyen_noncognate"
"31",1,NA,"not_estimated","state_expanded__dyen_noncognate"
"32",14,-1.13374439651572,"estimated","state_expanded__dyen_noncognate"
"33",29,0.818963202957511,"estimated","state_expanded__dyen_noncognate"
"34",4,NA,"not_estimated","state_expanded__dyen_noncognate"
"35",2,NA,"not_estimated","state_expanded__dyen_noncognate"
"01",11,0.56128655639847,"estimated","state_expanded__dyen_noncognate_shastry"
"02",12,-0.0968618533984929,"estimated","state_expanded__dyen_noncognate_shastry"
"03",16,-0.580399214231551,"estimated","state_expanded__dyen_noncognate_shastry"
"04",1,NA,"not_estimated","state_expanded__dyen_noncognate_shastry"
"05",12,0.623059183166367,"estimated","state_expanded__dyen_noncognate_shastry"
"06",19,-0.395983208461166,"estimated","state_expanded__dyen_noncognate_shastry"
"07",7,0.482927524591509,"estimated","state_expanded__dyen_noncognate_shastry"
"08",27,0.130616135919663,"estimated","state_expanded__dyen_noncognate_shastry"
"09",68,0.00701038412609683,"estimated","state_expanded__dyen_noncognate_shastry"
"10",37,0.011304844049446,"estimated","state_expanded__dyen_noncognate_shastry"
"11",4,NA,"not_estimated","state_expanded__dyen_noncognate_shastry"
"12",13,0.290281802576646,"estimated","state_expanded__dyen_noncognate_shastry"
"13",8,0.020919008986864,"estimated","state_expanded__dyen_noncognate_shastry"
"14",9,-0.482886263253989,"estimated","state_expanded__dyen_noncognate_shastry"
"15",8,-0.248697454751802,"estimated","state_expanded__dyen_noncognate_shastry"
"16",4,NA,"not_estimated","state_expanded__dyen_noncognate_shastry"
"17",7,-0.350769904122816,"estimated","state_expanded__dyen_noncognate_shastry"
"18",22,-0.00393837487528961,"estimated","state_expanded__dyen_noncognate_shastry"
"19",18,0.0694717197530927,"estimated","state_expanded__dyen_noncognate_shastry"
"20",18,0.0735449188310946,"estimated","state_expanded__dyen_noncognate_shastry"
"21",29,0.0211920957480905,"estimated","state_expanded__dyen_noncognate_shastry"
"22",16,-0.0677198652127255,"estimated","state_expanded__dyen_noncognate_shastry"
"23",44,-0.034857791497814,"estimated","state_expanded__dyen_noncognate_shastry"
"24",25,-0.439696977347389,"estimated","state_expanded__dyen_noncognate_shastry"
"25",2,NA,"not_estimated","state_expanded__dyen_noncognate_shastry"
"26",1,NA,"not_estimated","state_expanded__dyen_noncognate_shastry"
"27",33,0.0102733644743003,"estimated","state_expanded__dyen_noncognate_shastry"
"28",23,0.34078735205106,"estimated","state_expanded__dyen_noncognate_shastry"
"29",27,0.803571402136718,"estimated","state_expanded__dyen_noncognate_shastry"
"30",2,NA,"not_estimated","state_expanded__dyen_noncognate_shastry"
"31",1,NA,"not_estimated","state_expanded__dyen_noncognate_shastry"
"32",14,-1.12816060334944,"estimated","state_expanded__dyen_noncognate_shastry"
"33",29,0.790701693250435,"estimated","state_expanded__dyen_noncognate_shastry"
"34",4,NA,"not_estimated","state_expanded__dyen_noncognate_shastry"
"35",2,NA,"not_estimated","state_expanded__dyen_noncognate_shastry"
"01",11,7.07156229764036,"estimated","absorption__region_fe"
"02",12,-3.45636064684391,"estimated","absorption__region_fe"
"03",16,342.237995735091,"estimated","absorption__region_fe"
"04",1,NA,"not_estimated","absorption__region_fe"
"05",12,-5.87728277026318,"estimated","absorption__region_fe"
"06",19,12.9366451432172,"estimated","absorption__region_fe"
"07",7,2.90998908468688,"estimated","absorption__region_fe"
"08",27,18.3829270163332,"estimated","absorption__region_fe"
"09",68,-0.653289687234858,"estimated","absorption__region_fe"
"10",37,0.654694743705382,"estimated","absorption__region_fe"
"11",4,NA,"not_estimated","absorption__region_fe"
"12",13,8.44221233740553,"estimated","absorption__region_fe"
"13",8,5.22807625405429,"estimated","absorption__region_fe"
"14",9,88.5473459587251,"estimated","absorption__region_fe"
"15",8,-5.16536546245781,"estimated","absorption__region_fe"
"16",4,NA,"not_estimated","absorption__region_fe"
"17",7,-6.20443697537504,"estimated","absorption__region_fe"
"18",22,-0.248164282942298,"estimated","absorption__region_fe"
"19",18,-4.54939729043121,"estimated","absorption__region_fe"
"20",18,-4.47358330314052,"estimated","absorption__region_fe"
"21",29,-1.91560955228899,"estimated","absorption__region_fe"
"22",16,-0.878188543023257,"estimated","absorption__region_fe"
"23",44,-0.258428231955115,"estimated","absorption__region_fe"
"24",25,0.613716816129476,"estimated","absorption__region_fe"
"25",2,NA,"not_estimated","absorption__region_fe"
"26",1,NA,"not_estimated","absorption__region_fe"
"27",33,6.27276743146363,"estimated","absorption__region_fe"
"28",23,-4.10393836251111,"estimated","absorption__region_fe"
"29",27,11.4815939417044,"estimated","absorption__region_fe"
"30",2,NA,"not_estimated","absorption__region_fe"
"31",1,NA,"not_estimated","absorption__region_fe"
"32",14,110.366741065732,"estimated","absorption__region_fe"
"33",29,-119.309060699696,"estimated","absorption__region_fe"
"34",4,NA,"not_estimated","absorption__region_fe"
"35",2,NA,"not_estimated","absorption__region_fe"
"01",11,7.07156229764079,"estimated","absorption__state_fe"
"02",12,-3.45636064684373,"estimated","absorption__state_fe"
"03",16,342.237995735533,"estimated","absorption__state_fe"
"04",1,NA,"not_estimated","absorption__state_fe"
"05",12,-5.87728277026318,"estimated","absorption__state_fe"
"06",19,12.9366451432172,"estimated","absorption__state_fe"
"07",7,2.90998908468689,"estimated","absorption__state_fe"
"08",27,18.3829270163332,"estimated","absorption__state_fe"
"09",68,-0.653289687234856,"estimated","absorption__state_fe"
"10",37,0.65469474370538,"estimated","absorption__state_fe"
"11",4,NA,"not_estimated","absorption__state_fe"
"12",13,8.44221233740553,"estimated","absorption__state_fe"
"13",8,5.22807625405429,"estimated","absorption__state_fe"
"14",9,88.5473459587251,"estimated","absorption__state_fe"
"15",8,-5.16536546245781,"estimated","absorption__state_fe"
"16",4,NA,"not_estimated","absorption__state_fe"
"17",7,-6.20443697537504,"estimated","absorption__state_fe"
"18",22,-0.248164282942309,"estimated","absorption__state_fe"
"19",18,-4.54939729043119,"estimated","absorption__state_fe"
"20",18,-4.47358330314052,"estimated","absorption__state_fe"
"21",29,-1.91560955228899,"estimated","absorption__state_fe"
"22",16,-0.878188543023256,"estimated","absorption__state_fe"
"23",44,-0.258428231955114,"estimated","absorption__state_fe"
"24",25,0.613716816129487,"estimated","absorption__state_fe"
"25",2,NA,"not_estimated","absorption__state_fe"
"26",1,NA,"not_estimated","absorption__state_fe"
"27",33,6.27276743146364,"estimated","absorption__state_fe"
"28",23,-4.10393836251112,"estimated","absorption__state_fe"
"29",27,11.4815939417044,"estimated","absorption__state_fe"
"30",2,NA,"not_estimated","absorption__state_fe"
"31",1,NA,"not_estimated","absorption__state_fe"
"32",14,110.366741065732,"estimated","absorption__state_fe"
"33",29,-119.309060699696,"estimated","absorption__state_fe"
"34",4,NA,"not_estimated","absorption__state_fe"
"35",2,NA,"not_estimated","absorption__state_fe"
"01",11,4.01468380427575,"estimated","absorption__census_controls"
"02",12,-8.61637686207839,"estimated","absorption__census_controls"
"03",16,3.39249319088118,"estimated","absorption__census_controls"
"04",1,NA,"not_estimated","absorption__census_controls"
"05",12,-0.210807101450235,"estimated","absorption__census_controls"
"06",19,-0.139124565666224,"estimated","absorption__census_controls"
"07",7,13.6185493346563,"estimated","absorption__census_controls"
"08",27,7.56123830495385,"estimated","absorption__census_controls"
"09",68,-0.684651193381024,"estimated","absorption__census_controls"
"10",37,0.166541460613635,"estimated","absorption__census_controls"
"11",4,NA,"not_estimated","absorption__census_controls"
"12",13,-0.525483224351052,"estimated","absorption__census_controls"
"13",8,-2.86245880092373,"estimated","absorption__census_controls"
"14",9,12.7198424500865,"estimated","absorption__census_controls"
"15",8,-5.1727854292726,"estimated","absorption__census_controls"
"16",4,NA,"not_estimated","absorption__census_controls"
"17",7,1.18968889068723,"estimated","absorption__census_controls"
"18",22,0.627202484837642,"estimated","absorption__census_controls"
"19",18,2.28876487958475,"estimated","absorption__census_controls"
"20",18,10.3922962087279,"estimated","absorption__census_controls"
"21",29,0.560678507257297,"estimated","absorption__census_controls"
"22",16,6.60133800325732,"estimated","absorption__census_controls"
"23",44,-1.550187192389,"estimated","absorption__census_controls"
"24",25,6.841796740272,"estimated","absorption__census_controls"
"25",2,NA,"not_estimated","absorption__census_controls"
"26",1,NA,"not_estimated","absorption__census_controls"
"27",33,2.22809579166892,"estimated","absorption__census_controls"
"28",23,0.296390019387765,"estimated","absorption__census_controls"
"29",27,4.23990100271962,"estimated","absorption__census_controls"
"30",2,NA,"not_estimated","absorption__census_controls"
"31",1,NA,"not_estimated","absorption__census_controls"
"32",14,5.60819211092661,"estimated","absorption__census_controls"
"33",29,8.23313289710949,"estimated","absorption__census_controls"
"34",4,NA,"not_estimated","absorption__census_controls"
"35",2,NA,"not_estimated","absorption__census_controls"
"01",11,4.2839041898716,"estimated","absorption__expanded_controls"
"02",12,-1.46602008823904,"estimated","absorption__expanded_controls"
"03",16,5.04565265882071,"estimated","absorption__expanded_controls"
"04",1,NA,"not_estimated","absorption__expanded_controls"
"05",12,-0.0602593277708014,"estimated","absorption__expanded_controls"
"06",19,2.75626751624623,"estimated","absorption__expanded_controls"
"07",7,15.0134331397113,"estimated","absorption__expanded_controls"
"08",27,11.5195721211891,"estimated","absorption__expanded_controls"
"09",68,0.954218697252312,"estimated","absorption__expanded_controls"
"10",37,0.191378578471742,"estimated","absorption__expanded_controls"
"11",4,NA,"not_estimated","absorption__expanded_controls"
"12",13,-1.28777138433436,"estimated","absorption__expanded_controls"
"13",8,3.53114038745189,"estimated","absorption__expanded_controls"
"14",9,26.0757067973655,"estimated","absorption__expanded_controls"
"15",8,1.10159404086583,"estimated","absorption__expanded_controls"
"16",4,NA,"not_estimated","absorption__expanded_controls"
"17",7,6.31188627950098,"estimated","absorption__expanded_controls"
"18",22,-2.85877202194031,"estimated","absorption__expanded_controls"
"19",18,-3.33537522148234,"estimated","absorption__expanded_controls"
"20",18,11.277262670039,"estimated","absorption__expanded_controls"
"21",29,0.400327008688662,"estimated","absorption__expanded_controls"
"22",16,2.21537122333504,"estimated","absorption__expanded_controls"
"23",44,-0.79728917268737,"estimated","absorption__expanded_controls"
"24",25,4.53030621939266,"estimated","absorption__expanded_controls"
"25",2,NA,"not_estimated","absorption__expanded_controls"
"26",1,NA,"not_estimated","absorption__expanded_controls"
"27",33,1.56905921557602,"estimated","absorption__expanded_controls"
"28",23,0.312623454006205,"estimated","absorption__expanded_controls"
"29",27,5.71431178914256,"estimated","absorption__expanded_controls"
"30",2,NA,"not_estimated","absorption__expanded_controls"
"31",1,NA,"not_estimated","absorption__expanded_controls"
"32",14,3.29961963788559,"estimated","absorption__expanded_controls"
"33",29,4.38956926527909,"estimated","absorption__expanded_controls"
"34",4,NA,"not_estimated","absorption__expanded_controls"
"35",2,NA,"not_estimated","absorption__expanded_controls"
"01",11,5.65497906817567,"estimated","absorption__region_fe_main_without_human_capital"
"02",12,-7.29210317682762,"estimated","absorption__region_fe_main_without_human_capital"
"03",16,20.9344562559406,"estimated","absorption__region_fe_main_without_human_capital"
"04",1,NA,"not_estimated","absorption__region_fe_main_without_human_capital"
"05",12,-1.66749972944189,"estimated","absorption__region_fe_main_without_human_capital"
"06",19,6.73606961125818,"estimated","absorption__region_fe_main_without_human_capital"
"07",7,10.5035930376514,"estimated","absorption__region_fe_main_without_human_capital"
"08",27,10.686511201278,"estimated","absorption__region_fe_main_without_human_capital"
"09",68,0.761736941718642,"estimated","absorption__region_fe_main_without_human_capital"
"10",37,1.25201132352393,"estimated","absorption__region_fe_main_without_human_capital"
"11",4,NA,"not_estimated","absorption__region_fe_main_without_human_capital"
"12",13,5.69677565451938,"estimated","absorption__region_fe_main_without_human_capital"
"13",8,2.51721664054707,"estimated","absorption__region_fe_main_without_human_capital"
"14",9,12.5825317290419,"estimated","absorption__region_fe_main_without_human_capital"
"15",8,-13.0932590699501,"estimated","absorption__region_fe_main_without_human_capital"
"16",4,NA,"not_estimated","absorption__region_fe_main_without_human_capital"
"17",7,-1.7366170813144,"estimated","absorption__region_fe_main_without_human_capital"
"18",22,0.973627929862754,"estimated","absorption__region_fe_main_without_human_capital"
"19",18,22.8015617697647,"estimated","absorption__region_fe_main_without_human_capital"
"20",18,2.11144715895469,"estimated","absorption__region_fe_main_without_human_capital"
"21",29,0.217068792918539,"estimated","absorption__region_fe_main_without_human_capital"
"22",16,5.00083091012326,"estimated","absorption__region_fe_main_without_human_capital"
"23",44,0.836117575283977,"estimated","absorption__region_fe_main_without_human_capital"
"24",25,-0.0584483824855496,"estimated","absorption__region_fe_main_without_human_capital"
"25",2,NA,"not_estimated","absorption__region_fe_main_without_human_capital"
"26",1,NA,"not_estimated","absorption__region_fe_main_without_human_capital"
"27",33,6.83542640296548,"estimated","absorption__region_fe_main_without_human_capital"
"28",23,-0.621668544927489,"estimated","absorption__region_fe_main_without_human_capital"
"29",27,15.7616942617555,"estimated","absorption__region_fe_main_without_human_capital"
"30",2,NA,"not_estimated","absorption__region_fe_main_without_human_capital"
"31",1,NA,"not_estimated","absorption__region_fe_main_without_human_capital"
"32",14,18.8559841968789,"estimated","absorption__region_fe_main_without_human_capital"
"33",29,23.5951165947977,"estimated","absorption__region_fe_main_without_human_capital"
"34",4,NA,"not_estimated","absorption__region_fe_main_without_human_capital"
"35",2,NA,"not_estimated","absorption__region_fe_main_without_human_capital"
"01",11,8.24302161324369,"estimated","absorption__state_fe_main_without_human_capital"
"02",12,-3.08440646509961,"estimated","absorption__state_fe_main_without_human_capital"
"03",16,9.99754549206507,"estimated","absorption__state_fe_main_without_human_capital"
"04",1,NA,"not_estimated","absorption__state_fe_main_without_human_capital"
"05",12,-0.851522675536762,"estimated","absorption__state_fe_main_without_human_capital"
"06",19,5.64847997073847,"estimated","absorption__state_fe_main_without_human_capital"
"07",7,10.2389910155956,"estimated","absorption__state_fe_main_without_human_capital"
"08",27,4.02697851776492,"estimated","absorption__state_fe_main_without_human_capital"
"09",68,0.702987597570068,"estimated","absorption__state_fe_main_without_human_capital"
"10",37,1.19878992833282,"estimated","absorption__state_fe_main_without_human_capital"
"11",4,NA,"not_estimated","absorption__state_fe_main_without_human_capital"
"12",13,5.82690301244269,"estimated","absorption__state_fe_main_without_human_capital"
"13",8,4.79978448529112,"estimated","absorption__state_fe_main_without_human_capital"
"14",9,2.59896422781275,"estimated","absorption__state_fe_main_without_human_capital"
"15",8,-11.4691274931702,"estimated","absorption__state_fe_main_without_human_capital"
"16",4,NA,"not_estimated","absorption__state_fe_main_without_human_capital"
"17",7,3.7950171497751,"estimated","absorption__state_fe_main_without_human_capital"
"18",22,4.84361503140932,"estimated","absorption__state_fe_main_without_human_capital"
"19",18,-0.0512309701269863,"estimated","absorption__state_fe_main_without_human_capital"
"20",18,-3.7785042823299,"estimated","absorption__state_fe_main_without_human_capital"
"21",29,-0.450157217433302,"estimated","absorption__state_fe_main_without_human_capital"
"22",16,2.63320675220444,"estimated","absorption__state_fe_main_without_human_capital"
"23",44,-0.421485052665499,"estimated","absorption__state_fe_main_without_human_capital"
"24",25,-1.76641780124256,"estimated","absorption__state_fe_main_without_human_capital"
"25",2,NA,"not_estimated","absorption__state_fe_main_without_human_capital"
"26",1,NA,"not_estimated","absorption__state_fe_main_without_human_capital"
"27",33,1.2815233202262,"estimated","absorption__state_fe_main_without_human_capital"
"28",23,3.19569691378187,"estimated","absorption__state_fe_main_without_human_capital"
"29",27,8.11652182397914,"estimated","absorption__state_fe_main_without_human_capital"
"30",2,NA,"not_estimated","absorption__state_fe_main_without_human_capital"
"31",1,NA,"not_estimated","absorption__state_fe_main_without_human_capital"
"32",14,14.0213899547268,"estimated","absorption__state_fe_main_without_human_capital"
"33",29,17.3966729259761,"estimated","absorption__state_fe_main_without_human_capital"
"34",4,NA,"not_estimated","absorption__state_fe_main_without_human_capital"
"35",2,NA,"not_estimated","absorption__state_fe_main_without_human_capital"
"01",11,6.34335353126188,"estimated","absorption__region_fe_expanded_without_human_capital"
"02",12,-5.68585391223311,"estimated","absorption__region_fe_expanded_without_human_capital"
"03",16,24.8843204204161,"estimated","absorption__region_fe_expanded_without_human_capital"
"04",1,NA,"not_estimated","absorption__region_fe_expanded_without_human_capital"
"05",12,-1.7675606616147,"estimated","absorption__region_fe_expanded_without_human_capital"
"06",19,6.99725549195394,"estimated","absorption__region_fe_expanded_without_human_capital"
"07",7,10.4490291962013,"estimated","absorption__region_fe_expanded_without_human_capital"
"08",27,9.0489969084664,"estimated","absorption__region_fe_expanded_without_human_capital"
"09",68,1.88444899472955,"estimated","absorption__region_fe_expanded_without_human_capital"
"10",37,-0.895066832700241,"estimated","absorption__region_fe_expanded_without_human_capital"
"11",4,NA,"not_estimated","absorption__region_fe_expanded_without_human_capital"
"12",13,1.25261092844941,"estimated","absorption__region_fe_expanded_without_human_capital"
"13",8,4.61352959658069,"estimated","absorption__region_fe_expanded_without_human_capital"
"14",9,31.273549810892,"estimated","absorption__region_fe_expanded_without_human_capital"
"15",8,-6.76754903186671,"estimated","absorption__region_fe_expanded_without_human_capital"
"16",4,NA,"not_estimated","absorption__region_fe_expanded_without_human_capital"
"17",7,-0.789528564183227,"estimated","absorption__region_fe_expanded_without_human_capital"
"18",22,-3.49848299838352,"estimated","absorption__region_fe_expanded_without_human_capital"
"19",18,14.2603237073009,"estimated","absorption__region_fe_expanded_without_human_capital"
"20",18,4.54561456049808,"estimated","absorption__region_fe_expanded_without_human_capital"
"21",29,-2.58475130253608,"estimated","absorption__region_fe_expanded_without_human_capital"
"22",16,3.76006156771572,"estimated","absorption__region_fe_expanded_without_human_capital"
"23",44,1.05908245007576,"estimated","absorption__region_fe_expanded_without_human_capital"
"24",25,-1.85656505789043,"estimated","absorption__region_fe_expanded_without_human_capital"
"25",2,NA,"not_estimated","absorption__region_fe_expanded_without_human_capital"
"26",1,NA,"not_estimated","absorption__region_fe_expanded_without_human_capital"
"27",33,4.654283599216,"estimated","absorption__region_fe_expanded_without_human_capital"
"28",23,2.80377198066879,"estimated","absorption__region_fe_expanded_without_human_capital"
"29",27,14.2857055956443,"estimated","absorption__region_fe_expanded_without_human_capital"
"30",2,NA,"not_estimated","absorption__region_fe_expanded_without_human_capital"
"31",1,NA,"not_estimated","absorption__region_fe_expanded_without_human_capital"
"32",14,12.0420013184311,"estimated","absorption__region_fe_expanded_without_human_capital"
"33",29,14.5641357352564,"estimated","absorption__region_fe_expanded_without_human_capital"
"34",4,NA,"not_estimated","absorption__region_fe_expanded_without_human_capital"
"35",2,NA,"not_estimated","absorption__region_fe_expanded_without_human_capital"
"01",11,8.48081259236857,"estimated","absorption__state_fe_expanded_without_human_capital"
"02",12,-2.97910714664709,"estimated","absorption__state_fe_expanded_without_human_capital"
"03",16,17.1979277908765,"estimated","absorption__state_fe_expanded_without_human_capital"
"04",1,NA,"not_estimated","absorption__state_fe_expanded_without_human_capital"
"05",12,-1.25377793568988,"estimated","absorption__state_fe_expanded_without_human_capital"
"06",19,5.01637113332318,"estimated","absorption__state_fe_expanded_without_human_capital"
"07",7,9.04042824191314,"estimated","absorption__state_fe_expanded_without_human_capital"
"08",27,1.79886101309424,"estimated","absorption__state_fe_expanded_without_human_capital"
"09",68,0.866882504296263,"estimated","absorption__state_fe_expanded_without_human_capital"
"10",37,0.802215240619853,"estimated","absorption__state_fe_expanded_without_human_capital"
"11",4,NA,"not_estimated","absorption__state_fe_expanded_without_human_capital"
"12",13,4.6503486772596,"estimated","absorption__state_fe_expanded_without_human_capital"
"13",8,5.7113103107627,"estimated","absorption__state_fe_expanded_without_human_capital"
"14",9,4.27311983897221,"estimated","absorption__state_fe_expanded_without_human_capital"
"15",8,-10.9677472497558,"estimated","absorption__state_fe_expanded_without_human_capital"
"16",4,NA,"not_estimated","absorption__state_fe_expanded_without_human_capital"
"17",7,2.35063989989958,"estimated","absorption__state_fe_expanded_without_human_capital"
"18",22,4.10147897966033,"estimated","absorption__state_fe_expanded_without_human_capital"
"19",18,-4.59474499593889,"estimated","absorption__state_fe_expanded_without_human_capital"
"20",18,-2.59928863598083,"estimated","absorption__state_fe_expanded_without_human_capital"
"21",29,-1.95175520753088,"estimated","absorption__state_fe_expanded_without_human_capital"
"22",16,2.1330457487313,"estimated","absorption__state_fe_expanded_without_human_capital"
"23",44,-0.407801914883046,"estimated","absorption__state_fe_expanded_without_human_capital"
"24",25,-1.3786992937368,"estimated","absorption__state_fe_expanded_without_human_capital"
"25",2,NA,"not_estimated","absorption__state_fe_expanded_without_human_capital"
"26",1,NA,"not_estimated","absorption__state_fe_expanded_without_human_capital"
"27",33,0.180931988129829,"estimated","absorption__state_fe_expanded_without_human_capital"
"28",23,9.02286115858597,"estimated","absorption__state_fe_expanded_without_human_capital"
"29",27,8.72729493524239,"estimated","absorption__state_fe_expanded_without_human_capital"
"30",2,NA,"not_estimated","absorption__state_fe_expanded_without_human_capital"
"31",1,NA,"not_estimated","absorption__state_fe_expanded_without_human_capital"
"32",14,8.15956753976623,"estimated","absorption__state_fe_expanded_without_human_capital"
"33",29,14.9597045184643,"estimated","absorption__state_fe_expanded_without_human_capital"
"34",4,NA,"not_estimated","absorption__state_fe_expanded_without_human_capital"
"35",2,NA,"not_estimated","absorption__state_fe_expanded_without_human_capital"
"01",11,6.8875586032919,"estimated","absorption__region_fe_plus_basic_scale_geography"
"02",12,-6.49933796219618,"estimated","absorption__region_fe_plus_basic_scale_geography"
"03",16,9.19254556132434,"estimated","absorption__region_fe_plus_basic_scale_geography"
"04",1,NA,"not_estimated","absorption__region_fe_plus_basic_scale_geography"
"05",12,-3.39727858037162,"estimated","absorption__region_fe_plus_basic_scale_geography"
"06",19,7.35404233655308,"estimated","absorption__region_fe_plus_basic_scale_geography"
"07",7,11.2029233299414,"estimated","absorption__region_fe_plus_basic_scale_geography"
"08",27,29.0562715431062,"estimated","absorption__region_fe_plus_basic_scale_geography"
"09",68,0.515540549792478,"estimated","absorption__region_fe_plus_basic_scale_geography"
"10",37,1.73905554164679,"estimated","absorption__region_fe_plus_basic_scale_geography"
"11",4,NA,"not_estimated","absorption__region_fe_plus_basic_scale_geography"
"12",13,5.63787120893758,"estimated","absorption__region_fe_plus_basic_scale_geography"
"13",8,7.97431748718157,"estimated","absorption__region_fe_plus_basic_scale_geography"
"14",9,28.64506435931,"estimated","absorption__region_fe_plus_basic_scale_geography"
"15",8,-15.3485986166386,"estimated","absorption__region_fe_plus_basic_scale_geography"
"16",4,NA,"not_estimated","absorption__region_fe_plus_basic_scale_geography"
"17",7,2.66369430096109,"estimated","absorption__region_fe_plus_basic_scale_geography"
"18",22,-4.17106201452805,"estimated","absorption__region_fe_plus_basic_scale_geography"
"19",18,22.5663053831217,"estimated","absorption__region_fe_plus_basic_scale_geography"
"20",18,-0.717725919881188,"estimated","absorption__region_fe_plus_basic_scale_geography"
"21",29,3.28140851948656,"estimated","absorption__region_fe_plus_basic_scale_geography"
"22",16,2.9180441505286,"estimated","absorption__region_fe_plus_basic_scale_geography"
"23",44,-0.0615354611347232,"estimated","absorption__region_fe_plus_basic_scale_geography"
"24",25,6.89624037533349,"estimated","absorption__region_fe_plus_basic_scale_geography"
"25",2,NA,"not_estimated","absorption__region_fe_plus_basic_scale_geography"
"26",1,NA,"not_estimated","absorption__region_fe_plus_basic_scale_geography"
"27",33,10.5775928074482,"estimated","absorption__region_fe_plus_basic_scale_geography"
"28",23,4.08679292735681,"estimated","absorption__region_fe_plus_basic_scale_geography"
"29",27,18.0058677530756,"estimated","absorption__region_fe_plus_basic_scale_geography"
"30",2,NA,"not_estimated","absorption__region_fe_plus_basic_scale_geography"
"31",1,NA,"not_estimated","absorption__region_fe_plus_basic_scale_geography"
"32",14,23.2855070193365,"estimated","absorption__region_fe_plus_basic_scale_geography"
"33",29,44.4826453639418,"estimated","absorption__region_fe_plus_basic_scale_geography"
"34",4,NA,"not_estimated","absorption__region_fe_plus_basic_scale_geography"
"35",2,NA,"not_estimated","absorption__region_fe_plus_basic_scale_geography"
"01",11,5.87693615322419,"estimated","absorption__region_fe_plus_social_composition"
"02",12,-7.52217619935206,"estimated","absorption__region_fe_plus_social_composition"
"03",16,27.8515867009288,"estimated","absorption__region_fe_plus_social_composition"
"04",1,NA,"not_estimated","absorption__region_fe_plus_social_composition"
"05",12,-3.51386619556238,"estimated","absorption__region_fe_plus_social_composition"
"06",19,7.09952647679758,"estimated","absorption__region_fe_plus_social_composition"
"07",7,10.9991910349589,"estimated","absorption__region_fe_plus_social_composition"
"08",27,20.0091314626116,"estimated","absorption__region_fe_plus_social_composition"
"09",68,1.71828518772615,"estimated","absorption__region_fe_plus_social_composition"
"10",37,1.32600152469788,"estimated","absorption__region_fe_plus_social_composition"
"11",4,NA,"not_estimated","absorption__region_fe_plus_social_composition"
"12",13,5.92750218472891,"estimated","absorption__region_fe_plus_social_composition"
"13",8,7.55595709719468,"estimated","absorption__region_fe_plus_social_composition"
"14",9,13.0949438858996,"estimated","absorption__region_fe_plus_social_composition"
"15",8,-16.3588740858221,"estimated","absorption__region_fe_plus_social_composition"
"16",4,NA,"not_estimated","absorption__region_fe_plus_social_composition"
"17",7,2.20739972653029,"estimated","absorption__region_fe_plus_social_composition"
"18",22,-3.23587628602017,"estimated","absorption__region_fe_plus_social_composition"
"19",18,22.6469005213644,"estimated","absorption__region_fe_plus_social_composition"
"20",18,-4.00608017018169,"estimated","absorption__region_fe_plus_social_composition"
"21",29,3.99118654169055,"estimated","absorption__region_fe_plus_social_composition"
"22",16,2.76349608968745,"estimated","absorption__region_fe_plus_social_composition"
"23",44,-0.337881907023973,"estimated","absorption__region_fe_plus_social_composition"
"24",25,3.97727081978174,"estimated","absorption__region_fe_plus_social_composition"
"25",2,NA,"not_estimated","absorption__region_fe_plus_social_composition"
"26",1,NA,"not_estimated","absorption__region_fe_plus_social_composition"
"27",33,9.4091571569364,"estimated","absorption__region_fe_plus_social_composition"
"28",23,1.88750970332369,"estimated","absorption__region_fe_plus_social_composition"
"29",27,16.0475450326313,"estimated","absorption__region_fe_plus_social_composition"
"30",2,NA,"not_estimated","absorption__region_fe_plus_social_composition"
"31",1,NA,"not_estimated","absorption__region_fe_plus_social_composition"
"32",14,51.7891037424535,"estimated","absorption__region_fe_plus_social_composition"
"33",29,45.6921119749694,"estimated","absorption__region_fe_plus_social_composition"
"34",4,NA,"not_estimated","absorption__region_fe_plus_social_composition"
"35",2,NA,"not_estimated","absorption__region_fe_plus_social_composition"
"01",11,4.82822336559365,"estimated","absorption__region_fe_plus_human_capital"
"02",12,-8.08720183756426,"estimated","absorption__region_fe_plus_human_capital"
"03",16,0.246570949265713,"estimated","absorption__region_fe_plus_human_capital"
"04",1,NA,"not_estimated","absorption__region_fe_plus_human_capital"
"05",12,-2.00888428841809,"estimated","absorption__region_fe_plus_human_capital"
"06",19,3.08855455889556,"estimated","absorption__region_fe_plus_human_capital"
"07",7,8.88196788276732,"estimated","absorption__region_fe_plus_human_capital"
"08",27,23.6537334600326,"estimated","absorption__region_fe_plus_human_capital"
"09",68,0.416711843448599,"estimated","absorption__region_fe_plus_human_capital"
"10",37,0.898334130152146,"estimated","absorption__region_fe_plus_human_capital"
"11",4,NA,"not_estimated","absorption__region_fe_plus_human_capital"
"12",13,7.41637990018635,"estimated","absorption__region_fe_plus_human_capital"
"13",8,7.82565066379395,"estimated","absorption__region_fe_plus_human_capital"
"14",9,15.1323748912595,"estimated","absorption__region_fe_plus_human_capital"
"15",8,-10.1925560799238,"estimated","absorption__region_fe_plus_human_capital"
"16",4,NA,"not_estimated","absorption__region_fe_plus_human_capital"
"17",7,-3.30267431635125,"estimated","absorption__region_fe_plus_human_capital"
"18",22,-0.119588349460108,"estimated","absorption__region_fe_plus_human_capital"
"19",18,21.6377836423272,"estimated","absorption__region_fe_plus_human_capital"
"20",18,-3.04180632163296,"estimated","absorption__region_fe_plus_human_capital"
"21",29,2.84521039117101,"estimated","absorption__region_fe_plus_human_capital"
"22",16,-0.732373515409192,"estimated","absorption__region_fe_plus_human_capital"
"23",44,-1.1687275336656,"estimated","absorption__region_fe_plus_human_capital"
"24",25,7.60838668066996,"estimated","absorption__region_fe_plus_human_capital"
"25",2,NA,"not_estimated","absorption__region_fe_plus_human_capital"
"26",1,NA,"not_estimated","absorption__region_fe_plus_human_capital"
"27",33,7.58175937604461,"estimated","absorption__region_fe_plus_human_capital"
"28",23,3.66396314774977,"estimated","absorption__region_fe_plus_human_capital"
"29",27,10.6847059656491,"estimated","absorption__region_fe_plus_human_capital"
"30",2,NA,"not_estimated","absorption__region_fe_plus_human_capital"
"31",1,NA,"not_estimated","absorption__region_fe_plus_human_capital"
"32",14,1.57485170608607,"estimated","absorption__region_fe_plus_human_capital"
"33",29,38.9245755360012,"estimated","absorption__region_fe_plus_human_capital"
"34",4,NA,"not_estimated","absorption__region_fe_plus_human_capital"
"35",2,NA,"not_estimated","absorption__region_fe_plus_human_capital"
"01",11,5.02599933533121,"estimated","absorption__region_fe_plus_demography"
"02",12,-8.12126978529203,"estimated","absorption__region_fe_plus_demography"
"03",16,2.89941659490739,"estimated","absorption__region_fe_plus_demography"
"04",1,NA,"not_estimated","absorption__region_fe_plus_demography"
"05",12,-2.03950018597486,"estimated","absorption__region_fe_plus_demography"
"06",19,2.04906592301182,"estimated","absorption__region_fe_plus_demography"
"07",7,9.75736172732141,"estimated","absorption__region_fe_plus_demography"
"08",27,21.8707884137962,"estimated","absorption__region_fe_plus_demography"
"09",68,0.354202755654643,"estimated","absorption__region_fe_plus_demography"
"10",37,0.671098292578187,"estimated","absorption__region_fe_plus_demography"
"11",4,NA,"not_estimated","absorption__region_fe_plus_demography"
"12",13,7.65232798746686,"estimated","absorption__region_fe_plus_demography"
"13",8,7.06809850913515,"estimated","absorption__region_fe_plus_demography"
"14",9,14.5312932635461,"estimated","absorption__region_fe_plus_demography"
"15",8,-9.06709877290805,"estimated","absorption__region_fe_plus_demography"
"16",4,NA,"not_estimated","absorption__region_fe_plus_demography"
"17",7,-1.62394104184997,"estimated","absorption__region_fe_plus_demography"
"18",22,-1.04914551290995,"estimated","absorption__region_fe_plus_demography"
"19",18,23.8053603297302,"estimated","absorption__region_fe_plus_demography"
"20",18,-2.64355613215309,"estimated","absorption__region_fe_plus_demography"
"21",29,2.6607945752119,"estimated","absorption__region_fe_plus_demography"
"22",16,-0.246285471509418,"estimated","absorption__region_fe_plus_demography"
"23",44,-1.18698228722845,"estimated","absorption__region_fe_plus_demography"
"24",25,7.42217997177602,"estimated","absorption__region_fe_plus_demography"
"25",2,NA,"not_estimated","absorption__region_fe_plus_demography"
"26",1,NA,"not_estimated","absorption__region_fe_plus_demography"
"27",33,7.11797995390829,"estimated","absorption__region_fe_plus_demography"
"28",23,4.2577394327082,"estimated","absorption__region_fe_plus_demography"
"29",27,10.5994958240108,"estimated","absorption__region_fe_plus_demography"
"30",2,NA,"not_estimated","absorption__region_fe_plus_demography"
"31",1,NA,"not_estimated","absorption__region_fe_plus_demography"
"32",14,3.50195668389003,"estimated","absorption__region_fe_plus_demography"
"33",29,42.7404901714645,"estimated","absorption__region_fe_plus_demography"
"34",4,NA,"not_estimated","absorption__region_fe_plus_demography"
"35",2,NA,"not_estimated","absorption__region_fe_plus_demography"
"01",11,6.39394641996837,"estimated","absorption__region_fe_plus_economic_structure"
"02",12,-7.85655019096185,"estimated","absorption__region_fe_plus_economic_structure"
"03",16,0.754403559737934,"estimated","absorption__region_fe_plus_economic_structure"
"04",1,NA,"not_estimated","absorption__region_fe_plus_economic_structure"
"05",12,-1.93151821563469,"estimated","absorption__region_fe_plus_economic_structure"
"06",19,2.19091612025508,"estimated","absorption__region_fe_plus_economic_structure"
"07",7,7.39927859838086,"estimated","absorption__region_fe_plus_economic_structure"
"08",27,19.4914913385084,"estimated","absorption__region_fe_plus_economic_structure"
"09",68,1.15640077356803,"estimated","absorption__region_fe_plus_economic_structure"
"10",37,1.30426757392184,"estimated","absorption__region_fe_plus_economic_structure"
"11",4,NA,"not_estimated","absorption__region_fe_plus_economic_structure"
"12",13,4.45848824283506,"estimated","absorption__region_fe_plus_economic_structure"
"13",8,9.08308350592122,"estimated","absorption__region_fe_plus_economic_structure"
"14",9,39.5794527192623,"estimated","absorption__region_fe_plus_economic_structure"
"15",8,-0.472648266813013,"estimated","absorption__region_fe_plus_economic_structure"
"16",4,NA,"not_estimated","absorption__region_fe_plus_economic_structure"
"17",7,-5.04157956356651,"estimated","absorption__region_fe_plus_economic_structure"
"18",22,-1.19276226133298,"estimated","absorption__region_fe_plus_economic_structure"
"19",18,10.2789183917198,"estimated","absorption__region_fe_plus_economic_structure"
"20",18,6.68700880570167,"estimated","absorption__region_fe_plus_economic_structure"
"21",29,2.37927460780272,"estimated","absorption__region_fe_plus_economic_structure"
"22",16,-3.54354801412193,"estimated","absorption__region_fe_plus_economic_structure"
"23",44,-1.24154608975261,"estimated","absorption__region_fe_plus_economic_structure"
"24",25,3.96478454267711,"estimated","absorption__region_fe_plus_economic_structure"
"25",2,NA,"not_estimated","absorption__region_fe_plus_economic_structure"
"26",1,NA,"not_estimated","absorption__region_fe_plus_economic_structure"
"27",33,5.53874807800306,"estimated","absorption__region_fe_plus_economic_structure"
"28",23,3.23798686559236,"estimated","absorption__region_fe_plus_economic_structure"
"29",27,13.037036925763,"estimated","absorption__region_fe_plus_economic_structure"
"30",2,NA,"not_estimated","absorption__region_fe_plus_economic_structure"
"31",1,NA,"not_estimated","absorption__region_fe_plus_economic_structure"
"32",14,-3.36367488929587,"estimated","absorption__region_fe_plus_economic_structure"
"33",29,28.4082073186531,"estimated","absorption__region_fe_plus_economic_structure"
"34",4,NA,"not_estimated","absorption__region_fe_plus_economic_structure"
"35",2,NA,"not_estimated","absorption__region_fe_plus_economic_structure"
"01",11,6.05909830524157,"estimated","absorption__state_fe_plus_basic_scale_geography"
"02",12,-1.22839936189025,"estimated","absorption__state_fe_plus_basic_scale_geography"
"03",16,-25.4999311297576,"estimated","absorption__state_fe_plus_basic_scale_geography"
"04",1,NA,"not_estimated","absorption__state_fe_plus_basic_scale_geography"
"05",12,-0.145789321068357,"estimated","absorption__state_fe_plus_basic_scale_geography"
"06",19,5.47437935462697,"estimated","absorption__state_fe_plus_basic_scale_geography"
"07",7,9.98831046958533,"estimated","absorption__state_fe_plus_basic_scale_geography"
"08",27,-0.259472265713109,"estimated","absorption__state_fe_plus_basic_scale_geography"
"09",68,0.878583232361108,"estimated","absorption__state_fe_plus_basic_scale_geography"
"10",37,1.07819903285994,"estimated","absorption__state_fe_plus_basic_scale_geography"
"11",4,NA,"not_estimated","absorption__state_fe_plus_basic_scale_geography"
"12",13,5.17244690940843,"estimated","absorption__state_fe_plus_basic_scale_geography"
"13",8,6.35615094592025,"estimated","absorption__state_fe_plus_basic_scale_geography"
"14",9,2.39503711716226,"estimated","absorption__state_fe_plus_basic_scale_geography"
"15",8,-15.6766495407685,"estimated","absorption__state_fe_plus_basic_scale_geography"
"16",4,NA,"not_estimated","absorption__state_fe_plus_basic_scale_geography"
"17",7,-1.72391201997786,"estimated","absorption__state_fe_plus_basic_scale_geography"
"18",22,1.69779770775408,"estimated","absorption__state_fe_plus_basic_scale_geography"
"19",18,-24.8173185841284,"estimated","absorption__state_fe_plus_basic_scale_geography"
"20",18,-2.10235668329148,"estimated","absorption__state_fe_plus_basic_scale_geography"
"21",29,-0.223418346890449,"estimated","absorption__state_fe_plus_basic_scale_geography"
"22",16,3.46873078776565,"estimated","absorption__state_fe_plus_basic_scale_geography"
"23",44,0.383571212600074,"estimated","absorption__state_fe_plus_basic_scale_geography"
"24",25,3.51387876687161,"estimated","absorption__state_fe_plus_basic_scale_geography"
"25",2,NA,"not_estimated","absorption__state_fe_plus_basic_scale_geography"
"26",1,NA,"not_estimated","absorption__state_fe_plus_basic_scale_geography"
"27",33,3.80072209956816,"estimated","absorption__state_fe_plus_basic_scale_geography"
"28",23,2.39058179478414,"estimated","absorption__state_fe_plus_basic_scale_geography"
"29",27,14.8052676546209,"estimated","absorption__state_fe_plus_basic_scale_geography"
"30",2,NA,"not_estimated","absorption__state_fe_plus_basic_scale_geography"
"31",1,NA,"not_estimated","absorption__state_fe_plus_basic_scale_geography"
"32",14,1.31302440636495,"estimated","absorption__state_fe_plus_basic_scale_geography"
"33",29,18.194101029437,"estimated","absorption__state_fe_plus_basic_scale_geography"
"34",4,NA,"not_estimated","absorption__state_fe_plus_basic_scale_geography"
"35",2,NA,"not_estimated","absorption__state_fe_plus_basic_scale_geography"
"01",11,8.69925938758948,"estimated","absorption__state_fe_plus_social_composition"
"02",12,-1.7707534980761,"estimated","absorption__state_fe_plus_social_composition"
"03",16,11.5910268744932,"estimated","absorption__state_fe_plus_social_composition"
"04",1,NA,"not_estimated","absorption__state_fe_plus_social_composition"
"05",12,-1.27529920263629,"estimated","absorption__state_fe_plus_social_composition"
"06",19,6.46373905799142,"estimated","absorption__state_fe_plus_social_composition"
"07",7,9.9015473664345,"estimated","absorption__state_fe_plus_social_composition"
"08",27,2.6184133419805,"estimated","absorption__state_fe_plus_social_composition"
"09",68,0.712467937799684,"estimated","absorption__state_fe_plus_social_composition"
"10",37,1.48446522551884,"estimated","absorption__state_fe_plus_social_composition"
"11",4,NA,"not_estimated","absorption__state_fe_plus_social_composition"
"12",13,5.20745471624675,"estimated","absorption__state_fe_plus_social_composition"
"13",8,6.02630288812599,"estimated","absorption__state_fe_plus_social_composition"
"14",9,0.0989668994904769,"estimated","absorption__state_fe_plus_social_composition"
"15",8,-16.4458288578643,"estimated","absorption__state_fe_plus_social_composition"
"16",4,NA,"not_estimated","absorption__state_fe_plus_social_composition"
"17",7,-2.13937047037896,"estimated","absorption__state_fe_plus_social_composition"
"18",22,1.51222110104187,"estimated","absorption__state_fe_plus_social_composition"
"19",18,-0.57987065660333,"estimated","absorption__state_fe_plus_social_composition"
"20",18,-3.85187082509738,"estimated","absorption__state_fe_plus_social_composition"
"21",29,-0.702823328595411,"estimated","absorption__state_fe_plus_social_composition"
"22",16,2.68256018808568,"estimated","absorption__state_fe_plus_social_composition"
"23",44,0.198322092488363,"estimated","absorption__state_fe_plus_social_composition"
"24",25,-2.65114114250275,"estimated","absorption__state_fe_plus_social_composition"
"25",2,NA,"not_estimated","absorption__state_fe_plus_social_composition"
"26",1,NA,"not_estimated","absorption__state_fe_plus_social_composition"
"27",33,3.39364319534908,"estimated","absorption__state_fe_plus_social_composition"
"28",23,1.32857396100371,"estimated","absorption__state_fe_plus_social_composition"
"29",27,11.384858827832,"estimated","absorption__state_fe_plus_social_composition"
"30",2,NA,"not_estimated","absorption__state_fe_plus_social_composition"
"31",1,NA,"not_estimated","absorption__state_fe_plus_social_composition"
"32",14,15.5971597159039,"estimated","absorption__state_fe_plus_social_composition"
"33",29,22.004927951625,"estimated","absorption__state_fe_plus_social_composition"
"34",4,NA,"not_estimated","absorption__state_fe_plus_social_composition"
"35",2,NA,"not_estimated","absorption__state_fe_plus_social_composition"
"01",11,7.47821419939469,"estimated","absorption__state_fe_plus_human_capital"
"02",12,-2.13696165702016,"estimated","absorption__state_fe_plus_human_capital"
"03",16,-17.5000455009175,"estimated","absorption__state_fe_plus_human_capital"
"04",1,NA,"not_estimated","absorption__state_fe_plus_human_capital"
"05",12,-0.821326861112979,"estimated","absorption__state_fe_plus_human_capital"
"06",19,1.02522896737793,"estimated","absorption__state_fe_plus_human_capital"
"07",7,8.22412839109714,"estimated","absorption__state_fe_plus_human_capital"
"08",27,4.40509824914055,"estimated","absorption__state_fe_plus_human_capital"
"09",68,-0.179974344871806,"estimated","absorption__state_fe_plus_human_capital"
"10",37,1.86704042736129,"estimated","absorption__state_fe_plus_human_capital"
"11",4,NA,"not_estimated","absorption__state_fe_plus_human_capital"
"12",13,6.7317058804747,"estimated","absorption__state_fe_plus_human_capital"
"13",8,5.53150026196907,"estimated","absorption__state_fe_plus_human_capital"
"14",9,1.07512550302836,"estimated","absorption__state_fe_plus_human_capital"
"15",8,-9.53171914135388,"estimated","absorption__state_fe_plus_human_capital"
"16",4,NA,"not_estimated","absorption__state_fe_plus_human_capital"
"17",7,-1.65725721394554,"estimated","absorption__state_fe_plus_human_capital"
"18",22,6.49490848347323,"estimated","absorption__state_fe_plus_human_capital"
"19",18,-3.5312122623316,"estimated","absorption__state_fe_plus_human_capital"
"20",18,-3.214966736478,"estimated","absorption__state_fe_plus_human_capital"
"21",29,0.3018833268267,"estimated","absorption__state_fe_plus_human_capital"
"22",16,1.48824753025882,"estimated","absorption__state_fe_plus_human_capital"
"23",44,-0.357448075838765,"estimated","absorption__state_fe_plus_human_capital"
"24",25,-2.02025962755576,"estimated","absorption__state_fe_plus_human_capital"
"25",2,NA,"not_estimated","absorption__state_fe_plus_human_capital"
"26",1,NA,"not_estimated","absorption__state_fe_plus_human_capital"
"27",33,3.18958294694808,"estimated","absorption__state_fe_plus_human_capital"
"28",23,0.600403665825186,"estimated","absorption__state_fe_plus_human_capital"
"29",27,9.0681141806231,"estimated","absorption__state_fe_plus_human_capital"
"30",2,NA,"not_estimated","absorption__state_fe_plus_human_capital"
"31",1,NA,"not_estimated","absorption__state_fe_plus_human_capital"
"32",14,-19.8424634647925,"estimated","absorption__state_fe_plus_human_capital"
"33",29,22.3188881497933,"estimated","absorption__state_fe_plus_human_capital"
"34",4,NA,"not_estimated","absorption__state_fe_plus_human_capital"
"35",2,NA,"not_estimated","absorption__state_fe_plus_human_capital"
"01",11,7.47320039493841,"estimated","absorption__state_fe_plus_demography"
"02",12,-2.38770431406097,"estimated","absorption__state_fe_plus_demography"
"03",16,-22.0273042983733,"estimated","absorption__state_fe_plus_demography"
"04",1,NA,"not_estimated","absorption__state_fe_plus_demography"
"05",12,-0.818159824963554,"estimated","absorption__state_fe_plus_demography"
"06",19,0.7173832774984,"estimated","absorption__state_fe_plus_demography"
"07",7,9.08044087240512,"estimated","absorption__state_fe_plus_demography"
"08",27,4.79676365486053,"estimated","absorption__state_fe_plus_demography"
"09",68,-0.0646756039259514,"estimated","absorption__state_fe_plus_demography"
"10",37,1.58437556919772,"estimated","absorption__state_fe_plus_demography"
"11",4,NA,"not_estimated","absorption__state_fe_plus_demography"
"12",13,7.3031693199229,"estimated","absorption__state_fe_plus_demography"
"13",8,5.05149107494642,"estimated","absorption__state_fe_plus_demography"
"14",9,0.824225122869802,"estimated","absorption__state_fe_plus_demography"
"15",8,-8.48299229004244,"estimated","absorption__state_fe_plus_demography"
"16",4,NA,"not_estimated","absorption__state_fe_plus_demography"
"17",7,0.662063971335409,"estimated","absorption__state_fe_plus_demography"
"18",22,6.30438039600375,"estimated","absorption__state_fe_plus_demography"
"19",18,-1.77141478582655,"estimated","absorption__state_fe_plus_demography"
"20",18,-3.62594539215279,"estimated","absorption__state_fe_plus_demography"
"21",29,0.18972198974974,"estimated","absorption__state_fe_plus_demography"
"22",16,1.40649870425354,"estimated","absorption__state_fe_plus_demography"
"23",44,-0.445307658105369,"estimated","absorption__state_fe_plus_demography"
"24",25,-1.14620798242017,"estimated","absorption__state_fe_plus_demography"
"25",2,NA,"not_estimated","absorption__state_fe_plus_demography"
"26",1,NA,"not_estimated","absorption__state_fe_plus_demography"
"27",33,2.43986043282111,"estimated","absorption__state_fe_plus_demography"
"28",23,0.354330961497674,"estimated","absorption__state_fe_plus_demography"
"29",27,8.22284583540237,"estimated","absorption__state_fe_plus_demography"
"30",2,NA,"not_estimated","absorption__state_fe_plus_demography"
"31",1,NA,"not_estimated","absorption__state_fe_plus_demography"
"32",14,-18.2988618950218,"estimated","absorption__state_fe_plus_demography"
"33",29,22.0818843308646,"estimated","absorption__state_fe_plus_demography"
"34",4,NA,"not_estimated","absorption__state_fe_plus_demography"
"35",2,NA,"not_estimated","absorption__state_fe_plus_demography"
"01",11,7.77761355052677,"estimated","absorption__state_fe_plus_economic_structure"
"02",12,-2.41299735454137,"estimated","absorption__state_fe_plus_economic_structure"
"03",16,-13.4388769754873,"estimated","absorption__state_fe_plus_economic_structure"
"04",1,NA,"not_estimated","absorption__state_fe_plus_economic_structure"
"05",12,-0.963086799095696,"estimated","absorption__state_fe_plus_economic_structure"
"06",19,0.0909676009743702,"estimated","absorption__state_fe_plus_economic_structure"
"07",7,7.15024565236406,"estimated","absorption__state_fe_plus_economic_structure"
"08",27,3.06465969302474,"estimated","absorption__state_fe_plus_economic_structure"
"09",68,0.0443177962746142,"estimated","absorption__state_fe_plus_economic_structure"
"10",37,1.12161566908366,"estimated","absorption__state_fe_plus_economic_structure"
"11",4,NA,"not_estimated","absorption__state_fe_plus_economic_structure"
"12",13,6.44718066265011,"estimated","absorption__state_fe_plus_economic_structure"
"13",8,6.08685182269303,"estimated","absorption__state_fe_plus_economic_structure"
"14",9,2.60232564591116,"estimated","absorption__state_fe_plus_economic_structure"
"15",8,-6.86338072556122,"estimated","absorption__state_fe_plus_economic_structure"
"16",4,NA,"not_estimated","absorption__state_fe_plus_economic_structure"
"17",7,-2.93976010124809,"estimated","absorption__state_fe_plus_economic_structure"
"18",22,6.25759582422815,"estimated","absorption__state_fe_plus_economic_structure"
"19",18,-1.88628403319654,"estimated","absorption__state_fe_plus_economic_structure"
"20",18,-1.27918473379625,"estimated","absorption__state_fe_plus_economic_structure"
"21",29,-1.89771789330228,"estimated","absorption__state_fe_plus_economic_structure"
"22",16,0.442216268993803,"estimated","absorption__state_fe_plus_economic_structure"
"23",44,-0.481820397948554,"estimated","absorption__state_fe_plus_economic_structure"
"24",25,-1.02337030827047,"estimated","absorption__state_fe_plus_economic_structure"
"25",2,NA,"not_estimated","absorption__state_fe_plus_economic_structure"
"26",1,NA,"not_estimated","absorption__state_fe_plus_economic_structure"
"27",33,1.19597778746725,"estimated","absorption__state_fe_plus_economic_structure"
"28",23,4.29269794341529,"estimated","absorption__state_fe_plus_economic_structure"
"29",27,10.5095482985204,"estimated","absorption__state_fe_plus_economic_structure"
"30",2,NA,"not_estimated","absorption__state_fe_plus_economic_structure"
"31",1,NA,"not_estimated","absorption__state_fe_plus_economic_structure"
"32",14,-18.1501899297908,"estimated","absorption__state_fe_plus_economic_structure"
"33",29,21.3346514835598,"estimated","absorption__state_fe_plus_economic_structure"
"34",4,NA,"not_estimated","absorption__state_fe_plus_economic_structure"
"35",2,NA,"not_estimated","absorption__state_fe_plus_economic_structure"
