"panel_unit_id","dist91_state_id","dist91_district_id","state_code_2001","district_code_2001","preferred_vanneman_pretrend_eligible","pretrend_geography_status","period_id","start_year","end_year","measure_id","domain","label","contains_estimated_source","start_value","end_value","change","population_1961"
"geo_component_0001",NA,NA,"28",NA,TRUE,"kumar_somanathan_exact_amalgamation","1961_1971",1961,1971,"log_population","demography","Log population",FALSE,14.2570150420835,14.38649010455,0.129475062466501,1555045
"geo_component_0002",NA,NA,"28",NA,TRUE,"kumar_somanathan_exact_amalgamation","1961_1971",1961,1971,"log_population","demography","Log population",FALSE,14.1159891545404,14.2789319467172,0.1629427921768,1350505
"geo_component_0003",NA,NA,"28",NA,TRUE,"kumar_somanathan_exact_amalgamation","1961_1971",1961,1971,"log_population","demography","Log population",FALSE,14.6602043163334,14.8608936444963,0.2006893281629,2327265
"geo_component_0004",NA,NA,"28",NA,TRUE,"kumar_somanathan_exact_amalgamation","1961_1971",1961,1971,"log_population","demography","Log population",FALSE,14.3293815399162,14.4678331398339,0.138451599917699,1671750
"geo_component_0005",NA,NA,"28",NA,TRUE,"kumar_somanathan_exact_amalgamation","1961_1971",1961,1971,"log_population","demography","Log population",FALSE,14.1619996013055,14.3026619454187,0.140662344113201,1414094
"geo_component_0006",NA,NA,"28",NA,TRUE,"kumar_somanathan_exact_amalgamation","1961_1971",1961,1971,"log_population","demography","Log population",FALSE,14.4574291788834,14.6341796406459,0.1767504617625,1900123
"geo_component_0007",NA,NA,"28",NA,TRUE,"kumar_somanathan_exact_amalgamation","1961_1971",1961,1971,"log_population","demography","Log population",FALSE,14.9499657460059,15.1218381251958,0.171872379189901,3109479
"geo_component_0008",NA,NA,"28",NA,TRUE,"kumar_somanathan_exact_amalgamation","1961_1971",1961,1971,"log_population","demography","Log population",FALSE,14.2671548054338,14.4996624015192,0.232507596085402,1570893
"geo_component_0010",NA,NA,"28",NA,TRUE,"kumar_somanathan_exact_amalgamation","1961_1971",1961,1971,"log_population","demography","Log population",FALSE,14.0244561941983,14.19937334029,0.174917146091699,1232378
"geo_component_0011",NA,NA,"28",NA,TRUE,"kumar_somanathan_exact_amalgamation","1961_1971",1961,1971,"log_population","demography","Log population",FALSE,13.8333769983342,14.0880292451757,0.2546522468415,1018027
"geo_component_0012",NA,NA,"28",NA,TRUE,"kumar_somanathan_exact_amalgamation","1961_1971",1961,1971,"log_population","demography","Log population",FALSE,14.2587716468276,14.4142030926464,0.155431445818799,1557779
"geo_component_0019",NA,NA,"18",NA,TRUE,"kumar_somanathan_exact_amalgamation","1961_1971",1961,1971,"log_population","demography","Log population",FALSE,14.2498170589338,14.6153137646459,0.365496705712101,1543892
"geo_component_0022",NA,NA,"18",NA,TRUE,"kumar_somanathan_exact_amalgamation","1961_1971",1961,1971,"log_population","demography","Log population",FALSE,14.5394643056726,14.8642961954959,0.324831889823299,2062572
"geo_component_0023",NA,NA,"18",NA,TRUE,"kumar_somanathan_exact_amalgamation","1961_1971",1961,1971,"log_population","demography","Log population",FALSE,14.0698969296584,14.3672024632698,0.2973055336114,1289670
"geo_component_0027",NA,NA,"18",NA,TRUE,"kumar_somanathan_exact_amalgamation","1961_1971",1961,1971,"log_population","demography","Log population",FALSE,14.2265534148031,14.4238561000812,0.1973026852781,1508390
"geo_component_0036",NA,NA,"10",NA,TRUE,"kumar_somanathan_exact_amalgamation","1961_1971",1961,1971,"log_population","demography","Log population",FALSE,14.4511229009046,14.6700399221712,0.2189170212666,1888178
"geo_component_0040",NA,NA,"24",NA,TRUE,"kumar_somanathan_exact_amalgamation","1961_1971",1961,1971,"log_population","demography","Log population",FALSE,13.4046403686875,13.6476290401636,0.2429886714761,663073
"geo_component_0041",NA,NA,"24",NA,TRUE,"kumar_somanathan_exact_amalgamation","1961_1971",1961,1971,"log_population","demography","Log population",FALSE,14.9250301451884,15.1792248983993,0.2541947532109,3032901
"geo_component_0043",NA,NA,"24",NA,TRUE,"kumar_somanathan_exact_amalgamation","1961_1971",1961,1971,"log_population","demography","Log population",FALSE,14.6989867333762,14.9435735524168,0.244586819040599,2419295
"geo_component_0044",NA,NA,"06",NA,TRUE,"kumar_somanathan_exact_amalgamation","1961_1971",1961,1971,"log_population","demography","Log population",FALSE,13.6941956676455,13.9093696855013,0.2151740178558,885755
"geo_component_0048",NA,NA,"06",NA,TRUE,"kumar_somanathan_exact_amalgamation","1961_1971",1961,1971,"log_population","demography","Log population",FALSE,13.2758464058306,13.5503541992268,0.2745077933962,582944
"geo_component_0050",NA,NA,"02",NA,TRUE,"kumar_somanathan_exact_amalgamation","1961_1971",1961,1971,"log_population","demography","Log population",FALSE,12.2823297352469,12.4340047135762,0.1516749783293,215848
"geo_component_0064",NA,NA,"29",NA,TRUE,"kumar_somanathan_exact_amalgamation","1961_1971",1961,1971,"log_population","demography","Log population",FALSE,14.5005303001925,14.7006581371763,0.2001278369838,1983811
"geo_component_0065",NA,NA,"29",NA,TRUE,"kumar_somanathan_exact_amalgamation","1961_1971",1961,1971,"log_population","demography","Log population",FALSE,14.9230538462628,15.1561868061366,0.233132959873799,3026913
"geo_component_0066",NA,NA,"29",NA,TRUE,"kumar_somanathan_exact_amalgamation","1961_1971",1961,1971,"log_population","demography","Log population",FALSE,14.4841462720259,14.6666067669121,0.1824604948862,1951573
"geo_component_0067",NA,NA,"29",NA,TRUE,"kumar_somanathan_exact_amalgamation","1961_1971",1961,1971,"log_population","demography","Log population",FALSE,13.9105334237706,14.1631629205571,0.252629496786501,1099684
"geo_component_0068",NA,NA,"29",NA,TRUE,"kumar_somanathan_exact_amalgamation","1961_1971",1961,1971,"log_population","demography","Log population",FALSE,13.4437930396803,13.651938132558,0.2081450928777,689549
"geo_component_0070",NA,NA,"32",NA,TRUE,"kumar_somanathan_exact_amalgamation","1961_1971",1961,1971,"log_population","demography","Log population",FALSE,12.6507296202217,12.9334473246393,0.2827177044176,311991
"geo_component_0071",NA,NA,"32",NA,TRUE,"kumar_somanathan_exact_amalgamation","1961_1971",1961,1971,"log_population","demography","Log population",FALSE,14.1330642478035,14.4152779443261,0.2822136965226,1373763
"geo_component_0073",NA,NA,"32",NA,TRUE,"kumar_somanathan_exact_amalgamation","1961_1971",1961,1971,"log_population","demography","Log population",FALSE,14.6564020844017,14.8902655101018,0.2338634257001,2318433
"geo_component_0074",NA,NA,"32",NA,TRUE,"kumar_somanathan_exact_amalgamation","1961_1971",1961,1971,"log_population","demography","Log population",FALSE,14.0579546497659,14.2466674541175,0.188712804351599,1274360
"geo_component_0077",NA,NA,"23",NA,TRUE,"kumar_somanathan_exact_amalgamation","1961_1971",1961,1971,"log_population","demography","Log population",FALSE,13.6627590654844,13.9228139849469,0.260054919462501,858343
"geo_component_0080",NA,NA,"23",NA,TRUE,"kumar_somanathan_exact_amalgamation","1961_1971",1961,1971,"log_population","demography","Log population",FALSE,13.3367906521071,13.6019633144484,0.2651726623413,619576
"geo_component_0082",NA,NA,"27",NA,TRUE,"kumar_somanathan_exact_amalgamation","1961_1971",1961,1971,"log_population","demography","Log population",FALSE,14.4182969402989,14.503938118619,0.0856411783201008,1827203
"geo_component_0084",NA,NA,"27",NA,TRUE,"kumar_somanathan_exact_amalgamation","1961_1971",1961,1971,"log_population","demography","Log population",FALSE,14.0231066718072,14.2471760844416,0.2240694126344,1230716
"geo_component_0085",NA,NA,"27",NA,TRUE,"kumar_somanathan_exact_amalgamation","1961_1971",1961,1971,"log_population","demography","Log population",FALSE,14.4361510221375,14.6281459861466,0.191994964009101,1860119
"geo_component_0086",NA,NA,"27",NA,TRUE,"kumar_somanathan_exact_amalgamation","1961_1971",1961,1971,"log_population","demography","Log population",FALSE,14.2833199065361,14.5323981906366,0.2490782841005,1596493
"geo_component_0088",NA,NA,"27",NA,TRUE,"kumar_somanathan_exact_amalgamation","1961_1971",1961,1971,"log_population","demography","Log population",FALSE,14.0030153253504,14.2254795085304,0.22246418318,1206236
"geo_component_0089",NA,NA,"27",NA,TRUE,"kumar_somanathan_exact_amalgamation","1961_1971",1961,1971,"log_population","demography","Log population",FALSE,13.8169754844353,14.0671412695557,0.2501657851204,1001466
"geo_component_0090",NA,NA,"27",NA,TRUE,"kumar_somanathan_exact_amalgamation","1961_1971",1961,1971,"log_population","demography","Log population",FALSE,14.2059676064452,14.4556192379393,0.249651631494102,1477656
"geo_component_0092",NA,NA,"27",NA,TRUE,"kumar_somanathan_exact_amalgamation","1961_1971",1961,1971,"log_population","demography","Log population",FALSE,14.2265733033609,14.4795831390376,0.253009835676702,1508420
"geo_component_0093",NA,NA,"27",NA,TRUE,"kumar_somanathan_exact_amalgamation","1961_1971",1961,1971,"log_population","demography","Log population",FALSE,14.0566299710148,14.2764608289566,0.219830857941799,1272673
"geo_component_0109",NA,NA,"21",NA,TRUE,"kumar_somanathan_exact_amalgamation","1961_1971",1961,1971,"log_population","demography","Log population",FALSE,14.9348789408032,15.1577689109846,0.2228899701814,3062919
"geo_component_0110",NA,NA,"21",NA,TRUE,"kumar_somanathan_exact_amalgamation","1961_1971",1961,1971,"log_population","demography","Log population",FALSE,13.8416323926325,14.0731822912471,0.231549898614601,1026466
"geo_component_0111",NA,NA,"21",NA,TRUE,"kumar_somanathan_exact_amalgamation","1961_1971",1961,1971,"log_population","demography","Log population",FALSE,13.7609001892161,13.9672603579848,0.2063601687687,946854
"geo_component_0112",NA,NA,"21",NA,TRUE,"kumar_somanathan_exact_amalgamation","1961_1971",1961,1971,"log_population","demography","Log population",FALSE,14.2608826821275,14.5300674071708,0.269184725043299,1561071
"geo_component_0113",NA,NA,"21",NA,TRUE,"kumar_somanathan_exact_amalgamation","1961_1971",1961,1971,"log_population","demography","Log population",FALSE,14.438882596858,14.6660285139885,0.2271459171305,1865207
"geo_component_0115",NA,NA,"08",NA,TRUE,"kumar_somanathan_exact_amalgamation","1961_1971",1961,1971,"log_population","demography","Log population",FALSE,13.9105707065134,14.1547090749038,0.244138368390399,1099725
"geo_component_0116",NA,NA,"08",NA,TRUE,"kumar_somanathan_exact_amalgamation","1961_1971",1961,1971,"log_population","demography","Log population",FALSE,14.8577750453338,15.1138621084449,0.256087063111101,2835631
"geo_component_0117",NA,NA,"08",NA,TRUE,"kumar_somanathan_exact_amalgamation","1961_1971",1961,1971,"log_population","demography","Log population",FALSE,11.857472158109,12.0305161539931,0.1730439958841,141135
"geo_component_0118",NA,NA,"08",NA,TRUE,"kumar_somanathan_exact_amalgamation","1961_1971",1961,1971,"log_population","demography","Log population",FALSE,13.6931915000967,13.9567279623796,0.2635364622829,884866
"geo_component_0119",NA,NA,"08",NA,TRUE,"kumar_somanathan_exact_amalgamation","1961_1971",1961,1971,"log_population","demography","Log population",FALSE,14.1708353909132,14.4052397793257,0.2344043884125,1426644
"geo_component_0120",NA,NA,"08",NA,TRUE,"kumar_somanathan_exact_amalgamation","1961_1971",1961,1971,"log_population","demography","Log population",FALSE,12.7308307598263,13.014824936232,0.283994176405699,338010
"geo_component_0121",NA,NA,"08",NA,TRUE,"kumar_somanathan_exact_amalgamation","1961_1971",1961,1971,"log_population","demography","Log population",FALSE,13.649592918212,13.9484265112448,0.2988335930328,847116
"geo_component_0122",NA,NA,"08",NA,TRUE,"kumar_somanathan_exact_amalgamation","1961_1971",1961,1971,"log_population","demography","Log population",FALSE,13.1059941293105,13.3434520188367,0.237457889526201,491882
"geo_component_0123",NA,NA,"33",NA,TRUE,"kumar_somanathan_exact_amalgamation","1961_1971",1961,1971,"log_population","demography","Log population",FALSE,14.410032821042,14.7630503133363,0.353017492294301,1812165
"geo_component_0124",NA,NA,"33",NA,TRUE,"kumar_somanathan_exact_amalgamation","1961_1971",1961,1971,"log_population","demography","Log population",FALSE,14.9141928441825,15.0824550628552,0.1682622186727,3000210
"geo_component_0125",NA,NA,"33",NA,TRUE,"kumar_somanathan_exact_amalgamation","1961_1971",1961,1971,"log_population","demography","Log population",FALSE,14.9822390228232,15.1862335623236,0.203994539500401,3211469
"geo_component_0127",NA,NA,"33",NA,TRUE,"kumar_somanathan_exact_amalgamation","1961_1971",1961,1971,"log_population","demography","Log population",FALSE,14.6999167371348,14.8664045577993,0.1664878206645,2421546
"geo_component_0130",NA,NA,"05",NA,TRUE,"kumar_somanathan_exact_amalgamation","1961_1971",1961,1971,"log_population","demography","Log population",FALSE,14.512020079515,14.710870154016,0.198850074500999,2006736
"geo_component_0131",NA,NA,"05",NA,TRUE,"kumar_somanathan_exact_amalgamation","1961_1971",1961,1971,"log_population","demography","Log population",FALSE,13.2136107697989,13.382622350377,0.1690115805781,547770
"geo_component_0132",NA,NA,"09",NA,TRUE,"kumar_somanathan_exact_amalgamation","1961_1971",1961,1971,"log_population","demography","Log population",FALSE,13.9902929330806,14.2144108312881,0.224117898207501,1190987
"geo_component_0133",NA,NA,"09",NA,TRUE,"kumar_somanathan_exact_amalgamation","1961_1971",1961,1971,"log_population","demography","Log population",FALSE,14.4954716833569,14.7029782688435,0.2075065854866,1973801
"geo_component_0134",NA,NA,"09",NA,TRUE,"kumar_somanathan_exact_amalgamation","1961_1971",1961,1971,"log_population","demography","Log population",FALSE,14.2951414460791,14.5357056240609,0.240564177981801,1615478
"geo_component_0136",NA,NA,"09",NA,TRUE,"kumar_somanathan_exact_amalgamation","1961_1971",1961,1971,"log_population","demography","Log population",FALSE,14.1835652067539,14.4045680816498,0.221002874895898,1444921
"geo_component_0139",NA,NA,"09",NA,TRUE,"kumar_somanathan_exact_amalgamation","1961_1971",1961,1971,"log_population","demography","Log population",FALSE,14.8581004931138,15.0399140276233,0.1818135345095,2836554
"geo_component_0140",NA,NA,"09",NA,TRUE,"kumar_somanathan_exact_amalgamation","1961_1971",1961,1971,"log_population","demography","Log population",FALSE,14.4372379959951,14.6521682982198,0.214930302224701,1862142
"geo_component_0142",NA,NA,"09",NA,TRUE,"kumar_somanathan_exact_amalgamation","1961_1971",1961,1971,"log_population","demography","Log population",FALSE,14.6754831816663,14.8778861568496,0.202402975183301,2363096
"geo_component_0143",NA,NA,"09",NA,TRUE,"kumar_somanathan_exact_amalgamation","1961_1971",1961,1971,"log_population","demography","Log population",FALSE,14.0199197112222,14.2105164924474,0.190596781225201,1226800
"geo_component_0145",NA,NA,"09",NA,TRUE,"kumar_somanathan_exact_amalgamation","1961_1971",1961,1971,"log_population","demography","Log population",FALSE,13.8791902729334,14.0610056422157,0.181815369282301,1065751
"geo_component_0149",NA,NA,"09",NA,TRUE,"kumar_somanathan_exact_amalgamation","1961_1971",1961,1971,"log_population","demography","Log population",FALSE,14.1112909999222,14.2785745384518,0.167283538529599,1344175
"geo_component_0150",NA,NA,"09",NA,TRUE,"kumar_somanathan_exact_amalgamation","1961_1971",1961,1971,"log_population","demography","Log population",FALSE,14.6762581354701,14.8636919872584,0.187433851788301,2364928
"geo_component_0151",NA,NA,"09",NA,TRUE,"kumar_somanathan_exact_amalgamation","1961_1971",1961,1971,"log_population","demography","Log population",FALSE,14.0361742369353,14.2479992184472,0.211824981511899,1246904
"geo_component_0152",NA,NA,"19",NA,TRUE,"kumar_somanathan_exact_amalgamation","1961_1971",1961,1971,"log_population","demography","Log population",FALSE,14.6462342511081,14.8961869558988,0.249952704790701,2294979
"geo_component_0153",NA,NA,"19",NA,TRUE,"kumar_somanathan_exact_amalgamation","1961_1971",1961,1971,"log_population","demography","Log population",FALSE,14.3513025129538,14.6147289016123,0.2634263886585,1708801
"geo_component_0154",NA,NA,"19",NA,TRUE,"kumar_somanathan_exact_amalgamation","1961_1971",1961,1971,"log_population","demography","Log population",FALSE,14.889587296707,14.9625148363028,0.0729275395957991,2927289
"geo_component_0001",NA,NA,"28",NA,TRUE,"kumar_somanathan_exact_amalgamation","1961_1971",1961,1971,"urban_share","demography","Urban share",FALSE,0.0874199781999878,0.10645593220339,0.0190359540034022,1555045
"geo_component_0002",NA,NA,"28",NA,TRUE,"kumar_somanathan_exact_amalgamation","1961_1971",1961,1971,"urban_share","demography","Urban share",FALSE,0.126257214893688,0.162861598877133,0.036604383983445,1350505
"geo_component_0003",NA,NA,"28",NA,TRUE,"kumar_somanathan_exact_amalgamation","1961_1971",1961,1971,"urban_share","demography","Urban share",FALSE,0.20743834501013,0.249828088569894,0.042389743559764,2327265
"geo_component_0004",NA,NA,"28",NA,TRUE,"kumar_somanathan_exact_amalgamation","1961_1971",1961,1971,"urban_share","demography","Urban share",FALSE,0.167763122476447,0.110744038395933,-0.057019084080514,1671750
"geo_component_0005",NA,NA,"28",NA,TRUE,"kumar_somanathan_exact_amalgamation","1961_1971",1961,1971,"urban_share","demography","Urban share",FALSE,0.110037239391441,0.157418596978631,0.04738135758719,1414094
"geo_component_0006",NA,NA,"28",NA,TRUE,"kumar_somanathan_exact_amalgamation","1961_1971",1961,1971,"urban_share","demography","Urban share",FALSE,0.11469415401003,0.134521583431827,0.019827429421797,1900123
"geo_component_0007",NA,NA,"28",NA,TRUE,"kumar_somanathan_exact_amalgamation","1961_1971",1961,1971,"urban_share","demography","Urban share",FALSE,0.155891067281689,0.162334113635207,0.006443046353518,3109479
"geo_component_0008",NA,NA,"28",NA,TRUE,"kumar_somanathan_exact_amalgamation","1961_1971",1961,1971,"urban_share","demography","Urban share",FALSE,0.192262617504821,0.203042747806608,0.010780130301787,1570893
"geo_component_0010",NA,NA,"28",NA,TRUE,"kumar_somanathan_exact_amalgamation","1961_1971",1961,1971,"urban_share","demography","Urban share",FALSE,0.0779793212796723,0.0851435749592627,0.00716425367959039,1232378
"geo_component_0011",NA,NA,"28",NA,TRUE,"kumar_somanathan_exact_amalgamation","1961_1971",1961,1971,"urban_share","demography","Urban share",FALSE,0.145103224177748,0.15943585010828,0.014332625930532,1018027
"geo_component_0012",NA,NA,"28",NA,TRUE,"kumar_somanathan_exact_amalgamation","1961_1971",1961,1971,"urban_share","demography","Urban share",FALSE,0.0930671167091096,0.0668717144995599,-0.0261954022095497,1557779
"geo_component_0019",NA,NA,"18",NA,TRUE,"kumar_somanathan_exact_amalgamation","1961_1971",1961,1971,"urban_share","demography","Urban share",FALSE,0.0661594204775982,0.0774319211290444,0.0112725006514462,1543892
"geo_component_0022",NA,NA,"18",NA,TRUE,"kumar_somanathan_exact_amalgamation","1961_1971",1961,1971,"urban_share","demography","Urban share",FALSE,0.106420042548818,0.117425897358368,0.01100585480955,2062572
"geo_component_0023",NA,NA,"18",NA,TRUE,"kumar_somanathan_exact_amalgamation","1961_1971",1961,1971,"urban_share","demography","Urban share",FALSE,0.0389975730225561,0.059753321644891,0.0207557486223349,1289670
"geo_component_0027",NA,NA,"18",NA,TRUE,"kumar_somanathan_exact_amalgamation","1961_1971",1961,1971,"urban_share","demography","Urban share",FALSE,0.0508522331757701,0.0842086243032912,0.0333563911275211,1508390
"geo_component_0036",NA,NA,"10",NA,TRUE,"kumar_somanathan_exact_amalgamation","1961_1971",1961,1971,"urban_share","demography","Urban share",FALSE,0.0453670151860682,0.0453033441292653,-6.3671056802897e-05,1888178
"geo_component_0040",NA,NA,"24",NA,TRUE,"kumar_somanathan_exact_amalgamation","1961_1971",1961,1971,"urban_share","demography","Urban share",FALSE,0.279916389296503,0.270054905411767,-0.00986148388473596,663073
"geo_component_0041",NA,NA,"24",NA,TRUE,"kumar_somanathan_exact_amalgamation","1961_1971",1961,1971,"urban_share","demography","Urban share",FALSE,0.279188473346146,0.28237994707842,0.00319147373227402,3032901
"geo_component_0043",NA,NA,"24",NA,TRUE,"kumar_somanathan_exact_amalgamation","1961_1971",1961,1971,"urban_share","demography","Urban share",FALSE,0.219606124924823,0.257703907153718,0.038097782228895,2419295
"geo_component_0044",NA,NA,"06",NA,TRUE,"kumar_somanathan_exact_amalgamation","1961_1971",1961,1971,"urban_share","demography","Urban share",FALSE,0.320058029590575,0.313850537825301,-0.00620749176527402,885755
"geo_component_0048",NA,NA,"06",NA,TRUE,"kumar_somanathan_exact_amalgamation","1961_1971",1961,1971,"urban_share","demography","Urban share",FALSE,0.125528352637646,0.138393869787742,0.012865517150096,582944
"geo_component_0050",NA,NA,"02",NA,TRUE,"kumar_somanathan_exact_amalgamation","1961_1971",1961,1971,"urban_share","demography","Urban share",FALSE,0.0472925391942478,0.0738296178343949,0.0265370786401471,215848
"geo_component_0064",NA,NA,"29",NA,TRUE,"kumar_somanathan_exact_amalgamation","1961_1971",1961,1971,"urban_share","demography","Urban share",FALSE,0.180193072828006,0.205415909104039,0.025222836276033,1983811
"geo_component_0065",NA,NA,"29",NA,TRUE,"kumar_somanathan_exact_amalgamation","1961_1971",1961,1971,"urban_share","demography","Urban share",FALSE,0.217073962812938,0.23420312866745,0.017129165854512,3026913
"geo_component_0066",NA,NA,"29",NA,TRUE,"kumar_somanathan_exact_amalgamation","1961_1971",1961,1971,"urban_share","demography","Urban share",FALSE,0.268911795766799,0.315075102050924,0.046163306284125,1951573
"geo_component_0067",NA,NA,"29",NA,TRUE,"kumar_somanathan_exact_amalgamation","1961_1971",1961,1971,"urban_share","demography","Urban share",FALSE,0.145901004288505,0.153609419808722,0.007708415520217,1099684
"geo_component_0068",NA,NA,"29",NA,TRUE,"kumar_somanathan_exact_amalgamation","1961_1971",1961,1971,"urban_share","demography","Urban share",FALSE,0.175279784322796,0.177241919432815,0.001962135110019,689549
"geo_component_0070",NA,NA,"32",NA,TRUE,"kumar_somanathan_exact_amalgamation","1961_1971",1961,1971,"urban_share","demography","Urban share",FALSE,0.166290053238715,0.2262229179954,0.059932864756685,311991
"geo_component_0071",NA,NA,"32",NA,TRUE,"kumar_somanathan_exact_amalgamation","1961_1971",1961,1971,"urban_share","demography","Urban share",FALSE,0.165256306946686,0.266620921723999,0.101364614777313,1373763
"geo_component_0073",NA,NA,"32",NA,TRUE,"kumar_somanathan_exact_amalgamation","1961_1971",1961,1971,"urban_share","demography","Urban share",FALSE,0.189392145470669,0.243306961620196,0.053914816149527,2318433
"geo_component_0074",NA,NA,"32",NA,TRUE,"kumar_somanathan_exact_amalgamation","1961_1971",1961,1971,"urban_share","demography","Urban share",FALSE,0.0954879311968361,0.102220414453973,0.00673248325713689,1274360
"geo_component_0077",NA,NA,"23",NA,TRUE,"kumar_somanathan_exact_amalgamation","1961_1971",1961,1971,"urban_share","demography","Urban share",FALSE,0.412280405385726,0.431550420741741,0.019270015356015,858343
"geo_component_0080",NA,NA,"23",NA,TRUE,"kumar_somanathan_exact_amalgamation","1961_1971",1961,1971,"urban_share","demography","Urban share",FALSE,0.193172427595646,0.218135379602186,0.02496295200654,619576
"geo_component_0082",NA,NA,"27",NA,TRUE,"kumar_somanathan_exact_amalgamation","1961_1971",1961,1971,"urban_share","demography","Urban share",FALSE,0.0809204012909348,0.0839869525661577,0.00306655127522289,1827203
"geo_component_0084",NA,NA,"27",NA,TRUE,"kumar_somanathan_exact_amalgamation","1961_1971",1961,1971,"urban_share","demography","Urban share",FALSE,0.156356137402943,0.186319180163915,0.029963042760972,1230716
"geo_component_0085",NA,NA,"27",NA,TRUE,"kumar_somanathan_exact_amalgamation","1961_1971",1961,1971,"urban_share","demography","Urban share",FALSE,0.279484269554797,0.273556241791787,-0.00592802776300999,1860119
"geo_component_0086",NA,NA,"27",NA,TRUE,"kumar_somanathan_exact_amalgamation","1961_1971",1961,1971,"urban_share","demography","Urban share",FALSE,0.192781928890387,0.214958235862521,0.022176306972134,1596493
"geo_component_0088",NA,NA,"27",NA,TRUE,"kumar_somanathan_exact_amalgamation","1961_1971",1961,1971,"urban_share","demography","Urban share",FALSE,0.138200153203851,0.160567199660731,0.02236704645688,1206236
"geo_component_0089",NA,NA,"27",NA,TRUE,"kumar_somanathan_exact_amalgamation","1961_1971",1961,1971,"urban_share","demography","Urban share",FALSE,0.0985045922677354,0.116086278040713,0.0175816857729776,1001466
"geo_component_0090",NA,NA,"27",NA,TRUE,"kumar_somanathan_exact_amalgamation","1961_1971",1961,1971,"urban_share","demography","Urban share",FALSE,0.105752624426795,0.124948396862529,0.019195772435734,1477656
"geo_component_0092",NA,NA,"27",NA,TRUE,"kumar_somanathan_exact_amalgamation","1961_1971",1961,1971,"urban_share","demography","Urban share",FALSE,0.520687872078068,0.543245750218254,0.0225578781401861,1508420
"geo_component_0093",NA,NA,"27",NA,TRUE,"kumar_somanathan_exact_amalgamation","1961_1971",1961,1971,"urban_share","demography","Urban share",FALSE,0.108861427876603,0.113846668096217,0.00498524021961401,1272673
"geo_component_0109",NA,NA,"21",NA,TRUE,"kumar_somanathan_exact_amalgamation","1961_1971",1961,1971,"urban_share","demography","Urban share",FALSE,0.0681696120596071,0.0798455355962544,0.0116759235366473,3062919
"geo_component_0110",NA,NA,"21",NA,TRUE,"kumar_somanathan_exact_amalgamation","1961_1971",1961,1971,"urban_share","demography","Urban share",FALSE,0.0457638148755048,0.0400428467425192,-0.0057209681329856,1026466
"geo_component_0111",NA,NA,"21",NA,TRUE,"kumar_somanathan_exact_amalgamation","1961_1971",1961,1971,"urban_share","demography","Urban share",FALSE,0.0283000335849033,0.0485905200671209,0.0202904864822176,946854
"geo_component_0112",NA,NA,"21",NA,TRUE,"kumar_somanathan_exact_amalgamation","1961_1971",1961,1971,"urban_share","demography","Urban share",FALSE,0.0504448548464483,0.0818580508505683,0.03141319600412,1561071
"geo_component_0113",NA,NA,"21",NA,TRUE,"kumar_somanathan_exact_amalgamation","1961_1971",1961,1971,"urban_share","demography","Urban share",FALSE,0.0714741044827732,0.0978901334937303,0.0264160290109571,1865207
"geo_component_0115",NA,NA,"08",NA,TRUE,"kumar_somanathan_exact_amalgamation","1961_1971",1961,1971,"urban_share","demography","Urban share",FALSE,0.0822378321853191,0.0930929989699549,0.0108551667846358,1099725
"geo_component_0116",NA,NA,"08",NA,TRUE,"kumar_somanathan_exact_amalgamation","1961_1971",1961,1971,"urban_share","demography","Urban share",FALSE,0.209088206469742,0.241358704954312,0.03227049848457,2835631
"geo_component_0117",NA,NA,"08",NA,TRUE,"kumar_somanathan_exact_amalgamation","1961_1971",1961,1971,"urban_share","demography","Urban share",FALSE,0.0983809827470152,0.147069690937913,0.0486887081908978,141135
"geo_component_0118",NA,NA,"08",NA,TRUE,"kumar_somanathan_exact_amalgamation","1961_1971",1961,1971,"urban_share","demography","Urban share",FALSE,0.29944759997559,0.319453838973669,0.020006238998079,884866
"geo_component_0119",NA,NA,"08",NA,TRUE,"kumar_somanathan_exact_amalgamation","1961_1971",1961,1971,"urban_share","demography","Urban share",FALSE,0.109268324823852,0.123025783199335,0.013757458375483,1426644
"geo_component_0120",NA,NA,"08",NA,TRUE,"kumar_somanathan_exact_amalgamation","1961_1971",1961,1971,"urban_share","demography","Urban share",FALSE,0.153069435815508,0.145979809407578,-0.00708962640793001,338010
"geo_component_0121",NA,NA,"08",NA,TRUE,"kumar_somanathan_exact_amalgamation","1961_1971",1961,1971,"urban_share","demography","Urban share",FALSE,0.188686083133833,0.240456190671311,0.051770107537478,847116
"geo_component_0122",NA,NA,"08",NA,TRUE,"kumar_somanathan_exact_amalgamation","1961_1971",1961,1971,"urban_share","demography","Urban share",FALSE,0.0768172041261929,0.0949437004282391,0.0181264963020462,491882
"geo_component_0123",NA,NA,"33",NA,TRUE,"kumar_somanathan_exact_amalgamation","1961_1971",1961,1971,"urban_share","demography","Urban share",FALSE,0.963689840605022,0.972201200609765,0.00851136000474295,1812165
"geo_component_0124",NA,NA,"33",NA,TRUE,"kumar_somanathan_exact_amalgamation","1961_1971",1961,1971,"urban_share","demography","Urban share",FALSE,0.20380006732862,0.205179227315916,0.00137915998729601,3000210
"geo_component_0125",NA,NA,"33",NA,TRUE,"kumar_somanathan_exact_amalgamation","1961_1971",1961,1971,"urban_share","demography","Urban share",FALSE,0.316305404162394,0.336243717620017,0.019938313457623,3211469
"geo_component_0127",NA,NA,"33",NA,TRUE,"kumar_somanathan_exact_amalgamation","1961_1971",1961,1971,"urban_share","demography","Urban share",FALSE,0.247536491150695,0.261051735066728,0.013515243916033,2421546
"geo_component_0130",NA,NA,"05",NA,TRUE,"kumar_somanathan_exact_amalgamation","1961_1971",1961,1971,"urban_share","demography","Urban share",FALSE,0.0752246434010253,0.101986507726442,0.0267618643254167,2006736
"geo_component_0131",NA,NA,"05",NA,TRUE,"kumar_somanathan_exact_amalgamation","1961_1971",1961,1971,"urban_share","demography","Urban share",FALSE,0.043010752688172,0.0521465913698501,0.0091358386816781,547770
"geo_component_0132",NA,NA,"09",NA,TRUE,"kumar_somanathan_exact_amalgamation","1961_1971",1961,1971,"urban_share","demography","Urban share",FALSE,0.164492139712692,0.180985582327027,0.016493442614335,1190987
"geo_component_0133",NA,NA,"09",NA,TRUE,"kumar_somanathan_exact_amalgamation","1961_1971",1961,1971,"urban_share","demography","Urban share",FALSE,0.22178172976911,0.237654957593154,0.015873227824044,1973801
"geo_component_0134",NA,NA,"09",NA,TRUE,"kumar_somanathan_exact_amalgamation","1961_1971",1961,1971,"urban_share","demography","Urban share",FALSE,0.230328732424707,0.234961558938581,0.00463282651387401,1615478
"geo_component_0136",NA,NA,"09",NA,TRUE,"kumar_somanathan_exact_amalgamation","1961_1971",1961,1971,"urban_share","demography","Urban share",FALSE,0.132279204191786,0.138609845590801,0.00633064139901501,1444921
"geo_component_0139",NA,NA,"09",NA,TRUE,"kumar_somanathan_exact_amalgamation","1961_1971",1961,1971,"urban_share","demography","Urban share",FALSE,0.164398421464918,0.173369318569275,0.008970897104357,2836554
"geo_component_0140",NA,NA,"09",NA,TRUE,"kumar_somanathan_exact_amalgamation","1961_1971",1961,1971,"urban_share","demography","Urban share",FALSE,0.358718078427961,0.366118897809011,0.00740081938105003,1862142
"geo_component_0142",NA,NA,"09",NA,TRUE,"kumar_somanathan_exact_amalgamation","1961_1971",1961,1971,"urban_share","demography","Urban share",FALSE,0.0822776560918388,0.0911491492570948,0.008871493165256,2363096
"geo_component_0143",NA,NA,"09",NA,TRUE,"kumar_somanathan_exact_amalgamation","1961_1971",1961,1971,"urban_share","demography","Urban share",FALSE,0.0242720899902185,0.0257310563981371,0.0014589664079186,1226800
"geo_component_0145",NA,NA,"09",NA,TRUE,"kumar_somanathan_exact_amalgamation","1961_1971",1961,1971,"urban_share","demography","Urban share",FALSE,0.0398498335915237,0.0562548601451668,0.0164050265536431,1065751
"geo_component_0149",NA,NA,"09",NA,TRUE,"kumar_somanathan_exact_amalgamation","1961_1971",1961,1971,"urban_share","demography","Urban share",FALSE,0.0379965406290104,0.0457916780736782,0.0077951374446678,1344175
"geo_component_0150",NA,NA,"09",NA,TRUE,"kumar_somanathan_exact_amalgamation","1961_1971",1961,1971,"urban_share","demography","Urban share",FALSE,0.234029112091362,0.251282840524614,0.017253728433252,2364928
"geo_component_0151",NA,NA,"09",NA,TRUE,"kumar_somanathan_exact_amalgamation","1961_1971",1961,1971,"urban_share","demography","Urban share",FALSE,0.115013665847571,0.120294882576465,0.00528121672889401,1246904
"geo_component_0152",NA,NA,"19",NA,TRUE,"kumar_somanathan_exact_amalgamation","1961_1971",1961,1971,"urban_share","demography","Urban share",FALSE,0.0855689747052152,0.0847186249436652,-0.000850349761550004,2294979
"geo_component_0153",NA,NA,"19",NA,TRUE,"kumar_somanathan_exact_amalgamation","1961_1971",1961,1971,"urban_share","demography","Urban share",FALSE,0.184069999959036,0.187447443612336,0.0033774436533,1708801
"geo_component_0154",NA,NA,"19",NA,TRUE,"kumar_somanathan_exact_amalgamation","1961_1971",1961,1971,"urban_share","demography","Urban share",FALSE,1,1,0,2927289
"geo_component_0001",NA,NA,"28",NA,TRUE,"kumar_somanathan_exact_amalgamation","1961_1971",1961,1971,"main_worker_share","labor","Main-worker share of population",TRUE,0.501494168979033,0.426675141242938,-0.074819027736095,1555045
"geo_component_0002",NA,NA,"28",NA,TRUE,"kumar_somanathan_exact_amalgamation","1961_1971",1961,1971,"main_worker_share","labor","Main-worker share of population",TRUE,0.494259554759146,0.416930323503636,-0.07732923125551,1350505
"geo_component_0003",NA,NA,"28",NA,TRUE,"kumar_somanathan_exact_amalgamation","1961_1971",1961,1971,"main_worker_share","labor","Main-worker share of population",TRUE,0.458719140278395,0.402168685542003,-0.056550454736392,2327265
"geo_component_0004",NA,NA,"28",NA,TRUE,"kumar_somanathan_exact_amalgamation","1961_1971",1961,1971,"main_worker_share","labor","Main-worker share of population",TRUE,0.464173470913713,0.404796366657205,-0.059377104256508,1671750
"geo_component_0005",NA,NA,"28",NA,TRUE,"kumar_somanathan_exact_amalgamation","1961_1971",1961,1971,"main_worker_share","labor","Main-worker share of population",TRUE,0.472032976591372,0.411642264754653,-0.060390711836719,1414094
"geo_component_0006",NA,NA,"28",NA,TRUE,"kumar_somanathan_exact_amalgamation","1961_1971",1961,1971,"main_worker_share","labor","Main-worker share of population",TRUE,0.486234838481509,0.41101398909803,-0.075220849383479,1900123
"geo_component_0007",NA,NA,"28",NA,TRUE,"kumar_somanathan_exact_amalgamation","1961_1971",1961,1971,"main_worker_share","labor","Main-worker share of population",TRUE,0.474090997237801,0.412289429527475,-0.061801567710326,3109479
"geo_component_0008",NA,NA,"28",NA,TRUE,"kumar_somanathan_exact_amalgamation","1961_1971",1961,1971,"main_worker_share","labor","Main-worker share of population",TRUE,0.462975517746912,0.423625566952056,-0.039349950794856,1570893
"geo_component_0010",NA,NA,"28",NA,TRUE,"kumar_somanathan_exact_amalgamation","1961_1971",1961,1971,"main_worker_share","labor","Main-worker share of population",TRUE,0.515998338172217,0.456125710517567,-0.05987262765465,1232378
"geo_component_0011",NA,NA,"28",NA,TRUE,"kumar_somanathan_exact_amalgamation","1961_1971",1961,1971,"main_worker_share","labor","Main-worker share of population",TRUE,0.544456090064409,0.455743991325457,-0.088712098738952,1018027
"geo_component_0012",NA,NA,"28",NA,TRUE,"kumar_somanathan_exact_amalgamation","1961_1971",1961,1971,"main_worker_share","labor","Main-worker share of population",TRUE,0.519420919141932,0.44726218829304,-0.072158730848892,1557779
"geo_component_0019",NA,NA,"18",NA,TRUE,"kumar_somanathan_exact_amalgamation","1961_1971",1961,1971,"main_worker_share","labor","Main-worker share of population",TRUE,0.355648581636539,0.26914978767275,-0.086498793963789,1543892
"geo_component_0022",NA,NA,"18",NA,TRUE,"kumar_somanathan_exact_amalgamation","1961_1971",1961,1971,"main_worker_share","labor","Main-worker share of population",TRUE,0.360323906268484,0.260883762533797,-0.099440143734687,2062572
"geo_component_0023",NA,NA,"18",NA,TRUE,"kumar_somanathan_exact_amalgamation","1961_1971",1961,1971,"main_worker_share","labor","Main-worker share of population",TRUE,0.406932005861965,0.291146465705327,-0.115785540156638,1289670
"geo_component_0027",NA,NA,"18",NA,TRUE,"kumar_somanathan_exact_amalgamation","1961_1971",1961,1971,"main_worker_share","labor","Main-worker share of population",TRUE,0.402734040931059,0.284817749534802,-0.117916291396257,1508390
"geo_component_0036",NA,NA,"10",NA,TRUE,"kumar_somanathan_exact_amalgamation","1961_1971",1961,1971,"main_worker_share","labor","Main-worker share of population",TRUE,0.385382628120866,0.353061438099825,-0.032321190021041,1888178
"geo_component_0040",NA,NA,"24",NA,TRUE,"kumar_somanathan_exact_amalgamation","1961_1971",1961,1971,"main_worker_share","labor","Main-worker share of population",TRUE,0.323367110408658,0.307238477788265,-0.016128632620393,663073
"geo_component_0041",NA,NA,"24",NA,TRUE,"kumar_somanathan_exact_amalgamation","1961_1971",1961,1971,"main_worker_share","labor","Main-worker share of population",TRUE,0.344899817039857,0.298541792603457,-0.0463580244364,3032901
"geo_component_0043",NA,NA,"24",NA,TRUE,"kumar_somanathan_exact_amalgamation","1961_1971",1961,1971,"main_worker_share","labor","Main-worker share of population",TRUE,0.356403828388022,0.332246916009692,-0.02415691237833,2419295
"geo_component_0044",NA,NA,"06",NA,TRUE,"kumar_somanathan_exact_amalgamation","1961_1971",1961,1971,"main_worker_share","labor","Main-worker share of population",TRUE,0.312832555277701,0.273795184836194,-0.039037370441507,885755
"geo_component_0048",NA,NA,"06",NA,TRUE,"kumar_somanathan_exact_amalgamation","1961_1971",1961,1971,"main_worker_share","labor","Main-worker share of population",TRUE,0.276237511664928,0.258308716362963,-0.017928795301965,582944
"geo_component_0050",NA,NA,"02",NA,TRUE,"kumar_somanathan_exact_amalgamation","1961_1971",1961,1971,"main_worker_share","labor","Main-worker share of population",TRUE,0.408565286683222,0.403244426751592,-0.00532085993163001,215848
"geo_component_0064",NA,NA,"29",NA,TRUE,"kumar_somanathan_exact_amalgamation","1961_1971",1961,1971,"main_worker_share","labor","Main-worker share of population",TRUE,0.372164485427291,0.35479226621748,-0.017372219209811,1983811
"geo_component_0065",NA,NA,"29",NA,TRUE,"kumar_somanathan_exact_amalgamation","1961_1971",1961,1971,"main_worker_share","labor","Main-worker share of population",TRUE,0.433689703007652,0.356524590181093,-0.077165112826559,3026913
"geo_component_0066",NA,NA,"29",NA,TRUE,"kumar_somanathan_exact_amalgamation","1961_1971",1961,1971,"main_worker_share","labor","Main-worker share of population",TRUE,0.382071283011191,0.354996748801241,-0.02707453420995,1951573
"geo_component_0067",NA,NA,"29",NA,TRUE,"kumar_somanathan_exact_amalgamation","1961_1971",1961,1971,"main_worker_share","labor","Main-worker share of population",TRUE,0.429527937116481,0.372244197380875,-0.057283739735606,1099684
"geo_component_0068",NA,NA,"29",NA,TRUE,"kumar_somanathan_exact_amalgamation","1961_1971",1961,1971,"main_worker_share","labor","Main-worker share of population",TRUE,0.390128910345748,0.336753405055912,-0.053375505289836,689549
"geo_component_0070",NA,NA,"32",NA,TRUE,"kumar_somanathan_exact_amalgamation","1961_1971",1961,1971,"main_worker_share","labor","Main-worker share of population",TRUE,0.241564660519053,0.279471309019926,0.037906648500873,311991
"geo_component_0071",NA,NA,"32",NA,TRUE,"kumar_somanathan_exact_amalgamation","1961_1971",1961,1971,"main_worker_share","labor","Main-worker share of population",TRUE,0.246991657221806,0.269168549071057,0.022176891849251,1373763
"geo_component_0073",NA,NA,"32",NA,TRUE,"kumar_somanathan_exact_amalgamation","1961_1971",1961,1971,"main_worker_share","labor","Main-worker share of population",TRUE,0.29413832532577,0.290013740601343,-0.004124584724427,2318433
"geo_component_0074",NA,NA,"32",NA,TRUE,"kumar_somanathan_exact_amalgamation","1961_1971",1961,1971,"main_worker_share","labor","Main-worker share of population",TRUE,0.296465676888791,0.297157248331262,0.000691571442471006,1274360
"geo_component_0077",NA,NA,"23",NA,TRUE,"kumar_somanathan_exact_amalgamation","1961_1971",1961,1971,"main_worker_share","labor","Main-worker share of population",TRUE,0.349593344385636,0.298399672317277,-0.051193672068359,858343
"geo_component_0080",NA,NA,"23",NA,TRUE,"kumar_somanathan_exact_amalgamation","1961_1971",1961,1971,"main_worker_share","labor","Main-worker share of population",TRUE,0.409013583482898,0.345824140723078,-0.06318944275982,619576
"geo_component_0082",NA,NA,"27",NA,TRUE,"kumar_somanathan_exact_amalgamation","1961_1971",1961,1971,"main_worker_share","labor","Main-worker share of population",TRUE,0.377027620904738,0.350236086613821,-0.026791534290917,1827203
"geo_component_0084",NA,NA,"27",NA,TRUE,"kumar_somanathan_exact_amalgamation","1961_1971",1961,1971,"main_worker_share","labor","Main-worker share of population",TRUE,0.365098853025393,0.310879193671988,-0.054219659353405,1230716
"geo_component_0085",NA,NA,"27",NA,TRUE,"kumar_somanathan_exact_amalgamation","1961_1971",1961,1971,"main_worker_share","labor","Main-worker share of population",TRUE,0.392913571658587,0.336875288396692,-0.056038283261895,1860119
"geo_component_0086",NA,NA,"27",NA,TRUE,"kumar_somanathan_exact_amalgamation","1961_1971",1961,1971,"main_worker_share","labor","Main-worker share of population",TRUE,0.397718624510098,0.339991377159433,-0.057727247350665,1596493
"geo_component_0088",NA,NA,"27",NA,TRUE,"kumar_somanathan_exact_amalgamation","1961_1971",1961,1971,"main_worker_share","labor","Main-worker share of population",TRUE,0.465170994730716,0.374120553156385,-0.091050441574331,1206236
"geo_component_0089",NA,NA,"27",NA,TRUE,"kumar_somanathan_exact_amalgamation","1961_1971",1961,1971,"main_worker_share","labor","Main-worker share of population",TRUE,0.468185639851977,0.352329990724045,-0.115855649127932,1001466
"geo_component_0090",NA,NA,"27",NA,TRUE,"kumar_somanathan_exact_amalgamation","1961_1971",1961,1971,"main_worker_share","labor","Main-worker share of population",TRUE,0.443325104083765,0.337877572841486,-0.105447531242279,1477656
"geo_component_0092",NA,NA,"27",NA,TRUE,"kumar_somanathan_exact_amalgamation","1961_1971",1961,1971,"main_worker_share","labor","Main-worker share of population",TRUE,0.427256997387995,0.354805300696767,-0.072451696691228,1508420
"geo_component_0093",NA,NA,"27",NA,TRUE,"kumar_somanathan_exact_amalgamation","1961_1971",1961,1971,"main_worker_share","labor","Main-worker share of population",TRUE,0.530786777121853,0.468248212010747,-0.062538565111106,1272673
"geo_component_0109",NA,NA,"21",NA,TRUE,"kumar_somanathan_exact_amalgamation","1961_1971",1961,1971,"main_worker_share","labor","Main-worker share of population",TRUE,0.308521054588776,0.274859849757477,-0.033661204831299,3062919
"geo_component_0110",NA,NA,"21",NA,TRUE,"kumar_somanathan_exact_amalgamation","1961_1971",1961,1971,"main_worker_share","labor","Main-worker share of population",TRUE,0.346087449559946,0.300812882463595,-0.045274567096351,1026466
"geo_component_0111",NA,NA,"21",NA,TRUE,"kumar_somanathan_exact_amalgamation","1961_1971",1961,1971,"main_worker_share","labor","Main-worker share of population",TRUE,0.387403971467618,0.327337526817881,-0.060066444649737,946854
"geo_component_0112",NA,NA,"21",NA,TRUE,"kumar_somanathan_exact_amalgamation","1961_1971",1961,1971,"main_worker_share","labor","Main-worker share of population",TRUE,0.440682070194117,0.350904745847487,-0.08977732434663,1561071
"geo_component_0113",NA,NA,"21",NA,TRUE,"kumar_somanathan_exact_amalgamation","1961_1971",1961,1971,"main_worker_share","labor","Main-worker share of population",TRUE,0.320785306939123,0.290746687433972,-0.030038619505151,1865207
"geo_component_0115",NA,NA,"08",NA,TRUE,"kumar_somanathan_exact_amalgamation","1961_1971",1961,1971,"main_worker_share","labor","Main-worker share of population",TRUE,0.317961308508945,0.28005259926116,-0.037908709247785,1099725
"geo_component_0116",NA,NA,"08",NA,TRUE,"kumar_somanathan_exact_amalgamation","1961_1971",1961,1971,"main_worker_share","labor","Main-worker share of population",TRUE,0.389345440221242,0.309868032592889,-0.079477407628353,2835631
"geo_component_0117",NA,NA,"08",NA,TRUE,"kumar_somanathan_exact_amalgamation","1961_1971",1961,1971,"main_worker_share","labor","Main-worker share of population",TRUE,0.391114889998937,0.316785658947067,-0.07432923105187,141135
"geo_component_0118",NA,NA,"08",NA,TRUE,"kumar_somanathan_exact_amalgamation","1961_1971",1961,1971,"main_worker_share","labor","Main-worker share of population",TRUE,0.367182149613614,0.302798098421864,-0.06438405119175,884866
"geo_component_0119",NA,NA,"08",NA,TRUE,"kumar_somanathan_exact_amalgamation","1961_1971",1961,1971,"main_worker_share","labor","Main-worker share of population",TRUE,0.3724461042839,0.319615192680898,-0.052830911603002,1426644
"geo_component_0120",NA,NA,"08",NA,TRUE,"kumar_somanathan_exact_amalgamation","1961_1971",1961,1971,"main_worker_share","labor","Main-worker share of population",TRUE,0.402387503328304,0.331231724128716,-0.071155779199588,338010
"geo_component_0121",NA,NA,"08",NA,TRUE,"kumar_somanathan_exact_amalgamation","1961_1971",1961,1971,"main_worker_share","labor","Main-worker share of population",TRUE,0.37937425334901,0.308988104931559,-0.070386148417451,847116
"geo_component_0122",NA,NA,"08",NA,TRUE,"kumar_somanathan_exact_amalgamation","1961_1971",1961,1971,"main_worker_share","labor","Main-worker share of population",TRUE,0.450026632403707,0.319314689193977,-0.13071194320973,491882
"geo_component_0123",NA,NA,"33",NA,TRUE,"kumar_somanathan_exact_amalgamation","1961_1971",1961,1971,"main_worker_share","labor","Main-worker share of population",TRUE,0.290090030433211,0.28435469939008,-0.00573533104313101,1812165
"geo_component_0124",NA,NA,"33",NA,TRUE,"kumar_somanathan_exact_amalgamation","1961_1971",1961,1971,"main_worker_share","labor","Main-worker share of population",TRUE,0.391907566470347,0.334027232197057,-0.05788033427329,3000210
"geo_component_0125",NA,NA,"33",NA,TRUE,"kumar_somanathan_exact_amalgamation","1961_1971",1961,1971,"main_worker_share","labor","Main-worker share of population",TRUE,0.440228443743346,0.369188742970451,-0.071039700772895,3211469
"geo_component_0127",NA,NA,"33",NA,TRUE,"kumar_somanathan_exact_amalgamation","1961_1971",1961,1971,"main_worker_share","labor","Main-worker share of population",TRUE,0.439577030541646,0.356738166153708,-0.082838864387938,2421546
"geo_component_0130",NA,NA,"05",NA,TRUE,"kumar_somanathan_exact_amalgamation","1961_1971",1961,1971,"main_worker_share","labor","Main-worker share of population",TRUE,0.49582157294233,0.431202557290697,-0.064619015651633,2006736
"geo_component_0131",NA,NA,"05",NA,TRUE,"kumar_somanathan_exact_amalgamation","1961_1971",1961,1971,"main_worker_share","labor","Main-worker share of population",TRUE,0.453628347664166,0.388436912707186,-0.06519143495698,547770
"geo_component_0132",NA,NA,"09",NA,TRUE,"kumar_somanathan_exact_amalgamation","1961_1971",1961,1971,"main_worker_share","labor","Main-worker share of population",TRUE,0.316312436659678,0.281206024755316,-0.035106411904362,1190987
"geo_component_0133",NA,NA,"09",NA,TRUE,"kumar_somanathan_exact_amalgamation","1961_1971",1961,1971,"main_worker_share","labor","Main-worker share of population",TRUE,0.320480636092494,0.29249258224985,-0.027988053842644,1973801
"geo_component_0134",NA,NA,"09",NA,TRUE,"kumar_somanathan_exact_amalgamation","1961_1971",1961,1971,"main_worker_share","labor","Main-worker share of population",TRUE,0.334150016280011,0.297961295170315,-0.036188721109696,1615478
"geo_component_0136",NA,NA,"09",NA,TRUE,"kumar_somanathan_exact_amalgamation","1961_1971",1961,1971,"main_worker_share","labor","Main-worker share of population",TRUE,0.332659017344201,0.287226965264727,-0.045432052079474,1444921
"geo_component_0139",NA,NA,"09",NA,TRUE,"kumar_somanathan_exact_amalgamation","1961_1971",1961,1971,"main_worker_share","labor","Main-worker share of population",TRUE,0.317657622594176,0.273842080387145,-0.043815542207031,2836554
"geo_component_0140",NA,NA,"09",NA,TRUE,"kumar_somanathan_exact_amalgamation","1961_1971",1961,1971,"main_worker_share","labor","Main-worker share of population",TRUE,0.302624611871705,0.271409809593362,-0.031214802278343,1862142
"geo_component_0142",NA,NA,"09",NA,TRUE,"kumar_somanathan_exact_amalgamation","1961_1971",1961,1971,"main_worker_share","labor","Main-worker share of population",TRUE,0.321051281877672,0.275354654787926,-0.045696627089746,2363096
"geo_component_0143",NA,NA,"09",NA,TRUE,"kumar_somanathan_exact_amalgamation","1961_1971",1961,1971,"main_worker_share","labor","Main-worker share of population",TRUE,0.348556406912292,0.302871948331742,-0.04568445858055,1226800
"geo_component_0145",NA,NA,"09",NA,TRUE,"kumar_somanathan_exact_amalgamation","1961_1971",1961,1971,"main_worker_share","labor","Main-worker share of population",TRUE,0.378503984514206,0.335227583876131,-0.043276400638075,1065751
"geo_component_0149",NA,NA,"09",NA,TRUE,"kumar_somanathan_exact_amalgamation","1961_1971",1961,1971,"main_worker_share","labor","Main-worker share of population",TRUE,0.337156248256365,0.278828901119303,-0.058327347137062,1344175
"geo_component_0150",NA,NA,"09",NA,TRUE,"kumar_somanathan_exact_amalgamation","1961_1971",1961,1971,"main_worker_share","labor","Main-worker share of population",TRUE,0.343878122293787,0.290095668333883,-0.053782453959904,2364928
"geo_component_0151",NA,NA,"09",NA,TRUE,"kumar_somanathan_exact_amalgamation","1961_1971",1961,1971,"main_worker_share","labor","Main-worker share of population",TRUE,0.438679320942109,0.350069561245042,-0.088609759697067,1246904
"geo_component_0152",NA,NA,"19",NA,TRUE,"kumar_somanathan_exact_amalgamation","1961_1971",1961,1971,"main_worker_share","labor","Main-worker share of population",TRUE,0.272931909180868,0.259040028886826,-0.013891880294042,2294979
"geo_component_0153",NA,NA,"19",NA,TRUE,"kumar_somanathan_exact_amalgamation","1961_1971",1961,1971,"main_worker_share","labor","Main-worker share of population",TRUE,0.263436175423586,0.247749574827255,-0.015686600596331,1708801
"geo_component_0154",NA,NA,"19",NA,TRUE,"kumar_somanathan_exact_amalgamation","1961_1971",1961,1971,"main_worker_share","labor","Main-worker share of population",TRUE,0.400483177438237,0.370160692542365,-0.030322484895872,2927289
"geo_component_0001",NA,NA,"28",NA,TRUE,"kumar_somanathan_exact_amalgamation","1961_1971",1961,1971,"nonfarm_worker_share_main_workers","labor","Non-farm share of main workers",TRUE,0.253130746326839,0.234666949146932,-0.018463797179907,1555045
"geo_component_0002",NA,NA,"28",NA,TRUE,"kumar_somanathan_exact_amalgamation","1961_1971",1961,1971,"nonfarm_worker_share_main_workers","labor","Non-farm share of main workers",TRUE,0.269712359550562,0.261211506657492,-0.00850085289307001,1350505
"geo_component_0003",NA,NA,"28",NA,TRUE,"kumar_somanathan_exact_amalgamation","1961_1971",1961,1971,"nonfarm_worker_share_main_workers","labor","Non-farm share of main workers",TRUE,0.368734901331165,0.319888562926805,-0.04884633840436,2327265
"geo_component_0004",NA,NA,"28",NA,TRUE,"kumar_somanathan_exact_amalgamation","1961_1971",1961,1971,"nonfarm_worker_share_main_workers","labor","Non-farm share of main workers",TRUE,0.3395052978033,0.293401886498706,-0.046103411304594,1671750
"geo_component_0005",NA,NA,"28",NA,TRUE,"kumar_somanathan_exact_amalgamation","1961_1971",1961,1971,"nonfarm_worker_share_main_workers","labor","Non-farm share of main workers",TRUE,0.328072401606594,0.279642816099245,-0.048429585507349,1414094
"geo_component_0006",NA,NA,"28",NA,TRUE,"kumar_somanathan_exact_amalgamation","1961_1971",1961,1971,"nonfarm_worker_share_main_workers","labor","Non-farm share of main workers",TRUE,0.231678330912452,0.227137041480054,-0.00454128943239798,1900123
"geo_component_0007",NA,NA,"28",NA,TRUE,"kumar_somanathan_exact_amalgamation","1961_1971",1961,1971,"nonfarm_worker_share_main_workers","labor","Non-farm share of main workers",TRUE,0.27678174112182,0.25702518695625,-0.01975655416557,3109479
"geo_component_0008",NA,NA,"28",NA,TRUE,"kumar_somanathan_exact_amalgamation","1961_1971",1961,1971,"nonfarm_worker_share_main_workers","labor","Non-farm share of main workers",TRUE,0.274819362423259,0.254063530173974,-0.020755832249285,1570893
"geo_component_0010",NA,NA,"28",NA,TRUE,"kumar_somanathan_exact_amalgamation","1961_1971",1961,1971,"nonfarm_worker_share_main_workers","labor","Non-farm share of main workers",TRUE,0.23914892947846,0.224461480329825,-0.014687449148635,1232378
"geo_component_0011",NA,NA,"28",NA,TRUE,"kumar_somanathan_exact_amalgamation","1961_1971",1961,1971,"nonfarm_worker_share_main_workers","labor","Non-farm share of main workers",TRUE,0.311329656431601,0.342486558376245,0.031156901944644,1018027
"geo_component_0012",NA,NA,"28",NA,TRUE,"kumar_somanathan_exact_amalgamation","1961_1971",1961,1971,"nonfarm_worker_share_main_workers","labor","Non-farm share of main workers",TRUE,0.306425440249746,0.261103329647377,-0.045322110602369,1557779
"geo_component_0019",NA,NA,"18",NA,TRUE,"kumar_somanathan_exact_amalgamation","1961_1971",1961,1971,"nonfarm_worker_share_main_workers","labor","Non-farm share of main workers",TRUE,0.234640300282471,0.219444101214588,-0.015196199067883,1543892
"geo_component_0022",NA,NA,"18",NA,TRUE,"kumar_somanathan_exact_amalgamation","1961_1971",1961,1971,"nonfarm_worker_share_main_workers","labor","Non-farm share of main workers",TRUE,0.343643786144668,0.301555176535367,-0.042088609609301,2062572
"geo_component_0023",NA,NA,"18",NA,TRUE,"kumar_somanathan_exact_amalgamation","1961_1971",1961,1971,"nonfarm_worker_share_main_workers","labor","Non-farm share of main workers",TRUE,0.296298836907974,0.354083701791349,0.057784864883375,1289670
"geo_component_0027",NA,NA,"18",NA,TRUE,"kumar_somanathan_exact_amalgamation","1961_1971",1961,1971,"nonfarm_worker_share_main_workers","labor","Non-farm share of main workers",TRUE,0.382868571804833,0.489129998605063,0.10626142680023,1508390
"geo_component_0036",NA,NA,"10",NA,TRUE,"kumar_somanathan_exact_amalgamation","1961_1971",1961,1971,"nonfarm_worker_share_main_workers","labor","Non-farm share of main workers",TRUE,0.201165086969249,0.094997643979373,-0.106167442989876,1888178
"geo_component_0040",NA,NA,"24",NA,TRUE,"kumar_somanathan_exact_amalgamation","1961_1971",1961,1971,"nonfarm_worker_share_main_workers","labor","Non-farm share of main workers",TRUE,0.414171517050966,0.331826791296447,-0.082344725754519,663073
"geo_component_0041",NA,NA,"24",NA,TRUE,"kumar_somanathan_exact_amalgamation","1961_1971",1961,1971,"nonfarm_worker_share_main_workers","labor","Non-farm share of main workers",TRUE,0.371968945946023,0.335648241335155,-0.036320704610868,3032901
"geo_component_0043",NA,NA,"24",NA,TRUE,"kumar_somanathan_exact_amalgamation","1961_1971",1961,1971,"nonfarm_worker_share_main_workers","labor","Non-farm share of main workers",TRUE,0.277759479313328,0.294892901536435,0.017133422223107,2419295
"geo_component_0044",NA,NA,"06",NA,TRUE,"kumar_somanathan_exact_amalgamation","1961_1971",1961,1971,"nonfarm_worker_share_main_workers","labor","Non-farm share of main workers",TRUE,0.550483050816874,0.50811337443223,-0.042369676384644,885755
"geo_component_0048",NA,NA,"06",NA,TRUE,"kumar_somanathan_exact_amalgamation","1961_1971",1961,1971,"nonfarm_worker_share_main_workers","labor","Non-farm share of main workers",TRUE,0.307797877427328,0.338999217744581,0.031201340317253,582944
"geo_component_0050",NA,NA,"02",NA,TRUE,"kumar_somanathan_exact_amalgamation","1961_1971",1961,1971,"nonfarm_worker_share_main_workers","labor","Non-farm share of main workers",TRUE,0.181782101873271,0.173670961054346,-0.008111140818925,215848
"geo_component_0064",NA,NA,"29",NA,TRUE,"kumar_somanathan_exact_amalgamation","1961_1971",1961,1971,"nonfarm_worker_share_main_workers","labor","Non-farm share of main workers",TRUE,0.251428950676144,0.271181216655831,0.019752265979687,1983811
"geo_component_0065",NA,NA,"29",NA,TRUE,"kumar_somanathan_exact_amalgamation","1961_1971",1961,1971,"nonfarm_worker_share_main_workers","labor","Non-farm share of main workers",TRUE,0.315347810421096,0.278399182681299,-0.036948627739797,3026913
"geo_component_0066",NA,NA,"29",NA,TRUE,"kumar_somanathan_exact_amalgamation","1961_1971",1961,1971,"nonfarm_worker_share_main_workers","labor","Non-farm share of main workers",TRUE,0.289718899200687,0.314542296969974,0.024823397769287,1951573
"geo_component_0067",NA,NA,"29",NA,TRUE,"kumar_somanathan_exact_amalgamation","1961_1971",1961,1971,"nonfarm_worker_share_main_workers","labor","Non-farm share of main workers",TRUE,0.242015899395569,0.237248126663896,-0.004767772731673,1099684
"geo_component_0068",NA,NA,"29",NA,TRUE,"kumar_somanathan_exact_amalgamation","1961_1971",1961,1971,"nonfarm_worker_share_main_workers","labor","Non-farm share of main workers",TRUE,0.454799582176326,0.45058211716485,-0.00421746501147596,689549
"geo_component_0070",NA,NA,"32",NA,TRUE,"kumar_somanathan_exact_amalgamation","1961_1971",1961,1971,"nonfarm_worker_share_main_workers","labor","Non-farm share of main workers",TRUE,0.633203301223363,0.552631806433209,-0.080571494790154,311991
"geo_component_0071",NA,NA,"32",NA,TRUE,"kumar_somanathan_exact_amalgamation","1961_1971",1961,1971,"nonfarm_worker_share_main_workers","labor","Non-farm share of main workers",TRUE,0.749731807089724,0.590890458311835,-0.158841348777889,1373763
"geo_component_0073",NA,NA,"32",NA,TRUE,"kumar_somanathan_exact_amalgamation","1961_1971",1961,1971,"nonfarm_worker_share_main_workers","labor","Non-farm share of main workers",TRUE,0.681549696454234,0.605683142443469,-0.075866554010765,2318433
"geo_component_0074",NA,NA,"32",NA,TRUE,"kumar_somanathan_exact_amalgamation","1961_1971",1961,1971,"nonfarm_worker_share_main_workers","labor","Non-farm share of main workers",TRUE,0.670384643889424,0.496669844490703,-0.173714799398721,1274360
"geo_component_0077",NA,NA,"23",NA,TRUE,"kumar_somanathan_exact_amalgamation","1961_1971",1961,1971,"nonfarm_worker_share_main_workers","labor","Non-farm share of main workers",TRUE,0.446560980567932,0.423645394340759,-0.022915586227173,858343
"geo_component_0080",NA,NA,"23",NA,TRUE,"kumar_somanathan_exact_amalgamation","1961_1971",1961,1971,"nonfarm_worker_share_main_workers","labor","Non-farm share of main workers",TRUE,0.313217449637946,0.309397229770126,-0.00382021986782,619576
"geo_component_0082",NA,NA,"27",NA,TRUE,"kumar_somanathan_exact_amalgamation","1961_1971",1961,1971,"nonfarm_worker_share_main_workers","labor","Non-farm share of main workers",TRUE,0.20708921100992,0.19538164073818,-0.01170757027174,1827203
"geo_component_0084",NA,NA,"27",NA,TRUE,"kumar_somanathan_exact_amalgamation","1961_1971",1961,1971,"nonfarm_worker_share_main_workers","labor","Non-farm share of main workers",TRUE,0.226268713849194,0.271812290838901,0.045543576989707,1230716
"geo_component_0085",NA,NA,"27",NA,TRUE,"kumar_somanathan_exact_amalgamation","1961_1971",1961,1971,"nonfarm_worker_share_main_workers","labor","Non-farm share of main workers",TRUE,0.326248587292335,0.316314636693741,-0.00993395059859403,1860119
"geo_component_0086",NA,NA,"27",NA,TRUE,"kumar_somanathan_exact_amalgamation","1961_1971",1961,1971,"nonfarm_worker_share_main_workers","labor","Non-farm share of main workers",TRUE,0.235174146199337,0.275146879519301,0.039972733319964,1596493
"geo_component_0088",NA,NA,"27",NA,TRUE,"kumar_somanathan_exact_amalgamation","1961_1971",1961,1971,"nonfarm_worker_share_main_workers","labor","Non-farm share of main workers",TRUE,0.215248099289617,0.173369829381566,-0.041878269908051,1206236
"geo_component_0089",NA,NA,"27",NA,TRUE,"kumar_somanathan_exact_amalgamation","1961_1971",1961,1971,"nonfarm_worker_share_main_workers","labor","Non-farm share of main workers",TRUE,0.18863783719224,0.159352869649269,-0.029284967542971,1001466
"geo_component_0090",NA,NA,"27",NA,TRUE,"kumar_somanathan_exact_amalgamation","1961_1971",1961,1971,"nonfarm_worker_share_main_workers","labor","Non-farm share of main workers",TRUE,0.18667739305919,0.168515779092702,-0.018161613966488,1477656
"geo_component_0092",NA,NA,"27",NA,TRUE,"kumar_somanathan_exact_amalgamation","1961_1971",1961,1971,"nonfarm_worker_share_main_workers","labor","Non-farm share of main workers",TRUE,0.478347760918442,0.499010556003691,0.020662795085249,1508420
"geo_component_0093",NA,NA,"27",NA,TRUE,"kumar_somanathan_exact_amalgamation","1961_1971",1961,1971,"nonfarm_worker_share_main_workers","labor","Non-farm share of main workers",TRUE,0.291028514414124,0.294389483396077,0.00336096898195304,1272673
"geo_component_0109",NA,NA,"21",NA,TRUE,"kumar_somanathan_exact_amalgamation","1961_1971",1961,1971,"nonfarm_worker_share_main_workers","labor","Non-farm share of main workers",TRUE,0.34376994100373,0.25647696219376,-0.08729297880997,3062919
"geo_component_0110",NA,NA,"21",NA,TRUE,"kumar_somanathan_exact_amalgamation","1961_1971",1961,1971,"nonfarm_worker_share_main_workers","labor","Non-farm share of main workers",TRUE,0.284357081129468,0.215463509631936,-0.068893571497532,1026466
"geo_component_0111",NA,NA,"21",NA,TRUE,"kumar_somanathan_exact_amalgamation","1961_1971",1961,1971,"nonfarm_worker_share_main_workers","labor","Non-farm share of main workers",TRUE,0.205226067636274,0.143409855687205,-0.061816211949069,946854
"geo_component_0112",NA,NA,"21",NA,TRUE,"kumar_somanathan_exact_amalgamation","1961_1971",1961,1971,"nonfarm_worker_share_main_workers","labor","Non-farm share of main workers",TRUE,0.220683319378547,0.175791530508496,-0.044891788870051,1561071
"geo_component_0113",NA,NA,"21",NA,TRUE,"kumar_somanathan_exact_amalgamation","1961_1971",1961,1971,"nonfarm_worker_share_main_workers","labor","Non-farm share of main workers",TRUE,0.305860802799788,0.278357089437655,-0.027503713362133,1865207
"geo_component_0115",NA,NA,"08",NA,TRUE,"kumar_somanathan_exact_amalgamation","1961_1971",1961,1971,"nonfarm_worker_share_main_workers","labor","Non-farm share of main workers",TRUE,0.246266479823834,0.233097796227337,-0.013168683596497,1099725
"geo_component_0116",NA,NA,"08",NA,TRUE,"kumar_somanathan_exact_amalgamation","1961_1971",1961,1971,"nonfarm_worker_share_main_workers","labor","Non-farm share of main workers",TRUE,0.340655229882975,0.333899790771941,-0.00675543911103399,2835631
"geo_component_0117",NA,NA,"08",NA,TRUE,"kumar_somanathan_exact_amalgamation","1961_1971",1961,1971,"nonfarm_worker_share_main_workers","labor","Non-farm share of main workers",TRUE,0.515634057971014,0.295865001128753,-0.219769056842261,141135
"geo_component_0118",NA,NA,"08",NA,TRUE,"kumar_somanathan_exact_amalgamation","1961_1971",1961,1971,"nonfarm_worker_share_main_workers","labor","Non-farm share of main workers",TRUE,0.27825808616004,0.310895404688508,0.032637318528468,884866
"geo_component_0119",NA,NA,"08",NA,TRUE,"kumar_somanathan_exact_amalgamation","1961_1971",1961,1971,"nonfarm_worker_share_main_workers","labor","Non-farm share of main workers",TRUE,0.23629899802013,0.237758185786207,0.00145918776607701,1426644
"geo_component_0120",NA,NA,"08",NA,TRUE,"kumar_somanathan_exact_amalgamation","1961_1971",1961,1971,"nonfarm_worker_share_main_workers","labor","Non-farm share of main workers",TRUE,0.279697965605723,0.294661467088012,0.014963501482289,338010
"geo_component_0121",NA,NA,"08",NA,TRUE,"kumar_somanathan_exact_amalgamation","1961_1971",1961,1971,"nonfarm_worker_share_main_workers","labor","Non-farm share of main workers",TRUE,0.389729723001861,0.373852405132158,-0.015877317869703,847116
"geo_component_0122",NA,NA,"08",NA,TRUE,"kumar_somanathan_exact_amalgamation","1961_1971",1961,1971,"nonfarm_worker_share_main_workers","labor","Non-farm share of main workers",TRUE,0.194777737621973,0.194499954810657,-0.000277782811316019,491882
"geo_component_0123",NA,NA,"33",NA,TRUE,"kumar_somanathan_exact_amalgamation","1961_1971",1961,1971,"nonfarm_worker_share_main_workers","labor","Non-farm share of main workers",TRUE,0.998124373443715,0.968341486559448,-0.029782886884267,1812165
"geo_component_0124",NA,NA,"33",NA,TRUE,"kumar_somanathan_exact_amalgamation","1961_1971",1961,1971,"nonfarm_worker_share_main_workers","labor","Non-farm share of main workers",TRUE,0.320556554870918,0.285808737275393,-0.034747817595525,3000210
"geo_component_0125",NA,NA,"33",NA,TRUE,"kumar_somanathan_exact_amalgamation","1961_1971",1961,1971,"nonfarm_worker_share_main_workers","labor","Non-farm share of main workers",TRUE,0.415554046598481,0.348966737233637,-0.066587309364844,3211469
"geo_component_0127",NA,NA,"33",NA,TRUE,"kumar_somanathan_exact_amalgamation","1961_1971",1961,1971,"nonfarm_worker_share_main_workers","labor","Non-farm share of main workers",TRUE,0.339803617998301,0.365954652592996,0.026151034594695,2421546
"geo_component_0130",NA,NA,"05",NA,TRUE,"kumar_somanathan_exact_amalgamation","1961_1971",1961,1971,"nonfarm_worker_share_main_workers","labor","Non-farm share of main workers",TRUE,0.198034539283586,0.205754222172123,0.007719682888537,2006736
"geo_component_0131",NA,NA,"05",NA,TRUE,"kumar_somanathan_exact_amalgamation","1961_1971",1961,1971,"nonfarm_worker_share_main_workers","labor","Non-farm share of main workers",TRUE,0.125392379388613,0.15854544299929,0.033153063610677,547770
"geo_component_0132",NA,NA,"09",NA,TRUE,"kumar_somanathan_exact_amalgamation","1961_1971",1961,1971,"nonfarm_worker_share_main_workers","labor","Non-farm share of main workers",TRUE,0.446775358087088,0.311879994940926,-0.134895363146162,1190987
"geo_component_0133",NA,NA,"09",NA,TRUE,"kumar_somanathan_exact_amalgamation","1961_1971",1961,1971,"nonfarm_worker_share_main_workers","labor","Non-farm share of main workers",TRUE,0.304964707184242,0.272130856801829,-0.032833850382413,1973801
"geo_component_0134",NA,NA,"09",NA,TRUE,"kumar_somanathan_exact_amalgamation","1961_1971",1961,1971,"nonfarm_worker_share_main_workers","labor","Non-farm share of main workers",TRUE,0.545993790430743,0.37059522001238,-0.175398570418363,1615478
"geo_component_0136",NA,NA,"09",NA,TRUE,"kumar_somanathan_exact_amalgamation","1961_1971",1961,1971,"nonfarm_worker_share_main_workers","labor","Non-farm share of main workers",TRUE,0.452045703253403,0.288046732835458,-0.163998970417945,1444921
"geo_component_0139",NA,NA,"09",NA,TRUE,"kumar_somanathan_exact_amalgamation","1961_1971",1961,1971,"nonfarm_worker_share_main_workers","labor","Non-farm share of main workers",TRUE,0.395450656065736,0.317176658995672,-0.078273997070064,2836554
"geo_component_0140",NA,NA,"09",NA,TRUE,"kumar_somanathan_exact_amalgamation","1961_1971",1961,1971,"nonfarm_worker_share_main_workers","labor","Non-farm share of main workers",TRUE,0.505710432452576,0.478517747734951,-0.027192684717625,1862142
"geo_component_0142",NA,NA,"09",NA,TRUE,"kumar_somanathan_exact_amalgamation","1961_1971",1961,1971,"nonfarm_worker_share_main_workers","labor","Non-farm share of main workers",TRUE,0.233798398523742,0.185258314023694,-0.048540084500048,2363096
"geo_component_0143",NA,NA,"09",NA,TRUE,"kumar_somanathan_exact_amalgamation","1961_1971",1961,1971,"nonfarm_worker_share_main_workers","labor","Non-farm share of main workers",TRUE,0.143862734413916,0.134981238086129,-0.00888149632778701,1226800
"geo_component_0145",NA,NA,"09",NA,TRUE,"kumar_somanathan_exact_amalgamation","1961_1971",1961,1971,"nonfarm_worker_share_main_workers","labor","Non-farm share of main workers",TRUE,0.201863700479188,0.136910568346768,-0.06495313213242,1065751
"geo_component_0149",NA,NA,"09",NA,TRUE,"kumar_somanathan_exact_amalgamation","1961_1971",1961,1971,"nonfarm_worker_share_main_workers","labor","Non-farm share of main workers",TRUE,0.255520226303351,0.176132682979679,-0.079387543323672,1344175
"geo_component_0150",NA,NA,"09",NA,TRUE,"kumar_somanathan_exact_amalgamation","1961_1971",1961,1971,"nonfarm_worker_share_main_workers","labor","Non-farm share of main workers",TRUE,0.43031698856559,0.41599978730758,-0.0143172012580099,2364928
"geo_component_0151",NA,NA,"09",NA,TRUE,"kumar_somanathan_exact_amalgamation","1961_1971",1961,1971,"nonfarm_worker_share_main_workers","labor","Non-farm share of main workers",TRUE,0.262569219603248,0.202629159499377,-0.059940060103871,1246904
"geo_component_0152",NA,NA,"19",NA,TRUE,"kumar_somanathan_exact_amalgamation","1961_1971",1961,1971,"nonfarm_worker_share_main_workers","labor","Non-farm share of main workers",TRUE,0.352566282390844,0.244419669175927,-0.108146613214917,2294979
"geo_component_0153",NA,NA,"19",NA,TRUE,"kumar_somanathan_exact_amalgamation","1961_1971",1961,1971,"nonfarm_worker_share_main_workers","labor","Non-farm share of main workers",TRUE,0.398373911498134,0.346988634094812,-0.051385277403322,1708801
"geo_component_0154",NA,NA,"19",NA,TRUE,"kumar_somanathan_exact_amalgamation","1961_1971",1961,1971,"nonfarm_worker_share_main_workers","labor","Non-farm share of main workers",TRUE,0.999862666655293,0.999329925476731,-0.000532741178561946,2927289
"geo_component_0001",NA,NA,"28",NA,TRUE,"kumar_somanathan_exact_amalgamation","1961_1971",1961,1971,"literate_share_population","education","Literate share of population",FALSE,0.15708805854493,0.185166666666667,0.028078608121737,1555045
"geo_component_0002",NA,NA,"28",NA,TRUE,"kumar_somanathan_exact_amalgamation","1961_1971",1961,1971,"literate_share_population","education","Literate share of population",FALSE,0.163132309765606,0.198401009623763,0.035268699858157,1350505
"geo_component_0003",NA,NA,"28",NA,TRUE,"kumar_somanathan_exact_amalgamation","1961_1971",1961,1971,"literate_share_population","education","Literate share of population",FALSE,0.275574118117189,0.30727744325165,0.031703325134461,2327265
"geo_component_0004",NA,NA,"28",NA,TRUE,"kumar_somanathan_exact_amalgamation","1961_1971",1961,1971,"literate_share_population","education","Literate share of population",FALSE,0.239188275758935,0.231561540524845,-0.00762673523408999,1671750
"geo_component_0005",NA,NA,"28",NA,TRUE,"kumar_somanathan_exact_amalgamation","1961_1971",1961,1971,"literate_share_population","education","Literate share of population",FALSE,0.211293591515133,0.268113435561074,0.056819844045941,1414094
"geo_component_0006",NA,NA,"28",NA,TRUE,"kumar_somanathan_exact_amalgamation","1961_1971",1961,1971,"literate_share_population","education","Literate share of population",FALSE,0.209376971911818,0.254027819429499,0.044650847517681,1900123
"geo_component_0007",NA,NA,"28",NA,TRUE,"kumar_somanathan_exact_amalgamation","1961_1971",1961,1971,"literate_share_population","education","Literate share of population",FALSE,0.21103535351099,0.242207633237177,0.031172279726187,3109479
"geo_component_0008",NA,NA,"28",NA,TRUE,"kumar_somanathan_exact_amalgamation","1961_1971",1961,1971,"literate_share_population","education","Literate share of population",FALSE,0.214066776031213,0.235672951278701,0.021606175247488,1570893
"geo_component_0010",NA,NA,"28",NA,TRUE,"kumar_somanathan_exact_amalgamation","1961_1971",1961,1971,"literate_share_population","education","Literate share of population",FALSE,0.140636233363465,0.16104088439341,0.020404651029945,1232378
"geo_component_0011",NA,NA,"28",NA,TRUE,"kumar_somanathan_exact_amalgamation","1961_1971",1961,1971,"literate_share_population","education","Literate share of population",FALSE,0.1432476741776,0.171898652826384,0.028650978648784,1018027
"geo_component_0012",NA,NA,"28",NA,TRUE,"kumar_somanathan_exact_amalgamation","1961_1971",1961,1971,"literate_share_population","education","Literate share of population",FALSE,0.141109875020783,0.170542682518033,0.02943280749725,1557779
"geo_component_0019",NA,NA,"18",NA,TRUE,"kumar_somanathan_exact_amalgamation","1961_1971",1961,1971,"literate_share_population","education","Literate share of population",FALSE,0.210618359315289,0.219760163911513,0.00914180459622402,1543892
"geo_component_0022",NA,NA,"18",NA,TRUE,"kumar_somanathan_exact_amalgamation","1961_1971",1961,1971,"literate_share_population","education","Literate share of population",FALSE,0.273593843027056,0.287658499822892,0.014064656795836,2062572
"geo_component_0023",NA,NA,"18",NA,TRUE,"kumar_somanathan_exact_amalgamation","1961_1971",1961,1971,"literate_share_population","education","Literate share of population",FALSE,0.229099692169315,0.227554850050801,-0.001544842118514,1289670
"geo_component_0027",NA,NA,"18",NA,TRUE,"kumar_somanathan_exact_amalgamation","1961_1971",1961,1971,"literate_share_population","education","Literate share of population",FALSE,0.343161914359019,0.366153275109408,0.022991360750389,1508390
"geo_component_0036",NA,NA,"10",NA,TRUE,"kumar_somanathan_exact_amalgamation","1961_1971",1961,1971,"literate_share_population","education","Literate share of population",FALSE,0.144404288155036,0.154899781641923,0.010495493486887,1888178
"geo_component_0040",NA,NA,"24",NA,TRUE,"kumar_somanathan_exact_amalgamation","1961_1971",1961,1971,"literate_share_population","education","Literate share of population",FALSE,0.245211311575045,0.298559117349968,0.053347805774923,663073
"geo_component_0041",NA,NA,"24",NA,TRUE,"kumar_somanathan_exact_amalgamation","1961_1971",1961,1971,"literate_share_population","education","Literate share of population",FALSE,0.265173179078381,0.32044226443811,0.055269085359729,3032901
"geo_component_0043",NA,NA,"24",NA,TRUE,"kumar_somanathan_exact_amalgamation","1961_1971",1961,1971,"literate_share_population","education","Literate share of population",FALSE,0.348587501730876,0.388959194942107,0.040371693211231,2419295
"geo_component_0044",NA,NA,"06",NA,TRUE,"kumar_somanathan_exact_amalgamation","1961_1971",1961,1971,"literate_share_population","education","Literate share of population",FALSE,0.299985887745483,0.355389860752637,0.055403973007154,885755
"geo_component_0048",NA,NA,"06",NA,TRUE,"kumar_somanathan_exact_amalgamation","1961_1971",1961,1971,"literate_share_population","education","Literate share of population",FALSE,0.190416232090904,0.269381790307736,0.078965558216832,582944
"geo_component_0050",NA,NA,"02",NA,TRUE,"kumar_somanathan_exact_amalgamation","1961_1971",1961,1971,"literate_share_population","education","Literate share of population",FALSE,0.117429858048256,0.189124203821656,0.0716943457734,215848
"geo_component_0064",NA,NA,"29",NA,TRUE,"kumar_somanathan_exact_amalgamation","1961_1971",1961,1971,"literate_share_population","education","Literate share of population",FALSE,0.260275298402922,0.307279368739534,0.047004070336612,1983811
"geo_component_0065",NA,NA,"29",NA,TRUE,"kumar_somanathan_exact_amalgamation","1961_1971",1961,1971,"literate_share_population","education","Literate share of population",FALSE,0.248220216438332,0.313464134516529,0.065243918078197,3026913
"geo_component_0066",NA,NA,"29",NA,TRUE,"kumar_somanathan_exact_amalgamation","1961_1971",1961,1971,"literate_share_population","education","Literate share of population",FALSE,0.333419759342848,0.385149856140325,0.051730096797477,1951573
"geo_component_0067",NA,NA,"29",NA,TRUE,"kumar_somanathan_exact_amalgamation","1961_1971",1961,1971,"literate_share_population","education","Literate share of population",FALSE,0.156613172511376,0.202020851286253,0.045407678774877,1099684
"geo_component_0068",NA,NA,"29",NA,TRUE,"kumar_somanathan_exact_amalgamation","1961_1971",1961,1971,"literate_share_population","education","Literate share of population",FALSE,0.334396830392039,0.406484474829379,0.07208764443734,689549
"geo_component_0070",NA,NA,"32",NA,TRUE,"kumar_somanathan_exact_amalgamation","1961_1971",1961,1971,"literate_share_population","education","Literate share of population",FALSE,0.408335496857281,0.564825283624205,0.156489786766924,311991
"geo_component_0071",NA,NA,"32",NA,TRUE,"kumar_somanathan_exact_amalgamation","1961_1971",1961,1971,"literate_share_population","education","Literate share of population",FALSE,0.406273862376553,0.572297228679883,0.16602336630333,1373763
"geo_component_0073",NA,NA,"32",NA,TRUE,"kumar_somanathan_exact_amalgamation","1961_1971",1961,1971,"literate_share_population","education","Literate share of population",FALSE,0.517421033948361,0.657429568749947,0.140008534801586,2318433
"geo_component_0074",NA,NA,"32",NA,TRUE,"kumar_somanathan_exact_amalgamation","1961_1971",1961,1971,"literate_share_population","education","Literate share of population",FALSE,0.565690228820741,0.677242327507396,0.111552098686655,1274360
"geo_component_0077",NA,NA,"23",NA,TRUE,"kumar_somanathan_exact_amalgamation","1961_1971",1961,1971,"literate_share_population","education","Literate share of population",FALSE,0.248352931170872,0.31011289244677,0.061759961275898,858343
"geo_component_0080",NA,NA,"23",NA,TRUE,"kumar_somanathan_exact_amalgamation","1961_1971",1961,1971,"literate_share_population","education","Literate share of population",FALSE,0.228979172853693,0.295650440626261,0.066671267772568,619576
"geo_component_0082",NA,NA,"27",NA,TRUE,"kumar_somanathan_exact_amalgamation","1961_1971",1961,1971,"literate_share_population","education","Literate share of population",FALSE,0.284882413174672,0.398328529882954,0.113446116708282,1827203
"geo_component_0084",NA,NA,"27",NA,TRUE,"kumar_somanathan_exact_amalgamation","1961_1971",1961,1971,"literate_share_population","education","Literate share of population",FALSE,0.280713828373077,0.374758088607759,0.094044260234682,1230716
"geo_component_0085",NA,NA,"27",NA,TRUE,"kumar_somanathan_exact_amalgamation","1961_1971",1961,1971,"literate_share_population","education","Literate share of population",FALSE,0.251467244837561,0.338957068824761,0.0874898239872,1860119
"geo_component_0086",NA,NA,"27",NA,TRUE,"kumar_somanathan_exact_amalgamation","1961_1971",1961,1971,"literate_share_population","education","Literate share of population",FALSE,0.263011488305931,0.353662436787401,0.09065094848147,1596493
"geo_component_0088",NA,NA,"27",NA,TRUE,"kumar_somanathan_exact_amalgamation","1961_1971",1961,1971,"literate_share_population","education","Literate share of population",FALSE,0.153741058963586,0.243095334327512,0.089354275363926,1206236
"geo_component_0089",NA,NA,"27",NA,TRUE,"kumar_somanathan_exact_amalgamation","1961_1971",1961,1971,"literate_share_population","education","Literate share of population",FALSE,0.150917754571798,0.240066836635122,0.089149082063324,1001466
"geo_component_0090",NA,NA,"27",NA,TRUE,"kumar_somanathan_exact_amalgamation","1961_1971",1961,1971,"literate_share_population","education","Literate share of population",FALSE,0.170549843806678,0.278847274220786,0.108297430414108,1477656
"geo_component_0092",NA,NA,"27",NA,TRUE,"kumar_somanathan_exact_amalgamation","1961_1971",1961,1971,"literate_share_population","education","Literate share of population",FALSE,0.351494278781772,0.45256932662373,0.101075047841958,1508420
"geo_component_0093",NA,NA,"27",NA,TRUE,"kumar_somanathan_exact_amalgamation","1961_1971",1961,1971,"literate_share_population","education","Literate share of population",FALSE,0.241089423598992,0.354009258441706,0.112919834842714,1272673
"geo_component_0109",NA,NA,"21",NA,TRUE,"kumar_somanathan_exact_amalgamation","1961_1971",1961,1971,"literate_share_population","education","Literate share of population",FALSE,0.298114641621277,0.364293704956373,0.066179063335096,3062919
"geo_component_0110",NA,NA,"21",NA,TRUE,"kumar_somanathan_exact_amalgamation","1961_1971",1961,1971,"literate_share_population","education","Literate share of population",FALSE,0.234545518312345,0.277628188581312,0.043082670268967,1026466
"geo_component_0111",NA,NA,"21",NA,TRUE,"kumar_somanathan_exact_amalgamation","1961_1971",1961,1971,"literate_share_population","education","Literate share of population",FALSE,0.110554531110393,0.138523321782778,0.027968790672385,946854
"geo_component_0112",NA,NA,"21",NA,TRUE,"kumar_somanathan_exact_amalgamation","1961_1971",1961,1971,"literate_share_population","education","Literate share of population",FALSE,0.084162091282203,0.10583517391881,0.021673082636607,1561071
"geo_component_0113",NA,NA,"21",NA,TRUE,"kumar_somanathan_exact_amalgamation","1961_1971",1961,1971,"literate_share_population","education","Literate share of population",FALSE,0.294974766875741,0.353428805408613,0.058454038532872,1865207
"geo_component_0115",NA,NA,"08",NA,TRUE,"kumar_somanathan_exact_amalgamation","1961_1971",1961,1971,"literate_share_population","education","Literate share of population",FALSE,0.152797290231649,0.19765611309696,0.044858822865311,1099725
"geo_component_0116",NA,NA,"08",NA,TRUE,"kumar_somanathan_exact_amalgamation","1961_1971",1961,1971,"literate_share_population","education","Literate share of population",FALSE,0.165425261608439,0.213102398332848,0.047677136724409,2835631
"geo_component_0117",NA,NA,"08",NA,TRUE,"kumar_somanathan_exact_amalgamation","1961_1971",1961,1971,"literate_share_population","education","Literate share of population",FALSE,0.0817019166046693,0.134560602629352,0.0528586860246827,141135
"geo_component_0118",NA,NA,"08",NA,TRUE,"kumar_somanathan_exact_amalgamation","1961_1971",1961,1971,"literate_share_population","education","Literate share of population",FALSE,0.185675571216433,0.213815529554779,0.028139958338346,884866
"geo_component_0119",NA,NA,"08",NA,TRUE,"kumar_somanathan_exact_amalgamation","1961_1971",1961,1971,"literate_share_population","education","Literate share of population",FALSE,0.13595823485046,0.174109786526199,0.038151551675739,1426644
"geo_component_0120",NA,NA,"08",NA,TRUE,"kumar_somanathan_exact_amalgamation","1961_1971",1961,1971,"literate_share_population","education","Literate share of population",FALSE,0.118499452678915,0.16009273508366,0.041593282404745,338010
"geo_component_0121",NA,NA,"08",NA,TRUE,"kumar_somanathan_exact_amalgamation","1961_1971",1961,1971,"literate_share_population","education","Literate share of population",FALSE,0.190519362165276,0.252809165839283,0.062289803674007,847116
"geo_component_0122",NA,NA,"08",NA,TRUE,"kumar_somanathan_exact_amalgamation","1961_1971",1961,1971,"literate_share_population","education","Literate share of population",FALSE,0.135892348164804,0.175781644559953,0.039889296395149,491882
"geo_component_0123",NA,NA,"33",NA,TRUE,"kumar_somanathan_exact_amalgamation","1961_1971",1961,1971,"literate_share_population","education","Literate share of population",FALSE,0.580235243479485,0.61064467254617,0.0304094290666851,1812165
"geo_component_0124",NA,NA,"33",NA,TRUE,"kumar_somanathan_exact_amalgamation","1961_1971",1961,1971,"literate_share_population","education","Literate share of population",FALSE,0.335452851633719,0.39657024289371,0.061117391259991,3000210
"geo_component_0125",NA,NA,"33",NA,TRUE,"kumar_somanathan_exact_amalgamation","1961_1971",1961,1971,"literate_share_population","education","Literate share of population",FALSE,0.333845041007713,0.41512905525041,0.081284014242697,3211469
"geo_component_0127",NA,NA,"33",NA,TRUE,"kumar_somanathan_exact_amalgamation","1961_1971",1961,1971,"literate_share_population","education","Literate share of population",FALSE,0.321068028441335,0.397393964842405,0.07632593640107,2421546
"geo_component_0130",NA,NA,"05",NA,TRUE,"kumar_somanathan_exact_amalgamation","1961_1971",1961,1971,"literate_share_population","education","Literate share of population",FALSE,0.229420312387878,0.293407526133315,0.063987213745437,2006736
"geo_component_0131",NA,NA,"05",NA,TRUE,"kumar_somanathan_exact_amalgamation","1961_1971",1961,1971,"literate_share_population","education","Literate share of population",FALSE,0.213792285083155,0.280764315105769,0.066972030022614,547770
"geo_component_0132",NA,NA,"09",NA,TRUE,"kumar_somanathan_exact_amalgamation","1961_1971",1961,1971,"literate_share_population","education","Literate share of population",FALSE,0.176713095944792,0.20172193385385,0.025008837909058,1190987
"geo_component_0133",NA,NA,"09",NA,TRUE,"kumar_somanathan_exact_amalgamation","1961_1971",1961,1971,"literate_share_population","education","Literate share of population",FALSE,0.137065489378109,0.171261822393104,0.034196333014995,1973801
"geo_component_0134",NA,NA,"09",NA,TRUE,"kumar_somanathan_exact_amalgamation","1961_1971",1961,1971,"literate_share_population","education","Literate share of population",FALSE,0.200403224308842,0.234125968326395,0.033722744017553,1615478
"geo_component_0136",NA,NA,"09",NA,TRUE,"kumar_somanathan_exact_amalgamation","1961_1971",1961,1971,"literate_share_population","education","Literate share of population",FALSE,0.166757213716182,0.226378788307536,0.059621574591354,1444921
"geo_component_0139",NA,NA,"09",NA,TRUE,"kumar_somanathan_exact_amalgamation","1961_1971",1961,1971,"literate_share_population","education","Literate share of population",FALSE,0.204366283878255,0.248642617461501,0.044276333583246,2836554
"geo_component_0140",NA,NA,"09",NA,TRUE,"kumar_somanathan_exact_amalgamation","1961_1971",1961,1971,"literate_share_population","education","Literate share of population",FALSE,0.240185227549779,0.279699112636975,0.039513885087196,1862142
"geo_component_0142",NA,NA,"09",NA,TRUE,"kumar_somanathan_exact_amalgamation","1961_1971",1961,1971,"literate_share_population","education","Literate share of population",FALSE,0.213406057138601,0.265479898632535,0.052073841493934,2363096
"geo_component_0143",NA,NA,"09",NA,TRUE,"kumar_somanathan_exact_amalgamation","1961_1971",1961,1971,"literate_share_population","education","Literate share of population",FALSE,0.151375937398109,0.196286967130672,0.044911029732563,1226800
"geo_component_0145",NA,NA,"09",NA,TRUE,"kumar_somanathan_exact_amalgamation","1961_1971",1961,1971,"literate_share_population","education","Literate share of population",FALSE,0.166706857417915,0.208986633329526,0.042279775911611,1065751
"geo_component_0149",NA,NA,"09",NA,TRUE,"kumar_somanathan_exact_amalgamation","1961_1971",1961,1971,"literate_share_population","education","Literate share of population",FALSE,0.193970279167519,0.216694830184998,0.022724551017479,1344175
"geo_component_0150",NA,NA,"09",NA,TRUE,"kumar_somanathan_exact_amalgamation","1961_1971",1961,1971,"literate_share_population","education","Literate share of population",FALSE,0.235781385310673,0.27268437513037,0.036902989819697,2364928
"geo_component_0151",NA,NA,"09",NA,TRUE,"kumar_somanathan_exact_amalgamation","1961_1971",1961,1971,"literate_share_population","education","Literate share of population",FALSE,0.169371499329539,0.193913650615669,0.02454215128613,1246904
"geo_component_0152",NA,NA,"19",NA,TRUE,"kumar_somanathan_exact_amalgamation","1961_1971",1961,1971,"literate_share_population","education","Literate share of population",FALSE,0.160504736644649,0.19680812794909,0.036303391304441,2294979
"geo_component_0153",NA,NA,"19",NA,TRUE,"kumar_somanathan_exact_amalgamation","1961_1971",1961,1971,"literate_share_population","education","Literate share of population",FALSE,0.272469995043308,0.313119603274032,0.040649608230724,1708801
"geo_component_0154",NA,NA,"19",NA,TRUE,"kumar_somanathan_exact_amalgamation","1961_1971",1961,1971,"literate_share_population","education","Literate share of population",FALSE,0.592856052135611,0.603175041746778,0.0103189896111671,2927289
"geo_component_0001",NA,NA,"28",NA,TRUE,"kumar_somanathan_exact_amalgamation","1961_1971",1961,1971,"primary_plus_share_population","education","Primary-school-or-higher share of population",FALSE,0.0497059570623358,0.109085875706215,0.0593799186438792,1555045
"geo_component_0002",NA,NA,"28",NA,TRUE,"kumar_somanathan_exact_amalgamation","1961_1971",1961,1971,"primary_plus_share_population","education","Primary-school-or-higher share of population",FALSE,0.0585025601534241,0.120256457521628,0.0617538973682039,1350505
"geo_component_0003",NA,NA,"28",NA,TRUE,"kumar_somanathan_exact_amalgamation","1961_1971",1961,1971,"primary_plus_share_population","education","Primary-school-or-higher share of population",FALSE,0.114245262142472,0.267053684177961,0.152808422035489,2327265
"geo_component_0004",NA,NA,"28",NA,TRUE,"kumar_somanathan_exact_amalgamation","1961_1971",1961,1971,"primary_plus_share_population","education","Primary-school-or-higher share of population",FALSE,0.092297891431135,0.211185445795432,0.118887554364297,1671750
"geo_component_0005",NA,NA,"28",NA,TRUE,"kumar_somanathan_exact_amalgamation","1961_1971",1961,1971,"primary_plus_share_population","education","Primary-school-or-higher share of population",FALSE,0.0739271929588839,0.175350945798081,0.101423752839197,1414094
"geo_component_0006",NA,NA,"28",NA,TRUE,"kumar_somanathan_exact_amalgamation","1961_1971",1961,1971,"primary_plus_share_population","education","Primary-school-or-higher share of population",FALSE,0.0859786445403797,0.161126448744862,0.0751478042044823,1900123
"geo_component_0007",NA,NA,"28",NA,TRUE,"kumar_somanathan_exact_amalgamation","1961_1971",1961,1971,"primary_plus_share_population","education","Primary-school-or-higher share of population",FALSE,0.0682400492172483,0.185646489670659,0.117406440453411,3109479
"geo_component_0008",NA,NA,"28",NA,TRUE,"kumar_somanathan_exact_amalgamation","1961_1971",1961,1971,"primary_plus_share_population","education","Primary-school-or-higher share of population",FALSE,0.0804650603191942,0.203475624214844,0.12301056389565,1570893
"geo_component_0010",NA,NA,"28",NA,TRUE,"kumar_somanathan_exact_amalgamation","1961_1971",1961,1971,"primary_plus_share_population","education","Primary-school-or-higher share of population",FALSE,0.0284709723802275,0.0875019755522009,0.0590310031719734,1232378
"geo_component_0011",NA,NA,"28",NA,TRUE,"kumar_somanathan_exact_amalgamation","1961_1971",1961,1971,"primary_plus_share_population","education","Primary-school-or-higher share of population",FALSE,0.0665168998464677,0.131804780136271,0.0652878802898033,1018027
"geo_component_0012",NA,NA,"28",NA,TRUE,"kumar_somanathan_exact_amalgamation","1961_1971",1961,1971,"primary_plus_share_population","education","Primary-school-or-higher share of population",FALSE,0.0428879834687719,0.120022222979352,0.0771342395105801,1557779
"geo_component_0019",NA,NA,"18",NA,TRUE,"kumar_somanathan_exact_amalgamation","1961_1971",1961,1971,"primary_plus_share_population","education","Primary-school-or-higher share of population",FALSE,0.0543600200013991,0.162044633439441,0.107684613438042,1543892
"geo_component_0022",NA,NA,"18",NA,TRUE,"kumar_somanathan_exact_amalgamation","1961_1971",1961,1971,"primary_plus_share_population","education","Primary-school-or-higher share of population",FALSE,0.0973740553057057,0.211449300903271,0.114075245597565,2062572
"geo_component_0023",NA,NA,"18",NA,TRUE,"kumar_somanathan_exact_amalgamation","1961_1971",1961,1971,"primary_plus_share_population","education","Primary-school-or-higher share of population",FALSE,0.0595291818837377,0.161751492349907,0.102222310466169,1289670
"geo_component_0027",NA,NA,"18",NA,TRUE,"kumar_somanathan_exact_amalgamation","1961_1971",1961,1971,"primary_plus_share_population","education","Primary-school-or-higher share of population",FALSE,0.0824050809140872,0.266458545250897,0.18405346433681,1508390
"geo_component_0036",NA,NA,"10",NA,TRUE,"kumar_somanathan_exact_amalgamation","1961_1971",1961,1971,"primary_plus_share_population","education","Primary-school-or-higher share of population",FALSE,0.0357831729847504,0.0955699520224928,0.0597867790377424,1888178
"geo_component_0040",NA,NA,"24",NA,TRUE,"kumar_somanathan_exact_amalgamation","1961_1971",1961,1971,"primary_plus_share_population","education","Primary-school-or-higher share of population",FALSE,0.151550432606968,0.132855247003385,-0.018695185603583,663073
"geo_component_0041",NA,NA,"24",NA,TRUE,"kumar_somanathan_exact_amalgamation","1961_1971",1961,1971,"primary_plus_share_population","education","Primary-school-or-higher share of population",FALSE,0.195028785970924,0.127496616967023,-0.067532169003901,3032901
"geo_component_0043",NA,NA,"24",NA,TRUE,"kumar_somanathan_exact_amalgamation","1961_1971",1961,1971,"primary_plus_share_population","education","Primary-school-or-higher share of population",FALSE,0.24020675444706,0.201902729939094,-0.038304024507966,2419295
"geo_component_0044",NA,NA,"06",NA,TRUE,"kumar_somanathan_exact_amalgamation","1961_1971",1961,1971,"primary_plus_share_population","education","Primary-school-or-higher share of population",FALSE,0.18370768440483,0.252469717453945,0.068762033049115,885755
"geo_component_0048",NA,NA,"06",NA,TRUE,"kumar_somanathan_exact_amalgamation","1961_1971",1961,1971,"primary_plus_share_population","education","Primary-school-or-higher share of population",FALSE,0.084435211615524,0.180771126053663,0.096335914438139,582944
"geo_component_0050",NA,NA,"02",NA,TRUE,"kumar_somanathan_exact_amalgamation","1961_1971",1961,1971,"primary_plus_share_population","education","Primary-school-or-higher share of population",FALSE,0.0497109076757718,0.0972412420382166,0.0475303343624448,215848
"geo_component_0064",NA,NA,"29",NA,TRUE,"kumar_somanathan_exact_amalgamation","1961_1971",1961,1971,"primary_plus_share_population","education","Primary-school-or-higher share of population",FALSE,0.0923359130481684,0.276205752221519,0.183869839173351,1983811
"geo_component_0065",NA,NA,"29",NA,TRUE,"kumar_somanathan_exact_amalgamation","1961_1971",1961,1971,"primary_plus_share_population","education","Primary-school-or-higher share of population",FALSE,0.0433355699354425,0.261478946009121,0.218143376073679,3026913
"geo_component_0066",NA,NA,"29",NA,TRUE,"kumar_somanathan_exact_amalgamation","1961_1971",1961,1971,"primary_plus_share_population","education","Primary-school-or-higher share of population",FALSE,0.0797443908068005,0.341326770878652,0.261582380071851,1951573
"geo_component_0067",NA,NA,"29",NA,TRUE,"kumar_somanathan_exact_amalgamation","1961_1971",1961,1971,"primary_plus_share_population","education","Primary-school-or-higher share of population",FALSE,0.034748164018027,0.12629649511916,0.091548331101133,1099684
"geo_component_0068",NA,NA,"29",NA,TRUE,"kumar_somanathan_exact_amalgamation","1961_1971",1961,1971,"primary_plus_share_population","education","Primary-school-or-higher share of population",FALSE,0.107956069836951,0.374387148821406,0.266431078984455,689549
"geo_component_0070",NA,NA,"32",NA,TRUE,"kumar_somanathan_exact_amalgamation","1961_1971",1961,1971,"primary_plus_share_population","education","Primary-school-or-higher share of population",FALSE,0.127141488055745,0.381216056898784,0.254074568843039,311991
"geo_component_0071",NA,NA,"32",NA,TRUE,"kumar_somanathan_exact_amalgamation","1961_1971",1961,1971,"primary_plus_share_population","education","Primary-school-or-higher share of population",FALSE,0.123598466402138,0.386784286063254,0.263185819661116,1373763
"geo_component_0073",NA,NA,"32",NA,TRUE,"kumar_somanathan_exact_amalgamation","1961_1971",1961,1971,"primary_plus_share_population","education","Primary-school-or-higher share of population",FALSE,0.172761084749915,0.46158827696273,0.288827192212815,2318433
"geo_component_0074",NA,NA,"32",NA,TRUE,"kumar_somanathan_exact_amalgamation","1961_1971",1961,1971,"primary_plus_share_population","education","Primary-school-or-higher share of population",FALSE,0.203292633164883,0.484824601357862,0.281531968192979,1274360
"geo_component_0077",NA,NA,"23",NA,TRUE,"kumar_somanathan_exact_amalgamation","1961_1971",1961,1971,"primary_plus_share_population","education","Primary-school-or-higher share of population",FALSE,0.0584824481588363,0.20857885584116,0.150096407682324,858343
"geo_component_0080",NA,NA,"23",NA,TRUE,"kumar_somanathan_exact_amalgamation","1961_1971",1961,1971,"primary_plus_share_population","education","Primary-school-or-higher share of population",FALSE,0.0746946298759151,0.133661172147567,0.0589665422716519,619576
"geo_component_0082",NA,NA,"27",NA,TRUE,"kumar_somanathan_exact_amalgamation","1961_1971",1961,1971,"primary_plus_share_population","education","Primary-school-or-higher share of population",FALSE,0.135895135898967,0.232956375092121,0.097061239193154,1827203
"geo_component_0084",NA,NA,"27",NA,TRUE,"kumar_somanathan_exact_amalgamation","1961_1971",1961,1971,"primary_plus_share_population","education","Primary-school-or-higher share of population",FALSE,0.157823575869656,0.249987660895429,0.092164085025773,1230716
"geo_component_0085",NA,NA,"27",NA,TRUE,"kumar_somanathan_exact_amalgamation","1961_1971",1961,1971,"primary_plus_share_population","education","Primary-school-or-higher share of population",FALSE,0.137512169920312,0.220166915131509,0.082654745211197,1860119
"geo_component_0086",NA,NA,"27",NA,TRUE,"kumar_somanathan_exact_amalgamation","1961_1971",1961,1971,"primary_plus_share_population","education","Primary-school-or-higher share of population",FALSE,0.149773910690495,0.235762425606028,0.085988514915533,1596493
"geo_component_0088",NA,NA,"27",NA,TRUE,"kumar_somanathan_exact_amalgamation","1961_1971",1961,1971,"primary_plus_share_population","education","Primary-school-or-higher share of population",FALSE,0.0478156844929185,0.158888776064843,0.111073091571924,1206236
"geo_component_0089",NA,NA,"27",NA,TRUE,"kumar_somanathan_exact_amalgamation","1961_1971",1961,1971,"primary_plus_share_population","education","Primary-school-or-higher share of population",FALSE,0.0536852973540789,0.156667996246076,0.102982698891997,1001466
"geo_component_0090",NA,NA,"27",NA,TRUE,"kumar_somanathan_exact_amalgamation","1961_1971",1961,1971,"primary_plus_share_population","education","Primary-school-or-higher share of population",FALSE,0.0525507966671539,0.176352239457538,0.123801442790384,1477656
"geo_component_0092",NA,NA,"27",NA,TRUE,"kumar_somanathan_exact_amalgamation","1961_1971",1961,1971,"primary_plus_share_population","education","Primary-school-or-higher share of population",FALSE,0.208005727847682,0.37725203429475,0.169246306447068,1508420
"geo_component_0093",NA,NA,"27",NA,TRUE,"kumar_somanathan_exact_amalgamation","1961_1971",1961,1971,"primary_plus_share_population","education","Primary-school-or-higher share of population",FALSE,0.107367721323545,0.209042747764225,0.10167502644068,1272673
"geo_component_0109",NA,NA,"21",NA,TRUE,"kumar_somanathan_exact_amalgamation","1961_1971",1961,1971,"primary_plus_share_population","education","Primary-school-or-higher share of population",FALSE,0.0374410815303963,0.267958537787139,0.230517456256743,3062919
"geo_component_0110",NA,NA,"21",NA,TRUE,"kumar_somanathan_exact_amalgamation","1961_1971",1961,1971,"primary_plus_share_population","education","Primary-school-or-higher share of population",FALSE,0.0390183405977402,0.244546391800382,0.205528051202642,1026466
"geo_component_0111",NA,NA,"21",NA,TRUE,"kumar_somanathan_exact_amalgamation","1961_1971",1961,1971,"primary_plus_share_population","education","Primary-school-or-higher share of population",FALSE,0.0193408909926979,0.116169431439449,0.0968285404467511,946854
"geo_component_0112",NA,NA,"21",NA,TRUE,"kumar_somanathan_exact_amalgamation","1961_1971",1961,1971,"primary_plus_share_population","education","Primary-school-or-higher share of population",FALSE,0.011708628243046,0.0877378099243325,0.0760291816812865,1561071
"geo_component_0113",NA,NA,"21",NA,TRUE,"kumar_somanathan_exact_amalgamation","1961_1971",1961,1971,"primary_plus_share_population","education","Primary-school-or-higher share of population",FALSE,0.0290970385592591,0.307756255289191,0.278659216729932,1865207
"geo_component_0115",NA,NA,"08",NA,TRUE,"kumar_somanathan_exact_amalgamation","1961_1971",1961,1971,"primary_plus_share_population","education","Primary-school-or-higher share of population",FALSE,0.0334301757257496,0.109910658188859,0.0764804824631094,1099725
"geo_component_0116",NA,NA,"08",NA,TRUE,"kumar_somanathan_exact_amalgamation","1961_1971",1961,1971,"primary_plus_share_population","education","Primary-school-or-higher share of population",FALSE,0.0265602259250234,0.124838497368323,0.0982782714432996,2835631
"geo_component_0117",NA,NA,"08",NA,TRUE,"kumar_somanathan_exact_amalgamation","1961_1971",1961,1971,"primary_plus_share_population","education","Primary-school-or-higher share of population",FALSE,0.00904807453856237,0.0737791868794622,0.0647311123408998,141135
"geo_component_0118",NA,NA,"08",NA,TRUE,"kumar_somanathan_exact_amalgamation","1961_1971",1961,1971,"primary_plus_share_population","education","Primary-school-or-higher share of population",FALSE,0.035911652159762,0.127521219093928,0.091609566934166,884866
"geo_component_0119",NA,NA,"08",NA,TRUE,"kumar_somanathan_exact_amalgamation","1961_1971",1961,1971,"primary_plus_share_population","education","Primary-school-or-higher share of population",FALSE,0.022748492265765,0.0922245633490435,0.0694760710832785,1426644
"geo_component_0120",NA,NA,"08",NA,TRUE,"kumar_somanathan_exact_amalgamation","1961_1971",1961,1971,"primary_plus_share_population","education","Primary-school-or-higher share of population",FALSE,0.0277979941421851,0.087432436344848,0.0596344422026629,338010
"geo_component_0121",NA,NA,"08",NA,TRUE,"kumar_somanathan_exact_amalgamation","1961_1971",1961,1971,"primary_plus_share_population","education","Primary-school-or-higher share of population",FALSE,0.0403710943955727,0.141296182476269,0.100925088080696,847116
"geo_component_0122",NA,NA,"08",NA,TRUE,"kumar_somanathan_exact_amalgamation","1961_1971",1961,1971,"primary_plus_share_population","education","Primary-school-or-higher share of population",FALSE,0.0212286686644358,0.0794703367071925,0.0582416680427567,491882
"geo_component_0123",NA,NA,"33",NA,TRUE,"kumar_somanathan_exact_amalgamation","1961_1971",1961,1971,"primary_plus_share_population","education","Primary-school-or-higher share of population",FALSE,0.337936115088858,0.461451230462177,0.123515115373319,1812165
"geo_component_0124",NA,NA,"33",NA,TRUE,"kumar_somanathan_exact_amalgamation","1961_1971",1961,1971,"primary_plus_share_population","education","Primary-school-or-higher share of population",FALSE,0.0945473816832822,0.250641058324406,0.156093676641124,3000210
"geo_component_0125",NA,NA,"33",NA,TRUE,"kumar_somanathan_exact_amalgamation","1961_1971",1961,1971,"primary_plus_share_population","education","Primary-school-or-higher share of population",FALSE,0.100250383858602,0.259661210447319,0.159410826588717,3211469
"geo_component_0127",NA,NA,"33",NA,TRUE,"kumar_somanathan_exact_amalgamation","1961_1971",1961,1971,"primary_plus_share_population","education","Primary-school-or-higher share of population",FALSE,0.078458967948575,0.240736072598941,0.162277104650366,2421546
"geo_component_0130",NA,NA,"05",NA,TRUE,"kumar_somanathan_exact_amalgamation","1961_1971",1961,1971,"primary_plus_share_population","education","Primary-school-or-higher share of population",FALSE,0.082844978113713,0.159987925901963,0.07714294778825,2006736
"geo_component_0131",NA,NA,"05",NA,TRUE,"kumar_somanathan_exact_amalgamation","1961_1971",1961,1971,"primary_plus_share_population","education","Primary-school-or-higher share of population",FALSE,0.0877320773317268,0.155786091672795,0.0680540143410682,547770
"geo_component_0132",NA,NA,"09",NA,TRUE,"kumar_somanathan_exact_amalgamation","1961_1971",1961,1971,"primary_plus_share_population","education","Primary-school-or-higher share of population",FALSE,0.0625279704984185,0.115909769592366,0.0533817990939475,1190987
"geo_component_0133",NA,NA,"09",NA,TRUE,"kumar_somanathan_exact_amalgamation","1961_1971",1961,1971,"primary_plus_share_population","education","Primary-school-or-higher share of population",FALSE,0.0632850018821553,0.107747684101622,0.0444626822194667,1973801
"geo_component_0134",NA,NA,"09",NA,TRUE,"kumar_somanathan_exact_amalgamation","1961_1971",1961,1971,"primary_plus_share_population","education","Primary-school-or-higher share of population",FALSE,0.0721910171478658,0.146264856431225,0.0740738392833592,1615478
"geo_component_0136",NA,NA,"09",NA,TRUE,"kumar_somanathan_exact_amalgamation","1961_1971",1961,1971,"primary_plus_share_population","education","Primary-school-or-higher share of population",FALSE,0.0638076406945432,0.188587401909461,0.124779761214918,1444921
"geo_component_0139",NA,NA,"09",NA,TRUE,"kumar_somanathan_exact_amalgamation","1961_1971",1961,1971,"primary_plus_share_population","education","Primary-school-or-higher share of population",FALSE,0.0650380708422967,0.1889454154684,0.123907344626103,2836554
"geo_component_0140",NA,NA,"09",NA,TRUE,"kumar_somanathan_exact_amalgamation","1961_1971",1961,1971,"primary_plus_share_population","education","Primary-school-or-higher share of population",FALSE,0.0698281871092538,0.172164280411221,0.102336093301967,1862142
"geo_component_0142",NA,NA,"09",NA,TRUE,"kumar_somanathan_exact_amalgamation","1961_1971",1961,1971,"primary_plus_share_population","education","Primary-school-or-higher share of population",FALSE,0.0700919471743848,0.206418695191129,0.136326748016744,2363096
"geo_component_0143",NA,NA,"09",NA,TRUE,"kumar_somanathan_exact_amalgamation","1961_1971",1961,1971,"primary_plus_share_population","education","Primary-school-or-higher share of population",FALSE,0.0373858819693512,0.180774902603286,0.143389020633935,1226800
"geo_component_0145",NA,NA,"09",NA,TRUE,"kumar_somanathan_exact_amalgamation","1961_1971",1961,1971,"primary_plus_share_population","education","Primary-school-or-higher share of population",FALSE,0.0524813019176149,0.10523573562062,0.0527544337030051,1065751
"geo_component_0149",NA,NA,"09",NA,TRUE,"kumar_somanathan_exact_amalgamation","1961_1971",1961,1971,"primary_plus_share_population","education","Primary-school-or-higher share of population",FALSE,0.0658485688247438,0.131334510222256,0.0654859413975122,1344175
"geo_component_0150",NA,NA,"09",NA,TRUE,"kumar_somanathan_exact_amalgamation","1961_1971",1961,1971,"primary_plus_share_population","education","Primary-school-or-higher share of population",FALSE,0.0612720556397489,0.152453725014102,0.0911816693743531,2364928
"geo_component_0151",NA,NA,"09",NA,TRUE,"kumar_somanathan_exact_amalgamation","1961_1971",1961,1971,"primary_plus_share_population","education","Primary-school-or-higher share of population",FALSE,0.0477286142317291,0.140947174982869,0.0932185607511399,1246904
"geo_component_0152",NA,NA,"19",NA,TRUE,"kumar_somanathan_exact_amalgamation","1961_1971",1961,1971,"primary_plus_share_population","education","Primary-school-or-higher share of population",FALSE,0.0830905206540016,0.138540020742044,0.0554495000880424,2294979
"geo_component_0153",NA,NA,"19",NA,TRUE,"kumar_somanathan_exact_amalgamation","1961_1971",1961,1971,"primary_plus_share_population","education","Primary-school-or-higher share of population",FALSE,0.124183564967483,0.220114470622834,0.095930905655351,1708801
"geo_component_0154",NA,NA,"19",NA,TRUE,"kumar_somanathan_exact_amalgamation","1961_1971",1961,1971,"primary_plus_share_population","education","Primary-school-or-higher share of population",FALSE,0.315139707763736,0.497274470535254,0.182134762771518,2927289
"geo_component_0001",NA,NA,"28",NA,TRUE,"kumar_somanathan_exact_amalgamation","1961_1971",1961,1971,"matriculate_plus_share_population","education","Matriculate-or-higher share of population",FALSE,0.00743708381429476,0.0153231638418079,0.00788608002751314,1555045
"geo_component_0002",NA,NA,"28",NA,TRUE,"kumar_somanathan_exact_amalgamation","1961_1971",1961,1971,"matriculate_plus_share_population","education","Matriculate-or-higher share of population",FALSE,0.0117319076937886,0.0218898611704413,0.0101579534766527,1350505
"geo_component_0003",NA,NA,"28",NA,TRUE,"kumar_somanathan_exact_amalgamation","1961_1971",1961,1971,"matriculate_plus_share_population","education","Matriculate-or-higher share of population",FALSE,0.0198120970323534,0.0355825020179378,0.0157704049855844,2327265
"geo_component_0004",NA,NA,"28",NA,TRUE,"kumar_somanathan_exact_amalgamation","1961_1971",1961,1971,"matriculate_plus_share_population","education","Matriculate-or-higher share of population",FALSE,0.0167548975624346,0.0234380818700049,0.0066831843075703,1671750
"geo_component_0005",NA,NA,"28",NA,TRUE,"kumar_somanathan_exact_amalgamation","1961_1971",1961,1971,"matriculate_plus_share_population","education","Matriculate-or-higher share of population",FALSE,0.013987047537151,0.0303967688841678,0.0164097213470168,1414094
"geo_component_0006",NA,NA,"28",NA,TRUE,"kumar_somanathan_exact_amalgamation","1961_1971",1961,1971,"matriculate_plus_share_population","education","Matriculate-or-higher share of population",FALSE,0.0139901469536446,0.0284628750859986,0.014472728132354,1900123
"geo_component_0007",NA,NA,"28",NA,TRUE,"kumar_somanathan_exact_amalgamation","1961_1971",1961,1971,"matriculate_plus_share_population","education","Matriculate-or-higher share of population",FALSE,0.0131266363271789,0.0240454662150232,0.0109188298878443,3109479
"geo_component_0008",NA,NA,"28",NA,TRUE,"kumar_somanathan_exact_amalgamation","1961_1971",1961,1971,"matriculate_plus_share_population","education","Matriculate-or-higher share of population",FALSE,0.015431350193807,0.0309531857786478,0.0155218355848408,1570893
"geo_component_0010",NA,NA,"28",NA,TRUE,"kumar_somanathan_exact_amalgamation","1961_1971",1961,1971,"matriculate_plus_share_population","education","Matriculate-or-higher share of population",FALSE,0.00575797360874667,0.0189503141809224,0.0131923405721757,1232378
"geo_component_0011",NA,NA,"28",NA,TRUE,"kumar_somanathan_exact_amalgamation","1961_1971",1961,1971,"matriculate_plus_share_population","education","Matriculate-or-higher share of population",FALSE,0.00848012871957227,0.0245052799580893,0.016025151238517,1018027
"geo_component_0012",NA,NA,"28",NA,TRUE,"kumar_somanathan_exact_amalgamation","1961_1971",1961,1971,"matriculate_plus_share_population","education","Matriculate-or-higher share of population",FALSE,0.00764100684371788,0.0246612424425934,0.0170202355988755,1557779
"geo_component_0019",NA,NA,"18",NA,TRUE,"kumar_somanathan_exact_amalgamation","1961_1971",1961,1971,"matriculate_plus_share_population","education","Matriculate-or-higher share of population",FALSE,0.0056584268847821,0.0121670772094595,0.0065086503246774,1543892
"geo_component_0022",NA,NA,"18",NA,TRUE,"kumar_somanathan_exact_amalgamation","1961_1971",1961,1971,"matriculate_plus_share_population","education","Matriculate-or-higher share of population",FALSE,0.0166849932996278,0.0311094278117416,0.0144244345121138,2062572
"geo_component_0023",NA,NA,"18",NA,TRUE,"kumar_somanathan_exact_amalgamation","1961_1971",1961,1971,"matriculate_plus_share_population","education","Matriculate-or-higher share of population",FALSE,0.0069009901757814,0.0179611885348822,0.0110601983591008,1289670
"geo_component_0027",NA,NA,"18",NA,TRUE,"kumar_somanathan_exact_amalgamation","1961_1971",1961,1971,"matriculate_plus_share_population","education","Matriculate-or-higher share of population",FALSE,0.01369274524493,0.0310679992097482,0.0173752539648182,1508390
"geo_component_0036",NA,NA,"10",NA,TRUE,"kumar_somanathan_exact_amalgamation","1961_1971",1961,1971,"matriculate_plus_share_population","education","Matriculate-or-higher share of population",FALSE,0.00802043027723022,0.0177158519794338,0.00969542170220358,1888178
"geo_component_0040",NA,NA,"24",NA,TRUE,"kumar_somanathan_exact_amalgamation","1961_1971",1961,1971,"matriculate_plus_share_population","education","Matriculate-or-higher share of population",FALSE,0.0103910127542518,0.0324937844045921,0.0221027716503403,663073
"geo_component_0041",NA,NA,"24",NA,TRUE,"kumar_somanathan_exact_amalgamation","1961_1971",1961,1971,"matriculate_plus_share_population","education","Matriculate-or-higher share of population",FALSE,0.00950113439245132,0.0309819847740502,0.0214808503815989,3032901
"geo_component_0043",NA,NA,"24",NA,TRUE,"kumar_somanathan_exact_amalgamation","1961_1971",1961,1971,"matriculate_plus_share_population","education","Matriculate-or-higher share of population",FALSE,0.0182387844392685,0.0548658010283312,0.0366270165890627,2419295
"geo_component_0044",NA,NA,"06",NA,TRUE,"kumar_somanathan_exact_amalgamation","1961_1971",1961,1971,"matriculate_plus_share_population","education","Matriculate-or-higher share of population",FALSE,0.055883398908276,0.0621737883567537,0.0062903894484777,885755
"geo_component_0048",NA,NA,"06",NA,TRUE,"kumar_somanathan_exact_amalgamation","1961_1971",1961,1971,"matriculate_plus_share_population","education","Matriculate-or-higher share of population",FALSE,0.0154525992205083,0.0322793011474593,0.016826701926951,582944
"geo_component_0050",NA,NA,"02",NA,TRUE,"kumar_somanathan_exact_amalgamation","1961_1971",1961,1971,"matriculate_plus_share_population","education","Matriculate-or-higher share of population",FALSE,0.0108687594974241,0.024140127388535,0.0132713678911109,215848
"geo_component_0064",NA,NA,"29",NA,TRUE,"kumar_somanathan_exact_amalgamation","1961_1971",1961,1971,"matriculate_plus_share_population","education","Matriculate-or-higher share of population",FALSE,0.0140340990144726,0.0376975268038931,0.0236634277894205,1983811
"geo_component_0065",NA,NA,"29",NA,TRUE,"kumar_somanathan_exact_amalgamation","1961_1971",1961,1971,"matriculate_plus_share_population","education","Matriculate-or-higher share of population",FALSE,0.0168865111088426,0.0444247960358245,0.0275382849269819,3026913
"geo_component_0066",NA,NA,"29",NA,TRUE,"kumar_somanathan_exact_amalgamation","1961_1971",1961,1971,"matriculate_plus_share_population","education","Matriculate-or-higher share of population",FALSE,0.0169555532895772,0.0437517851706911,0.0267962318811139,1951573
"geo_component_0067",NA,NA,"29",NA,TRUE,"kumar_somanathan_exact_amalgamation","1961_1971",1961,1971,"matriculate_plus_share_population","education","Matriculate-or-higher share of population",FALSE,0.0067655799302345,0.0207855962252956,0.0140200162950611,1099684
"geo_component_0068",NA,NA,"29",NA,TRUE,"kumar_somanathan_exact_amalgamation","1961_1971",1961,1971,"matriculate_plus_share_population","education","Matriculate-or-higher share of population",FALSE,0.0151214779515306,0.0453171280348131,0.0301956500832825,689549
"geo_component_0070",NA,NA,"32",NA,TRUE,"kumar_somanathan_exact_amalgamation","1961_1971",1961,1971,"matriculate_plus_share_population","education","Matriculate-or-higher share of population",FALSE,0.0169908747367713,0.0404345683307242,0.0234436935939529,311991
"geo_component_0071",NA,NA,"32",NA,TRUE,"kumar_somanathan_exact_amalgamation","1961_1971",1961,1971,"matriculate_plus_share_population","education","Matriculate-or-higher share of population",FALSE,0.0165093979092464,0.0413450111022976,0.0248356131930512,1373763
"geo_component_0073",NA,NA,"32",NA,TRUE,"kumar_somanathan_exact_amalgamation","1961_1971",1961,1971,"matriculate_plus_share_population","education","Matriculate-or-higher share of population",FALSE,0.0397432231166482,0.079983613692808,0.0402403905761598,2318433
"geo_component_0074",NA,NA,"32",NA,TRUE,"kumar_somanathan_exact_amalgamation","1961_1971",1961,1971,"matriculate_plus_share_population","education","Matriculate-or-higher share of population",FALSE,0.034585988260774,0.0755615362073816,0.0409755479466076,1274360
"geo_component_0077",NA,NA,"23",NA,TRUE,"kumar_somanathan_exact_amalgamation","1961_1971",1961,1971,"matriculate_plus_share_population","education","Matriculate-or-higher share of population",FALSE,0.0292295737251891,0.0652221559511063,0.0359925822259172,858343
"geo_component_0080",NA,NA,"23",NA,TRUE,"kumar_somanathan_exact_amalgamation","1961_1971",1961,1971,"matriculate_plus_share_population","education","Matriculate-or-higher share of population",FALSE,0.0139062842976487,0.0392750404227239,0.0253687561250752,619576
"geo_component_0082",NA,NA,"27",NA,TRUE,"kumar_somanathan_exact_amalgamation","1961_1971",1961,1971,"matriculate_plus_share_population","education","Matriculate-or-higher share of population",FALSE,0.00686075931355192,0.018405160699152,0.0115444013856001,1827203
"geo_component_0084",NA,NA,"27",NA,TRUE,"kumar_somanathan_exact_amalgamation","1961_1971",1961,1971,"matriculate_plus_share_population","education","Matriculate-or-higher share of population",FALSE,0.0133865164668372,0.0328447480874388,0.0194582316206016,1230716
"geo_component_0085",NA,NA,"27",NA,TRUE,"kumar_somanathan_exact_amalgamation","1961_1971",1961,1971,"matriculate_plus_share_population","education","Matriculate-or-higher share of population",FALSE,0.0128970243301638,0.0291125368260391,0.0162155124958753,1860119
"geo_component_0086",NA,NA,"27",NA,TRUE,"kumar_somanathan_exact_amalgamation","1961_1971",1961,1971,"matriculate_plus_share_population","education","Matriculate-or-higher share of population",FALSE,0.0135891607417007,0.0337345444371692,0.0201453836954685,1596493
"geo_component_0088",NA,NA,"27",NA,TRUE,"kumar_somanathan_exact_amalgamation","1961_1971",1961,1971,"matriculate_plus_share_population","education","Matriculate-or-higher share of population",FALSE,0.00563902917836974,0.0160621620670958,0.0104231328887261,1206236
"geo_component_0089",NA,NA,"27",NA,TRUE,"kumar_somanathan_exact_amalgamation","1961_1971",1961,1971,"matriculate_plus_share_population","education","Matriculate-or-higher share of population",FALSE,0.00522733672436209,0.0185752351450602,0.0133478984206981,1001466
"geo_component_0090",NA,NA,"27",NA,TRUE,"kumar_somanathan_exact_amalgamation","1961_1971",1961,1971,"matriculate_plus_share_population","education","Matriculate-or-higher share of population",FALSE,0.0058470983774302,0.0218312246564668,0.0159841262790366,1477656
"geo_component_0092",NA,NA,"27",NA,TRUE,"kumar_somanathan_exact_amalgamation","1961_1971",1961,1971,"matriculate_plus_share_population","education","Matriculate-or-higher share of population",FALSE,0.0409408520173426,0.0693662595331829,0.0284254075158403,1508420
"geo_component_0093",NA,NA,"27",NA,TRUE,"kumar_somanathan_exact_amalgamation","1961_1971",1961,1971,"matriculate_plus_share_population","education","Matriculate-or-higher share of population",FALSE,0.00649813424186731,0.0243242220512368,0.0178260878093695,1272673
"geo_component_0109",NA,NA,"21",NA,TRUE,"kumar_somanathan_exact_amalgamation","1961_1971",1961,1971,"matriculate_plus_share_population","education","Matriculate-or-higher share of population",FALSE,0.00958236244575844,0.022323978140272,0.0127416156945136,3062919
"geo_component_0110",NA,NA,"21",NA,TRUE,"kumar_somanathan_exact_amalgamation","1961_1971",1961,1971,"matriculate_plus_share_population","education","Matriculate-or-higher share of population",FALSE,0.0049480450399721,0.022419573480154,0.0174715284401819,1026466
"geo_component_0111",NA,NA,"21",NA,TRUE,"kumar_somanathan_exact_amalgamation","1961_1971",1961,1971,"matriculate_plus_share_population","education","Matriculate-or-higher share of population",FALSE,0.00176690387324762,0.0100191688239828,0.00825226495073518,946854
"geo_component_0112",NA,NA,"21",NA,TRUE,"kumar_somanathan_exact_amalgamation","1961_1971",1961,1971,"matriculate_plus_share_population","education","Matriculate-or-higher share of population",FALSE,0.00272056812278237,0.00941622811546723,0.00669565999268486,1561071
"geo_component_0113",NA,NA,"21",NA,TRUE,"kumar_somanathan_exact_amalgamation","1961_1971",1961,1971,"matriculate_plus_share_population","education","Matriculate-or-higher share of population",FALSE,0.00889659968035719,0.0244598243636204,0.0155632246832632,1865207
"geo_component_0115",NA,NA,"08",NA,TRUE,"kumar_somanathan_exact_amalgamation","1961_1971",1961,1971,"matriculate_plus_share_population","education","Matriculate-or-higher share of population",FALSE,0.0109409170474437,0.0270561367466816,0.0161152196992379,1099725
"geo_component_0116",NA,NA,"08",NA,TRUE,"kumar_somanathan_exact_amalgamation","1961_1971",1961,1971,"matriculate_plus_share_population","education","Matriculate-or-higher share of population",FALSE,0.0186089092692244,0.040712175762908,0.0221032664936836,2835631
"geo_component_0117",NA,NA,"08",NA,TRUE,"kumar_somanathan_exact_amalgamation","1961_1971",1961,1971,"matriculate_plus_share_population","education","Matriculate-or-higher share of population",FALSE,0.0049031069543345,0.0168357191384879,0.0119326121841534,141135
"geo_component_0118",NA,NA,"08",NA,TRUE,"kumar_somanathan_exact_amalgamation","1961_1971",1961,1971,"matriculate_plus_share_population","education","Matriculate-or-higher share of population",FALSE,0.0207432537807984,0.0436129984587666,0.0228697446779682,884866
"geo_component_0119",NA,NA,"08",NA,TRUE,"kumar_somanathan_exact_amalgamation","1961_1971",1961,1971,"matriculate_plus_share_population","education","Matriculate-or-higher share of population",FALSE,0.0103081076989074,0.0265666759079567,0.0162585682090493,1426644
"geo_component_0120",NA,NA,"08",NA,TRUE,"kumar_somanathan_exact_amalgamation","1961_1971",1961,1971,"matriculate_plus_share_population","education","Matriculate-or-higher share of population",FALSE,0.00788734061122452,0.0221593199427198,0.0142719793314953,338010
"geo_component_0121",NA,NA,"08",NA,TRUE,"kumar_somanathan_exact_amalgamation","1961_1971",1961,1971,"matriculate_plus_share_population","education","Matriculate-or-higher share of population",FALSE,0.0165986712563569,0.0395121848717423,0.0229135136153854,847116
"geo_component_0122",NA,NA,"08",NA,TRUE,"kumar_somanathan_exact_amalgamation","1961_1971",1961,1971,"matriculate_plus_share_population","education","Matriculate-or-higher share of population",FALSE,0.00584693076794841,0.0156657586693965,0.00981882790144809,491882
"geo_component_0123",NA,NA,"33",NA,TRUE,"kumar_somanathan_exact_amalgamation","1961_1971",1961,1971,"matriculate_plus_share_population","education","Matriculate-or-higher share of population",FALSE,0.112301032190777,0.146829286069856,0.034528253879079,1812165
"geo_component_0124",NA,NA,"33",NA,TRUE,"kumar_somanathan_exact_amalgamation","1961_1971",1961,1971,"matriculate_plus_share_population","education","Matriculate-or-higher share of population",FALSE,0.0187116901816873,0.035308841802045,0.0165971516203577,3000210
"geo_component_0125",NA,NA,"33",NA,TRUE,"kumar_somanathan_exact_amalgamation","1961_1971",1961,1971,"matriculate_plus_share_population","education","Matriculate-or-higher share of population",FALSE,0.0212603640265561,0.041633773018465,0.0203734089919089,3211469
"geo_component_0127",NA,NA,"33",NA,TRUE,"kumar_somanathan_exact_amalgamation","1961_1971",1961,1971,"matriculate_plus_share_population","education","Matriculate-or-higher share of population",FALSE,0.0167925779646556,0.0334290490163824,0.0166364710517268,2421546
"geo_component_0130",NA,NA,"05",NA,TRUE,"kumar_somanathan_exact_amalgamation","1961_1971",1961,1971,"matriculate_plus_share_population","education","Matriculate-or-higher share of population",FALSE,0.0157325128965644,0.0353465543889918,0.0196140414924274,2006736
"geo_component_0131",NA,NA,"05",NA,TRUE,"kumar_somanathan_exact_amalgamation","1961_1971",1961,1971,"matriculate_plus_share_population","education","Matriculate-or-higher share of population",FALSE,0.0136754477244099,0.0272341986917101,0.0135587509673002,547770
"geo_component_0132",NA,NA,"09",NA,TRUE,"kumar_somanathan_exact_amalgamation","1961_1971",1961,1971,"matriculate_plus_share_population","education","Matriculate-or-higher share of population",FALSE,0.0144879834960415,0.0305800957599224,0.0160921122638809,1190987
"geo_component_0133",NA,NA,"09",NA,TRUE,"kumar_somanathan_exact_amalgamation","1961_1971",1961,1971,"matriculate_plus_share_population","education","Matriculate-or-higher share of population",FALSE,0.016274690305659,0.0301806814490581,0.0139059911433991,1973801
"geo_component_0134",NA,NA,"09",NA,TRUE,"kumar_somanathan_exact_amalgamation","1961_1971",1961,1971,"matriculate_plus_share_population","education","Matriculate-or-higher share of population",FALSE,0.0231386623649471,0.0460767147127213,0.0229380523477742,1615478
"geo_component_0136",NA,NA,"09",NA,TRUE,"kumar_somanathan_exact_amalgamation","1961_1971",1961,1971,"matriculate_plus_share_population","education","Matriculate-or-higher share of population",FALSE,0.0174756959030978,0.0409878770829761,0.0235121811798783,1444921
"geo_component_0139",NA,NA,"09",NA,TRUE,"kumar_somanathan_exact_amalgamation","1961_1971",1961,1971,"matriculate_plus_share_population","education","Matriculate-or-higher share of population",FALSE,0.0212366836661668,0.0468908356397275,0.0256541519735607,2836554
"geo_component_0140",NA,NA,"09",NA,TRUE,"kumar_somanathan_exact_amalgamation","1961_1971",1961,1971,"matriculate_plus_share_population","education","Matriculate-or-higher share of population",FALSE,0.0272648380198717,0.05207659234579,0.0248117543259183,1862142
"geo_component_0142",NA,NA,"09",NA,TRUE,"kumar_somanathan_exact_amalgamation","1961_1971",1961,1971,"matriculate_plus_share_population","education","Matriculate-or-higher share of population",FALSE,0.0134302626723586,0.0299190940524727,0.0164888313801141,2363096
"geo_component_0143",NA,NA,"09",NA,TRUE,"kumar_somanathan_exact_amalgamation","1961_1971",1961,1971,"matriculate_plus_share_population","education","Matriculate-or-higher share of population",FALSE,0.00790837952396479,0.0190259587589001,0.0111175792349353,1226800
"geo_component_0145",NA,NA,"09",NA,TRUE,"kumar_somanathan_exact_amalgamation","1961_1971",1961,1971,"matriculate_plus_share_population","education","Matriculate-or-higher share of population",FALSE,0.00810602101241284,0.0192935050467278,0.011187484034315,1065751
"geo_component_0149",NA,NA,"09",NA,TRUE,"kumar_somanathan_exact_amalgamation","1961_1971",1961,1971,"matriculate_plus_share_population","education","Matriculate-or-higher share of population",FALSE,0.017126490226347,0.0346489944522589,0.0175225042259119,1344175
"geo_component_0150",NA,NA,"09",NA,TRUE,"kumar_somanathan_exact_amalgamation","1961_1971",1961,1971,"matriculate_plus_share_population","education","Matriculate-or-higher share of population",FALSE,0.0239778970015155,0.0506780290268852,0.0267001320253697,2364928
"geo_component_0151",NA,NA,"09",NA,TRUE,"kumar_somanathan_exact_amalgamation","1961_1971",1961,1971,"matriculate_plus_share_population","education","Matriculate-or-higher share of population",FALSE,0.0115229400178362,0.0277063996345439,0.0161834596167077,1246904
"geo_component_0152",NA,NA,"19",NA,TRUE,"kumar_somanathan_exact_amalgamation","1961_1971",1961,1971,"matriculate_plus_share_population","education","Matriculate-or-higher share of population",FALSE,0.00925455091310204,0.0251297056475916,0.0158751547344896,2294979
"geo_component_0153",NA,NA,"19",NA,TRUE,"kumar_somanathan_exact_amalgamation","1961_1971",1961,1971,"matriculate_plus_share_population","education","Matriculate-or-higher share of population",FALSE,0.0190835562479189,0.0405661115512982,0.0214825553033793,1708801
"geo_component_0154",NA,NA,"19",NA,TRUE,"kumar_somanathan_exact_amalgamation","1961_1971",1961,1971,"matriculate_plus_share_population","education","Matriculate-or-higher share of population",FALSE,0.116825158021637,0.214796303036193,0.097971145014556,2927289
"geo_component_0001",NA,NA,"28",NA,TRUE,"kumar_somanathan_exact_amalgamation","1971_1981",1971,1981,"log_population","demography","Log population",FALSE,14.38649010455,14.4881243642975,0.101634259747499,1555045
"geo_component_0002",NA,NA,"28",NA,TRUE,"kumar_somanathan_exact_amalgamation","1971_1981",1971,1981,"log_population","demography","Log population",FALSE,14.2789319467172,14.4056256211531,0.126693674435899,1350505
"geo_component_0003",NA,NA,"28",NA,TRUE,"kumar_somanathan_exact_amalgamation","1971_1981",1971,1981,"log_population","demography","Log population",FALSE,14.8608936444963,15.0494471310654,0.188553486569099,2327265
"geo_component_0004",NA,NA,"28",NA,TRUE,"kumar_somanathan_exact_amalgamation","1971_1981",1971,1981,"log_population","demography","Log population",FALSE,14.4678331398339,14.661194688418,0.1933615485841,1671750
"geo_component_0005",NA,NA,"28",NA,TRUE,"kumar_somanathan_exact_amalgamation","1971_1981",1971,1981,"log_population","demography","Log population",FALSE,14.3026619454187,14.5160697019321,0.2134077565134,1414094
"geo_component_0006",NA,NA,"28",NA,TRUE,"kumar_somanathan_exact_amalgamation","1971_1981",1971,1981,"log_population","demography","Log population",FALSE,14.6341796406459,14.822488436236,0.1883087955901,1900123
"geo_component_0007",NA,NA,"28",NA,TRUE,"kumar_somanathan_exact_amalgamation","1971_1981",1971,1981,"log_population","demography","Log population",FALSE,15.1218381251958,15.3154273112551,0.193589186059299,3109479
"geo_component_0008",NA,NA,"28",NA,TRUE,"kumar_somanathan_exact_amalgamation","1971_1981",1971,1981,"log_population","demography","Log population",FALSE,14.4996624015192,14.6940159300724,0.194353528553199,1570893
"geo_component_0010",NA,NA,"28",NA,TRUE,"kumar_somanathan_exact_amalgamation","1971_1981",1971,1981,"log_population","demography","Log population",FALSE,14.19937334029,14.4072554896929,0.2078821494029,1232378
"geo_component_0011",NA,NA,"28",NA,TRUE,"kumar_somanathan_exact_amalgamation","1971_1981",1971,1981,"log_population","demography","Log population",FALSE,14.0880292451757,14.334115643099,0.2460863979233,1018027
"geo_component_0012",NA,NA,"28",NA,TRUE,"kumar_somanathan_exact_amalgamation","1971_1981",1971,1981,"log_population","demography","Log population",FALSE,14.4142030926464,14.6395478334912,0.2253447408448,1557779
"geo_component_0019",NA,NA,"18",NA,TRUE,"kumar_somanathan_exact_amalgamation","1971_1981",1971,1981,"log_population","demography","Log population",FALSE,14.6153137646459,NA,NA,1543892
"geo_component_0022",NA,NA,"18",NA,TRUE,"kumar_somanathan_exact_amalgamation","1971_1981",1971,1981,"log_population","demography","Log population",FALSE,14.8642961954959,NA,NA,2062572
"geo_component_0023",NA,NA,"18",NA,TRUE,"kumar_somanathan_exact_amalgamation","1971_1981",1971,1981,"log_population","demography","Log population",FALSE,14.3672024632698,NA,NA,1289670
"geo_component_0027",NA,NA,"18",NA,TRUE,"kumar_somanathan_exact_amalgamation","1971_1981",1971,1981,"log_population","demography","Log population",FALSE,14.4238561000812,NA,NA,1508390
"geo_component_0036",NA,NA,"10",NA,TRUE,"kumar_somanathan_exact_amalgamation","1971_1981",1971,1981,"log_population","demography","Log population",FALSE,14.6700399221712,14.8986040506147,0.2285641284435,1888178
"geo_component_0040",NA,NA,"24",NA,TRUE,"kumar_somanathan_exact_amalgamation","1971_1981",1971,1981,"log_population","demography","Log population",FALSE,13.6476290401636,13.8491242348747,0.2014951947111,663073
"geo_component_0041",NA,NA,"24",NA,TRUE,"kumar_somanathan_exact_amalgamation","1971_1981",1971,1981,"log_population","demography","Log population",FALSE,15.1792248983993,15.436708252316,0.257483353916701,3032901
"geo_component_0043",NA,NA,"24",NA,TRUE,"kumar_somanathan_exact_amalgamation","1971_1981",1971,1981,"log_population","demography","Log population",FALSE,14.9435735524168,15.1647630106112,0.2211894581944,2419295
"geo_component_0044",NA,NA,"06",NA,TRUE,"kumar_somanathan_exact_amalgamation","1971_1981",1971,1981,"log_population","demography","Log population",FALSE,13.9093696855013,14.1587193387483,0.249349653247,885755
"geo_component_0048",NA,NA,"06",NA,TRUE,"kumar_somanathan_exact_amalgamation","1971_1981",1971,1981,"log_population","demography","Log population",FALSE,13.5503541992268,13.7740633680501,0.2237091688233,582944
"geo_component_0050",NA,NA,"02",NA,TRUE,"kumar_somanathan_exact_amalgamation","1971_1981",1971,1981,"log_population","demography","Log population",FALSE,12.4340047135762,12.6480207482989,0.2140160347227,215848
"geo_component_0064",NA,NA,"29",NA,TRUE,"kumar_somanathan_exact_amalgamation","1971_1981",1971,1981,"log_population","demography","Log population",FALSE,14.7006581371763,14.907581498589,0.2069233614127,1983811
"geo_component_0065",NA,NA,"29",NA,TRUE,"kumar_somanathan_exact_amalgamation","1971_1981",1971,1981,"log_population","demography","Log population",FALSE,15.1561868061366,15.4095210777887,0.253334271652101,3026913
"geo_component_0066",NA,NA,"29",NA,TRUE,"kumar_somanathan_exact_amalgamation","1971_1981",1971,1981,"log_population","demography","Log population",FALSE,14.6666067669121,14.895784726422,0.229177959509901,1951573
"geo_component_0067",NA,NA,"29",NA,TRUE,"kumar_somanathan_exact_amalgamation","1971_1981",1971,1981,"log_population","demography","Log population",FALSE,14.1631629205571,14.3942688113594,0.231105890802299,1099684
"geo_component_0068",NA,NA,"29",NA,TRUE,"kumar_somanathan_exact_amalgamation","1971_1981",1971,1981,"log_population","demography","Log population",FALSE,13.651938132558,13.8850683365278,0.2331302039698,689549
"geo_component_0070",NA,NA,"32",NA,TRUE,"kumar_somanathan_exact_amalgamation","1971_1981",1971,1981,"log_population","demography","Log population",FALSE,12.9334473246393,13.2249668960361,0.291519571396801,311991
"geo_component_0071",NA,NA,"32",NA,TRUE,"kumar_somanathan_exact_amalgamation","1971_1981",1971,1981,"log_population","demography","Log population",FALSE,14.4152779443261,14.6243341122814,0.2090561679553,1373763
"geo_component_0073",NA,NA,"32",NA,TRUE,"kumar_somanathan_exact_amalgamation","1971_1981",1971,1981,"log_population","demography","Log population",FALSE,14.8902655101018,15.0702515688433,0.1799860587415,2318433
"geo_component_0074",NA,NA,"32",NA,TRUE,"kumar_somanathan_exact_amalgamation","1971_1981",1971,1981,"log_population","demography","Log population",FALSE,14.2466674541175,14.3446329699373,0.0979655158197996,1274360
"geo_component_0077",NA,NA,"23",NA,TRUE,"kumar_somanathan_exact_amalgamation","1971_1981",1971,1981,"log_population","demography","Log population",FALSE,13.9228139849469,14.1660068533055,0.2431928683586,858343
"geo_component_0080",NA,NA,"23",NA,TRUE,"kumar_somanathan_exact_amalgamation","1971_1981",1971,1981,"log_population","demography","Log population",FALSE,13.6019633144484,13.8194418204159,0.217478505967501,619576
"geo_component_0082",NA,NA,"27",NA,TRUE,"kumar_somanathan_exact_amalgamation","1971_1981",1971,1981,"log_population","demography","Log population",FALSE,14.503938118619,14.5628196395228,0.0588815209037996,1827203
"geo_component_0084",NA,NA,"27",NA,TRUE,"kumar_somanathan_exact_amalgamation","1971_1981",1971,1981,"log_population","demography","Log population",FALSE,14.2471760844416,14.420488600679,0.173312516237401,1230716
"geo_component_0085",NA,NA,"27",NA,TRUE,"kumar_somanathan_exact_amalgamation","1971_1981",1971,1981,"log_population","demography","Log population",FALSE,14.6281459861466,14.7749159501907,0.146769964044099,1860119
"geo_component_0086",NA,NA,"27",NA,TRUE,"kumar_somanathan_exact_amalgamation","1971_1981",1971,1981,"log_population","demography","Log population",FALSE,14.5323981906366,14.7343300897271,0.2019318990905,1596493
"geo_component_0088",NA,NA,"27",NA,TRUE,"kumar_somanathan_exact_amalgamation","1971_1981",1971,1981,"log_population","demography","Log population",FALSE,14.2254795085304,14.4194865763313,0.1940070678009,1206236
"geo_component_0089",NA,NA,"27",NA,TRUE,"kumar_somanathan_exact_amalgamation","1971_1981",1971,1981,"log_population","demography","Log population",FALSE,14.0671412695557,14.2116186924814,0.1444774229257,1001466
"geo_component_0090",NA,NA,"27",NA,TRUE,"kumar_somanathan_exact_amalgamation","1971_1981",1971,1981,"log_population","demography","Log population",FALSE,14.4556192379393,14.6177901316998,0.1621708937605,1477656
"geo_component_0092",NA,NA,"27",NA,TRUE,"kumar_somanathan_exact_amalgamation","1971_1981",1971,1981,"log_population","demography","Log population",FALSE,14.4795831390376,14.7667092549102,0.287126115872599,1508420
"geo_component_0093",NA,NA,"27",NA,TRUE,"kumar_somanathan_exact_amalgamation","1971_1981",1971,1981,"log_population","demography","Log population",FALSE,14.2764608289566,14.4239584139531,0.147497584996501,1272673
"geo_component_0109",NA,NA,"21",NA,TRUE,"kumar_somanathan_exact_amalgamation","1971_1981",1971,1981,"log_population","demography","Log population",FALSE,15.1577689109846,15.347808213204,0.1900393022194,3062919
"geo_component_0110",NA,NA,"21",NA,TRUE,"kumar_somanathan_exact_amalgamation","1971_1981",1971,1981,"log_population","demography","Log population",FALSE,14.0731822912471,14.2746977751668,0.2015154839197,1026466
"geo_component_0111",NA,NA,"21",NA,TRUE,"kumar_somanathan_exact_amalgamation","1971_1981",1971,1981,"log_population","demography","Log population",FALSE,13.9672603579848,14.1075770049839,0.1403166469991,946854
"geo_component_0112",NA,NA,"21",NA,TRUE,"kumar_somanathan_exact_amalgamation","1971_1981",1971,1981,"log_population","demography","Log population",FALSE,14.5300674071708,14.7253827349159,0.195315327745101,1561071
"geo_component_0113",NA,NA,"21",NA,TRUE,"kumar_somanathan_exact_amalgamation","1971_1981",1971,1981,"log_population","demography","Log population",FALSE,14.6660285139885,14.8874519869342,0.2214234729457,1865207
"geo_component_0115",NA,NA,"08",NA,TRUE,"kumar_somanathan_exact_amalgamation","1971_1981",1971,1981,"log_population","demography","Log population",FALSE,14.1547090749038,14.3871525969179,0.232443522014101,1099725
"geo_component_0116",NA,NA,"08",NA,TRUE,"kumar_somanathan_exact_amalgamation","1971_1981",1971,1981,"log_population","demography","Log population",FALSE,15.1138621084449,15.4161991060961,0.302336997651199,2835631
"geo_component_0117",NA,NA,"08",NA,TRUE,"kumar_somanathan_exact_amalgamation","1971_1981",1971,1981,"log_population","demography","Log population",FALSE,12.0305161539931,12.4011541139594,0.370637959966301,141135
"geo_component_0118",NA,NA,"08",NA,TRUE,"kumar_somanathan_exact_amalgamation","1971_1981",1971,1981,"log_population","demography","Log population",FALSE,13.9567279623796,14.32701055429,0.370282591910399,884866
"geo_component_0119",NA,NA,"08",NA,TRUE,"kumar_somanathan_exact_amalgamation","1971_1981",1971,1981,"log_population","demography","Log population",FALSE,14.4052397793257,14.6728827867733,0.2676430074476,1426644
"geo_component_0120",NA,NA,"08",NA,TRUE,"kumar_somanathan_exact_amalgamation","1971_1981",1971,1981,"log_population","demography","Log population",FALSE,13.014824936232,13.2827494339448,0.2679244977128,338010
"geo_component_0121",NA,NA,"08",NA,TRUE,"kumar_somanathan_exact_amalgamation","1971_1981",1971,1981,"log_population","demography","Log population",FALSE,13.9484265112448,14.2600579081006,0.3116313968558,847116
"geo_component_0122",NA,NA,"08",NA,TRUE,"kumar_somanathan_exact_amalgamation","1971_1981",1971,1981,"log_population","demography","Log population",FALSE,13.3434520188367,13.5734364489906,0.2299844301539,491882
"geo_component_0123",NA,NA,"33",NA,TRUE,"kumar_somanathan_exact_amalgamation","1971_1981",1971,1981,"log_population","demography","Log population",FALSE,14.7630503133363,15.0023235716228,0.239273258286499,1812165
"geo_component_0124",NA,NA,"33",NA,TRUE,"kumar_somanathan_exact_amalgamation","1971_1981",1971,1981,"log_population","demography","Log population",FALSE,15.0824550628552,15.2175663033112,0.135111240456,3000210
"geo_component_0125",NA,NA,"33",NA,TRUE,"kumar_somanathan_exact_amalgamation","1971_1981",1971,1981,"log_population","demography","Log population",FALSE,15.1862335623236,15.3275334169009,0.1412998545773,3211469
"geo_component_0127",NA,NA,"33",NA,TRUE,"kumar_somanathan_exact_amalgamation","1971_1981",1971,1981,"log_population","demography","Log population",FALSE,14.8664045577993,15.0201142632304,0.153709705431101,2421546
"geo_component_0130",NA,NA,"05",NA,TRUE,"kumar_somanathan_exact_amalgamation","1971_1981",1971,1981,"log_population","demography","Log population",FALSE,14.710870154016,14.955176174393,0.244306020377,2006736
"geo_component_0131",NA,NA,"05",NA,TRUE,"kumar_somanathan_exact_amalgamation","1971_1981",1971,1981,"log_population","demography","Log population",FALSE,13.382622350377,13.537611145544,0.154988795167,547770
"geo_component_0132",NA,NA,"09",NA,TRUE,"kumar_somanathan_exact_amalgamation","1971_1981",1971,1981,"log_population","demography","Log population",FALSE,14.2144108312881,14.477817530633,0.2634066993449,1190987
"geo_component_0133",NA,NA,"09",NA,TRUE,"kumar_somanathan_exact_amalgamation","1971_1981",1971,1981,"log_population","demography","Log population",FALSE,14.7029782688435,14.9627244215914,0.259746152747899,1973801
"geo_component_0134",NA,NA,"09",NA,TRUE,"kumar_somanathan_exact_amalgamation","1971_1981",1971,1981,"log_population","demography","Log population",FALSE,14.5357056240609,14.7989218496433,0.263216225582399,1615478
"geo_component_0136",NA,NA,"09",NA,TRUE,"kumar_somanathan_exact_amalgamation","1971_1981",1971,1981,"log_population","demography","Log population",FALSE,14.4045680816498,14.637265090434,0.2326970087842,1444921
"geo_component_0139",NA,NA,"09",NA,TRUE,"kumar_somanathan_exact_amalgamation","1971_1981",1971,1981,"log_population","demography","Log population",FALSE,15.0399140276233,15.2350878461177,0.1951738184944,2836554
"geo_component_0140",NA,NA,"09",NA,TRUE,"kumar_somanathan_exact_amalgamation","1971_1981",1971,1981,"log_population","demography","Log population",FALSE,14.6521682982198,14.8638613005112,0.211693002291399,1862142
"geo_component_0142",NA,NA,"09",NA,TRUE,"kumar_somanathan_exact_amalgamation","1971_1981",1971,1981,"log_population","demography","Log population",FALSE,14.8778861568496,15.0593345497297,0.1814483928801,2363096
"geo_component_0143",NA,NA,"09",NA,TRUE,"kumar_somanathan_exact_amalgamation","1971_1981",1971,1981,"log_population","demography","Log population",FALSE,14.2105164924474,14.4157696730313,0.205253180583899,1226800
"geo_component_0145",NA,NA,"09",NA,TRUE,"kumar_somanathan_exact_amalgamation","1971_1981",1971,1981,"log_population","demography","Log population",FALSE,14.0610056422157,14.268127027821,0.2071213856053,1065751
"geo_component_0149",NA,NA,"09",NA,TRUE,"kumar_somanathan_exact_amalgamation","1971_1981",1971,1981,"log_population","demography","Log population",FALSE,14.2785745384518,14.4809658325469,0.202391294095101,1344175
"geo_component_0150",NA,NA,"09",NA,TRUE,"kumar_somanathan_exact_amalgamation","1971_1981",1971,1981,"log_population","demography","Log population",FALSE,14.8636919872584,15.1241152325504,0.260423245291999,2364928
"geo_component_0151",NA,NA,"09",NA,TRUE,"kumar_somanathan_exact_amalgamation","1971_1981",1971,1981,"log_population","demography","Log population",FALSE,14.2479992184472,14.5280431219235,0.280043903476299,1246904
"geo_component_0152",NA,NA,"19",NA,TRUE,"kumar_somanathan_exact_amalgamation","1971_1981",1971,1981,"log_population","demography","Log population",FALSE,14.8961869558988,15.1231815370247,0.226994581125899,2294979
"geo_component_0153",NA,NA,"19",NA,TRUE,"kumar_somanathan_exact_amalgamation","1971_1981",1971,1981,"log_population","demography","Log population",FALSE,14.6147289016123,14.9021356193802,0.287406717767899,1708801
"geo_component_0154",NA,NA,"19",NA,TRUE,"kumar_somanathan_exact_amalgamation","1971_1981",1971,1981,"log_population","demography","Log population",FALSE,14.9625148363028,15.0109488466974,0.0484340103945993,2927289
"geo_component_0001",NA,NA,"28",NA,TRUE,"kumar_somanathan_exact_amalgamation","1971_1981",1971,1981,"urban_share","demography","Urban share",FALSE,0.10645593220339,0.108915600667976,0.00245966846458599,1555045
"geo_component_0002",NA,NA,"28",NA,TRUE,"kumar_somanathan_exact_amalgamation","1971_1981",1971,1981,"urban_share","demography","Urban share",FALSE,0.162861598877133,0.159350203636412,-0.003511395240721,1350505
"geo_component_0003",NA,NA,"28",NA,TRUE,"kumar_somanathan_exact_amalgamation","1971_1981",1971,1981,"urban_share","demography","Urban share",FALSE,0.249828088569894,0.275335660157847,0.025507571587953,2327265
"geo_component_0004",NA,NA,"28",NA,TRUE,"kumar_somanathan_exact_amalgamation","1971_1981",1971,1981,"urban_share","demography","Urban share",FALSE,0.110744038395933,0.14993189733217,0.039187858936237,1671750
"geo_component_0005",NA,NA,"28",NA,TRUE,"kumar_somanathan_exact_amalgamation","1971_1981",1971,1981,"urban_share","demography","Urban share",FALSE,0.157418596978631,0.207649690130276,0.050231093151645,1414094
"geo_component_0006",NA,NA,"28",NA,TRUE,"kumar_somanathan_exact_amalgamation","1971_1981",1971,1981,"urban_share","demography","Urban share",FALSE,0.134521583431827,0.168830343299787,0.03430875986796,1900123
"geo_component_0007",NA,NA,"28",NA,TRUE,"kumar_somanathan_exact_amalgamation","1971_1981",1971,1981,"urban_share","demography","Urban share",FALSE,0.162334113635207,0.202043328343728,0.039709214708521,3109479
"geo_component_0008",NA,NA,"28",NA,TRUE,"kumar_somanathan_exact_amalgamation","1971_1981",1971,1981,"urban_share","demography","Urban share",FALSE,0.203042747806608,0.244921382844424,0.041878635037816,1570893
"geo_component_0010",NA,NA,"28",NA,TRUE,"kumar_somanathan_exact_amalgamation","1971_1981",1971,1981,"urban_share","demography","Urban share",FALSE,0.0851435749592627,0.119749504603686,0.0346059296444233,1232378
"geo_component_0011",NA,NA,"28",NA,TRUE,"kumar_somanathan_exact_amalgamation","1971_1981",1971,1981,"urban_share","demography","Urban share",FALSE,0.15943585010828,0.192091602998899,0.032655752890619,1018027
"geo_component_0012",NA,NA,"28",NA,TRUE,"kumar_somanathan_exact_amalgamation","1971_1981",1971,1981,"urban_share","demography","Urban share",FALSE,0.0668717144995599,0.113838973366934,0.0469672588673741,1557779
"geo_component_0019",NA,NA,"18",NA,TRUE,"kumar_somanathan_exact_amalgamation","1971_1981",1971,1981,"urban_share","demography","Urban share",FALSE,0.0774319211290444,NA,NA,1543892
"geo_component_0022",NA,NA,"18",NA,TRUE,"kumar_somanathan_exact_amalgamation","1971_1981",1971,1981,"urban_share","demography","Urban share",FALSE,0.117425897358368,NA,NA,2062572
"geo_component_0023",NA,NA,"18",NA,TRUE,"kumar_somanathan_exact_amalgamation","1971_1981",1971,1981,"urban_share","demography","Urban share",FALSE,0.059753321644891,NA,NA,1289670
"geo_component_0027",NA,NA,"18",NA,TRUE,"kumar_somanathan_exact_amalgamation","1971_1981",1971,1981,"urban_share","demography","Urban share",FALSE,0.0842086243032912,NA,NA,1508390
"geo_component_0036",NA,NA,"10",NA,TRUE,"kumar_somanathan_exact_amalgamation","1971_1981",1971,1981,"urban_share","demography","Urban share",FALSE,0.0453033441292653,0.0572035440413595,0.0119001999120942,1888178
"geo_component_0040",NA,NA,"24",NA,TRUE,"kumar_somanathan_exact_amalgamation","1971_1981",1971,1981,"urban_share","demography","Urban share",FALSE,0.270054905411767,0.287170090457703,0.017115185045936,663073
"geo_component_0041",NA,NA,"24",NA,TRUE,"kumar_somanathan_exact_amalgamation","1971_1981",1971,1981,"urban_share","demography","Urban share",FALSE,0.28237994707842,0.293669524461243,0.011289577382823,3032901
"geo_component_0043",NA,NA,"24",NA,TRUE,"kumar_somanathan_exact_amalgamation","1971_1981",1971,1981,"urban_share","demography","Urban share",FALSE,0.257703907153718,0.309254819572645,0.051550912418927,2419295
"geo_component_0044",NA,NA,"06",NA,TRUE,"kumar_somanathan_exact_amalgamation","1971_1981",1971,1981,"urban_share","demography","Urban share",FALSE,0.313850537825301,0.329045175361113,0.015194637535812,885755
"geo_component_0048",NA,NA,"06",NA,TRUE,"kumar_somanathan_exact_amalgamation","1971_1981",1971,1981,"urban_share","demography","Urban share",FALSE,0.138393869787742,0.130680633729414,-0.00771323605832802,582944
"geo_component_0050",NA,NA,"02",NA,TRUE,"kumar_somanathan_exact_amalgamation","1971_1981",1971,1981,"urban_share","demography","Urban share",FALSE,0.0738296178343949,0.0684371052910682,-0.0053925125433267,215848
"geo_component_0064",NA,NA,"29",NA,TRUE,"kumar_somanathan_exact_amalgamation","1971_1981",1971,1981,"urban_share","demography","Urban share",FALSE,0.205415909104039,0.225274791641503,0.019858882537464,1983811
"geo_component_0065",NA,NA,"29",NA,TRUE,"kumar_somanathan_exact_amalgamation","1971_1981",1971,1981,"urban_share","demography","Urban share",FALSE,0.23420312866745,0.271371018928781,0.037167890261331,3026913
"geo_component_0066",NA,NA,"29",NA,TRUE,"kumar_somanathan_exact_amalgamation","1971_1981",1971,1981,"urban_share","demography","Urban share",FALSE,0.315075102050924,0.35249111607011,0.037416014019186,1951573
"geo_component_0067",NA,NA,"29",NA,TRUE,"kumar_somanathan_exact_amalgamation","1971_1981",1971,1981,"urban_share","demography","Urban share",FALSE,0.153609419808722,0.192691871722627,0.039082451913905,1099684
"geo_component_0068",NA,NA,"29",NA,TRUE,"kumar_somanathan_exact_amalgamation","1971_1981",1971,1981,"urban_share","demography","Urban share",FALSE,0.177241919432815,0.253530205198716,0.076288285765901,689549
"geo_component_0070",NA,NA,"32",NA,TRUE,"kumar_somanathan_exact_amalgamation","1971_1981",1971,1981,"urban_share","demography","Urban share",FALSE,0.2262229179954,0,-0.2262229179954,311991
"geo_component_0071",NA,NA,"32",NA,TRUE,"kumar_somanathan_exact_amalgamation","1971_1981",1971,1981,"urban_share","demography","Urban share",FALSE,0.266620921723999,0.271786181141202,0.00516525941720303,1373763
"geo_component_0073",NA,NA,"32",NA,TRUE,"kumar_somanathan_exact_amalgamation","1971_1981",1971,1981,"urban_share","demography","Urban share",FALSE,0.243306961620196,0.298700287716037,0.055393326095841,2318433
"geo_component_0074",NA,NA,"32",NA,TRUE,"kumar_somanathan_exact_amalgamation","1971_1981",1971,1981,"urban_share","demography","Urban share",FALSE,0.102220414453973,0.0937333941306978,-0.0084870203232752,1274360
"geo_component_0077",NA,NA,"23",NA,TRUE,"kumar_somanathan_exact_amalgamation","1971_1981",1971,1981,"urban_share","demography","Urban share",FALSE,0.431550420741741,0.472189900913668,0.040639480171927,858343
"geo_component_0080",NA,NA,"23",NA,TRUE,"kumar_somanathan_exact_amalgamation","1971_1981",1971,1981,"urban_share","demography","Urban share",FALSE,0.218135379602186,0.251094937042988,0.032959557440802,619576
"geo_component_0082",NA,NA,"27",NA,TRUE,"kumar_somanathan_exact_amalgamation","1971_1981",1971,1981,"urban_share","demography","Urban share",FALSE,0.0839869525661577,0.0809530192378101,-0.00303393332834759,1827203
"geo_component_0084",NA,NA,"27",NA,TRUE,"kumar_somanathan_exact_amalgamation","1971_1981",1971,1981,"urban_share","demography","Urban share",FALSE,0.186319180163915,0.215206650021953,0.028887469858038,1230716
"geo_component_0085",NA,NA,"27",NA,TRUE,"kumar_somanathan_exact_amalgamation","1971_1981",1971,1981,"urban_share","demography","Urban share",FALSE,0.273556241791787,0.29403205340395,0.020475811612163,1860119
"geo_component_0086",NA,NA,"27",NA,TRUE,"kumar_somanathan_exact_amalgamation","1971_1981",1971,1981,"urban_share","demography","Urban share",FALSE,0.214958235862521,0.248180407208947,0.033222171346426,1596493
"geo_component_0088",NA,NA,"27",NA,TRUE,"kumar_somanathan_exact_amalgamation","1971_1981",1971,1981,"urban_share","demography","Urban share",FALSE,0.160567199660731,0.187398121110017,0.026830921449286,1206236
"geo_component_0089",NA,NA,"27",NA,TRUE,"kumar_somanathan_exact_amalgamation","1971_1981",1971,1981,"urban_share","demography","Urban share",FALSE,0.116086278040713,0.154620700793389,0.038534422752676,1001466
"geo_component_0090",NA,NA,"27",NA,TRUE,"kumar_somanathan_exact_amalgamation","1971_1981",1971,1981,"urban_share","demography","Urban share",FALSE,0.124948396862529,0.153875155786284,0.028926758923755,1477656
"geo_component_0092",NA,NA,"27",NA,TRUE,"kumar_somanathan_exact_amalgamation","1971_1981",1971,1981,"urban_share","demography","Urban share",FALSE,0.543245750218254,0.567549736153006,0.0243039859347519,1508420
"geo_component_0093",NA,NA,"27",NA,TRUE,"kumar_somanathan_exact_amalgamation","1971_1981",1971,1981,"urban_share","demography","Urban share",FALSE,0.113846668096217,0.131017094793851,0.017170426697634,1272673
"geo_component_0109",NA,NA,"21",NA,TRUE,"kumar_somanathan_exact_amalgamation","1971_1981",1971,1981,"urban_share","demography","Urban share",FALSE,0.0798455355962544,0.102832915658486,0.0229873800622316,3062919
"geo_component_0110",NA,NA,"21",NA,TRUE,"kumar_somanathan_exact_amalgamation","1971_1981",1971,1981,"urban_share","demography","Urban share",FALSE,0.0400428467425192,0.0781621279426733,0.0381192812001541,1026466
"geo_component_0111",NA,NA,"21",NA,TRUE,"kumar_somanathan_exact_amalgamation","1971_1981",1971,1981,"urban_share","demography","Urban share",FALSE,0.0485905200671209,0.060141488300408,0.0115509682332871,946854
"geo_component_0112",NA,NA,"21",NA,TRUE,"kumar_somanathan_exact_amalgamation","1971_1981",1971,1981,"urban_share","demography","Urban share",FALSE,0.0818580508505683,0.113108467978124,0.0312504171275557,1561071
"geo_component_0113",NA,NA,"21",NA,TRUE,"kumar_somanathan_exact_amalgamation","1971_1981",1971,1981,"urban_share","demography","Urban share",FALSE,0.0978901334937303,0.147919323392827,0.0500291898990967,1865207
"geo_component_0115",NA,NA,"08",NA,TRUE,"kumar_somanathan_exact_amalgamation","1971_1981",1971,1981,"urban_share","demography","Urban share",FALSE,0.0930929989699549,0.110774610949918,0.0176816119799631,1099725
"geo_component_0116",NA,NA,"08",NA,TRUE,"kumar_somanathan_exact_amalgamation","1971_1981",1971,1981,"urban_share","demography","Urban share",FALSE,0.241358704954312,0.29388448653914,0.052525781584828,2835631
"geo_component_0117",NA,NA,"08",NA,TRUE,"kumar_somanathan_exact_amalgamation","1971_1981",1971,1981,"urban_share","demography","Urban share",FALSE,0.147069690937913,0.135456348063616,-0.011613342874297,141135
"geo_component_0118",NA,NA,"08",NA,TRUE,"kumar_somanathan_exact_amalgamation","1971_1981",1971,1981,"urban_share","demography","Urban share",FALSE,0.319453838973669,0.347672460158377,0.028218621184708,884866
"geo_component_0119",NA,NA,"08",NA,TRUE,"kumar_somanathan_exact_amalgamation","1971_1981",1971,1981,"urban_share","demography","Urban share",FALSE,0.123025783199335,0.150668297581757,0.027642514382422,1426644
"geo_component_0120",NA,NA,"08",NA,TRUE,"kumar_somanathan_exact_amalgamation","1971_1981",1971,1981,"urban_share","demography","Urban share",FALSE,0.145979809407578,0.170071654667434,0.024091845259856,338010
"geo_component_0121",NA,NA,"08",NA,TRUE,"kumar_somanathan_exact_amalgamation","1971_1981",1971,1981,"urban_share","demography","Urban share",FALSE,0.240456190671311,0.31933524128982,0.078879050618509,847116
"geo_component_0122",NA,NA,"08",NA,TRUE,"kumar_somanathan_exact_amalgamation","1971_1981",1971,1981,"urban_share","demography","Urban share",FALSE,0.0949437004282391,0.116581188741882,0.0216374883136429,491882
"geo_component_0123",NA,NA,"33",NA,TRUE,"kumar_somanathan_exact_amalgamation","1971_1981",1971,1981,"urban_share","demography","Urban share",FALSE,0.972201200609765,1,0.027798799390235,1812165
"geo_component_0124",NA,NA,"33",NA,TRUE,"kumar_somanathan_exact_amalgamation","1971_1981",1971,1981,"urban_share","demography","Urban share",FALSE,0.205179227315916,0.230576257922577,0.025397030606661,3000210
"geo_component_0125",NA,NA,"33",NA,TRUE,"kumar_somanathan_exact_amalgamation","1971_1981",1971,1981,"urban_share","demography","Urban share",FALSE,0.336243717620017,0.362356552628951,0.026112835008934,3211469
"geo_component_0127",NA,NA,"33",NA,TRUE,"kumar_somanathan_exact_amalgamation","1971_1981",1971,1981,"urban_share","demography","Urban share",FALSE,0.261051735066728,0.282108161539253,0.021056426472525,2421546
"geo_component_0130",NA,NA,"05",NA,TRUE,"kumar_somanathan_exact_amalgamation","1971_1981",1971,1981,"urban_share","demography","Urban share",FALSE,0.101986507726442,0.144558874858713,0.042572367132271,2006736
"geo_component_0131",NA,NA,"05",NA,TRUE,"kumar_somanathan_exact_amalgamation","1971_1981",1971,1981,"urban_share","demography","Urban share",FALSE,0.0521465913698501,0.0628435394448971,0.010696948075047,547770
"geo_component_0132",NA,NA,"09",NA,TRUE,"kumar_somanathan_exact_amalgamation","1971_1981",1971,1981,"urban_share","demography","Urban share",FALSE,0.180985582327027,0.247934651395557,0.06694906906853,1190987
"geo_component_0133",NA,NA,"09",NA,TRUE,"kumar_somanathan_exact_amalgamation","1971_1981",1971,1981,"urban_share","demography","Urban share",FALSE,0.237654957593154,0.269468591855099,0.031813634261945,1973801
"geo_component_0134",NA,NA,"09",NA,TRUE,"kumar_somanathan_exact_amalgamation","1971_1981",1971,1981,"urban_share","demography","Urban share",FALSE,0.234961558938581,0.270844390683437,0.035882831744856,1615478
"geo_component_0136",NA,NA,"09",NA,TRUE,"kumar_somanathan_exact_amalgamation","1971_1981",1971,1981,"urban_share","demography","Urban share",FALSE,0.138609845590801,0.217185237814065,0.078575392223264,1444921
"geo_component_0139",NA,NA,"09",NA,TRUE,"kumar_somanathan_exact_amalgamation","1971_1981",1971,1981,"urban_share","demography","Urban share",FALSE,0.173369318569275,0.222677911443033,0.049308592873758,2836554
"geo_component_0140",NA,NA,"09",NA,TRUE,"kumar_somanathan_exact_amalgamation","1971_1981",1971,1981,"urban_share","demography","Urban share",FALSE,0.366118897809011,0.380979353944104,0.014860456135093,1862142
"geo_component_0142",NA,NA,"09",NA,TRUE,"kumar_somanathan_exact_amalgamation","1971_1981",1971,1981,"urban_share","demography","Urban share",FALSE,0.0911491492570948,0.129411364505789,0.0382622152486942,2363096
"geo_component_0143",NA,NA,"09",NA,TRUE,"kumar_somanathan_exact_amalgamation","1971_1981",1971,1981,"urban_share","demography","Urban share",FALSE,0.0257310563981371,0.118690369918429,0.0929593135202919,1226800
"geo_component_0145",NA,NA,"09",NA,TRUE,"kumar_somanathan_exact_amalgamation","1971_1981",1971,1981,"urban_share","demography","Urban share",FALSE,0.0562548601451668,0.0898563425443949,0.0336014823992281,1065751
"geo_component_0149",NA,NA,"09",NA,TRUE,"kumar_somanathan_exact_amalgamation","1971_1981",1971,1981,"urban_share","demography","Urban share",FALSE,0.0457916780736782,0.0909325498001414,0.0451408717264632,1344175
"geo_component_0150",NA,NA,"09",NA,TRUE,"kumar_somanathan_exact_amalgamation","1971_1981",1971,1981,"urban_share","demography","Urban share",FALSE,0.251282840524614,0.268797997085117,0.017515156560503,2364928
"geo_component_0151",NA,NA,"09",NA,TRUE,"kumar_somanathan_exact_amalgamation","1971_1981",1971,1981,"urban_share","demography","Urban share",FALSE,0.120294882576465,0.131263090632416,0.010968208055951,1246904
"geo_component_0152",NA,NA,"19",NA,TRUE,"kumar_somanathan_exact_amalgamation","1971_1981",1971,1981,"urban_share","demography","Urban share",FALSE,0.0847186249436652,0.0935802931236667,0.0088616681800015,2294979
"geo_component_0153",NA,NA,"19",NA,TRUE,"kumar_somanathan_exact_amalgamation","1971_1981",1971,1981,"urban_share","demography","Urban share",FALSE,0.187447443612336,0.215861803968824,0.028414360356488,1708801
"geo_component_0154",NA,NA,"19",NA,TRUE,"kumar_somanathan_exact_amalgamation","1971_1981",1971,1981,"urban_share","demography","Urban share",FALSE,1,1,0,2927289
"geo_component_0001",NA,NA,"28",NA,TRUE,"kumar_somanathan_exact_amalgamation","1971_1981",1971,1981,"main_worker_share","labor","Main-worker share of population",FALSE,0.426675141242938,0.43495757781144,0.00828243656850203,1555045
"geo_component_0002",NA,NA,"28",NA,TRUE,"kumar_somanathan_exact_amalgamation","1971_1981",1971,1981,"main_worker_share","labor","Main-worker share of population",FALSE,0.416930323503636,0.435253708577117,0.018323385073481,1350505
"geo_component_0003",NA,NA,"28",NA,TRUE,"kumar_somanathan_exact_amalgamation","1971_1981",1971,1981,"main_worker_share","labor","Main-worker share of population",FALSE,0.402168685542003,0.436927392128159,0.034758706586156,2327265
"geo_component_0004",NA,NA,"28",NA,TRUE,"kumar_somanathan_exact_amalgamation","1971_1981",1971,1981,"main_worker_share","labor","Main-worker share of population",FALSE,0.404796366657205,0.445439525131451,0.040643158474246,1671750
"geo_component_0005",NA,NA,"28",NA,TRUE,"kumar_somanathan_exact_amalgamation","1971_1981",1971,1981,"main_worker_share","labor","Main-worker share of population",FALSE,0.411642264754653,0.427285211667797,0.015642946913144,1414094
"geo_component_0006",NA,NA,"28",NA,TRUE,"kumar_somanathan_exact_amalgamation","1971_1981",1971,1981,"main_worker_share","labor","Main-worker share of population",FALSE,0.41101398909803,0.421061726158032,0.010047737060002,1900123
"geo_component_0007",NA,NA,"28",NA,TRUE,"kumar_somanathan_exact_amalgamation","1971_1981",1971,1981,"main_worker_share","labor","Main-worker share of population",FALSE,0.412289429527475,0.419961234601621,0.007671805074146,3109479
"geo_component_0008",NA,NA,"28",NA,TRUE,"kumar_somanathan_exact_amalgamation","1971_1981",1971,1981,"main_worker_share","labor","Main-worker share of population",FALSE,0.423625566952056,0.442461447456257,0.018835880504201,1570893
"geo_component_0010",NA,NA,"28",NA,TRUE,"kumar_somanathan_exact_amalgamation","1971_1981",1971,1981,"main_worker_share","labor","Main-worker share of population",FALSE,0.456125710517567,0.447903564695355,-0.00822214582221198,1232378
"geo_component_0011",NA,NA,"28",NA,TRUE,"kumar_somanathan_exact_amalgamation","1971_1981",1971,1981,"main_worker_share","labor","Main-worker share of population",FALSE,0.455743991325457,0.480825250955091,0.025081259629634,1018027
"geo_component_0012",NA,NA,"28",NA,TRUE,"kumar_somanathan_exact_amalgamation","1971_1981",1971,1981,"main_worker_share","labor","Main-worker share of population",FALSE,0.44726218829304,0.443940281223064,-0.00332190706997598,1557779
"geo_component_0019",NA,NA,"18",NA,TRUE,"kumar_somanathan_exact_amalgamation","1971_1981",1971,1981,"main_worker_share","labor","Main-worker share of population",FALSE,0.26914978767275,NA,NA,1543892
"geo_component_0022",NA,NA,"18",NA,TRUE,"kumar_somanathan_exact_amalgamation","1971_1981",1971,1981,"main_worker_share","labor","Main-worker share of population",FALSE,0.260883762533797,NA,NA,2062572
"geo_component_0023",NA,NA,"18",NA,TRUE,"kumar_somanathan_exact_amalgamation","1971_1981",1971,1981,"main_worker_share","labor","Main-worker share of population",FALSE,0.291146465705327,NA,NA,1289670
"geo_component_0027",NA,NA,"18",NA,TRUE,"kumar_somanathan_exact_amalgamation","1971_1981",1971,1981,"main_worker_share","labor","Main-worker share of population",FALSE,0.284817749534802,NA,NA,1508390
"geo_component_0036",NA,NA,"10",NA,TRUE,"kumar_somanathan_exact_amalgamation","1971_1981",1971,1981,"main_worker_share","labor","Main-worker share of population",FALSE,0.353061438099825,0.344244013564886,-0.008817424534939,1888178
"geo_component_0040",NA,NA,"24",NA,TRUE,"kumar_somanathan_exact_amalgamation","1971_1981",1971,1981,"main_worker_share","labor","Main-worker share of population",FALSE,0.307238477788265,0.32502598664649,0.017787508858225,663073
"geo_component_0041",NA,NA,"24",NA,TRUE,"kumar_somanathan_exact_amalgamation","1971_1981",1971,1981,"main_worker_share","labor","Main-worker share of population",FALSE,0.298541792603457,0.309231637118201,0.010689844514744,3032901
"geo_component_0043",NA,NA,"24",NA,TRUE,"kumar_somanathan_exact_amalgamation","1971_1981",1971,1981,"main_worker_share","labor","Main-worker share of population",FALSE,0.332246916009692,0.346639536775177,0.014392620765485,2419295
"geo_component_0044",NA,NA,"06",NA,TRUE,"kumar_somanathan_exact_amalgamation","1971_1981",1971,1981,"main_worker_share","labor","Main-worker share of population",FALSE,0.273795184836194,0.290294956306054,0.01649977146986,885755
"geo_component_0048",NA,NA,"06",NA,TRUE,"kumar_somanathan_exact_amalgamation","1971_1981",1971,1981,"main_worker_share","labor","Main-worker share of population",FALSE,0.258308716362963,0.236116322701689,-0.022192393661274,582944
"geo_component_0050",NA,NA,"02",NA,TRUE,"kumar_somanathan_exact_amalgamation","1971_1981",1971,1981,"main_worker_share","labor","Main-worker share of population",FALSE,0.403244426751592,0.351181274445841,-0.052063152305751,215848
"geo_component_0064",NA,NA,"29",NA,TRUE,"kumar_somanathan_exact_amalgamation","1971_1981",1971,1981,"main_worker_share","labor","Main-worker share of population",FALSE,0.35479226621748,0.360612862530365,0.00582059631288501,1983811
"geo_component_0065",NA,NA,"29",NA,TRUE,"kumar_somanathan_exact_amalgamation","1971_1981",1971,1981,"main_worker_share","labor","Main-worker share of population",FALSE,0.356524590181093,0.385160827102106,0.028636236921013,3026913
"geo_component_0066",NA,NA,"29",NA,TRUE,"kumar_somanathan_exact_amalgamation","1971_1981",1971,1981,"main_worker_share","labor","Main-worker share of population",FALSE,0.354996748801241,0.37978982762443,0.024793078823189,1951573
"geo_component_0067",NA,NA,"29",NA,TRUE,"kumar_somanathan_exact_amalgamation","1971_1981",1971,1981,"main_worker_share","labor","Main-worker share of population",FALSE,0.372244197380875,0.410742775904771,0.038498578523896,1099684
"geo_component_0068",NA,NA,"29",NA,TRUE,"kumar_somanathan_exact_amalgamation","1971_1981",1971,1981,"main_worker_share","labor","Main-worker share of population",FALSE,0.336753405055912,0.340176710813276,0.00342330575736399,689549
"geo_component_0070",NA,NA,"32",NA,TRUE,"kumar_somanathan_exact_amalgamation","1971_1981",1971,1981,"main_worker_share","labor","Main-worker share of population",FALSE,0.279471309019926,0.335426496229419,0.055955187209493,311991
"geo_component_0071",NA,NA,"32",NA,TRUE,"kumar_somanathan_exact_amalgamation","1971_1981",1971,1981,"main_worker_share","labor","Main-worker share of population",FALSE,0.269168549071057,0.218652141283991,-0.050516407787066,1373763
"geo_component_0073",NA,NA,"32",NA,TRUE,"kumar_somanathan_exact_amalgamation","1971_1981",1971,1981,"main_worker_share","labor","Main-worker share of population",FALSE,0.290013740601343,0.298254028452236,0.00824028785089298,2318433
"geo_component_0074",NA,NA,"32",NA,TRUE,"kumar_somanathan_exact_amalgamation","1971_1981",1971,1981,"main_worker_share","labor","Main-worker share of population",FALSE,0.297157248331262,0.27215893090898,-0.024998317422282,1274360
"geo_component_0077",NA,NA,"23",NA,TRUE,"kumar_somanathan_exact_amalgamation","1971_1981",1971,1981,"main_worker_share","labor","Main-worker share of population",FALSE,0.298399672317277,0.294665622367535,-0.00373404994974197,858343
"geo_component_0080",NA,NA,"23",NA,TRUE,"kumar_somanathan_exact_amalgamation","1971_1981",1971,1981,"main_worker_share","labor","Main-worker share of population",FALSE,0.345824140723078,0.342515830145059,-0.003308310578019,619576
"geo_component_0082",NA,NA,"27",NA,TRUE,"kumar_somanathan_exact_amalgamation","1971_1981",1971,1981,"main_worker_share","labor","Main-worker share of population",FALSE,0.350236086613821,0.340617748877356,-0.00961833773646498,1827203
"geo_component_0084",NA,NA,"27",NA,TRUE,"kumar_somanathan_exact_amalgamation","1971_1981",1971,1981,"main_worker_share","labor","Main-worker share of population",FALSE,0.310879193671988,0.341565586070865,0.030686392398877,1230716
"geo_component_0085",NA,NA,"27",NA,TRUE,"kumar_somanathan_exact_amalgamation","1971_1981",1971,1981,"main_worker_share","labor","Main-worker share of population",FALSE,0.336875288396692,0.376616002795248,0.039740714398556,1860119
"geo_component_0086",NA,NA,"27",NA,TRUE,"kumar_somanathan_exact_amalgamation","1971_1981",1971,1981,"main_worker_share","labor","Main-worker share of population",FALSE,0.339991377159433,0.367590859942625,0.027599482783192,1596493
"geo_component_0088",NA,NA,"27",NA,TRUE,"kumar_somanathan_exact_amalgamation","1971_1981",1971,1981,"main_worker_share","labor","Main-worker share of population",FALSE,0.374120553156385,0.443227151523633,0.069106598367248,1206236
"geo_component_0089",NA,NA,"27",NA,TRUE,"kumar_somanathan_exact_amalgamation","1971_1981",1971,1981,"main_worker_share","labor","Main-worker share of population",FALSE,0.352329990724045,0.403601542364555,0.05127155164051,1001466
"geo_component_0090",NA,NA,"27",NA,TRUE,"kumar_somanathan_exact_amalgamation","1971_1981",1971,1981,"main_worker_share","labor","Main-worker share of population",FALSE,0.337877572841486,0.388672656032852,0.050795083191366,1477656
"geo_component_0092",NA,NA,"27",NA,TRUE,"kumar_somanathan_exact_amalgamation","1971_1981",1971,1981,"main_worker_share","labor","Main-worker share of population",FALSE,0.354805300696767,0.355883840110383,0.00107853941361596,1508420
"geo_component_0093",NA,NA,"27",NA,TRUE,"kumar_somanathan_exact_amalgamation","1971_1981",1971,1981,"main_worker_share","labor","Main-worker share of population",FALSE,0.468248212010747,0.456845617897917,-0.01140259411283,1272673
"geo_component_0109",NA,NA,"21",NA,TRUE,"kumar_somanathan_exact_amalgamation","1971_1981",1971,1981,"main_worker_share","labor","Main-worker share of population",FALSE,0.274859849757477,0.276484618043553,0.001624768286076,3062919
"geo_component_0110",NA,NA,"21",NA,TRUE,"kumar_somanathan_exact_amalgamation","1971_1981",1971,1981,"main_worker_share","labor","Main-worker share of population",FALSE,0.300812882463595,0.315293845602725,0.01448096313913,1026466
"geo_component_0111",NA,NA,"21",NA,TRUE,"kumar_somanathan_exact_amalgamation","1971_1981",1971,1981,"main_worker_share","labor","Main-worker share of population",FALSE,0.327337526817881,0.359425683546497,0.032088156728616,946854
"geo_component_0112",NA,NA,"21",NA,TRUE,"kumar_somanathan_exact_amalgamation","1971_1981",1971,1981,"main_worker_share","labor","Main-worker share of population",FALSE,0.350904745847487,0.388503243753535,0.037598497906048,1561071
"geo_component_0113",NA,NA,"21",NA,TRUE,"kumar_somanathan_exact_amalgamation","1971_1981",1971,1981,"main_worker_share","labor","Main-worker share of population",FALSE,0.290746687433972,0.29141351810739,0.000666830673418051,1865207
"geo_component_0115",NA,NA,"08",NA,TRUE,"kumar_somanathan_exact_amalgamation","1971_1981",1971,1981,"main_worker_share","labor","Main-worker share of population",FALSE,0.28005259926116,0.267257348661029,-0.012795250600131,1099725
"geo_component_0116",NA,NA,"08",NA,TRUE,"kumar_somanathan_exact_amalgamation","1971_1981",1971,1981,"main_worker_share","labor","Main-worker share of population",FALSE,0.309868032592889,0.292108818338309,-0.01775921425458,2835631
"geo_component_0117",NA,NA,"08",NA,TRUE,"kumar_somanathan_exact_amalgamation","1971_1981",1971,1981,"main_worker_share","labor","Main-worker share of population",FALSE,0.316785658947067,0.32087937403839,0.004093715091323,141135
"geo_component_0118",NA,NA,"08",NA,TRUE,"kumar_somanathan_exact_amalgamation","1971_1981",1971,1981,"main_worker_share","labor","Main-worker share of population",FALSE,0.302798098421864,0.305931018934627,0.00313292051276298,884866
"geo_component_0119",NA,NA,"08",NA,TRUE,"kumar_somanathan_exact_amalgamation","1971_1981",1971,1981,"main_worker_share","labor","Main-worker share of population",FALSE,0.319615192680898,0.301363324521131,-0.018251868159767,1426644
"geo_component_0120",NA,NA,"08",NA,TRUE,"kumar_somanathan_exact_amalgamation","1971_1981",1971,1981,"main_worker_share","labor","Main-worker share of population",FALSE,0.331231724128716,0.339317048904396,0.00808532477568003,338010
"geo_component_0121",NA,NA,"08",NA,TRUE,"kumar_somanathan_exact_amalgamation","1971_1981",1971,1981,"main_worker_share","labor","Main-worker share of population",FALSE,0.308988104931559,0.304045944823129,-0.00494216010842996,847116
"geo_component_0122",NA,NA,"08",NA,TRUE,"kumar_somanathan_exact_amalgamation","1971_1981",1971,1981,"main_worker_share","labor","Main-worker share of population",FALSE,0.319314689193977,0.359576712297356,0.040262023103379,491882
"geo_component_0123",NA,NA,"33",NA,TRUE,"kumar_somanathan_exact_amalgamation","1971_1981",1971,1981,"main_worker_share","labor","Main-worker share of population",FALSE,0.28435469939008,0.27898060868785,-0.00537409070222999,1812165
"geo_component_0124",NA,NA,"33",NA,TRUE,"kumar_somanathan_exact_amalgamation","1971_1981",1971,1981,"main_worker_share","labor","Main-worker share of population",FALSE,0.334027232197057,0.363930755042703,0.029903522845646,3000210
"geo_component_0125",NA,NA,"33",NA,TRUE,"kumar_somanathan_exact_amalgamation","1971_1981",1971,1981,"main_worker_share","labor","Main-worker share of population",FALSE,0.369188742970451,0.422128632991446,0.052939890020995,3211469
"geo_component_0127",NA,NA,"33",NA,TRUE,"kumar_somanathan_exact_amalgamation","1971_1981",1971,1981,"main_worker_share","labor","Main-worker share of population",FALSE,0.356738166153708,0.405429333547598,0.04869116739389,2421546
"geo_component_0130",NA,NA,"05",NA,TRUE,"kumar_somanathan_exact_amalgamation","1971_1981",1971,1981,"main_worker_share","labor","Main-worker share of population",FALSE,0.431202557290697,0.372398641850222,-0.058803915440475,2006736
"geo_component_0131",NA,NA,"05",NA,TRUE,"kumar_somanathan_exact_amalgamation","1971_1981",1971,1981,"main_worker_share","labor","Main-worker share of population",FALSE,0.388436912707186,0.315094411868392,-0.073342500838794,547770
"geo_component_0132",NA,NA,"09",NA,TRUE,"kumar_somanathan_exact_amalgamation","1971_1981",1971,1981,"main_worker_share","labor","Main-worker share of population",FALSE,0.281206024755316,0.278246713567694,-0.00295931118762199,1190987
"geo_component_0133",NA,NA,"09",NA,TRUE,"kumar_somanathan_exact_amalgamation","1971_1981",1971,1981,"main_worker_share","labor","Main-worker share of population",FALSE,0.29249258224985,0.284261857632836,-0.00823072461701396,1973801
"geo_component_0134",NA,NA,"09",NA,TRUE,"kumar_somanathan_exact_amalgamation","1971_1981",1971,1981,"main_worker_share","labor","Main-worker share of population",FALSE,0.297961295170315,0.292161652567493,-0.00579964260282201,1615478
"geo_component_0136",NA,NA,"09",NA,TRUE,"kumar_somanathan_exact_amalgamation","1971_1981",1971,1981,"main_worker_share","labor","Main-worker share of population",FALSE,0.287226965264727,0.284866873277359,-0.00236009198736803,1444921
"geo_component_0139",NA,NA,"09",NA,TRUE,"kumar_somanathan_exact_amalgamation","1971_1981",1971,1981,"main_worker_share","labor","Main-worker share of population",FALSE,0.273842080387145,0.269013283448261,-0.00482879693888405,2836554
"geo_component_0140",NA,NA,"09",NA,TRUE,"kumar_somanathan_exact_amalgamation","1971_1981",1971,1981,"main_worker_share","labor","Main-worker share of population",FALSE,0.271409809593362,0.274542910441222,0.00313310084786,1862142
"geo_component_0142",NA,NA,"09",NA,TRUE,"kumar_somanathan_exact_amalgamation","1971_1981",1971,1981,"main_worker_share","labor","Main-worker share of population",FALSE,0.275354654787926,0.26654920228675,-0.00880545250117598,2363096
"geo_component_0143",NA,NA,"09",NA,TRUE,"kumar_somanathan_exact_amalgamation","1971_1981",1971,1981,"main_worker_share","labor","Main-worker share of population",FALSE,0.302871948331742,0.293447624837388,-0.00942432349435401,1226800
"geo_component_0145",NA,NA,"09",NA,TRUE,"kumar_somanathan_exact_amalgamation","1971_1981",1971,1981,"main_worker_share","labor","Main-worker share of population",FALSE,0.335227583876131,0.302705191548574,-0.032522392327557,1065751
"geo_component_0149",NA,NA,"09",NA,TRUE,"kumar_somanathan_exact_amalgamation","1971_1981",1971,1981,"main_worker_share","labor","Main-worker share of population",FALSE,0.278828901119303,0.254347745628609,-0.024481155490694,1344175
"geo_component_0150",NA,NA,"09",NA,TRUE,"kumar_somanathan_exact_amalgamation","1971_1981",1971,1981,"main_worker_share","labor","Main-worker share of population",FALSE,0.290095668333883,0.278041159619844,-0.012054508714039,2364928
"geo_component_0151",NA,NA,"09",NA,TRUE,"kumar_somanathan_exact_amalgamation","1971_1981",1971,1981,"main_worker_share","labor","Main-worker share of population",FALSE,0.350069561245042,0.350442267828393,0.000372706583350979,1246904
"geo_component_0152",NA,NA,"19",NA,TRUE,"kumar_somanathan_exact_amalgamation","1971_1981",1971,1981,"main_worker_share","labor","Main-worker share of population",FALSE,0.259040028886826,0.270915189292808,0.011875160405982,2294979
"geo_component_0153",NA,NA,"19",NA,TRUE,"kumar_somanathan_exact_amalgamation","1971_1981",1971,1981,"main_worker_share","labor","Main-worker share of population",FALSE,0.247749574827255,0.267111815354492,0.019362240527237,1708801
"geo_component_0154",NA,NA,"19",NA,TRUE,"kumar_somanathan_exact_amalgamation","1971_1981",1971,1981,"main_worker_share","labor","Main-worker share of population",FALSE,0.370160692542365,0.348717672524649,-0.021443020017716,2927289
"geo_component_0001",NA,NA,"28",NA,TRUE,"kumar_somanathan_exact_amalgamation","1971_1981",1971,1981,"nonfarm_worker_share_main_workers","labor","Non-farm share of main workers",FALSE,0.234666949146932,0.244614454933205,0.00994750578627299,1555045
"geo_component_0002",NA,NA,"28",NA,TRUE,"kumar_somanathan_exact_amalgamation","1971_1981",1971,1981,"nonfarm_worker_share_main_workers","labor","Non-farm share of main workers",FALSE,0.261211506657492,0.253923744688221,-0.007287761969271,1350505
"geo_component_0003",NA,NA,"28",NA,TRUE,"kumar_somanathan_exact_amalgamation","1971_1981",1971,1981,"nonfarm_worker_share_main_workers","labor","Non-farm share of main workers",FALSE,0.319888562926805,0.2951506771727,-0.024737885754105,2327265
"geo_component_0004",NA,NA,"28",NA,TRUE,"kumar_somanathan_exact_amalgamation","1971_1981",1971,1981,"nonfarm_worker_share_main_workers","labor","Non-farm share of main workers",FALSE,0.293401886498706,0.252137695230624,-0.041264191268082,1671750
"geo_component_0005",NA,NA,"28",NA,TRUE,"kumar_somanathan_exact_amalgamation","1971_1981",1971,1981,"nonfarm_worker_share_main_workers","labor","Non-farm share of main workers",FALSE,0.279642816099245,0.290578306199822,0.010935490100577,1414094
"geo_component_0006",NA,NA,"28",NA,TRUE,"kumar_somanathan_exact_amalgamation","1971_1981",1971,1981,"nonfarm_worker_share_main_workers","labor","Non-farm share of main workers",FALSE,0.227137041480054,0.243644036547603,0.016506995067549,1900123
"geo_component_0007",NA,NA,"28",NA,TRUE,"kumar_somanathan_exact_amalgamation","1971_1981",1971,1981,"nonfarm_worker_share_main_workers","labor","Non-farm share of main workers",FALSE,0.25702518695625,0.263891361168217,0.006866174211967,3109479
"geo_component_0008",NA,NA,"28",NA,TRUE,"kumar_somanathan_exact_amalgamation","1971_1981",1971,1981,"nonfarm_worker_share_main_workers","labor","Non-farm share of main workers",FALSE,0.254063530173974,0.269129698808698,0.015066168634724,1570893
"geo_component_0010",NA,NA,"28",NA,TRUE,"kumar_somanathan_exact_amalgamation","1971_1981",1971,1981,"nonfarm_worker_share_main_workers","labor","Non-farm share of main workers",FALSE,0.224461480329825,0.2272900235229,0.00282854319307502,1232378
"geo_component_0011",NA,NA,"28",NA,TRUE,"kumar_somanathan_exact_amalgamation","1971_1981",1971,1981,"nonfarm_worker_share_main_workers","labor","Non-farm share of main workers",FALSE,0.342486558376245,0.330430615848268,-0.012055942527977,1018027
"geo_component_0012",NA,NA,"28",NA,TRUE,"kumar_somanathan_exact_amalgamation","1971_1981",1971,1981,"nonfarm_worker_share_main_workers","labor","Non-farm share of main workers",FALSE,0.261103329647377,0.244935002825964,-0.016168326821413,1557779
"geo_component_0019",NA,NA,"18",NA,TRUE,"kumar_somanathan_exact_amalgamation","1971_1981",1971,1981,"nonfarm_worker_share_main_workers","labor","Non-farm share of main workers",FALSE,0.219444101214588,NA,NA,1543892
"geo_component_0022",NA,NA,"18",NA,TRUE,"kumar_somanathan_exact_amalgamation","1971_1981",1971,1981,"nonfarm_worker_share_main_workers","labor","Non-farm share of main workers",FALSE,0.301555176535367,NA,NA,2062572
"geo_component_0023",NA,NA,"18",NA,TRUE,"kumar_somanathan_exact_amalgamation","1971_1981",1971,1981,"nonfarm_worker_share_main_workers","labor","Non-farm share of main workers",FALSE,0.354083701791349,NA,NA,1289670
"geo_component_0027",NA,NA,"18",NA,TRUE,"kumar_somanathan_exact_amalgamation","1971_1981",1971,1981,"nonfarm_worker_share_main_workers","labor","Non-farm share of main workers",FALSE,0.489129998605063,NA,NA,1508390
"geo_component_0036",NA,NA,"10",NA,TRUE,"kumar_somanathan_exact_amalgamation","1971_1981",1971,1981,"nonfarm_worker_share_main_workers","labor","Non-farm share of main workers",FALSE,0.094997643979373,0.107663137066311,0.012665493086938,1888178
"geo_component_0040",NA,NA,"24",NA,TRUE,"kumar_somanathan_exact_amalgamation","1971_1981",1971,1981,"nonfarm_worker_share_main_workers","labor","Non-farm share of main workers",FALSE,0.331826791296447,0.387392640500748,0.055565849204301,663073
"geo_component_0041",NA,NA,"24",NA,TRUE,"kumar_somanathan_exact_amalgamation","1971_1981",1971,1981,"nonfarm_worker_share_main_workers","labor","Non-farm share of main workers",FALSE,0.335648241335155,0.350528109595205,0.01487986826005,3032901
"geo_component_0043",NA,NA,"24",NA,TRUE,"kumar_somanathan_exact_amalgamation","1971_1981",1971,1981,"nonfarm_worker_share_main_workers","labor","Non-farm share of main workers",FALSE,0.294892901536435,0.363842929280455,0.06895002774402,2419295
"geo_component_0044",NA,NA,"06",NA,TRUE,"kumar_somanathan_exact_amalgamation","1971_1981",1971,1981,"nonfarm_worker_share_main_workers","labor","Non-farm share of main workers",FALSE,0.50811337443223,0.551251344217421,0.0431379697851909,885755
"geo_component_0048",NA,NA,"06",NA,TRUE,"kumar_somanathan_exact_amalgamation","1971_1981",1971,1981,"nonfarm_worker_share_main_workers","labor","Non-farm share of main workers",FALSE,0.338999217744581,0.402101266940361,0.06310204919578,582944
"geo_component_0050",NA,NA,"02",NA,TRUE,"kumar_somanathan_exact_amalgamation","1971_1981",1971,1981,"nonfarm_worker_share_main_workers","labor","Non-farm share of main workers",FALSE,0.173670961054346,0.306939754184627,0.133268793130281,215848
"geo_component_0064",NA,NA,"29",NA,TRUE,"kumar_somanathan_exact_amalgamation","1971_1981",1971,1981,"nonfarm_worker_share_main_workers","labor","Non-farm share of main workers",FALSE,0.271181216655831,0.288492117028057,0.017310900372226,1983811
"geo_component_0065",NA,NA,"29",NA,TRUE,"kumar_somanathan_exact_amalgamation","1971_1981",1971,1981,"nonfarm_worker_share_main_workers","labor","Non-farm share of main workers",FALSE,0.278399182681299,0.277682798596441,-0.000716384084857968,3026913
"geo_component_0066",NA,NA,"29",NA,TRUE,"kumar_somanathan_exact_amalgamation","1971_1981",1971,1981,"nonfarm_worker_share_main_workers","labor","Non-farm share of main workers",FALSE,0.314542296969974,0.305076761070775,-0.00946553589919896,1951573
"geo_component_0067",NA,NA,"29",NA,TRUE,"kumar_somanathan_exact_amalgamation","1971_1981",1971,1981,"nonfarm_worker_share_main_workers","labor","Non-farm share of main workers",FALSE,0.237248126663896,0.211503605880779,-0.025744520783117,1099684
"geo_component_0068",NA,NA,"29",NA,TRUE,"kumar_somanathan_exact_amalgamation","1971_1981",1971,1981,"nonfarm_worker_share_main_workers","labor","Non-farm share of main workers",FALSE,0.45058211716485,0.474535278777891,0.023953161613041,689549
"geo_component_0070",NA,NA,"32",NA,TRUE,"kumar_somanathan_exact_amalgamation","1971_1981",1971,1981,"nonfarm_worker_share_main_workers","labor","Non-farm share of main workers",FALSE,0.552631806433209,0.392261952807598,-0.160369853625611,311991
"geo_component_0071",NA,NA,"32",NA,TRUE,"kumar_somanathan_exact_amalgamation","1971_1981",1971,1981,"nonfarm_worker_share_main_workers","labor","Non-farm share of main workers",FALSE,0.590890458311835,0.799493616223836,0.208603157912001,1373763
"geo_component_0073",NA,NA,"32",NA,TRUE,"kumar_somanathan_exact_amalgamation","1971_1981",1971,1981,"nonfarm_worker_share_main_workers","labor","Non-farm share of main workers",FALSE,0.605683142443469,0.650164060438489,0.04448091799502,2318433
"geo_component_0074",NA,NA,"32",NA,TRUE,"kumar_somanathan_exact_amalgamation","1971_1981",1971,1981,"nonfarm_worker_share_main_workers","labor","Non-farm share of main workers",FALSE,0.496669844490703,0.571861186993207,0.075191342502504,1274360
"geo_component_0077",NA,NA,"23",NA,TRUE,"kumar_somanathan_exact_amalgamation","1971_1981",1971,1981,"nonfarm_worker_share_main_workers","labor","Non-farm share of main workers",FALSE,0.423645394340759,0.464886532586923,0.041241138246164,858343
"geo_component_0080",NA,NA,"23",NA,TRUE,"kumar_somanathan_exact_amalgamation","1971_1981",1971,1981,"nonfarm_worker_share_main_workers","labor","Non-farm share of main workers",FALSE,0.309397229770126,0.326668896223809,0.017271666453683,619576
"geo_component_0082",NA,NA,"27",NA,TRUE,"kumar_somanathan_exact_amalgamation","1971_1981",1971,1981,"nonfarm_worker_share_main_workers","labor","Non-farm share of main workers",FALSE,0.19538164073818,0.262832510602795,0.067450869864615,1827203
"geo_component_0084",NA,NA,"27",NA,TRUE,"kumar_somanathan_exact_amalgamation","1971_1981",1971,1981,"nonfarm_worker_share_main_workers","labor","Non-farm share of main workers",FALSE,0.271812290838901,0.297771787701905,0.025959496863004,1230716
"geo_component_0085",NA,NA,"27",NA,TRUE,"kumar_somanathan_exact_amalgamation","1971_1981",1971,1981,"nonfarm_worker_share_main_workers","labor","Non-farm share of main workers",FALSE,0.316314636693741,0.359971597787232,0.043656961093491,1860119
"geo_component_0086",NA,NA,"27",NA,TRUE,"kumar_somanathan_exact_amalgamation","1971_1981",1971,1981,"nonfarm_worker_share_main_workers","labor","Non-farm share of main workers",FALSE,0.275146879519301,0.324054817953683,0.048907938434382,1596493
"geo_component_0088",NA,NA,"27",NA,TRUE,"kumar_somanathan_exact_amalgamation","1971_1981",1971,1981,"nonfarm_worker_share_main_workers","labor","Non-farm share of main workers",FALSE,0.173369829381566,0.20332375467114,0.029953925289574,1206236
"geo_component_0089",NA,NA,"27",NA,TRUE,"kumar_somanathan_exact_amalgamation","1971_1981",1971,1981,"nonfarm_worker_share_main_workers","labor","Non-farm share of main workers",FALSE,0.159352869649269,0.21115138621191,0.051798516562641,1001466
"geo_component_0090",NA,NA,"27",NA,TRUE,"kumar_somanathan_exact_amalgamation","1971_1981",1971,1981,"nonfarm_worker_share_main_workers","labor","Non-farm share of main workers",FALSE,0.168515779092702,0.196935111611443,0.028419332518741,1477656
"geo_component_0092",NA,NA,"27",NA,TRUE,"kumar_somanathan_exact_amalgamation","1971_1981",1971,1981,"nonfarm_worker_share_main_workers","labor","Non-farm share of main workers",FALSE,0.499010556003691,0.529477399719532,0.030466843715841,1508420
"geo_component_0093",NA,NA,"27",NA,TRUE,"kumar_somanathan_exact_amalgamation","1971_1981",1971,1981,"nonfarm_worker_share_main_workers","labor","Non-farm share of main workers",FALSE,0.294389483396077,0.276084618142703,-0.018304865253374,1272673
"geo_component_0109",NA,NA,"21",NA,TRUE,"kumar_somanathan_exact_amalgamation","1971_1981",1971,1981,"nonfarm_worker_share_main_workers","labor","Non-farm share of main workers",FALSE,0.25647696219376,0.315698175953593,0.059221213759833,3062919
"geo_component_0110",NA,NA,"21",NA,TRUE,"kumar_somanathan_exact_amalgamation","1971_1981",1971,1981,"nonfarm_worker_share_main_workers","labor","Non-farm share of main workers",FALSE,0.215463509631936,0.269167185993992,0.053703676362056,1026466
"geo_component_0111",NA,NA,"21",NA,TRUE,"kumar_somanathan_exact_amalgamation","1971_1981",1971,1981,"nonfarm_worker_share_main_workers","labor","Non-farm share of main workers",FALSE,0.143409855687205,0.13667262226285,-0.00673723342435498,946854
"geo_component_0112",NA,NA,"21",NA,TRUE,"kumar_somanathan_exact_amalgamation","1971_1981",1971,1981,"nonfarm_worker_share_main_workers","labor","Non-farm share of main workers",FALSE,0.175791530508496,0.17540236507351,-0.000389165434985989,1561071
"geo_component_0113",NA,NA,"21",NA,TRUE,"kumar_somanathan_exact_amalgamation","1971_1981",1971,1981,"nonfarm_worker_share_main_workers","labor","Non-farm share of main workers",FALSE,0.278357089437655,0.325059443254013,0.046702353816358,1865207
"geo_component_0115",NA,NA,"08",NA,TRUE,"kumar_somanathan_exact_amalgamation","1971_1981",1971,1981,"nonfarm_worker_share_main_workers","labor","Non-farm share of main workers",FALSE,0.233097796227337,0.278632074176259,0.045534277948922,1099725
"geo_component_0116",NA,NA,"08",NA,TRUE,"kumar_somanathan_exact_amalgamation","1971_1981",1971,1981,"nonfarm_worker_share_main_workers","labor","Non-farm share of main workers",FALSE,0.333899790771941,0.403076070867877,0.069176280095936,2835631
"geo_component_0117",NA,NA,"08",NA,TRUE,"kumar_somanathan_exact_amalgamation","1971_1981",1971,1981,"nonfarm_worker_share_main_workers","labor","Non-farm share of main workers",FALSE,0.295865001128753,0.381705128205128,0.085840127076375,141135
"geo_component_0118",NA,NA,"08",NA,TRUE,"kumar_somanathan_exact_amalgamation","1971_1981",1971,1981,"nonfarm_worker_share_main_workers","labor","Non-farm share of main workers",FALSE,0.310895404688508,0.362249107753577,0.051353703065069,884866
"geo_component_0119",NA,NA,"08",NA,TRUE,"kumar_somanathan_exact_amalgamation","1971_1981",1971,1981,"nonfarm_worker_share_main_workers","labor","Non-farm share of main workers",FALSE,0.237758185786207,0.291848103832037,0.05408991804583,1426644
"geo_component_0120",NA,NA,"08",NA,TRUE,"kumar_somanathan_exact_amalgamation","1971_1981",1971,1981,"nonfarm_worker_share_main_workers","labor","Non-farm share of main workers",FALSE,0.294661467088012,0.30687894443524,0.012217477347228,338010
"geo_component_0121",NA,NA,"08",NA,TRUE,"kumar_somanathan_exact_amalgamation","1971_1981",1971,1981,"nonfarm_worker_share_main_workers","labor","Non-farm share of main workers",FALSE,0.373852405132158,0.443312120713722,0.069459715581564,847116
"geo_component_0122",NA,NA,"08",NA,TRUE,"kumar_somanathan_exact_amalgamation","1971_1981",1971,1981,"nonfarm_worker_share_main_workers","labor","Non-farm share of main workers",FALSE,0.194499954810657,0.199197922534338,0.004697967723681,491882
"geo_component_0123",NA,NA,"33",NA,TRUE,"kumar_somanathan_exact_amalgamation","1971_1981",1971,1981,"nonfarm_worker_share_main_workers","labor","Non-farm share of main workers",FALSE,0.968341486559448,0.997302305839315,0.028960819279867,1812165
"geo_component_0124",NA,NA,"33",NA,TRUE,"kumar_somanathan_exact_amalgamation","1971_1981",1971,1981,"nonfarm_worker_share_main_workers","labor","Non-farm share of main workers",FALSE,0.285808737275393,0.290235852341923,0.00442711506652999,3000210
"geo_component_0125",NA,NA,"33",NA,TRUE,"kumar_somanathan_exact_amalgamation","1971_1981",1971,1981,"nonfarm_worker_share_main_workers","labor","Non-farm share of main workers",FALSE,0.348966737233637,0.346837050824867,-0.00212968640877004,3211469
"geo_component_0127",NA,NA,"33",NA,TRUE,"kumar_somanathan_exact_amalgamation","1971_1981",1971,1981,"nonfarm_worker_share_main_workers","labor","Non-farm share of main workers",FALSE,0.365954652592996,0.371904126647953,0.00594947405495705,2421546
"geo_component_0130",NA,NA,"05",NA,TRUE,"kumar_somanathan_exact_amalgamation","1971_1981",1971,1981,"nonfarm_worker_share_main_workers","labor","Non-farm share of main workers",FALSE,0.205754222172123,0.255432275357276,0.049678053185153,2006736
"geo_component_0131",NA,NA,"05",NA,TRUE,"kumar_somanathan_exact_amalgamation","1971_1981",1971,1981,"nonfarm_worker_share_main_workers","labor","Non-farm share of main workers",FALSE,0.15854544299929,0.251747372655504,0.093201929656214,547770
"geo_component_0132",NA,NA,"09",NA,TRUE,"kumar_somanathan_exact_amalgamation","1971_1981",1971,1981,"nonfarm_worker_share_main_workers","labor","Non-farm share of main workers",FALSE,0.311879994940926,0.340325022748627,0.028445027807701,1190987
"geo_component_0133",NA,NA,"09",NA,TRUE,"kumar_somanathan_exact_amalgamation","1971_1981",1971,1981,"nonfarm_worker_share_main_workers","labor","Non-farm share of main workers",FALSE,0.272130856801829,0.302750274781738,0.030619417979909,1973801
"geo_component_0134",NA,NA,"09",NA,TRUE,"kumar_somanathan_exact_amalgamation","1971_1981",1971,1981,"nonfarm_worker_share_main_workers","labor","Non-farm share of main workers",FALSE,0.37059522001238,0.365448232775837,-0.005146987236543,1615478
"geo_component_0136",NA,NA,"09",NA,TRUE,"kumar_somanathan_exact_amalgamation","1971_1981",1971,1981,"nonfarm_worker_share_main_workers","labor","Non-farm share of main workers",FALSE,0.288046732835458,0.297996993483824,0.00995026064836602,1444921
"geo_component_0139",NA,NA,"09",NA,TRUE,"kumar_somanathan_exact_amalgamation","1971_1981",1971,1981,"nonfarm_worker_share_main_workers","labor","Non-farm share of main workers",FALSE,0.317176658995672,0.328953589759724,0.011776930764052,2836554
"geo_component_0140",NA,NA,"09",NA,TRUE,"kumar_somanathan_exact_amalgamation","1971_1981",1971,1981,"nonfarm_worker_share_main_workers","labor","Non-farm share of main workers",FALSE,0.478517747734951,0.513593912582748,0.035076164847797,1862142
"geo_component_0142",NA,NA,"09",NA,TRUE,"kumar_somanathan_exact_amalgamation","1971_1981",1971,1981,"nonfarm_worker_share_main_workers","labor","Non-farm share of main workers",FALSE,0.185258314023694,0.199127209015596,0.013868894991902,2363096
"geo_component_0143",NA,NA,"09",NA,TRUE,"kumar_somanathan_exact_amalgamation","1971_1981",1971,1981,"nonfarm_worker_share_main_workers","labor","Non-farm share of main workers",FALSE,0.134981238086129,0.153802574625819,0.01882133653969,1226800
"geo_component_0145",NA,NA,"09",NA,TRUE,"kumar_somanathan_exact_amalgamation","1971_1981",1971,1981,"nonfarm_worker_share_main_workers","labor","Non-farm share of main workers",FALSE,0.136910568346768,0.162202193369469,0.025291625022701,1065751
"geo_component_0149",NA,NA,"09",NA,TRUE,"kumar_somanathan_exact_amalgamation","1971_1981",1971,1981,"nonfarm_worker_share_main_workers","labor","Non-farm share of main workers",FALSE,0.176132682979679,0.189920412609488,0.013787729629809,1344175
"geo_component_0150",NA,NA,"09",NA,TRUE,"kumar_somanathan_exact_amalgamation","1971_1981",1971,1981,"nonfarm_worker_share_main_workers","labor","Non-farm share of main workers",FALSE,0.41599978730758,0.47758670284306,0.06158691553548,2364928
"geo_component_0151",NA,NA,"09",NA,TRUE,"kumar_somanathan_exact_amalgamation","1971_1981",1971,1981,"nonfarm_worker_share_main_workers","labor","Non-farm share of main workers",FALSE,0.202629159499377,0.274693396622465,0.072064237123088,1246904
"geo_component_0152",NA,NA,"19",NA,TRUE,"kumar_somanathan_exact_amalgamation","1971_1981",1971,1981,"nonfarm_worker_share_main_workers","labor","Non-farm share of main workers",FALSE,0.244419669175927,0.311254708137878,0.066835038961951,2294979
"geo_component_0153",NA,NA,"19",NA,TRUE,"kumar_somanathan_exact_amalgamation","1971_1981",1971,1981,"nonfarm_worker_share_main_workers","labor","Non-farm share of main workers",FALSE,0.346988634094812,0.399078287468726,0.052089653373914,1708801
"geo_component_0154",NA,NA,"19",NA,TRUE,"kumar_somanathan_exact_amalgamation","1971_1981",1971,1981,"nonfarm_worker_share_main_workers","labor","Non-farm share of main workers",FALSE,0.999329925476731,0.995464697175045,-0.00386522830168601,2927289
"geo_component_0001",NA,NA,"28",NA,TRUE,"kumar_somanathan_exact_amalgamation","1971_1981",1971,1981,"literate_share_population","education","Literate share of population",FALSE,0.185166666666667,0.227222571544062,0.042055904877395,1555045
"geo_component_0002",NA,NA,"28",NA,TRUE,"kumar_somanathan_exact_amalgamation","1971_1981",1971,1981,"literate_share_population","education","Literate share of population",FALSE,0.198401009623763,0.217424825240717,0.019023815616954,1350505
"geo_component_0003",NA,NA,"28",NA,TRUE,"kumar_somanathan_exact_amalgamation","1971_1981",1971,1981,"literate_share_population","education","Literate share of population",FALSE,0.30727744325165,0.360554152240471,0.053276708988821,2327265
"geo_component_0004",NA,NA,"28",NA,TRUE,"kumar_somanathan_exact_amalgamation","1971_1981",1971,1981,"literate_share_population","education","Literate share of population",FALSE,0.231561540524845,0.293902611253317,0.062341070728472,1671750
"geo_component_0005",NA,NA,"28",NA,TRUE,"kumar_somanathan_exact_amalgamation","1971_1981",1971,1981,"literate_share_population","education","Literate share of population",FALSE,0.268113435561074,0.321610379581106,0.053496944020032,1414094
"geo_component_0006",NA,NA,"28",NA,TRUE,"kumar_somanathan_exact_amalgamation","1971_1981",1971,1981,"literate_share_population","education","Literate share of population",FALSE,0.254027819429499,0.318503234555309,0.06447541512581,1900123
"geo_component_0007",NA,NA,"28",NA,TRUE,"kumar_somanathan_exact_amalgamation","1971_1981",1971,1981,"literate_share_population","education","Literate share of population",FALSE,0.242207633237177,0.299214784228561,0.057007150991384,3109479
"geo_component_0008",NA,NA,"28",NA,TRUE,"kumar_somanathan_exact_amalgamation","1971_1981",1971,1981,"literate_share_population","education","Literate share of population",FALSE,0.235672951278701,0.287282136535594,0.051609185256893,1570893
"geo_component_0010",NA,NA,"28",NA,TRUE,"kumar_somanathan_exact_amalgamation","1971_1981",1971,1981,"literate_share_population","education","Literate share of population",FALSE,0.16104088439341,0.215289471368832,0.054248586975422,1232378
"geo_component_0011",NA,NA,"28",NA,TRUE,"kumar_somanathan_exact_amalgamation","1971_1981",1971,1981,"literate_share_population","education","Literate share of population",FALSE,0.171898652826384,0.217295168195427,0.045396515369043,1018027
"geo_component_0012",NA,NA,"28",NA,TRUE,"kumar_somanathan_exact_amalgamation","1971_1981",1971,1981,"literate_share_population","education","Literate share of population",FALSE,0.170542682518033,0.224391527776864,0.053848845258831,1557779
"geo_component_0019",NA,NA,"18",NA,TRUE,"kumar_somanathan_exact_amalgamation","1971_1981",1971,1981,"literate_share_population","education","Literate share of population",FALSE,0.219760163911513,NA,NA,1543892
"geo_component_0022",NA,NA,"18",NA,TRUE,"kumar_somanathan_exact_amalgamation","1971_1981",1971,1981,"literate_share_population","education","Literate share of population",FALSE,0.287658499822892,NA,NA,2062572
"geo_component_0023",NA,NA,"18",NA,TRUE,"kumar_somanathan_exact_amalgamation","1971_1981",1971,1981,"literate_share_population","education","Literate share of population",FALSE,0.227554850050801,NA,NA,1289670
"geo_component_0027",NA,NA,"18",NA,TRUE,"kumar_somanathan_exact_amalgamation","1971_1981",1971,1981,"literate_share_population","education","Literate share of population",FALSE,0.366153275109408,NA,NA,1508390
"geo_component_0036",NA,NA,"10",NA,TRUE,"kumar_somanathan_exact_amalgamation","1971_1981",1971,1981,"literate_share_population","education","Literate share of population",FALSE,0.154899781641923,0.20263436661145,0.047734584969527,1888178
"geo_component_0040",NA,NA,"24",NA,TRUE,"kumar_somanathan_exact_amalgamation","1971_1981",1971,1981,"literate_share_population","education","Literate share of population",FALSE,0.298559117349968,0.374733727524573,0.076174610174605,663073
"geo_component_0041",NA,NA,"24",NA,TRUE,"kumar_somanathan_exact_amalgamation","1971_1981",1971,1981,"literate_share_population","education","Literate share of population",FALSE,0.32044226443811,0.410408594652141,0.089966330214031,3032901
"geo_component_0043",NA,NA,"24",NA,TRUE,"kumar_somanathan_exact_amalgamation","1971_1981",1971,1981,"literate_share_population","education","Literate share of population",FALSE,0.388959194942107,0.471058177324783,0.082098982382676,2419295
"geo_component_0044",NA,NA,"06",NA,TRUE,"kumar_somanathan_exact_amalgamation","1971_1981",1971,1981,"literate_share_population","education","Literate share of population",FALSE,0.355389860752637,0.446232359416317,0.09084249866368,885755
"geo_component_0048",NA,NA,"06",NA,TRUE,"kumar_somanathan_exact_amalgamation","1971_1981",1971,1981,"literate_share_population","education","Literate share of population",FALSE,0.269381790307736,0.38610902647488,0.116727236167144,582944
"geo_component_0050",NA,NA,"02",NA,TRUE,"kumar_somanathan_exact_amalgamation","1971_1981",1971,1981,"literate_share_population","education","Literate share of population",FALSE,0.189124203821656,0.264537340871035,0.075413137049379,215848
"geo_component_0064",NA,NA,"29",NA,TRUE,"kumar_somanathan_exact_amalgamation","1971_1981",1971,1981,"literate_share_population","education","Literate share of population",FALSE,0.307279368739534,0.366408651071654,0.05912928233212,1983811
"geo_component_0065",NA,NA,"29",NA,TRUE,"kumar_somanathan_exact_amalgamation","1971_1981",1971,1981,"literate_share_population","education","Literate share of population",FALSE,0.313464134516529,0.380279092629058,0.066814958112529,3026913
"geo_component_0066",NA,NA,"29",NA,TRUE,"kumar_somanathan_exact_amalgamation","1971_1981",1971,1981,"literate_share_population","education","Literate share of population",FALSE,0.385149856140325,0.423594128916542,0.038444272776217,1951573
"geo_component_0067",NA,NA,"29",NA,TRUE,"kumar_somanathan_exact_amalgamation","1971_1981",1971,1981,"literate_share_population","education","Literate share of population",FALSE,0.202020851286253,0.247233748658779,0.045212897372526,1099684
"geo_component_0068",NA,NA,"29",NA,TRUE,"kumar_somanathan_exact_amalgamation","1971_1981",1971,1981,"literate_share_population","education","Literate share of population",FALSE,0.406484474829379,0.483477203148408,0.076992728319029,689549
"geo_component_0070",NA,NA,"32",NA,TRUE,"kumar_somanathan_exact_amalgamation","1971_1981",1971,1981,"literate_share_population","education","Literate share of population",FALSE,0.564825283624205,0.583348073917109,0.0185227902929039,311991
"geo_component_0071",NA,NA,"32",NA,TRUE,"kumar_somanathan_exact_amalgamation","1971_1981",1971,1981,"literate_share_population","education","Literate share of population",FALSE,0.572297228679883,0.701236156979243,0.12893892829936,1373763
"geo_component_0073",NA,NA,"32",NA,TRUE,"kumar_somanathan_exact_amalgamation","1971_1981",1971,1981,"literate_share_population","education","Literate share of population",FALSE,0.657429568749947,0.742211278810812,0.084781710060865,2318433
"geo_component_0074",NA,NA,"32",NA,TRUE,"kumar_somanathan_exact_amalgamation","1971_1981",1971,1981,"literate_share_population","education","Literate share of population",FALSE,0.677242327507396,0.816561037137057,0.139318709629661,1274360
"geo_component_0077",NA,NA,"23",NA,TRUE,"kumar_somanathan_exact_amalgamation","1971_1981",1971,1981,"literate_share_population","education","Literate share of population",FALSE,0.31011289244677,0.370105904328301,0.059993011881531,858343
"geo_component_0080",NA,NA,"23",NA,TRUE,"kumar_somanathan_exact_amalgamation","1971_1981",1971,1981,"literate_share_population","education","Literate share of population",FALSE,0.295650440626261,0.353504545594902,0.057854104968641,619576
"geo_component_0082",NA,NA,"27",NA,TRUE,"kumar_somanathan_exact_amalgamation","1971_1981",1971,1981,"literate_share_population","education","Literate share of population",FALSE,0.398328529882954,0.477462581306117,0.079134051423163,1827203
"geo_component_0084",NA,NA,"27",NA,TRUE,"kumar_somanathan_exact_amalgamation","1971_1981",1971,1981,"literate_share_population","education","Literate share of population",FALSE,0.374758088607759,0.468737644794814,0.093979556187055,1230716
"geo_component_0085",NA,NA,"27",NA,TRUE,"kumar_somanathan_exact_amalgamation","1971_1981",1971,1981,"literate_share_population","education","Literate share of population",FALSE,0.338957068824761,0.406848817536504,0.067891748711743,1860119
"geo_component_0086",NA,NA,"27",NA,TRUE,"kumar_somanathan_exact_amalgamation","1971_1981",1971,1981,"literate_share_population","education","Literate share of population",FALSE,0.353662436787401,0.453599486101192,0.099937049313791,1596493
"geo_component_0088",NA,NA,"27",NA,TRUE,"kumar_somanathan_exact_amalgamation","1971_1981",1971,1981,"literate_share_population","education","Literate share of population",FALSE,0.243095334327512,0.30333916773898,0.060243833411468,1206236
"geo_component_0089",NA,NA,"27",NA,TRUE,"kumar_somanathan_exact_amalgamation","1971_1981",1971,1981,"literate_share_population","education","Literate share of population",FALSE,0.240066836635122,0.31792224921435,0.077855412579228,1001466
"geo_component_0090",NA,NA,"27",NA,TRUE,"kumar_somanathan_exact_amalgamation","1971_1981",1971,1981,"literate_share_population","education","Literate share of population",FALSE,0.278847274220786,0.35358106714725,0.074733792926464,1477656
"geo_component_0092",NA,NA,"27",NA,TRUE,"kumar_somanathan_exact_amalgamation","1971_1981",1971,1981,"literate_share_population","education","Literate share of population",FALSE,0.45256932662373,0.545574010617229,0.093004683993499,1508420
"geo_component_0093",NA,NA,"27",NA,TRUE,"kumar_somanathan_exact_amalgamation","1971_1981",1971,1981,"literate_share_population","education","Literate share of population",FALSE,0.354009258441706,0.439244722806174,0.085235464364468,1272673
"geo_component_0109",NA,NA,"21",NA,TRUE,"kumar_somanathan_exact_amalgamation","1971_1981",1971,1981,"literate_share_population","education","Literate share of population",FALSE,0.364293704956373,0.454257474939509,0.089963769983136,3062919
"geo_component_0110",NA,NA,"21",NA,TRUE,"kumar_somanathan_exact_amalgamation","1971_1981",1971,1981,"literate_share_population","education","Literate share of population",FALSE,0.277628188581312,0.368831687396978,0.091203498815666,1026466
"geo_component_0111",NA,NA,"21",NA,TRUE,"kumar_somanathan_exact_amalgamation","1971_1981",1971,1981,"literate_share_population","education","Literate share of population",FALSE,0.138523321782778,0.194186494542978,0.0556631727602,946854
"geo_component_0112",NA,NA,"21",NA,TRUE,"kumar_somanathan_exact_amalgamation","1971_1981",1971,1981,"literate_share_population","education","Literate share of population",FALSE,0.10583517391881,0.161257324361263,0.055422150442453,1561071
"geo_component_0113",NA,NA,"21",NA,TRUE,"kumar_somanathan_exact_amalgamation","1971_1981",1971,1981,"literate_share_population","education","Literate share of population",FALSE,0.353428805408613,0.455026882502666,0.101598077094053,1865207
"geo_component_0115",NA,NA,"08",NA,TRUE,"kumar_somanathan_exact_amalgamation","1971_1981",1971,1981,"literate_share_population","education","Literate share of population",FALSE,0.19765611309696,0.265287467683846,0.067631354586886,1099725
"geo_component_0116",NA,NA,"08",NA,TRUE,"kumar_somanathan_exact_amalgamation","1971_1981",1971,1981,"literate_share_population","education","Literate share of population",FALSE,0.213102398332848,0.288707387796574,0.075604989463726,2835631
"geo_component_0117",NA,NA,"08",NA,TRUE,"kumar_somanathan_exact_amalgamation","1971_1981",1971,1981,"literate_share_population","education","Literate share of population",FALSE,0.134560602629352,0.157963156465719,0.023402553836367,141135
"geo_component_0118",NA,NA,"08",NA,TRUE,"kumar_somanathan_exact_amalgamation","1971_1981",1971,1981,"literate_share_population","education","Literate share of population",FALSE,0.213815529554779,0.266422471400793,0.052606941846014,884866
"geo_component_0119",NA,NA,"08",NA,TRUE,"kumar_somanathan_exact_amalgamation","1971_1981",1971,1981,"literate_share_population","education","Literate share of population",FALSE,0.174109786526199,0.22014044368188,0.046030657155681,1426644
"geo_component_0120",NA,NA,"08",NA,TRUE,"kumar_somanathan_exact_amalgamation","1971_1981",1971,1981,"literate_share_population","education","Literate share of population",FALSE,0.16009273508366,0.20140992398404,0.04131718890038,338010
"geo_component_0121",NA,NA,"08",NA,TRUE,"kumar_somanathan_exact_amalgamation","1971_1981",1971,1981,"literate_share_population","education","Literate share of population",FALSE,0.252809165839283,0.325262985131275,0.072453819291992,847116
"geo_component_0122",NA,NA,"08",NA,TRUE,"kumar_somanathan_exact_amalgamation","1971_1981",1971,1981,"literate_share_population","education","Literate share of population",FALSE,0.175781644559953,0.221125404141157,0.045343759581204,491882
"geo_component_0123",NA,NA,"33",NA,TRUE,"kumar_somanathan_exact_amalgamation","1971_1981",1971,1981,"literate_share_population","education","Literate share of population",FALSE,0.61064467254617,0.683981551732241,0.0733368791860709,1812165
"geo_component_0124",NA,NA,"33",NA,TRUE,"kumar_somanathan_exact_amalgamation","1971_1981",1971,1981,"literate_share_population","education","Literate share of population",FALSE,0.39657024289371,0.503589353630881,0.107019110737171,3000210
"geo_component_0125",NA,NA,"33",NA,TRUE,"kumar_somanathan_exact_amalgamation","1971_1981",1971,1981,"literate_share_population","education","Literate share of population",FALSE,0.41512905525041,0.473631786612438,0.058502731362028,3211469
"geo_component_0127",NA,NA,"33",NA,TRUE,"kumar_somanathan_exact_amalgamation","1971_1981",1971,1981,"literate_share_population","education","Literate share of population",FALSE,0.397393964842405,0.453155913303114,0.055761948460709,2421546
"geo_component_0130",NA,NA,"05",NA,TRUE,"kumar_somanathan_exact_amalgamation","1971_1981",1971,1981,"literate_share_population","education","Literate share of population",FALSE,0.293407526133315,0.370504999963209,0.077097473829894,2006736
"geo_component_0131",NA,NA,"05",NA,TRUE,"kumar_somanathan_exact_amalgamation","1971_1981",1971,1981,"literate_share_population","education","Literate share of population",FALSE,0.280764315105769,0.377569572720443,0.096805257614674,547770
"geo_component_0132",NA,NA,"09",NA,TRUE,"kumar_somanathan_exact_amalgamation","1971_1981",1971,1981,"literate_share_population","education","Literate share of population",FALSE,0.20172193385385,0.267136295733272,0.065414361879422,1190987
"geo_component_0133",NA,NA,"09",NA,TRUE,"kumar_somanathan_exact_amalgamation","1971_1981",1971,1981,"literate_share_population","education","Literate share of population",FALSE,0.171261822393104,0.198226903739943,0.026965081346839,1973801
"geo_component_0134",NA,NA,"09",NA,TRUE,"kumar_somanathan_exact_amalgamation","1971_1981",1971,1981,"literate_share_population","education","Literate share of population",FALSE,0.234125968326395,0.29560088585972,0.061474917533325,1615478
"geo_component_0136",NA,NA,"09",NA,TRUE,"kumar_somanathan_exact_amalgamation","1971_1981",1971,1981,"literate_share_population","education","Literate share of population",FALSE,0.226378788307536,0.301008095451854,0.074629307144318,1444921
"geo_component_0139",NA,NA,"09",NA,TRUE,"kumar_somanathan_exact_amalgamation","1971_1981",1971,1981,"literate_share_population","education","Literate share of population",FALSE,0.248642617461501,0.310758983714162,0.062116366252661,2836554
"geo_component_0140",NA,NA,"09",NA,TRUE,"kumar_somanathan_exact_amalgamation","1971_1981",1971,1981,"literate_share_population","education","Literate share of population",FALSE,0.279699112636975,0.334482089015479,0.054782976378504,1862142
"geo_component_0142",NA,NA,"09",NA,TRUE,"kumar_somanathan_exact_amalgamation","1971_1981",1971,1981,"literate_share_population","education","Literate share of population",FALSE,0.265479898632535,0.353031102788155,0.08755120415562,2363096
"geo_component_0143",NA,NA,"09",NA,TRUE,"kumar_somanathan_exact_amalgamation","1971_1981",1971,1981,"literate_share_population","education","Literate share of population",FALSE,0.196286967130672,0.252764882521641,0.056477915390969,1226800
"geo_component_0145",NA,NA,"09",NA,TRUE,"kumar_somanathan_exact_amalgamation","1971_1981",1971,1981,"literate_share_population","education","Literate share of population",FALSE,0.208986633329526,0.259749138430484,0.050762505100958,1065751
"geo_component_0149",NA,NA,"09",NA,TRUE,"kumar_somanathan_exact_amalgamation","1971_1981",1971,1981,"literate_share_population","education","Literate share of population",FALSE,0.216694830184998,0.281760441169214,0.065065610984216,1344175
"geo_component_0150",NA,NA,"09",NA,TRUE,"kumar_somanathan_exact_amalgamation","1971_1981",1971,1981,"literate_share_population","education","Literate share of population",FALSE,0.27268437513037,0.318492323438546,0.045807948308176,2364928
"geo_component_0151",NA,NA,"09",NA,TRUE,"kumar_somanathan_exact_amalgamation","1971_1981",1971,1981,"literate_share_population","education","Literate share of population",FALSE,0.193913650615669,0.235790028095053,0.041876377479384,1246904
"geo_component_0152",NA,NA,"19",NA,TRUE,"kumar_somanathan_exact_amalgamation","1971_1981",1971,1981,"literate_share_population","education","Literate share of population",FALSE,0.19680812794909,0.248949304837363,0.052141176888273,2294979
"geo_component_0153",NA,NA,"19",NA,TRUE,"kumar_somanathan_exact_amalgamation","1971_1981",1971,1981,"literate_share_population","education","Literate share of population",FALSE,0.313119603274032,0.367136003573244,0.054016400299212,1708801
"geo_component_0154",NA,NA,"19",NA,TRUE,"kumar_somanathan_exact_amalgamation","1971_1981",1971,1981,"literate_share_population","education","Literate share of population",FALSE,0.603175041746778,0.691221740595932,0.088046698849154,2927289
"geo_component_0001",NA,NA,"28",NA,TRUE,"kumar_somanathan_exact_amalgamation","1971_1981",1971,1981,"primary_plus_share_population","education","Primary-school-or-higher share of population",FALSE,0.109085875706215,0.171370943046477,0.062285067340262,1555045
"geo_component_0002",NA,NA,"28",NA,TRUE,"kumar_somanathan_exact_amalgamation","1971_1981",1971,1981,"primary_plus_share_population","education","Primary-school-or-higher share of population",FALSE,0.120256457521628,0.185924367419061,0.065667909897433,1350505
"geo_component_0003",NA,NA,"28",NA,TRUE,"kumar_somanathan_exact_amalgamation","1971_1981",1971,1981,"primary_plus_share_population","education","Primary-school-or-higher share of population",FALSE,0.267053684177961,0.283747689770706,0.016694005592745,2327265
"geo_component_0004",NA,NA,"28",NA,TRUE,"kumar_somanathan_exact_amalgamation","1971_1981",1971,1981,"primary_plus_share_population","education","Primary-school-or-higher share of population",FALSE,0.211185445795432,0.22013409335882,0.00894864756338801,1671750
"geo_component_0005",NA,NA,"28",NA,TRUE,"kumar_somanathan_exact_amalgamation","1971_1981",1971,1981,"primary_plus_share_population","education","Primary-school-or-higher share of population",FALSE,0.175350945798081,0.244667793946932,0.069316848148851,1414094
"geo_component_0006",NA,NA,"28",NA,TRUE,"kumar_somanathan_exact_amalgamation","1971_1981",1971,1981,"primary_plus_share_population","education","Primary-school-or-higher share of population",FALSE,0.161126448744862,0.248057221015038,0.086930772270176,1900123
"geo_component_0007",NA,NA,"28",NA,TRUE,"kumar_somanathan_exact_amalgamation","1971_1981",1971,1981,"primary_plus_share_population","education","Primary-school-or-higher share of population",FALSE,0.185646489670659,0.227382313588241,0.041735823917582,3109479
"geo_component_0008",NA,NA,"28",NA,TRUE,"kumar_somanathan_exact_amalgamation","1971_1981",1971,1981,"primary_plus_share_population","education","Primary-school-or-higher share of population",FALSE,0.203475624214844,0.218958259858871,0.015482635644027,1570893
"geo_component_0010",NA,NA,"28",NA,TRUE,"kumar_somanathan_exact_amalgamation","1971_1981",1971,1981,"primary_plus_share_population","education","Primary-school-or-higher share of population",FALSE,0.0875019755522009,0.14219326792239,0.0546912923701891,1232378
"geo_component_0011",NA,NA,"28",NA,TRUE,"kumar_somanathan_exact_amalgamation","1971_1981",1971,1981,"primary_plus_share_population","education","Primary-school-or-higher share of population",FALSE,0.131804780136271,0.156100287971004,0.024295507834733,1018027
"geo_component_0012",NA,NA,"28",NA,TRUE,"kumar_somanathan_exact_amalgamation","1971_1981",1971,1981,"primary_plus_share_population","education","Primary-school-or-higher share of population",FALSE,0.120022222979352,0.147546700530994,0.027524477551642,1557779
"geo_component_0019",NA,NA,"18",NA,TRUE,"kumar_somanathan_exact_amalgamation","1971_1981",1971,1981,"primary_plus_share_population","education","Primary-school-or-higher share of population",FALSE,0.162044633439441,NA,NA,1543892
"geo_component_0022",NA,NA,"18",NA,TRUE,"kumar_somanathan_exact_amalgamation","1971_1981",1971,1981,"primary_plus_share_population","education","Primary-school-or-higher share of population",FALSE,0.211449300903271,NA,NA,2062572
"geo_component_0023",NA,NA,"18",NA,TRUE,"kumar_somanathan_exact_amalgamation","1971_1981",1971,1981,"primary_plus_share_population","education","Primary-school-or-higher share of population",FALSE,0.161751492349907,NA,NA,1289670
"geo_component_0027",NA,NA,"18",NA,TRUE,"kumar_somanathan_exact_amalgamation","1971_1981",1971,1981,"primary_plus_share_population","education","Primary-school-or-higher share of population",FALSE,0.266458545250897,NA,NA,1508390
"geo_component_0036",NA,NA,"10",NA,TRUE,"kumar_somanathan_exact_amalgamation","1971_1981",1971,1981,"primary_plus_share_population","education","Primary-school-or-higher share of population",FALSE,0.0955699520224928,0.131555828198428,0.0359858761759352,1888178
"geo_component_0040",NA,NA,"24",NA,TRUE,"kumar_somanathan_exact_amalgamation","1971_1981",1971,1981,"primary_plus_share_population","education","Primary-school-or-higher share of population",FALSE,0.132855247003385,0.193244922330144,0.060389675326759,663073
"geo_component_0041",NA,NA,"24",NA,TRUE,"kumar_somanathan_exact_amalgamation","1971_1981",1971,1981,"primary_plus_share_population","education","Primary-school-or-higher share of population",FALSE,0.127496616967023,0.200036132580479,0.072539515613456,3032901
"geo_component_0043",NA,NA,"24",NA,TRUE,"kumar_somanathan_exact_amalgamation","1971_1981",1971,1981,"primary_plus_share_population","education","Primary-school-or-higher share of population",FALSE,0.201902729939094,0.276968761277277,0.075066031338183,2419295
"geo_component_0044",NA,NA,"06",NA,TRUE,"kumar_somanathan_exact_amalgamation","1971_1981",1971,1981,"primary_plus_share_population","education","Primary-school-or-higher share of population",FALSE,0.252469717453945,0.317139222526593,0.064669505072648,885755
"geo_component_0048",NA,NA,"06",NA,TRUE,"kumar_somanathan_exact_amalgamation","1971_1981",1971,1981,"primary_plus_share_population","education","Primary-school-or-higher share of population",FALSE,0.180771126053663,0.247910152178445,0.067139026124782,582944
"geo_component_0050",NA,NA,"02",NA,TRUE,"kumar_somanathan_exact_amalgamation","1971_1981",1971,1981,"primary_plus_share_population","education","Primary-school-or-higher share of population",FALSE,0.0972412420382166,0.1513850366547,0.0541437946164834,215848
"geo_component_0064",NA,NA,"29",NA,TRUE,"kumar_somanathan_exact_amalgamation","1971_1981",1971,1981,"primary_plus_share_population","education","Primary-school-or-higher share of population",FALSE,0.276205752221519,0.263780515628565,-0.012425236592954,1983811
"geo_component_0065",NA,NA,"29",NA,TRUE,"kumar_somanathan_exact_amalgamation","1971_1981",1971,1981,"primary_plus_share_population","education","Primary-school-or-higher share of population",FALSE,0.261478946009121,0.272648170847504,0.011169224838383,3026913
"geo_component_0066",NA,NA,"29",NA,TRUE,"kumar_somanathan_exact_amalgamation","1971_1981",1971,1981,"primary_plus_share_population","education","Primary-school-or-higher share of population",FALSE,0.341326770878652,0.292638195313712,-0.04868857556494,1951573
"geo_component_0067",NA,NA,"29",NA,TRUE,"kumar_somanathan_exact_amalgamation","1971_1981",1971,1981,"primary_plus_share_population","education","Primary-school-or-higher share of population",FALSE,0.12629649511916,0.160720071845733,0.034423576726573,1099684
"geo_component_0068",NA,NA,"29",NA,TRUE,"kumar_somanathan_exact_amalgamation","1971_1981",1971,1981,"primary_plus_share_population","education","Primary-school-or-higher share of population",FALSE,0.374387148821406,0.331056664247589,-0.043330484573817,689549
"geo_component_0070",NA,NA,"32",NA,TRUE,"kumar_somanathan_exact_amalgamation","1971_1981",1971,1981,"primary_plus_share_population","education","Primary-school-or-higher share of population",FALSE,0.381216056898784,0.383987394093418,0.00277133719463396,311991
"geo_component_0071",NA,NA,"32",NA,TRUE,"kumar_somanathan_exact_amalgamation","1971_1981",1971,1981,"primary_plus_share_population","education","Primary-school-or-higher share of population",FALSE,0.386784286063254,0.503263534593912,0.116479248530658,1373763
"geo_component_0073",NA,NA,"32",NA,TRUE,"kumar_somanathan_exact_amalgamation","1971_1981",1971,1981,"primary_plus_share_population","education","Primary-school-or-higher share of population",FALSE,0.46158827696273,0.526254587345627,0.064666310382897,2318433
"geo_component_0074",NA,NA,"32",NA,TRUE,"kumar_somanathan_exact_amalgamation","1971_1981",1971,1981,"primary_plus_share_population","education","Primary-school-or-higher share of population",FALSE,0.484824601357862,0.631054256934847,0.146229655576985,1274360
"geo_component_0077",NA,NA,"23",NA,TRUE,"kumar_somanathan_exact_amalgamation","1971_1981",1971,1981,"primary_plus_share_population","education","Primary-school-or-higher share of population",FALSE,0.20857885584116,0.247583414801813,0.039004558960653,858343
"geo_component_0080",NA,NA,"23",NA,TRUE,"kumar_somanathan_exact_amalgamation","1971_1981",1971,1981,"primary_plus_share_population","education","Primary-school-or-higher share of population",FALSE,0.133661172147567,0.194307622275855,0.060646450128288,619576
"geo_component_0082",NA,NA,"27",NA,TRUE,"kumar_somanathan_exact_amalgamation","1971_1981",1971,1981,"primary_plus_share_population","education","Primary-school-or-higher share of population",FALSE,0.232956375092121,0.30298378590364,0.070027410811519,1827203
"geo_component_0084",NA,NA,"27",NA,TRUE,"kumar_somanathan_exact_amalgamation","1971_1981",1971,1981,"primary_plus_share_population","education","Primary-school-or-higher share of population",FALSE,0.249987660895429,0.340630686124818,0.090643025229389,1230716
"geo_component_0085",NA,NA,"27",NA,TRUE,"kumar_somanathan_exact_amalgamation","1971_1981",1971,1981,"primary_plus_share_population","education","Primary-school-or-higher share of population",FALSE,0.220166915131509,0.283428423872399,0.06326150874089,1860119
"geo_component_0086",NA,NA,"27",NA,TRUE,"kumar_somanathan_exact_amalgamation","1971_1981",1971,1981,"primary_plus_share_population","education","Primary-school-or-higher share of population",FALSE,0.235762425606028,0.324718612473218,0.08895618686719,1596493
"geo_component_0088",NA,NA,"27",NA,TRUE,"kumar_somanathan_exact_amalgamation","1971_1981",1971,1981,"primary_plus_share_population","education","Primary-school-or-higher share of population",FALSE,0.158888776064843,0.184781384711088,0.025892608646245,1206236
"geo_component_0089",NA,NA,"27",NA,TRUE,"kumar_somanathan_exact_amalgamation","1971_1981",1971,1981,"primary_plus_share_population","education","Primary-school-or-higher share of population",FALSE,0.156667996246076,0.208522035221362,0.051854038975286,1001466
"geo_component_0090",NA,NA,"27",NA,TRUE,"kumar_somanathan_exact_amalgamation","1971_1981",1971,1981,"primary_plus_share_population","education","Primary-school-or-higher share of population",FALSE,0.176352239457538,0.241462911656849,0.065110672199311,1477656
"geo_component_0092",NA,NA,"27",NA,TRUE,"kumar_somanathan_exact_amalgamation","1971_1981",1971,1981,"primary_plus_share_population","education","Primary-school-or-higher share of population",FALSE,0.37725203429475,0.403972711797037,0.026720677502287,1508420
"geo_component_0093",NA,NA,"27",NA,TRUE,"kumar_somanathan_exact_amalgamation","1971_1981",1971,1981,"primary_plus_share_population","education","Primary-school-or-higher share of population",FALSE,0.209042747764225,0.283338875051222,0.074296127286997,1272673
"geo_component_0109",NA,NA,"21",NA,TRUE,"kumar_somanathan_exact_amalgamation","1971_1981",1971,1981,"primary_plus_share_population","education","Primary-school-or-higher share of population",FALSE,0.267958537787139,0.277549256826823,0.009590719039684,3062919
"geo_component_0110",NA,NA,"21",NA,TRUE,"kumar_somanathan_exact_amalgamation","1971_1981",1971,1981,"primary_plus_share_population","education","Primary-school-or-higher share of population",FALSE,0.244546391800382,0.197565433630678,-0.046980958169704,1026466
"geo_component_0111",NA,NA,"21",NA,TRUE,"kumar_somanathan_exact_amalgamation","1971_1981",1971,1981,"primary_plus_share_population","education","Primary-school-or-higher share of population",FALSE,0.116169431439449,0.100630081422231,-0.015539350017218,946854
"geo_component_0112",NA,NA,"21",NA,TRUE,"kumar_somanathan_exact_amalgamation","1971_1981",1971,1981,"primary_plus_share_population","education","Primary-school-or-higher share of population",FALSE,0.0877378099243325,0.107930942167991,0.0201931322436585,1561071
"geo_component_0113",NA,NA,"21",NA,TRUE,"kumar_somanathan_exact_amalgamation","1971_1981",1971,1981,"primary_plus_share_population","education","Primary-school-or-higher share of population",FALSE,0.307756255289191,0.256830004330642,-0.050926250958549,1865207
"geo_component_0115",NA,NA,"08",NA,TRUE,"kumar_somanathan_exact_amalgamation","1971_1981",1971,1981,"primary_plus_share_population","education","Primary-school-or-higher share of population",FALSE,0.109910658188859,0.167120885424518,0.057210227235659,1099725
"geo_component_0116",NA,NA,"08",NA,TRUE,"kumar_somanathan_exact_amalgamation","1971_1981",1971,1981,"primary_plus_share_population","education","Primary-school-or-higher share of population",FALSE,0.124838497368323,0.190889476406876,0.066050979038553,2835631
"geo_component_0117",NA,NA,"08",NA,TRUE,"kumar_somanathan_exact_amalgamation","1971_1981",1971,1981,"primary_plus_share_population","education","Primary-school-or-higher share of population",FALSE,0.0737791868794622,0.0990488806246452,0.025269693745183,141135
"geo_component_0118",NA,NA,"08",NA,TRUE,"kumar_somanathan_exact_amalgamation","1971_1981",1971,1981,"primary_plus_share_population","education","Primary-school-or-higher share of population",FALSE,0.127521219093928,0.178721434520273,0.051200215426345,884866
"geo_component_0119",NA,NA,"08",NA,TRUE,"kumar_somanathan_exact_amalgamation","1971_1981",1971,1981,"primary_plus_share_population","education","Primary-school-or-higher share of population",FALSE,0.0922245633490435,0.137572185175898,0.0453476218268545,1426644
"geo_component_0120",NA,NA,"08",NA,TRUE,"kumar_somanathan_exact_amalgamation","1971_1981",1971,1981,"primary_plus_share_population","education","Primary-school-or-higher share of population",FALSE,0.087432436344848,0.125099236433144,0.037666800088296,338010
"geo_component_0121",NA,NA,"08",NA,TRUE,"kumar_somanathan_exact_amalgamation","1971_1981",1971,1981,"primary_plus_share_population","education","Primary-school-or-higher share of population",FALSE,0.141296182476269,0.201801659716986,0.060505477240717,847116
"geo_component_0122",NA,NA,"08",NA,TRUE,"kumar_somanathan_exact_amalgamation","1971_1981",1971,1981,"primary_plus_share_population","education","Primary-school-or-higher share of population",FALSE,0.0794703367071925,0.117591382398426,0.0381210456912335,491882
"geo_component_0123",NA,NA,"33",NA,TRUE,"kumar_somanathan_exact_amalgamation","1971_1981",1971,1981,"primary_plus_share_population","education","Primary-school-or-higher share of population",FALSE,0.461451230462177,0.554788742796697,0.09333751233452,1812165
"geo_component_0124",NA,NA,"33",NA,TRUE,"kumar_somanathan_exact_amalgamation","1971_1981",1971,1981,"primary_plus_share_population","education","Primary-school-or-higher share of population",FALSE,0.250641058324406,0.342970977311682,0.092329918987276,3000210
"geo_component_0125",NA,NA,"33",NA,TRUE,"kumar_somanathan_exact_amalgamation","1971_1981",1971,1981,"primary_plus_share_population","education","Primary-school-or-higher share of population",FALSE,0.259661210447319,0.332295905308255,0.072634694860936,3211469
"geo_component_0127",NA,NA,"33",NA,TRUE,"kumar_somanathan_exact_amalgamation","1971_1981",1971,1981,"primary_plus_share_population","education","Primary-school-or-higher share of population",FALSE,0.240736072598941,0.304433272161939,0.063697199562998,2421546
"geo_component_0130",NA,NA,"05",NA,TRUE,"kumar_somanathan_exact_amalgamation","1971_1981",1971,1981,"primary_plus_share_population","education","Primary-school-or-higher share of population",FALSE,0.159987925901963,0.236550071775394,0.076562145873431,2006736
"geo_component_0131",NA,NA,"05",NA,TRUE,"kumar_somanathan_exact_amalgamation","1971_1981",1971,1981,"primary_plus_share_population","education","Primary-school-or-higher share of population",FALSE,0.155786091672795,0.227198487403169,0.071412395730374,547770
"geo_component_0132",NA,NA,"09",NA,TRUE,"kumar_somanathan_exact_amalgamation","1971_1981",1971,1981,"primary_plus_share_population","education","Primary-school-or-higher share of population",FALSE,0.115909769592366,0.1668625316551,0.050952762062734,1190987
"geo_component_0133",NA,NA,"09",NA,TRUE,"kumar_somanathan_exact_amalgamation","1971_1981",1971,1981,"primary_plus_share_population","education","Primary-school-or-higher share of population",FALSE,0.107747684101622,0.133843969307228,0.026096285205606,1973801
"geo_component_0134",NA,NA,"09",NA,TRUE,"kumar_somanathan_exact_amalgamation","1971_1981",1971,1981,"primary_plus_share_population","education","Primary-school-or-higher share of population",FALSE,0.146264856431225,0.195882944133311,0.049618087702086,1615478
"geo_component_0136",NA,NA,"09",NA,TRUE,"kumar_somanathan_exact_amalgamation","1971_1981",1971,1981,"primary_plus_share_population","education","Primary-school-or-higher share of population",FALSE,0.188587401909461,0.191992304198705,0.003404902289244,1444921
"geo_component_0139",NA,NA,"09",NA,TRUE,"kumar_somanathan_exact_amalgamation","1971_1981",1971,1981,"primary_plus_share_population","education","Primary-school-or-higher share of population",FALSE,0.1889454154684,0.211572501820876,0.022627086352476,2836554
"geo_component_0140",NA,NA,"09",NA,TRUE,"kumar_somanathan_exact_amalgamation","1971_1981",1971,1981,"primary_plus_share_population","education","Primary-school-or-higher share of population",FALSE,0.172164280411221,0.229871480037099,0.057707199625878,1862142
"geo_component_0142",NA,NA,"09",NA,TRUE,"kumar_somanathan_exact_amalgamation","1971_1981",1971,1981,"primary_plus_share_population","education","Primary-school-or-higher share of population",FALSE,0.206418695191129,0.240894036155467,0.034475340964338,2363096
"geo_component_0143",NA,NA,"09",NA,TRUE,"kumar_somanathan_exact_amalgamation","1971_1981",1971,1981,"primary_plus_share_population","education","Primary-school-or-higher share of population",FALSE,0.180774902603286,0.165749748572225,-0.015025154031061,1226800
"geo_component_0145",NA,NA,"09",NA,TRUE,"kumar_somanathan_exact_amalgamation","1971_1981",1971,1981,"primary_plus_share_population","education","Primary-school-or-higher share of population",FALSE,0.10523573562062,0.164133524037138,0.058897788416518,1065751
"geo_component_0149",NA,NA,"09",NA,TRUE,"kumar_somanathan_exact_amalgamation","1971_1981",1971,1981,"primary_plus_share_population","education","Primary-school-or-higher share of population",FALSE,0.131334510222256,0.18465736186732,0.053322851645064,1344175
"geo_component_0150",NA,NA,"09",NA,TRUE,"kumar_somanathan_exact_amalgamation","1971_1981",1971,1981,"primary_plus_share_population","education","Primary-school-or-higher share of population",FALSE,0.152453725014102,0.20821419905831,0.055760474044208,2364928
"geo_component_0151",NA,NA,"09",NA,TRUE,"kumar_somanathan_exact_amalgamation","1971_1981",1971,1981,"primary_plus_share_population","education","Primary-school-or-higher share of population",FALSE,0.140947174982869,0.14375506645174,0.002807891468871,1246904
"geo_component_0152",NA,NA,"19",NA,TRUE,"kumar_somanathan_exact_amalgamation","1971_1981",1971,1981,"primary_plus_share_population","education","Primary-school-or-higher share of population",FALSE,0.138540020742044,0.171512124778773,0.032972104036729,2294979
"geo_component_0153",NA,NA,"19",NA,TRUE,"kumar_somanathan_exact_amalgamation","1971_1981",1971,1981,"primary_plus_share_population","education","Primary-school-or-higher share of population",FALSE,0.220114470622834,0.26826185214285,0.048147381520016,1708801
"geo_component_0154",NA,NA,"19",NA,TRUE,"kumar_somanathan_exact_amalgamation","1971_1981",1971,1981,"primary_plus_share_population","education","Primary-school-or-higher share of population",FALSE,0.497274470535254,0.579334500451739,0.082060029916485,2927289
"geo_component_0001",NA,NA,"28",NA,TRUE,"kumar_somanathan_exact_amalgamation","1971_1981",1971,1981,"matriculate_plus_share_population","education","Matriculate-or-higher share of population",FALSE,0.0153231638418079,0.0330619510940352,0.0177387872522273,1555045
"geo_component_0002",NA,NA,"28",NA,TRUE,"kumar_somanathan_exact_amalgamation","1971_1981",1971,1981,"matriculate_plus_share_population","education","Matriculate-or-higher share of population",FALSE,0.0218898611704413,0.0356042248181461,0.0137143636477048,1350505
"geo_component_0003",NA,NA,"28",NA,TRUE,"kumar_somanathan_exact_amalgamation","1971_1981",1971,1981,"matriculate_plus_share_population","education","Matriculate-or-higher share of population",FALSE,0.0355825020179378,0.0665022866466127,0.0309197846286749,2327265
"geo_component_0004",NA,NA,"28",NA,TRUE,"kumar_somanathan_exact_amalgamation","1971_1981",1971,1981,"matriculate_plus_share_population","education","Matriculate-or-higher share of population",FALSE,0.0234380818700049,0.0452924594270791,0.0218543775570742,1671750
"geo_component_0005",NA,NA,"28",NA,TRUE,"kumar_somanathan_exact_amalgamation","1971_1981",1971,1981,"matriculate_plus_share_population","education","Matriculate-or-higher share of population",FALSE,0.0303967688841678,0.0600279222722556,0.0296311533880878,1414094
"geo_component_0006",NA,NA,"28",NA,TRUE,"kumar_somanathan_exact_amalgamation","1971_1981",1971,1981,"matriculate_plus_share_population","education","Matriculate-or-higher share of population",FALSE,0.0284628750859986,0.05441680828958,0.0259539332035814,1900123
"geo_component_0007",NA,NA,"28",NA,TRUE,"kumar_somanathan_exact_amalgamation","1971_1981",1971,1981,"matriculate_plus_share_population","education","Matriculate-or-higher share of population",FALSE,0.0240454662150232,0.0478551389814956,0.0238096727664724,3109479
"geo_component_0008",NA,NA,"28",NA,TRUE,"kumar_somanathan_exact_amalgamation","1971_1981",1971,1981,"matriculate_plus_share_population","education","Matriculate-or-higher share of population",FALSE,0.0309531857786478,0.053561688847127,0.0226085030684792,1570893
"geo_component_0010",NA,NA,"28",NA,TRUE,"kumar_somanathan_exact_amalgamation","1971_1981",1971,1981,"matriculate_plus_share_population","education","Matriculate-or-higher share of population",FALSE,0.0189503141809224,0.0355390481861108,0.0165887340051884,1232378
"geo_component_0011",NA,NA,"28",NA,TRUE,"kumar_somanathan_exact_amalgamation","1971_1981",1971,1981,"matriculate_plus_share_population","education","Matriculate-or-higher share of population",FALSE,0.0245052799580893,0.0403445173881024,0.0158392374300131,1018027
"geo_component_0012",NA,NA,"28",NA,TRUE,"kumar_somanathan_exact_amalgamation","1971_1981",1971,1981,"matriculate_plus_share_population","education","Matriculate-or-higher share of population",FALSE,0.0246612424425934,0.0322474376942428,0.0075861952516494,1557779
"geo_component_0019",NA,NA,"18",NA,TRUE,"kumar_somanathan_exact_amalgamation","1971_1981",1971,1981,"matriculate_plus_share_population","education","Matriculate-or-higher share of population",FALSE,0.0121670772094595,NA,NA,1543892
"geo_component_0022",NA,NA,"18",NA,TRUE,"kumar_somanathan_exact_amalgamation","1971_1981",1971,1981,"matriculate_plus_share_population","education","Matriculate-or-higher share of population",FALSE,0.0311094278117416,NA,NA,2062572
"geo_component_0023",NA,NA,"18",NA,TRUE,"kumar_somanathan_exact_amalgamation","1971_1981",1971,1981,"matriculate_plus_share_population","education","Matriculate-or-higher share of population",FALSE,0.0179611885348822,NA,NA,1289670
"geo_component_0027",NA,NA,"18",NA,TRUE,"kumar_somanathan_exact_amalgamation","1971_1981",1971,1981,"matriculate_plus_share_population","education","Matriculate-or-higher share of population",FALSE,0.0310679992097482,NA,NA,1508390
"geo_component_0036",NA,NA,"10",NA,TRUE,"kumar_somanathan_exact_amalgamation","1971_1981",1971,1981,"matriculate_plus_share_population","education","Matriculate-or-higher share of population",FALSE,0.0177158519794338,0.0472059240240463,0.0294900720446125,1888178
"geo_component_0040",NA,NA,"24",NA,TRUE,"kumar_somanathan_exact_amalgamation","1971_1981",1971,1981,"matriculate_plus_share_population","education","Matriculate-or-higher share of population",FALSE,0.0324937844045921,0.0569888366201405,0.0244950522155484,663073
"geo_component_0041",NA,NA,"24",NA,TRUE,"kumar_somanathan_exact_amalgamation","1971_1981",1971,1981,"matriculate_plus_share_population","education","Matriculate-or-higher share of population",FALSE,0.0309819847740502,0.0596721264814259,0.0286901417073757,3032901
"geo_component_0043",NA,NA,"24",NA,TRUE,"kumar_somanathan_exact_amalgamation","1971_1981",1971,1981,"matriculate_plus_share_population","education","Matriculate-or-higher share of population",FALSE,0.0548658010283312,0.108861413661749,0.0539956126334178,2419295
"geo_component_0044",NA,NA,"06",NA,TRUE,"kumar_somanathan_exact_amalgamation","1971_1981",1971,1981,"matriculate_plus_share_population","education","Matriculate-or-higher share of population",FALSE,0.0621737883567537,0.111089116918997,0.0489153285622433,885755
"geo_component_0048",NA,NA,"06",NA,TRUE,"kumar_somanathan_exact_amalgamation","1971_1981",1971,1981,"matriculate_plus_share_population","education","Matriculate-or-higher share of population",FALSE,0.0322793011474593,0.064066082968522,0.0317867818210627,582944
"geo_component_0050",NA,NA,"02",NA,TRUE,"kumar_somanathan_exact_amalgamation","1971_1981",1971,1981,"matriculate_plus_share_population","education","Matriculate-or-higher share of population",FALSE,0.024140127388535,0.0424076079795081,0.0182674805909731,215848
"geo_component_0064",NA,NA,"29",NA,TRUE,"kumar_somanathan_exact_amalgamation","1971_1981",1971,1981,"matriculate_plus_share_population","education","Matriculate-or-higher share of population",FALSE,0.0376975268038931,0.0708717504797949,0.0331742236759018,1983811
"geo_component_0065",NA,NA,"29",NA,TRUE,"kumar_somanathan_exact_amalgamation","1971_1981",1971,1981,"matriculate_plus_share_population","education","Matriculate-or-higher share of population",FALSE,0.0444247960358245,0.0694977409156781,0.0250729448798536,3026913
"geo_component_0066",NA,NA,"29",NA,TRUE,"kumar_somanathan_exact_amalgamation","1971_1981",1971,1981,"matriculate_plus_share_population","education","Matriculate-or-higher share of population",FALSE,0.0437517851706911,0.0767265311305058,0.0329747459598147,1951573
"geo_component_0067",NA,NA,"29",NA,TRUE,"kumar_somanathan_exact_amalgamation","1971_1981",1971,1981,"matriculate_plus_share_population","education","Matriculate-or-higher share of population",FALSE,0.0207855962252956,0.0391188134242094,0.0183332171989138,1099684
"geo_component_0068",NA,NA,"29",NA,TRUE,"kumar_somanathan_exact_amalgamation","1971_1981",1971,1981,"matriculate_plus_share_population","education","Matriculate-or-higher share of population",FALSE,0.0453171280348131,0.0821736997147478,0.0368565716799347,689549
"geo_component_0070",NA,NA,"32",NA,TRUE,"kumar_somanathan_exact_amalgamation","1971_1981",1971,1981,"matriculate_plus_share_population","education","Matriculate-or-higher share of population",FALSE,0.0404345683307242,0.0511690787074975,0.0107345103767733,311991
"geo_component_0071",NA,NA,"32",NA,TRUE,"kumar_somanathan_exact_amalgamation","1971_1981",1971,1981,"matriculate_plus_share_population","education","Matriculate-or-higher share of population",FALSE,0.0413450111022976,0.071428539615591,0.0300835285132934,1373763
"geo_component_0073",NA,NA,"32",NA,TRUE,"kumar_somanathan_exact_amalgamation","1971_1981",1971,1981,"matriculate_plus_share_population","education","Matriculate-or-higher share of population",FALSE,0.079983613692808,0.124642921301537,0.044659307608729,2318433
"geo_component_0074",NA,NA,"32",NA,TRUE,"kumar_somanathan_exact_amalgamation","1971_1981",1971,1981,"matriculate_plus_share_population","education","Matriculate-or-higher share of population",FALSE,0.0755615362073816,0.157449856902327,0.0818883206949454,1274360
"geo_component_0077",NA,NA,"23",NA,TRUE,"kumar_somanathan_exact_amalgamation","1971_1981",1971,1981,"matriculate_plus_share_population","education","Matriculate-or-higher share of population",FALSE,0.0652221559511063,0.0849735027877716,0.0197513468366653,858343
"geo_component_0080",NA,NA,"23",NA,TRUE,"kumar_somanathan_exact_amalgamation","1971_1981",1971,1981,"matriculate_plus_share_population","education","Matriculate-or-higher share of population",FALSE,0.0392750404227239,0.0633086273169984,0.0240335868942745,619576
"geo_component_0082",NA,NA,"27",NA,TRUE,"kumar_somanathan_exact_amalgamation","1971_1981",1971,1981,"matriculate_plus_share_population","education","Matriculate-or-higher share of population",FALSE,0.018405160699152,0.0484139949064823,0.0300088342073303,1827203
"geo_component_0084",NA,NA,"27",NA,TRUE,"kumar_somanathan_exact_amalgamation","1971_1981",1971,1981,"matriculate_plus_share_population","education","Matriculate-or-higher share of population",FALSE,0.0328447480874388,0.0891813727738787,0.0563366246864399,1230716
"geo_component_0085",NA,NA,"27",NA,TRUE,"kumar_somanathan_exact_amalgamation","1971_1981",1971,1981,"matriculate_plus_share_population","education","Matriculate-or-higher share of population",FALSE,0.0291125368260391,0.0684149993257077,0.0393024624996686,1860119
"geo_component_0086",NA,NA,"27",NA,TRUE,"kumar_somanathan_exact_amalgamation","1971_1981",1971,1981,"matriculate_plus_share_population","education","Matriculate-or-higher share of population",FALSE,0.0337345444371692,0.086998918737756,0.0532643743005868,1596493
"geo_component_0088",NA,NA,"27",NA,TRUE,"kumar_somanathan_exact_amalgamation","1971_1981",1971,1981,"matriculate_plus_share_population","education","Matriculate-or-higher share of population",FALSE,0.0160621620670958,0.0365801928305686,0.0205180307634728,1206236
"geo_component_0089",NA,NA,"27",NA,TRUE,"kumar_somanathan_exact_amalgamation","1971_1981",1971,1981,"matriculate_plus_share_population","education","Matriculate-or-higher share of population",FALSE,0.0185752351450602,0.0454102541671433,0.0268350190220831,1001466
"geo_component_0090",NA,NA,"27",NA,TRUE,"kumar_somanathan_exact_amalgamation","1971_1981",1971,1981,"matriculate_plus_share_population","education","Matriculate-or-higher share of population",FALSE,0.0218312246564668,0.0533183599178704,0.0314871352614036,1477656
"geo_component_0092",NA,NA,"27",NA,TRUE,"kumar_somanathan_exact_amalgamation","1971_1981",1971,1981,"matriculate_plus_share_population","education","Matriculate-or-higher share of population",FALSE,0.0693662595331829,0.118140721744461,0.0487744622112781,1508420
"geo_component_0093",NA,NA,"27",NA,TRUE,"kumar_somanathan_exact_amalgamation","1971_1981",1971,1981,"matriculate_plus_share_population","education","Matriculate-or-higher share of population",FALSE,0.0243242220512368,0.0506215521852962,0.0262973301340594,1272673
"geo_component_0109",NA,NA,"21",NA,TRUE,"kumar_somanathan_exact_amalgamation","1971_1981",1971,1981,"matriculate_plus_share_population","education","Matriculate-or-higher share of population",FALSE,0.022323978140272,0.0546543380573799,0.0323303599171079,3062919
"geo_component_0110",NA,NA,"21",NA,TRUE,"kumar_somanathan_exact_amalgamation","1971_1981",1971,1981,"matriculate_plus_share_population","education","Matriculate-or-higher share of population",FALSE,0.022419573480154,0.0342484490964356,0.0118288756162816,1026466
"geo_component_0111",NA,NA,"21",NA,TRUE,"kumar_somanathan_exact_amalgamation","1971_1981",1971,1981,"matriculate_plus_share_population","education","Matriculate-or-higher share of population",FALSE,0.0100191688239828,0.0173858565463354,0.0073666877223526,946854
"geo_component_0112",NA,NA,"21",NA,TRUE,"kumar_somanathan_exact_amalgamation","1971_1981",1971,1981,"matriculate_plus_share_population","education","Matriculate-or-higher share of population",FALSE,0.00941622811546723,0.0237443161346294,0.0143280880191622,1561071
"geo_component_0113",NA,NA,"21",NA,TRUE,"kumar_somanathan_exact_amalgamation","1971_1981",1971,1981,"matriculate_plus_share_population","education","Matriculate-or-higher share of population",FALSE,0.0244598243636204,0.0537725368832045,0.0293127125195841,1865207
"geo_component_0115",NA,NA,"08",NA,TRUE,"kumar_somanathan_exact_amalgamation","1971_1981",1971,1981,"matriculate_plus_share_population","education","Matriculate-or-higher share of population",FALSE,0.0270561367466816,0.0455314077168069,0.0184752709701253,1099725
"geo_component_0116",NA,NA,"08",NA,TRUE,"kumar_somanathan_exact_amalgamation","1971_1981",1971,1981,"matriculate_plus_share_population","education","Matriculate-or-higher share of population",FALSE,0.040712175762908,0.0674275750921427,0.0267153993292347,2835631
"geo_component_0117",NA,NA,"08",NA,TRUE,"kumar_somanathan_exact_amalgamation","1971_1981",1971,1981,"matriculate_plus_share_population","education","Matriculate-or-higher share of population",FALSE,0.0168357191384879,0.0302490517603113,0.0134133326218234,141135
"geo_component_0118",NA,NA,"08",NA,TRUE,"kumar_somanathan_exact_amalgamation","1971_1981",1971,1981,"matriculate_plus_share_population","education","Matriculate-or-higher share of population",FALSE,0.0436129984587666,0.0654734316230271,0.0218604331642605,884866
"geo_component_0119",NA,NA,"08",NA,TRUE,"kumar_somanathan_exact_amalgamation","1971_1981",1971,1981,"matriculate_plus_share_population","education","Matriculate-or-higher share of population",FALSE,0.0265666759079567,0.0437445029803234,0.0171778270723667,1426644
"geo_component_0120",NA,NA,"08",NA,TRUE,"kumar_somanathan_exact_amalgamation","1971_1981",1971,1981,"matriculate_plus_share_population","education","Matriculate-or-higher share of population",FALSE,0.0221593199427198,0.0338545304626036,0.0116952105198838,338010
"geo_component_0121",NA,NA,"08",NA,TRUE,"kumar_somanathan_exact_amalgamation","1971_1981",1971,1981,"matriculate_plus_share_population","education","Matriculate-or-higher share of population",FALSE,0.0395121848717423,0.0642454339831669,0.0247332491114246,847116
"geo_component_0122",NA,NA,"08",NA,TRUE,"kumar_somanathan_exact_amalgamation","1971_1981",1971,1981,"matriculate_plus_share_population","education","Matriculate-or-higher share of population",FALSE,0.0156657586693965,0.0258968812659395,0.010231122596543,491882
"geo_component_0123",NA,NA,"33",NA,TRUE,"kumar_somanathan_exact_amalgamation","1971_1981",1971,1981,"matriculate_plus_share_population","education","Matriculate-or-higher share of population",FALSE,0.146829286069856,0.252279634330722,0.105450348260866,1812165
"geo_component_0124",NA,NA,"33",NA,TRUE,"kumar_somanathan_exact_amalgamation","1971_1981",1971,1981,"matriculate_plus_share_population","education","Matriculate-or-higher share of population",FALSE,0.035308841802045,0.0870515768866839,0.0517427350846389,3000210
"geo_component_0125",NA,NA,"33",NA,TRUE,"kumar_somanathan_exact_amalgamation","1971_1981",1971,1981,"matriculate_plus_share_population","education","Matriculate-or-higher share of population",FALSE,0.041633773018465,0.0902736548030081,0.0486398817845431,3211469
"geo_component_0127",NA,NA,"33",NA,TRUE,"kumar_somanathan_exact_amalgamation","1971_1981",1971,1981,"matriculate_plus_share_population","education","Matriculate-or-higher share of population",FALSE,0.0334290490163824,0.0728944962833955,0.0394654472670131,2421546
"geo_component_0130",NA,NA,"05",NA,TRUE,"kumar_somanathan_exact_amalgamation","1971_1981",1971,1981,"matriculate_plus_share_population","education","Matriculate-or-higher share of population",FALSE,0.0353465543889918,0.0690995331320146,0.0337529787430228,2006736
"geo_component_0131",NA,NA,"05",NA,TRUE,"kumar_somanathan_exact_amalgamation","1971_1981",1971,1981,"matriculate_plus_share_population","education","Matriculate-or-higher share of population",FALSE,0.0272341986917101,0.0629227606476597,0.0356885619559496,547770
"geo_component_0132",NA,NA,"09",NA,TRUE,"kumar_somanathan_exact_amalgamation","1971_1981",1971,1981,"matriculate_plus_share_population","education","Matriculate-or-higher share of population",FALSE,0.0305800957599224,0.0501799396780526,0.0195998439181302,1190987
"geo_component_0133",NA,NA,"09",NA,TRUE,"kumar_somanathan_exact_amalgamation","1971_1981",1971,1981,"matriculate_plus_share_population","education","Matriculate-or-higher share of population",FALSE,0.0301806814490581,0.045709571900225,0.0155288904511669,1973801
"geo_component_0134",NA,NA,"09",NA,TRUE,"kumar_somanathan_exact_amalgamation","1971_1981",1971,1981,"matriculate_plus_share_population","education","Matriculate-or-higher share of population",FALSE,0.0460767147127213,0.0731963848963985,0.0271196701836772,1615478
"geo_component_0136",NA,NA,"09",NA,TRUE,"kumar_somanathan_exact_amalgamation","1971_1981",1971,1981,"matriculate_plus_share_population","education","Matriculate-or-higher share of population",FALSE,0.0409878770829761,0.0625701531817944,0.0215822760988183,1444921
"geo_component_0139",NA,NA,"09",NA,TRUE,"kumar_somanathan_exact_amalgamation","1971_1981",1971,1981,"matriculate_plus_share_population","education","Matriculate-or-higher share of population",FALSE,0.0468908356397275,0.0738400318036685,0.026949196163941,2836554
"geo_component_0140",NA,NA,"09",NA,TRUE,"kumar_somanathan_exact_amalgamation","1971_1981",1971,1981,"matriculate_plus_share_population","education","Matriculate-or-higher share of population",FALSE,0.05207659234579,0.0857413154561151,0.0336647231103251,1862142
"geo_component_0142",NA,NA,"09",NA,TRUE,"kumar_somanathan_exact_amalgamation","1971_1981",1971,1981,"matriculate_plus_share_population","education","Matriculate-or-higher share of population",FALSE,0.0299190940524727,0.0667459820292183,0.0368268879767456,2363096
"geo_component_0143",NA,NA,"09",NA,TRUE,"kumar_somanathan_exact_amalgamation","1971_1981",1971,1981,"matriculate_plus_share_population","education","Matriculate-or-higher share of population",FALSE,0.0190259587589001,0.0407211491771879,0.0216951904182878,1226800
"geo_component_0145",NA,NA,"09",NA,TRUE,"kumar_somanathan_exact_amalgamation","1971_1981",1971,1981,"matriculate_plus_share_population","education","Matriculate-or-higher share of population",FALSE,0.0192935050467278,0.0429719521680262,0.0236784471212984,1065751
"geo_component_0149",NA,NA,"09",NA,TRUE,"kumar_somanathan_exact_amalgamation","1971_1981",1971,1981,"matriculate_plus_share_population","education","Matriculate-or-higher share of population",FALSE,0.0346489944522589,0.0607152550458112,0.0260662605935523,1344175
"geo_component_0150",NA,NA,"09",NA,TRUE,"kumar_somanathan_exact_amalgamation","1971_1981",1971,1981,"matriculate_plus_share_population","education","Matriculate-or-higher share of population",FALSE,0.0506780290268852,0.081087142252674,0.0304091132257888,2364928
"geo_component_0151",NA,NA,"09",NA,TRUE,"kumar_somanathan_exact_amalgamation","1971_1981",1971,1981,"matriculate_plus_share_population","education","Matriculate-or-higher share of population",FALSE,0.0277063996345439,0.048699727190117,0.0209933275555731,1246904
"geo_component_0152",NA,NA,"19",NA,TRUE,"kumar_somanathan_exact_amalgamation","1971_1981",1971,1981,"matriculate_plus_share_population","education","Matriculate-or-higher share of population",FALSE,0.0251297056475916,0.0359821849699477,0.0108524793223561,2294979
"geo_component_0153",NA,NA,"19",NA,TRUE,"kumar_somanathan_exact_amalgamation","1971_1981",1971,1981,"matriculate_plus_share_population","education","Matriculate-or-higher share of population",FALSE,0.0405661115512982,0.0627500419161252,0.022183930364827,1708801
"geo_component_0154",NA,NA,"19",NA,TRUE,"kumar_somanathan_exact_amalgamation","1971_1981",1971,1981,"matriculate_plus_share_population","education","Matriculate-or-higher share of population",FALSE,0.214796303036193,0.260626153174911,0.045829850138718,2927289
"geo_component_0001",NA,NA,"28",NA,TRUE,"kumar_somanathan_exact_amalgamation","1981_1991",1981,1991,"log_population","demography","Log population",FALSE,14.4881243642975,14.6575629707284,0.1694386064309,1555045
"geo_component_0002",NA,NA,"28",NA,TRUE,"kumar_somanathan_exact_amalgamation","1981_1991",1981,1991,"log_population","demography","Log population",FALSE,14.4056256211531,14.5626453250448,0.1570197038917,1350505
"geo_component_0003",NA,NA,"28",NA,TRUE,"kumar_somanathan_exact_amalgamation","1981_1991",1981,1991,"log_population","demography","Log population",FALSE,15.0494471310654,15.2282031494519,0.178756018386501,2327265
"geo_component_0004",NA,NA,"28",NA,TRUE,"kumar_somanathan_exact_amalgamation","1981_1991",1981,1991,"log_population","demography","Log population",FALSE,14.661194688418,14.8304390181166,0.1692443296986,1671750
"geo_component_0005",NA,NA,"28",NA,TRUE,"kumar_somanathan_exact_amalgamation","1981_1991",1981,1991,"log_population","demography","Log population",FALSE,14.5160697019321,14.6877490837979,0.1716793818658,1414094
"geo_component_0006",NA,NA,"28",NA,TRUE,"kumar_somanathan_exact_amalgamation","1981_1991",1981,1991,"log_population","demography","Log population",FALSE,14.822488436236,14.997580639336,0.1750922031,1900123
"geo_component_0007",NA,NA,"28",NA,TRUE,"kumar_somanathan_exact_amalgamation","1981_1991",1981,1991,"log_population","demography","Log population",FALSE,15.3154273112551,15.5114165831801,0.195989271925001,3109479
"geo_component_0008",NA,NA,"28",NA,TRUE,"kumar_somanathan_exact_amalgamation","1981_1991",1981,1991,"log_population","demography","Log population",FALSE,14.6940159300724,14.9050901746015,0.211074244529101,1570893
"geo_component_0010",NA,NA,"28",NA,TRUE,"kumar_somanathan_exact_amalgamation","1981_1991",1981,1991,"log_population","demography","Log population",FALSE,14.4072554896929,14.6352022798492,0.227946790156299,1232378
"geo_component_0011",NA,NA,"28",NA,TRUE,"kumar_somanathan_exact_amalgamation","1981_1991",1981,1991,"log_population","demography","Log population",FALSE,14.334115643099,14.5272935088369,0.1931778657379,1018027
"geo_component_0012",NA,NA,"28",NA,TRUE,"kumar_somanathan_exact_amalgamation","1981_1991",1981,1991,"log_population","demography","Log population",FALSE,14.6395478334912,14.8635633180606,0.224015484569399,1557779
"geo_component_0019",NA,NA,"18",NA,TRUE,"kumar_somanathan_exact_amalgamation","1981_1991",1981,1991,"log_population","demography","Log population",FALSE,NA,15.0988844795733,NA,1543892
"geo_component_0022",NA,NA,"18",NA,TRUE,"kumar_somanathan_exact_amalgamation","1981_1991",1981,1991,"log_population","demography","Log population",FALSE,NA,15.2975968010332,NA,2062572
"geo_component_0023",NA,NA,"18",NA,TRUE,"kumar_somanathan_exact_amalgamation","1981_1991",1981,1991,"log_population","demography","Log population",FALSE,NA,14.8172987547746,NA,1289670
"geo_component_0027",NA,NA,"18",NA,TRUE,"kumar_somanathan_exact_amalgamation","1981_1991",1981,1991,"log_population","demography","Log population",FALSE,NA,14.7738200079992,NA,1508390
"geo_component_0036",NA,NA,"10",NA,TRUE,"kumar_somanathan_exact_amalgamation","1981_1991",1981,1991,"log_population","demography","Log population",FALSE,14.8986040506147,15.1110483558133,0.2124443051986,1888178
"geo_component_0040",NA,NA,"24",NA,TRUE,"kumar_somanathan_exact_amalgamation","1981_1991",1981,1991,"log_population","demography","Log population",FALSE,13.8491242348747,14.00519825137,0.1560740164953,663073
"geo_component_0041",NA,NA,"24",NA,TRUE,"kumar_somanathan_exact_amalgamation","1981_1991",1981,1991,"log_population","demography","Log population",FALSE,15.436708252316,15.5971311352293,0.1604228829133,3032901
"geo_component_0043",NA,NA,"24",NA,TRUE,"kumar_somanathan_exact_amalgamation","1981_1991",1981,1991,"log_population","demography","Log population",FALSE,15.1647630106112,15.3493096347632,0.184546624152,2419295
"geo_component_0044",NA,NA,"06",NA,TRUE,"kumar_somanathan_exact_amalgamation","1981_1991",1981,1991,"log_population","demography","Log population",FALSE,14.1587193387483,14.4775581198345,0.3188387810862,885755
"geo_component_0048",NA,NA,"06",NA,TRUE,"kumar_somanathan_exact_amalgamation","1981_1991",1981,1991,"log_population","demography","Log population",FALSE,13.7740633680501,14.081843858454,0.3077804904039,582944
"geo_component_0050",NA,NA,"02",NA,TRUE,"kumar_somanathan_exact_amalgamation","1981_1991",1981,1991,"log_population","demography","Log population",FALSE,12.6480207482989,12.8822923615494,0.234271613250499,215848
"geo_component_0064",NA,NA,"29",NA,TRUE,"kumar_somanathan_exact_amalgamation","1981_1991",1981,1991,"log_population","demography","Log population",FALSE,14.907581498589,15.0918801139982,0.184298615409201,1983811
"geo_component_0065",NA,NA,"29",NA,TRUE,"kumar_somanathan_exact_amalgamation","1981_1991",1981,1991,"log_population","demography","Log population",FALSE,15.4095210777887,15.6039642357466,0.194443157957901,3026913
"geo_component_0066",NA,NA,"29",NA,TRUE,"kumar_somanathan_exact_amalgamation","1981_1991",1981,1991,"log_population","demography","Log population",FALSE,14.895784726422,15.0691731217025,0.173388395280499,1951573
"geo_component_0067",NA,NA,"29",NA,TRUE,"kumar_somanathan_exact_amalgamation","1981_1991",1981,1991,"log_population","demography","Log population",FALSE,14.3942688113594,14.6527091635525,0.2584403521931,1099684
"geo_component_0068",NA,NA,"29",NA,TRUE,"kumar_somanathan_exact_amalgamation","1981_1991",1981,1991,"log_population","demography","Log population",FALSE,13.8850683365278,14.0145745087578,0.12950617223,689549
"geo_component_0070",NA,NA,"32",NA,TRUE,"kumar_somanathan_exact_amalgamation","1981_1991",1981,1991,"log_population","demography","Log population",FALSE,13.2249668960361,13.4182040775575,0.193237181521399,311991
"geo_component_0071",NA,NA,"32",NA,TRUE,"kumar_somanathan_exact_amalgamation","1981_1991",1981,1991,"log_population","demography","Log population",FALSE,14.6243341122814,14.7786623563998,0.1543282441184,1373763
"geo_component_0073",NA,NA,"32",NA,TRUE,"kumar_somanathan_exact_amalgamation","1981_1991",1981,1991,"log_population","demography","Log population",FALSE,15.0702515688433,15.175281769583,0.1050302007397,2318433
"geo_component_0074",NA,NA,"32",NA,TRUE,"kumar_somanathan_exact_amalgamation","1981_1991",1981,1991,"log_population","demography","Log population",FALSE,14.3446329699373,14.4188812694613,0.074248299524001,1274360
"geo_component_0077",NA,NA,"23",NA,TRUE,"kumar_somanathan_exact_amalgamation","1981_1991",1981,1991,"log_population","demography","Log population",FALSE,14.1660068533055,14.4082444097766,0.2422375564711,858343
"geo_component_0080",NA,NA,"23",NA,TRUE,"kumar_somanathan_exact_amalgamation","1981_1991",1981,1991,"log_population","demography","Log population",FALSE,13.8194418204159,14.0523289805602,0.232887160144299,619576
"geo_component_0082",NA,NA,"27",NA,TRUE,"kumar_somanathan_exact_amalgamation","1981_1991",1981,1991,"log_population","demography","Log population",FALSE,14.5628196395228,14.6810169185591,0.1181972790363,1827203
"geo_component_0084",NA,NA,"27",NA,TRUE,"kumar_somanathan_exact_amalgamation","1981_1991",1981,1991,"log_population","demography","Log population",FALSE,14.420488600679,14.6082713724452,0.1877827717662,1230716
"geo_component_0085",NA,NA,"27",NA,TRUE,"kumar_somanathan_exact_amalgamation","1981_1991",1981,1991,"log_population","demography","Log population",FALSE,14.7749159501907,14.9883198862481,0.2134039360574,1860119
"geo_component_0086",NA,NA,"27",NA,TRUE,"kumar_somanathan_exact_amalgamation","1981_1991",1981,1991,"log_population","demography","Log population",FALSE,14.7343300897271,14.910619048829,0.1762889591019,1596493
"geo_component_0088",NA,NA,"27",NA,TRUE,"kumar_somanathan_exact_amalgamation","1981_1991",1981,1991,"log_population","demography","Log population",FALSE,14.4194865763313,14.5655270828098,0.146040506478499,1206236
"geo_component_0089",NA,NA,"27",NA,TRUE,"kumar_somanathan_exact_amalgamation","1981_1991",1981,1991,"log_population","demography","Log population",FALSE,14.2116186924814,14.4154848730355,0.203866180554099,1001466
"geo_component_0090",NA,NA,"27",NA,TRUE,"kumar_somanathan_exact_amalgamation","1981_1991",1981,1991,"log_population","demography","Log population",FALSE,14.6177901316998,14.8983213242298,0.280531192529999,1477656
"geo_component_0092",NA,NA,"27",NA,TRUE,"kumar_somanathan_exact_amalgamation","1981_1991",1981,1991,"log_population","demography","Log population",FALSE,14.7667092549102,15.0055281395527,0.2388188846425,1508420
"geo_component_0093",NA,NA,"27",NA,TRUE,"kumar_somanathan_exact_amalgamation","1981_1991",1981,1991,"log_population","demography","Log population",FALSE,14.4239584139531,14.5610741769493,0.137115762996199,1272673
"geo_component_0109",NA,NA,"21",NA,TRUE,"kumar_somanathan_exact_amalgamation","1981_1991",1981,1991,"log_population","demography","Log population",FALSE,15.347808213204,15.5243700051702,0.176561791966199,3062919
"geo_component_0110",NA,NA,"21",NA,TRUE,"kumar_somanathan_exact_amalgamation","1981_1991",1981,1991,"log_population","demography","Log population",FALSE,14.2746977751668,14.4620413849156,0.187343609748801,1026466
"geo_component_0111",NA,NA,"21",NA,TRUE,"kumar_somanathan_exact_amalgamation","1981_1991",1981,1991,"log_population","demography","Log population",FALSE,14.1075770049839,14.2857547832645,0.178177778280599,946854
"geo_component_0112",NA,NA,"21",NA,TRUE,"kumar_somanathan_exact_amalgamation","1981_1991",1981,1991,"log_population","demography","Log population",FALSE,14.7253827349159,14.918296126374,0.1929133914581,1561071
"geo_component_0113",NA,NA,"21",NA,TRUE,"kumar_somanathan_exact_amalgamation","1981_1991",1981,1991,"log_population","demography","Log population",FALSE,14.8874519869342,15.0936700027781,0.2062180158439,1865207
"geo_component_0115",NA,NA,"08",NA,TRUE,"kumar_somanathan_exact_amalgamation","1981_1991",1981,1991,"log_population","demography","Log population",FALSE,14.3871525969179,14.6469316177607,0.259779020842799,1099725
"geo_component_0116",NA,NA,"08",NA,TRUE,"kumar_somanathan_exact_amalgamation","1981_1991",1981,1991,"log_population","demography","Log population",FALSE,15.4161991060961,15.7154959835509,0.2992968774548,2835631
"geo_component_0117",NA,NA,"08",NA,TRUE,"kumar_somanathan_exact_amalgamation","1981_1991",1981,1991,"log_population","demography","Log population",FALSE,12.4011541139594,12.7498987150979,0.348744601138501,141135
"geo_component_0118",NA,NA,"08",NA,TRUE,"kumar_somanathan_exact_amalgamation","1981_1991",1981,1991,"log_population","demography","Log population",FALSE,14.32701055429,14.5825970893193,0.2555865350293,884866
"geo_component_0119",NA,NA,"08",NA,TRUE,"kumar_somanathan_exact_amalgamation","1981_1991",1981,1991,"log_population","demography","Log population",FALSE,14.6728827867733,14.8765251623216,0.2036423755483,1426644
"geo_component_0120",NA,NA,"08",NA,TRUE,"kumar_somanathan_exact_amalgamation","1981_1991",1981,1991,"log_population","demography","Log population",FALSE,13.2827494339448,13.554467819896,0.271718385951202,338010
"geo_component_0121",NA,NA,"08",NA,TRUE,"kumar_somanathan_exact_amalgamation","1981_1991",1981,1991,"log_population","demography","Log population",FALSE,14.2600579081006,14.5239556268591,0.2638977187585,847116
"geo_component_0122",NA,NA,"08",NA,TRUE,"kumar_somanathan_exact_amalgamation","1981_1991",1981,1991,"log_population","demography","Log population",FALSE,13.5734364489906,13.7715283669456,0.198091917954999,491882
"geo_component_0123",NA,NA,"33",NA,TRUE,"kumar_somanathan_exact_amalgamation","1981_1991",1981,1991,"log_population","demography","Log population",FALSE,15.0023235716228,15.1613464001653,0.159022828542501,1812165
"geo_component_0124",NA,NA,"33",NA,TRUE,"kumar_somanathan_exact_amalgamation","1981_1991",1981,1991,"log_population","demography","Log population",FALSE,15.2175663033112,15.3265540793003,0.1089877759891,3000210
"geo_component_0125",NA,NA,"33",NA,TRUE,"kumar_somanathan_exact_amalgamation","1981_1991",1981,1991,"log_population","demography","Log population",FALSE,15.3275334169009,15.4661408923019,0.138607475400999,3211469
"geo_component_0127",NA,NA,"33",NA,TRUE,"kumar_somanathan_exact_amalgamation","1981_1991",1981,1991,"log_population","demography","Log population",FALSE,15.0201142632304,15.1471552087556,0.127040945525199,2421546
"geo_component_0130",NA,NA,"05",NA,TRUE,"kumar_somanathan_exact_amalgamation","1981_1991",1981,1991,"log_population","demography","Log population",FALSE,14.955176174393,15.1568444248586,0.2016682504656,2006736
"geo_component_0131",NA,NA,"05",NA,TRUE,"kumar_somanathan_exact_amalgamation","1981_1991",1981,1991,"log_population","demography","Log population",FALSE,13.537611145544,13.637121658128,0.0995105125840006,547770
"geo_component_0132",NA,NA,"09",NA,TRUE,"kumar_somanathan_exact_amalgamation","1981_1991",1981,1991,"log_population","demography","Log population",FALSE,14.477817530633,14.7134421881576,0.2356246575246,1190987
"geo_component_0133",NA,NA,"09",NA,TRUE,"kumar_somanathan_exact_amalgamation","1981_1991",1981,1991,"log_population","demography","Log population",FALSE,14.9627244215914,15.2316149033691,0.268890481777701,1973801
"geo_component_0134",NA,NA,"09",NA,TRUE,"kumar_somanathan_exact_amalgamation","1981_1991",1981,1991,"log_population","demography","Log population",FALSE,14.7989218496433,15.0490956582466,0.2501738086033,1615478
"geo_component_0136",NA,NA,"09",NA,TRUE,"kumar_somanathan_exact_amalgamation","1981_1991",1981,1991,"log_population","demography","Log population",FALSE,14.637265090434,14.860209632021,0.222944541587001,1444921
"geo_component_0139",NA,NA,"09",NA,TRUE,"kumar_somanathan_exact_amalgamation","1981_1991",1981,1991,"log_population","demography","Log population",FALSE,15.2350878461177,15.4693801979859,0.2342923518682,2836554
"geo_component_0140",NA,NA,"09",NA,TRUE,"kumar_somanathan_exact_amalgamation","1981_1991",1981,1991,"log_population","demography","Log population",FALSE,14.8638613005112,14.8274826734654,-0.0363786270457993,1862142
"geo_component_0142",NA,NA,"09",NA,TRUE,"kumar_somanathan_exact_amalgamation","1981_1991",1981,1991,"log_population","demography","Log population",FALSE,15.0593345497297,15.4198263748353,0.3604918251056,2363096
"geo_component_0143",NA,NA,"09",NA,TRUE,"kumar_somanathan_exact_amalgamation","1981_1991",1981,1991,"log_population","demography","Log population",FALSE,14.4157696730313,14.604148356594,0.1883786835627,1226800
"geo_component_0145",NA,NA,"09",NA,TRUE,"kumar_somanathan_exact_amalgamation","1981_1991",1981,1991,"log_population","demography","Log population",FALSE,14.268127027821,14.4569648906416,0.1888378628206,1065751
"geo_component_0149",NA,NA,"09",NA,TRUE,"kumar_somanathan_exact_amalgamation","1981_1991",1981,1991,"log_population","demography","Log population",FALSE,14.4809658325469,14.631880618031,0.150914785484099,1344175
"geo_component_0150",NA,NA,"09",NA,TRUE,"kumar_somanathan_exact_amalgamation","1981_1991",1981,1991,"log_population","demography","Log population",FALSE,15.1241152325504,15.3966687417933,0.272553509242901,2364928
"geo_component_0151",NA,NA,"09",NA,TRUE,"kumar_somanathan_exact_amalgamation","1981_1991",1981,1991,"log_population","demography","Log population",FALSE,14.5280431219235,14.8206103833004,0.292567261376901,1246904
"geo_component_0152",NA,NA,"19",NA,TRUE,"kumar_somanathan_exact_amalgamation","1981_1991",1981,1991,"log_population","demography","Log population",FALSE,15.1231815370247,15.3715791277764,0.248397590751701,2294979
"geo_component_0153",NA,NA,"19",NA,TRUE,"kumar_somanathan_exact_amalgamation","1981_1991",1981,1991,"log_population","demography","Log population",FALSE,14.9021356193802,15.1641282333069,0.261992613926701,1708801
"geo_component_0154",NA,NA,"19",NA,TRUE,"kumar_somanathan_exact_amalgamation","1981_1991",1981,1991,"log_population","demography","Log population",FALSE,15.0109488466974,15.2970739616787,0.286125114981301,2927289
"geo_component_0001",NA,NA,"28",NA,TRUE,"kumar_somanathan_exact_amalgamation","1981_1991",1981,1991,"urban_share","demography","Urban share",FALSE,0.108915600667976,0.125041897768583,0.016126297100607,1555045
"geo_component_0002",NA,NA,"28",NA,TRUE,"kumar_somanathan_exact_amalgamation","1981_1991",1981,1991,"urban_share","demography","Urban share",FALSE,0.159350203636412,0.172197922918809,0.012847719282397,1350505
"geo_component_0003",NA,NA,"28",NA,TRUE,"kumar_somanathan_exact_amalgamation","1981_1991",1981,1991,"urban_share","demography","Urban share",FALSE,0.275335660157847,0.288945772813677,0.01361011265583,2327265
"geo_component_0004",NA,NA,"28",NA,TRUE,"kumar_somanathan_exact_amalgamation","1981_1991",1981,1991,"urban_share","demography","Urban share",FALSE,0.14993189733217,0.164506956087455,0.014575058755285,1671750
"geo_component_0005",NA,NA,"28",NA,TRUE,"kumar_somanathan_exact_amalgamation","1981_1991",1981,1991,"urban_share","demography","Urban share",FALSE,0.207649690130276,0.237876317791544,0.030226627661268,1414094
"geo_component_0006",NA,NA,"28",NA,TRUE,"kumar_somanathan_exact_amalgamation","1981_1991",1981,1991,"urban_share","demography","Urban share",FALSE,0.168830343299787,0.198040058654731,0.029209715354944,1900123
"geo_component_0007",NA,NA,"28",NA,TRUE,"kumar_somanathan_exact_amalgamation","1981_1991",1981,1991,"urban_share","demography","Urban share",FALSE,0.202043328343728,0.237183585024753,0.035140256681025,3109479
"geo_component_0008",NA,NA,"28",NA,TRUE,"kumar_somanathan_exact_amalgamation","1981_1991",1981,1991,"urban_share","demography","Urban share",FALSE,0.244921382844424,0.258356474754324,0.0134350919099,1570893
"geo_component_0010",NA,NA,"28",NA,TRUE,"kumar_somanathan_exact_amalgamation","1981_1991",1981,1991,"urban_share","demography","Urban share",FALSE,0.119749504603686,0.144720680236144,0.024971175632458,1232378
"geo_component_0011",NA,NA,"28",NA,TRUE,"kumar_somanathan_exact_amalgamation","1981_1991",1981,1991,"urban_share","demography","Urban share",FALSE,0.192091602998899,0.202659866579702,0.010568263580803,1018027
"geo_component_0012",NA,NA,"28",NA,TRUE,"kumar_somanathan_exact_amalgamation","1981_1991",1981,1991,"urban_share","demography","Urban share",FALSE,0.113838973366934,0.118668331877092,0.004829358510158,1557779
"geo_component_0019",NA,NA,"18",NA,TRUE,"kumar_somanathan_exact_amalgamation","1981_1991",1981,1991,"urban_share","demography","Urban share",FALSE,NA,0.0938415731566908,NA,1543892
"geo_component_0022",NA,NA,"18",NA,TRUE,"kumar_somanathan_exact_amalgamation","1981_1991",1981,1991,"urban_share","demography","Urban share",FALSE,NA,0.176280519386114,NA,2062572
"geo_component_0023",NA,NA,"18",NA,TRUE,"kumar_somanathan_exact_amalgamation","1981_1991",1981,1991,"urban_share","demography","Urban share",FALSE,NA,0.0616536676132431,NA,1289670
"geo_component_0027",NA,NA,"18",NA,TRUE,"kumar_somanathan_exact_amalgamation","1981_1991",1981,1991,"urban_share","demography","Urban share",FALSE,NA,0.0949489603169581,NA,1508390
"geo_component_0036",NA,NA,"10",NA,TRUE,"kumar_somanathan_exact_amalgamation","1981_1991",1981,1991,"urban_share","demography","Urban share",FALSE,0.0572035440413595,0.0680319521702948,0.0108284081289353,1888178
"geo_component_0040",NA,NA,"24",NA,TRUE,"kumar_somanathan_exact_amalgamation","1981_1991",1981,1991,"urban_share","demography","Urban share",FALSE,0.287170090457703,0.300050791150759,0.012880700693056,663073
"geo_component_0041",NA,NA,"24",NA,TRUE,"kumar_somanathan_exact_amalgamation","1981_1991",1981,1991,"urban_share","demography","Urban share",FALSE,0.293669524461243,0.312127302855438,0.018457778394195,3032901
"geo_component_0043",NA,NA,"24",NA,TRUE,"kumar_somanathan_exact_amalgamation","1981_1991",1981,1991,"urban_share","demography","Urban share",FALSE,0.309254819572645,0.357415782326719,0.048160962754074,2419295
"geo_component_0044",NA,NA,"06",NA,TRUE,"kumar_somanathan_exact_amalgamation","1981_1991",1981,1991,"urban_share","demography","Urban share",FALSE,0.329045175361113,0.347604497312197,0.018559321951084,885755
"geo_component_0048",NA,NA,"06",NA,TRUE,"kumar_somanathan_exact_amalgamation","1981_1991",1981,1991,"urban_share","demography","Urban share",FALSE,0.130680633729414,0.137793544136013,0.007112910406599,582944
"geo_component_0050",NA,NA,"02",NA,TRUE,"kumar_somanathan_exact_amalgamation","1981_1991",1981,1991,"urban_share","demography","Urban share",FALSE,0.0684371052910682,0.0759981285883555,0.00756102329728731,215848
"geo_component_0064",NA,NA,"29",NA,TRUE,"kumar_somanathan_exact_amalgamation","1981_1991",1981,1991,"urban_share","demography","Urban share",FALSE,0.225274791641503,0.234899149069401,0.009624357427898,1983811
"geo_component_0065",NA,NA,"29",NA,TRUE,"kumar_somanathan_exact_amalgamation","1981_1991",1981,1991,"urban_share","demography","Urban share",FALSE,0.271371018928781,0.277469073766454,0.00609805483767301,3026913
"geo_component_0066",NA,NA,"29",NA,TRUE,"kumar_somanathan_exact_amalgamation","1981_1991",1981,1991,"urban_share","demography","Urban share",FALSE,0.35249111607011,0.349368711017227,-0.00312240505288303,1951573
"geo_component_0067",NA,NA,"29",NA,TRUE,"kumar_somanathan_exact_amalgamation","1981_1991",1981,1991,"urban_share","demography","Urban share",FALSE,0.192691871722627,0.207855189452991,0.015163317730364,1099684
"geo_component_0068",NA,NA,"29",NA,TRUE,"kumar_somanathan_exact_amalgamation","1981_1991",1981,1991,"urban_share","demography","Urban share",FALSE,0.253530205198716,0.241355121039778,-0.012175084158938,689549
"geo_component_0070",NA,NA,"32",NA,TRUE,"kumar_somanathan_exact_amalgamation","1981_1991",1981,1991,"urban_share","demography","Urban share",FALSE,0,0.0341437940392306,0.0341437940392306,311991
"geo_component_0071",NA,NA,"32",NA,TRUE,"kumar_somanathan_exact_amalgamation","1981_1991",1981,1991,"urban_share","demography","Urban share",FALSE,0.271786181141202,0.383404435443394,0.111618254302192,1373763
"geo_component_0073",NA,NA,"32",NA,TRUE,"kumar_somanathan_exact_amalgamation","1981_1991",1981,1991,"urban_share","demography","Urban share",FALSE,0.298700287716037,0.36558346438864,0.066883176672603,2318433
"geo_component_0074",NA,NA,"32",NA,TRUE,"kumar_somanathan_exact_amalgamation","1981_1991",1981,1991,"urban_share","demography","Urban share",FALSE,0.0937333941306978,0.175530870423477,0.0817974762927792,1274360
"geo_component_0077",NA,NA,"23",NA,TRUE,"kumar_somanathan_exact_amalgamation","1981_1991",1981,1991,"urban_share","demography","Urban share",FALSE,0.472189900913668,0.508263738669388,0.03607383775572,858343
"geo_component_0080",NA,NA,"23",NA,TRUE,"kumar_somanathan_exact_amalgamation","1981_1991",1981,1991,"urban_share","demography","Urban share",FALSE,0.251094937042988,0.273447752584218,0.02235281554123,619576
"geo_component_0082",NA,NA,"27",NA,TRUE,"kumar_somanathan_exact_amalgamation","1981_1991",1981,1991,"urban_share","demography","Urban share",FALSE,0.0809530192378101,0.0846752116501537,0.00372219241234359,1827203
"geo_component_0084",NA,NA,"27",NA,TRUE,"kumar_somanathan_exact_amalgamation","1981_1991",1981,1991,"urban_share","demography","Urban share",FALSE,0.215206650021953,0.227404267413989,0.012197617392036,1230716
"geo_component_0085",NA,NA,"27",NA,TRUE,"kumar_somanathan_exact_amalgamation","1981_1991",1981,1991,"urban_share","demography","Urban share",FALSE,0.29403205340395,0.287671495736534,-0.006360557667416,1860119
"geo_component_0086",NA,NA,"27",NA,TRUE,"kumar_somanathan_exact_amalgamation","1981_1991",1981,1991,"urban_share","demography","Urban share",FALSE,0.248180407208947,0.263254777459963,0.015074370251016,1596493
"geo_component_0088",NA,NA,"27",NA,TRUE,"kumar_somanathan_exact_amalgamation","1981_1991",1981,1991,"urban_share","demography","Urban share",FALSE,0.187398121110017,0.225125706471551,0.037727585361534,1206236
"geo_component_0089",NA,NA,"27",NA,TRUE,"kumar_somanathan_exact_amalgamation","1981_1991",1981,1991,"urban_share","demography","Urban share",FALSE,0.154620700793389,0.179448452091904,0.024827751298515,1001466
"geo_component_0090",NA,NA,"27",NA,TRUE,"kumar_somanathan_exact_amalgamation","1981_1991",1981,1991,"urban_share","demography","Urban share",FALSE,0.153875155786284,0.181426957555923,0.027551801769639,1477656
"geo_component_0092",NA,NA,"27",NA,TRUE,"kumar_somanathan_exact_amalgamation","1981_1991",1981,1991,"urban_share","demography","Urban share",FALSE,0.567549736153006,0.617836361650663,0.0502866254976571,1508420
"geo_component_0093",NA,NA,"27",NA,TRUE,"kumar_somanathan_exact_amalgamation","1981_1991",1981,1991,"urban_share","demography","Urban share",FALSE,0.131017094793851,0.130902544992501,-0.000114549801350006,1272673
"geo_component_0109",NA,NA,"21",NA,TRUE,"kumar_somanathan_exact_amalgamation","1981_1991",1981,1991,"urban_share","demography","Urban share",FALSE,0.102832915658486,0.122879033451097,0.020046117792611,3062919
"geo_component_0110",NA,NA,"21",NA,TRUE,"kumar_somanathan_exact_amalgamation","1981_1991",1981,1991,"urban_share","demography","Urban share",FALSE,0.0781621279426733,0.0986087850272434,0.0204466570845701,1026466
"geo_component_0111",NA,NA,"21",NA,TRUE,"kumar_somanathan_exact_amalgamation","1981_1991",1981,1991,"urban_share","demography","Urban share",FALSE,0.060141488300408,0.0649393739631401,0.00479788566273211,946854
"geo_component_0112",NA,NA,"21",NA,TRUE,"kumar_somanathan_exact_amalgamation","1981_1991",1981,1991,"urban_share","demography","Urban share",FALSE,0.113108467978124,0.112056712163067,-0.00105175581505701,1561071
"geo_component_0113",NA,NA,"21",NA,TRUE,"kumar_somanathan_exact_amalgamation","1981_1991",1981,1991,"urban_share","demography","Urban share",FALSE,0.147919323392827,0.196657071564384,0.048737748171557,1865207
"geo_component_0115",NA,NA,"08",NA,TRUE,"kumar_somanathan_exact_amalgamation","1981_1991",1981,1991,"urban_share","demography","Urban share",FALSE,0.110774610949918,0.139462592202318,0.0286879812524,1099725
"geo_component_0116",NA,NA,"08",NA,TRUE,"kumar_somanathan_exact_amalgamation","1981_1991",1981,1991,"urban_share","demography","Urban share",FALSE,0.29388448653914,0.322760771827203,0.028876285288063,2835631
"geo_component_0117",NA,NA,"08",NA,TRUE,"kumar_somanathan_exact_amalgamation","1981_1991",1981,1991,"urban_share","demography","Urban share",FALSE,0.135456348063616,0.155580131024013,0.020123782960397,141135
"geo_component_0118",NA,NA,"08",NA,TRUE,"kumar_somanathan_exact_amalgamation","1981_1991",1981,1991,"urban_share","demography","Urban share",FALSE,0.347672460158377,0.355029503367336,0.00735704320895902,884866
"geo_component_0119",NA,NA,"08",NA,TRUE,"kumar_somanathan_exact_amalgamation","1981_1991",1981,1991,"urban_share","demography","Urban share",FALSE,0.150668297581757,0.170982185656669,0.020313888074912,1426644
"geo_component_0120",NA,NA,"08",NA,TRUE,"kumar_somanathan_exact_amalgamation","1981_1991",1981,1991,"urban_share","demography","Urban share",FALSE,0.170071654667434,0.17363758166201,0.00356592699457597,338010
"geo_component_0121",NA,NA,"08",NA,TRUE,"kumar_somanathan_exact_amalgamation","1981_1991",1981,1991,"urban_share","demography","Urban share",FALSE,0.31933524128982,0.364301608553346,0.044966367263526,847116
"geo_component_0122",NA,NA,"08",NA,TRUE,"kumar_somanathan_exact_amalgamation","1981_1991",1981,1991,"urban_share","demography","Urban share",FALSE,0.116581188741882,0.157750861833849,0.041169673091967,491882
"geo_component_0123",NA,NA,"33",NA,TRUE,"kumar_somanathan_exact_amalgamation","1981_1991",1981,1991,"urban_share","demography","Urban share",FALSE,1,1,0,1812165
"geo_component_0124",NA,NA,"33",NA,TRUE,"kumar_somanathan_exact_amalgamation","1981_1991",1981,1991,"urban_share","demography","Urban share",FALSE,0.230576257922577,0.229358239524285,-0.001218018398292,3000210
"geo_component_0125",NA,NA,"33",NA,TRUE,"kumar_somanathan_exact_amalgamation","1981_1991",1981,1991,"urban_share","demography","Urban share",FALSE,0.362356552628951,0.368339179807238,0.00598262717828701,3211469
"geo_component_0127",NA,NA,"33",NA,TRUE,"kumar_somanathan_exact_amalgamation","1981_1991",1981,1991,"urban_share","demography","Urban share",FALSE,0.282108161539253,0.297228317940087,0.015120156400834,2421546
"geo_component_0130",NA,NA,"05",NA,TRUE,"kumar_somanathan_exact_amalgamation","1981_1991",1981,1991,"urban_share","demography","Urban share",FALSE,0.144558874858713,0.182967625932203,0.03840875107349,2006736
"geo_component_0131",NA,NA,"05",NA,TRUE,"kumar_somanathan_exact_amalgamation","1981_1991",1981,1991,"urban_share","demography","Urban share",FALSE,0.0628435394448971,0.0639563862555984,0.0011128468107013,547770
"geo_component_0132",NA,NA,"09",NA,TRUE,"kumar_somanathan_exact_amalgamation","1981_1991",1981,1991,"urban_share","demography","Urban share",FALSE,0.247934651395557,0.250701460692331,0.002766809296774,1190987
"geo_component_0133",NA,NA,"09",NA,TRUE,"kumar_somanathan_exact_amalgamation","1981_1991",1981,1991,"urban_share","demography","Urban share",FALSE,0.269468591855099,0.276500684900759,0.00703209304565999,1973801
"geo_component_0134",NA,NA,"09",NA,TRUE,"kumar_somanathan_exact_amalgamation","1981_1991",1981,1991,"urban_share","demography","Urban share",FALSE,0.270844390683437,0.273129272404942,0.00228488172150498,1615478
"geo_component_0136",NA,NA,"09",NA,TRUE,"kumar_somanathan_exact_amalgamation","1981_1991",1981,1991,"urban_share","demography","Urban share",FALSE,0.217185237814065,0.24598748374255,0.028802245928485,1444921
"geo_component_0139",NA,NA,"09",NA,TRUE,"kumar_somanathan_exact_amalgamation","1981_1991",1981,1991,"urban_share","demography","Urban share",FALSE,0.222677911443033,0.245591685593423,0.02291377415039,2836554
"geo_component_0140",NA,NA,"09",NA,TRUE,"kumar_somanathan_exact_amalgamation","1981_1991",1981,1991,"urban_share","demography","Urban share",FALSE,0.380979353944104,0.403881322607134,0.02290196866303,1862142
"geo_component_0142",NA,NA,"09",NA,TRUE,"kumar_somanathan_exact_amalgamation","1981_1991",1981,1991,"urban_share","demography","Urban share",FALSE,0.129411364505789,0.183970103257543,0.054558738751754,2363096
"geo_component_0143",NA,NA,"09",NA,TRUE,"kumar_somanathan_exact_amalgamation","1981_1991",1981,1991,"urban_share","demography","Urban share",FALSE,0.118690369918429,0.136020000027268,0.017329630108839,1226800
"geo_component_0145",NA,NA,"09",NA,TRUE,"kumar_somanathan_exact_amalgamation","1981_1991",1981,1991,"urban_share","demography","Urban share",FALSE,0.0898563425443949,0.0989937559267097,0.0091374133823148,1065751
"geo_component_0149",NA,NA,"09",NA,TRUE,"kumar_somanathan_exact_amalgamation","1981_1991",1981,1991,"urban_share","demography","Urban share",FALSE,0.0909325498001414,0.0990539161277175,0.0081213663275761,1344175
"geo_component_0150",NA,NA,"09",NA,TRUE,"kumar_somanathan_exact_amalgamation","1981_1991",1981,1991,"urban_share","demography","Urban share",FALSE,0.268797997085117,0.272034912691525,0.00323691560640804,2364928
"geo_component_0151",NA,NA,"09",NA,TRUE,"kumar_somanathan_exact_amalgamation","1981_1991",1981,1991,"urban_share","demography","Urban share",FALSE,0.131263090632416,0.13641963560234,0.00515654496992399,1246904
"geo_component_0152",NA,NA,"19",NA,TRUE,"kumar_somanathan_exact_amalgamation","1981_1991",1981,1991,"urban_share","demography","Urban share",FALSE,0.0935802931236667,0.104289337740227,0.0107090446165603,2294979
"geo_component_0153",NA,NA,"19",NA,TRUE,"kumar_somanathan_exact_amalgamation","1981_1991",1981,1991,"urban_share","demography","Urban share",FALSE,0.215861803968824,0.226322961233842,0.010461157265018,1708801
"geo_component_0154",NA,NA,"19",NA,TRUE,"kumar_somanathan_exact_amalgamation","1981_1991",1981,1991,"urban_share","demography","Urban share",FALSE,1,1,0,2927289
"geo_component_0001",NA,NA,"28",NA,TRUE,"kumar_somanathan_exact_amalgamation","1981_1991",1981,1991,"main_worker_share","labor","Main-worker share of population",FALSE,0.43495757781144,0.439908475455447,0.00495089764400697,1555045
"geo_component_0002",NA,NA,"28",NA,TRUE,"kumar_somanathan_exact_amalgamation","1981_1991",1981,1991,"main_worker_share","labor","Main-worker share of population",FALSE,0.435253708577117,0.454898592714251,0.019644884137134,1350505
"geo_component_0003",NA,NA,"28",NA,TRUE,"kumar_somanathan_exact_amalgamation","1981_1991",1981,1991,"main_worker_share","labor","Main-worker share of population",FALSE,0.436927392128159,0.457499989651811,0.020572597523652,2327265
"geo_component_0004",NA,NA,"28",NA,TRUE,"kumar_somanathan_exact_amalgamation","1981_1991",1981,1991,"main_worker_share","labor","Main-worker share of population",FALSE,0.445439525131451,0.461940310949033,0.016500785817582,1671750
"geo_component_0005",NA,NA,"28",NA,TRUE,"kumar_somanathan_exact_amalgamation","1981_1991",1981,1991,"main_worker_share","labor","Main-worker share of population",FALSE,0.427285211667797,0.428464715373747,0.00117950370594999,1414094
"geo_component_0006",NA,NA,"28",NA,TRUE,"kumar_somanathan_exact_amalgamation","1981_1991",1981,1991,"main_worker_share","labor","Main-worker share of population",FALSE,0.421061726158032,0.42980137486592,0.00873964870788801,1900123
"geo_component_0007",NA,NA,"28",NA,TRUE,"kumar_somanathan_exact_amalgamation","1981_1991",1981,1991,"main_worker_share","labor","Main-worker share of population",FALSE,0.419961234601621,0.421441258438145,0.00148002383652401,3109479
"geo_component_0008",NA,NA,"28",NA,TRUE,"kumar_somanathan_exact_amalgamation","1981_1991",1981,1991,"main_worker_share","labor","Main-worker share of population",FALSE,0.442461447456257,0.451049167447017,0.00858771999076002,1570893
"geo_component_0010",NA,NA,"28",NA,TRUE,"kumar_somanathan_exact_amalgamation","1981_1991",1981,1991,"main_worker_share","labor","Main-worker share of population",FALSE,0.447903564695355,0.463153581813376,0.015250017118021,1232378
"geo_component_0011",NA,NA,"28",NA,TRUE,"kumar_somanathan_exact_amalgamation","1981_1991",1981,1991,"main_worker_share","labor","Main-worker share of population",FALSE,0.480825250955091,0.478667033761431,-0.00215821719365999,1018027
"geo_component_0012",NA,NA,"28",NA,TRUE,"kumar_somanathan_exact_amalgamation","1981_1991",1981,1991,"main_worker_share","labor","Main-worker share of population",FALSE,0.443940281223064,0.453097936532202,0.00915765530913798,1557779
"geo_component_0019",NA,NA,"18",NA,TRUE,"kumar_somanathan_exact_amalgamation","1981_1991",1981,1991,"main_worker_share","labor","Main-worker share of population",FALSE,NA,0.297073122745958,NA,1543892
"geo_component_0022",NA,NA,"18",NA,TRUE,"kumar_somanathan_exact_amalgamation","1981_1991",1981,1991,"main_worker_share","labor","Main-worker share of population",FALSE,NA,0.274829627543093,NA,2062572
"geo_component_0023",NA,NA,"18",NA,TRUE,"kumar_somanathan_exact_amalgamation","1981_1991",1981,1991,"main_worker_share","labor","Main-worker share of population",FALSE,NA,0.333497971281022,NA,1289670
"geo_component_0027",NA,NA,"18",NA,TRUE,"kumar_somanathan_exact_amalgamation","1981_1991",1981,1991,"main_worker_share","labor","Main-worker share of population",FALSE,NA,0.354478317483513,NA,1508390
"geo_component_0036",NA,NA,"10",NA,TRUE,"kumar_somanathan_exact_amalgamation","1981_1991",1981,1991,"main_worker_share","labor","Main-worker share of population",FALSE,0.344244013564886,0.347020772195699,0.002776758630813,1888178
"geo_component_0040",NA,NA,"24",NA,TRUE,"kumar_somanathan_exact_amalgamation","1981_1991",1981,1991,"main_worker_share","labor","Main-worker share of population",FALSE,0.32502598664649,0.348000450006287,0.022974463359797,663073
"geo_component_0041",NA,NA,"24",NA,TRUE,"kumar_somanathan_exact_amalgamation","1981_1991",1981,1991,"main_worker_share","labor","Main-worker share of population",FALSE,0.309231637118201,0.336596136290857,0.027364499172656,3032901
"geo_component_0043",NA,NA,"24",NA,TRUE,"kumar_somanathan_exact_amalgamation","1981_1991",1981,1991,"main_worker_share","labor","Main-worker share of population",FALSE,0.346639536775177,0.354972814568501,0.00833327779332399,2419295
"geo_component_0044",NA,NA,"06",NA,TRUE,"kumar_somanathan_exact_amalgamation","1981_1991",1981,1991,"main_worker_share","labor","Main-worker share of population",FALSE,0.290294956306054,0.281884587968173,-0.008410368337881,885755
"geo_component_0048",NA,NA,"06",NA,TRUE,"kumar_somanathan_exact_amalgamation","1981_1991",1981,1991,"main_worker_share","labor","Main-worker share of population",FALSE,0.236116322701689,0.247088884972839,0.01097256227115,582944
"geo_component_0050",NA,NA,"02",NA,TRUE,"kumar_somanathan_exact_amalgamation","1981_1991",1981,1991,"main_worker_share","labor","Main-worker share of population",FALSE,0.351181274445841,0.325508662906892,-0.025672611538949,215848
"geo_component_0064",NA,NA,"29",NA,TRUE,"kumar_somanathan_exact_amalgamation","1981_1991",1981,1991,"main_worker_share","labor","Main-worker share of population",FALSE,0.360612862530365,0.374148832209791,0.013535969679426,1983811
"geo_component_0065",NA,NA,"29",NA,TRUE,"kumar_somanathan_exact_amalgamation","1981_1991",1981,1991,"main_worker_share","labor","Main-worker share of population",FALSE,0.385160827102106,0.397116282771908,0.0119554556698021,3026913
"geo_component_0066",NA,NA,"29",NA,TRUE,"kumar_somanathan_exact_amalgamation","1981_1991",1981,1991,"main_worker_share","labor","Main-worker share of population",FALSE,0.37978982762443,0.385350898477085,0.005561070852655,1951573
"geo_component_0067",NA,NA,"29",NA,TRUE,"kumar_somanathan_exact_amalgamation","1981_1991",1981,1991,"main_worker_share","labor","Main-worker share of population",FALSE,0.410742775904771,0.420364719139941,0.00962194323517002,1099684
"geo_component_0068",NA,NA,"29",NA,TRUE,"kumar_somanathan_exact_amalgamation","1981_1991",1981,1991,"main_worker_share","labor","Main-worker share of population",FALSE,0.340176710813276,0.351288250045072,0.011111539231796,689549
"geo_component_0070",NA,NA,"32",NA,TRUE,"kumar_somanathan_exact_amalgamation","1981_1991",1981,1991,"main_worker_share","labor","Main-worker share of population",FALSE,0.335426496229419,0.338407267663302,0.00298077143388298,311991
"geo_component_0071",NA,NA,"32",NA,TRUE,"kumar_somanathan_exact_amalgamation","1981_1991",1981,1991,"main_worker_share","labor","Main-worker share of population",FALSE,0.218652141283991,0.232449891047165,0.013797749763174,1373763
"geo_component_0073",NA,NA,"32",NA,TRUE,"kumar_somanathan_exact_amalgamation","1981_1991",1981,1991,"main_worker_share","labor","Main-worker share of population",FALSE,0.298254028452236,0.324119670310543,0.025865641858307,2318433
"geo_component_0074",NA,NA,"32",NA,TRUE,"kumar_somanathan_exact_amalgamation","1981_1991",1981,1991,"main_worker_share","labor","Main-worker share of population",FALSE,0.27215893090898,0.293767718243083,0.021608787334103,1274360
"geo_component_0077",NA,NA,"23",NA,TRUE,"kumar_somanathan_exact_amalgamation","1981_1991",1981,1991,"main_worker_share","labor","Main-worker share of population",FALSE,0.294665622367535,0.29185920714324,-0.00280641522429503,858343
"geo_component_0080",NA,NA,"23",NA,TRUE,"kumar_somanathan_exact_amalgamation","1981_1991",1981,1991,"main_worker_share","labor","Main-worker share of population",FALSE,0.342515830145059,0.336163432924746,-0.006352397220313,619576
"geo_component_0082",NA,NA,"27",NA,TRUE,"kumar_somanathan_exact_amalgamation","1981_1991",1981,1991,"main_worker_share","labor","Main-worker share of population",FALSE,0.340617748877356,0.3763334790837,0.035715730206344,1827203
"geo_component_0084",NA,NA,"27",NA,TRUE,"kumar_somanathan_exact_amalgamation","1981_1991",1981,1991,"main_worker_share","labor","Main-worker share of population",FALSE,0.341565586070865,0.368739726126596,0.027174140055731,1230716
"geo_component_0085",NA,NA,"27",NA,TRUE,"kumar_somanathan_exact_amalgamation","1981_1991",1981,1991,"main_worker_share","labor","Main-worker share of population",FALSE,0.376616002795248,0.386357467540808,0.00974146474556004,1860119
"geo_component_0086",NA,NA,"27",NA,TRUE,"kumar_somanathan_exact_amalgamation","1981_1991",1981,1991,"main_worker_share","labor","Main-worker share of population",FALSE,0.367590859942625,0.391280234500204,0.023689374557579,1596493
"geo_component_0088",NA,NA,"27",NA,TRUE,"kumar_somanathan_exact_amalgamation","1981_1991",1981,1991,"main_worker_share","labor","Main-worker share of population",FALSE,0.443227151523633,0.420543826625445,-0.022683324898188,1206236
"geo_component_0089",NA,NA,"27",NA,TRUE,"kumar_somanathan_exact_amalgamation","1981_1991",1981,1991,"main_worker_share","labor","Main-worker share of population",FALSE,0.403601542364555,0.41633316356324,0.012731621198685,1001466
"geo_component_0090",NA,NA,"27",NA,TRUE,"kumar_somanathan_exact_amalgamation","1981_1991",1981,1991,"main_worker_share","labor","Main-worker share of population",FALSE,0.388672656032852,0.401517388606988,0.012844732574136,1477656
"geo_component_0092",NA,NA,"27",NA,TRUE,"kumar_somanathan_exact_amalgamation","1981_1991",1981,1991,"main_worker_share","labor","Main-worker share of population",FALSE,0.355883840110383,0.355295897131214,-0.000587942979168976,1508420
"geo_component_0093",NA,NA,"27",NA,TRUE,"kumar_somanathan_exact_amalgamation","1981_1991",1981,1991,"main_worker_share","labor","Main-worker share of population",FALSE,0.456845617897917,0.45786995718886,0.00102433929094298,1272673
"geo_component_0109",NA,NA,"21",NA,TRUE,"kumar_somanathan_exact_amalgamation","1981_1991",1981,1991,"main_worker_share","labor","Main-worker share of population",FALSE,0.276484618043553,0.265358770114179,-0.011125847929374,3062919
"geo_component_0110",NA,NA,"21",NA,TRUE,"kumar_somanathan_exact_amalgamation","1981_1991",1981,1991,"main_worker_share","labor","Main-worker share of population",FALSE,0.315293845602725,0.314258368794289,-0.00103547680843602,1026466
"geo_component_0111",NA,NA,"21",NA,TRUE,"kumar_somanathan_exact_amalgamation","1981_1991",1981,1991,"main_worker_share","labor","Main-worker share of population",FALSE,0.359425683546497,0.37468109236215,0.015255408815653,946854
"geo_component_0112",NA,NA,"21",NA,TRUE,"kumar_somanathan_exact_amalgamation","1981_1991",1981,1991,"main_worker_share","labor","Main-worker share of population",FALSE,0.388503243753535,0.399563027419332,0.011059783665797,1561071
"geo_component_0113",NA,NA,"21",NA,TRUE,"kumar_somanathan_exact_amalgamation","1981_1991",1981,1991,"main_worker_share","labor","Main-worker share of population",FALSE,0.29141351810739,0.289873945202625,-0.00153957290476503,1865207
"geo_component_0115",NA,NA,"08",NA,TRUE,"kumar_somanathan_exact_amalgamation","1981_1991",1981,1991,"main_worker_share","labor","Main-worker share of population",FALSE,0.267257348661029,0.303754713530554,0.036497364869525,1099725
"geo_component_0116",NA,NA,"08",NA,TRUE,"kumar_somanathan_exact_amalgamation","1981_1991",1981,1991,"main_worker_share","labor","Main-worker share of population",FALSE,0.292108818338309,0.301024545016847,0.00891572667853802,2835631
"geo_component_0117",NA,NA,"08",NA,TRUE,"kumar_somanathan_exact_amalgamation","1981_1991",1981,1991,"main_worker_share","labor","Main-worker share of population",FALSE,0.32087937403839,0.29482144567612,-0.02605792836227,141135
"geo_component_0118",NA,NA,"08",NA,TRUE,"kumar_somanathan_exact_amalgamation","1981_1991",1981,1991,"main_worker_share","labor","Main-worker share of population",FALSE,0.305931018934627,0.306765830052989,0.000834811118362033,884866
"geo_component_0119",NA,NA,"08",NA,TRUE,"kumar_somanathan_exact_amalgamation","1981_1991",1981,1991,"main_worker_share","labor","Main-worker share of population",FALSE,0.301363324521131,0.33016913087283,0.028805806351699,1426644
"geo_component_0120",NA,NA,"08",NA,TRUE,"kumar_somanathan_exact_amalgamation","1981_1991",1981,1991,"main_worker_share","labor","Main-worker share of population",FALSE,0.339317048904396,0.342140453464339,0.00282340455994301,338010
"geo_component_0121",NA,NA,"08",NA,TRUE,"kumar_somanathan_exact_amalgamation","1981_1991",1981,1991,"main_worker_share","labor","Main-worker share of population",FALSE,0.304045944823129,0.314070447023903,0.010024502200774,847116
"geo_component_0122",NA,NA,"08",NA,TRUE,"kumar_somanathan_exact_amalgamation","1981_1991",1981,1991,"main_worker_share","labor","Main-worker share of population",FALSE,0.359576712297356,0.382471360156159,0.022894647858803,491882
"geo_component_0123",NA,NA,"33",NA,TRUE,"kumar_somanathan_exact_amalgamation","1981_1991",1981,1991,"main_worker_share","labor","Main-worker share of population",FALSE,0.27898060868785,0.305029473660096,0.026048864972246,1812165
"geo_component_0124",NA,NA,"33",NA,TRUE,"kumar_somanathan_exact_amalgamation","1981_1991",1981,1991,"main_worker_share","labor","Main-worker share of population",FALSE,0.363930755042703,0.376276107221143,0.01234535217844,3000210
"geo_component_0125",NA,NA,"33",NA,TRUE,"kumar_somanathan_exact_amalgamation","1981_1991",1981,1991,"main_worker_share","labor","Main-worker share of population",FALSE,0.422128632991446,0.438983982190534,0.016855349199088,3211469
"geo_component_0127",NA,NA,"33",NA,TRUE,"kumar_somanathan_exact_amalgamation","1981_1991",1981,1991,"main_worker_share","labor","Main-worker share of population",FALSE,0.405429333547598,0.429725181773559,0.024295848225961,2421546
"geo_component_0130",NA,NA,"05",NA,TRUE,"kumar_somanathan_exact_amalgamation","1981_1991",1981,1991,"main_worker_share","labor","Main-worker share of population",FALSE,0.372398641850222,0.358437358873535,-0.013961282976687,2006736
"geo_component_0131",NA,NA,"05",NA,TRUE,"kumar_somanathan_exact_amalgamation","1981_1991",1981,1991,"main_worker_share","labor","Main-worker share of population",FALSE,0.315094411868392,0.402161323520799,0.087066911652407,547770
"geo_component_0132",NA,NA,"09",NA,TRUE,"kumar_somanathan_exact_amalgamation","1981_1991",1981,1991,"main_worker_share","labor","Main-worker share of population",FALSE,0.278246713567694,0.275942638095172,-0.00230407547252198,1190987
"geo_component_0133",NA,NA,"09",NA,TRUE,"kumar_somanathan_exact_amalgamation","1981_1991",1981,1991,"main_worker_share","labor","Main-worker share of population",FALSE,0.284261857632836,0.281294626228605,-0.002967231404231,1973801
"geo_component_0134",NA,NA,"09",NA,TRUE,"kumar_somanathan_exact_amalgamation","1981_1991",1981,1991,"main_worker_share","labor","Main-worker share of population",FALSE,0.292161652567493,0.289297533695042,-0.00286411887245097,1615478
"geo_component_0136",NA,NA,"09",NA,TRUE,"kumar_somanathan_exact_amalgamation","1981_1991",1981,1991,"main_worker_share","labor","Main-worker share of population",FALSE,0.284866873277359,0.299595819658665,0.014728946381306,1444921
"geo_component_0139",NA,NA,"09",NA,TRUE,"kumar_somanathan_exact_amalgamation","1981_1991",1981,1991,"main_worker_share","labor","Main-worker share of population",FALSE,0.269013283448261,0.275456040441019,0.00644275699275804,2836554
"geo_component_0140",NA,NA,"09",NA,TRUE,"kumar_somanathan_exact_amalgamation","1981_1991",1981,1991,"main_worker_share","labor","Main-worker share of population",FALSE,0.274542910441222,0.274179295614246,-0.000363614826976,1862142
"geo_component_0142",NA,NA,"09",NA,TRUE,"kumar_somanathan_exact_amalgamation","1981_1991",1981,1991,"main_worker_share","labor","Main-worker share of population",FALSE,0.26654920228675,0.27275188940296,0.00620268711621003,2363096
"geo_component_0143",NA,NA,"09",NA,TRUE,"kumar_somanathan_exact_amalgamation","1981_1991",1981,1991,"main_worker_share","labor","Main-worker share of population",FALSE,0.293447624837388,0.3081407582359,0.014693133398512,1226800
"geo_component_0145",NA,NA,"09",NA,TRUE,"kumar_somanathan_exact_amalgamation","1981_1991",1981,1991,"main_worker_share","labor","Main-worker share of population",FALSE,0.302705191548574,0.322117624882782,0.019412433334208,1065751
"geo_component_0149",NA,NA,"09",NA,TRUE,"kumar_somanathan_exact_amalgamation","1981_1991",1981,1991,"main_worker_share","labor","Main-worker share of population",FALSE,0.254347745628609,0.266976178383422,0.012628432754813,1344175
"geo_component_0150",NA,NA,"09",NA,TRUE,"kumar_somanathan_exact_amalgamation","1981_1991",1981,1991,"main_worker_share","labor","Main-worker share of population",FALSE,0.278041159619844,0.288235853237328,0.010194693617484,2364928
"geo_component_0151",NA,NA,"09",NA,TRUE,"kumar_somanathan_exact_amalgamation","1981_1991",1981,1991,"main_worker_share","labor","Main-worker share of population",FALSE,0.350442267828393,0.345432218960683,-0.00501004886771,1246904
"geo_component_0152",NA,NA,"19",NA,TRUE,"kumar_somanathan_exact_amalgamation","1981_1991",1981,1991,"main_worker_share","labor","Main-worker share of population",FALSE,0.270915189292808,0.300515658895955,0.029600469603147,2294979
"geo_component_0153",NA,NA,"19",NA,TRUE,"kumar_somanathan_exact_amalgamation","1981_1991",1981,1991,"main_worker_share","labor","Main-worker share of population",FALSE,0.267111815354492,0.288110865328677,0.020999049974185,1708801
"geo_component_0154",NA,NA,"19",NA,TRUE,"kumar_somanathan_exact_amalgamation","1981_1991",1981,1991,"main_worker_share","labor","Main-worker share of population",FALSE,0.348717672524649,0.328415327994174,-0.020302344530475,2927289
"geo_component_0001",NA,NA,"28",NA,TRUE,"kumar_somanathan_exact_amalgamation","1981_1991",1981,1991,"nonfarm_worker_share_main_workers","labor","Non-farm share of main workers",FALSE,0.244614454933205,0.258550969901565,0.01393651496836,1555045
"geo_component_0002",NA,NA,"28",NA,TRUE,"kumar_somanathan_exact_amalgamation","1981_1991",1981,1991,"nonfarm_worker_share_main_workers","labor","Non-farm share of main workers",FALSE,0.253923744688221,0.274346144033157,0.020422399344936,1350505
"geo_component_0003",NA,NA,"28",NA,TRUE,"kumar_somanathan_exact_amalgamation","1981_1991",1981,1991,"nonfarm_worker_share_main_workers","labor","Non-farm share of main workers",FALSE,0.2951506771727,0.28062026065594,-0.01453041651676,2327265
"geo_component_0004",NA,NA,"28",NA,TRUE,"kumar_somanathan_exact_amalgamation","1981_1991",1981,1991,"nonfarm_worker_share_main_workers","labor","Non-farm share of main workers",FALSE,0.252137695230624,0.226733721961132,-0.025403973269492,1671750
"geo_component_0005",NA,NA,"28",NA,TRUE,"kumar_somanathan_exact_amalgamation","1981_1991",1981,1991,"nonfarm_worker_share_main_workers","labor","Non-farm share of main workers",FALSE,0.290578306199822,0.310609083521057,0.020030777321235,1414094
"geo_component_0006",NA,NA,"28",NA,TRUE,"kumar_somanathan_exact_amalgamation","1981_1991",1981,1991,"nonfarm_worker_share_main_workers","labor","Non-farm share of main workers",FALSE,0.243644036547603,0.273080756517576,0.029436719969973,1900123
"geo_component_0007",NA,NA,"28",NA,TRUE,"kumar_somanathan_exact_amalgamation","1981_1991",1981,1991,"nonfarm_worker_share_main_workers","labor","Non-farm share of main workers",FALSE,0.263891361168217,0.275344479835231,0.011453118667014,3109479
"geo_component_0008",NA,NA,"28",NA,TRUE,"kumar_somanathan_exact_amalgamation","1981_1991",1981,1991,"nonfarm_worker_share_main_workers","labor","Non-farm share of main workers",FALSE,0.269129698808698,0.257132843144566,-0.011996855664132,1570893
"geo_component_0010",NA,NA,"28",NA,TRUE,"kumar_somanathan_exact_amalgamation","1981_1991",1981,1991,"nonfarm_worker_share_main_workers","labor","Non-farm share of main workers",FALSE,0.2272900235229,0.23252250144112,0.00523247791821999,1232378
"geo_component_0011",NA,NA,"28",NA,TRUE,"kumar_somanathan_exact_amalgamation","1981_1991",1981,1991,"nonfarm_worker_share_main_workers","labor","Non-farm share of main workers",FALSE,0.330430615848268,0.349604548968464,0.019173933120196,1018027
"geo_component_0012",NA,NA,"28",NA,TRUE,"kumar_somanathan_exact_amalgamation","1981_1991",1981,1991,"nonfarm_worker_share_main_workers","labor","Non-farm share of main workers",FALSE,0.244935002825964,0.247473258442269,0.002538255616305,1557779
"geo_component_0019",NA,NA,"18",NA,TRUE,"kumar_somanathan_exact_amalgamation","1981_1991",1981,1991,"nonfarm_worker_share_main_workers","labor","Non-farm share of main workers",FALSE,NA,0.245946182919868,NA,1543892
"geo_component_0022",NA,NA,"18",NA,TRUE,"kumar_somanathan_exact_amalgamation","1981_1991",1981,1991,"nonfarm_worker_share_main_workers","labor","Non-farm share of main workers",FALSE,NA,0.415819373417654,NA,2062572
"geo_component_0023",NA,NA,"18",NA,TRUE,"kumar_somanathan_exact_amalgamation","1981_1991",1981,1991,"nonfarm_worker_share_main_workers","labor","Non-farm share of main workers",FALSE,NA,0.342125431089539,NA,1289670
"geo_component_0027",NA,NA,"18",NA,TRUE,"kumar_somanathan_exact_amalgamation","1981_1991",1981,1991,"nonfarm_worker_share_main_workers","labor","Non-farm share of main workers",FALSE,NA,0.456242304371442,NA,1508390
"geo_component_0036",NA,NA,"10",NA,TRUE,"kumar_somanathan_exact_amalgamation","1981_1991",1981,1991,"nonfarm_worker_share_main_workers","labor","Non-farm share of main workers",FALSE,0.107663137066311,0.0871689650085631,-0.0204941720577479,1888178
"geo_component_0040",NA,NA,"24",NA,TRUE,"kumar_somanathan_exact_amalgamation","1981_1991",1981,1991,"nonfarm_worker_share_main_workers","labor","Non-farm share of main workers",FALSE,0.387392640500748,0.395687540409995,0.00829489990924698,663073
"geo_component_0041",NA,NA,"24",NA,TRUE,"kumar_somanathan_exact_amalgamation","1981_1991",1981,1991,"nonfarm_worker_share_main_workers","labor","Non-farm share of main workers",FALSE,0.350528109595205,0.400860542495913,0.050332432900708,3032901
"geo_component_0043",NA,NA,"24",NA,TRUE,"kumar_somanathan_exact_amalgamation","1981_1991",1981,1991,"nonfarm_worker_share_main_workers","labor","Non-farm share of main workers",FALSE,0.363842929280455,0.413446550641815,0.04960362136136,2419295
"geo_component_0044",NA,NA,"06",NA,TRUE,"kumar_somanathan_exact_amalgamation","1981_1991",1981,1991,"nonfarm_worker_share_main_workers","labor","Non-farm share of main workers",FALSE,0.551251344217421,0.574990942459918,0.023739598242497,885755
"geo_component_0048",NA,NA,"06",NA,TRUE,"kumar_somanathan_exact_amalgamation","1981_1991",1981,1991,"nonfarm_worker_share_main_workers","labor","Non-farm share of main workers",FALSE,0.402101266940361,0.427727113456726,0.025625846516365,582944
"geo_component_0050",NA,NA,"02",NA,TRUE,"kumar_somanathan_exact_amalgamation","1981_1991",1981,1991,"nonfarm_worker_share_main_workers","labor","Non-farm share of main workers",FALSE,0.306939754184627,0.321368870002656,0.014429115818029,215848
"geo_component_0064",NA,NA,"29",NA,TRUE,"kumar_somanathan_exact_amalgamation","1981_1991",1981,1991,"nonfarm_worker_share_main_workers","labor","Non-farm share of main workers",FALSE,0.288492117028057,0.297324288000764,0.008832170972707,1983811
"geo_component_0065",NA,NA,"29",NA,TRUE,"kumar_somanathan_exact_amalgamation","1981_1991",1981,1991,"nonfarm_worker_share_main_workers","labor","Non-farm share of main workers",FALSE,0.277682798596441,0.279569856251005,0.00188705765456398,3026913
"geo_component_0066",NA,NA,"29",NA,TRUE,"kumar_somanathan_exact_amalgamation","1981_1991",1981,1991,"nonfarm_worker_share_main_workers","labor","Non-farm share of main workers",FALSE,0.305076761070775,0.309120688148083,0.004043927077308,1951573
"geo_component_0067",NA,NA,"29",NA,TRUE,"kumar_somanathan_exact_amalgamation","1981_1991",1981,1991,"nonfarm_worker_share_main_workers","labor","Non-farm share of main workers",FALSE,0.211503605880779,0.201780647686136,-0.009722958194643,1099684
"geo_component_0068",NA,NA,"29",NA,TRUE,"kumar_somanathan_exact_amalgamation","1981_1991",1981,1991,"nonfarm_worker_share_main_workers","labor","Non-farm share of main workers",FALSE,0.474535278777891,0.478312800498293,0.00377752172040202,689549
"geo_component_0070",NA,NA,"32",NA,TRUE,"kumar_somanathan_exact_amalgamation","1981_1991",1981,1991,"nonfarm_worker_share_main_workers","labor","Non-farm share of main workers",FALSE,0.392261952807598,0.492018131218318,0.09975617841072,311991
"geo_component_0071",NA,NA,"32",NA,TRUE,"kumar_somanathan_exact_amalgamation","1981_1991",1981,1991,"nonfarm_worker_share_main_workers","labor","Non-farm share of main workers",FALSE,0.799493616223836,0.802650224546597,0.00315660832276099,1373763
"geo_component_0073",NA,NA,"32",NA,TRUE,"kumar_somanathan_exact_amalgamation","1981_1991",1981,1991,"nonfarm_worker_share_main_workers","labor","Non-farm share of main workers",FALSE,0.650164060438489,0.698254476675664,0.048090416237175,2318433
"geo_component_0074",NA,NA,"32",NA,TRUE,"kumar_somanathan_exact_amalgamation","1981_1991",1981,1991,"nonfarm_worker_share_main_workers","labor","Non-farm share of main workers",FALSE,0.571861186993207,0.60946550558848,0.037604318595273,1274360
"geo_component_0077",NA,NA,"23",NA,TRUE,"kumar_somanathan_exact_amalgamation","1981_1991",1981,1991,"nonfarm_worker_share_main_workers","labor","Non-farm share of main workers",FALSE,0.464886532586923,0.475247749795436,0.010361217208513,858343
"geo_component_0080",NA,NA,"23",NA,TRUE,"kumar_somanathan_exact_amalgamation","1981_1991",1981,1991,"nonfarm_worker_share_main_workers","labor","Non-farm share of main workers",FALSE,0.326668896223809,0.309605859292472,-0.017063036931337,619576
"geo_component_0082",NA,NA,"27",NA,TRUE,"kumar_somanathan_exact_amalgamation","1981_1991",1981,1991,"nonfarm_worker_share_main_workers","labor","Non-farm share of main workers",FALSE,0.262832510602795,0.270455478184439,0.00762296758164399,1827203
"geo_component_0084",NA,NA,"27",NA,TRUE,"kumar_somanathan_exact_amalgamation","1981_1991",1981,1991,"nonfarm_worker_share_main_workers","labor","Non-farm share of main workers",FALSE,0.297771787701905,0.323606954976274,0.025835167274369,1230716
"geo_component_0085",NA,NA,"27",NA,TRUE,"kumar_somanathan_exact_amalgamation","1981_1991",1981,1991,"nonfarm_worker_share_main_workers","labor","Non-farm share of main workers",FALSE,0.359971597787232,0.347095309542329,-0.012876288244903,1860119
"geo_component_0086",NA,NA,"27",NA,TRUE,"kumar_somanathan_exact_amalgamation","1981_1991",1981,1991,"nonfarm_worker_share_main_workers","labor","Non-farm share of main workers",FALSE,0.324054817953683,0.370948975622684,0.046894157669001,1596493
"geo_component_0088",NA,NA,"27",NA,TRUE,"kumar_somanathan_exact_amalgamation","1981_1991",1981,1991,"nonfarm_worker_share_main_workers","labor","Non-farm share of main workers",FALSE,0.20332375467114,0.196283075706555,-0.00704067896458499,1206236
"geo_component_0089",NA,NA,"27",NA,TRUE,"kumar_somanathan_exact_amalgamation","1981_1991",1981,1991,"nonfarm_worker_share_main_workers","labor","Non-farm share of main workers",FALSE,0.21115138621191,0.203639915685569,-0.00751147052634102,1001466
"geo_component_0090",NA,NA,"27",NA,TRUE,"kumar_somanathan_exact_amalgamation","1981_1991",1981,1991,"nonfarm_worker_share_main_workers","labor","Non-farm share of main workers",FALSE,0.196935111611443,0.201190383817392,0.00425527220594898,1477656
"geo_component_0092",NA,NA,"27",NA,TRUE,"kumar_somanathan_exact_amalgamation","1981_1991",1981,1991,"nonfarm_worker_share_main_workers","labor","Non-farm share of main workers",FALSE,0.529477399719532,0.576313011224353,0.046835611504821,1508420
"geo_component_0093",NA,NA,"27",NA,TRUE,"kumar_somanathan_exact_amalgamation","1981_1991",1981,1991,"nonfarm_worker_share_main_workers","labor","Non-farm share of main workers",FALSE,0.276084618142703,0.270789206441317,-0.00529541170138603,1272673
"geo_component_0109",NA,NA,"21",NA,TRUE,"kumar_somanathan_exact_amalgamation","1981_1991",1981,1991,"nonfarm_worker_share_main_workers","labor","Non-farm share of main workers",FALSE,0.315698175953593,0.358105775148995,0.042407599195402,3062919
"geo_component_0110",NA,NA,"21",NA,TRUE,"kumar_somanathan_exact_amalgamation","1981_1991",1981,1991,"nonfarm_worker_share_main_workers","labor","Non-farm share of main workers",FALSE,0.269167185993992,0.289943156245312,0.02077597025132,1026466
"geo_component_0111",NA,NA,"21",NA,TRUE,"kumar_somanathan_exact_amalgamation","1981_1991",1981,1991,"nonfarm_worker_share_main_workers","labor","Non-farm share of main workers",FALSE,0.13667262226285,0.155259708422138,0.018587086159288,946854
"geo_component_0112",NA,NA,"21",NA,TRUE,"kumar_somanathan_exact_amalgamation","1981_1991",1981,1991,"nonfarm_worker_share_main_workers","labor","Non-farm share of main workers",FALSE,0.17540236507351,0.164133647696855,-0.011268717376655,1561071
"geo_component_0113",NA,NA,"21",NA,TRUE,"kumar_somanathan_exact_amalgamation","1981_1991",1981,1991,"nonfarm_worker_share_main_workers","labor","Non-farm share of main workers",FALSE,0.325059443254013,0.391711950646468,0.066652507392455,1865207
"geo_component_0115",NA,NA,"08",NA,TRUE,"kumar_somanathan_exact_amalgamation","1981_1991",1981,1991,"nonfarm_worker_share_main_workers","labor","Non-farm share of main workers",FALSE,0.278632074176259,0.285677834050318,0.00704575987405898,1099725
"geo_component_0116",NA,NA,"08",NA,TRUE,"kumar_somanathan_exact_amalgamation","1981_1991",1981,1991,"nonfarm_worker_share_main_workers","labor","Non-farm share of main workers",FALSE,0.403076070867877,0.417183538218682,0.014107467350805,2835631
"geo_component_0117",NA,NA,"08",NA,TRUE,"kumar_somanathan_exact_amalgamation","1981_1991",1981,1991,"nonfarm_worker_share_main_workers","labor","Non-farm share of main workers",FALSE,0.381705128205128,0.455395733034035,0.073690604828907,141135
"geo_component_0118",NA,NA,"08",NA,TRUE,"kumar_somanathan_exact_amalgamation","1981_1991",1981,1991,"nonfarm_worker_share_main_workers","labor","Non-farm share of main workers",FALSE,0.362249107753577,0.398147181035853,0.035898073282276,884866
"geo_component_0119",NA,NA,"08",NA,TRUE,"kumar_somanathan_exact_amalgamation","1981_1991",1981,1991,"nonfarm_worker_share_main_workers","labor","Non-farm share of main workers",FALSE,0.291848103832037,0.302993423190539,0.011145319358502,1426644
"geo_component_0120",NA,NA,"08",NA,TRUE,"kumar_somanathan_exact_amalgamation","1981_1991",1981,1991,"nonfarm_worker_share_main_workers","labor","Non-farm share of main workers",FALSE,0.30687894443524,0.275627720247559,-0.031251224187681,338010
"geo_component_0121",NA,NA,"08",NA,TRUE,"kumar_somanathan_exact_amalgamation","1981_1991",1981,1991,"nonfarm_worker_share_main_workers","labor","Non-farm share of main workers",FALSE,0.443312120713722,0.428659003110576,-0.014653117603146,847116
"geo_component_0122",NA,NA,"08",NA,TRUE,"kumar_somanathan_exact_amalgamation","1981_1991",1981,1991,"nonfarm_worker_share_main_workers","labor","Non-farm share of main workers",FALSE,0.199197922534338,0.177883906080095,-0.021314016454243,491882
"geo_component_0123",NA,NA,"33",NA,TRUE,"kumar_somanathan_exact_amalgamation","1981_1991",1981,1991,"nonfarm_worker_share_main_workers","labor","Non-farm share of main workers",FALSE,0.997302305839315,0.99907658616808,0.00177428032876503,1812165
"geo_component_0124",NA,NA,"33",NA,TRUE,"kumar_somanathan_exact_amalgamation","1981_1991",1981,1991,"nonfarm_worker_share_main_workers","labor","Non-farm share of main workers",FALSE,0.290235852341923,0.289452864060844,-0.000782988281079033,3000210
"geo_component_0125",NA,NA,"33",NA,TRUE,"kumar_somanathan_exact_amalgamation","1981_1991",1981,1991,"nonfarm_worker_share_main_workers","labor","Non-farm share of main workers",FALSE,0.346837050824867,0.357748832426411,0.010911781601544,3211469
"geo_component_0127",NA,NA,"33",NA,TRUE,"kumar_somanathan_exact_amalgamation","1981_1991",1981,1991,"nonfarm_worker_share_main_workers","labor","Non-farm share of main workers",FALSE,0.371904126647953,0.375654077090773,0.00374995044281995,2421546
"geo_component_0130",NA,NA,"05",NA,TRUE,"kumar_somanathan_exact_amalgamation","1981_1991",1981,1991,"nonfarm_worker_share_main_workers","labor","Non-farm share of main workers",FALSE,0.255432275357276,0.319227556421284,0.063795281064008,2006736
"geo_component_0131",NA,NA,"05",NA,TRUE,"kumar_somanathan_exact_amalgamation","1981_1991",1981,1991,"nonfarm_worker_share_main_workers","labor","Non-farm share of main workers",FALSE,0.251747372655504,0.225804342334042,-0.025943030321462,547770
"geo_component_0132",NA,NA,"09",NA,TRUE,"kumar_somanathan_exact_amalgamation","1981_1991",1981,1991,"nonfarm_worker_share_main_workers","labor","Non-farm share of main workers",FALSE,0.340325022748627,0.339010227267694,-0.00131479548093305,1190987
"geo_component_0133",NA,NA,"09",NA,TRUE,"kumar_somanathan_exact_amalgamation","1981_1991",1981,1991,"nonfarm_worker_share_main_workers","labor","Non-farm share of main workers",FALSE,0.302750274781738,0.325724514222864,0.022974239441126,1973801
"geo_component_0134",NA,NA,"09",NA,TRUE,"kumar_somanathan_exact_amalgamation","1981_1991",1981,1991,"nonfarm_worker_share_main_workers","labor","Non-farm share of main workers",FALSE,0.365448232775837,0.393054319506135,0.027606086730298,1615478
"geo_component_0136",NA,NA,"09",NA,TRUE,"kumar_somanathan_exact_amalgamation","1981_1991",1981,1991,"nonfarm_worker_share_main_workers","labor","Non-farm share of main workers",FALSE,0.297996993483824,0.320577162893048,0.022580169409224,1444921
"geo_component_0139",NA,NA,"09",NA,TRUE,"kumar_somanathan_exact_amalgamation","1981_1991",1981,1991,"nonfarm_worker_share_main_workers","labor","Non-farm share of main workers",FALSE,0.328953589759724,0.358614582718399,0.029660992958675,2836554
"geo_component_0140",NA,NA,"09",NA,TRUE,"kumar_somanathan_exact_amalgamation","1981_1991",1981,1991,"nonfarm_worker_share_main_workers","labor","Non-farm share of main workers",FALSE,0.513593912582748,0.527497338496804,0.013903425914056,1862142
"geo_component_0142",NA,NA,"09",NA,TRUE,"kumar_somanathan_exact_amalgamation","1981_1991",1981,1991,"nonfarm_worker_share_main_workers","labor","Non-farm share of main workers",FALSE,0.199127209015596,0.281734414707634,0.082607205692038,2363096
"geo_component_0143",NA,NA,"09",NA,TRUE,"kumar_somanathan_exact_amalgamation","1981_1991",1981,1991,"nonfarm_worker_share_main_workers","labor","Non-farm share of main workers",FALSE,0.153802574625819,0.18208285154683,0.028280276921011,1226800
"geo_component_0145",NA,NA,"09",NA,TRUE,"kumar_somanathan_exact_amalgamation","1981_1991",1981,1991,"nonfarm_worker_share_main_workers","labor","Non-farm share of main workers",FALSE,0.162202193369469,0.188360502730561,0.026158309361092,1065751
"geo_component_0149",NA,NA,"09",NA,TRUE,"kumar_somanathan_exact_amalgamation","1981_1991",1981,1991,"nonfarm_worker_share_main_workers","labor","Non-farm share of main workers",FALSE,0.189920412609488,0.209047424305391,0.019127011695903,1344175
"geo_component_0150",NA,NA,"09",NA,TRUE,"kumar_somanathan_exact_amalgamation","1981_1991",1981,1991,"nonfarm_worker_share_main_workers","labor","Non-farm share of main workers",FALSE,0.47758670284306,0.489560269351617,0.011973566508557,2364928
"geo_component_0151",NA,NA,"09",NA,TRUE,"kumar_somanathan_exact_amalgamation","1981_1991",1981,1991,"nonfarm_worker_share_main_workers","labor","Non-farm share of main workers",FALSE,0.274693396622465,0.290594342131613,0.015900945509148,1246904
"geo_component_0152",NA,NA,"19",NA,TRUE,"kumar_somanathan_exact_amalgamation","1981_1991",1981,1991,"nonfarm_worker_share_main_workers","labor","Non-farm share of main workers",FALSE,0.311254708137878,0.392449502944565,0.081194794806687,2294979
"geo_component_0153",NA,NA,"19",NA,TRUE,"kumar_somanathan_exact_amalgamation","1981_1991",1981,1991,"nonfarm_worker_share_main_workers","labor","Non-farm share of main workers",FALSE,0.399078287468726,0.431826106857711,0.032747819388985,1708801
"geo_component_0154",NA,NA,"19",NA,TRUE,"kumar_somanathan_exact_amalgamation","1981_1991",1981,1991,"nonfarm_worker_share_main_workers","labor","Non-farm share of main workers",FALSE,0.995464697175045,0.99644974836813,0.000985051193085007,2927289
"geo_component_0001",NA,NA,"28",NA,TRUE,"kumar_somanathan_exact_amalgamation","1981_1991",1981,1991,"literate_share_population","education","Literate share of population",FALSE,0.227222571544062,0.301236124191448,0.074013552647386,1555045
"geo_component_0002",NA,NA,"28",NA,TRUE,"kumar_somanathan_exact_amalgamation","1981_1991",1981,1991,"literate_share_population","education","Literate share of population",FALSE,0.217424825240717,0.28762974651613,0.070204921275413,1350505
"geo_component_0003",NA,NA,"28",NA,TRUE,"kumar_somanathan_exact_amalgamation","1981_1991",1981,1991,"literate_share_population","education","Literate share of population",FALSE,0.360554152240471,0.3945372277909,0.033983075550429,2327265
"geo_component_0004",NA,NA,"28",NA,TRUE,"kumar_somanathan_exact_amalgamation","1981_1991",1981,1991,"literate_share_population","education","Literate share of population",FALSE,0.293902611253317,0.3392503386893,0.045347727435983,1671750
"geo_component_0005",NA,NA,"28",NA,TRUE,"kumar_somanathan_exact_amalgamation","1981_1991",1981,1991,"literate_share_population","education","Literate share of population",FALSE,0.321610379581106,0.405812913312098,0.084202533730992,1414094
"geo_component_0006",NA,NA,"28",NA,TRUE,"kumar_somanathan_exact_amalgamation","1981_1991",1981,1991,"literate_share_population","education","Literate share of population",FALSE,0.318503234555309,0.42417416358439,0.105670929029081,1900123
"geo_component_0007",NA,NA,"28",NA,TRUE,"kumar_somanathan_exact_amalgamation","1981_1991",1981,1991,"literate_share_population","education","Literate share of population",FALSE,0.299214784228561,0.374401710475655,0.075186926247094,3109479
"geo_component_0008",NA,NA,"28",NA,TRUE,"kumar_somanathan_exact_amalgamation","1981_1991",1981,1991,"literate_share_population","education","Literate share of population",FALSE,0.287282136535594,0.325249308448233,0.037967171912639,1570893
"geo_component_0010",NA,NA,"28",NA,TRUE,"kumar_somanathan_exact_amalgamation","1981_1991",1981,1991,"literate_share_population","education","Literate share of population",FALSE,0.215289471368832,0.265163891091726,0.049874419722894,1232378
"geo_component_0011",NA,NA,"28",NA,TRUE,"kumar_somanathan_exact_amalgamation","1981_1991",1981,1991,"literate_share_population","education","Literate share of population",FALSE,0.217295168195427,0.283620457386334,0.066325289190907,1018027
"geo_component_0012",NA,NA,"28",NA,TRUE,"kumar_somanathan_exact_amalgamation","1981_1991",1981,1991,"literate_share_population","education","Literate share of population",FALSE,0.224391527776864,0.313562465726912,0.089170937950048,1557779
"geo_component_0019",NA,NA,"18",NA,TRUE,"kumar_somanathan_exact_amalgamation","1981_1991",1981,1991,"literate_share_population","education","Literate share of population",FALSE,NA,0.333856592020328,NA,1543892
"geo_component_0022",NA,NA,"18",NA,TRUE,"kumar_somanathan_exact_amalgamation","1981_1991",1981,1991,"literate_share_population","education","Literate share of population",FALSE,NA,0.456603409266444,NA,2062572
"geo_component_0023",NA,NA,"18",NA,TRUE,"kumar_somanathan_exact_amalgamation","1981_1991",1981,1991,"literate_share_population","education","Literate share of population",FALSE,NA,0.363210652968789,NA,1289670
"geo_component_0027",NA,NA,"18",NA,TRUE,"kumar_somanathan_exact_amalgamation","1981_1991",1981,1991,"literate_share_population","education","Literate share of population",FALSE,NA,0.520450200112377,NA,1508390
"geo_component_0036",NA,NA,"10",NA,TRUE,"kumar_somanathan_exact_amalgamation","1981_1991",1981,1991,"literate_share_population","education","Literate share of population",FALSE,0.20263436661145,0.226297030353467,0.023662663742017,1888178
"geo_component_0040",NA,NA,"24",NA,TRUE,"kumar_somanathan_exact_amalgamation","1981_1991",1981,1991,"literate_share_population","education","Literate share of population",FALSE,0.374733727524573,0.452787391882681,0.078053664358108,663073
"geo_component_0041",NA,NA,"24",NA,TRUE,"kumar_somanathan_exact_amalgamation","1981_1991",1981,1991,"literate_share_population","education","Literate share of population",FALSE,0.410408594652141,0.49306824139646,0.082659646744319,3032901
"geo_component_0043",NA,NA,"24",NA,TRUE,"kumar_somanathan_exact_amalgamation","1981_1991",1981,1991,"literate_share_population","education","Literate share of population",FALSE,0.471058177324783,0.532914918929063,0.06185674160428,2419295
"geo_component_0044",NA,NA,"06",NA,TRUE,"kumar_somanathan_exact_amalgamation","1981_1991",1981,1991,"literate_share_population","education","Literate share of population",FALSE,0.446232359416317,0.530879047307606,0.084646687891289,885755
"geo_component_0048",NA,NA,"06",NA,TRUE,"kumar_somanathan_exact_amalgamation","1981_1991",1981,1991,"literate_share_population","education","Literate share of population",FALSE,0.38610902647488,0.494435973857812,0.108326947382932,582944
"geo_component_0050",NA,NA,"02",NA,TRUE,"kumar_somanathan_exact_amalgamation","1981_1991",1981,1991,"literate_share_population","education","Literate share of population",FALSE,0.264537340871035,0.36338440727613,0.098847066405095,215848
"geo_component_0064",NA,NA,"29",NA,TRUE,"kumar_somanathan_exact_amalgamation","1981_1991",1981,1991,"literate_share_population","education","Literate share of population",FALSE,0.366408651071654,0.438397524727886,0.071988873656232,1983811
"geo_component_0065",NA,NA,"29",NA,TRUE,"kumar_somanathan_exact_amalgamation","1981_1991",1981,1991,"literate_share_population","education","Literate share of population",FALSE,0.380279092629058,0.450800124009272,0.070521031380214,3026913
"geo_component_0066",NA,NA,"29",NA,TRUE,"kumar_somanathan_exact_amalgamation","1981_1991",1981,1991,"literate_share_population","education","Literate share of population",FALSE,0.423594128916542,0.485000927736466,0.061406798819924,1951573
"geo_component_0067",NA,NA,"29",NA,TRUE,"kumar_somanathan_exact_amalgamation","1981_1991",1981,1991,"literate_share_population","education","Literate share of population",FALSE,0.247233748658779,0.285924376387243,0.038690627728464,1099684
"geo_component_0068",NA,NA,"29",NA,TRUE,"kumar_somanathan_exact_amalgamation","1981_1991",1981,1991,"literate_share_population","education","Literate share of population",FALSE,0.483477203148408,0.564861586874928,0.0813843837265201,689549
"geo_component_0070",NA,NA,"32",NA,TRUE,"kumar_somanathan_exact_amalgamation","1981_1991",1981,1991,"literate_share_population","education","Literate share of population",FALSE,0.583348073917109,0.706133355551324,0.122785281634215,311991
"geo_component_0071",NA,NA,"32",NA,TRUE,"kumar_somanathan_exact_amalgamation","1981_1991",1981,1991,"literate_share_population","education","Literate share of population",FALSE,0.701236156979243,0.790526580560402,0.089290423581159,1373763
"geo_component_0073",NA,NA,"32",NA,TRUE,"kumar_somanathan_exact_amalgamation","1981_1991",1981,1991,"literate_share_population","education","Literate share of population",FALSE,0.742211278810812,0.8029926819538,0.0607814031429881,2318433
"geo_component_0074",NA,NA,"32",NA,TRUE,"kumar_somanathan_exact_amalgamation","1981_1991",1981,1991,"literate_share_population","education","Literate share of population",FALSE,0.816561037137057,0.8507557140052,0.034194676868143,1274360
"geo_component_0077",NA,NA,"23",NA,TRUE,"kumar_somanathan_exact_amalgamation","1981_1991",1981,1991,"literate_share_population","education","Literate share of population",FALSE,0.370105904328301,0.442216297285628,0.072110392957327,858343
"geo_component_0080",NA,NA,"23",NA,TRUE,"kumar_somanathan_exact_amalgamation","1981_1991",1981,1991,"literate_share_population","education","Literate share of population",FALSE,0.353504545594902,0.422770162190827,0.069265616595925,619576
"geo_component_0082",NA,NA,"27",NA,TRUE,"kumar_somanathan_exact_amalgamation","1981_1991",1981,1991,"literate_share_population","education","Literate share of population",FALSE,0.477462581306117,0.57531850102411,0.097855919717993,1827203
"geo_component_0084",NA,NA,"27",NA,TRUE,"kumar_somanathan_exact_amalgamation","1981_1991",1981,1991,"literate_share_population","education","Literate share of population",FALSE,0.468737644794814,0.52686052153259,0.058122876737776,1230716
"geo_component_0085",NA,NA,"27",NA,TRUE,"kumar_somanathan_exact_amalgamation","1981_1991",1981,1991,"literate_share_population","education","Literate share of population",FALSE,0.406848817536504,0.462530373187474,0.05568155565097,1860119
"geo_component_0086",NA,NA,"27",NA,TRUE,"kumar_somanathan_exact_amalgamation","1981_1991",1981,1991,"literate_share_population","education","Literate share of population",FALSE,0.453599486101192,0.566890795037443,0.113291308936251,1596493
"geo_component_0088",NA,NA,"27",NA,TRUE,"kumar_somanathan_exact_amalgamation","1981_1991",1981,1991,"literate_share_population","education","Literate share of population",FALSE,0.30333916773898,0.375638569981129,0.072299402242149,1206236
"geo_component_0089",NA,NA,"27",NA,TRUE,"kumar_somanathan_exact_amalgamation","1981_1991",1981,1991,"literate_share_population","education","Literate share of population",FALSE,0.31792224921435,0.39488670041579,0.07696445120144,1001466
"geo_component_0090",NA,NA,"27",NA,TRUE,"kumar_somanathan_exact_amalgamation","1981_1991",1981,1991,"literate_share_population","education","Literate share of population",FALSE,0.35358106714725,0.441551009018723,0.087969941871473,1477656
"geo_component_0092",NA,NA,"27",NA,TRUE,"kumar_somanathan_exact_amalgamation","1981_1991",1981,1991,"literate_share_population","education","Literate share of population",FALSE,0.545574010617229,0.619607506710243,0.074033496093014,1508420
"geo_component_0093",NA,NA,"27",NA,TRUE,"kumar_somanathan_exact_amalgamation","1981_1991",1981,1991,"literate_share_population","education","Literate share of population",FALSE,0.439244722806174,0.542749696459861,0.103504973653687,1272673
"geo_component_0109",NA,NA,"21",NA,TRUE,"kumar_somanathan_exact_amalgamation","1981_1991",1981,1991,"literate_share_population","education","Literate share of population",FALSE,0.454257474939509,0.532283995807092,0.0780265208675829,3062919
"geo_component_0110",NA,NA,"21",NA,TRUE,"kumar_somanathan_exact_amalgamation","1981_1991",1981,1991,"literate_share_population","education","Literate share of population",FALSE,0.368831687396978,0.442269319563499,0.073437632166521,1026466
"geo_component_0111",NA,NA,"21",NA,TRUE,"kumar_somanathan_exact_amalgamation","1981_1991",1981,1991,"literate_share_population","education","Literate share of population",FALSE,0.194186494542978,0.250750913061545,0.056564418518567,946854
"geo_component_0112",NA,NA,"21",NA,TRUE,"kumar_somanathan_exact_amalgamation","1981_1991",1981,1991,"literate_share_population","education","Literate share of population",FALSE,0.161257324361263,0.184227892287786,0.022970567926523,1561071
"geo_component_0113",NA,NA,"21",NA,TRUE,"kumar_somanathan_exact_amalgamation","1981_1991",1981,1991,"literate_share_population","education","Literate share of population",FALSE,0.455026882502666,0.540284109362996,0.08525722686033,1865207
"geo_component_0115",NA,NA,"08",NA,TRUE,"kumar_somanathan_exact_amalgamation","1981_1991",1981,1991,"literate_share_population","education","Literate share of population",FALSE,0.265287467683846,0.339119473303782,0.073832005619936,1099725
"geo_component_0116",NA,NA,"08",NA,TRUE,"kumar_somanathan_exact_amalgamation","1981_1991",1981,1991,"literate_share_population","education","Literate share of population",FALSE,0.288707387796574,0.354363286830276,0.065655899033702,2835631
"geo_component_0117",NA,NA,"08",NA,TRUE,"kumar_somanathan_exact_amalgamation","1981_1991",1981,1991,"literate_share_population","education","Literate share of population",FALSE,0.157963156465719,0.240217463869707,0.082254307403988,141135
"geo_component_0118",NA,NA,"08",NA,TRUE,"kumar_somanathan_exact_amalgamation","1981_1991",1981,1991,"literate_share_population","education","Literate share of population",FALSE,0.266422471400793,0.326750663924442,0.060328192523649,884866
"geo_component_0119",NA,NA,"08",NA,TRUE,"kumar_somanathan_exact_amalgamation","1981_1991",1981,1991,"literate_share_population","education","Literate share of population",FALSE,0.22014044368188,0.279834811257117,0.059694367575237,1426644
"geo_component_0120",NA,NA,"08",NA,TRUE,"kumar_somanathan_exact_amalgamation","1981_1991",1981,1991,"literate_share_population","education","Literate share of population",FALSE,0.20140992398404,0.260449881077263,0.059039957093223,338010
"geo_component_0121",NA,NA,"08",NA,TRUE,"kumar_somanathan_exact_amalgamation","1981_1991",1981,1991,"literate_share_population","education","Literate share of population",FALSE,0.325262985131275,0.382538970500253,0.057275985368978,847116
"geo_component_0122",NA,NA,"08",NA,TRUE,"kumar_somanathan_exact_amalgamation","1981_1991",1981,1991,"literate_share_population","education","Literate share of population",FALSE,0.221125404141157,0.265650683249545,0.044525279108388,491882
"geo_component_0123",NA,NA,"33",NA,TRUE,"kumar_somanathan_exact_amalgamation","1981_1991",1981,1991,"literate_share_population","education","Literate share of population",FALSE,0.683981551732241,0.716494992966099,0.032513441233858,1812165
"geo_component_0124",NA,NA,"33",NA,TRUE,"kumar_somanathan_exact_amalgamation","1981_1991",1981,1991,"literate_share_population","education","Literate share of population",FALSE,0.503589353630881,0.572664597722101,0.06907524409122,3000210
"geo_component_0125",NA,NA,"33",NA,TRUE,"kumar_somanathan_exact_amalgamation","1981_1991",1981,1991,"literate_share_population","education","Literate share of population",FALSE,0.473631786612438,0.548659251941793,0.075027465329355,3211469
"geo_component_0127",NA,NA,"33",NA,TRUE,"kumar_somanathan_exact_amalgamation","1981_1991",1981,1991,"literate_share_population","education","Literate share of population",FALSE,0.453155913303114,0.538564352605718,0.085408439302604,2421546
"geo_component_0130",NA,NA,"05",NA,TRUE,"kumar_somanathan_exact_amalgamation","1981_1991",1981,1991,"literate_share_population","education","Literate share of population",FALSE,0.370504999963209,0.471119134990054,0.100614135026845,2006736
"geo_component_0131",NA,NA,"05",NA,TRUE,"kumar_somanathan_exact_amalgamation","1981_1991",1981,1991,"literate_share_population","education","Literate share of population",FALSE,0.377569572720443,0.477708437672196,0.100138864951753,547770
"geo_component_0132",NA,NA,"09",NA,TRUE,"kumar_somanathan_exact_amalgamation","1981_1991",1981,1991,"literate_share_population","education","Literate share of population",FALSE,0.267136295733272,0.318396542543331,0.051260246810059,1190987
"geo_component_0133",NA,NA,"09",NA,TRUE,"kumar_somanathan_exact_amalgamation","1981_1991",1981,1991,"literate_share_population","education","Literate share of population",FALSE,0.198226903739943,0.24239881486083,0.044171911120887,1973801
"geo_component_0134",NA,NA,"09",NA,TRUE,"kumar_somanathan_exact_amalgamation","1981_1991",1981,1991,"literate_share_population","education","Literate share of population",FALSE,0.29560088585972,0.352095533530197,0.056494647670477,1615478
"geo_component_0136",NA,NA,"09",NA,TRUE,"kumar_somanathan_exact_amalgamation","1981_1991",1981,1991,"literate_share_population","education","Literate share of population",FALSE,0.301008095451854,0.350409826693915,0.049401731242061,1444921
"geo_component_0139",NA,NA,"09",NA,TRUE,"kumar_somanathan_exact_amalgamation","1981_1991",1981,1991,"literate_share_population","education","Literate share of population",FALSE,0.310758983714162,0.357126650606983,0.046367666892821,2836554
"geo_component_0140",NA,NA,"09",NA,TRUE,"kumar_somanathan_exact_amalgamation","1981_1991",1981,1991,"literate_share_population","education","Literate share of population",FALSE,0.334482089015479,0.385047224285093,0.050565135269614,1862142
"geo_component_0142",NA,NA,"09",NA,TRUE,"kumar_somanathan_exact_amalgamation","1981_1991",1981,1991,"literate_share_population","education","Literate share of population",FALSE,0.353031102788155,0.402943840078963,0.049912737290808,2363096
"geo_component_0143",NA,NA,"09",NA,TRUE,"kumar_somanathan_exact_amalgamation","1981_1991",1981,1991,"literate_share_population","education","Literate share of population",FALSE,0.252764882521641,0.313591592789847,0.060826710268206,1226800
"geo_component_0145",NA,NA,"09",NA,TRUE,"kumar_somanathan_exact_amalgamation","1981_1991",1981,1991,"literate_share_population","education","Literate share of population",FALSE,0.259749138430484,0.358517955330577,0.098768816900093,1065751
"geo_component_0149",NA,NA,"09",NA,TRUE,"kumar_somanathan_exact_amalgamation","1981_1991",1981,1991,"literate_share_population","education","Literate share of population",FALSE,0.281760441169214,0.349995336548684,0.06823489537947,1344175
"geo_component_0150",NA,NA,"09",NA,TRUE,"kumar_somanathan_exact_amalgamation","1981_1991",1981,1991,"literate_share_population","education","Literate share of population",FALSE,0.318492323438546,0.373597441623246,0.0551051181847,2364928
"geo_component_0151",NA,NA,"09",NA,TRUE,"kumar_somanathan_exact_amalgamation","1981_1991",1981,1991,"literate_share_population","education","Literate share of population",FALSE,0.235790028095053,0.29312160985001,0.057331581754957,1246904
"geo_component_0152",NA,NA,"19",NA,TRUE,"kumar_somanathan_exact_amalgamation","1981_1991",1981,1991,"literate_share_population","education","Literate share of population",FALSE,0.248949304837363,0.302617491559864,0.053668186722501,2294979
"geo_component_0153",NA,NA,"19",NA,TRUE,"kumar_somanathan_exact_amalgamation","1981_1991",1981,1991,"literate_share_population","education","Literate share of population",FALSE,0.367136003573244,0.437916542600044,0.0707805390268,1708801
"geo_component_0154",NA,NA,"19",NA,TRUE,"kumar_somanathan_exact_amalgamation","1981_1991",1981,1991,"literate_share_population","education","Literate share of population",FALSE,0.691221740595932,0.701823870481945,0.0106021298860129,2927289
"geo_component_0001",NA,NA,"28",NA,TRUE,"kumar_somanathan_exact_amalgamation","1981_1991",1981,1991,"primary_plus_share_population","education","Primary-school-or-higher share of population",FALSE,0.171370943046477,0.20652131767082,0.035150374624343,1555045
"geo_component_0002",NA,NA,"28",NA,TRUE,"kumar_somanathan_exact_amalgamation","1981_1991",1981,1991,"primary_plus_share_population","education","Primary-school-or-higher share of population",FALSE,0.185924367419061,0.201563945592088,0.015639578173027,1350505
"geo_component_0003",NA,NA,"28",NA,TRUE,"kumar_somanathan_exact_amalgamation","1981_1991",1981,1991,"primary_plus_share_population","education","Primary-school-or-higher share of population",FALSE,0.283747689770706,0.287254513575484,0.00350682380477796,2327265
"geo_component_0004",NA,NA,"28",NA,TRUE,"kumar_somanathan_exact_amalgamation","1981_1991",1981,1991,"primary_plus_share_population","education","Primary-school-or-higher share of population",FALSE,0.22013409335882,0.243500391060197,0.023366297701377,1671750
"geo_component_0005",NA,NA,"28",NA,TRUE,"kumar_somanathan_exact_amalgamation","1981_1991",1981,1991,"primary_plus_share_population","education","Primary-school-or-higher share of population",FALSE,0.244667793946932,0.290901490640649,0.046233696693717,1414094
"geo_component_0006",NA,NA,"28",NA,TRUE,"kumar_somanathan_exact_amalgamation","1981_1991",1981,1991,"primary_plus_share_population","education","Primary-school-or-higher share of population",FALSE,0.248057221015038,0.31627589066081,0.068218669645772,1900123
"geo_component_0007",NA,NA,"28",NA,TRUE,"kumar_somanathan_exact_amalgamation","1981_1991",1981,1991,"primary_plus_share_population","education","Primary-school-or-higher share of population",FALSE,0.227382313588241,0.276297361702096,0.048915048113855,3109479
"geo_component_0008",NA,NA,"28",NA,TRUE,"kumar_somanathan_exact_amalgamation","1981_1991",1981,1991,"primary_plus_share_population","education","Primary-school-or-higher share of population",FALSE,0.218958259858871,0.235589420065227,0.016631160206356,1570893
"geo_component_0010",NA,NA,"28",NA,TRUE,"kumar_somanathan_exact_amalgamation","1981_1991",1981,1991,"primary_plus_share_population","education","Primary-school-or-higher share of population",FALSE,0.14219326792239,0.172613446118601,0.030420178196211,1232378
"geo_component_0011",NA,NA,"28",NA,TRUE,"kumar_somanathan_exact_amalgamation","1981_1991",1981,1991,"primary_plus_share_population","education","Primary-school-or-higher share of population",FALSE,0.156100287971004,0.185129128527827,0.029028840556823,1018027
"geo_component_0012",NA,NA,"28",NA,TRUE,"kumar_somanathan_exact_amalgamation","1981_1991",1981,1991,"primary_plus_share_population","education","Primary-school-or-higher share of population",FALSE,0.147546700530994,0.206641651110834,0.05909495057984,1557779
"geo_component_0019",NA,NA,"18",NA,TRUE,"kumar_somanathan_exact_amalgamation","1981_1991",1981,1991,"primary_plus_share_population","education","Primary-school-or-higher share of population",FALSE,NA,0.256029782794534,NA,1543892
"geo_component_0022",NA,NA,"18",NA,TRUE,"kumar_somanathan_exact_amalgamation","1981_1991",1981,1991,"primary_plus_share_population","education","Primary-school-or-higher share of population",FALSE,NA,0.368573096598911,NA,2062572
"geo_component_0023",NA,NA,"18",NA,TRUE,"kumar_somanathan_exact_amalgamation","1981_1991",1981,1991,"primary_plus_share_population","education","Primary-school-or-higher share of population",FALSE,NA,0.282051978831844,NA,1289670
"geo_component_0027",NA,NA,"18",NA,TRUE,"kumar_somanathan_exact_amalgamation","1981_1991",1981,1991,"primary_plus_share_population","education","Primary-school-or-higher share of population",FALSE,NA,0.423998143662852,NA,1508390
"geo_component_0036",NA,NA,"10",NA,TRUE,"kumar_somanathan_exact_amalgamation","1981_1991",1981,1991,"primary_plus_share_population","education","Primary-school-or-higher share of population",FALSE,0.131555828198428,0.190166330865928,0.0586105026675,1888178
"geo_component_0040",NA,NA,"24",NA,TRUE,"kumar_somanathan_exact_amalgamation","1981_1991",1981,1991,"primary_plus_share_population","education","Primary-school-or-higher share of population",FALSE,0.193244922330144,0.359035530643443,0.165790608313299,663073
"geo_component_0041",NA,NA,"24",NA,TRUE,"kumar_somanathan_exact_amalgamation","1981_1991",1981,1991,"primary_plus_share_population","education","Primary-school-or-higher share of population",FALSE,0.200036132580479,0.410341387132935,0.210305254552456,3032901
"geo_component_0043",NA,NA,"24",NA,TRUE,"kumar_somanathan_exact_amalgamation","1981_1991",1981,1991,"primary_plus_share_population","education","Primary-school-or-higher share of population",FALSE,0.276968761277277,0.382117260295249,0.105148499017972,2419295
"geo_component_0044",NA,NA,"06",NA,TRUE,"kumar_somanathan_exact_amalgamation","1981_1991",1981,1991,"primary_plus_share_population","education","Primary-school-or-higher share of population",FALSE,0.317139222526593,0.408787481470096,0.091648258943503,885755
"geo_component_0048",NA,NA,"06",NA,TRUE,"kumar_somanathan_exact_amalgamation","1981_1991",1981,1991,"primary_plus_share_population","education","Primary-school-or-higher share of population",FALSE,0.247910152178445,0.359363914279366,0.111453762100921,582944
"geo_component_0050",NA,NA,"02",NA,TRUE,"kumar_somanathan_exact_amalgamation","1981_1991",1981,1991,"primary_plus_share_population","education","Primary-school-or-higher share of population",FALSE,0.1513850366547,0.23453924116292,0.08315420450822,215848
"geo_component_0064",NA,NA,"29",NA,TRUE,"kumar_somanathan_exact_amalgamation","1981_1991",1981,1991,"primary_plus_share_population","education","Primary-school-or-higher share of population",FALSE,0.263780515628565,0.312354092497892,0.048573576869327,1983811
"geo_component_0065",NA,NA,"29",NA,TRUE,"kumar_somanathan_exact_amalgamation","1981_1991",1981,1991,"primary_plus_share_population","education","Primary-school-or-higher share of population",FALSE,0.272648170847504,0.324839578890197,0.052191408042693,3026913
"geo_component_0066",NA,NA,"29",NA,TRUE,"kumar_somanathan_exact_amalgamation","1981_1991",1981,1991,"primary_plus_share_population","education","Primary-school-or-higher share of population",FALSE,0.292638195313712,0.306525841028788,0.013887645715076,1951573
"geo_component_0067",NA,NA,"29",NA,TRUE,"kumar_somanathan_exact_amalgamation","1981_1991",1981,1991,"primary_plus_share_population","education","Primary-school-or-higher share of population",FALSE,0.160720071845733,0.178225601512109,0.017505529666376,1099684
"geo_component_0068",NA,NA,"29",NA,TRUE,"kumar_somanathan_exact_amalgamation","1981_1991",1981,1991,"primary_plus_share_population","education","Primary-school-or-higher share of population",FALSE,0.331056664247589,0.399349318997591,0.068292654750002,689549
"geo_component_0070",NA,NA,"32",NA,TRUE,"kumar_somanathan_exact_amalgamation","1981_1991",1981,1991,"primary_plus_share_population","education","Primary-school-or-higher share of population",FALSE,0.383987394093418,0.549068034660065,0.165080640566647,311991
"geo_component_0071",NA,NA,"32",NA,TRUE,"kumar_somanathan_exact_amalgamation","1981_1991",1981,1991,"primary_plus_share_population","education","Primary-school-or-higher share of population",FALSE,0.503263534593912,0.65431893313628,0.151055398542368,1373763
"geo_component_0073",NA,NA,"32",NA,TRUE,"kumar_somanathan_exact_amalgamation","1981_1991",1981,1991,"primary_plus_share_population","education","Primary-school-or-higher share of population",FALSE,0.526254587345627,0.683472295601214,0.157217708255587,2318433
"geo_component_0074",NA,NA,"32",NA,TRUE,"kumar_somanathan_exact_amalgamation","1981_1991",1981,1991,"primary_plus_share_population","education","Primary-school-or-higher share of population",FALSE,0.631054256934847,0.747731053000348,0.116676796065501,1274360
"geo_component_0077",NA,NA,"23",NA,TRUE,"kumar_somanathan_exact_amalgamation","1981_1991",1981,1991,"primary_plus_share_population","education","Primary-school-or-higher share of population",FALSE,0.247583414801813,0.31936169895192,0.071778284150107,858343
"geo_component_0080",NA,NA,"23",NA,TRUE,"kumar_somanathan_exact_amalgamation","1981_1991",1981,1991,"primary_plus_share_population","education","Primary-school-or-higher share of population",FALSE,0.194307622275855,0.259994586536891,0.065686964261036,619576
"geo_component_0082",NA,NA,"27",NA,TRUE,"kumar_somanathan_exact_amalgamation","1981_1991",1981,1991,"primary_plus_share_population","education","Primary-school-or-higher share of population",FALSE,0.30298378590364,0.443734957657344,0.140751171753704,1827203
"geo_component_0084",NA,NA,"27",NA,TRUE,"kumar_somanathan_exact_amalgamation","1981_1991",1981,1991,"primary_plus_share_population","education","Primary-school-or-higher share of population",FALSE,0.340630686124818,0.415848830136213,0.075218144011395,1230716
"geo_component_0085",NA,NA,"27",NA,TRUE,"kumar_somanathan_exact_amalgamation","1981_1991",1981,1991,"primary_plus_share_population","education","Primary-school-or-higher share of population",FALSE,0.283428423872399,0.354603772078301,0.071175348205902,1860119
"geo_component_0086",NA,NA,"27",NA,TRUE,"kumar_somanathan_exact_amalgamation","1981_1991",1981,1991,"primary_plus_share_population","education","Primary-school-or-higher share of population",FALSE,0.324718612473218,0.440410408806536,0.115691796333318,1596493
"geo_component_0088",NA,NA,"27",NA,TRUE,"kumar_somanathan_exact_amalgamation","1981_1991",1981,1991,"primary_plus_share_population","education","Primary-school-or-higher share of population",FALSE,0.184781384711088,0.26764555144341,0.082864166732322,1206236
"geo_component_0089",NA,NA,"27",NA,TRUE,"kumar_somanathan_exact_amalgamation","1981_1991",1981,1991,"primary_plus_share_population","education","Primary-school-or-higher share of population",FALSE,0.208522035221362,0.288737217848691,0.080215182627329,1001466
"geo_component_0090",NA,NA,"27",NA,TRUE,"kumar_somanathan_exact_amalgamation","1981_1991",1981,1991,"primary_plus_share_population","education","Primary-school-or-higher share of population",FALSE,0.241462911656849,0.336162802983304,0.094699891326455,1477656
"geo_component_0092",NA,NA,"27",NA,TRUE,"kumar_somanathan_exact_amalgamation","1981_1991",1981,1991,"primary_plus_share_population","education","Primary-school-or-higher share of population",FALSE,0.403972711797037,0.504324885561578,0.100352173764541,1508420
"geo_component_0093",NA,NA,"27",NA,TRUE,"kumar_somanathan_exact_amalgamation","1981_1991",1981,1991,"primary_plus_share_population","education","Primary-school-or-higher share of population",FALSE,0.283338875051222,0.404659453822281,0.121320578771059,1272673
"geo_component_0109",NA,NA,"21",NA,TRUE,"kumar_somanathan_exact_amalgamation","1981_1991",1981,1991,"primary_plus_share_population","education","Primary-school-or-higher share of population",FALSE,0.277549256826823,NA,NA,3062919
"geo_component_0110",NA,NA,"21",NA,TRUE,"kumar_somanathan_exact_amalgamation","1981_1991",1981,1991,"primary_plus_share_population","education","Primary-school-or-higher share of population",FALSE,0.197565433630678,NA,NA,1026466
"geo_component_0111",NA,NA,"21",NA,TRUE,"kumar_somanathan_exact_amalgamation","1981_1991",1981,1991,"primary_plus_share_population","education","Primary-school-or-higher share of population",FALSE,0.100630081422231,NA,NA,946854
"geo_component_0112",NA,NA,"21",NA,TRUE,"kumar_somanathan_exact_amalgamation","1981_1991",1981,1991,"primary_plus_share_population","education","Primary-school-or-higher share of population",FALSE,0.107930942167991,NA,NA,1561071
"geo_component_0113",NA,NA,"21",NA,TRUE,"kumar_somanathan_exact_amalgamation","1981_1991",1981,1991,"primary_plus_share_population","education","Primary-school-or-higher share of population",FALSE,0.256830004330642,NA,NA,1865207
"geo_component_0115",NA,NA,"08",NA,TRUE,"kumar_somanathan_exact_amalgamation","1981_1991",1981,1991,"primary_plus_share_population","education","Primary-school-or-higher share of population",FALSE,0.167120885424518,0.247517613146505,0.080396727721987,1099725
"geo_component_0116",NA,NA,"08",NA,TRUE,"kumar_somanathan_exact_amalgamation","1981_1991",1981,1991,"primary_plus_share_population","education","Primary-school-or-higher share of population",FALSE,0.190889476406876,0.263525949112724,0.072636472705848,2835631
"geo_component_0117",NA,NA,"08",NA,TRUE,"kumar_somanathan_exact_amalgamation","1981_1991",1981,1991,"primary_plus_share_population","education","Primary-school-or-higher share of population",FALSE,0.0990488806246452,0.155774606187793,0.0567257255631478,141135
"geo_component_0118",NA,NA,"08",NA,TRUE,"kumar_somanathan_exact_amalgamation","1981_1991",1981,1991,"primary_plus_share_population","education","Primary-school-or-higher share of population",FALSE,0.178721434520273,0.236178785715977,0.057457351195704,884866
"geo_component_0119",NA,NA,"08",NA,TRUE,"kumar_somanathan_exact_amalgamation","1981_1991",1981,1991,"primary_plus_share_population","education","Primary-school-or-higher share of population",FALSE,0.137572185175898,0.198228914190664,0.060656729014766,1426644
"geo_component_0120",NA,NA,"08",NA,TRUE,"kumar_somanathan_exact_amalgamation","1981_1991",1981,1991,"primary_plus_share_population","education","Primary-school-or-higher share of population",FALSE,0.125099236433144,0.179900499579356,0.054801263146212,338010
"geo_component_0121",NA,NA,"08",NA,TRUE,"kumar_somanathan_exact_amalgamation","1981_1991",1981,1991,"primary_plus_share_population","education","Primary-school-or-higher share of population",FALSE,0.201801659716986,0.2740976477117,0.072295987994714,847116
"geo_component_0122",NA,NA,"08",NA,TRUE,"kumar_somanathan_exact_amalgamation","1981_1991",1981,1991,"primary_plus_share_population","education","Primary-school-or-higher share of population",FALSE,0.117591382398426,0.177729523674176,0.06013814127575,491882
"geo_component_0123",NA,NA,"33",NA,TRUE,"kumar_somanathan_exact_amalgamation","1981_1991",1981,1991,"primary_plus_share_population","education","Primary-school-or-higher share of population",FALSE,0.554788742796697,0.609905357323223,0.0551166145265261,1812165
"geo_component_0124",NA,NA,"33",NA,TRUE,"kumar_somanathan_exact_amalgamation","1981_1991",1981,1991,"primary_plus_share_population","education","Primary-school-or-higher share of population",FALSE,0.342970977311682,0.431582380678003,0.088611403366321,3000210
"geo_component_0125",NA,NA,"33",NA,TRUE,"kumar_somanathan_exact_amalgamation","1981_1991",1981,1991,"primary_plus_share_population","education","Primary-school-or-higher share of population",FALSE,0.332295905308255,0.412164414732999,0.079868509424744,3211469
"geo_component_0127",NA,NA,"33",NA,TRUE,"kumar_somanathan_exact_amalgamation","1981_1991",1981,1991,"primary_plus_share_population","education","Primary-school-or-higher share of population",FALSE,0.304433272161939,0.383891075015308,0.079457802853369,2421546
"geo_component_0130",NA,NA,"05",NA,TRUE,"kumar_somanathan_exact_amalgamation","1981_1991",1981,1991,"primary_plus_share_population","education","Primary-school-or-higher share of population",FALSE,0.236550071775394,0.350109475565885,0.113559403790491,2006736
"geo_component_0131",NA,NA,"05",NA,TRUE,"kumar_somanathan_exact_amalgamation","1981_1991",1981,1991,"primary_plus_share_population","education","Primary-school-or-higher share of population",FALSE,0.227198487403169,0.345446004563618,0.118247517160449,547770
"geo_component_0132",NA,NA,"09",NA,TRUE,"kumar_somanathan_exact_amalgamation","1981_1991",1981,1991,"primary_plus_share_population","education","Primary-school-or-higher share of population",FALSE,0.1668625316551,0.243877318629582,0.077014786974482,1190987
"geo_component_0133",NA,NA,"09",NA,TRUE,"kumar_somanathan_exact_amalgamation","1981_1991",1981,1991,"primary_plus_share_population","education","Primary-school-or-higher share of population",FALSE,0.133843969307228,0.187443688296751,0.053599718989523,1973801
"geo_component_0134",NA,NA,"09",NA,TRUE,"kumar_somanathan_exact_amalgamation","1981_1991",1981,1991,"primary_plus_share_population","education","Primary-school-or-higher share of population",FALSE,0.195882944133311,0.272070591175171,0.07618764704186,1615478
"geo_component_0136",NA,NA,"09",NA,TRUE,"kumar_somanathan_exact_amalgamation","1981_1991",1981,1991,"primary_plus_share_population","education","Primary-school-or-higher share of population",FALSE,0.191992304198705,0.253794225804148,0.061801921605443,1444921
"geo_component_0139",NA,NA,"09",NA,TRUE,"kumar_somanathan_exact_amalgamation","1981_1991",1981,1991,"primary_plus_share_population","education","Primary-school-or-higher share of population",FALSE,0.211572501820876,0.280191491836497,0.068618990015621,2836554
"geo_component_0140",NA,NA,"09",NA,TRUE,"kumar_somanathan_exact_amalgamation","1981_1991",1981,1991,"primary_plus_share_population","education","Primary-school-or-higher share of population",FALSE,0.229871480037099,0.274301795587893,0.044430315550794,1862142
"geo_component_0142",NA,NA,"09",NA,TRUE,"kumar_somanathan_exact_amalgamation","1981_1991",1981,1991,"primary_plus_share_population","education","Primary-school-or-higher share of population",FALSE,0.240894036155467,0.320164319508368,0.079270283352901,2363096
"geo_component_0143",NA,NA,"09",NA,TRUE,"kumar_somanathan_exact_amalgamation","1981_1991",1981,1991,"primary_plus_share_population","education","Primary-school-or-higher share of population",FALSE,0.165749748572225,0.230252086328058,0.064502337755833,1226800
"geo_component_0145",NA,NA,"09",NA,TRUE,"kumar_somanathan_exact_amalgamation","1981_1991",1981,1991,"primary_plus_share_population","education","Primary-school-or-higher share of population",FALSE,0.164133524037138,0.24314186561895,0.079008341581812,1065751
"geo_component_0149",NA,NA,"09",NA,TRUE,"kumar_somanathan_exact_amalgamation","1981_1991",1981,1991,"primary_plus_share_population","education","Primary-school-or-higher share of population",FALSE,0.18465736186732,0.26409102703343,0.07943366516611,1344175
"geo_component_0150",NA,NA,"09",NA,TRUE,"kumar_somanathan_exact_amalgamation","1981_1991",1981,1991,"primary_plus_share_population","education","Primary-school-or-higher share of population",FALSE,0.20821419905831,0.263994929002329,0.055780729944019,2364928
"geo_component_0151",NA,NA,"09",NA,TRUE,"kumar_somanathan_exact_amalgamation","1981_1991",1981,1991,"primary_plus_share_population","education","Primary-school-or-higher share of population",FALSE,0.14375506645174,0.211495216274184,0.067740149822444,1246904
"geo_component_0152",NA,NA,"19",NA,TRUE,"kumar_somanathan_exact_amalgamation","1981_1991",1981,1991,"primary_plus_share_population","education","Primary-school-or-higher share of population",FALSE,0.171512124778773,0.212440368435676,0.040928243656903,2294979
"geo_component_0153",NA,NA,"19",NA,TRUE,"kumar_somanathan_exact_amalgamation","1981_1991",1981,1991,"primary_plus_share_population","education","Primary-school-or-higher share of population",FALSE,0.26826185214285,0.328649304521667,0.060387452378817,1708801
"geo_component_0154",NA,NA,"19",NA,TRUE,"kumar_somanathan_exact_amalgamation","1981_1991",1981,1991,"primary_plus_share_population","education","Primary-school-or-higher share of population",FALSE,0.579334500451739,0.601819074830124,0.022484574378385,2927289
"geo_component_0001",NA,NA,"28",NA,TRUE,"kumar_somanathan_exact_amalgamation","1981_1991",1981,1991,"matriculate_plus_share_population","education","Matriculate-or-higher share of population",FALSE,0.0330619510940352,0.0649171996694708,0.0318552485754356,1555045
"geo_component_0002",NA,NA,"28",NA,TRUE,"kumar_somanathan_exact_amalgamation","1981_1991",1981,1991,"matriculate_plus_share_population","education","Matriculate-or-higher share of population",FALSE,0.0356042248181461,0.0612299811032321,0.025625756285086,1350505
"geo_component_0003",NA,NA,"28",NA,TRUE,"kumar_somanathan_exact_amalgamation","1981_1991",1981,1991,"matriculate_plus_share_population","education","Matriculate-or-higher share of population",FALSE,0.0665022866466127,0.10398565960206,0.0374833729554473,2327265
"geo_component_0004",NA,NA,"28",NA,TRUE,"kumar_somanathan_exact_amalgamation","1981_1991",1981,1991,"matriculate_plus_share_population","education","Matriculate-or-higher share of population",FALSE,0.0452924594270791,0.0836129468107392,0.0383204873836601,1671750
"geo_component_0005",NA,NA,"28",NA,TRUE,"kumar_somanathan_exact_amalgamation","1981_1991",1981,1991,"matriculate_plus_share_population","education","Matriculate-or-higher share of population",FALSE,0.0600279222722556,0.095171929472549,0.0351440072002934,1414094
"geo_component_0006",NA,NA,"28",NA,TRUE,"kumar_somanathan_exact_amalgamation","1981_1991",1981,1991,"matriculate_plus_share_population","education","Matriculate-or-higher share of population",FALSE,0.05441680828958,0.104125027061272,0.049708218771692,1900123
"geo_component_0007",NA,NA,"28",NA,TRUE,"kumar_somanathan_exact_amalgamation","1981_1991",1981,1991,"matriculate_plus_share_population","education","Matriculate-or-higher share of population",FALSE,0.0478551389814956,0.089959191669649,0.0421040526881534,3109479
"geo_component_0008",NA,NA,"28",NA,TRUE,"kumar_somanathan_exact_amalgamation","1981_1991",1981,1991,"matriculate_plus_share_population","education","Matriculate-or-higher share of population",FALSE,0.053561688847127,0.0853131357163615,0.0317514468692345,1570893
"geo_component_0010",NA,NA,"28",NA,TRUE,"kumar_somanathan_exact_amalgamation","1981_1991",1981,1991,"matriculate_plus_share_population","education","Matriculate-or-higher share of population",FALSE,0.0355390481861108,0.0712243369459864,0.0356852887598756,1232378
"geo_component_0011",NA,NA,"28",NA,TRUE,"kumar_somanathan_exact_amalgamation","1981_1991",1981,1991,"matriculate_plus_share_population","education","Matriculate-or-higher share of population",FALSE,0.0403445173881024,0.0716968464694857,0.0313523290813833,1018027
"geo_component_0012",NA,NA,"28",NA,TRUE,"kumar_somanathan_exact_amalgamation","1981_1991",1981,1991,"matriculate_plus_share_population","education","Matriculate-or-higher share of population",FALSE,0.0322474376942428,0.0730267466827858,0.040779308988543,1557779
"geo_component_0019",NA,NA,"18",NA,TRUE,"kumar_somanathan_exact_amalgamation","1981_1991",1981,1991,"matriculate_plus_share_population","education","Matriculate-or-higher share of population",FALSE,NA,0.0584818478190088,NA,1543892
"geo_component_0022",NA,NA,"18",NA,TRUE,"kumar_somanathan_exact_amalgamation","1981_1991",1981,1991,"matriculate_plus_share_population","education","Matriculate-or-higher share of population",FALSE,NA,0.119835215759679,NA,2062572
"geo_component_0023",NA,NA,"18",NA,TRUE,"kumar_somanathan_exact_amalgamation","1981_1991",1981,1991,"matriculate_plus_share_population","education","Matriculate-or-higher share of population",FALSE,NA,0.0750392835935776,NA,1289670
"geo_component_0027",NA,NA,"18",NA,TRUE,"kumar_somanathan_exact_amalgamation","1981_1991",1981,1991,"matriculate_plus_share_population","education","Matriculate-or-higher share of population",FALSE,NA,0.128223420147778,NA,1508390
"geo_component_0036",NA,NA,"10",NA,TRUE,"kumar_somanathan_exact_amalgamation","1981_1991",1981,1991,"matriculate_plus_share_population","education","Matriculate-or-higher share of population",FALSE,0.0472059240240463,0.0714976347947966,0.0242917107707503,1888178
"geo_component_0040",NA,NA,"24",NA,TRUE,"kumar_somanathan_exact_amalgamation","1981_1991",1981,1991,"matriculate_plus_share_population","education","Matriculate-or-higher share of population",FALSE,0.0569888366201405,0.0808803578873528,0.0238915212672123,663073
"geo_component_0041",NA,NA,"24",NA,TRUE,"kumar_somanathan_exact_amalgamation","1981_1991",1981,1991,"matriculate_plus_share_population","education","Matriculate-or-higher share of population",FALSE,0.0596721264814259,0.0836739078241609,0.024001781342735,3032901
"geo_component_0043",NA,NA,"24",NA,TRUE,"kumar_somanathan_exact_amalgamation","1981_1991",1981,1991,"matriculate_plus_share_population","education","Matriculate-or-higher share of population",FALSE,0.108861413661749,0.148876935903645,0.040015522241896,2419295
"geo_component_0044",NA,NA,"06",NA,TRUE,"kumar_somanathan_exact_amalgamation","1981_1991",1981,1991,"matriculate_plus_share_population","education","Matriculate-or-higher share of population",FALSE,0.111089116918997,0.162196106992208,0.051106990073211,885755
"geo_component_0048",NA,NA,"06",NA,TRUE,"kumar_somanathan_exact_amalgamation","1981_1991",1981,1991,"matriculate_plus_share_population","education","Matriculate-or-higher share of population",FALSE,0.064066082968522,0.121107595179172,0.05704151221065,582944
"geo_component_0050",NA,NA,"02",NA,TRUE,"kumar_somanathan_exact_amalgamation","1981_1991",1981,1991,"matriculate_plus_share_population","education","Matriculate-or-higher share of population",FALSE,0.0424076079795081,0.067805617286148,0.0253980093066399,215848
"geo_component_0064",NA,NA,"29",NA,TRUE,"kumar_somanathan_exact_amalgamation","1981_1991",1981,1991,"matriculate_plus_share_population","education","Matriculate-or-higher share of population",FALSE,0.0708717504797949,0.112615058686697,0.0417433082069021,1983811
"geo_component_0065",NA,NA,"29",NA,TRUE,"kumar_somanathan_exact_amalgamation","1981_1991",1981,1991,"matriculate_plus_share_population","education","Matriculate-or-higher share of population",FALSE,0.0694977409156781,0.105729944058708,0.0362322031430299,3026913
"geo_component_0066",NA,NA,"29",NA,TRUE,"kumar_somanathan_exact_amalgamation","1981_1991",1981,1991,"matriculate_plus_share_population","education","Matriculate-or-higher share of population",FALSE,0.0767265311305058,0.115526882948204,0.0388003518176982,1951573
"geo_component_0067",NA,NA,"29",NA,TRUE,"kumar_somanathan_exact_amalgamation","1981_1991",1981,1991,"matriculate_plus_share_population","education","Matriculate-or-higher share of population",FALSE,0.0391188134242094,0.0623052123328977,0.0231863989086883,1099684
"geo_component_0068",NA,NA,"29",NA,TRUE,"kumar_somanathan_exact_amalgamation","1981_1991",1981,1991,"matriculate_plus_share_population","education","Matriculate-or-higher share of population",FALSE,0.0821736997147478,0.128791405110386,0.0466177053956382,689549
"geo_component_0070",NA,NA,"32",NA,TRUE,"kumar_somanathan_exact_amalgamation","1981_1991",1981,1991,"matriculate_plus_share_population","education","Matriculate-or-higher share of population",FALSE,0.0511690787074975,0.115561321653018,0.0643922429455205,311991
"geo_component_0071",NA,NA,"32",NA,TRUE,"kumar_somanathan_exact_amalgamation","1981_1991",1981,1991,"matriculate_plus_share_population","education","Matriculate-or-higher share of population",FALSE,0.071428539615591,0.142258547043617,0.070830007428026,1373763
"geo_component_0073",NA,NA,"32",NA,TRUE,"kumar_somanathan_exact_amalgamation","1981_1991",1981,1991,"matriculate_plus_share_population","education","Matriculate-or-higher share of population",FALSE,0.124642921301537,0.218961456647007,0.09431853534547,2318433
"geo_component_0074",NA,NA,"32",NA,TRUE,"kumar_somanathan_exact_amalgamation","1981_1991",1981,1991,"matriculate_plus_share_population","education","Matriculate-or-higher share of population",FALSE,0.157449856902327,0.262923275597545,0.105473418695218,1274360
"geo_component_0077",NA,NA,"23",NA,TRUE,"kumar_somanathan_exact_amalgamation","1981_1991",1981,1991,"matriculate_plus_share_population","education","Matriculate-or-higher share of population",FALSE,0.0849735027877716,0.128248403611644,0.0432749008238724,858343
"geo_component_0080",NA,NA,"23",NA,TRUE,"kumar_somanathan_exact_amalgamation","1981_1991",1981,1991,"matriculate_plus_share_population","education","Matriculate-or-higher share of population",FALSE,0.0633086273169984,0.0889820243037663,0.0256733969867679,619576
"geo_component_0082",NA,NA,"27",NA,TRUE,"kumar_somanathan_exact_amalgamation","1981_1991",1981,1991,"matriculate_plus_share_population","education","Matriculate-or-higher share of population",FALSE,0.0484139949064823,0.087775949001119,0.0393619540946367,1827203
"geo_component_0084",NA,NA,"27",NA,TRUE,"kumar_somanathan_exact_amalgamation","1981_1991",1981,1991,"matriculate_plus_share_population","education","Matriculate-or-higher share of population",FALSE,0.0891813727738787,0.126783218555611,0.0376018457817323,1230716
"geo_component_0085",NA,NA,"27",NA,TRUE,"kumar_somanathan_exact_amalgamation","1981_1991",1981,1991,"matriculate_plus_share_population","education","Matriculate-or-higher share of population",FALSE,0.0684149993257077,0.0950212267997748,0.0266062274740671,1860119
"geo_component_0086",NA,NA,"27",NA,TRUE,"kumar_somanathan_exact_amalgamation","1981_1991",1981,1991,"matriculate_plus_share_population","education","Matriculate-or-higher share of population",FALSE,0.086998918737756,0.136618847187847,0.049619928450091,1596493
"geo_component_0088",NA,NA,"27",NA,TRUE,"kumar_somanathan_exact_amalgamation","1981_1991",1981,1991,"matriculate_plus_share_population","education","Matriculate-or-higher share of population",FALSE,0.0365801928305686,0.0617798005229011,0.0251996076923325,1206236
"geo_component_0089",NA,NA,"27",NA,TRUE,"kumar_somanathan_exact_amalgamation","1981_1991",1981,1991,"matriculate_plus_share_population","education","Matriculate-or-higher share of population",FALSE,0.0454102541671433,0.0774420549791666,0.0320318008120233,1001466
"geo_component_0090",NA,NA,"27",NA,TRUE,"kumar_somanathan_exact_amalgamation","1981_1991",1981,1991,"matriculate_plus_share_population","education","Matriculate-or-higher share of population",FALSE,0.0533183599178704,0.0908678996860108,0.0375495397681404,1477656
"geo_component_0092",NA,NA,"27",NA,TRUE,"kumar_somanathan_exact_amalgamation","1981_1991",1981,1991,"matriculate_plus_share_population","education","Matriculate-or-higher share of population",FALSE,0.118140721744461,0.183935330997564,0.065794609253103,1508420
"geo_component_0093",NA,NA,"27",NA,TRUE,"kumar_somanathan_exact_amalgamation","1981_1991",1981,1991,"matriculate_plus_share_population","education","Matriculate-or-higher share of population",FALSE,0.0506215521852962,0.10001096018322,0.0493894079979238,1272673
"geo_component_0109",NA,NA,"21",NA,TRUE,"kumar_somanathan_exact_amalgamation","1981_1991",1981,1991,"matriculate_plus_share_population","education","Matriculate-or-higher share of population",FALSE,0.0546543380573799,NA,NA,3062919
"geo_component_0110",NA,NA,"21",NA,TRUE,"kumar_somanathan_exact_amalgamation","1981_1991",1981,1991,"matriculate_plus_share_population","education","Matriculate-or-higher share of population",FALSE,0.0342484490964356,NA,NA,1026466
"geo_component_0111",NA,NA,"21",NA,TRUE,"kumar_somanathan_exact_amalgamation","1981_1991",1981,1991,"matriculate_plus_share_population","education","Matriculate-or-higher share of population",FALSE,0.0173858565463354,NA,NA,946854
"geo_component_0112",NA,NA,"21",NA,TRUE,"kumar_somanathan_exact_amalgamation","1981_1991",1981,1991,"matriculate_plus_share_population","education","Matriculate-or-higher share of population",FALSE,0.0237443161346294,NA,NA,1561071
"geo_component_0113",NA,NA,"21",NA,TRUE,"kumar_somanathan_exact_amalgamation","1981_1991",1981,1991,"matriculate_plus_share_population","education","Matriculate-or-higher share of population",FALSE,0.0537725368832045,NA,NA,1865207
"geo_component_0115",NA,NA,"08",NA,TRUE,"kumar_somanathan_exact_amalgamation","1981_1991",1981,1991,"matriculate_plus_share_population","education","Matriculate-or-higher share of population",FALSE,0.0455314077168069,0.0769444129967169,0.03141300527991,1099725
"geo_component_0116",NA,NA,"08",NA,TRUE,"kumar_somanathan_exact_amalgamation","1981_1991",1981,1991,"matriculate_plus_share_population","education","Matriculate-or-higher share of population",FALSE,0.0674275750921427,0.100555550819147,0.0331279757270043,2835631
"geo_component_0117",NA,NA,"08",NA,TRUE,"kumar_somanathan_exact_amalgamation","1981_1991",1981,1991,"matriculate_plus_share_population","education","Matriculate-or-higher share of population",FALSE,0.0302490517603113,0.0493821785282004,0.0191331267678891,141135
"geo_component_0118",NA,NA,"08",NA,TRUE,"kumar_somanathan_exact_amalgamation","1981_1991",1981,1991,"matriculate_plus_share_population","education","Matriculate-or-higher share of population",FALSE,0.0654734316230271,0.0883062462067265,0.0228328145836994,884866
"geo_component_0119",NA,NA,"08",NA,TRUE,"kumar_somanathan_exact_amalgamation","1981_1991",1981,1991,"matriculate_plus_share_population","education","Matriculate-or-higher share of population",FALSE,0.0437445029803234,0.065623138606881,0.0218786356265576,1426644
"geo_component_0120",NA,NA,"08",NA,TRUE,"kumar_somanathan_exact_amalgamation","1981_1991",1981,1991,"matriculate_plus_share_population","education","Matriculate-or-higher share of population",FALSE,0.0338545304626036,0.0510783539846906,0.017223823522087,338010
"geo_component_0121",NA,NA,"08",NA,TRUE,"kumar_somanathan_exact_amalgamation","1981_1991",1981,1991,"matriculate_plus_share_population","education","Matriculate-or-higher share of population",FALSE,0.0642454339831669,0.09692091562518,0.0326754816420131,847116
"geo_component_0122",NA,NA,"08",NA,TRUE,"kumar_somanathan_exact_amalgamation","1981_1991",1981,1991,"matriculate_plus_share_population","education","Matriculate-or-higher share of population",FALSE,0.0258968812659395,0.0462020270206725,0.020305145754733,491882
"geo_component_0123",NA,NA,"33",NA,TRUE,"kumar_somanathan_exact_amalgamation","1981_1991",1981,1991,"matriculate_plus_share_population","education","Matriculate-or-higher share of population",FALSE,0.252279634330722,0.303870519988046,0.051590885657324,1812165
"geo_component_0124",NA,NA,"33",NA,TRUE,"kumar_somanathan_exact_amalgamation","1981_1991",1981,1991,"matriculate_plus_share_population","education","Matriculate-or-higher share of population",FALSE,0.0870515768866839,0.123035482848011,0.0359839059613271,3000210
"geo_component_0125",NA,NA,"33",NA,TRUE,"kumar_somanathan_exact_amalgamation","1981_1991",1981,1991,"matriculate_plus_share_population","education","Matriculate-or-higher share of population",FALSE,0.0902736548030081,0.130216459322687,0.0399428045196789,3211469
"geo_component_0127",NA,NA,"33",NA,TRUE,"kumar_somanathan_exact_amalgamation","1981_1991",1981,1991,"matriculate_plus_share_population","education","Matriculate-or-higher share of population",FALSE,0.0728944962833955,0.105423779205427,0.0325292829220315,2421546
"geo_component_0130",NA,NA,"05",NA,TRUE,"kumar_somanathan_exact_amalgamation","1981_1991",1981,1991,"matriculate_plus_share_population","education","Matriculate-or-higher share of population",FALSE,0.0690995331320146,0.117942042409001,0.0488425092769864,2006736
"geo_component_0131",NA,NA,"05",NA,TRUE,"kumar_somanathan_exact_amalgamation","1981_1991",1981,1991,"matriculate_plus_share_population","education","Matriculate-or-higher share of population",FALSE,0.0629227606476597,0.102031156431199,0.0391083957835393,547770
"geo_component_0132",NA,NA,"09",NA,TRUE,"kumar_somanathan_exact_amalgamation","1981_1991",1981,1991,"matriculate_plus_share_population","education","Matriculate-or-higher share of population",FALSE,0.0501799396780526,0.0789335271525483,0.0287535874744957,1190987
"geo_component_0133",NA,NA,"09",NA,TRUE,"kumar_somanathan_exact_amalgamation","1981_1991",1981,1991,"matriculate_plus_share_population","education","Matriculate-or-higher share of population",FALSE,0.045709571900225,0.0674653333446573,0.0217557614444323,1973801
"geo_component_0134",NA,NA,"09",NA,TRUE,"kumar_somanathan_exact_amalgamation","1981_1991",1981,1991,"matriculate_plus_share_population","education","Matriculate-or-higher share of population",FALSE,0.0731963848963985,0.102882554535189,0.0296861696387905,1615478
"geo_component_0136",NA,NA,"09",NA,TRUE,"kumar_somanathan_exact_amalgamation","1981_1991",1981,1991,"matriculate_plus_share_population","education","Matriculate-or-higher share of population",FALSE,0.0625701531817944,0.0897548427587551,0.0271846895769607,1444921
"geo_component_0139",NA,NA,"09",NA,TRUE,"kumar_somanathan_exact_amalgamation","1981_1991",1981,1991,"matriculate_plus_share_population","education","Matriculate-or-higher share of population",FALSE,0.0738400318036685,0.112151359971595,0.0383113281679265,2836554
"geo_component_0140",NA,NA,"09",NA,TRUE,"kumar_somanathan_exact_amalgamation","1981_1991",1981,1991,"matriculate_plus_share_population","education","Matriculate-or-higher share of population",FALSE,0.0857413154561151,0.114063106024999,0.0283217905688839,1862142
"geo_component_0142",NA,NA,"09",NA,TRUE,"kumar_somanathan_exact_amalgamation","1981_1991",1981,1991,"matriculate_plus_share_population","education","Matriculate-or-higher share of population",FALSE,0.0667459820292183,0.111129761953822,0.0443837799246037,2363096
"geo_component_0143",NA,NA,"09",NA,TRUE,"kumar_somanathan_exact_amalgamation","1981_1991",1981,1991,"matriculate_plus_share_population","education","Matriculate-or-higher share of population",FALSE,0.0407211491771879,0.0736058084063921,0.0328846592292042,1226800
"geo_component_0145",NA,NA,"09",NA,TRUE,"kumar_somanathan_exact_amalgamation","1981_1991",1981,1991,"matriculate_plus_share_population","education","Matriculate-or-higher share of population",FALSE,0.0429719521680262,0.0735572789340584,0.0305853267660322,1065751
"geo_component_0149",NA,NA,"09",NA,TRUE,"kumar_somanathan_exact_amalgamation","1981_1991",1981,1991,"matriculate_plus_share_population","education","Matriculate-or-higher share of population",FALSE,0.0607152550458112,0.111940512926601,0.0512252578807898,1344175
"geo_component_0150",NA,NA,"09",NA,TRUE,"kumar_somanathan_exact_amalgamation","1981_1991",1981,1991,"matriculate_plus_share_population","education","Matriculate-or-higher share of population",FALSE,0.081087142252674,0.110341930246213,0.029254787993539,2364928
"geo_component_0151",NA,NA,"09",NA,TRUE,"kumar_somanathan_exact_amalgamation","1981_1991",1981,1991,"matriculate_plus_share_population","education","Matriculate-or-higher share of population",FALSE,0.048699727190117,0.0786924726774956,0.0299927454873786,1246904
"geo_component_0152",NA,NA,"19",NA,TRUE,"kumar_somanathan_exact_amalgamation","1981_1991",1981,1991,"matriculate_plus_share_population","education","Matriculate-or-higher share of population",FALSE,0.0359821849699477,0.0422967716837593,0.0063145867138116,2294979
"geo_component_0153",NA,NA,"19",NA,TRUE,"kumar_somanathan_exact_amalgamation","1981_1991",1981,1991,"matriculate_plus_share_population","education","Matriculate-or-higher share of population",FALSE,0.0627500419161252,0.0761613739217886,0.0134113320056634,1708801
"geo_component_0154",NA,NA,"19",NA,TRUE,"kumar_somanathan_exact_amalgamation","1981_1991",1981,1991,"matriculate_plus_share_population","education","Matriculate-or-higher share of population",FALSE,0.260626153174911,0.287677970389236,0.027051817214325,2927289
"geo_component_0001",NA,NA,"28",NA,TRUE,"kumar_somanathan_exact_amalgamation","1961_1981",1961,1981,"log_population","demography","Log population",FALSE,14.2570150420835,14.4881243642975,0.231109322214,1555045
"geo_component_0002",NA,NA,"28",NA,TRUE,"kumar_somanathan_exact_amalgamation","1961_1981",1961,1981,"log_population","demography","Log population",FALSE,14.1159891545404,14.4056256211531,0.289636466612698,1350505
"geo_component_0003",NA,NA,"28",NA,TRUE,"kumar_somanathan_exact_amalgamation","1961_1981",1961,1981,"log_population","demography","Log population",FALSE,14.6602043163334,15.0494471310654,0.389242814731999,2327265
"geo_component_0004",NA,NA,"28",NA,TRUE,"kumar_somanathan_exact_amalgamation","1961_1981",1961,1981,"log_population","demography","Log population",FALSE,14.3293815399162,14.661194688418,0.3318131485018,1671750
"geo_component_0005",NA,NA,"28",NA,TRUE,"kumar_somanathan_exact_amalgamation","1961_1981",1961,1981,"log_population","demography","Log population",FALSE,14.1619996013055,14.5160697019321,0.3540701006266,1414094
"geo_component_0006",NA,NA,"28",NA,TRUE,"kumar_somanathan_exact_amalgamation","1961_1981",1961,1981,"log_population","demography","Log population",FALSE,14.4574291788834,14.822488436236,0.3650592573526,1900123
"geo_component_0007",NA,NA,"28",NA,TRUE,"kumar_somanathan_exact_amalgamation","1961_1981",1961,1981,"log_population","demography","Log population",FALSE,14.9499657460059,15.3154273112551,0.3654615652492,3109479
"geo_component_0008",NA,NA,"28",NA,TRUE,"kumar_somanathan_exact_amalgamation","1961_1981",1961,1981,"log_population","demography","Log population",FALSE,14.2671548054338,14.6940159300724,0.4268611246386,1570893
"geo_component_0010",NA,NA,"28",NA,TRUE,"kumar_somanathan_exact_amalgamation","1961_1981",1961,1981,"log_population","demography","Log population",FALSE,14.0244561941983,14.4072554896929,0.3827992954946,1232378
"geo_component_0011",NA,NA,"28",NA,TRUE,"kumar_somanathan_exact_amalgamation","1961_1981",1961,1981,"log_population","demography","Log population",FALSE,13.8333769983342,14.334115643099,0.5007386447648,1018027
"geo_component_0012",NA,NA,"28",NA,TRUE,"kumar_somanathan_exact_amalgamation","1961_1981",1961,1981,"log_population","demography","Log population",FALSE,14.2587716468276,14.6395478334912,0.380776186663599,1557779
"geo_component_0019",NA,NA,"18",NA,TRUE,"kumar_somanathan_exact_amalgamation","1961_1981",1961,1981,"log_population","demography","Log population",FALSE,14.2498170589338,NA,NA,1543892
"geo_component_0022",NA,NA,"18",NA,TRUE,"kumar_somanathan_exact_amalgamation","1961_1981",1961,1981,"log_population","demography","Log population",FALSE,14.5394643056726,NA,NA,2062572
"geo_component_0023",NA,NA,"18",NA,TRUE,"kumar_somanathan_exact_amalgamation","1961_1981",1961,1981,"log_population","demography","Log population",FALSE,14.0698969296584,NA,NA,1289670
"geo_component_0027",NA,NA,"18",NA,TRUE,"kumar_somanathan_exact_amalgamation","1961_1981",1961,1981,"log_population","demography","Log population",FALSE,14.2265534148031,NA,NA,1508390
"geo_component_0036",NA,NA,"10",NA,TRUE,"kumar_somanathan_exact_amalgamation","1961_1981",1961,1981,"log_population","demography","Log population",FALSE,14.4511229009046,14.8986040506147,0.4474811497101,1888178
"geo_component_0040",NA,NA,"24",NA,TRUE,"kumar_somanathan_exact_amalgamation","1961_1981",1961,1981,"log_population","demography","Log population",FALSE,13.4046403686875,13.8491242348747,0.4444838661872,663073
"geo_component_0041",NA,NA,"24",NA,TRUE,"kumar_somanathan_exact_amalgamation","1961_1981",1961,1981,"log_population","demography","Log population",FALSE,14.9250301451884,15.436708252316,0.511678107127601,3032901
"geo_component_0043",NA,NA,"24",NA,TRUE,"kumar_somanathan_exact_amalgamation","1961_1981",1961,1981,"log_population","demography","Log population",FALSE,14.6989867333762,15.1647630106112,0.465776277234999,2419295
"geo_component_0044",NA,NA,"06",NA,TRUE,"kumar_somanathan_exact_amalgamation","1961_1981",1961,1981,"log_population","demography","Log population",FALSE,13.6941956676455,14.1587193387483,0.4645236711028,885755
"geo_component_0048",NA,NA,"06",NA,TRUE,"kumar_somanathan_exact_amalgamation","1961_1981",1961,1981,"log_population","demography","Log population",FALSE,13.2758464058306,13.7740633680501,0.4982169622195,582944
"geo_component_0050",NA,NA,"02",NA,TRUE,"kumar_somanathan_exact_amalgamation","1961_1981",1961,1981,"log_population","demography","Log population",FALSE,12.2823297352469,12.6480207482989,0.365691013052,215848
"geo_component_0064",NA,NA,"29",NA,TRUE,"kumar_somanathan_exact_amalgamation","1961_1981",1961,1981,"log_population","demography","Log population",FALSE,14.5005303001925,14.907581498589,0.4070511983965,1983811
"geo_component_0065",NA,NA,"29",NA,TRUE,"kumar_somanathan_exact_amalgamation","1961_1981",1961,1981,"log_population","demography","Log population",FALSE,14.9230538462628,15.4095210777887,0.4864672315259,3026913
"geo_component_0066",NA,NA,"29",NA,TRUE,"kumar_somanathan_exact_amalgamation","1961_1981",1961,1981,"log_population","demography","Log population",FALSE,14.4841462720259,14.895784726422,0.411638454396101,1951573
"geo_component_0067",NA,NA,"29",NA,TRUE,"kumar_somanathan_exact_amalgamation","1961_1981",1961,1981,"log_population","demography","Log population",FALSE,13.9105334237706,14.3942688113594,0.4837353875888,1099684
"geo_component_0068",NA,NA,"29",NA,TRUE,"kumar_somanathan_exact_amalgamation","1961_1981",1961,1981,"log_population","demography","Log population",FALSE,13.4437930396803,13.8850683365278,0.4412752968475,689549
"geo_component_0070",NA,NA,"32",NA,TRUE,"kumar_somanathan_exact_amalgamation","1961_1981",1961,1981,"log_population","demography","Log population",FALSE,12.6507296202217,13.2249668960361,0.574237275814401,311991
"geo_component_0071",NA,NA,"32",NA,TRUE,"kumar_somanathan_exact_amalgamation","1961_1981",1961,1981,"log_population","demography","Log population",FALSE,14.1330642478035,14.6243341122814,0.4912698644779,1373763
"geo_component_0073",NA,NA,"32",NA,TRUE,"kumar_somanathan_exact_amalgamation","1961_1981",1961,1981,"log_population","demography","Log population",FALSE,14.6564020844017,15.0702515688433,0.4138494844416,2318433
"geo_component_0074",NA,NA,"32",NA,TRUE,"kumar_somanathan_exact_amalgamation","1961_1981",1961,1981,"log_population","demography","Log population",FALSE,14.0579546497659,14.3446329699373,0.286678320171399,1274360
"geo_component_0077",NA,NA,"23",NA,TRUE,"kumar_somanathan_exact_amalgamation","1961_1981",1961,1981,"log_population","demography","Log population",FALSE,13.6627590654844,14.1660068533055,0.503247787821101,858343
"geo_component_0080",NA,NA,"23",NA,TRUE,"kumar_somanathan_exact_amalgamation","1961_1981",1961,1981,"log_population","demography","Log population",FALSE,13.3367906521071,13.8194418204159,0.4826511683088,619576
"geo_component_0082",NA,NA,"27",NA,TRUE,"kumar_somanathan_exact_amalgamation","1961_1981",1961,1981,"log_population","demography","Log population",FALSE,14.4182969402989,14.5628196395228,0.1445226992239,1827203
"geo_component_0084",NA,NA,"27",NA,TRUE,"kumar_somanathan_exact_amalgamation","1961_1981",1961,1981,"log_population","demography","Log population",FALSE,14.0231066718072,14.420488600679,0.3973819288718,1230716
"geo_component_0085",NA,NA,"27",NA,TRUE,"kumar_somanathan_exact_amalgamation","1961_1981",1961,1981,"log_population","demography","Log population",FALSE,14.4361510221375,14.7749159501907,0.3387649280532,1860119
"geo_component_0086",NA,NA,"27",NA,TRUE,"kumar_somanathan_exact_amalgamation","1961_1981",1961,1981,"log_population","demography","Log population",FALSE,14.2833199065361,14.7343300897271,0.451010183191,1596493
"geo_component_0088",NA,NA,"27",NA,TRUE,"kumar_somanathan_exact_amalgamation","1961_1981",1961,1981,"log_population","demography","Log population",FALSE,14.0030153253504,14.4194865763313,0.4164712509809,1206236
"geo_component_0089",NA,NA,"27",NA,TRUE,"kumar_somanathan_exact_amalgamation","1961_1981",1961,1981,"log_population","demography","Log population",FALSE,13.8169754844353,14.2116186924814,0.3946432080461,1001466
"geo_component_0090",NA,NA,"27",NA,TRUE,"kumar_somanathan_exact_amalgamation","1961_1981",1961,1981,"log_population","demography","Log population",FALSE,14.2059676064452,14.6177901316998,0.411822525254602,1477656
"geo_component_0092",NA,NA,"27",NA,TRUE,"kumar_somanathan_exact_amalgamation","1961_1981",1961,1981,"log_population","demography","Log population",FALSE,14.2265733033609,14.7667092549102,0.540135951549301,1508420
"geo_component_0093",NA,NA,"27",NA,TRUE,"kumar_somanathan_exact_amalgamation","1961_1981",1961,1981,"log_population","demography","Log population",FALSE,14.0566299710148,14.4239584139531,0.3673284429383,1272673
"geo_component_0109",NA,NA,"21",NA,TRUE,"kumar_somanathan_exact_amalgamation","1961_1981",1961,1981,"log_population","demography","Log population",FALSE,14.9348789408032,15.347808213204,0.412929272400801,3062919
"geo_component_0110",NA,NA,"21",NA,TRUE,"kumar_somanathan_exact_amalgamation","1961_1981",1961,1981,"log_population","demography","Log population",FALSE,13.8416323926325,14.2746977751668,0.4330653825343,1026466
"geo_component_0111",NA,NA,"21",NA,TRUE,"kumar_somanathan_exact_amalgamation","1961_1981",1961,1981,"log_population","demography","Log population",FALSE,13.7609001892161,14.1075770049839,0.3466768157678,946854
"geo_component_0112",NA,NA,"21",NA,TRUE,"kumar_somanathan_exact_amalgamation","1961_1981",1961,1981,"log_population","demography","Log population",FALSE,14.2608826821275,14.7253827349159,0.4645000527884,1561071
"geo_component_0113",NA,NA,"21",NA,TRUE,"kumar_somanathan_exact_amalgamation","1961_1981",1961,1981,"log_population","demography","Log population",FALSE,14.438882596858,14.8874519869342,0.4485693900762,1865207
"geo_component_0115",NA,NA,"08",NA,TRUE,"kumar_somanathan_exact_amalgamation","1961_1981",1961,1981,"log_population","demography","Log population",FALSE,13.9105707065134,14.3871525969179,0.4765818904045,1099725
"geo_component_0116",NA,NA,"08",NA,TRUE,"kumar_somanathan_exact_amalgamation","1961_1981",1961,1981,"log_population","demography","Log population",FALSE,14.8577750453338,15.4161991060961,0.558424060762301,2835631
"geo_component_0117",NA,NA,"08",NA,TRUE,"kumar_somanathan_exact_amalgamation","1961_1981",1961,1981,"log_population","demography","Log population",FALSE,11.857472158109,12.4011541139594,0.543681955850401,141135
"geo_component_0118",NA,NA,"08",NA,TRUE,"kumar_somanathan_exact_amalgamation","1961_1981",1961,1981,"log_population","demography","Log population",FALSE,13.6931915000967,14.32701055429,0.6338190541933,884866
"geo_component_0119",NA,NA,"08",NA,TRUE,"kumar_somanathan_exact_amalgamation","1961_1981",1961,1981,"log_population","demography","Log population",FALSE,14.1708353909132,14.6728827867733,0.5020473958601,1426644
"geo_component_0120",NA,NA,"08",NA,TRUE,"kumar_somanathan_exact_amalgamation","1961_1981",1961,1981,"log_population","demography","Log population",FALSE,12.7308307598263,13.2827494339448,0.551918674118498,338010
"geo_component_0121",NA,NA,"08",NA,TRUE,"kumar_somanathan_exact_amalgamation","1961_1981",1961,1981,"log_population","demography","Log population",FALSE,13.649592918212,14.2600579081006,0.6104649898886,847116
"geo_component_0122",NA,NA,"08",NA,TRUE,"kumar_somanathan_exact_amalgamation","1961_1981",1961,1981,"log_population","demography","Log population",FALSE,13.1059941293105,13.5734364489906,0.467442319680101,491882
"geo_component_0123",NA,NA,"33",NA,TRUE,"kumar_somanathan_exact_amalgamation","1961_1981",1961,1981,"log_population","demography","Log population",FALSE,14.410032821042,15.0023235716228,0.5922907505808,1812165
"geo_component_0124",NA,NA,"33",NA,TRUE,"kumar_somanathan_exact_amalgamation","1961_1981",1961,1981,"log_population","demography","Log population",FALSE,14.9141928441825,15.2175663033112,0.3033734591287,3000210
"geo_component_0125",NA,NA,"33",NA,TRUE,"kumar_somanathan_exact_amalgamation","1961_1981",1961,1981,"log_population","demography","Log population",FALSE,14.9822390228232,15.3275334169009,0.345294394077701,3211469
"geo_component_0127",NA,NA,"33",NA,TRUE,"kumar_somanathan_exact_amalgamation","1961_1981",1961,1981,"log_population","demography","Log population",FALSE,14.6999167371348,15.0201142632304,0.320197526095601,2421546
"geo_component_0130",NA,NA,"05",NA,TRUE,"kumar_somanathan_exact_amalgamation","1961_1981",1961,1981,"log_population","demography","Log population",FALSE,14.512020079515,14.955176174393,0.443156094877999,2006736
"geo_component_0131",NA,NA,"05",NA,TRUE,"kumar_somanathan_exact_amalgamation","1961_1981",1961,1981,"log_population","demography","Log population",FALSE,13.2136107697989,13.537611145544,0.324000375745101,547770
"geo_component_0132",NA,NA,"09",NA,TRUE,"kumar_somanathan_exact_amalgamation","1961_1981",1961,1981,"log_population","demography","Log population",FALSE,13.9902929330806,14.477817530633,0.487524597552401,1190987
"geo_component_0133",NA,NA,"09",NA,TRUE,"kumar_somanathan_exact_amalgamation","1961_1981",1961,1981,"log_population","demography","Log population",FALSE,14.4954716833569,14.9627244215914,0.4672527382345,1973801
"geo_component_0134",NA,NA,"09",NA,TRUE,"kumar_somanathan_exact_amalgamation","1961_1981",1961,1981,"log_population","demography","Log population",FALSE,14.2951414460791,14.7989218496433,0.5037804035642,1615478
"geo_component_0136",NA,NA,"09",NA,TRUE,"kumar_somanathan_exact_amalgamation","1961_1981",1961,1981,"log_population","demography","Log population",FALSE,14.1835652067539,14.637265090434,0.453699883680098,1444921
"geo_component_0139",NA,NA,"09",NA,TRUE,"kumar_somanathan_exact_amalgamation","1961_1981",1961,1981,"log_population","demography","Log population",FALSE,14.8581004931138,15.2350878461177,0.3769873530039,2836554
"geo_component_0140",NA,NA,"09",NA,TRUE,"kumar_somanathan_exact_amalgamation","1961_1981",1961,1981,"log_population","demography","Log population",FALSE,14.4372379959951,14.8638613005112,0.426623304516101,1862142
"geo_component_0142",NA,NA,"09",NA,TRUE,"kumar_somanathan_exact_amalgamation","1961_1981",1961,1981,"log_population","demography","Log population",FALSE,14.6754831816663,15.0593345497297,0.3838513680634,2363096
"geo_component_0143",NA,NA,"09",NA,TRUE,"kumar_somanathan_exact_amalgamation","1961_1981",1961,1981,"log_population","demography","Log population",FALSE,14.0199197112222,14.4157696730313,0.3958499618091,1226800
"geo_component_0145",NA,NA,"09",NA,TRUE,"kumar_somanathan_exact_amalgamation","1961_1981",1961,1981,"log_population","demography","Log population",FALSE,13.8791902729334,14.268127027821,0.388936754887601,1065751
"geo_component_0149",NA,NA,"09",NA,TRUE,"kumar_somanathan_exact_amalgamation","1961_1981",1961,1981,"log_population","demography","Log population",FALSE,14.1112909999222,14.4809658325469,0.3696748326247,1344175
"geo_component_0150",NA,NA,"09",NA,TRUE,"kumar_somanathan_exact_amalgamation","1961_1981",1961,1981,"log_population","demography","Log population",FALSE,14.6762581354701,15.1241152325504,0.4478570970803,2364928
"geo_component_0151",NA,NA,"09",NA,TRUE,"kumar_somanathan_exact_amalgamation","1961_1981",1961,1981,"log_population","demography","Log population",FALSE,14.0361742369353,14.5280431219235,0.491868884988198,1246904
"geo_component_0152",NA,NA,"19",NA,TRUE,"kumar_somanathan_exact_amalgamation","1961_1981",1961,1981,"log_population","demography","Log population",FALSE,14.6462342511081,15.1231815370247,0.4769472859166,2294979
"geo_component_0153",NA,NA,"19",NA,TRUE,"kumar_somanathan_exact_amalgamation","1961_1981",1961,1981,"log_population","demography","Log population",FALSE,14.3513025129538,14.9021356193802,0.550833106426399,1708801
"geo_component_0154",NA,NA,"19",NA,TRUE,"kumar_somanathan_exact_amalgamation","1961_1981",1961,1981,"log_population","demography","Log population",FALSE,14.889587296707,15.0109488466974,0.121361549990398,2927289
"geo_component_0001",NA,NA,"28",NA,TRUE,"kumar_somanathan_exact_amalgamation","1961_1981",1961,1981,"urban_share","demography","Urban share",FALSE,0.0874199781999878,0.108915600667976,0.0214956224679882,1555045
"geo_component_0002",NA,NA,"28",NA,TRUE,"kumar_somanathan_exact_amalgamation","1961_1981",1961,1981,"urban_share","demography","Urban share",FALSE,0.126257214893688,0.159350203636412,0.033092988742724,1350505
"geo_component_0003",NA,NA,"28",NA,TRUE,"kumar_somanathan_exact_amalgamation","1961_1981",1961,1981,"urban_share","demography","Urban share",FALSE,0.20743834501013,0.275335660157847,0.067897315147717,2327265
"geo_component_0004",NA,NA,"28",NA,TRUE,"kumar_somanathan_exact_amalgamation","1961_1981",1961,1981,"urban_share","demography","Urban share",FALSE,0.167763122476447,0.14993189733217,-0.017831225144277,1671750
"geo_component_0005",NA,NA,"28",NA,TRUE,"kumar_somanathan_exact_amalgamation","1961_1981",1961,1981,"urban_share","demography","Urban share",FALSE,0.110037239391441,0.207649690130276,0.097612450738835,1414094
"geo_component_0006",NA,NA,"28",NA,TRUE,"kumar_somanathan_exact_amalgamation","1961_1981",1961,1981,"urban_share","demography","Urban share",FALSE,0.11469415401003,0.168830343299787,0.054136189289757,1900123
"geo_component_0007",NA,NA,"28",NA,TRUE,"kumar_somanathan_exact_amalgamation","1961_1981",1961,1981,"urban_share","demography","Urban share",FALSE,0.155891067281689,0.202043328343728,0.046152261062039,3109479
"geo_component_0008",NA,NA,"28",NA,TRUE,"kumar_somanathan_exact_amalgamation","1961_1981",1961,1981,"urban_share","demography","Urban share",FALSE,0.192262617504821,0.244921382844424,0.052658765339603,1570893
"geo_component_0010",NA,NA,"28",NA,TRUE,"kumar_somanathan_exact_amalgamation","1961_1981",1961,1981,"urban_share","demography","Urban share",FALSE,0.0779793212796723,0.119749504603686,0.0417701833240137,1232378
"geo_component_0011",NA,NA,"28",NA,TRUE,"kumar_somanathan_exact_amalgamation","1961_1981",1961,1981,"urban_share","demography","Urban share",FALSE,0.145103224177748,0.192091602998899,0.046988378821151,1018027
"geo_component_0012",NA,NA,"28",NA,TRUE,"kumar_somanathan_exact_amalgamation","1961_1981",1961,1981,"urban_share","demography","Urban share",FALSE,0.0930671167091096,0.113838973366934,0.0207718566578244,1557779
"geo_component_0019",NA,NA,"18",NA,TRUE,"kumar_somanathan_exact_amalgamation","1961_1981",1961,1981,"urban_share","demography","Urban share",FALSE,0.0661594204775982,NA,NA,1543892
"geo_component_0022",NA,NA,"18",NA,TRUE,"kumar_somanathan_exact_amalgamation","1961_1981",1961,1981,"urban_share","demography","Urban share",FALSE,0.106420042548818,NA,NA,2062572
"geo_component_0023",NA,NA,"18",NA,TRUE,"kumar_somanathan_exact_amalgamation","1961_1981",1961,1981,"urban_share","demography","Urban share",FALSE,0.0389975730225561,NA,NA,1289670
"geo_component_0027",NA,NA,"18",NA,TRUE,"kumar_somanathan_exact_amalgamation","1961_1981",1961,1981,"urban_share","demography","Urban share",FALSE,0.0508522331757701,NA,NA,1508390
"geo_component_0036",NA,NA,"10",NA,TRUE,"kumar_somanathan_exact_amalgamation","1961_1981",1961,1981,"urban_share","demography","Urban share",FALSE,0.0453670151860682,0.0572035440413595,0.0118365288552913,1888178
"geo_component_0040",NA,NA,"24",NA,TRUE,"kumar_somanathan_exact_amalgamation","1961_1981",1961,1981,"urban_share","demography","Urban share",FALSE,0.279916389296503,0.287170090457703,0.0072537011612,663073
"geo_component_0041",NA,NA,"24",NA,TRUE,"kumar_somanathan_exact_amalgamation","1961_1981",1961,1981,"urban_share","demography","Urban share",FALSE,0.279188473346146,0.293669524461243,0.014481051115097,3032901
"geo_component_0043",NA,NA,"24",NA,TRUE,"kumar_somanathan_exact_amalgamation","1961_1981",1961,1981,"urban_share","demography","Urban share",FALSE,0.219606124924823,0.309254819572645,0.089648694647822,2419295
"geo_component_0044",NA,NA,"06",NA,TRUE,"kumar_somanathan_exact_amalgamation","1961_1981",1961,1981,"urban_share","demography","Urban share",FALSE,0.320058029590575,0.329045175361113,0.008987145770538,885755
"geo_component_0048",NA,NA,"06",NA,TRUE,"kumar_somanathan_exact_amalgamation","1961_1981",1961,1981,"urban_share","demography","Urban share",FALSE,0.125528352637646,0.130680633729414,0.00515228109176799,582944
"geo_component_0050",NA,NA,"02",NA,TRUE,"kumar_somanathan_exact_amalgamation","1961_1981",1961,1981,"urban_share","demography","Urban share",FALSE,0.0472925391942478,0.0684371052910682,0.0211445660968204,215848
"geo_component_0064",NA,NA,"29",NA,TRUE,"kumar_somanathan_exact_amalgamation","1961_1981",1961,1981,"urban_share","demography","Urban share",FALSE,0.180193072828006,0.225274791641503,0.045081718813497,1983811
"geo_component_0065",NA,NA,"29",NA,TRUE,"kumar_somanathan_exact_amalgamation","1961_1981",1961,1981,"urban_share","demography","Urban share",FALSE,0.217073962812938,0.271371018928781,0.054297056115843,3026913
"geo_component_0066",NA,NA,"29",NA,TRUE,"kumar_somanathan_exact_amalgamation","1961_1981",1961,1981,"urban_share","demography","Urban share",FALSE,0.268911795766799,0.35249111607011,0.083579320303311,1951573
"geo_component_0067",NA,NA,"29",NA,TRUE,"kumar_somanathan_exact_amalgamation","1961_1981",1961,1981,"urban_share","demography","Urban share",FALSE,0.145901004288505,0.192691871722627,0.046790867434122,1099684
"geo_component_0068",NA,NA,"29",NA,TRUE,"kumar_somanathan_exact_amalgamation","1961_1981",1961,1981,"urban_share","demography","Urban share",FALSE,0.175279784322796,0.253530205198716,0.07825042087592,689549
"geo_component_0070",NA,NA,"32",NA,TRUE,"kumar_somanathan_exact_amalgamation","1961_1981",1961,1981,"urban_share","demography","Urban share",FALSE,0.166290053238715,0,-0.166290053238715,311991
"geo_component_0071",NA,NA,"32",NA,TRUE,"kumar_somanathan_exact_amalgamation","1961_1981",1961,1981,"urban_share","demography","Urban share",FALSE,0.165256306946686,0.271786181141202,0.106529874194516,1373763
"geo_component_0073",NA,NA,"32",NA,TRUE,"kumar_somanathan_exact_amalgamation","1961_1981",1961,1981,"urban_share","demography","Urban share",FALSE,0.189392145470669,0.298700287716037,0.109308142245368,2318433
"geo_component_0074",NA,NA,"32",NA,TRUE,"kumar_somanathan_exact_amalgamation","1961_1981",1961,1981,"urban_share","demography","Urban share",FALSE,0.0954879311968361,0.0937333941306978,-0.0017545370661383,1274360
"geo_component_0077",NA,NA,"23",NA,TRUE,"kumar_somanathan_exact_amalgamation","1961_1981",1961,1981,"urban_share","demography","Urban share",FALSE,0.412280405385726,0.472189900913668,0.059909495527942,858343
"geo_component_0080",NA,NA,"23",NA,TRUE,"kumar_somanathan_exact_amalgamation","1961_1981",1961,1981,"urban_share","demography","Urban share",FALSE,0.193172427595646,0.251094937042988,0.057922509447342,619576
"geo_component_0082",NA,NA,"27",NA,TRUE,"kumar_somanathan_exact_amalgamation","1961_1981",1961,1981,"urban_share","demography","Urban share",FALSE,0.0809204012909348,0.0809530192378101,3.26179468752991e-05,1827203
"geo_component_0084",NA,NA,"27",NA,TRUE,"kumar_somanathan_exact_amalgamation","1961_1981",1961,1981,"urban_share","demography","Urban share",FALSE,0.156356137402943,0.215206650021953,0.05885051261901,1230716
"geo_component_0085",NA,NA,"27",NA,TRUE,"kumar_somanathan_exact_amalgamation","1961_1981",1961,1981,"urban_share","demography","Urban share",FALSE,0.279484269554797,0.29403205340395,0.014547783849153,1860119
"geo_component_0086",NA,NA,"27",NA,TRUE,"kumar_somanathan_exact_amalgamation","1961_1981",1961,1981,"urban_share","demography","Urban share",FALSE,0.192781928890387,0.248180407208947,0.05539847831856,1596493
"geo_component_0088",NA,NA,"27",NA,TRUE,"kumar_somanathan_exact_amalgamation","1961_1981",1961,1981,"urban_share","demography","Urban share",FALSE,0.138200153203851,0.187398121110017,0.049197967906166,1206236
"geo_component_0089",NA,NA,"27",NA,TRUE,"kumar_somanathan_exact_amalgamation","1961_1981",1961,1981,"urban_share","demography","Urban share",FALSE,0.0985045922677354,0.154620700793389,0.0561161085256536,1001466
"geo_component_0090",NA,NA,"27",NA,TRUE,"kumar_somanathan_exact_amalgamation","1961_1981",1961,1981,"urban_share","demography","Urban share",FALSE,0.105752624426795,0.153875155786284,0.048122531359489,1477656
"geo_component_0092",NA,NA,"27",NA,TRUE,"kumar_somanathan_exact_amalgamation","1961_1981",1961,1981,"urban_share","demography","Urban share",FALSE,0.520687872078068,0.567549736153006,0.046861864074938,1508420
"geo_component_0093",NA,NA,"27",NA,TRUE,"kumar_somanathan_exact_amalgamation","1961_1981",1961,1981,"urban_share","demography","Urban share",FALSE,0.108861427876603,0.131017094793851,0.022155666917248,1272673
"geo_component_0109",NA,NA,"21",NA,TRUE,"kumar_somanathan_exact_amalgamation","1961_1981",1961,1981,"urban_share","demography","Urban share",FALSE,0.0681696120596071,0.102832915658486,0.0346633035988789,3062919
"geo_component_0110",NA,NA,"21",NA,TRUE,"kumar_somanathan_exact_amalgamation","1961_1981",1961,1981,"urban_share","demography","Urban share",FALSE,0.0457638148755048,0.0781621279426733,0.0323983130671685,1026466
"geo_component_0111",NA,NA,"21",NA,TRUE,"kumar_somanathan_exact_amalgamation","1961_1981",1961,1981,"urban_share","demography","Urban share",FALSE,0.0283000335849033,0.060141488300408,0.0318414547155047,946854
"geo_component_0112",NA,NA,"21",NA,TRUE,"kumar_somanathan_exact_amalgamation","1961_1981",1961,1981,"urban_share","demography","Urban share",FALSE,0.0504448548464483,0.113108467978124,0.0626636131316757,1561071
"geo_component_0113",NA,NA,"21",NA,TRUE,"kumar_somanathan_exact_amalgamation","1961_1981",1961,1981,"urban_share","demography","Urban share",FALSE,0.0714741044827732,0.147919323392827,0.0764452189100538,1865207
"geo_component_0115",NA,NA,"08",NA,TRUE,"kumar_somanathan_exact_amalgamation","1961_1981",1961,1981,"urban_share","demography","Urban share",FALSE,0.0822378321853191,0.110774610949918,0.0285367787645989,1099725
"geo_component_0116",NA,NA,"08",NA,TRUE,"kumar_somanathan_exact_amalgamation","1961_1981",1961,1981,"urban_share","demography","Urban share",FALSE,0.209088206469742,0.29388448653914,0.084796280069398,2835631
"geo_component_0117",NA,NA,"08",NA,TRUE,"kumar_somanathan_exact_amalgamation","1961_1981",1961,1981,"urban_share","demography","Urban share",FALSE,0.0983809827470152,0.135456348063616,0.0370753653166008,141135
"geo_component_0118",NA,NA,"08",NA,TRUE,"kumar_somanathan_exact_amalgamation","1961_1981",1961,1981,"urban_share","demography","Urban share",FALSE,0.29944759997559,0.347672460158377,0.048224860182787,884866
"geo_component_0119",NA,NA,"08",NA,TRUE,"kumar_somanathan_exact_amalgamation","1961_1981",1961,1981,"urban_share","demography","Urban share",FALSE,0.109268324823852,0.150668297581757,0.041399972757905,1426644
"geo_component_0120",NA,NA,"08",NA,TRUE,"kumar_somanathan_exact_amalgamation","1961_1981",1961,1981,"urban_share","demography","Urban share",FALSE,0.153069435815508,0.170071654667434,0.017002218851926,338010
"geo_component_0121",NA,NA,"08",NA,TRUE,"kumar_somanathan_exact_amalgamation","1961_1981",1961,1981,"urban_share","demography","Urban share",FALSE,0.188686083133833,0.31933524128982,0.130649158155987,847116
"geo_component_0122",NA,NA,"08",NA,TRUE,"kumar_somanathan_exact_amalgamation","1961_1981",1961,1981,"urban_share","demography","Urban share",FALSE,0.0768172041261929,0.116581188741882,0.0397639846156891,491882
"geo_component_0123",NA,NA,"33",NA,TRUE,"kumar_somanathan_exact_amalgamation","1961_1981",1961,1981,"urban_share","demography","Urban share",FALSE,0.963689840605022,1,0.036310159394978,1812165
"geo_component_0124",NA,NA,"33",NA,TRUE,"kumar_somanathan_exact_amalgamation","1961_1981",1961,1981,"urban_share","demography","Urban share",FALSE,0.20380006732862,0.230576257922577,0.026776190593957,3000210
"geo_component_0125",NA,NA,"33",NA,TRUE,"kumar_somanathan_exact_amalgamation","1961_1981",1961,1981,"urban_share","demography","Urban share",FALSE,0.316305404162394,0.362356552628951,0.046051148466557,3211469
"geo_component_0127",NA,NA,"33",NA,TRUE,"kumar_somanathan_exact_amalgamation","1961_1981",1961,1981,"urban_share","demography","Urban share",FALSE,0.247536491150695,0.282108161539253,0.034571670388558,2421546
"geo_component_0130",NA,NA,"05",NA,TRUE,"kumar_somanathan_exact_amalgamation","1961_1981",1961,1981,"urban_share","demography","Urban share",FALSE,0.0752246434010253,0.144558874858713,0.0693342314576877,2006736
"geo_component_0131",NA,NA,"05",NA,TRUE,"kumar_somanathan_exact_amalgamation","1961_1981",1961,1981,"urban_share","demography","Urban share",FALSE,0.043010752688172,0.0628435394448971,0.0198327867567251,547770
"geo_component_0132",NA,NA,"09",NA,TRUE,"kumar_somanathan_exact_amalgamation","1961_1981",1961,1981,"urban_share","demography","Urban share",FALSE,0.164492139712692,0.247934651395557,0.083442511682865,1190987
"geo_component_0133",NA,NA,"09",NA,TRUE,"kumar_somanathan_exact_amalgamation","1961_1981",1961,1981,"urban_share","demography","Urban share",FALSE,0.22178172976911,0.269468591855099,0.047686862085989,1973801
"geo_component_0134",NA,NA,"09",NA,TRUE,"kumar_somanathan_exact_amalgamation","1961_1981",1961,1981,"urban_share","demography","Urban share",FALSE,0.230328732424707,0.270844390683437,0.04051565825873,1615478
"geo_component_0136",NA,NA,"09",NA,TRUE,"kumar_somanathan_exact_amalgamation","1961_1981",1961,1981,"urban_share","demography","Urban share",FALSE,0.132279204191786,0.217185237814065,0.084906033622279,1444921
"geo_component_0139",NA,NA,"09",NA,TRUE,"kumar_somanathan_exact_amalgamation","1961_1981",1961,1981,"urban_share","demography","Urban share",FALSE,0.164398421464918,0.222677911443033,0.058279489978115,2836554
"geo_component_0140",NA,NA,"09",NA,TRUE,"kumar_somanathan_exact_amalgamation","1961_1981",1961,1981,"urban_share","demography","Urban share",FALSE,0.358718078427961,0.380979353944104,0.022261275516143,1862142
"geo_component_0142",NA,NA,"09",NA,TRUE,"kumar_somanathan_exact_amalgamation","1961_1981",1961,1981,"urban_share","demography","Urban share",FALSE,0.0822776560918388,0.129411364505789,0.0471337084139502,2363096
"geo_component_0143",NA,NA,"09",NA,TRUE,"kumar_somanathan_exact_amalgamation","1961_1981",1961,1981,"urban_share","demography","Urban share",FALSE,0.0242720899902185,0.118690369918429,0.0944182799282105,1226800
"geo_component_0145",NA,NA,"09",NA,TRUE,"kumar_somanathan_exact_amalgamation","1961_1981",1961,1981,"urban_share","demography","Urban share",FALSE,0.0398498335915237,0.0898563425443949,0.0500065089528712,1065751
"geo_component_0149",NA,NA,"09",NA,TRUE,"kumar_somanathan_exact_amalgamation","1961_1981",1961,1981,"urban_share","demography","Urban share",FALSE,0.0379965406290104,0.0909325498001414,0.052936009171131,1344175
"geo_component_0150",NA,NA,"09",NA,TRUE,"kumar_somanathan_exact_amalgamation","1961_1981",1961,1981,"urban_share","demography","Urban share",FALSE,0.234029112091362,0.268797997085117,0.034768884993755,2364928
"geo_component_0151",NA,NA,"09",NA,TRUE,"kumar_somanathan_exact_amalgamation","1961_1981",1961,1981,"urban_share","demography","Urban share",FALSE,0.115013665847571,0.131263090632416,0.016249424784845,1246904
"geo_component_0152",NA,NA,"19",NA,TRUE,"kumar_somanathan_exact_amalgamation","1961_1981",1961,1981,"urban_share","demography","Urban share",FALSE,0.0855689747052152,0.0935802931236667,0.0080113184184515,2294979
"geo_component_0153",NA,NA,"19",NA,TRUE,"kumar_somanathan_exact_amalgamation","1961_1981",1961,1981,"urban_share","demography","Urban share",FALSE,0.184069999959036,0.215861803968824,0.031791804009788,1708801
"geo_component_0154",NA,NA,"19",NA,TRUE,"kumar_somanathan_exact_amalgamation","1961_1981",1961,1981,"urban_share","demography","Urban share",FALSE,1,1,0,2927289
"geo_component_0001",NA,NA,"28",NA,TRUE,"kumar_somanathan_exact_amalgamation","1961_1981",1961,1981,"main_worker_share","labor","Main-worker share of population",TRUE,0.501494168979033,0.43495757781144,-0.066536591167593,1555045
"geo_component_0002",NA,NA,"28",NA,TRUE,"kumar_somanathan_exact_amalgamation","1961_1981",1961,1981,"main_worker_share","labor","Main-worker share of population",TRUE,0.494259554759146,0.435253708577117,-0.059005846182029,1350505
"geo_component_0003",NA,NA,"28",NA,TRUE,"kumar_somanathan_exact_amalgamation","1961_1981",1961,1981,"main_worker_share","labor","Main-worker share of population",TRUE,0.458719140278395,0.436927392128159,-0.021791748150236,2327265
"geo_component_0004",NA,NA,"28",NA,TRUE,"kumar_somanathan_exact_amalgamation","1961_1981",1961,1981,"main_worker_share","labor","Main-worker share of population",TRUE,0.464173470913713,0.445439525131451,-0.018733945782262,1671750
"geo_component_0005",NA,NA,"28",NA,TRUE,"kumar_somanathan_exact_amalgamation","1961_1981",1961,1981,"main_worker_share","labor","Main-worker share of population",TRUE,0.472032976591372,0.427285211667797,-0.044747764923575,1414094
"geo_component_0006",NA,NA,"28",NA,TRUE,"kumar_somanathan_exact_amalgamation","1961_1981",1961,1981,"main_worker_share","labor","Main-worker share of population",TRUE,0.486234838481509,0.421061726158032,-0.065173112323477,1900123
"geo_component_0007",NA,NA,"28",NA,TRUE,"kumar_somanathan_exact_amalgamation","1961_1981",1961,1981,"main_worker_share","labor","Main-worker share of population",TRUE,0.474090997237801,0.419961234601621,-0.05412976263618,3109479
"geo_component_0008",NA,NA,"28",NA,TRUE,"kumar_somanathan_exact_amalgamation","1961_1981",1961,1981,"main_worker_share","labor","Main-worker share of population",TRUE,0.462975517746912,0.442461447456257,-0.020514070290655,1570893
"geo_component_0010",NA,NA,"28",NA,TRUE,"kumar_somanathan_exact_amalgamation","1961_1981",1961,1981,"main_worker_share","labor","Main-worker share of population",TRUE,0.515998338172217,0.447903564695355,-0.0680947734768619,1232378
"geo_component_0011",NA,NA,"28",NA,TRUE,"kumar_somanathan_exact_amalgamation","1961_1981",1961,1981,"main_worker_share","labor","Main-worker share of population",TRUE,0.544456090064409,0.480825250955091,-0.063630839109318,1018027
"geo_component_0012",NA,NA,"28",NA,TRUE,"kumar_somanathan_exact_amalgamation","1961_1981",1961,1981,"main_worker_share","labor","Main-worker share of population",TRUE,0.519420919141932,0.443940281223064,-0.075480637918868,1557779
"geo_component_0019",NA,NA,"18",NA,TRUE,"kumar_somanathan_exact_amalgamation","1961_1981",1961,1981,"main_worker_share","labor","Main-worker share of population",TRUE,0.355648581636539,NA,NA,1543892
"geo_component_0022",NA,NA,"18",NA,TRUE,"kumar_somanathan_exact_amalgamation","1961_1981",1961,1981,"main_worker_share","labor","Main-worker share of population",TRUE,0.360323906268484,NA,NA,2062572
"geo_component_0023",NA,NA,"18",NA,TRUE,"kumar_somanathan_exact_amalgamation","1961_1981",1961,1981,"main_worker_share","labor","Main-worker share of population",TRUE,0.406932005861965,NA,NA,1289670
"geo_component_0027",NA,NA,"18",NA,TRUE,"kumar_somanathan_exact_amalgamation","1961_1981",1961,1981,"main_worker_share","labor","Main-worker share of population",TRUE,0.402734040931059,NA,NA,1508390
"geo_component_0036",NA,NA,"10",NA,TRUE,"kumar_somanathan_exact_amalgamation","1961_1981",1961,1981,"main_worker_share","labor","Main-worker share of population",TRUE,0.385382628120866,0.344244013564886,-0.04113861455598,1888178
"geo_component_0040",NA,NA,"24",NA,TRUE,"kumar_somanathan_exact_amalgamation","1961_1981",1961,1981,"main_worker_share","labor","Main-worker share of population",TRUE,0.323367110408658,0.32502598664649,0.00165887623783201,663073
"geo_component_0041",NA,NA,"24",NA,TRUE,"kumar_somanathan_exact_amalgamation","1961_1981",1961,1981,"main_worker_share","labor","Main-worker share of population",TRUE,0.344899817039857,0.309231637118201,-0.035668179921656,3032901
"geo_component_0043",NA,NA,"24",NA,TRUE,"kumar_somanathan_exact_amalgamation","1961_1981",1961,1981,"main_worker_share","labor","Main-worker share of population",TRUE,0.356403828388022,0.346639536775177,-0.00976429161284498,2419295
"geo_component_0044",NA,NA,"06",NA,TRUE,"kumar_somanathan_exact_amalgamation","1961_1981",1961,1981,"main_worker_share","labor","Main-worker share of population",TRUE,0.312832555277701,0.290294956306054,-0.022537598971647,885755
"geo_component_0048",NA,NA,"06",NA,TRUE,"kumar_somanathan_exact_amalgamation","1961_1981",1961,1981,"main_worker_share","labor","Main-worker share of population",TRUE,0.276237511664928,0.236116322701689,-0.040121188963239,582944
"geo_component_0050",NA,NA,"02",NA,TRUE,"kumar_somanathan_exact_amalgamation","1961_1981",1961,1981,"main_worker_share","labor","Main-worker share of population",TRUE,0.408565286683222,0.351181274445841,-0.057384012237381,215848
"geo_component_0064",NA,NA,"29",NA,TRUE,"kumar_somanathan_exact_amalgamation","1961_1981",1961,1981,"main_worker_share","labor","Main-worker share of population",TRUE,0.372164485427291,0.360612862530365,-0.011551622896926,1983811
"geo_component_0065",NA,NA,"29",NA,TRUE,"kumar_somanathan_exact_amalgamation","1961_1981",1961,1981,"main_worker_share","labor","Main-worker share of population",TRUE,0.433689703007652,0.385160827102106,-0.0485288759055461,3026913
"geo_component_0066",NA,NA,"29",NA,TRUE,"kumar_somanathan_exact_amalgamation","1961_1981",1961,1981,"main_worker_share","labor","Main-worker share of population",TRUE,0.382071283011191,0.37978982762443,-0.002281455386761,1951573
"geo_component_0067",NA,NA,"29",NA,TRUE,"kumar_somanathan_exact_amalgamation","1961_1981",1961,1981,"main_worker_share","labor","Main-worker share of population",TRUE,0.429527937116481,0.410742775904771,-0.01878516121171,1099684
"geo_component_0068",NA,NA,"29",NA,TRUE,"kumar_somanathan_exact_amalgamation","1961_1981",1961,1981,"main_worker_share","labor","Main-worker share of population",TRUE,0.390128910345748,0.340176710813276,-0.049952199532472,689549
"geo_component_0070",NA,NA,"32",NA,TRUE,"kumar_somanathan_exact_amalgamation","1961_1981",1961,1981,"main_worker_share","labor","Main-worker share of population",TRUE,0.241564660519053,0.335426496229419,0.093861835710366,311991
"geo_component_0071",NA,NA,"32",NA,TRUE,"kumar_somanathan_exact_amalgamation","1961_1981",1961,1981,"main_worker_share","labor","Main-worker share of population",TRUE,0.246991657221806,0.218652141283991,-0.028339515937815,1373763
"geo_component_0073",NA,NA,"32",NA,TRUE,"kumar_somanathan_exact_amalgamation","1961_1981",1961,1981,"main_worker_share","labor","Main-worker share of population",TRUE,0.29413832532577,0.298254028452236,0.00411570312646597,2318433
"geo_component_0074",NA,NA,"32",NA,TRUE,"kumar_somanathan_exact_amalgamation","1961_1981",1961,1981,"main_worker_share","labor","Main-worker share of population",TRUE,0.296465676888791,0.27215893090898,-0.024306745979811,1274360
"geo_component_0077",NA,NA,"23",NA,TRUE,"kumar_somanathan_exact_amalgamation","1961_1981",1961,1981,"main_worker_share","labor","Main-worker share of population",TRUE,0.349593344385636,0.294665622367535,-0.054927722018101,858343
"geo_component_0080",NA,NA,"23",NA,TRUE,"kumar_somanathan_exact_amalgamation","1961_1981",1961,1981,"main_worker_share","labor","Main-worker share of population",TRUE,0.409013583482898,0.342515830145059,-0.066497753337839,619576
"geo_component_0082",NA,NA,"27",NA,TRUE,"kumar_somanathan_exact_amalgamation","1961_1981",1961,1981,"main_worker_share","labor","Main-worker share of population",TRUE,0.377027620904738,0.340617748877356,-0.036409872027382,1827203
"geo_component_0084",NA,NA,"27",NA,TRUE,"kumar_somanathan_exact_amalgamation","1961_1981",1961,1981,"main_worker_share","labor","Main-worker share of population",TRUE,0.365098853025393,0.341565586070865,-0.023533266954528,1230716
"geo_component_0085",NA,NA,"27",NA,TRUE,"kumar_somanathan_exact_amalgamation","1961_1981",1961,1981,"main_worker_share","labor","Main-worker share of population",TRUE,0.392913571658587,0.376616002795248,-0.016297568863339,1860119
"geo_component_0086",NA,NA,"27",NA,TRUE,"kumar_somanathan_exact_amalgamation","1961_1981",1961,1981,"main_worker_share","labor","Main-worker share of population",TRUE,0.397718624510098,0.367590859942625,-0.030127764567473,1596493
"geo_component_0088",NA,NA,"27",NA,TRUE,"kumar_somanathan_exact_amalgamation","1961_1981",1961,1981,"main_worker_share","labor","Main-worker share of population",TRUE,0.465170994730716,0.443227151523633,-0.021943843207083,1206236
"geo_component_0089",NA,NA,"27",NA,TRUE,"kumar_somanathan_exact_amalgamation","1961_1981",1961,1981,"main_worker_share","labor","Main-worker share of population",TRUE,0.468185639851977,0.403601542364555,-0.064584097487422,1001466
"geo_component_0090",NA,NA,"27",NA,TRUE,"kumar_somanathan_exact_amalgamation","1961_1981",1961,1981,"main_worker_share","labor","Main-worker share of population",TRUE,0.443325104083765,0.388672656032852,-0.054652448050913,1477656
"geo_component_0092",NA,NA,"27",NA,TRUE,"kumar_somanathan_exact_amalgamation","1961_1981",1961,1981,"main_worker_share","labor","Main-worker share of population",TRUE,0.427256997387995,0.355883840110383,-0.071373157277612,1508420
"geo_component_0093",NA,NA,"27",NA,TRUE,"kumar_somanathan_exact_amalgamation","1961_1981",1961,1981,"main_worker_share","labor","Main-worker share of population",TRUE,0.530786777121853,0.456845617897917,-0.073941159223936,1272673
"geo_component_0109",NA,NA,"21",NA,TRUE,"kumar_somanathan_exact_amalgamation","1961_1981",1961,1981,"main_worker_share","labor","Main-worker share of population",TRUE,0.308521054588776,0.276484618043553,-0.032036436545223,3062919
"geo_component_0110",NA,NA,"21",NA,TRUE,"kumar_somanathan_exact_amalgamation","1961_1981",1961,1981,"main_worker_share","labor","Main-worker share of population",TRUE,0.346087449559946,0.315293845602725,-0.030793603957221,1026466
"geo_component_0111",NA,NA,"21",NA,TRUE,"kumar_somanathan_exact_amalgamation","1961_1981",1961,1981,"main_worker_share","labor","Main-worker share of population",TRUE,0.387403971467618,0.359425683546497,-0.027978287921121,946854
"geo_component_0112",NA,NA,"21",NA,TRUE,"kumar_somanathan_exact_amalgamation","1961_1981",1961,1981,"main_worker_share","labor","Main-worker share of population",TRUE,0.440682070194117,0.388503243753535,-0.052178826440582,1561071
"geo_component_0113",NA,NA,"21",NA,TRUE,"kumar_somanathan_exact_amalgamation","1961_1981",1961,1981,"main_worker_share","labor","Main-worker share of population",TRUE,0.320785306939123,0.29141351810739,-0.029371788831733,1865207
"geo_component_0115",NA,NA,"08",NA,TRUE,"kumar_somanathan_exact_amalgamation","1961_1981",1961,1981,"main_worker_share","labor","Main-worker share of population",TRUE,0.317961308508945,0.267257348661029,-0.050703959847916,1099725
"geo_component_0116",NA,NA,"08",NA,TRUE,"kumar_somanathan_exact_amalgamation","1961_1981",1961,1981,"main_worker_share","labor","Main-worker share of population",TRUE,0.389345440221242,0.292108818338309,-0.097236621882933,2835631
"geo_component_0117",NA,NA,"08",NA,TRUE,"kumar_somanathan_exact_amalgamation","1961_1981",1961,1981,"main_worker_share","labor","Main-worker share of population",TRUE,0.391114889998937,0.32087937403839,-0.070235515960547,141135
"geo_component_0118",NA,NA,"08",NA,TRUE,"kumar_somanathan_exact_amalgamation","1961_1981",1961,1981,"main_worker_share","labor","Main-worker share of population",TRUE,0.367182149613614,0.305931018934627,-0.061251130678987,884866
"geo_component_0119",NA,NA,"08",NA,TRUE,"kumar_somanathan_exact_amalgamation","1961_1981",1961,1981,"main_worker_share","labor","Main-worker share of population",TRUE,0.3724461042839,0.301363324521131,-0.071082779762769,1426644
"geo_component_0120",NA,NA,"08",NA,TRUE,"kumar_somanathan_exact_amalgamation","1961_1981",1961,1981,"main_worker_share","labor","Main-worker share of population",TRUE,0.402387503328304,0.339317048904396,-0.063070454423908,338010
"geo_component_0121",NA,NA,"08",NA,TRUE,"kumar_somanathan_exact_amalgamation","1961_1981",1961,1981,"main_worker_share","labor","Main-worker share of population",TRUE,0.37937425334901,0.304045944823129,-0.075328308525881,847116
"geo_component_0122",NA,NA,"08",NA,TRUE,"kumar_somanathan_exact_amalgamation","1961_1981",1961,1981,"main_worker_share","labor","Main-worker share of population",TRUE,0.450026632403707,0.359576712297356,-0.090449920106351,491882
"geo_component_0123",NA,NA,"33",NA,TRUE,"kumar_somanathan_exact_amalgamation","1961_1981",1961,1981,"main_worker_share","labor","Main-worker share of population",TRUE,0.290090030433211,0.27898060868785,-0.011109421745361,1812165
"geo_component_0124",NA,NA,"33",NA,TRUE,"kumar_somanathan_exact_amalgamation","1961_1981",1961,1981,"main_worker_share","labor","Main-worker share of population",TRUE,0.391907566470347,0.363930755042703,-0.027976811427644,3000210
"geo_component_0125",NA,NA,"33",NA,TRUE,"kumar_somanathan_exact_amalgamation","1961_1981",1961,1981,"main_worker_share","labor","Main-worker share of population",TRUE,0.440228443743346,0.422128632991446,-0.0180998107519,3211469
"geo_component_0127",NA,NA,"33",NA,TRUE,"kumar_somanathan_exact_amalgamation","1961_1981",1961,1981,"main_worker_share","labor","Main-worker share of population",TRUE,0.439577030541646,0.405429333547598,-0.034147696994048,2421546
"geo_component_0130",NA,NA,"05",NA,TRUE,"kumar_somanathan_exact_amalgamation","1961_1981",1961,1981,"main_worker_share","labor","Main-worker share of population",TRUE,0.49582157294233,0.372398641850222,-0.123422931092108,2006736
"geo_component_0131",NA,NA,"05",NA,TRUE,"kumar_somanathan_exact_amalgamation","1961_1981",1961,1981,"main_worker_share","labor","Main-worker share of population",TRUE,0.453628347664166,0.315094411868392,-0.138533935795774,547770
"geo_component_0132",NA,NA,"09",NA,TRUE,"kumar_somanathan_exact_amalgamation","1961_1981",1961,1981,"main_worker_share","labor","Main-worker share of population",TRUE,0.316312436659678,0.278246713567694,-0.038065723091984,1190987
"geo_component_0133",NA,NA,"09",NA,TRUE,"kumar_somanathan_exact_amalgamation","1961_1981",1961,1981,"main_worker_share","labor","Main-worker share of population",TRUE,0.320480636092494,0.284261857632836,-0.036218778459658,1973801
"geo_component_0134",NA,NA,"09",NA,TRUE,"kumar_somanathan_exact_amalgamation","1961_1981",1961,1981,"main_worker_share","labor","Main-worker share of population",TRUE,0.334150016280011,0.292161652567493,-0.041988363712518,1615478
"geo_component_0136",NA,NA,"09",NA,TRUE,"kumar_somanathan_exact_amalgamation","1961_1981",1961,1981,"main_worker_share","labor","Main-worker share of population",TRUE,0.332659017344201,0.284866873277359,-0.047792144066842,1444921
"geo_component_0139",NA,NA,"09",NA,TRUE,"kumar_somanathan_exact_amalgamation","1961_1981",1961,1981,"main_worker_share","labor","Main-worker share of population",TRUE,0.317657622594176,0.269013283448261,-0.048644339145915,2836554
"geo_component_0140",NA,NA,"09",NA,TRUE,"kumar_somanathan_exact_amalgamation","1961_1981",1961,1981,"main_worker_share","labor","Main-worker share of population",TRUE,0.302624611871705,0.274542910441222,-0.028081701430483,1862142
"geo_component_0142",NA,NA,"09",NA,TRUE,"kumar_somanathan_exact_amalgamation","1961_1981",1961,1981,"main_worker_share","labor","Main-worker share of population",TRUE,0.321051281877672,0.26654920228675,-0.054502079590922,2363096
"geo_component_0143",NA,NA,"09",NA,TRUE,"kumar_somanathan_exact_amalgamation","1961_1981",1961,1981,"main_worker_share","labor","Main-worker share of population",TRUE,0.348556406912292,0.293447624837388,-0.055108782074904,1226800
"geo_component_0145",NA,NA,"09",NA,TRUE,"kumar_somanathan_exact_amalgamation","1961_1981",1961,1981,"main_worker_share","labor","Main-worker share of population",TRUE,0.378503984514206,0.302705191548574,-0.075798792965632,1065751
"geo_component_0149",NA,NA,"09",NA,TRUE,"kumar_somanathan_exact_amalgamation","1961_1981",1961,1981,"main_worker_share","labor","Main-worker share of population",TRUE,0.337156248256365,0.254347745628609,-0.082808502627756,1344175
"geo_component_0150",NA,NA,"09",NA,TRUE,"kumar_somanathan_exact_amalgamation","1961_1981",1961,1981,"main_worker_share","labor","Main-worker share of population",TRUE,0.343878122293787,0.278041159619844,-0.065836962673943,2364928
"geo_component_0151",NA,NA,"09",NA,TRUE,"kumar_somanathan_exact_amalgamation","1961_1981",1961,1981,"main_worker_share","labor","Main-worker share of population",TRUE,0.438679320942109,0.350442267828393,-0.088237053113716,1246904
"geo_component_0152",NA,NA,"19",NA,TRUE,"kumar_somanathan_exact_amalgamation","1961_1981",1961,1981,"main_worker_share","labor","Main-worker share of population",TRUE,0.272931909180868,0.270915189292808,-0.00201671988806001,2294979
"geo_component_0153",NA,NA,"19",NA,TRUE,"kumar_somanathan_exact_amalgamation","1961_1981",1961,1981,"main_worker_share","labor","Main-worker share of population",TRUE,0.263436175423586,0.267111815354492,0.00367563993090603,1708801
"geo_component_0154",NA,NA,"19",NA,TRUE,"kumar_somanathan_exact_amalgamation","1961_1981",1961,1981,"main_worker_share","labor","Main-worker share of population",TRUE,0.400483177438237,0.348717672524649,-0.051765504913588,2927289
"geo_component_0001",NA,NA,"28",NA,TRUE,"kumar_somanathan_exact_amalgamation","1961_1981",1961,1981,"nonfarm_worker_share_main_workers","labor","Non-farm share of main workers",TRUE,0.253130746326839,0.244614454933205,-0.00851629139363402,1555045
"geo_component_0002",NA,NA,"28",NA,TRUE,"kumar_somanathan_exact_amalgamation","1961_1981",1961,1981,"nonfarm_worker_share_main_workers","labor","Non-farm share of main workers",TRUE,0.269712359550562,0.253923744688221,-0.015788614862341,1350505
"geo_component_0003",NA,NA,"28",NA,TRUE,"kumar_somanathan_exact_amalgamation","1961_1981",1961,1981,"nonfarm_worker_share_main_workers","labor","Non-farm share of main workers",TRUE,0.368734901331165,0.2951506771727,-0.073584224158465,2327265
"geo_component_0004",NA,NA,"28",NA,TRUE,"kumar_somanathan_exact_amalgamation","1961_1981",1961,1981,"nonfarm_worker_share_main_workers","labor","Non-farm share of main workers",TRUE,0.3395052978033,0.252137695230624,-0.087367602572676,1671750
"geo_component_0005",NA,NA,"28",NA,TRUE,"kumar_somanathan_exact_amalgamation","1961_1981",1961,1981,"nonfarm_worker_share_main_workers","labor","Non-farm share of main workers",TRUE,0.328072401606594,0.290578306199822,-0.037494095406772,1414094
"geo_component_0006",NA,NA,"28",NA,TRUE,"kumar_somanathan_exact_amalgamation","1961_1981",1961,1981,"nonfarm_worker_share_main_workers","labor","Non-farm share of main workers",TRUE,0.231678330912452,0.243644036547603,0.011965705635151,1900123
"geo_component_0007",NA,NA,"28",NA,TRUE,"kumar_somanathan_exact_amalgamation","1961_1981",1961,1981,"nonfarm_worker_share_main_workers","labor","Non-farm share of main workers",TRUE,0.27678174112182,0.263891361168217,-0.012890379953603,3109479
"geo_component_0008",NA,NA,"28",NA,TRUE,"kumar_somanathan_exact_amalgamation","1961_1981",1961,1981,"nonfarm_worker_share_main_workers","labor","Non-farm share of main workers",TRUE,0.274819362423259,0.269129698808698,-0.00568966361456097,1570893
"geo_component_0010",NA,NA,"28",NA,TRUE,"kumar_somanathan_exact_amalgamation","1961_1981",1961,1981,"nonfarm_worker_share_main_workers","labor","Non-farm share of main workers",TRUE,0.23914892947846,0.2272900235229,-0.01185890595556,1232378
"geo_component_0011",NA,NA,"28",NA,TRUE,"kumar_somanathan_exact_amalgamation","1961_1981",1961,1981,"nonfarm_worker_share_main_workers","labor","Non-farm share of main workers",TRUE,0.311329656431601,0.330430615848268,0.019100959416667,1018027
"geo_component_0012",NA,NA,"28",NA,TRUE,"kumar_somanathan_exact_amalgamation","1961_1981",1961,1981,"nonfarm_worker_share_main_workers","labor","Non-farm share of main workers",TRUE,0.306425440249746,0.244935002825964,-0.061490437423782,1557779
"geo_component_0019",NA,NA,"18",NA,TRUE,"kumar_somanathan_exact_amalgamation","1961_1981",1961,1981,"nonfarm_worker_share_main_workers","labor","Non-farm share of main workers",TRUE,0.234640300282471,NA,NA,1543892
"geo_component_0022",NA,NA,"18",NA,TRUE,"kumar_somanathan_exact_amalgamation","1961_1981",1961,1981,"nonfarm_worker_share_main_workers","labor","Non-farm share of main workers",TRUE,0.343643786144668,NA,NA,2062572
"geo_component_0023",NA,NA,"18",NA,TRUE,"kumar_somanathan_exact_amalgamation","1961_1981",1961,1981,"nonfarm_worker_share_main_workers","labor","Non-farm share of main workers",TRUE,0.296298836907974,NA,NA,1289670
"geo_component_0027",NA,NA,"18",NA,TRUE,"kumar_somanathan_exact_amalgamation","1961_1981",1961,1981,"nonfarm_worker_share_main_workers","labor","Non-farm share of main workers",TRUE,0.382868571804833,NA,NA,1508390
"geo_component_0036",NA,NA,"10",NA,TRUE,"kumar_somanathan_exact_amalgamation","1961_1981",1961,1981,"nonfarm_worker_share_main_workers","labor","Non-farm share of main workers",TRUE,0.201165086969249,0.107663137066311,-0.093501949902938,1888178
"geo_component_0040",NA,NA,"24",NA,TRUE,"kumar_somanathan_exact_amalgamation","1961_1981",1961,1981,"nonfarm_worker_share_main_workers","labor","Non-farm share of main workers",TRUE,0.414171517050966,0.387392640500748,-0.026778876550218,663073
"geo_component_0041",NA,NA,"24",NA,TRUE,"kumar_somanathan_exact_amalgamation","1961_1981",1961,1981,"nonfarm_worker_share_main_workers","labor","Non-farm share of main workers",TRUE,0.371968945946023,0.350528109595205,-0.021440836350818,3032901
"geo_component_0043",NA,NA,"24",NA,TRUE,"kumar_somanathan_exact_amalgamation","1961_1981",1961,1981,"nonfarm_worker_share_main_workers","labor","Non-farm share of main workers",TRUE,0.277759479313328,0.363842929280455,0.086083449967127,2419295
"geo_component_0044",NA,NA,"06",NA,TRUE,"kumar_somanathan_exact_amalgamation","1961_1981",1961,1981,"nonfarm_worker_share_main_workers","labor","Non-farm share of main workers",TRUE,0.550483050816874,0.551251344217421,0.00076829340054696,885755
"geo_component_0048",NA,NA,"06",NA,TRUE,"kumar_somanathan_exact_amalgamation","1961_1981",1961,1981,"nonfarm_worker_share_main_workers","labor","Non-farm share of main workers",TRUE,0.307797877427328,0.402101266940361,0.094303389513033,582944
"geo_component_0050",NA,NA,"02",NA,TRUE,"kumar_somanathan_exact_amalgamation","1961_1981",1961,1981,"nonfarm_worker_share_main_workers","labor","Non-farm share of main workers",TRUE,0.181782101873271,0.306939754184627,0.125157652311356,215848
"geo_component_0064",NA,NA,"29",NA,TRUE,"kumar_somanathan_exact_amalgamation","1961_1981",1961,1981,"nonfarm_worker_share_main_workers","labor","Non-farm share of main workers",TRUE,0.251428950676144,0.288492117028057,0.037063166351913,1983811
"geo_component_0065",NA,NA,"29",NA,TRUE,"kumar_somanathan_exact_amalgamation","1961_1981",1961,1981,"nonfarm_worker_share_main_workers","labor","Non-farm share of main workers",TRUE,0.315347810421096,0.277682798596441,-0.037665011824655,3026913
"geo_component_0066",NA,NA,"29",NA,TRUE,"kumar_somanathan_exact_amalgamation","1961_1981",1961,1981,"nonfarm_worker_share_main_workers","labor","Non-farm share of main workers",TRUE,0.289718899200687,0.305076761070775,0.015357861870088,1951573
"geo_component_0067",NA,NA,"29",NA,TRUE,"kumar_somanathan_exact_amalgamation","1961_1981",1961,1981,"nonfarm_worker_share_main_workers","labor","Non-farm share of main workers",TRUE,0.242015899395569,0.211503605880779,-0.03051229351479,1099684
"geo_component_0068",NA,NA,"29",NA,TRUE,"kumar_somanathan_exact_amalgamation","1961_1981",1961,1981,"nonfarm_worker_share_main_workers","labor","Non-farm share of main workers",TRUE,0.454799582176326,0.474535278777891,0.019735696601565,689549
"geo_component_0070",NA,NA,"32",NA,TRUE,"kumar_somanathan_exact_amalgamation","1961_1981",1961,1981,"nonfarm_worker_share_main_workers","labor","Non-farm share of main workers",TRUE,0.633203301223363,0.392261952807598,-0.240941348415765,311991
"geo_component_0071",NA,NA,"32",NA,TRUE,"kumar_somanathan_exact_amalgamation","1961_1981",1961,1981,"nonfarm_worker_share_main_workers","labor","Non-farm share of main workers",TRUE,0.749731807089724,0.799493616223836,0.049761809134112,1373763
"geo_component_0073",NA,NA,"32",NA,TRUE,"kumar_somanathan_exact_amalgamation","1961_1981",1961,1981,"nonfarm_worker_share_main_workers","labor","Non-farm share of main workers",TRUE,0.681549696454234,0.650164060438489,-0.0313856360157451,2318433
"geo_component_0074",NA,NA,"32",NA,TRUE,"kumar_somanathan_exact_amalgamation","1961_1981",1961,1981,"nonfarm_worker_share_main_workers","labor","Non-farm share of main workers",TRUE,0.670384643889424,0.571861186993207,-0.098523456896217,1274360
"geo_component_0077",NA,NA,"23",NA,TRUE,"kumar_somanathan_exact_amalgamation","1961_1981",1961,1981,"nonfarm_worker_share_main_workers","labor","Non-farm share of main workers",TRUE,0.446560980567932,0.464886532586923,0.018325552018991,858343
"geo_component_0080",NA,NA,"23",NA,TRUE,"kumar_somanathan_exact_amalgamation","1961_1981",1961,1981,"nonfarm_worker_share_main_workers","labor","Non-farm share of main workers",TRUE,0.313217449637946,0.326668896223809,0.013451446585863,619576
"geo_component_0082",NA,NA,"27",NA,TRUE,"kumar_somanathan_exact_amalgamation","1961_1981",1961,1981,"nonfarm_worker_share_main_workers","labor","Non-farm share of main workers",TRUE,0.20708921100992,0.262832510602795,0.055743299592875,1827203
"geo_component_0084",NA,NA,"27",NA,TRUE,"kumar_somanathan_exact_amalgamation","1961_1981",1961,1981,"nonfarm_worker_share_main_workers","labor","Non-farm share of main workers",TRUE,0.226268713849194,0.297771787701905,0.071503073852711,1230716
"geo_component_0085",NA,NA,"27",NA,TRUE,"kumar_somanathan_exact_amalgamation","1961_1981",1961,1981,"nonfarm_worker_share_main_workers","labor","Non-farm share of main workers",TRUE,0.326248587292335,0.359971597787232,0.033723010494897,1860119
"geo_component_0086",NA,NA,"27",NA,TRUE,"kumar_somanathan_exact_amalgamation","1961_1981",1961,1981,"nonfarm_worker_share_main_workers","labor","Non-farm share of main workers",TRUE,0.235174146199337,0.324054817953683,0.088880671754346,1596493
"geo_component_0088",NA,NA,"27",NA,TRUE,"kumar_somanathan_exact_amalgamation","1961_1981",1961,1981,"nonfarm_worker_share_main_workers","labor","Non-farm share of main workers",TRUE,0.215248099289617,0.20332375467114,-0.011924344618477,1206236
"geo_component_0089",NA,NA,"27",NA,TRUE,"kumar_somanathan_exact_amalgamation","1961_1981",1961,1981,"nonfarm_worker_share_main_workers","labor","Non-farm share of main workers",TRUE,0.18863783719224,0.21115138621191,0.02251354901967,1001466
"geo_component_0090",NA,NA,"27",NA,TRUE,"kumar_somanathan_exact_amalgamation","1961_1981",1961,1981,"nonfarm_worker_share_main_workers","labor","Non-farm share of main workers",TRUE,0.18667739305919,0.196935111611443,0.010257718552253,1477656
"geo_component_0092",NA,NA,"27",NA,TRUE,"kumar_somanathan_exact_amalgamation","1961_1981",1961,1981,"nonfarm_worker_share_main_workers","labor","Non-farm share of main workers",TRUE,0.478347760918442,0.529477399719532,0.05112963880109,1508420
"geo_component_0093",NA,NA,"27",NA,TRUE,"kumar_somanathan_exact_amalgamation","1961_1981",1961,1981,"nonfarm_worker_share_main_workers","labor","Non-farm share of main workers",TRUE,0.291028514414124,0.276084618142703,-0.014943896271421,1272673
"geo_component_0109",NA,NA,"21",NA,TRUE,"kumar_somanathan_exact_amalgamation","1961_1981",1961,1981,"nonfarm_worker_share_main_workers","labor","Non-farm share of main workers",TRUE,0.34376994100373,0.315698175953593,-0.028071765050137,3062919
"geo_component_0110",NA,NA,"21",NA,TRUE,"kumar_somanathan_exact_amalgamation","1961_1981",1961,1981,"nonfarm_worker_share_main_workers","labor","Non-farm share of main workers",TRUE,0.284357081129468,0.269167185993992,-0.015189895135476,1026466
"geo_component_0111",NA,NA,"21",NA,TRUE,"kumar_somanathan_exact_amalgamation","1961_1981",1961,1981,"nonfarm_worker_share_main_workers","labor","Non-farm share of main workers",TRUE,0.205226067636274,0.13667262226285,-0.068553445373424,946854
"geo_component_0112",NA,NA,"21",NA,TRUE,"kumar_somanathan_exact_amalgamation","1961_1981",1961,1981,"nonfarm_worker_share_main_workers","labor","Non-farm share of main workers",TRUE,0.220683319378547,0.17540236507351,-0.045280954305037,1561071
"geo_component_0113",NA,NA,"21",NA,TRUE,"kumar_somanathan_exact_amalgamation","1961_1981",1961,1981,"nonfarm_worker_share_main_workers","labor","Non-farm share of main workers",TRUE,0.305860802799788,0.325059443254013,0.019198640454225,1865207
"geo_component_0115",NA,NA,"08",NA,TRUE,"kumar_somanathan_exact_amalgamation","1961_1981",1961,1981,"nonfarm_worker_share_main_workers","labor","Non-farm share of main workers",TRUE,0.246266479823834,0.278632074176259,0.032365594352425,1099725
"geo_component_0116",NA,NA,"08",NA,TRUE,"kumar_somanathan_exact_amalgamation","1961_1981",1961,1981,"nonfarm_worker_share_main_workers","labor","Non-farm share of main workers",TRUE,0.340655229882975,0.403076070867877,0.062420840984902,2835631
"geo_component_0117",NA,NA,"08",NA,TRUE,"kumar_somanathan_exact_amalgamation","1961_1981",1961,1981,"nonfarm_worker_share_main_workers","labor","Non-farm share of main workers",TRUE,0.515634057971014,0.381705128205128,-0.133928929765886,141135
"geo_component_0118",NA,NA,"08",NA,TRUE,"kumar_somanathan_exact_amalgamation","1961_1981",1961,1981,"nonfarm_worker_share_main_workers","labor","Non-farm share of main workers",TRUE,0.27825808616004,0.362249107753577,0.083991021593537,884866
"geo_component_0119",NA,NA,"08",NA,TRUE,"kumar_somanathan_exact_amalgamation","1961_1981",1961,1981,"nonfarm_worker_share_main_workers","labor","Non-farm share of main workers",TRUE,0.23629899802013,0.291848103832037,0.055549105811907,1426644
"geo_component_0120",NA,NA,"08",NA,TRUE,"kumar_somanathan_exact_amalgamation","1961_1981",1961,1981,"nonfarm_worker_share_main_workers","labor","Non-farm share of main workers",TRUE,0.279697965605723,0.30687894443524,0.027180978829517,338010
"geo_component_0121",NA,NA,"08",NA,TRUE,"kumar_somanathan_exact_amalgamation","1961_1981",1961,1981,"nonfarm_worker_share_main_workers","labor","Non-farm share of main workers",TRUE,0.389729723001861,0.443312120713722,0.053582397711861,847116
"geo_component_0122",NA,NA,"08",NA,TRUE,"kumar_somanathan_exact_amalgamation","1961_1981",1961,1981,"nonfarm_worker_share_main_workers","labor","Non-farm share of main workers",TRUE,0.194777737621973,0.199197922534338,0.00442018491236498,491882
"geo_component_0123",NA,NA,"33",NA,TRUE,"kumar_somanathan_exact_amalgamation","1961_1981",1961,1981,"nonfarm_worker_share_main_workers","labor","Non-farm share of main workers",TRUE,0.998124373443715,0.997302305839315,-0.000822067604399956,1812165
"geo_component_0124",NA,NA,"33",NA,TRUE,"kumar_somanathan_exact_amalgamation","1961_1981",1961,1981,"nonfarm_worker_share_main_workers","labor","Non-farm share of main workers",TRUE,0.320556554870918,0.290235852341923,-0.030320702528995,3000210
"geo_component_0125",NA,NA,"33",NA,TRUE,"kumar_somanathan_exact_amalgamation","1961_1981",1961,1981,"nonfarm_worker_share_main_workers","labor","Non-farm share of main workers",TRUE,0.415554046598481,0.346837050824867,-0.068716995773614,3211469
"geo_component_0127",NA,NA,"33",NA,TRUE,"kumar_somanathan_exact_amalgamation","1961_1981",1961,1981,"nonfarm_worker_share_main_workers","labor","Non-farm share of main workers",TRUE,0.339803617998301,0.371904126647953,0.032100508649652,2421546
"geo_component_0130",NA,NA,"05",NA,TRUE,"kumar_somanathan_exact_amalgamation","1961_1981",1961,1981,"nonfarm_worker_share_main_workers","labor","Non-farm share of main workers",TRUE,0.198034539283586,0.255432275357276,0.05739773607369,2006736
"geo_component_0131",NA,NA,"05",NA,TRUE,"kumar_somanathan_exact_amalgamation","1961_1981",1961,1981,"nonfarm_worker_share_main_workers","labor","Non-farm share of main workers",TRUE,0.125392379388613,0.251747372655504,0.126354993266891,547770
"geo_component_0132",NA,NA,"09",NA,TRUE,"kumar_somanathan_exact_amalgamation","1961_1981",1961,1981,"nonfarm_worker_share_main_workers","labor","Non-farm share of main workers",TRUE,0.446775358087088,0.340325022748627,-0.106450335338461,1190987
"geo_component_0133",NA,NA,"09",NA,TRUE,"kumar_somanathan_exact_amalgamation","1961_1981",1961,1981,"nonfarm_worker_share_main_workers","labor","Non-farm share of main workers",TRUE,0.304964707184242,0.302750274781738,-0.00221443240250402,1973801
"geo_component_0134",NA,NA,"09",NA,TRUE,"kumar_somanathan_exact_amalgamation","1961_1981",1961,1981,"nonfarm_worker_share_main_workers","labor","Non-farm share of main workers",TRUE,0.545993790430743,0.365448232775837,-0.180545557654906,1615478
"geo_component_0136",NA,NA,"09",NA,TRUE,"kumar_somanathan_exact_amalgamation","1961_1981",1961,1981,"nonfarm_worker_share_main_workers","labor","Non-farm share of main workers",TRUE,0.452045703253403,0.297996993483824,-0.154048709769579,1444921
"geo_component_0139",NA,NA,"09",NA,TRUE,"kumar_somanathan_exact_amalgamation","1961_1981",1961,1981,"nonfarm_worker_share_main_workers","labor","Non-farm share of main workers",TRUE,0.395450656065736,0.328953589759724,-0.066497066306012,2836554
"geo_component_0140",NA,NA,"09",NA,TRUE,"kumar_somanathan_exact_amalgamation","1961_1981",1961,1981,"nonfarm_worker_share_main_workers","labor","Non-farm share of main workers",TRUE,0.505710432452576,0.513593912582748,0.00788348013017204,1862142
"geo_component_0142",NA,NA,"09",NA,TRUE,"kumar_somanathan_exact_amalgamation","1961_1981",1961,1981,"nonfarm_worker_share_main_workers","labor","Non-farm share of main workers",TRUE,0.233798398523742,0.199127209015596,-0.034671189508146,2363096
"geo_component_0143",NA,NA,"09",NA,TRUE,"kumar_somanathan_exact_amalgamation","1961_1981",1961,1981,"nonfarm_worker_share_main_workers","labor","Non-farm share of main workers",TRUE,0.143862734413916,0.153802574625819,0.009939840211903,1226800
"geo_component_0145",NA,NA,"09",NA,TRUE,"kumar_somanathan_exact_amalgamation","1961_1981",1961,1981,"nonfarm_worker_share_main_workers","labor","Non-farm share of main workers",TRUE,0.201863700479188,0.162202193369469,-0.039661507109719,1065751
"geo_component_0149",NA,NA,"09",NA,TRUE,"kumar_somanathan_exact_amalgamation","1961_1981",1961,1981,"nonfarm_worker_share_main_workers","labor","Non-farm share of main workers",TRUE,0.255520226303351,0.189920412609488,-0.065599813693863,1344175
"geo_component_0150",NA,NA,"09",NA,TRUE,"kumar_somanathan_exact_amalgamation","1961_1981",1961,1981,"nonfarm_worker_share_main_workers","labor","Non-farm share of main workers",TRUE,0.43031698856559,0.47758670284306,0.04726971427747,2364928
"geo_component_0151",NA,NA,"09",NA,TRUE,"kumar_somanathan_exact_amalgamation","1961_1981",1961,1981,"nonfarm_worker_share_main_workers","labor","Non-farm share of main workers",TRUE,0.262569219603248,0.274693396622465,0.012124177019217,1246904
"geo_component_0152",NA,NA,"19",NA,TRUE,"kumar_somanathan_exact_amalgamation","1961_1981",1961,1981,"nonfarm_worker_share_main_workers","labor","Non-farm share of main workers",TRUE,0.352566282390844,0.311254708137878,-0.041311574252966,2294979
"geo_component_0153",NA,NA,"19",NA,TRUE,"kumar_somanathan_exact_amalgamation","1961_1981",1961,1981,"nonfarm_worker_share_main_workers","labor","Non-farm share of main workers",TRUE,0.398373911498134,0.399078287468726,0.000704375970591975,1708801
"geo_component_0154",NA,NA,"19",NA,TRUE,"kumar_somanathan_exact_amalgamation","1961_1981",1961,1981,"nonfarm_worker_share_main_workers","labor","Non-farm share of main workers",TRUE,0.999862666655293,0.995464697175045,-0.00439796948024795,2927289
"geo_component_0001",NA,NA,"28",NA,TRUE,"kumar_somanathan_exact_amalgamation","1961_1981",1961,1981,"literate_share_population","education","Literate share of population",FALSE,0.15708805854493,0.227222571544062,0.070134512999132,1555045
"geo_component_0002",NA,NA,"28",NA,TRUE,"kumar_somanathan_exact_amalgamation","1961_1981",1961,1981,"literate_share_population","education","Literate share of population",FALSE,0.163132309765606,0.217424825240717,0.054292515475111,1350505
"geo_component_0003",NA,NA,"28",NA,TRUE,"kumar_somanathan_exact_amalgamation","1961_1981",1961,1981,"literate_share_population","education","Literate share of population",FALSE,0.275574118117189,0.360554152240471,0.084980034123282,2327265
"geo_component_0004",NA,NA,"28",NA,TRUE,"kumar_somanathan_exact_amalgamation","1961_1981",1961,1981,"literate_share_population","education","Literate share of population",FALSE,0.239188275758935,0.293902611253317,0.054714335494382,1671750
"geo_component_0005",NA,NA,"28",NA,TRUE,"kumar_somanathan_exact_amalgamation","1961_1981",1961,1981,"literate_share_population","education","Literate share of population",FALSE,0.211293591515133,0.321610379581106,0.110316788065973,1414094
"geo_component_0006",NA,NA,"28",NA,TRUE,"kumar_somanathan_exact_amalgamation","1961_1981",1961,1981,"literate_share_population","education","Literate share of population",FALSE,0.209376971911818,0.318503234555309,0.109126262643491,1900123
"geo_component_0007",NA,NA,"28",NA,TRUE,"kumar_somanathan_exact_amalgamation","1961_1981",1961,1981,"literate_share_population","education","Literate share of population",FALSE,0.21103535351099,0.299214784228561,0.088179430717571,3109479
"geo_component_0008",NA,NA,"28",NA,TRUE,"kumar_somanathan_exact_amalgamation","1961_1981",1961,1981,"literate_share_population","education","Literate share of population",FALSE,0.214066776031213,0.287282136535594,0.073215360504381,1570893
"geo_component_0010",NA,NA,"28",NA,TRUE,"kumar_somanathan_exact_amalgamation","1961_1981",1961,1981,"literate_share_population","education","Literate share of population",FALSE,0.140636233363465,0.215289471368832,0.074653238005367,1232378
"geo_component_0011",NA,NA,"28",NA,TRUE,"kumar_somanathan_exact_amalgamation","1961_1981",1961,1981,"literate_share_population","education","Literate share of population",FALSE,0.1432476741776,0.217295168195427,0.074047494017827,1018027
"geo_component_0012",NA,NA,"28",NA,TRUE,"kumar_somanathan_exact_amalgamation","1961_1981",1961,1981,"literate_share_population","education","Literate share of population",FALSE,0.141109875020783,0.224391527776864,0.083281652756081,1557779
"geo_component_0019",NA,NA,"18",NA,TRUE,"kumar_somanathan_exact_amalgamation","1961_1981",1961,1981,"literate_share_population","education","Literate share of population",FALSE,0.210618359315289,NA,NA,1543892
"geo_component_0022",NA,NA,"18",NA,TRUE,"kumar_somanathan_exact_amalgamation","1961_1981",1961,1981,"literate_share_population","education","Literate share of population",FALSE,0.273593843027056,NA,NA,2062572
"geo_component_0023",NA,NA,"18",NA,TRUE,"kumar_somanathan_exact_amalgamation","1961_1981",1961,1981,"literate_share_population","education","Literate share of population",FALSE,0.229099692169315,NA,NA,1289670
"geo_component_0027",NA,NA,"18",NA,TRUE,"kumar_somanathan_exact_amalgamation","1961_1981",1961,1981,"literate_share_population","education","Literate share of population",FALSE,0.343161914359019,NA,NA,1508390
"geo_component_0036",NA,NA,"10",NA,TRUE,"kumar_somanathan_exact_amalgamation","1961_1981",1961,1981,"literate_share_population","education","Literate share of population",FALSE,0.144404288155036,0.20263436661145,0.058230078456414,1888178
"geo_component_0040",NA,NA,"24",NA,TRUE,"kumar_somanathan_exact_amalgamation","1961_1981",1961,1981,"literate_share_population","education","Literate share of population",FALSE,0.245211311575045,0.374733727524573,0.129522415949528,663073
"geo_component_0041",NA,NA,"24",NA,TRUE,"kumar_somanathan_exact_amalgamation","1961_1981",1961,1981,"literate_share_population","education","Literate share of population",FALSE,0.265173179078381,0.410408594652141,0.14523541557376,3032901
"geo_component_0043",NA,NA,"24",NA,TRUE,"kumar_somanathan_exact_amalgamation","1961_1981",1961,1981,"literate_share_population","education","Literate share of population",FALSE,0.348587501730876,0.471058177324783,0.122470675593907,2419295
"geo_component_0044",NA,NA,"06",NA,TRUE,"kumar_somanathan_exact_amalgamation","1961_1981",1961,1981,"literate_share_population","education","Literate share of population",FALSE,0.299985887745483,0.446232359416317,0.146246471670834,885755
"geo_component_0048",NA,NA,"06",NA,TRUE,"kumar_somanathan_exact_amalgamation","1961_1981",1961,1981,"literate_share_population","education","Literate share of population",FALSE,0.190416232090904,0.38610902647488,0.195692794383976,582944
"geo_component_0050",NA,NA,"02",NA,TRUE,"kumar_somanathan_exact_amalgamation","1961_1981",1961,1981,"literate_share_population","education","Literate share of population",FALSE,0.117429858048256,0.264537340871035,0.147107482822779,215848
"geo_component_0064",NA,NA,"29",NA,TRUE,"kumar_somanathan_exact_amalgamation","1961_1981",1961,1981,"literate_share_population","education","Literate share of population",FALSE,0.260275298402922,0.366408651071654,0.106133352668732,1983811
"geo_component_0065",NA,NA,"29",NA,TRUE,"kumar_somanathan_exact_amalgamation","1961_1981",1961,1981,"literate_share_population","education","Literate share of population",FALSE,0.248220216438332,0.380279092629058,0.132058876190726,3026913
"geo_component_0066",NA,NA,"29",NA,TRUE,"kumar_somanathan_exact_amalgamation","1961_1981",1961,1981,"literate_share_population","education","Literate share of population",FALSE,0.333419759342848,0.423594128916542,0.090174369573694,1951573
"geo_component_0067",NA,NA,"29",NA,TRUE,"kumar_somanathan_exact_amalgamation","1961_1981",1961,1981,"literate_share_population","education","Literate share of population",FALSE,0.156613172511376,0.247233748658779,0.090620576147403,1099684
"geo_component_0068",NA,NA,"29",NA,TRUE,"kumar_somanathan_exact_amalgamation","1961_1981",1961,1981,"literate_share_population","education","Literate share of population",FALSE,0.334396830392039,0.483477203148408,0.149080372756369,689549
"geo_component_0070",NA,NA,"32",NA,TRUE,"kumar_somanathan_exact_amalgamation","1961_1981",1961,1981,"literate_share_population","education","Literate share of population",FALSE,0.408335496857281,0.583348073917109,0.175012577059828,311991
"geo_component_0071",NA,NA,"32",NA,TRUE,"kumar_somanathan_exact_amalgamation","1961_1981",1961,1981,"literate_share_population","education","Literate share of population",FALSE,0.406273862376553,0.701236156979243,0.29496229460269,1373763
"geo_component_0073",NA,NA,"32",NA,TRUE,"kumar_somanathan_exact_amalgamation","1961_1981",1961,1981,"literate_share_population","education","Literate share of population",FALSE,0.517421033948361,0.742211278810812,0.224790244862451,2318433
"geo_component_0074",NA,NA,"32",NA,TRUE,"kumar_somanathan_exact_amalgamation","1961_1981",1961,1981,"literate_share_population","education","Literate share of population",FALSE,0.565690228820741,0.816561037137057,0.250870808316316,1274360
"geo_component_0077",NA,NA,"23",NA,TRUE,"kumar_somanathan_exact_amalgamation","1961_1981",1961,1981,"literate_share_population","education","Literate share of population",FALSE,0.248352931170872,0.370105904328301,0.121752973157429,858343
"geo_component_0080",NA,NA,"23",NA,TRUE,"kumar_somanathan_exact_amalgamation","1961_1981",1961,1981,"literate_share_population","education","Literate share of population",FALSE,0.228979172853693,0.353504545594902,0.124525372741209,619576
"geo_component_0082",NA,NA,"27",NA,TRUE,"kumar_somanathan_exact_amalgamation","1961_1981",1961,1981,"literate_share_population","education","Literate share of population",FALSE,0.284882413174672,0.477462581306117,0.192580168131445,1827203
"geo_component_0084",NA,NA,"27",NA,TRUE,"kumar_somanathan_exact_amalgamation","1961_1981",1961,1981,"literate_share_population","education","Literate share of population",FALSE,0.280713828373077,0.468737644794814,0.188023816421737,1230716
"geo_component_0085",NA,NA,"27",NA,TRUE,"kumar_somanathan_exact_amalgamation","1961_1981",1961,1981,"literate_share_population","education","Literate share of population",FALSE,0.251467244837561,0.406848817536504,0.155381572698943,1860119
"geo_component_0086",NA,NA,"27",NA,TRUE,"kumar_somanathan_exact_amalgamation","1961_1981",1961,1981,"literate_share_population","education","Literate share of population",FALSE,0.263011488305931,0.453599486101192,0.190587997795261,1596493
"geo_component_0088",NA,NA,"27",NA,TRUE,"kumar_somanathan_exact_amalgamation","1961_1981",1961,1981,"literate_share_population","education","Literate share of population",FALSE,0.153741058963586,0.30333916773898,0.149598108775394,1206236
"geo_component_0089",NA,NA,"27",NA,TRUE,"kumar_somanathan_exact_amalgamation","1961_1981",1961,1981,"literate_share_population","education","Literate share of population",FALSE,0.150917754571798,0.31792224921435,0.167004494642552,1001466
"geo_component_0090",NA,NA,"27",NA,TRUE,"kumar_somanathan_exact_amalgamation","1961_1981",1961,1981,"literate_share_population","education","Literate share of population",FALSE,0.170549843806678,0.35358106714725,0.183031223340572,1477656
"geo_component_0092",NA,NA,"27",NA,TRUE,"kumar_somanathan_exact_amalgamation","1961_1981",1961,1981,"literate_share_population","education","Literate share of population",FALSE,0.351494278781772,0.545574010617229,0.194079731835457,1508420
"geo_component_0093",NA,NA,"27",NA,TRUE,"kumar_somanathan_exact_amalgamation","1961_1981",1961,1981,"literate_share_population","education","Literate share of population",FALSE,0.241089423598992,0.439244722806174,0.198155299207182,1272673
"geo_component_0109",NA,NA,"21",NA,TRUE,"kumar_somanathan_exact_amalgamation","1961_1981",1961,1981,"literate_share_population","education","Literate share of population",FALSE,0.298114641621277,0.454257474939509,0.156142833318232,3062919
"geo_component_0110",NA,NA,"21",NA,TRUE,"kumar_somanathan_exact_amalgamation","1961_1981",1961,1981,"literate_share_population","education","Literate share of population",FALSE,0.234545518312345,0.368831687396978,0.134286169084633,1026466
"geo_component_0111",NA,NA,"21",NA,TRUE,"kumar_somanathan_exact_amalgamation","1961_1981",1961,1981,"literate_share_population","education","Literate share of population",FALSE,0.110554531110393,0.194186494542978,0.083631963432585,946854
"geo_component_0112",NA,NA,"21",NA,TRUE,"kumar_somanathan_exact_amalgamation","1961_1981",1961,1981,"literate_share_population","education","Literate share of population",FALSE,0.084162091282203,0.161257324361263,0.07709523307906,1561071
"geo_component_0113",NA,NA,"21",NA,TRUE,"kumar_somanathan_exact_amalgamation","1961_1981",1961,1981,"literate_share_population","education","Literate share of population",FALSE,0.294974766875741,0.455026882502666,0.160052115626925,1865207
"geo_component_0115",NA,NA,"08",NA,TRUE,"kumar_somanathan_exact_amalgamation","1961_1981",1961,1981,"literate_share_population","education","Literate share of population",FALSE,0.152797290231649,0.265287467683846,0.112490177452197,1099725
"geo_component_0116",NA,NA,"08",NA,TRUE,"kumar_somanathan_exact_amalgamation","1961_1981",1961,1981,"literate_share_population","education","Literate share of population",FALSE,0.165425261608439,0.288707387796574,0.123282126188135,2835631
"geo_component_0117",NA,NA,"08",NA,TRUE,"kumar_somanathan_exact_amalgamation","1961_1981",1961,1981,"literate_share_population","education","Literate share of population",FALSE,0.0817019166046693,0.157963156465719,0.0762612398610497,141135
"geo_component_0118",NA,NA,"08",NA,TRUE,"kumar_somanathan_exact_amalgamation","1961_1981",1961,1981,"literate_share_population","education","Literate share of population",FALSE,0.185675571216433,0.266422471400793,0.08074690018436,884866
"geo_component_0119",NA,NA,"08",NA,TRUE,"kumar_somanathan_exact_amalgamation","1961_1981",1961,1981,"literate_share_population","education","Literate share of population",FALSE,0.13595823485046,0.22014044368188,0.08418220883142,1426644
"geo_component_0120",NA,NA,"08",NA,TRUE,"kumar_somanathan_exact_amalgamation","1961_1981",1961,1981,"literate_share_population","education","Literate share of population",FALSE,0.118499452678915,0.20140992398404,0.082910471305125,338010
"geo_component_0121",NA,NA,"08",NA,TRUE,"kumar_somanathan_exact_amalgamation","1961_1981",1961,1981,"literate_share_population","education","Literate share of population",FALSE,0.190519362165276,0.325262985131275,0.134743622965999,847116
"geo_component_0122",NA,NA,"08",NA,TRUE,"kumar_somanathan_exact_amalgamation","1961_1981",1961,1981,"literate_share_population","education","Literate share of population",FALSE,0.135892348164804,0.221125404141157,0.085233055976353,491882
"geo_component_0123",NA,NA,"33",NA,TRUE,"kumar_somanathan_exact_amalgamation","1961_1981",1961,1981,"literate_share_population","education","Literate share of population",FALSE,0.580235243479485,0.683981551732241,0.103746308252756,1812165
"geo_component_0124",NA,NA,"33",NA,TRUE,"kumar_somanathan_exact_amalgamation","1961_1981",1961,1981,"literate_share_population","education","Literate share of population",FALSE,0.335452851633719,0.503589353630881,0.168136501997162,3000210
"geo_component_0125",NA,NA,"33",NA,TRUE,"kumar_somanathan_exact_amalgamation","1961_1981",1961,1981,"literate_share_population","education","Literate share of population",FALSE,0.333845041007713,0.473631786612438,0.139786745604725,3211469
"geo_component_0127",NA,NA,"33",NA,TRUE,"kumar_somanathan_exact_amalgamation","1961_1981",1961,1981,"literate_share_population","education","Literate share of population",FALSE,0.321068028441335,0.453155913303114,0.132087884861779,2421546
"geo_component_0130",NA,NA,"05",NA,TRUE,"kumar_somanathan_exact_amalgamation","1961_1981",1961,1981,"literate_share_population","education","Literate share of population",FALSE,0.229420312387878,0.370504999963209,0.141084687575331,2006736
"geo_component_0131",NA,NA,"05",NA,TRUE,"kumar_somanathan_exact_amalgamation","1961_1981",1961,1981,"literate_share_population","education","Literate share of population",FALSE,0.213792285083155,0.377569572720443,0.163777287637288,547770
"geo_component_0132",NA,NA,"09",NA,TRUE,"kumar_somanathan_exact_amalgamation","1961_1981",1961,1981,"literate_share_population","education","Literate share of population",FALSE,0.176713095944792,0.267136295733272,0.09042319978848,1190987
"geo_component_0133",NA,NA,"09",NA,TRUE,"kumar_somanathan_exact_amalgamation","1961_1981",1961,1981,"literate_share_population","education","Literate share of population",FALSE,0.137065489378109,0.198226903739943,0.061161414361834,1973801
"geo_component_0134",NA,NA,"09",NA,TRUE,"kumar_somanathan_exact_amalgamation","1961_1981",1961,1981,"literate_share_population","education","Literate share of population",FALSE,0.200403224308842,0.29560088585972,0.095197661550878,1615478
"geo_component_0136",NA,NA,"09",NA,TRUE,"kumar_somanathan_exact_amalgamation","1961_1981",1961,1981,"literate_share_population","education","Literate share of population",FALSE,0.166757213716182,0.301008095451854,0.134250881735672,1444921
"geo_component_0139",NA,NA,"09",NA,TRUE,"kumar_somanathan_exact_amalgamation","1961_1981",1961,1981,"literate_share_population","education","Literate share of population",FALSE,0.204366283878255,0.310758983714162,0.106392699835907,2836554
"geo_component_0140",NA,NA,"09",NA,TRUE,"kumar_somanathan_exact_amalgamation","1961_1981",1961,1981,"literate_share_population","education","Literate share of population",FALSE,0.240185227549779,0.334482089015479,0.0942968614657,1862142
"geo_component_0142",NA,NA,"09",NA,TRUE,"kumar_somanathan_exact_amalgamation","1961_1981",1961,1981,"literate_share_population","education","Literate share of population",FALSE,0.213406057138601,0.353031102788155,0.139625045649554,2363096
"geo_component_0143",NA,NA,"09",NA,TRUE,"kumar_somanathan_exact_amalgamation","1961_1981",1961,1981,"literate_share_population","education","Literate share of population",FALSE,0.151375937398109,0.252764882521641,0.101388945123532,1226800
"geo_component_0145",NA,NA,"09",NA,TRUE,"kumar_somanathan_exact_amalgamation","1961_1981",1961,1981,"literate_share_population","education","Literate share of population",FALSE,0.166706857417915,0.259749138430484,0.093042281012569,1065751
"geo_component_0149",NA,NA,"09",NA,TRUE,"kumar_somanathan_exact_amalgamation","1961_1981",1961,1981,"literate_share_population","education","Literate share of population",FALSE,0.193970279167519,0.281760441169214,0.087790162001695,1344175
"geo_component_0150",NA,NA,"09",NA,TRUE,"kumar_somanathan_exact_amalgamation","1961_1981",1961,1981,"literate_share_population","education","Literate share of population",FALSE,0.235781385310673,0.318492323438546,0.082710938127873,2364928
"geo_component_0151",NA,NA,"09",NA,TRUE,"kumar_somanathan_exact_amalgamation","1961_1981",1961,1981,"literate_share_population","education","Literate share of population",FALSE,0.169371499329539,0.235790028095053,0.066418528765514,1246904
"geo_component_0152",NA,NA,"19",NA,TRUE,"kumar_somanathan_exact_amalgamation","1961_1981",1961,1981,"literate_share_population","education","Literate share of population",FALSE,0.160504736644649,0.248949304837363,0.088444568192714,2294979
"geo_component_0153",NA,NA,"19",NA,TRUE,"kumar_somanathan_exact_amalgamation","1961_1981",1961,1981,"literate_share_population","education","Literate share of population",FALSE,0.272469995043308,0.367136003573244,0.094666008529936,1708801
"geo_component_0154",NA,NA,"19",NA,TRUE,"kumar_somanathan_exact_amalgamation","1961_1981",1961,1981,"literate_share_population","education","Literate share of population",FALSE,0.592856052135611,0.691221740595932,0.098365688460321,2927289
"geo_component_0001",NA,NA,"28",NA,TRUE,"kumar_somanathan_exact_amalgamation","1961_1981",1961,1981,"primary_plus_share_population","education","Primary-school-or-higher share of population",FALSE,0.0497059570623358,0.171370943046477,0.121664985984141,1555045
"geo_component_0002",NA,NA,"28",NA,TRUE,"kumar_somanathan_exact_amalgamation","1961_1981",1961,1981,"primary_plus_share_population","education","Primary-school-or-higher share of population",FALSE,0.0585025601534241,0.185924367419061,0.127421807265637,1350505
"geo_component_0003",NA,NA,"28",NA,TRUE,"kumar_somanathan_exact_amalgamation","1961_1981",1961,1981,"primary_plus_share_population","education","Primary-school-or-higher share of population",FALSE,0.114245262142472,0.283747689770706,0.169502427628234,2327265
"geo_component_0004",NA,NA,"28",NA,TRUE,"kumar_somanathan_exact_amalgamation","1961_1981",1961,1981,"primary_plus_share_population","education","Primary-school-or-higher share of population",FALSE,0.092297891431135,0.22013409335882,0.127836201927685,1671750
"geo_component_0005",NA,NA,"28",NA,TRUE,"kumar_somanathan_exact_amalgamation","1961_1981",1961,1981,"primary_plus_share_population","education","Primary-school-or-higher share of population",FALSE,0.0739271929588839,0.244667793946932,0.170740600988048,1414094
"geo_component_0006",NA,NA,"28",NA,TRUE,"kumar_somanathan_exact_amalgamation","1961_1981",1961,1981,"primary_plus_share_population","education","Primary-school-or-higher share of population",FALSE,0.0859786445403797,0.248057221015038,0.162078576474658,1900123
"geo_component_0007",NA,NA,"28",NA,TRUE,"kumar_somanathan_exact_amalgamation","1961_1981",1961,1981,"primary_plus_share_population","education","Primary-school-or-higher share of population",FALSE,0.0682400492172483,0.227382313588241,0.159142264370993,3109479
"geo_component_0008",NA,NA,"28",NA,TRUE,"kumar_somanathan_exact_amalgamation","1961_1981",1961,1981,"primary_plus_share_population","education","Primary-school-or-higher share of population",FALSE,0.0804650603191942,0.218958259858871,0.138493199539677,1570893
"geo_component_0010",NA,NA,"28",NA,TRUE,"kumar_somanathan_exact_amalgamation","1961_1981",1961,1981,"primary_plus_share_population","education","Primary-school-or-higher share of population",FALSE,0.0284709723802275,0.14219326792239,0.113722295542163,1232378
"geo_component_0011",NA,NA,"28",NA,TRUE,"kumar_somanathan_exact_amalgamation","1961_1981",1961,1981,"primary_plus_share_population","education","Primary-school-or-higher share of population",FALSE,0.0665168998464677,0.156100287971004,0.0895833881245363,1018027
"geo_component_0012",NA,NA,"28",NA,TRUE,"kumar_somanathan_exact_amalgamation","1961_1981",1961,1981,"primary_plus_share_population","education","Primary-school-or-higher share of population",FALSE,0.0428879834687719,0.147546700530994,0.104658717062222,1557779
"geo_component_0019",NA,NA,"18",NA,TRUE,"kumar_somanathan_exact_amalgamation","1961_1981",1961,1981,"primary_plus_share_population","education","Primary-school-or-higher share of population",FALSE,0.0543600200013991,NA,NA,1543892
"geo_component_0022",NA,NA,"18",NA,TRUE,"kumar_somanathan_exact_amalgamation","1961_1981",1961,1981,"primary_plus_share_population","education","Primary-school-or-higher share of population",FALSE,0.0973740553057057,NA,NA,2062572
"geo_component_0023",NA,NA,"18",NA,TRUE,"kumar_somanathan_exact_amalgamation","1961_1981",1961,1981,"primary_plus_share_population","education","Primary-school-or-higher share of population",FALSE,0.0595291818837377,NA,NA,1289670
"geo_component_0027",NA,NA,"18",NA,TRUE,"kumar_somanathan_exact_amalgamation","1961_1981",1961,1981,"primary_plus_share_population","education","Primary-school-or-higher share of population",FALSE,0.0824050809140872,NA,NA,1508390
"geo_component_0036",NA,NA,"10",NA,TRUE,"kumar_somanathan_exact_amalgamation","1961_1981",1961,1981,"primary_plus_share_population","education","Primary-school-or-higher share of population",FALSE,0.0357831729847504,0.131555828198428,0.0957726552136776,1888178
"geo_component_0040",NA,NA,"24",NA,TRUE,"kumar_somanathan_exact_amalgamation","1961_1981",1961,1981,"primary_plus_share_population","education","Primary-school-or-higher share of population",FALSE,0.151550432606968,0.193244922330144,0.041694489723176,663073
"geo_component_0041",NA,NA,"24",NA,TRUE,"kumar_somanathan_exact_amalgamation","1961_1981",1961,1981,"primary_plus_share_population","education","Primary-school-or-higher share of population",FALSE,0.195028785970924,0.200036132580479,0.00500734660955501,3032901
"geo_component_0043",NA,NA,"24",NA,TRUE,"kumar_somanathan_exact_amalgamation","1961_1981",1961,1981,"primary_plus_share_population","education","Primary-school-or-higher share of population",FALSE,0.24020675444706,0.276968761277277,0.036762006830217,2419295
"geo_component_0044",NA,NA,"06",NA,TRUE,"kumar_somanathan_exact_amalgamation","1961_1981",1961,1981,"primary_plus_share_population","education","Primary-school-or-higher share of population",FALSE,0.18370768440483,0.317139222526593,0.133431538121763,885755
"geo_component_0048",NA,NA,"06",NA,TRUE,"kumar_somanathan_exact_amalgamation","1961_1981",1961,1981,"primary_plus_share_population","education","Primary-school-or-higher share of population",FALSE,0.084435211615524,0.247910152178445,0.163474940562921,582944
"geo_component_0050",NA,NA,"02",NA,TRUE,"kumar_somanathan_exact_amalgamation","1961_1981",1961,1981,"primary_plus_share_population","education","Primary-school-or-higher share of population",FALSE,0.0497109076757718,0.1513850366547,0.101674128978928,215848
"geo_component_0064",NA,NA,"29",NA,TRUE,"kumar_somanathan_exact_amalgamation","1961_1981",1961,1981,"primary_plus_share_population","education","Primary-school-or-higher share of population",FALSE,0.0923359130481684,0.263780515628565,0.171444602580397,1983811
"geo_component_0065",NA,NA,"29",NA,TRUE,"kumar_somanathan_exact_amalgamation","1961_1981",1961,1981,"primary_plus_share_population","education","Primary-school-or-higher share of population",FALSE,0.0433355699354425,0.272648170847504,0.229312600912061,3026913
"geo_component_0066",NA,NA,"29",NA,TRUE,"kumar_somanathan_exact_amalgamation","1961_1981",1961,1981,"primary_plus_share_population","education","Primary-school-or-higher share of population",FALSE,0.0797443908068005,0.292638195313712,0.212893804506911,1951573
"geo_component_0067",NA,NA,"29",NA,TRUE,"kumar_somanathan_exact_amalgamation","1961_1981",1961,1981,"primary_plus_share_population","education","Primary-school-or-higher share of population",FALSE,0.034748164018027,0.160720071845733,0.125971907827706,1099684
"geo_component_0068",NA,NA,"29",NA,TRUE,"kumar_somanathan_exact_amalgamation","1961_1981",1961,1981,"primary_plus_share_population","education","Primary-school-or-higher share of population",FALSE,0.107956069836951,0.331056664247589,0.223100594410638,689549
"geo_component_0070",NA,NA,"32",NA,TRUE,"kumar_somanathan_exact_amalgamation","1961_1981",1961,1981,"primary_plus_share_population","education","Primary-school-or-higher share of population",FALSE,0.127141488055745,0.383987394093418,0.256845906037673,311991
"geo_component_0071",NA,NA,"32",NA,TRUE,"kumar_somanathan_exact_amalgamation","1961_1981",1961,1981,"primary_plus_share_population","education","Primary-school-or-higher share of population",FALSE,0.123598466402138,0.503263534593912,0.379665068191774,1373763
"geo_component_0073",NA,NA,"32",NA,TRUE,"kumar_somanathan_exact_amalgamation","1961_1981",1961,1981,"primary_plus_share_population","education","Primary-school-or-higher share of population",FALSE,0.172761084749915,0.526254587345627,0.353493502595712,2318433
"geo_component_0074",NA,NA,"32",NA,TRUE,"kumar_somanathan_exact_amalgamation","1961_1981",1961,1981,"primary_plus_share_population","education","Primary-school-or-higher share of population",FALSE,0.203292633164883,0.631054256934847,0.427761623769964,1274360
"geo_component_0077",NA,NA,"23",NA,TRUE,"kumar_somanathan_exact_amalgamation","1961_1981",1961,1981,"primary_plus_share_population","education","Primary-school-or-higher share of population",FALSE,0.0584824481588363,0.247583414801813,0.189100966642977,858343
"geo_component_0080",NA,NA,"23",NA,TRUE,"kumar_somanathan_exact_amalgamation","1961_1981",1961,1981,"primary_plus_share_population","education","Primary-school-or-higher share of population",FALSE,0.0746946298759151,0.194307622275855,0.11961299239994,619576
"geo_component_0082",NA,NA,"27",NA,TRUE,"kumar_somanathan_exact_amalgamation","1961_1981",1961,1981,"primary_plus_share_population","education","Primary-school-or-higher share of population",FALSE,0.135895135898967,0.30298378590364,0.167088650004673,1827203
"geo_component_0084",NA,NA,"27",NA,TRUE,"kumar_somanathan_exact_amalgamation","1961_1981",1961,1981,"primary_plus_share_population","education","Primary-school-or-higher share of population",FALSE,0.157823575869656,0.340630686124818,0.182807110255162,1230716
"geo_component_0085",NA,NA,"27",NA,TRUE,"kumar_somanathan_exact_amalgamation","1961_1981",1961,1981,"primary_plus_share_population","education","Primary-school-or-higher share of population",FALSE,0.137512169920312,0.283428423872399,0.145916253952087,1860119
"geo_component_0086",NA,NA,"27",NA,TRUE,"kumar_somanathan_exact_amalgamation","1961_1981",1961,1981,"primary_plus_share_population","education","Primary-school-or-higher share of population",FALSE,0.149773910690495,0.324718612473218,0.174944701782723,1596493
"geo_component_0088",NA,NA,"27",NA,TRUE,"kumar_somanathan_exact_amalgamation","1961_1981",1961,1981,"primary_plus_share_population","education","Primary-school-or-higher share of population",FALSE,0.0478156844929185,0.184781384711088,0.136965700218169,1206236
"geo_component_0089",NA,NA,"27",NA,TRUE,"kumar_somanathan_exact_amalgamation","1961_1981",1961,1981,"primary_plus_share_population","education","Primary-school-or-higher share of population",FALSE,0.0536852973540789,0.208522035221362,0.154836737867283,1001466
"geo_component_0090",NA,NA,"27",NA,TRUE,"kumar_somanathan_exact_amalgamation","1961_1981",1961,1981,"primary_plus_share_population","education","Primary-school-or-higher share of population",FALSE,0.0525507966671539,0.241462911656849,0.188912114989695,1477656
"geo_component_0092",NA,NA,"27",NA,TRUE,"kumar_somanathan_exact_amalgamation","1961_1981",1961,1981,"primary_plus_share_population","education","Primary-school-or-higher share of population",FALSE,0.208005727847682,0.403972711797037,0.195966983949355,1508420
"geo_component_0093",NA,NA,"27",NA,TRUE,"kumar_somanathan_exact_amalgamation","1961_1981",1961,1981,"primary_plus_share_population","education","Primary-school-or-higher share of population",FALSE,0.107367721323545,0.283338875051222,0.175971153727677,1272673
"geo_component_0109",NA,NA,"21",NA,TRUE,"kumar_somanathan_exact_amalgamation","1961_1981",1961,1981,"primary_plus_share_population","education","Primary-school-or-higher share of population",FALSE,0.0374410815303963,0.277549256826823,0.240108175296427,3062919
"geo_component_0110",NA,NA,"21",NA,TRUE,"kumar_somanathan_exact_amalgamation","1961_1981",1961,1981,"primary_plus_share_population","education","Primary-school-or-higher share of population",FALSE,0.0390183405977402,0.197565433630678,0.158547093032938,1026466
"geo_component_0111",NA,NA,"21",NA,TRUE,"kumar_somanathan_exact_amalgamation","1961_1981",1961,1981,"primary_plus_share_population","education","Primary-school-or-higher share of population",FALSE,0.0193408909926979,0.100630081422231,0.0812891904295331,946854
"geo_component_0112",NA,NA,"21",NA,TRUE,"kumar_somanathan_exact_amalgamation","1961_1981",1961,1981,"primary_plus_share_population","education","Primary-school-or-higher share of population",FALSE,0.011708628243046,0.107930942167991,0.096222313924945,1561071
"geo_component_0113",NA,NA,"21",NA,TRUE,"kumar_somanathan_exact_amalgamation","1961_1981",1961,1981,"primary_plus_share_population","education","Primary-school-or-higher share of population",FALSE,0.0290970385592591,0.256830004330642,0.227732965771383,1865207
"geo_component_0115",NA,NA,"08",NA,TRUE,"kumar_somanathan_exact_amalgamation","1961_1981",1961,1981,"primary_plus_share_population","education","Primary-school-or-higher share of population",FALSE,0.0334301757257496,0.167120885424518,0.133690709698768,1099725
"geo_component_0116",NA,NA,"08",NA,TRUE,"kumar_somanathan_exact_amalgamation","1961_1981",1961,1981,"primary_plus_share_population","education","Primary-school-or-higher share of population",FALSE,0.0265602259250234,0.190889476406876,0.164329250481853,2835631
"geo_component_0117",NA,NA,"08",NA,TRUE,"kumar_somanathan_exact_amalgamation","1961_1981",1961,1981,"primary_plus_share_population","education","Primary-school-or-higher share of population",FALSE,0.00904807453856237,0.0990488806246452,0.0900008060860828,141135
"geo_component_0118",NA,NA,"08",NA,TRUE,"kumar_somanathan_exact_amalgamation","1961_1981",1961,1981,"primary_plus_share_population","education","Primary-school-or-higher share of population",FALSE,0.035911652159762,0.178721434520273,0.142809782360511,884866
"geo_component_0119",NA,NA,"08",NA,TRUE,"kumar_somanathan_exact_amalgamation","1961_1981",1961,1981,"primary_plus_share_population","education","Primary-school-or-higher share of population",FALSE,0.022748492265765,0.137572185175898,0.114823692910133,1426644
"geo_component_0120",NA,NA,"08",NA,TRUE,"kumar_somanathan_exact_amalgamation","1961_1981",1961,1981,"primary_plus_share_population","education","Primary-school-or-higher share of population",FALSE,0.0277979941421851,0.125099236433144,0.0973012422909589,338010
"geo_component_0121",NA,NA,"08",NA,TRUE,"kumar_somanathan_exact_amalgamation","1961_1981",1961,1981,"primary_plus_share_population","education","Primary-school-or-higher share of population",FALSE,0.0403710943955727,0.201801659716986,0.161430565321413,847116
"geo_component_0122",NA,NA,"08",NA,TRUE,"kumar_somanathan_exact_amalgamation","1961_1981",1961,1981,"primary_plus_share_population","education","Primary-school-or-higher share of population",FALSE,0.0212286686644358,0.117591382398426,0.0963627137339902,491882
"geo_component_0123",NA,NA,"33",NA,TRUE,"kumar_somanathan_exact_amalgamation","1961_1981",1961,1981,"primary_plus_share_population","education","Primary-school-or-higher share of population",FALSE,0.337936115088858,0.554788742796697,0.216852627707839,1812165
"geo_component_0124",NA,NA,"33",NA,TRUE,"kumar_somanathan_exact_amalgamation","1961_1981",1961,1981,"primary_plus_share_population","education","Primary-school-or-higher share of population",FALSE,0.0945473816832822,0.342970977311682,0.2484235956284,3000210
"geo_component_0125",NA,NA,"33",NA,TRUE,"kumar_somanathan_exact_amalgamation","1961_1981",1961,1981,"primary_plus_share_population","education","Primary-school-or-higher share of population",FALSE,0.100250383858602,0.332295905308255,0.232045521449653,3211469
"geo_component_0127",NA,NA,"33",NA,TRUE,"kumar_somanathan_exact_amalgamation","1961_1981",1961,1981,"primary_plus_share_population","education","Primary-school-or-higher share of population",FALSE,0.078458967948575,0.304433272161939,0.225974304213364,2421546
"geo_component_0130",NA,NA,"05",NA,TRUE,"kumar_somanathan_exact_amalgamation","1961_1981",1961,1981,"primary_plus_share_population","education","Primary-school-or-higher share of population",FALSE,0.082844978113713,0.236550071775394,0.153705093661681,2006736
"geo_component_0131",NA,NA,"05",NA,TRUE,"kumar_somanathan_exact_amalgamation","1961_1981",1961,1981,"primary_plus_share_population","education","Primary-school-or-higher share of population",FALSE,0.0877320773317268,0.227198487403169,0.139466410071442,547770
"geo_component_0132",NA,NA,"09",NA,TRUE,"kumar_somanathan_exact_amalgamation","1961_1981",1961,1981,"primary_plus_share_population","education","Primary-school-or-higher share of population",FALSE,0.0625279704984185,0.1668625316551,0.104334561156682,1190987
"geo_component_0133",NA,NA,"09",NA,TRUE,"kumar_somanathan_exact_amalgamation","1961_1981",1961,1981,"primary_plus_share_population","education","Primary-school-or-higher share of population",FALSE,0.0632850018821553,0.133843969307228,0.0705589674250727,1973801
"geo_component_0134",NA,NA,"09",NA,TRUE,"kumar_somanathan_exact_amalgamation","1961_1981",1961,1981,"primary_plus_share_population","education","Primary-school-or-higher share of population",FALSE,0.0721910171478658,0.195882944133311,0.123691926985445,1615478
"geo_component_0136",NA,NA,"09",NA,TRUE,"kumar_somanathan_exact_amalgamation","1961_1981",1961,1981,"primary_plus_share_population","education","Primary-school-or-higher share of population",FALSE,0.0638076406945432,0.191992304198705,0.128184663504162,1444921
"geo_component_0139",NA,NA,"09",NA,TRUE,"kumar_somanathan_exact_amalgamation","1961_1981",1961,1981,"primary_plus_share_population","education","Primary-school-or-higher share of population",FALSE,0.0650380708422967,0.211572501820876,0.146534430978579,2836554
"geo_component_0140",NA,NA,"09",NA,TRUE,"kumar_somanathan_exact_amalgamation","1961_1981",1961,1981,"primary_plus_share_population","education","Primary-school-or-higher share of population",FALSE,0.0698281871092538,0.229871480037099,0.160043292927845,1862142
"geo_component_0142",NA,NA,"09",NA,TRUE,"kumar_somanathan_exact_amalgamation","1961_1981",1961,1981,"primary_plus_share_population","education","Primary-school-or-higher share of population",FALSE,0.0700919471743848,0.240894036155467,0.170802088981082,2363096
"geo_component_0143",NA,NA,"09",NA,TRUE,"kumar_somanathan_exact_amalgamation","1961_1981",1961,1981,"primary_plus_share_population","education","Primary-school-or-higher share of population",FALSE,0.0373858819693512,0.165749748572225,0.128363866602874,1226800
"geo_component_0145",NA,NA,"09",NA,TRUE,"kumar_somanathan_exact_amalgamation","1961_1981",1961,1981,"primary_plus_share_population","education","Primary-school-or-higher share of population",FALSE,0.0524813019176149,0.164133524037138,0.111652222119523,1065751
"geo_component_0149",NA,NA,"09",NA,TRUE,"kumar_somanathan_exact_amalgamation","1961_1981",1961,1981,"primary_plus_share_population","education","Primary-school-or-higher share of population",FALSE,0.0658485688247438,0.18465736186732,0.118808793042576,1344175
"geo_component_0150",NA,NA,"09",NA,TRUE,"kumar_somanathan_exact_amalgamation","1961_1981",1961,1981,"primary_plus_share_population","education","Primary-school-or-higher share of population",FALSE,0.0612720556397489,0.20821419905831,0.146942143418561,2364928
"geo_component_0151",NA,NA,"09",NA,TRUE,"kumar_somanathan_exact_amalgamation","1961_1981",1961,1981,"primary_plus_share_population","education","Primary-school-or-higher share of population",FALSE,0.0477286142317291,0.14375506645174,0.0960264522200109,1246904
"geo_component_0152",NA,NA,"19",NA,TRUE,"kumar_somanathan_exact_amalgamation","1961_1981",1961,1981,"primary_plus_share_population","education","Primary-school-or-higher share of population",FALSE,0.0830905206540016,0.171512124778773,0.0884216041247714,2294979
"geo_component_0153",NA,NA,"19",NA,TRUE,"kumar_somanathan_exact_amalgamation","1961_1981",1961,1981,"primary_plus_share_population","education","Primary-school-or-higher share of population",FALSE,0.124183564967483,0.26826185214285,0.144078287175367,1708801
"geo_component_0154",NA,NA,"19",NA,TRUE,"kumar_somanathan_exact_amalgamation","1961_1981",1961,1981,"primary_plus_share_population","education","Primary-school-or-higher share of population",FALSE,0.315139707763736,0.579334500451739,0.264194792688003,2927289
"geo_component_0001",NA,NA,"28",NA,TRUE,"kumar_somanathan_exact_amalgamation","1961_1981",1961,1981,"matriculate_plus_share_population","education","Matriculate-or-higher share of population",FALSE,0.00743708381429476,0.0330619510940352,0.0256248672797404,1555045
"geo_component_0002",NA,NA,"28",NA,TRUE,"kumar_somanathan_exact_amalgamation","1961_1981",1961,1981,"matriculate_plus_share_population","education","Matriculate-or-higher share of population",FALSE,0.0117319076937886,0.0356042248181461,0.0238723171243575,1350505
"geo_component_0003",NA,NA,"28",NA,TRUE,"kumar_somanathan_exact_amalgamation","1961_1981",1961,1981,"matriculate_plus_share_population","education","Matriculate-or-higher share of population",FALSE,0.0198120970323534,0.0665022866466127,0.0466901896142593,2327265
"geo_component_0004",NA,NA,"28",NA,TRUE,"kumar_somanathan_exact_amalgamation","1961_1981",1961,1981,"matriculate_plus_share_population","education","Matriculate-or-higher share of population",FALSE,0.0167548975624346,0.0452924594270791,0.0285375618646445,1671750
"geo_component_0005",NA,NA,"28",NA,TRUE,"kumar_somanathan_exact_amalgamation","1961_1981",1961,1981,"matriculate_plus_share_population","education","Matriculate-or-higher share of population",FALSE,0.013987047537151,0.0600279222722556,0.0460408747351046,1414094
"geo_component_0006",NA,NA,"28",NA,TRUE,"kumar_somanathan_exact_amalgamation","1961_1981",1961,1981,"matriculate_plus_share_population","education","Matriculate-or-higher share of population",FALSE,0.0139901469536446,0.05441680828958,0.0404266613359354,1900123
"geo_component_0007",NA,NA,"28",NA,TRUE,"kumar_somanathan_exact_amalgamation","1961_1981",1961,1981,"matriculate_plus_share_population","education","Matriculate-or-higher share of population",FALSE,0.0131266363271789,0.0478551389814956,0.0347285026543167,3109479
"geo_component_0008",NA,NA,"28",NA,TRUE,"kumar_somanathan_exact_amalgamation","1961_1981",1961,1981,"matriculate_plus_share_population","education","Matriculate-or-higher share of population",FALSE,0.015431350193807,0.053561688847127,0.03813033865332,1570893
"geo_component_0010",NA,NA,"28",NA,TRUE,"kumar_somanathan_exact_amalgamation","1961_1981",1961,1981,"matriculate_plus_share_population","education","Matriculate-or-higher share of population",FALSE,0.00575797360874667,0.0355390481861108,0.0297810745773641,1232378
"geo_component_0011",NA,NA,"28",NA,TRUE,"kumar_somanathan_exact_amalgamation","1961_1981",1961,1981,"matriculate_plus_share_population","education","Matriculate-or-higher share of population",FALSE,0.00848012871957227,0.0403445173881024,0.0318643886685301,1018027
"geo_component_0012",NA,NA,"28",NA,TRUE,"kumar_somanathan_exact_amalgamation","1961_1981",1961,1981,"matriculate_plus_share_population","education","Matriculate-or-higher share of population",FALSE,0.00764100684371788,0.0322474376942428,0.0246064308505249,1557779
"geo_component_0019",NA,NA,"18",NA,TRUE,"kumar_somanathan_exact_amalgamation","1961_1981",1961,1981,"matriculate_plus_share_population","education","Matriculate-or-higher share of population",FALSE,0.0056584268847821,NA,NA,1543892
"geo_component_0022",NA,NA,"18",NA,TRUE,"kumar_somanathan_exact_amalgamation","1961_1981",1961,1981,"matriculate_plus_share_population","education","Matriculate-or-higher share of population",FALSE,0.0166849932996278,NA,NA,2062572
"geo_component_0023",NA,NA,"18",NA,TRUE,"kumar_somanathan_exact_amalgamation","1961_1981",1961,1981,"matriculate_plus_share_population","education","Matriculate-or-higher share of population",FALSE,0.0069009901757814,NA,NA,1289670
"geo_component_0027",NA,NA,"18",NA,TRUE,"kumar_somanathan_exact_amalgamation","1961_1981",1961,1981,"matriculate_plus_share_population","education","Matriculate-or-higher share of population",FALSE,0.01369274524493,NA,NA,1508390
"geo_component_0036",NA,NA,"10",NA,TRUE,"kumar_somanathan_exact_amalgamation","1961_1981",1961,1981,"matriculate_plus_share_population","education","Matriculate-or-higher share of population",FALSE,0.00802043027723022,0.0472059240240463,0.0391854937468161,1888178
"geo_component_0040",NA,NA,"24",NA,TRUE,"kumar_somanathan_exact_amalgamation","1961_1981",1961,1981,"matriculate_plus_share_population","education","Matriculate-or-higher share of population",FALSE,0.0103910127542518,0.0569888366201405,0.0465978238658887,663073
"geo_component_0041",NA,NA,"24",NA,TRUE,"kumar_somanathan_exact_amalgamation","1961_1981",1961,1981,"matriculate_plus_share_population","education","Matriculate-or-higher share of population",FALSE,0.00950113439245132,0.0596721264814259,0.0501709920889746,3032901
"geo_component_0043",NA,NA,"24",NA,TRUE,"kumar_somanathan_exact_amalgamation","1961_1981",1961,1981,"matriculate_plus_share_population","education","Matriculate-or-higher share of population",FALSE,0.0182387844392685,0.108861413661749,0.0906226292224805,2419295
"geo_component_0044",NA,NA,"06",NA,TRUE,"kumar_somanathan_exact_amalgamation","1961_1981",1961,1981,"matriculate_plus_share_population","education","Matriculate-or-higher share of population",FALSE,0.055883398908276,0.111089116918997,0.055205718010721,885755
"geo_component_0048",NA,NA,"06",NA,TRUE,"kumar_somanathan_exact_amalgamation","1961_1981",1961,1981,"matriculate_plus_share_population","education","Matriculate-or-higher share of population",FALSE,0.0154525992205083,0.064066082968522,0.0486134837480137,582944
"geo_component_0050",NA,NA,"02",NA,TRUE,"kumar_somanathan_exact_amalgamation","1961_1981",1961,1981,"matriculate_plus_share_population","education","Matriculate-or-higher share of population",FALSE,0.0108687594974241,0.0424076079795081,0.031538848482084,215848
"geo_component_0064",NA,NA,"29",NA,TRUE,"kumar_somanathan_exact_amalgamation","1961_1981",1961,1981,"matriculate_plus_share_population","education","Matriculate-or-higher share of population",FALSE,0.0140340990144726,0.0708717504797949,0.0568376514653223,1983811
"geo_component_0065",NA,NA,"29",NA,TRUE,"kumar_somanathan_exact_amalgamation","1961_1981",1961,1981,"matriculate_plus_share_population","education","Matriculate-or-higher share of population",FALSE,0.0168865111088426,0.0694977409156781,0.0526112298068355,3026913
"geo_component_0066",NA,NA,"29",NA,TRUE,"kumar_somanathan_exact_amalgamation","1961_1981",1961,1981,"matriculate_plus_share_population","education","Matriculate-or-higher share of population",FALSE,0.0169555532895772,0.0767265311305058,0.0597709778409286,1951573
"geo_component_0067",NA,NA,"29",NA,TRUE,"kumar_somanathan_exact_amalgamation","1961_1981",1961,1981,"matriculate_plus_share_population","education","Matriculate-or-higher share of population",FALSE,0.0067655799302345,0.0391188134242094,0.0323532334939749,1099684
"geo_component_0068",NA,NA,"29",NA,TRUE,"kumar_somanathan_exact_amalgamation","1961_1981",1961,1981,"matriculate_plus_share_population","education","Matriculate-or-higher share of population",FALSE,0.0151214779515306,0.0821736997147478,0.0670522217632172,689549
"geo_component_0070",NA,NA,"32",NA,TRUE,"kumar_somanathan_exact_amalgamation","1961_1981",1961,1981,"matriculate_plus_share_population","education","Matriculate-or-higher share of population",FALSE,0.0169908747367713,0.0511690787074975,0.0341782039707262,311991
"geo_component_0071",NA,NA,"32",NA,TRUE,"kumar_somanathan_exact_amalgamation","1961_1981",1961,1981,"matriculate_plus_share_population","education","Matriculate-or-higher share of population",FALSE,0.0165093979092464,0.071428539615591,0.0549191417063446,1373763
"geo_component_0073",NA,NA,"32",NA,TRUE,"kumar_somanathan_exact_amalgamation","1961_1981",1961,1981,"matriculate_plus_share_population","education","Matriculate-or-higher share of population",FALSE,0.0397432231166482,0.124642921301537,0.0848996981848888,2318433
"geo_component_0074",NA,NA,"32",NA,TRUE,"kumar_somanathan_exact_amalgamation","1961_1981",1961,1981,"matriculate_plus_share_population","education","Matriculate-or-higher share of population",FALSE,0.034585988260774,0.157449856902327,0.122863868641553,1274360
"geo_component_0077",NA,NA,"23",NA,TRUE,"kumar_somanathan_exact_amalgamation","1961_1981",1961,1981,"matriculate_plus_share_population","education","Matriculate-or-higher share of population",FALSE,0.0292295737251891,0.0849735027877716,0.0557439290625825,858343
"geo_component_0080",NA,NA,"23",NA,TRUE,"kumar_somanathan_exact_amalgamation","1961_1981",1961,1981,"matriculate_plus_share_population","education","Matriculate-or-higher share of population",FALSE,0.0139062842976487,0.0633086273169984,0.0494023430193497,619576
"geo_component_0082",NA,NA,"27",NA,TRUE,"kumar_somanathan_exact_amalgamation","1961_1981",1961,1981,"matriculate_plus_share_population","education","Matriculate-or-higher share of population",FALSE,0.00686075931355192,0.0484139949064823,0.0415532355929304,1827203
"geo_component_0084",NA,NA,"27",NA,TRUE,"kumar_somanathan_exact_amalgamation","1961_1981",1961,1981,"matriculate_plus_share_population","education","Matriculate-or-higher share of population",FALSE,0.0133865164668372,0.0891813727738787,0.0757948563070415,1230716
"geo_component_0085",NA,NA,"27",NA,TRUE,"kumar_somanathan_exact_amalgamation","1961_1981",1961,1981,"matriculate_plus_share_population","education","Matriculate-or-higher share of population",FALSE,0.0128970243301638,0.0684149993257077,0.0555179749955439,1860119
"geo_component_0086",NA,NA,"27",NA,TRUE,"kumar_somanathan_exact_amalgamation","1961_1981",1961,1981,"matriculate_plus_share_population","education","Matriculate-or-higher share of population",FALSE,0.0135891607417007,0.086998918737756,0.0734097579960553,1596493
"geo_component_0088",NA,NA,"27",NA,TRUE,"kumar_somanathan_exact_amalgamation","1961_1981",1961,1981,"matriculate_plus_share_population","education","Matriculate-or-higher share of population",FALSE,0.00563902917836974,0.0365801928305686,0.0309411636521989,1206236
"geo_component_0089",NA,NA,"27",NA,TRUE,"kumar_somanathan_exact_amalgamation","1961_1981",1961,1981,"matriculate_plus_share_population","education","Matriculate-or-higher share of population",FALSE,0.00522733672436209,0.0454102541671433,0.0401829174427812,1001466
"geo_component_0090",NA,NA,"27",NA,TRUE,"kumar_somanathan_exact_amalgamation","1961_1981",1961,1981,"matriculate_plus_share_population","education","Matriculate-or-higher share of population",FALSE,0.0058470983774302,0.0533183599178704,0.0474712615404402,1477656
"geo_component_0092",NA,NA,"27",NA,TRUE,"kumar_somanathan_exact_amalgamation","1961_1981",1961,1981,"matriculate_plus_share_population","education","Matriculate-or-higher share of population",FALSE,0.0409408520173426,0.118140721744461,0.0771998697271184,1508420
"geo_component_0093",NA,NA,"27",NA,TRUE,"kumar_somanathan_exact_amalgamation","1961_1981",1961,1981,"matriculate_plus_share_population","education","Matriculate-or-higher share of population",FALSE,0.00649813424186731,0.0506215521852962,0.0441234179434289,1272673
"geo_component_0109",NA,NA,"21",NA,TRUE,"kumar_somanathan_exact_amalgamation","1961_1981",1961,1981,"matriculate_plus_share_population","education","Matriculate-or-higher share of population",FALSE,0.00958236244575844,0.0546543380573799,0.0450719756116215,3062919
"geo_component_0110",NA,NA,"21",NA,TRUE,"kumar_somanathan_exact_amalgamation","1961_1981",1961,1981,"matriculate_plus_share_population","education","Matriculate-or-higher share of population",FALSE,0.0049480450399721,0.0342484490964356,0.0293004040564635,1026466
"geo_component_0111",NA,NA,"21",NA,TRUE,"kumar_somanathan_exact_amalgamation","1961_1981",1961,1981,"matriculate_plus_share_population","education","Matriculate-or-higher share of population",FALSE,0.00176690387324762,0.0173858565463354,0.0156189526730878,946854
"geo_component_0112",NA,NA,"21",NA,TRUE,"kumar_somanathan_exact_amalgamation","1961_1981",1961,1981,"matriculate_plus_share_population","education","Matriculate-or-higher share of population",FALSE,0.00272056812278237,0.0237443161346294,0.021023748011847,1561071
"geo_component_0113",NA,NA,"21",NA,TRUE,"kumar_somanathan_exact_amalgamation","1961_1981",1961,1981,"matriculate_plus_share_population","education","Matriculate-or-higher share of population",FALSE,0.00889659968035719,0.0537725368832045,0.0448759372028473,1865207
"geo_component_0115",NA,NA,"08",NA,TRUE,"kumar_somanathan_exact_amalgamation","1961_1981",1961,1981,"matriculate_plus_share_population","education","Matriculate-or-higher share of population",FALSE,0.0109409170474437,0.0455314077168069,0.0345904906693632,1099725
"geo_component_0116",NA,NA,"08",NA,TRUE,"kumar_somanathan_exact_amalgamation","1961_1981",1961,1981,"matriculate_plus_share_population","education","Matriculate-or-higher share of population",FALSE,0.0186089092692244,0.0674275750921427,0.0488186658229183,2835631
"geo_component_0117",NA,NA,"08",NA,TRUE,"kumar_somanathan_exact_amalgamation","1961_1981",1961,1981,"matriculate_plus_share_population","education","Matriculate-or-higher share of population",FALSE,0.0049031069543345,0.0302490517603113,0.0253459448059768,141135
"geo_component_0118",NA,NA,"08",NA,TRUE,"kumar_somanathan_exact_amalgamation","1961_1981",1961,1981,"matriculate_plus_share_population","education","Matriculate-or-higher share of population",FALSE,0.0207432537807984,0.0654734316230271,0.0447301778422287,884866
"geo_component_0119",NA,NA,"08",NA,TRUE,"kumar_somanathan_exact_amalgamation","1961_1981",1961,1981,"matriculate_plus_share_population","education","Matriculate-or-higher share of population",FALSE,0.0103081076989074,0.0437445029803234,0.033436395281416,1426644
"geo_component_0120",NA,NA,"08",NA,TRUE,"kumar_somanathan_exact_amalgamation","1961_1981",1961,1981,"matriculate_plus_share_population","education","Matriculate-or-higher share of population",FALSE,0.00788734061122452,0.0338545304626036,0.0259671898513791,338010
"geo_component_0121",NA,NA,"08",NA,TRUE,"kumar_somanathan_exact_amalgamation","1961_1981",1961,1981,"matriculate_plus_share_population","education","Matriculate-or-higher share of population",FALSE,0.0165986712563569,0.0642454339831669,0.04764676272681,847116
"geo_component_0122",NA,NA,"08",NA,TRUE,"kumar_somanathan_exact_amalgamation","1961_1981",1961,1981,"matriculate_plus_share_population","education","Matriculate-or-higher share of population",FALSE,0.00584693076794841,0.0258968812659395,0.0200499504979911,491882
"geo_component_0123",NA,NA,"33",NA,TRUE,"kumar_somanathan_exact_amalgamation","1961_1981",1961,1981,"matriculate_plus_share_population","education","Matriculate-or-higher share of population",FALSE,0.112301032190777,0.252279634330722,0.139978602139945,1812165
"geo_component_0124",NA,NA,"33",NA,TRUE,"kumar_somanathan_exact_amalgamation","1961_1981",1961,1981,"matriculate_plus_share_population","education","Matriculate-or-higher share of population",FALSE,0.0187116901816873,0.0870515768866839,0.0683398867049966,3000210
"geo_component_0125",NA,NA,"33",NA,TRUE,"kumar_somanathan_exact_amalgamation","1961_1981",1961,1981,"matriculate_plus_share_population","education","Matriculate-or-higher share of population",FALSE,0.0212603640265561,0.0902736548030081,0.069013290776452,3211469
"geo_component_0127",NA,NA,"33",NA,TRUE,"kumar_somanathan_exact_amalgamation","1961_1981",1961,1981,"matriculate_plus_share_population","education","Matriculate-or-higher share of population",FALSE,0.0167925779646556,0.0728944962833955,0.0561019183187399,2421546
"geo_component_0130",NA,NA,"05",NA,TRUE,"kumar_somanathan_exact_amalgamation","1961_1981",1961,1981,"matriculate_plus_share_population","education","Matriculate-or-higher share of population",FALSE,0.0157325128965644,0.0690995331320146,0.0533670202354502,2006736
"geo_component_0131",NA,NA,"05",NA,TRUE,"kumar_somanathan_exact_amalgamation","1961_1981",1961,1981,"matriculate_plus_share_population","education","Matriculate-or-higher share of population",FALSE,0.0136754477244099,0.0629227606476597,0.0492473129232498,547770
"geo_component_0132",NA,NA,"09",NA,TRUE,"kumar_somanathan_exact_amalgamation","1961_1981",1961,1981,"matriculate_plus_share_population","education","Matriculate-or-higher share of population",FALSE,0.0144879834960415,0.0501799396780526,0.0356919561820111,1190987
"geo_component_0133",NA,NA,"09",NA,TRUE,"kumar_somanathan_exact_amalgamation","1961_1981",1961,1981,"matriculate_plus_share_population","education","Matriculate-or-higher share of population",FALSE,0.016274690305659,0.045709571900225,0.029434881594566,1973801
"geo_component_0134",NA,NA,"09",NA,TRUE,"kumar_somanathan_exact_amalgamation","1961_1981",1961,1981,"matriculate_plus_share_population","education","Matriculate-or-higher share of population",FALSE,0.0231386623649471,0.0731963848963985,0.0500577225314514,1615478
"geo_component_0136",NA,NA,"09",NA,TRUE,"kumar_somanathan_exact_amalgamation","1961_1981",1961,1981,"matriculate_plus_share_population","education","Matriculate-or-higher share of population",FALSE,0.0174756959030978,0.0625701531817944,0.0450944572786966,1444921
"geo_component_0139",NA,NA,"09",NA,TRUE,"kumar_somanathan_exact_amalgamation","1961_1981",1961,1981,"matriculate_plus_share_population","education","Matriculate-or-higher share of population",FALSE,0.0212366836661668,0.0738400318036685,0.0526033481375017,2836554
"geo_component_0140",NA,NA,"09",NA,TRUE,"kumar_somanathan_exact_amalgamation","1961_1981",1961,1981,"matriculate_plus_share_population","education","Matriculate-or-higher share of population",FALSE,0.0272648380198717,0.0857413154561151,0.0584764774362434,1862142
"geo_component_0142",NA,NA,"09",NA,TRUE,"kumar_somanathan_exact_amalgamation","1961_1981",1961,1981,"matriculate_plus_share_population","education","Matriculate-or-higher share of population",FALSE,0.0134302626723586,0.0667459820292183,0.0533157193568597,2363096
"geo_component_0143",NA,NA,"09",NA,TRUE,"kumar_somanathan_exact_amalgamation","1961_1981",1961,1981,"matriculate_plus_share_population","education","Matriculate-or-higher share of population",FALSE,0.00790837952396479,0.0407211491771879,0.0328127696532231,1226800
"geo_component_0145",NA,NA,"09",NA,TRUE,"kumar_somanathan_exact_amalgamation","1961_1981",1961,1981,"matriculate_plus_share_population","education","Matriculate-or-higher share of population",FALSE,0.00810602101241284,0.0429719521680262,0.0348659311556134,1065751
"geo_component_0149",NA,NA,"09",NA,TRUE,"kumar_somanathan_exact_amalgamation","1961_1981",1961,1981,"matriculate_plus_share_population","education","Matriculate-or-higher share of population",FALSE,0.017126490226347,0.0607152550458112,0.0435887648194642,1344175
"geo_component_0150",NA,NA,"09",NA,TRUE,"kumar_somanathan_exact_amalgamation","1961_1981",1961,1981,"matriculate_plus_share_population","education","Matriculate-or-higher share of population",FALSE,0.0239778970015155,0.081087142252674,0.0571092452511585,2364928
"geo_component_0151",NA,NA,"09",NA,TRUE,"kumar_somanathan_exact_amalgamation","1961_1981",1961,1981,"matriculate_plus_share_population","education","Matriculate-or-higher share of population",FALSE,0.0115229400178362,0.048699727190117,0.0371767871722808,1246904
"geo_component_0152",NA,NA,"19",NA,TRUE,"kumar_somanathan_exact_amalgamation","1961_1981",1961,1981,"matriculate_plus_share_population","education","Matriculate-or-higher share of population",FALSE,0.00925455091310204,0.0359821849699477,0.0267276340568457,2294979
"geo_component_0153",NA,NA,"19",NA,TRUE,"kumar_somanathan_exact_amalgamation","1961_1981",1961,1981,"matriculate_plus_share_population","education","Matriculate-or-higher share of population",FALSE,0.0190835562479189,0.0627500419161252,0.0436664856682063,1708801
"geo_component_0154",NA,NA,"19",NA,TRUE,"kumar_somanathan_exact_amalgamation","1961_1981",1961,1981,"matriculate_plus_share_population","education","Matriculate-or-higher share of population",FALSE,0.116825158021637,0.260626153174911,0.143800995153274,2927289
"geo_component_0001",NA,NA,"28",NA,TRUE,"kumar_somanathan_exact_amalgamation","1961_1991",1961,1991,"log_population","demography","Log population",FALSE,14.2570150420835,14.6575629707284,0.400547928644899,1555045
"geo_component_0002",NA,NA,"28",NA,TRUE,"kumar_somanathan_exact_amalgamation","1961_1991",1961,1991,"log_population","demography","Log population",FALSE,14.1159891545404,14.5626453250448,0.446656170504399,1350505
"geo_component_0003",NA,NA,"28",NA,TRUE,"kumar_somanathan_exact_amalgamation","1961_1991",1961,1991,"log_population","demography","Log population",FALSE,14.6602043163334,15.2282031494519,0.5679988331185,2327265
"geo_component_0004",NA,NA,"28",NA,TRUE,"kumar_somanathan_exact_amalgamation","1961_1991",1961,1991,"log_population","demography","Log population",FALSE,14.3293815399162,14.8304390181166,0.5010574782004,1671750
"geo_component_0005",NA,NA,"28",NA,TRUE,"kumar_somanathan_exact_amalgamation","1961_1991",1961,1991,"log_population","demography","Log population",FALSE,14.1619996013055,14.6877490837979,0.525749482492401,1414094
"geo_component_0006",NA,NA,"28",NA,TRUE,"kumar_somanathan_exact_amalgamation","1961_1991",1961,1991,"log_population","demography","Log population",FALSE,14.4574291788834,14.997580639336,0.5401514604526,1900123
"geo_component_0007",NA,NA,"28",NA,TRUE,"kumar_somanathan_exact_amalgamation","1961_1991",1961,1991,"log_population","demography","Log population",FALSE,14.9499657460059,15.5114165831801,0.561450837174201,3109479
"geo_component_0008",NA,NA,"28",NA,TRUE,"kumar_somanathan_exact_amalgamation","1961_1991",1961,1991,"log_population","demography","Log population",FALSE,14.2671548054338,14.9050901746015,0.637935369167701,1570893
"geo_component_0010",NA,NA,"28",NA,TRUE,"kumar_somanathan_exact_amalgamation","1961_1991",1961,1991,"log_population","demography","Log population",FALSE,14.0244561941983,14.6352022798492,0.610746085650899,1232378
"geo_component_0011",NA,NA,"28",NA,TRUE,"kumar_somanathan_exact_amalgamation","1961_1991",1961,1991,"log_population","demography","Log population",FALSE,13.8333769983342,14.5272935088369,0.693916510502699,1018027
"geo_component_0012",NA,NA,"28",NA,TRUE,"kumar_somanathan_exact_amalgamation","1961_1991",1961,1991,"log_population","demography","Log population",FALSE,14.2587716468276,14.8635633180606,0.604791671232999,1557779
"geo_component_0019",NA,NA,"18",NA,TRUE,"kumar_somanathan_exact_amalgamation","1961_1991",1961,1991,"log_population","demography","Log population",FALSE,14.2498170589338,15.0988844795733,0.8490674206395,1543892
"geo_component_0022",NA,NA,"18",NA,TRUE,"kumar_somanathan_exact_amalgamation","1961_1991",1961,1991,"log_population","demography","Log population",FALSE,14.5394643056726,15.2975968010332,0.758132495360599,2062572
"geo_component_0023",NA,NA,"18",NA,TRUE,"kumar_somanathan_exact_amalgamation","1961_1991",1961,1991,"log_population","demography","Log population",FALSE,14.0698969296584,14.8172987547746,0.747401825116199,1289670
"geo_component_0027",NA,NA,"18",NA,TRUE,"kumar_somanathan_exact_amalgamation","1961_1991",1961,1991,"log_population","demography","Log population",FALSE,14.2265534148031,14.7738200079992,0.547266593196101,1508390
"geo_component_0036",NA,NA,"10",NA,TRUE,"kumar_somanathan_exact_amalgamation","1961_1991",1961,1991,"log_population","demography","Log population",FALSE,14.4511229009046,15.1110483558133,0.6599254549087,1888178
"geo_component_0040",NA,NA,"24",NA,TRUE,"kumar_somanathan_exact_amalgamation","1961_1991",1961,1991,"log_population","demography","Log population",FALSE,13.4046403686875,14.00519825137,0.6005578826825,663073
"geo_component_0041",NA,NA,"24",NA,TRUE,"kumar_somanathan_exact_amalgamation","1961_1991",1961,1991,"log_population","demography","Log population",FALSE,14.9250301451884,15.5971311352293,0.672100990040901,3032901
"geo_component_0043",NA,NA,"24",NA,TRUE,"kumar_somanathan_exact_amalgamation","1961_1991",1961,1991,"log_population","demography","Log population",FALSE,14.6989867333762,15.3493096347632,0.650322901387,2419295
"geo_component_0044",NA,NA,"06",NA,TRUE,"kumar_somanathan_exact_amalgamation","1961_1991",1961,1991,"log_population","demography","Log population",FALSE,13.6941956676455,14.4775581198345,0.783362452189,885755
"geo_component_0048",NA,NA,"06",NA,TRUE,"kumar_somanathan_exact_amalgamation","1961_1991",1961,1991,"log_population","demography","Log population",FALSE,13.2758464058306,14.081843858454,0.8059974526234,582944
"geo_component_0050",NA,NA,"02",NA,TRUE,"kumar_somanathan_exact_amalgamation","1961_1991",1961,1991,"log_population","demography","Log population",FALSE,12.2823297352469,12.8822923615494,0.599962626302499,215848
"geo_component_0064",NA,NA,"29",NA,TRUE,"kumar_somanathan_exact_amalgamation","1961_1991",1961,1991,"log_population","demography","Log population",FALSE,14.5005303001925,15.0918801139982,0.591349813805701,1983811
"geo_component_0065",NA,NA,"29",NA,TRUE,"kumar_somanathan_exact_amalgamation","1961_1991",1961,1991,"log_population","demography","Log population",FALSE,14.9230538462628,15.6039642357466,0.680910389483801,3026913
"geo_component_0066",NA,NA,"29",NA,TRUE,"kumar_somanathan_exact_amalgamation","1961_1991",1961,1991,"log_population","demography","Log population",FALSE,14.4841462720259,15.0691731217025,0.5850268496766,1951573
"geo_component_0067",NA,NA,"29",NA,TRUE,"kumar_somanathan_exact_amalgamation","1961_1991",1961,1991,"log_population","demography","Log population",FALSE,13.9105334237706,14.6527091635525,0.742175739781899,1099684
"geo_component_0068",NA,NA,"29",NA,TRUE,"kumar_somanathan_exact_amalgamation","1961_1991",1961,1991,"log_population","demography","Log population",FALSE,13.4437930396803,14.0145745087578,0.570781469077501,689549
"geo_component_0070",NA,NA,"32",NA,TRUE,"kumar_somanathan_exact_amalgamation","1961_1991",1961,1991,"log_population","demography","Log population",FALSE,12.6507296202217,13.4182040775575,0.7674744573358,311991
"geo_component_0071",NA,NA,"32",NA,TRUE,"kumar_somanathan_exact_amalgamation","1961_1991",1961,1991,"log_population","demography","Log population",FALSE,14.1330642478035,14.7786623563998,0.6455981085963,1373763
"geo_component_0073",NA,NA,"32",NA,TRUE,"kumar_somanathan_exact_amalgamation","1961_1991",1961,1991,"log_population","demography","Log population",FALSE,14.6564020844017,15.175281769583,0.5188796851813,2318433
"geo_component_0074",NA,NA,"32",NA,TRUE,"kumar_somanathan_exact_amalgamation","1961_1991",1961,1991,"log_population","demography","Log population",FALSE,14.0579546497659,14.4188812694613,0.3609266196954,1274360
"geo_component_0077",NA,NA,"23",NA,TRUE,"kumar_somanathan_exact_amalgamation","1961_1991",1961,1991,"log_population","demography","Log population",FALSE,13.6627590654844,14.4082444097766,0.7454853442922,858343
"geo_component_0080",NA,NA,"23",NA,TRUE,"kumar_somanathan_exact_amalgamation","1961_1991",1961,1991,"log_population","demography","Log population",FALSE,13.3367906521071,14.0523289805602,0.7155383284531,619576
"geo_component_0082",NA,NA,"27",NA,TRUE,"kumar_somanathan_exact_amalgamation","1961_1991",1961,1991,"log_population","demography","Log population",FALSE,14.4182969402989,14.6810169185591,0.262719978260201,1827203
"geo_component_0084",NA,NA,"27",NA,TRUE,"kumar_somanathan_exact_amalgamation","1961_1991",1961,1991,"log_population","demography","Log population",FALSE,14.0231066718072,14.6082713724452,0.585164700638,1230716
"geo_component_0085",NA,NA,"27",NA,TRUE,"kumar_somanathan_exact_amalgamation","1961_1991",1961,1991,"log_population","demography","Log population",FALSE,14.4361510221375,14.9883198862481,0.5521688641106,1860119
"geo_component_0086",NA,NA,"27",NA,TRUE,"kumar_somanathan_exact_amalgamation","1961_1991",1961,1991,"log_population","demography","Log population",FALSE,14.2833199065361,14.910619048829,0.6272991422929,1596493
"geo_component_0088",NA,NA,"27",NA,TRUE,"kumar_somanathan_exact_amalgamation","1961_1991",1961,1991,"log_population","demography","Log population",FALSE,14.0030153253504,14.5655270828098,0.562511757459399,1206236
"geo_component_0089",NA,NA,"27",NA,TRUE,"kumar_somanathan_exact_amalgamation","1961_1991",1961,1991,"log_population","demography","Log population",FALSE,13.8169754844353,14.4154848730355,0.598509388600199,1001466
"geo_component_0090",NA,NA,"27",NA,TRUE,"kumar_somanathan_exact_amalgamation","1961_1991",1961,1991,"log_population","demography","Log population",FALSE,14.2059676064452,14.8983213242298,0.6923537177846,1477656
"geo_component_0092",NA,NA,"27",NA,TRUE,"kumar_somanathan_exact_amalgamation","1961_1991",1961,1991,"log_population","demography","Log population",FALSE,14.2265733033609,15.0055281395527,0.778954836191801,1508420
"geo_component_0093",NA,NA,"27",NA,TRUE,"kumar_somanathan_exact_amalgamation","1961_1991",1961,1991,"log_population","demography","Log population",FALSE,14.0566299710148,14.5610741769493,0.504444205934499,1272673
"geo_component_0109",NA,NA,"21",NA,TRUE,"kumar_somanathan_exact_amalgamation","1961_1991",1961,1991,"log_population","demography","Log population",FALSE,14.9348789408032,15.5243700051702,0.589491064367,3062919
"geo_component_0110",NA,NA,"21",NA,TRUE,"kumar_somanathan_exact_amalgamation","1961_1991",1961,1991,"log_population","demography","Log population",FALSE,13.8416323926325,14.4620413849156,0.620408992283101,1026466
"geo_component_0111",NA,NA,"21",NA,TRUE,"kumar_somanathan_exact_amalgamation","1961_1991",1961,1991,"log_population","demography","Log population",FALSE,13.7609001892161,14.2857547832645,0.524854594048399,946854
"geo_component_0112",NA,NA,"21",NA,TRUE,"kumar_somanathan_exact_amalgamation","1961_1991",1961,1991,"log_population","demography","Log population",FALSE,14.2608826821275,14.918296126374,0.657413444246501,1561071
"geo_component_0113",NA,NA,"21",NA,TRUE,"kumar_somanathan_exact_amalgamation","1961_1991",1961,1991,"log_population","demography","Log population",FALSE,14.438882596858,15.0936700027781,0.6547874059201,1865207
"geo_component_0115",NA,NA,"08",NA,TRUE,"kumar_somanathan_exact_amalgamation","1961_1991",1961,1991,"log_population","demography","Log population",FALSE,13.9105707065134,14.6469316177607,0.736360911247299,1099725
"geo_component_0116",NA,NA,"08",NA,TRUE,"kumar_somanathan_exact_amalgamation","1961_1991",1961,1991,"log_population","demography","Log population",FALSE,14.8577750453338,15.7154959835509,0.857720938217101,2835631
"geo_component_0117",NA,NA,"08",NA,TRUE,"kumar_somanathan_exact_amalgamation","1961_1991",1961,1991,"log_population","demography","Log population",FALSE,11.857472158109,12.7498987150979,0.892426556988902,141135
"geo_component_0118",NA,NA,"08",NA,TRUE,"kumar_somanathan_exact_amalgamation","1961_1991",1961,1991,"log_population","demography","Log population",FALSE,13.6931915000967,14.5825970893193,0.8894055892226,884866
"geo_component_0119",NA,NA,"08",NA,TRUE,"kumar_somanathan_exact_amalgamation","1961_1991",1961,1991,"log_population","demography","Log population",FALSE,14.1708353909132,14.8765251623216,0.7056897714084,1426644
"geo_component_0120",NA,NA,"08",NA,TRUE,"kumar_somanathan_exact_amalgamation","1961_1991",1961,1991,"log_population","demography","Log population",FALSE,12.7308307598263,13.554467819896,0.8236370600697,338010
"geo_component_0121",NA,NA,"08",NA,TRUE,"kumar_somanathan_exact_amalgamation","1961_1991",1961,1991,"log_population","demography","Log population",FALSE,13.649592918212,14.5239556268591,0.8743627086471,847116
"geo_component_0122",NA,NA,"08",NA,TRUE,"kumar_somanathan_exact_amalgamation","1961_1991",1961,1991,"log_population","demography","Log population",FALSE,13.1059941293105,13.7715283669456,0.6655342376351,491882
"geo_component_0123",NA,NA,"33",NA,TRUE,"kumar_somanathan_exact_amalgamation","1961_1991",1961,1991,"log_population","demography","Log population",FALSE,14.410032821042,15.1613464001653,0.7513135791233,1812165
"geo_component_0124",NA,NA,"33",NA,TRUE,"kumar_somanathan_exact_amalgamation","1961_1991",1961,1991,"log_population","demography","Log population",FALSE,14.9141928441825,15.3265540793003,0.4123612351178,3000210
"geo_component_0125",NA,NA,"33",NA,TRUE,"kumar_somanathan_exact_amalgamation","1961_1991",1961,1991,"log_population","demography","Log population",FALSE,14.9822390228232,15.4661408923019,0.4839018694787,3211469
"geo_component_0127",NA,NA,"33",NA,TRUE,"kumar_somanathan_exact_amalgamation","1961_1991",1961,1991,"log_population","demography","Log population",FALSE,14.6999167371348,15.1471552087556,0.4472384716208,2421546
"geo_component_0130",NA,NA,"05",NA,TRUE,"kumar_somanathan_exact_amalgamation","1961_1991",1961,1991,"log_population","demography","Log population",FALSE,14.512020079515,15.1568444248586,0.644824345343599,2006736
"geo_component_0131",NA,NA,"05",NA,TRUE,"kumar_somanathan_exact_amalgamation","1961_1991",1961,1991,"log_population","demography","Log population",FALSE,13.2136107697989,13.637121658128,0.423510888329101,547770
"geo_component_0132",NA,NA,"09",NA,TRUE,"kumar_somanathan_exact_amalgamation","1961_1991",1961,1991,"log_population","demography","Log population",FALSE,13.9902929330806,14.7134421881576,0.723149255077001,1190987
"geo_component_0133",NA,NA,"09",NA,TRUE,"kumar_somanathan_exact_amalgamation","1961_1991",1961,1991,"log_population","demography","Log population",FALSE,14.4954716833569,15.2316149033691,0.736143220012201,1973801
"geo_component_0134",NA,NA,"09",NA,TRUE,"kumar_somanathan_exact_amalgamation","1961_1991",1961,1991,"log_population","demography","Log population",FALSE,14.2951414460791,15.0490956582466,0.7539542121675,1615478
"geo_component_0136",NA,NA,"09",NA,TRUE,"kumar_somanathan_exact_amalgamation","1961_1991",1961,1991,"log_population","demography","Log population",FALSE,14.1835652067539,14.860209632021,0.676644425267099,1444921
"geo_component_0139",NA,NA,"09",NA,TRUE,"kumar_somanathan_exact_amalgamation","1961_1991",1961,1991,"log_population","demography","Log population",FALSE,14.8581004931138,15.4693801979859,0.6112797048721,2836554
"geo_component_0140",NA,NA,"09",NA,TRUE,"kumar_somanathan_exact_amalgamation","1961_1991",1961,1991,"log_population","demography","Log population",FALSE,14.4372379959951,14.8274826734654,0.390244677470301,1862142
"geo_component_0142",NA,NA,"09",NA,TRUE,"kumar_somanathan_exact_amalgamation","1961_1991",1961,1991,"log_population","demography","Log population",FALSE,14.6754831816663,15.4198263748353,0.744343193169,2363096
"geo_component_0143",NA,NA,"09",NA,TRUE,"kumar_somanathan_exact_amalgamation","1961_1991",1961,1991,"log_population","demography","Log population",FALSE,14.0199197112222,14.604148356594,0.5842286453718,1226800
"geo_component_0145",NA,NA,"09",NA,TRUE,"kumar_somanathan_exact_amalgamation","1961_1991",1961,1991,"log_population","demography","Log population",FALSE,13.8791902729334,14.4569648906416,0.577774617708201,1065751
"geo_component_0149",NA,NA,"09",NA,TRUE,"kumar_somanathan_exact_amalgamation","1961_1991",1961,1991,"log_population","demography","Log population",FALSE,14.1112909999222,14.631880618031,0.520589618108799,1344175
"geo_component_0150",NA,NA,"09",NA,TRUE,"kumar_somanathan_exact_amalgamation","1961_1991",1961,1991,"log_population","demography","Log population",FALSE,14.6762581354701,15.3966687417933,0.720410606323201,2364928
"geo_component_0151",NA,NA,"09",NA,TRUE,"kumar_somanathan_exact_amalgamation","1961_1991",1961,1991,"log_population","demography","Log population",FALSE,14.0361742369353,14.8206103833004,0.784436146365099,1246904
"geo_component_0152",NA,NA,"19",NA,TRUE,"kumar_somanathan_exact_amalgamation","1961_1991",1961,1991,"log_population","demography","Log population",FALSE,14.6462342511081,15.3715791277764,0.7253448766683,2294979
"geo_component_0153",NA,NA,"19",NA,TRUE,"kumar_somanathan_exact_amalgamation","1961_1991",1961,1991,"log_population","demography","Log population",FALSE,14.3513025129538,15.1641282333069,0.8128257203531,1708801
"geo_component_0154",NA,NA,"19",NA,TRUE,"kumar_somanathan_exact_amalgamation","1961_1991",1961,1991,"log_population","demography","Log population",FALSE,14.889587296707,15.2970739616787,0.4074866649717,2927289
"geo_component_0001",NA,NA,"28",NA,TRUE,"kumar_somanathan_exact_amalgamation","1961_1991",1961,1991,"urban_share","demography","Urban share",FALSE,0.0874199781999878,0.125041897768583,0.0376219195685952,1555045
"geo_component_0002",NA,NA,"28",NA,TRUE,"kumar_somanathan_exact_amalgamation","1961_1991",1961,1991,"urban_share","demography","Urban share",FALSE,0.126257214893688,0.172197922918809,0.045940708025121,1350505
"geo_component_0003",NA,NA,"28",NA,TRUE,"kumar_somanathan_exact_amalgamation","1961_1991",1961,1991,"urban_share","demography","Urban share",FALSE,0.20743834501013,0.288945772813677,0.081507427803547,2327265
"geo_component_0004",NA,NA,"28",NA,TRUE,"kumar_somanathan_exact_amalgamation","1961_1991",1961,1991,"urban_share","demography","Urban share",FALSE,0.167763122476447,0.164506956087455,-0.00325616638899201,1671750
"geo_component_0005",NA,NA,"28",NA,TRUE,"kumar_somanathan_exact_amalgamation","1961_1991",1961,1991,"urban_share","demography","Urban share",FALSE,0.110037239391441,0.237876317791544,0.127839078400103,1414094
"geo_component_0006",NA,NA,"28",NA,TRUE,"kumar_somanathan_exact_amalgamation","1961_1991",1961,1991,"urban_share","demography","Urban share",FALSE,0.11469415401003,0.198040058654731,0.083345904644701,1900123
"geo_component_0007",NA,NA,"28",NA,TRUE,"kumar_somanathan_exact_amalgamation","1961_1991",1961,1991,"urban_share","demography","Urban share",FALSE,0.155891067281689,0.237183585024753,0.081292517743064,3109479
"geo_component_0008",NA,NA,"28",NA,TRUE,"kumar_somanathan_exact_amalgamation","1961_1991",1961,1991,"urban_share","demography","Urban share",FALSE,0.192262617504821,0.258356474754324,0.066093857249503,1570893
"geo_component_0010",NA,NA,"28",NA,TRUE,"kumar_somanathan_exact_amalgamation","1961_1991",1961,1991,"urban_share","demography","Urban share",FALSE,0.0779793212796723,0.144720680236144,0.0667413589564717,1232378
"geo_component_0011",NA,NA,"28",NA,TRUE,"kumar_somanathan_exact_amalgamation","1961_1991",1961,1991,"urban_share","demography","Urban share",FALSE,0.145103224177748,0.202659866579702,0.057556642401954,1018027
"geo_component_0012",NA,NA,"28",NA,TRUE,"kumar_somanathan_exact_amalgamation","1961_1991",1961,1991,"urban_share","demography","Urban share",FALSE,0.0930671167091096,0.118668331877092,0.0256012151679824,1557779
"geo_component_0019",NA,NA,"18",NA,TRUE,"kumar_somanathan_exact_amalgamation","1961_1991",1961,1991,"urban_share","demography","Urban share",FALSE,0.0661594204775982,0.0938415731566908,0.0276821526790926,1543892
"geo_component_0022",NA,NA,"18",NA,TRUE,"kumar_somanathan_exact_amalgamation","1961_1991",1961,1991,"urban_share","demography","Urban share",FALSE,0.106420042548818,0.176280519386114,0.069860476837296,2062572
"geo_component_0023",NA,NA,"18",NA,TRUE,"kumar_somanathan_exact_amalgamation","1961_1991",1961,1991,"urban_share","demography","Urban share",FALSE,0.0389975730225561,0.0616536676132431,0.022656094590687,1289670
"geo_component_0027",NA,NA,"18",NA,TRUE,"kumar_somanathan_exact_amalgamation","1961_1991",1961,1991,"urban_share","demography","Urban share",FALSE,0.0508522331757701,0.0949489603169581,0.044096727141188,1508390
"geo_component_0036",NA,NA,"10",NA,TRUE,"kumar_somanathan_exact_amalgamation","1961_1991",1961,1991,"urban_share","demography","Urban share",FALSE,0.0453670151860682,0.0680319521702948,0.0226649369842266,1888178
"geo_component_0040",NA,NA,"24",NA,TRUE,"kumar_somanathan_exact_amalgamation","1961_1991",1961,1991,"urban_share","demography","Urban share",FALSE,0.279916389296503,0.300050791150759,0.020134401854256,663073
"geo_component_0041",NA,NA,"24",NA,TRUE,"kumar_somanathan_exact_amalgamation","1961_1991",1961,1991,"urban_share","demography","Urban share",FALSE,0.279188473346146,0.312127302855438,0.032938829509292,3032901
"geo_component_0043",NA,NA,"24",NA,TRUE,"kumar_somanathan_exact_amalgamation","1961_1991",1961,1991,"urban_share","demography","Urban share",FALSE,0.219606124924823,0.357415782326719,0.137809657401896,2419295
"geo_component_0044",NA,NA,"06",NA,TRUE,"kumar_somanathan_exact_amalgamation","1961_1991",1961,1991,"urban_share","demography","Urban share",FALSE,0.320058029590575,0.347604497312197,0.027546467721622,885755
"geo_component_0048",NA,NA,"06",NA,TRUE,"kumar_somanathan_exact_amalgamation","1961_1991",1961,1991,"urban_share","demography","Urban share",FALSE,0.125528352637646,0.137793544136013,0.012265191498367,582944
"geo_component_0050",NA,NA,"02",NA,TRUE,"kumar_somanathan_exact_amalgamation","1961_1991",1961,1991,"urban_share","demography","Urban share",FALSE,0.0472925391942478,0.0759981285883555,0.0287055893941077,215848
"geo_component_0064",NA,NA,"29",NA,TRUE,"kumar_somanathan_exact_amalgamation","1961_1991",1961,1991,"urban_share","demography","Urban share",FALSE,0.180193072828006,0.234899149069401,0.054706076241395,1983811
"geo_component_0065",NA,NA,"29",NA,TRUE,"kumar_somanathan_exact_amalgamation","1961_1991",1961,1991,"urban_share","demography","Urban share",FALSE,0.217073962812938,0.277469073766454,0.060395110953516,3026913
"geo_component_0066",NA,NA,"29",NA,TRUE,"kumar_somanathan_exact_amalgamation","1961_1991",1961,1991,"urban_share","demography","Urban share",FALSE,0.268911795766799,0.349368711017227,0.080456915250428,1951573
"geo_component_0067",NA,NA,"29",NA,TRUE,"kumar_somanathan_exact_amalgamation","1961_1991",1961,1991,"urban_share","demography","Urban share",FALSE,0.145901004288505,0.207855189452991,0.061954185164486,1099684
"geo_component_0068",NA,NA,"29",NA,TRUE,"kumar_somanathan_exact_amalgamation","1961_1991",1961,1991,"urban_share","demography","Urban share",FALSE,0.175279784322796,0.241355121039778,0.066075336716982,689549
"geo_component_0070",NA,NA,"32",NA,TRUE,"kumar_somanathan_exact_amalgamation","1961_1991",1961,1991,"urban_share","demography","Urban share",FALSE,0.166290053238715,0.0341437940392306,-0.132146259199484,311991
"geo_component_0071",NA,NA,"32",NA,TRUE,"kumar_somanathan_exact_amalgamation","1961_1991",1961,1991,"urban_share","demography","Urban share",FALSE,0.165256306946686,0.383404435443394,0.218148128496708,1373763
"geo_component_0073",NA,NA,"32",NA,TRUE,"kumar_somanathan_exact_amalgamation","1961_1991",1961,1991,"urban_share","demography","Urban share",FALSE,0.189392145470669,0.36558346438864,0.176191318917971,2318433
"geo_component_0074",NA,NA,"32",NA,TRUE,"kumar_somanathan_exact_amalgamation","1961_1991",1961,1991,"urban_share","demography","Urban share",FALSE,0.0954879311968361,0.175530870423477,0.0800429392266409,1274360
"geo_component_0077",NA,NA,"23",NA,TRUE,"kumar_somanathan_exact_amalgamation","1961_1991",1961,1991,"urban_share","demography","Urban share",FALSE,0.412280405385726,0.508263738669388,0.095983333283662,858343
"geo_component_0080",NA,NA,"23",NA,TRUE,"kumar_somanathan_exact_amalgamation","1961_1991",1961,1991,"urban_share","demography","Urban share",FALSE,0.193172427595646,0.273447752584218,0.080275324988572,619576
"geo_component_0082",NA,NA,"27",NA,TRUE,"kumar_somanathan_exact_amalgamation","1961_1991",1961,1991,"urban_share","demography","Urban share",FALSE,0.0809204012909348,0.0846752116501537,0.00375481035921889,1827203
"geo_component_0084",NA,NA,"27",NA,TRUE,"kumar_somanathan_exact_amalgamation","1961_1991",1961,1991,"urban_share","demography","Urban share",FALSE,0.156356137402943,0.227404267413989,0.071048130011046,1230716
"geo_component_0085",NA,NA,"27",NA,TRUE,"kumar_somanathan_exact_amalgamation","1961_1991",1961,1991,"urban_share","demography","Urban share",FALSE,0.279484269554797,0.287671495736534,0.00818722618173701,1860119
"geo_component_0086",NA,NA,"27",NA,TRUE,"kumar_somanathan_exact_amalgamation","1961_1991",1961,1991,"urban_share","demography","Urban share",FALSE,0.192781928890387,0.263254777459963,0.070472848569576,1596493
"geo_component_0088",NA,NA,"27",NA,TRUE,"kumar_somanathan_exact_amalgamation","1961_1991",1961,1991,"urban_share","demography","Urban share",FALSE,0.138200153203851,0.225125706471551,0.0869255532677,1206236
"geo_component_0089",NA,NA,"27",NA,TRUE,"kumar_somanathan_exact_amalgamation","1961_1991",1961,1991,"urban_share","demography","Urban share",FALSE,0.0985045922677354,0.179448452091904,0.0809438598241686,1001466
"geo_component_0090",NA,NA,"27",NA,TRUE,"kumar_somanathan_exact_amalgamation","1961_1991",1961,1991,"urban_share","demography","Urban share",FALSE,0.105752624426795,0.181426957555923,0.075674333129128,1477656
"geo_component_0092",NA,NA,"27",NA,TRUE,"kumar_somanathan_exact_amalgamation","1961_1991",1961,1991,"urban_share","demography","Urban share",FALSE,0.520687872078068,0.617836361650663,0.097148489572595,1508420
"geo_component_0093",NA,NA,"27",NA,TRUE,"kumar_somanathan_exact_amalgamation","1961_1991",1961,1991,"urban_share","demography","Urban share",FALSE,0.108861427876603,0.130902544992501,0.022041117115898,1272673
"geo_component_0109",NA,NA,"21",NA,TRUE,"kumar_somanathan_exact_amalgamation","1961_1991",1961,1991,"urban_share","demography","Urban share",FALSE,0.0681696120596071,0.122879033451097,0.0547094213914899,3062919
"geo_component_0110",NA,NA,"21",NA,TRUE,"kumar_somanathan_exact_amalgamation","1961_1991",1961,1991,"urban_share","demography","Urban share",FALSE,0.0457638148755048,0.0986087850272434,0.0528449701517386,1026466
"geo_component_0111",NA,NA,"21",NA,TRUE,"kumar_somanathan_exact_amalgamation","1961_1991",1961,1991,"urban_share","demography","Urban share",FALSE,0.0283000335849033,0.0649393739631401,0.0366393403782368,946854
"geo_component_0112",NA,NA,"21",NA,TRUE,"kumar_somanathan_exact_amalgamation","1961_1991",1961,1991,"urban_share","demography","Urban share",FALSE,0.0504448548464483,0.112056712163067,0.0616118573166187,1561071
"geo_component_0113",NA,NA,"21",NA,TRUE,"kumar_somanathan_exact_amalgamation","1961_1991",1961,1991,"urban_share","demography","Urban share",FALSE,0.0714741044827732,0.196657071564384,0.125182967081611,1865207
"geo_component_0115",NA,NA,"08",NA,TRUE,"kumar_somanathan_exact_amalgamation","1961_1991",1961,1991,"urban_share","demography","Urban share",FALSE,0.0822378321853191,0.139462592202318,0.0572247600169989,1099725
"geo_component_0116",NA,NA,"08",NA,TRUE,"kumar_somanathan_exact_amalgamation","1961_1991",1961,1991,"urban_share","demography","Urban share",FALSE,0.209088206469742,0.322760771827203,0.113672565357461,2835631
"geo_component_0117",NA,NA,"08",NA,TRUE,"kumar_somanathan_exact_amalgamation","1961_1991",1961,1991,"urban_share","demography","Urban share",FALSE,0.0983809827470152,0.155580131024013,0.0571991482769978,141135
"geo_component_0118",NA,NA,"08",NA,TRUE,"kumar_somanathan_exact_amalgamation","1961_1991",1961,1991,"urban_share","demography","Urban share",FALSE,0.29944759997559,0.355029503367336,0.055581903391746,884866
"geo_component_0119",NA,NA,"08",NA,TRUE,"kumar_somanathan_exact_amalgamation","1961_1991",1961,1991,"urban_share","demography","Urban share",FALSE,0.109268324823852,0.170982185656669,0.061713860832817,1426644
"geo_component_0120",NA,NA,"08",NA,TRUE,"kumar_somanathan_exact_amalgamation","1961_1991",1961,1991,"urban_share","demography","Urban share",FALSE,0.153069435815508,0.17363758166201,0.020568145846502,338010
"geo_component_0121",NA,NA,"08",NA,TRUE,"kumar_somanathan_exact_amalgamation","1961_1991",1961,1991,"urban_share","demography","Urban share",FALSE,0.188686083133833,0.364301608553346,0.175615525419513,847116
"geo_component_0122",NA,NA,"08",NA,TRUE,"kumar_somanathan_exact_amalgamation","1961_1991",1961,1991,"urban_share","demography","Urban share",FALSE,0.0768172041261929,0.157750861833849,0.0809336577076561,491882
"geo_component_0123",NA,NA,"33",NA,TRUE,"kumar_somanathan_exact_amalgamation","1961_1991",1961,1991,"urban_share","demography","Urban share",FALSE,0.963689840605022,1,0.036310159394978,1812165
"geo_component_0124",NA,NA,"33",NA,TRUE,"kumar_somanathan_exact_amalgamation","1961_1991",1961,1991,"urban_share","demography","Urban share",FALSE,0.20380006732862,0.229358239524285,0.025558172195665,3000210
"geo_component_0125",NA,NA,"33",NA,TRUE,"kumar_somanathan_exact_amalgamation","1961_1991",1961,1991,"urban_share","demography","Urban share",FALSE,0.316305404162394,0.368339179807238,0.052033775644844,3211469
"geo_component_0127",NA,NA,"33",NA,TRUE,"kumar_somanathan_exact_amalgamation","1961_1991",1961,1991,"urban_share","demography","Urban share",FALSE,0.247536491150695,0.297228317940087,0.049691826789392,2421546
"geo_component_0130",NA,NA,"05",NA,TRUE,"kumar_somanathan_exact_amalgamation","1961_1991",1961,1991,"urban_share","demography","Urban share",FALSE,0.0752246434010253,0.182967625932203,0.107742982531178,2006736
"geo_component_0131",NA,NA,"05",NA,TRUE,"kumar_somanathan_exact_amalgamation","1961_1991",1961,1991,"urban_share","demography","Urban share",FALSE,0.043010752688172,0.0639563862555984,0.0209456335674264,547770
"geo_component_0132",NA,NA,"09",NA,TRUE,"kumar_somanathan_exact_amalgamation","1961_1991",1961,1991,"urban_share","demography","Urban share",FALSE,0.164492139712692,0.250701460692331,0.086209320979639,1190987
"geo_component_0133",NA,NA,"09",NA,TRUE,"kumar_somanathan_exact_amalgamation","1961_1991",1961,1991,"urban_share","demography","Urban share",FALSE,0.22178172976911,0.276500684900759,0.054718955131649,1973801
"geo_component_0134",NA,NA,"09",NA,TRUE,"kumar_somanathan_exact_amalgamation","1961_1991",1961,1991,"urban_share","demography","Urban share",FALSE,0.230328732424707,0.273129272404942,0.042800539980235,1615478
"geo_component_0136",NA,NA,"09",NA,TRUE,"kumar_somanathan_exact_amalgamation","1961_1991",1961,1991,"urban_share","demography","Urban share",FALSE,0.132279204191786,0.24598748374255,0.113708279550764,1444921
"geo_component_0139",NA,NA,"09",NA,TRUE,"kumar_somanathan_exact_amalgamation","1961_1991",1961,1991,"urban_share","demography","Urban share",FALSE,0.164398421464918,0.245591685593423,0.081193264128505,2836554
"geo_component_0140",NA,NA,"09",NA,TRUE,"kumar_somanathan_exact_amalgamation","1961_1991",1961,1991,"urban_share","demography","Urban share",FALSE,0.358718078427961,0.403881322607134,0.045163244179173,1862142
"geo_component_0142",NA,NA,"09",NA,TRUE,"kumar_somanathan_exact_amalgamation","1961_1991",1961,1991,"urban_share","demography","Urban share",FALSE,0.0822776560918388,0.183970103257543,0.101692447165704,2363096
"geo_component_0143",NA,NA,"09",NA,TRUE,"kumar_somanathan_exact_amalgamation","1961_1991",1961,1991,"urban_share","demography","Urban share",FALSE,0.0242720899902185,0.136020000027268,0.11174791003705,1226800
"geo_component_0145",NA,NA,"09",NA,TRUE,"kumar_somanathan_exact_amalgamation","1961_1991",1961,1991,"urban_share","demography","Urban share",FALSE,0.0398498335915237,0.0989937559267097,0.059143922335186,1065751
"geo_component_0149",NA,NA,"09",NA,TRUE,"kumar_somanathan_exact_amalgamation","1961_1991",1961,1991,"urban_share","demography","Urban share",FALSE,0.0379965406290104,0.0990539161277175,0.0610573754987071,1344175
"geo_component_0150",NA,NA,"09",NA,TRUE,"kumar_somanathan_exact_amalgamation","1961_1991",1961,1991,"urban_share","demography","Urban share",FALSE,0.234029112091362,0.272034912691525,0.038005800600163,2364928
"geo_component_0151",NA,NA,"09",NA,TRUE,"kumar_somanathan_exact_amalgamation","1961_1991",1961,1991,"urban_share","demography","Urban share",FALSE,0.115013665847571,0.13641963560234,0.021405969754769,1246904
"geo_component_0152",NA,NA,"19",NA,TRUE,"kumar_somanathan_exact_amalgamation","1961_1991",1961,1991,"urban_share","demography","Urban share",FALSE,0.0855689747052152,0.104289337740227,0.0187203630350118,2294979
"geo_component_0153",NA,NA,"19",NA,TRUE,"kumar_somanathan_exact_amalgamation","1961_1991",1961,1991,"urban_share","demography","Urban share",FALSE,0.184069999959036,0.226322961233842,0.042252961274806,1708801
"geo_component_0154",NA,NA,"19",NA,TRUE,"kumar_somanathan_exact_amalgamation","1961_1991",1961,1991,"urban_share","demography","Urban share",FALSE,1,1,0,2927289
"geo_component_0001",NA,NA,"28",NA,TRUE,"kumar_somanathan_exact_amalgamation","1961_1991",1961,1991,"main_worker_share","labor","Main-worker share of population",TRUE,0.501494168979033,0.439908475455447,-0.061585693523586,1555045
"geo_component_0002",NA,NA,"28",NA,TRUE,"kumar_somanathan_exact_amalgamation","1961_1991",1961,1991,"main_worker_share","labor","Main-worker share of population",TRUE,0.494259554759146,0.454898592714251,-0.039360962044895,1350505
"geo_component_0003",NA,NA,"28",NA,TRUE,"kumar_somanathan_exact_amalgamation","1961_1991",1961,1991,"main_worker_share","labor","Main-worker share of population",TRUE,0.458719140278395,0.457499989651811,-0.00121915062658401,2327265
"geo_component_0004",NA,NA,"28",NA,TRUE,"kumar_somanathan_exact_amalgamation","1961_1991",1961,1991,"main_worker_share","labor","Main-worker share of population",TRUE,0.464173470913713,0.461940310949033,-0.00223315996468004,1671750
"geo_component_0005",NA,NA,"28",NA,TRUE,"kumar_somanathan_exact_amalgamation","1961_1991",1961,1991,"main_worker_share","labor","Main-worker share of population",TRUE,0.472032976591372,0.428464715373747,-0.043568261217625,1414094
"geo_component_0006",NA,NA,"28",NA,TRUE,"kumar_somanathan_exact_amalgamation","1961_1991",1961,1991,"main_worker_share","labor","Main-worker share of population",TRUE,0.486234838481509,0.42980137486592,-0.056433463615589,1900123
"geo_component_0007",NA,NA,"28",NA,TRUE,"kumar_somanathan_exact_amalgamation","1961_1991",1961,1991,"main_worker_share","labor","Main-worker share of population",TRUE,0.474090997237801,0.421441258438145,-0.052649738799656,3109479
"geo_component_0008",NA,NA,"28",NA,TRUE,"kumar_somanathan_exact_amalgamation","1961_1991",1961,1991,"main_worker_share","labor","Main-worker share of population",TRUE,0.462975517746912,0.451049167447017,-0.011926350299895,1570893
"geo_component_0010",NA,NA,"28",NA,TRUE,"kumar_somanathan_exact_amalgamation","1961_1991",1961,1991,"main_worker_share","labor","Main-worker share of population",TRUE,0.515998338172217,0.463153581813376,-0.052844756358841,1232378
"geo_component_0011",NA,NA,"28",NA,TRUE,"kumar_somanathan_exact_amalgamation","1961_1991",1961,1991,"main_worker_share","labor","Main-worker share of population",TRUE,0.544456090064409,0.478667033761431,-0.065789056302978,1018027
"geo_component_0012",NA,NA,"28",NA,TRUE,"kumar_somanathan_exact_amalgamation","1961_1991",1961,1991,"main_worker_share","labor","Main-worker share of population",TRUE,0.519420919141932,0.453097936532202,-0.06632298260973,1557779
"geo_component_0019",NA,NA,"18",NA,TRUE,"kumar_somanathan_exact_amalgamation","1961_1991",1961,1991,"main_worker_share","labor","Main-worker share of population",TRUE,0.355648581636539,0.297073122745958,-0.058575458890581,1543892
"geo_component_0022",NA,NA,"18",NA,TRUE,"kumar_somanathan_exact_amalgamation","1961_1991",1961,1991,"main_worker_share","labor","Main-worker share of population",TRUE,0.360323906268484,0.274829627543093,-0.085494278725391,2062572
"geo_component_0023",NA,NA,"18",NA,TRUE,"kumar_somanathan_exact_amalgamation","1961_1991",1961,1991,"main_worker_share","labor","Main-worker share of population",TRUE,0.406932005861965,0.333497971281022,-0.073434034580943,1289670
"geo_component_0027",NA,NA,"18",NA,TRUE,"kumar_somanathan_exact_amalgamation","1961_1991",1961,1991,"main_worker_share","labor","Main-worker share of population",TRUE,0.402734040931059,0.354478317483513,-0.048255723447546,1508390
"geo_component_0036",NA,NA,"10",NA,TRUE,"kumar_somanathan_exact_amalgamation","1961_1991",1961,1991,"main_worker_share","labor","Main-worker share of population",TRUE,0.385382628120866,0.347020772195699,-0.038361855925167,1888178
"geo_component_0040",NA,NA,"24",NA,TRUE,"kumar_somanathan_exact_amalgamation","1961_1991",1961,1991,"main_worker_share","labor","Main-worker share of population",TRUE,0.323367110408658,0.348000450006287,0.024633339597629,663073
"geo_component_0041",NA,NA,"24",NA,TRUE,"kumar_somanathan_exact_amalgamation","1961_1991",1961,1991,"main_worker_share","labor","Main-worker share of population",TRUE,0.344899817039857,0.336596136290857,-0.00830368074900001,3032901
"geo_component_0043",NA,NA,"24",NA,TRUE,"kumar_somanathan_exact_amalgamation","1961_1991",1961,1991,"main_worker_share","labor","Main-worker share of population",TRUE,0.356403828388022,0.354972814568501,-0.00143101381952099,2419295
"geo_component_0044",NA,NA,"06",NA,TRUE,"kumar_somanathan_exact_amalgamation","1961_1991",1961,1991,"main_worker_share","labor","Main-worker share of population",TRUE,0.312832555277701,0.281884587968173,-0.030947967309528,885755
"geo_component_0048",NA,NA,"06",NA,TRUE,"kumar_somanathan_exact_amalgamation","1961_1991",1961,1991,"main_worker_share","labor","Main-worker share of population",TRUE,0.276237511664928,0.247088884972839,-0.029148626692089,582944
"geo_component_0050",NA,NA,"02",NA,TRUE,"kumar_somanathan_exact_amalgamation","1961_1991",1961,1991,"main_worker_share","labor","Main-worker share of population",TRUE,0.408565286683222,0.325508662906892,-0.08305662377633,215848
"geo_component_0064",NA,NA,"29",NA,TRUE,"kumar_somanathan_exact_amalgamation","1961_1991",1961,1991,"main_worker_share","labor","Main-worker share of population",TRUE,0.372164485427291,0.374148832209791,0.00198434678249998,1983811
"geo_component_0065",NA,NA,"29",NA,TRUE,"kumar_somanathan_exact_amalgamation","1961_1991",1961,1991,"main_worker_share","labor","Main-worker share of population",TRUE,0.433689703007652,0.397116282771908,-0.036573420235744,3026913
"geo_component_0066",NA,NA,"29",NA,TRUE,"kumar_somanathan_exact_amalgamation","1961_1991",1961,1991,"main_worker_share","labor","Main-worker share of population",TRUE,0.382071283011191,0.385350898477085,0.003279615465894,1951573
"geo_component_0067",NA,NA,"29",NA,TRUE,"kumar_somanathan_exact_amalgamation","1961_1991",1961,1991,"main_worker_share","labor","Main-worker share of population",TRUE,0.429527937116481,0.420364719139941,-0.00916321797654002,1099684
"geo_component_0068",NA,NA,"29",NA,TRUE,"kumar_somanathan_exact_amalgamation","1961_1991",1961,1991,"main_worker_share","labor","Main-worker share of population",TRUE,0.390128910345748,0.351288250045072,-0.038840660300676,689549
"geo_component_0070",NA,NA,"32",NA,TRUE,"kumar_somanathan_exact_amalgamation","1961_1991",1961,1991,"main_worker_share","labor","Main-worker share of population",TRUE,0.241564660519053,0.338407267663302,0.096842607144249,311991
"geo_component_0071",NA,NA,"32",NA,TRUE,"kumar_somanathan_exact_amalgamation","1961_1991",1961,1991,"main_worker_share","labor","Main-worker share of population",TRUE,0.246991657221806,0.232449891047165,-0.014541766174641,1373763
"geo_component_0073",NA,NA,"32",NA,TRUE,"kumar_somanathan_exact_amalgamation","1961_1991",1961,1991,"main_worker_share","labor","Main-worker share of population",TRUE,0.29413832532577,0.324119670310543,0.029981344984773,2318433
"geo_component_0074",NA,NA,"32",NA,TRUE,"kumar_somanathan_exact_amalgamation","1961_1991",1961,1991,"main_worker_share","labor","Main-worker share of population",TRUE,0.296465676888791,0.293767718243083,-0.00269795864570799,1274360
"geo_component_0077",NA,NA,"23",NA,TRUE,"kumar_somanathan_exact_amalgamation","1961_1991",1961,1991,"main_worker_share","labor","Main-worker share of population",TRUE,0.349593344385636,0.29185920714324,-0.057734137242396,858343
"geo_component_0080",NA,NA,"23",NA,TRUE,"kumar_somanathan_exact_amalgamation","1961_1991",1961,1991,"main_worker_share","labor","Main-worker share of population",TRUE,0.409013583482898,0.336163432924746,-0.072850150558152,619576
"geo_component_0082",NA,NA,"27",NA,TRUE,"kumar_somanathan_exact_amalgamation","1961_1991",1961,1991,"main_worker_share","labor","Main-worker share of population",TRUE,0.377027620904738,0.3763334790837,-0.000694141821037997,1827203
"geo_component_0084",NA,NA,"27",NA,TRUE,"kumar_somanathan_exact_amalgamation","1961_1991",1961,1991,"main_worker_share","labor","Main-worker share of population",TRUE,0.365098853025393,0.368739726126596,0.00364087310120298,1230716
"geo_component_0085",NA,NA,"27",NA,TRUE,"kumar_somanathan_exact_amalgamation","1961_1991",1961,1991,"main_worker_share","labor","Main-worker share of population",TRUE,0.392913571658587,0.386357467540808,-0.00655610411777896,1860119
"geo_component_0086",NA,NA,"27",NA,TRUE,"kumar_somanathan_exact_amalgamation","1961_1991",1961,1991,"main_worker_share","labor","Main-worker share of population",TRUE,0.397718624510098,0.391280234500204,-0.00643839000989399,1596493
"geo_component_0088",NA,NA,"27",NA,TRUE,"kumar_somanathan_exact_amalgamation","1961_1991",1961,1991,"main_worker_share","labor","Main-worker share of population",TRUE,0.465170994730716,0.420543826625445,-0.044627168105271,1206236
"geo_component_0089",NA,NA,"27",NA,TRUE,"kumar_somanathan_exact_amalgamation","1961_1991",1961,1991,"main_worker_share","labor","Main-worker share of population",TRUE,0.468185639851977,0.41633316356324,-0.051852476288737,1001466
"geo_component_0090",NA,NA,"27",NA,TRUE,"kumar_somanathan_exact_amalgamation","1961_1991",1961,1991,"main_worker_share","labor","Main-worker share of population",TRUE,0.443325104083765,0.401517388606988,-0.041807715476777,1477656
"geo_component_0092",NA,NA,"27",NA,TRUE,"kumar_somanathan_exact_amalgamation","1961_1991",1961,1991,"main_worker_share","labor","Main-worker share of population",TRUE,0.427256997387995,0.355295897131214,-0.071961100256781,1508420
"geo_component_0093",NA,NA,"27",NA,TRUE,"kumar_somanathan_exact_amalgamation","1961_1991",1961,1991,"main_worker_share","labor","Main-worker share of population",TRUE,0.530786777121853,0.45786995718886,-0.072916819932993,1272673
"geo_component_0109",NA,NA,"21",NA,TRUE,"kumar_somanathan_exact_amalgamation","1961_1991",1961,1991,"main_worker_share","labor","Main-worker share of population",TRUE,0.308521054588776,0.265358770114179,-0.043162284474597,3062919
"geo_component_0110",NA,NA,"21",NA,TRUE,"kumar_somanathan_exact_amalgamation","1961_1991",1961,1991,"main_worker_share","labor","Main-worker share of population",TRUE,0.346087449559946,0.314258368794289,-0.031829080765657,1026466
"geo_component_0111",NA,NA,"21",NA,TRUE,"kumar_somanathan_exact_amalgamation","1961_1991",1961,1991,"main_worker_share","labor","Main-worker share of population",TRUE,0.387403971467618,0.37468109236215,-0.012722879105468,946854
"geo_component_0112",NA,NA,"21",NA,TRUE,"kumar_somanathan_exact_amalgamation","1961_1991",1961,1991,"main_worker_share","labor","Main-worker share of population",TRUE,0.440682070194117,0.399563027419332,-0.041119042774785,1561071
"geo_component_0113",NA,NA,"21",NA,TRUE,"kumar_somanathan_exact_amalgamation","1961_1991",1961,1991,"main_worker_share","labor","Main-worker share of population",TRUE,0.320785306939123,0.289873945202625,-0.030911361736498,1865207
"geo_component_0115",NA,NA,"08",NA,TRUE,"kumar_somanathan_exact_amalgamation","1961_1991",1961,1991,"main_worker_share","labor","Main-worker share of population",TRUE,0.317961308508945,0.303754713530554,-0.014206594978391,1099725
"geo_component_0116",NA,NA,"08",NA,TRUE,"kumar_somanathan_exact_amalgamation","1961_1991",1961,1991,"main_worker_share","labor","Main-worker share of population",TRUE,0.389345440221242,0.301024545016847,-0.088320895204395,2835631
"geo_component_0117",NA,NA,"08",NA,TRUE,"kumar_somanathan_exact_amalgamation","1961_1991",1961,1991,"main_worker_share","labor","Main-worker share of population",TRUE,0.391114889998937,0.29482144567612,-0.096293444322817,141135
"geo_component_0118",NA,NA,"08",NA,TRUE,"kumar_somanathan_exact_amalgamation","1961_1991",1961,1991,"main_worker_share","labor","Main-worker share of population",TRUE,0.367182149613614,0.306765830052989,-0.060416319560625,884866
"geo_component_0119",NA,NA,"08",NA,TRUE,"kumar_somanathan_exact_amalgamation","1961_1991",1961,1991,"main_worker_share","labor","Main-worker share of population",TRUE,0.3724461042839,0.33016913087283,-0.04227697341107,1426644
"geo_component_0120",NA,NA,"08",NA,TRUE,"kumar_somanathan_exact_amalgamation","1961_1991",1961,1991,"main_worker_share","labor","Main-worker share of population",TRUE,0.402387503328304,0.342140453464339,-0.060247049863965,338010
"geo_component_0121",NA,NA,"08",NA,TRUE,"kumar_somanathan_exact_amalgamation","1961_1991",1961,1991,"main_worker_share","labor","Main-worker share of population",TRUE,0.37937425334901,0.314070447023903,-0.065303806325107,847116
"geo_component_0122",NA,NA,"08",NA,TRUE,"kumar_somanathan_exact_amalgamation","1961_1991",1961,1991,"main_worker_share","labor","Main-worker share of population",TRUE,0.450026632403707,0.382471360156159,-0.067555272247548,491882
"geo_component_0123",NA,NA,"33",NA,TRUE,"kumar_somanathan_exact_amalgamation","1961_1991",1961,1991,"main_worker_share","labor","Main-worker share of population",TRUE,0.290090030433211,0.305029473660096,0.014939443226885,1812165
"geo_component_0124",NA,NA,"33",NA,TRUE,"kumar_somanathan_exact_amalgamation","1961_1991",1961,1991,"main_worker_share","labor","Main-worker share of population",TRUE,0.391907566470347,0.376276107221143,-0.015631459249204,3000210
"geo_component_0125",NA,NA,"33",NA,TRUE,"kumar_somanathan_exact_amalgamation","1961_1991",1961,1991,"main_worker_share","labor","Main-worker share of population",TRUE,0.440228443743346,0.438983982190534,-0.00124446155281205,3211469
"geo_component_0127",NA,NA,"33",NA,TRUE,"kumar_somanathan_exact_amalgamation","1961_1991",1961,1991,"main_worker_share","labor","Main-worker share of population",TRUE,0.439577030541646,0.429725181773559,-0.00985184876808698,2421546
"geo_component_0130",NA,NA,"05",NA,TRUE,"kumar_somanathan_exact_amalgamation","1961_1991",1961,1991,"main_worker_share","labor","Main-worker share of population",TRUE,0.49582157294233,0.358437358873535,-0.137384214068795,2006736
"geo_component_0131",NA,NA,"05",NA,TRUE,"kumar_somanathan_exact_amalgamation","1961_1991",1961,1991,"main_worker_share","labor","Main-worker share of population",TRUE,0.453628347664166,0.402161323520799,-0.051467024143367,547770
"geo_component_0132",NA,NA,"09",NA,TRUE,"kumar_somanathan_exact_amalgamation","1961_1991",1961,1991,"main_worker_share","labor","Main-worker share of population",TRUE,0.316312436659678,0.275942638095172,-0.040369798564506,1190987
"geo_component_0133",NA,NA,"09",NA,TRUE,"kumar_somanathan_exact_amalgamation","1961_1991",1961,1991,"main_worker_share","labor","Main-worker share of population",TRUE,0.320480636092494,0.281294626228605,-0.039186009863889,1973801
"geo_component_0134",NA,NA,"09",NA,TRUE,"kumar_somanathan_exact_amalgamation","1961_1991",1961,1991,"main_worker_share","labor","Main-worker share of population",TRUE,0.334150016280011,0.289297533695042,-0.044852482584969,1615478
"geo_component_0136",NA,NA,"09",NA,TRUE,"kumar_somanathan_exact_amalgamation","1961_1991",1961,1991,"main_worker_share","labor","Main-worker share of population",TRUE,0.332659017344201,0.299595819658665,-0.033063197685536,1444921
"geo_component_0139",NA,NA,"09",NA,TRUE,"kumar_somanathan_exact_amalgamation","1961_1991",1961,1991,"main_worker_share","labor","Main-worker share of population",TRUE,0.317657622594176,0.275456040441019,-0.042201582153157,2836554
"geo_component_0140",NA,NA,"09",NA,TRUE,"kumar_somanathan_exact_amalgamation","1961_1991",1961,1991,"main_worker_share","labor","Main-worker share of population",TRUE,0.302624611871705,0.274179295614246,-0.028445316257459,1862142
"geo_component_0142",NA,NA,"09",NA,TRUE,"kumar_somanathan_exact_amalgamation","1961_1991",1961,1991,"main_worker_share","labor","Main-worker share of population",TRUE,0.321051281877672,0.27275188940296,-0.048299392474712,2363096
"geo_component_0143",NA,NA,"09",NA,TRUE,"kumar_somanathan_exact_amalgamation","1961_1991",1961,1991,"main_worker_share","labor","Main-worker share of population",TRUE,0.348556406912292,0.3081407582359,-0.040415648676392,1226800
"geo_component_0145",NA,NA,"09",NA,TRUE,"kumar_somanathan_exact_amalgamation","1961_1991",1961,1991,"main_worker_share","labor","Main-worker share of population",TRUE,0.378503984514206,0.322117624882782,-0.056386359631424,1065751
"geo_component_0149",NA,NA,"09",NA,TRUE,"kumar_somanathan_exact_amalgamation","1961_1991",1961,1991,"main_worker_share","labor","Main-worker share of population",TRUE,0.337156248256365,0.266976178383422,-0.070180069872943,1344175
"geo_component_0150",NA,NA,"09",NA,TRUE,"kumar_somanathan_exact_amalgamation","1961_1991",1961,1991,"main_worker_share","labor","Main-worker share of population",TRUE,0.343878122293787,0.288235853237328,-0.055642269056459,2364928
"geo_component_0151",NA,NA,"09",NA,TRUE,"kumar_somanathan_exact_amalgamation","1961_1991",1961,1991,"main_worker_share","labor","Main-worker share of population",TRUE,0.438679320942109,0.345432218960683,-0.093247101981426,1246904
"geo_component_0152",NA,NA,"19",NA,TRUE,"kumar_somanathan_exact_amalgamation","1961_1991",1961,1991,"main_worker_share","labor","Main-worker share of population",TRUE,0.272931909180868,0.300515658895955,0.027583749715087,2294979
"geo_component_0153",NA,NA,"19",NA,TRUE,"kumar_somanathan_exact_amalgamation","1961_1991",1961,1991,"main_worker_share","labor","Main-worker share of population",TRUE,0.263436175423586,0.288110865328677,0.024674689905091,1708801
"geo_component_0154",NA,NA,"19",NA,TRUE,"kumar_somanathan_exact_amalgamation","1961_1991",1961,1991,"main_worker_share","labor","Main-worker share of population",TRUE,0.400483177438237,0.328415327994174,-0.072067849444063,2927289
"geo_component_0001",NA,NA,"28",NA,TRUE,"kumar_somanathan_exact_amalgamation","1961_1991",1961,1991,"nonfarm_worker_share_main_workers","labor","Non-farm share of main workers",TRUE,0.253130746326839,0.258550969901565,0.00542022357472599,1555045
"geo_component_0002",NA,NA,"28",NA,TRUE,"kumar_somanathan_exact_amalgamation","1961_1991",1961,1991,"nonfarm_worker_share_main_workers","labor","Non-farm share of main workers",TRUE,0.269712359550562,0.274346144033157,0.00463378448259499,1350505
"geo_component_0003",NA,NA,"28",NA,TRUE,"kumar_somanathan_exact_amalgamation","1961_1991",1961,1991,"nonfarm_worker_share_main_workers","labor","Non-farm share of main workers",TRUE,0.368734901331165,0.28062026065594,-0.088114640675225,2327265
"geo_component_0004",NA,NA,"28",NA,TRUE,"kumar_somanathan_exact_amalgamation","1961_1991",1961,1991,"nonfarm_worker_share_main_workers","labor","Non-farm share of main workers",TRUE,0.3395052978033,0.226733721961132,-0.112771575842168,1671750
"geo_component_0005",NA,NA,"28",NA,TRUE,"kumar_somanathan_exact_amalgamation","1961_1991",1961,1991,"nonfarm_worker_share_main_workers","labor","Non-farm share of main workers",TRUE,0.328072401606594,0.310609083521057,-0.017463318085537,1414094
"geo_component_0006",NA,NA,"28",NA,TRUE,"kumar_somanathan_exact_amalgamation","1961_1991",1961,1991,"nonfarm_worker_share_main_workers","labor","Non-farm share of main workers",TRUE,0.231678330912452,0.273080756517576,0.041402425605124,1900123
"geo_component_0007",NA,NA,"28",NA,TRUE,"kumar_somanathan_exact_amalgamation","1961_1991",1961,1991,"nonfarm_worker_share_main_workers","labor","Non-farm share of main workers",TRUE,0.27678174112182,0.275344479835231,-0.001437261286589,3109479
"geo_component_0008",NA,NA,"28",NA,TRUE,"kumar_somanathan_exact_amalgamation","1961_1991",1961,1991,"nonfarm_worker_share_main_workers","labor","Non-farm share of main workers",TRUE,0.274819362423259,0.257132843144566,-0.017686519278693,1570893
"geo_component_0010",NA,NA,"28",NA,TRUE,"kumar_somanathan_exact_amalgamation","1961_1991",1961,1991,"nonfarm_worker_share_main_workers","labor","Non-farm share of main workers",TRUE,0.23914892947846,0.23252250144112,-0.00662642803734001,1232378
"geo_component_0011",NA,NA,"28",NA,TRUE,"kumar_somanathan_exact_amalgamation","1961_1991",1961,1991,"nonfarm_worker_share_main_workers","labor","Non-farm share of main workers",TRUE,0.311329656431601,0.349604548968464,0.038274892536863,1018027
"geo_component_0012",NA,NA,"28",NA,TRUE,"kumar_somanathan_exact_amalgamation","1961_1991",1961,1991,"nonfarm_worker_share_main_workers","labor","Non-farm share of main workers",TRUE,0.306425440249746,0.247473258442269,-0.058952181807477,1557779
"geo_component_0019",NA,NA,"18",NA,TRUE,"kumar_somanathan_exact_amalgamation","1961_1991",1961,1991,"nonfarm_worker_share_main_workers","labor","Non-farm share of main workers",TRUE,0.234640300282471,0.245946182919868,0.011305882637397,1543892
"geo_component_0022",NA,NA,"18",NA,TRUE,"kumar_somanathan_exact_amalgamation","1961_1991",1961,1991,"nonfarm_worker_share_main_workers","labor","Non-farm share of main workers",TRUE,0.343643786144668,0.415819373417654,0.072175587272986,2062572
"geo_component_0023",NA,NA,"18",NA,TRUE,"kumar_somanathan_exact_amalgamation","1961_1991",1961,1991,"nonfarm_worker_share_main_workers","labor","Non-farm share of main workers",TRUE,0.296298836907974,0.342125431089539,0.045826594181565,1289670
"geo_component_0027",NA,NA,"18",NA,TRUE,"kumar_somanathan_exact_amalgamation","1961_1991",1961,1991,"nonfarm_worker_share_main_workers","labor","Non-farm share of main workers",TRUE,0.382868571804833,0.456242304371442,0.073373732566609,1508390
"geo_component_0036",NA,NA,"10",NA,TRUE,"kumar_somanathan_exact_amalgamation","1961_1991",1961,1991,"nonfarm_worker_share_main_workers","labor","Non-farm share of main workers",TRUE,0.201165086969249,0.0871689650085631,-0.113996121960686,1888178
"geo_component_0040",NA,NA,"24",NA,TRUE,"kumar_somanathan_exact_amalgamation","1961_1991",1961,1991,"nonfarm_worker_share_main_workers","labor","Non-farm share of main workers",TRUE,0.414171517050966,0.395687540409995,-0.018483976640971,663073
"geo_component_0041",NA,NA,"24",NA,TRUE,"kumar_somanathan_exact_amalgamation","1961_1991",1961,1991,"nonfarm_worker_share_main_workers","labor","Non-farm share of main workers",TRUE,0.371968945946023,0.400860542495913,0.02889159654989,3032901
"geo_component_0043",NA,NA,"24",NA,TRUE,"kumar_somanathan_exact_amalgamation","1961_1991",1961,1991,"nonfarm_worker_share_main_workers","labor","Non-farm share of main workers",TRUE,0.277759479313328,0.413446550641815,0.135687071328487,2419295
"geo_component_0044",NA,NA,"06",NA,TRUE,"kumar_somanathan_exact_amalgamation","1961_1991",1961,1991,"nonfarm_worker_share_main_workers","labor","Non-farm share of main workers",TRUE,0.550483050816874,0.574990942459918,0.024507891643044,885755
"geo_component_0048",NA,NA,"06",NA,TRUE,"kumar_somanathan_exact_amalgamation","1961_1991",1961,1991,"nonfarm_worker_share_main_workers","labor","Non-farm share of main workers",TRUE,0.307797877427328,0.427727113456726,0.119929236029398,582944
"geo_component_0050",NA,NA,"02",NA,TRUE,"kumar_somanathan_exact_amalgamation","1961_1991",1961,1991,"nonfarm_worker_share_main_workers","labor","Non-farm share of main workers",TRUE,0.181782101873271,0.321368870002656,0.139586768129385,215848
"geo_component_0064",NA,NA,"29",NA,TRUE,"kumar_somanathan_exact_amalgamation","1961_1991",1961,1991,"nonfarm_worker_share_main_workers","labor","Non-farm share of main workers",TRUE,0.251428950676144,0.297324288000764,0.04589533732462,1983811
"geo_component_0065",NA,NA,"29",NA,TRUE,"kumar_somanathan_exact_amalgamation","1961_1991",1961,1991,"nonfarm_worker_share_main_workers","labor","Non-farm share of main workers",TRUE,0.315347810421096,0.279569856251005,-0.035777954170091,3026913
"geo_component_0066",NA,NA,"29",NA,TRUE,"kumar_somanathan_exact_amalgamation","1961_1991",1961,1991,"nonfarm_worker_share_main_workers","labor","Non-farm share of main workers",TRUE,0.289718899200687,0.309120688148083,0.019401788947396,1951573
"geo_component_0067",NA,NA,"29",NA,TRUE,"kumar_somanathan_exact_amalgamation","1961_1991",1961,1991,"nonfarm_worker_share_main_workers","labor","Non-farm share of main workers",TRUE,0.242015899395569,0.201780647686136,-0.040235251709433,1099684
"geo_component_0068",NA,NA,"29",NA,TRUE,"kumar_somanathan_exact_amalgamation","1961_1991",1961,1991,"nonfarm_worker_share_main_workers","labor","Non-farm share of main workers",TRUE,0.454799582176326,0.478312800498293,0.023513218321967,689549
"geo_component_0070",NA,NA,"32",NA,TRUE,"kumar_somanathan_exact_amalgamation","1961_1991",1961,1991,"nonfarm_worker_share_main_workers","labor","Non-farm share of main workers",TRUE,0.633203301223363,0.492018131218318,-0.141185170005045,311991
"geo_component_0071",NA,NA,"32",NA,TRUE,"kumar_somanathan_exact_amalgamation","1961_1991",1961,1991,"nonfarm_worker_share_main_workers","labor","Non-farm share of main workers",TRUE,0.749731807089724,0.802650224546597,0.052918417456873,1373763
"geo_component_0073",NA,NA,"32",NA,TRUE,"kumar_somanathan_exact_amalgamation","1961_1991",1961,1991,"nonfarm_worker_share_main_workers","labor","Non-farm share of main workers",TRUE,0.681549696454234,0.698254476675664,0.01670478022143,2318433
"geo_component_0074",NA,NA,"32",NA,TRUE,"kumar_somanathan_exact_amalgamation","1961_1991",1961,1991,"nonfarm_worker_share_main_workers","labor","Non-farm share of main workers",TRUE,0.670384643889424,0.60946550558848,-0.060919138300944,1274360
"geo_component_0077",NA,NA,"23",NA,TRUE,"kumar_somanathan_exact_amalgamation","1961_1991",1961,1991,"nonfarm_worker_share_main_workers","labor","Non-farm share of main workers",TRUE,0.446560980567932,0.475247749795436,0.028686769227504,858343
"geo_component_0080",NA,NA,"23",NA,TRUE,"kumar_somanathan_exact_amalgamation","1961_1991",1961,1991,"nonfarm_worker_share_main_workers","labor","Non-farm share of main workers",TRUE,0.313217449637946,0.309605859292472,-0.00361159034547404,619576
"geo_component_0082",NA,NA,"27",NA,TRUE,"kumar_somanathan_exact_amalgamation","1961_1991",1961,1991,"nonfarm_worker_share_main_workers","labor","Non-farm share of main workers",TRUE,0.20708921100992,0.270455478184439,0.063366267174519,1827203
"geo_component_0084",NA,NA,"27",NA,TRUE,"kumar_somanathan_exact_amalgamation","1961_1991",1961,1991,"nonfarm_worker_share_main_workers","labor","Non-farm share of main workers",TRUE,0.226268713849194,0.323606954976274,0.09733824112708,1230716
"geo_component_0085",NA,NA,"27",NA,TRUE,"kumar_somanathan_exact_amalgamation","1961_1991",1961,1991,"nonfarm_worker_share_main_workers","labor","Non-farm share of main workers",TRUE,0.326248587292335,0.347095309542329,0.020846722249994,1860119
"geo_component_0086",NA,NA,"27",NA,TRUE,"kumar_somanathan_exact_amalgamation","1961_1991",1961,1991,"nonfarm_worker_share_main_workers","labor","Non-farm share of main workers",TRUE,0.235174146199337,0.370948975622684,0.135774829423347,1596493
"geo_component_0088",NA,NA,"27",NA,TRUE,"kumar_somanathan_exact_amalgamation","1961_1991",1961,1991,"nonfarm_worker_share_main_workers","labor","Non-farm share of main workers",TRUE,0.215248099289617,0.196283075706555,-0.018965023583062,1206236
"geo_component_0089",NA,NA,"27",NA,TRUE,"kumar_somanathan_exact_amalgamation","1961_1991",1961,1991,"nonfarm_worker_share_main_workers","labor","Non-farm share of main workers",TRUE,0.18863783719224,0.203639915685569,0.015002078493329,1001466
"geo_component_0090",NA,NA,"27",NA,TRUE,"kumar_somanathan_exact_amalgamation","1961_1991",1961,1991,"nonfarm_worker_share_main_workers","labor","Non-farm share of main workers",TRUE,0.18667739305919,0.201190383817392,0.014512990758202,1477656
"geo_component_0092",NA,NA,"27",NA,TRUE,"kumar_somanathan_exact_amalgamation","1961_1991",1961,1991,"nonfarm_worker_share_main_workers","labor","Non-farm share of main workers",TRUE,0.478347760918442,0.576313011224353,0.097965250305911,1508420
"geo_component_0093",NA,NA,"27",NA,TRUE,"kumar_somanathan_exact_amalgamation","1961_1991",1961,1991,"nonfarm_worker_share_main_workers","labor","Non-farm share of main workers",TRUE,0.291028514414124,0.270789206441317,-0.020239307972807,1272673
"geo_component_0109",NA,NA,"21",NA,TRUE,"kumar_somanathan_exact_amalgamation","1961_1991",1961,1991,"nonfarm_worker_share_main_workers","labor","Non-farm share of main workers",TRUE,0.34376994100373,0.358105775148995,0.014335834145265,3062919
"geo_component_0110",NA,NA,"21",NA,TRUE,"kumar_somanathan_exact_amalgamation","1961_1991",1961,1991,"nonfarm_worker_share_main_workers","labor","Non-farm share of main workers",TRUE,0.284357081129468,0.289943156245312,0.00558607511584397,1026466
"geo_component_0111",NA,NA,"21",NA,TRUE,"kumar_somanathan_exact_amalgamation","1961_1991",1961,1991,"nonfarm_worker_share_main_workers","labor","Non-farm share of main workers",TRUE,0.205226067636274,0.155259708422138,-0.049966359214136,946854
"geo_component_0112",NA,NA,"21",NA,TRUE,"kumar_somanathan_exact_amalgamation","1961_1991",1961,1991,"nonfarm_worker_share_main_workers","labor","Non-farm share of main workers",TRUE,0.220683319378547,0.164133647696855,-0.056549671681692,1561071
"geo_component_0113",NA,NA,"21",NA,TRUE,"kumar_somanathan_exact_amalgamation","1961_1991",1961,1991,"nonfarm_worker_share_main_workers","labor","Non-farm share of main workers",TRUE,0.305860802799788,0.391711950646468,0.08585114784668,1865207
"geo_component_0115",NA,NA,"08",NA,TRUE,"kumar_somanathan_exact_amalgamation","1961_1991",1961,1991,"nonfarm_worker_share_main_workers","labor","Non-farm share of main workers",TRUE,0.246266479823834,0.285677834050318,0.039411354226484,1099725
"geo_component_0116",NA,NA,"08",NA,TRUE,"kumar_somanathan_exact_amalgamation","1961_1991",1961,1991,"nonfarm_worker_share_main_workers","labor","Non-farm share of main workers",TRUE,0.340655229882975,0.417183538218682,0.076528308335707,2835631
"geo_component_0117",NA,NA,"08",NA,TRUE,"kumar_somanathan_exact_amalgamation","1961_1991",1961,1991,"nonfarm_worker_share_main_workers","labor","Non-farm share of main workers",TRUE,0.515634057971014,0.455395733034035,-0.060238324936979,141135
"geo_component_0118",NA,NA,"08",NA,TRUE,"kumar_somanathan_exact_amalgamation","1961_1991",1961,1991,"nonfarm_worker_share_main_workers","labor","Non-farm share of main workers",TRUE,0.27825808616004,0.398147181035853,0.119889094875813,884866
"geo_component_0119",NA,NA,"08",NA,TRUE,"kumar_somanathan_exact_amalgamation","1961_1991",1961,1991,"nonfarm_worker_share_main_workers","labor","Non-farm share of main workers",TRUE,0.23629899802013,0.302993423190539,0.066694425170409,1426644
"geo_component_0120",NA,NA,"08",NA,TRUE,"kumar_somanathan_exact_amalgamation","1961_1991",1961,1991,"nonfarm_worker_share_main_workers","labor","Non-farm share of main workers",TRUE,0.279697965605723,0.275627720247559,-0.00407024535816403,338010
"geo_component_0121",NA,NA,"08",NA,TRUE,"kumar_somanathan_exact_amalgamation","1961_1991",1961,1991,"nonfarm_worker_share_main_workers","labor","Non-farm share of main workers",TRUE,0.389729723001861,0.428659003110576,0.038929280108715,847116
"geo_component_0122",NA,NA,"08",NA,TRUE,"kumar_somanathan_exact_amalgamation","1961_1991",1961,1991,"nonfarm_worker_share_main_workers","labor","Non-farm share of main workers",TRUE,0.194777737621973,0.177883906080095,-0.016893831541878,491882
"geo_component_0123",NA,NA,"33",NA,TRUE,"kumar_somanathan_exact_amalgamation","1961_1991",1961,1991,"nonfarm_worker_share_main_workers","labor","Non-farm share of main workers",TRUE,0.998124373443715,0.99907658616808,0.000952212724365076,1812165
"geo_component_0124",NA,NA,"33",NA,TRUE,"kumar_somanathan_exact_amalgamation","1961_1991",1961,1991,"nonfarm_worker_share_main_workers","labor","Non-farm share of main workers",TRUE,0.320556554870918,0.289452864060844,-0.031103690810074,3000210
"geo_component_0125",NA,NA,"33",NA,TRUE,"kumar_somanathan_exact_amalgamation","1961_1991",1961,1991,"nonfarm_worker_share_main_workers","labor","Non-farm share of main workers",TRUE,0.415554046598481,0.357748832426411,-0.05780521417207,3211469
"geo_component_0127",NA,NA,"33",NA,TRUE,"kumar_somanathan_exact_amalgamation","1961_1991",1961,1991,"nonfarm_worker_share_main_workers","labor","Non-farm share of main workers",TRUE,0.339803617998301,0.375654077090773,0.035850459092472,2421546
"geo_component_0130",NA,NA,"05",NA,TRUE,"kumar_somanathan_exact_amalgamation","1961_1991",1961,1991,"nonfarm_worker_share_main_workers","labor","Non-farm share of main workers",TRUE,0.198034539283586,0.319227556421284,0.121193017137698,2006736
"geo_component_0131",NA,NA,"05",NA,TRUE,"kumar_somanathan_exact_amalgamation","1961_1991",1961,1991,"nonfarm_worker_share_main_workers","labor","Non-farm share of main workers",TRUE,0.125392379388613,0.225804342334042,0.100411962945429,547770
"geo_component_0132",NA,NA,"09",NA,TRUE,"kumar_somanathan_exact_amalgamation","1961_1991",1961,1991,"nonfarm_worker_share_main_workers","labor","Non-farm share of main workers",TRUE,0.446775358087088,0.339010227267694,-0.107765130819394,1190987
"geo_component_0133",NA,NA,"09",NA,TRUE,"kumar_somanathan_exact_amalgamation","1961_1991",1961,1991,"nonfarm_worker_share_main_workers","labor","Non-farm share of main workers",TRUE,0.304964707184242,0.325724514222864,0.020759807038622,1973801
"geo_component_0134",NA,NA,"09",NA,TRUE,"kumar_somanathan_exact_amalgamation","1961_1991",1961,1991,"nonfarm_worker_share_main_workers","labor","Non-farm share of main workers",TRUE,0.545993790430743,0.393054319506135,-0.152939470924608,1615478
"geo_component_0136",NA,NA,"09",NA,TRUE,"kumar_somanathan_exact_amalgamation","1961_1991",1961,1991,"nonfarm_worker_share_main_workers","labor","Non-farm share of main workers",TRUE,0.452045703253403,0.320577162893048,-0.131468540360355,1444921
"geo_component_0139",NA,NA,"09",NA,TRUE,"kumar_somanathan_exact_amalgamation","1961_1991",1961,1991,"nonfarm_worker_share_main_workers","labor","Non-farm share of main workers",TRUE,0.395450656065736,0.358614582718399,-0.036836073347337,2836554
"geo_component_0140",NA,NA,"09",NA,TRUE,"kumar_somanathan_exact_amalgamation","1961_1991",1961,1991,"nonfarm_worker_share_main_workers","labor","Non-farm share of main workers",TRUE,0.505710432452576,0.527497338496804,0.0217869060442281,1862142
"geo_component_0142",NA,NA,"09",NA,TRUE,"kumar_somanathan_exact_amalgamation","1961_1991",1961,1991,"nonfarm_worker_share_main_workers","labor","Non-farm share of main workers",TRUE,0.233798398523742,0.281734414707634,0.047936016183892,2363096
"geo_component_0143",NA,NA,"09",NA,TRUE,"kumar_somanathan_exact_amalgamation","1961_1991",1961,1991,"nonfarm_worker_share_main_workers","labor","Non-farm share of main workers",TRUE,0.143862734413916,0.18208285154683,0.038220117132914,1226800
"geo_component_0145",NA,NA,"09",NA,TRUE,"kumar_somanathan_exact_amalgamation","1961_1991",1961,1991,"nonfarm_worker_share_main_workers","labor","Non-farm share of main workers",TRUE,0.201863700479188,0.188360502730561,-0.013503197748627,1065751
"geo_component_0149",NA,NA,"09",NA,TRUE,"kumar_somanathan_exact_amalgamation","1961_1991",1961,1991,"nonfarm_worker_share_main_workers","labor","Non-farm share of main workers",TRUE,0.255520226303351,0.209047424305391,-0.04647280199796,1344175
"geo_component_0150",NA,NA,"09",NA,TRUE,"kumar_somanathan_exact_amalgamation","1961_1991",1961,1991,"nonfarm_worker_share_main_workers","labor","Non-farm share of main workers",TRUE,0.43031698856559,0.489560269351617,0.059243280786027,2364928
"geo_component_0151",NA,NA,"09",NA,TRUE,"kumar_somanathan_exact_amalgamation","1961_1991",1961,1991,"nonfarm_worker_share_main_workers","labor","Non-farm share of main workers",TRUE,0.262569219603248,0.290594342131613,0.028025122528365,1246904
"geo_component_0152",NA,NA,"19",NA,TRUE,"kumar_somanathan_exact_amalgamation","1961_1991",1961,1991,"nonfarm_worker_share_main_workers","labor","Non-farm share of main workers",TRUE,0.352566282390844,0.392449502944565,0.039883220553721,2294979
"geo_component_0153",NA,NA,"19",NA,TRUE,"kumar_somanathan_exact_amalgamation","1961_1991",1961,1991,"nonfarm_worker_share_main_workers","labor","Non-farm share of main workers",TRUE,0.398373911498134,0.431826106857711,0.033452195359577,1708801
"geo_component_0154",NA,NA,"19",NA,TRUE,"kumar_somanathan_exact_amalgamation","1961_1991",1961,1991,"nonfarm_worker_share_main_workers","labor","Non-farm share of main workers",TRUE,0.999862666655293,0.99644974836813,-0.00341291828716295,2927289
"geo_component_0001",NA,NA,"28",NA,TRUE,"kumar_somanathan_exact_amalgamation","1961_1991",1961,1991,"literate_share_population","education","Literate share of population",FALSE,0.15708805854493,0.301236124191448,0.144148065646518,1555045
"geo_component_0002",NA,NA,"28",NA,TRUE,"kumar_somanathan_exact_amalgamation","1961_1991",1961,1991,"literate_share_population","education","Literate share of population",FALSE,0.163132309765606,0.28762974651613,0.124497436750524,1350505
"geo_component_0003",NA,NA,"28",NA,TRUE,"kumar_somanathan_exact_amalgamation","1961_1991",1961,1991,"literate_share_population","education","Literate share of population",FALSE,0.275574118117189,0.3945372277909,0.118963109673711,2327265
"geo_component_0004",NA,NA,"28",NA,TRUE,"kumar_somanathan_exact_amalgamation","1961_1991",1961,1991,"literate_share_population","education","Literate share of population",FALSE,0.239188275758935,0.3392503386893,0.100062062930365,1671750
"geo_component_0005",NA,NA,"28",NA,TRUE,"kumar_somanathan_exact_amalgamation","1961_1991",1961,1991,"literate_share_population","education","Literate share of population",FALSE,0.211293591515133,0.405812913312098,0.194519321796965,1414094
"geo_component_0006",NA,NA,"28",NA,TRUE,"kumar_somanathan_exact_amalgamation","1961_1991",1961,1991,"literate_share_population","education","Literate share of population",FALSE,0.209376971911818,0.42417416358439,0.214797191672572,1900123
"geo_component_0007",NA,NA,"28",NA,TRUE,"kumar_somanathan_exact_amalgamation","1961_1991",1961,1991,"literate_share_population","education","Literate share of population",FALSE,0.21103535351099,0.374401710475655,0.163366356964665,3109479
"geo_component_0008",NA,NA,"28",NA,TRUE,"kumar_somanathan_exact_amalgamation","1961_1991",1961,1991,"literate_share_population","education","Literate share of population",FALSE,0.214066776031213,0.325249308448233,0.11118253241702,1570893
"geo_component_0010",NA,NA,"28",NA,TRUE,"kumar_somanathan_exact_amalgamation","1961_1991",1961,1991,"literate_share_population","education","Literate share of population",FALSE,0.140636233363465,0.265163891091726,0.124527657728261,1232378
"geo_component_0011",NA,NA,"28",NA,TRUE,"kumar_somanathan_exact_amalgamation","1961_1991",1961,1991,"literate_share_population","education","Literate share of population",FALSE,0.1432476741776,0.283620457386334,0.140372783208734,1018027
"geo_component_0012",NA,NA,"28",NA,TRUE,"kumar_somanathan_exact_amalgamation","1961_1991",1961,1991,"literate_share_population","education","Literate share of population",FALSE,0.141109875020783,0.313562465726912,0.172452590706129,1557779
"geo_component_0019",NA,NA,"18",NA,TRUE,"kumar_somanathan_exact_amalgamation","1961_1991",1961,1991,"literate_share_population","education","Literate share of population",FALSE,0.210618359315289,0.333856592020328,0.123238232705039,1543892
"geo_component_0022",NA,NA,"18",NA,TRUE,"kumar_somanathan_exact_amalgamation","1961_1991",1961,1991,"literate_share_population","education","Literate share of population",FALSE,0.273593843027056,0.456603409266444,0.183009566239388,2062572
"geo_component_0023",NA,NA,"18",NA,TRUE,"kumar_somanathan_exact_amalgamation","1961_1991",1961,1991,"literate_share_population","education","Literate share of population",FALSE,0.229099692169315,0.363210652968789,0.134110960799474,1289670
"geo_component_0027",NA,NA,"18",NA,TRUE,"kumar_somanathan_exact_amalgamation","1961_1991",1961,1991,"literate_share_population","education","Literate share of population",FALSE,0.343161914359019,0.520450200112377,0.177288285753358,1508390
"geo_component_0036",NA,NA,"10",NA,TRUE,"kumar_somanathan_exact_amalgamation","1961_1991",1961,1991,"literate_share_population","education","Literate share of population",FALSE,0.144404288155036,0.226297030353467,0.081892742198431,1888178
"geo_component_0040",NA,NA,"24",NA,TRUE,"kumar_somanathan_exact_amalgamation","1961_1991",1961,1991,"literate_share_population","education","Literate share of population",FALSE,0.245211311575045,0.452787391882681,0.207576080307636,663073
"geo_component_0041",NA,NA,"24",NA,TRUE,"kumar_somanathan_exact_amalgamation","1961_1991",1961,1991,"literate_share_population","education","Literate share of population",FALSE,0.265173179078381,0.49306824139646,0.227895062318079,3032901
"geo_component_0043",NA,NA,"24",NA,TRUE,"kumar_somanathan_exact_amalgamation","1961_1991",1961,1991,"literate_share_population","education","Literate share of population",FALSE,0.348587501730876,0.532914918929063,0.184327417198187,2419295
"geo_component_0044",NA,NA,"06",NA,TRUE,"kumar_somanathan_exact_amalgamation","1961_1991",1961,1991,"literate_share_population","education","Literate share of population",FALSE,0.299985887745483,0.530879047307606,0.230893159562123,885755
"geo_component_0048",NA,NA,"06",NA,TRUE,"kumar_somanathan_exact_amalgamation","1961_1991",1961,1991,"literate_share_population","education","Literate share of population",FALSE,0.190416232090904,0.494435973857812,0.304019741766908,582944
"geo_component_0050",NA,NA,"02",NA,TRUE,"kumar_somanathan_exact_amalgamation","1961_1991",1961,1991,"literate_share_population","education","Literate share of population",FALSE,0.117429858048256,0.36338440727613,0.245954549227874,215848
"geo_component_0064",NA,NA,"29",NA,TRUE,"kumar_somanathan_exact_amalgamation","1961_1991",1961,1991,"literate_share_population","education","Literate share of population",FALSE,0.260275298402922,0.438397524727886,0.178122226324964,1983811
"geo_component_0065",NA,NA,"29",NA,TRUE,"kumar_somanathan_exact_amalgamation","1961_1991",1961,1991,"literate_share_population","education","Literate share of population",FALSE,0.248220216438332,0.450800124009272,0.20257990757094,3026913
"geo_component_0066",NA,NA,"29",NA,TRUE,"kumar_somanathan_exact_amalgamation","1961_1991",1961,1991,"literate_share_population","education","Literate share of population",FALSE,0.333419759342848,0.485000927736466,0.151581168393618,1951573
"geo_component_0067",NA,NA,"29",NA,TRUE,"kumar_somanathan_exact_amalgamation","1961_1991",1961,1991,"literate_share_population","education","Literate share of population",FALSE,0.156613172511376,0.285924376387243,0.129311203875867,1099684
"geo_component_0068",NA,NA,"29",NA,TRUE,"kumar_somanathan_exact_amalgamation","1961_1991",1961,1991,"literate_share_population","education","Literate share of population",FALSE,0.334396830392039,0.564861586874928,0.230464756482889,689549
"geo_component_0070",NA,NA,"32",NA,TRUE,"kumar_somanathan_exact_amalgamation","1961_1991",1961,1991,"literate_share_population","education","Literate share of population",FALSE,0.408335496857281,0.706133355551324,0.297797858694043,311991
"geo_component_0071",NA,NA,"32",NA,TRUE,"kumar_somanathan_exact_amalgamation","1961_1991",1961,1991,"literate_share_population","education","Literate share of population",FALSE,0.406273862376553,0.790526580560402,0.384252718183849,1373763
"geo_component_0073",NA,NA,"32",NA,TRUE,"kumar_somanathan_exact_amalgamation","1961_1991",1961,1991,"literate_share_population","education","Literate share of population",FALSE,0.517421033948361,0.8029926819538,0.285571648005439,2318433
"geo_component_0074",NA,NA,"32",NA,TRUE,"kumar_somanathan_exact_amalgamation","1961_1991",1961,1991,"literate_share_population","education","Literate share of population",FALSE,0.565690228820741,0.8507557140052,0.285065485184459,1274360
"geo_component_0077",NA,NA,"23",NA,TRUE,"kumar_somanathan_exact_amalgamation","1961_1991",1961,1991,"literate_share_population","education","Literate share of population",FALSE,0.248352931170872,0.442216297285628,0.193863366114756,858343
"geo_component_0080",NA,NA,"23",NA,TRUE,"kumar_somanathan_exact_amalgamation","1961_1991",1961,1991,"literate_share_population","education","Literate share of population",FALSE,0.228979172853693,0.422770162190827,0.193790989337134,619576
"geo_component_0082",NA,NA,"27",NA,TRUE,"kumar_somanathan_exact_amalgamation","1961_1991",1961,1991,"literate_share_population","education","Literate share of population",FALSE,0.284882413174672,0.57531850102411,0.290436087849438,1827203
"geo_component_0084",NA,NA,"27",NA,TRUE,"kumar_somanathan_exact_amalgamation","1961_1991",1961,1991,"literate_share_population","education","Literate share of population",FALSE,0.280713828373077,0.52686052153259,0.246146693159513,1230716
"geo_component_0085",NA,NA,"27",NA,TRUE,"kumar_somanathan_exact_amalgamation","1961_1991",1961,1991,"literate_share_population","education","Literate share of population",FALSE,0.251467244837561,0.462530373187474,0.211063128349913,1860119
"geo_component_0086",NA,NA,"27",NA,TRUE,"kumar_somanathan_exact_amalgamation","1961_1991",1961,1991,"literate_share_population","education","Literate share of population",FALSE,0.263011488305931,0.566890795037443,0.303879306731512,1596493
"geo_component_0088",NA,NA,"27",NA,TRUE,"kumar_somanathan_exact_amalgamation","1961_1991",1961,1991,"literate_share_population","education","Literate share of population",FALSE,0.153741058963586,0.375638569981129,0.221897511017543,1206236
"geo_component_0089",NA,NA,"27",NA,TRUE,"kumar_somanathan_exact_amalgamation","1961_1991",1961,1991,"literate_share_population","education","Literate share of population",FALSE,0.150917754571798,0.39488670041579,0.243968945843992,1001466
"geo_component_0090",NA,NA,"27",NA,TRUE,"kumar_somanathan_exact_amalgamation","1961_1991",1961,1991,"literate_share_population","education","Literate share of population",FALSE,0.170549843806678,0.441551009018723,0.271001165212045,1477656
"geo_component_0092",NA,NA,"27",NA,TRUE,"kumar_somanathan_exact_amalgamation","1961_1991",1961,1991,"literate_share_population","education","Literate share of population",FALSE,0.351494278781772,0.619607506710243,0.268113227928471,1508420
"geo_component_0093",NA,NA,"27",NA,TRUE,"kumar_somanathan_exact_amalgamation","1961_1991",1961,1991,"literate_share_population","education","Literate share of population",FALSE,0.241089423598992,0.542749696459861,0.301660272860869,1272673
"geo_component_0109",NA,NA,"21",NA,TRUE,"kumar_somanathan_exact_amalgamation","1961_1991",1961,1991,"literate_share_population","education","Literate share of population",FALSE,0.298114641621277,0.532283995807092,0.234169354185815,3062919
"geo_component_0110",NA,NA,"21",NA,TRUE,"kumar_somanathan_exact_amalgamation","1961_1991",1961,1991,"literate_share_population","education","Literate share of population",FALSE,0.234545518312345,0.442269319563499,0.207723801251154,1026466
"geo_component_0111",NA,NA,"21",NA,TRUE,"kumar_somanathan_exact_amalgamation","1961_1991",1961,1991,"literate_share_population","education","Literate share of population",FALSE,0.110554531110393,0.250750913061545,0.140196381951152,946854
"geo_component_0112",NA,NA,"21",NA,TRUE,"kumar_somanathan_exact_amalgamation","1961_1991",1961,1991,"literate_share_population","education","Literate share of population",FALSE,0.084162091282203,0.184227892287786,0.100065801005583,1561071
"geo_component_0113",NA,NA,"21",NA,TRUE,"kumar_somanathan_exact_amalgamation","1961_1991",1961,1991,"literate_share_population","education","Literate share of population",FALSE,0.294974766875741,0.540284109362996,0.245309342487255,1865207
"geo_component_0115",NA,NA,"08",NA,TRUE,"kumar_somanathan_exact_amalgamation","1961_1991",1961,1991,"literate_share_population","education","Literate share of population",FALSE,0.152797290231649,0.339119473303782,0.186322183072133,1099725
"geo_component_0116",NA,NA,"08",NA,TRUE,"kumar_somanathan_exact_amalgamation","1961_1991",1961,1991,"literate_share_population","education","Literate share of population",FALSE,0.165425261608439,0.354363286830276,0.188938025221837,2835631
"geo_component_0117",NA,NA,"08",NA,TRUE,"kumar_somanathan_exact_amalgamation","1961_1991",1961,1991,"literate_share_population","education","Literate share of population",FALSE,0.0817019166046693,0.240217463869707,0.158515547265038,141135
"geo_component_0118",NA,NA,"08",NA,TRUE,"kumar_somanathan_exact_amalgamation","1961_1991",1961,1991,"literate_share_population","education","Literate share of population",FALSE,0.185675571216433,0.326750663924442,0.141075092708009,884866
"geo_component_0119",NA,NA,"08",NA,TRUE,"kumar_somanathan_exact_amalgamation","1961_1991",1961,1991,"literate_share_population","education","Literate share of population",FALSE,0.13595823485046,0.279834811257117,0.143876576406657,1426644
"geo_component_0120",NA,NA,"08",NA,TRUE,"kumar_somanathan_exact_amalgamation","1961_1991",1961,1991,"literate_share_population","education","Literate share of population",FALSE,0.118499452678915,0.260449881077263,0.141950428398348,338010
"geo_component_0121",NA,NA,"08",NA,TRUE,"kumar_somanathan_exact_amalgamation","1961_1991",1961,1991,"literate_share_population","education","Literate share of population",FALSE,0.190519362165276,0.382538970500253,0.192019608334977,847116
"geo_component_0122",NA,NA,"08",NA,TRUE,"kumar_somanathan_exact_amalgamation","1961_1991",1961,1991,"literate_share_population","education","Literate share of population",FALSE,0.135892348164804,0.265650683249545,0.129758335084741,491882
"geo_component_0123",NA,NA,"33",NA,TRUE,"kumar_somanathan_exact_amalgamation","1961_1991",1961,1991,"literate_share_population","education","Literate share of population",FALSE,0.580235243479485,0.716494992966099,0.136259749486614,1812165
"geo_component_0124",NA,NA,"33",NA,TRUE,"kumar_somanathan_exact_amalgamation","1961_1991",1961,1991,"literate_share_population","education","Literate share of population",FALSE,0.335452851633719,0.572664597722101,0.237211746088382,3000210
"geo_component_0125",NA,NA,"33",NA,TRUE,"kumar_somanathan_exact_amalgamation","1961_1991",1961,1991,"literate_share_population","education","Literate share of population",FALSE,0.333845041007713,0.548659251941793,0.21481421093408,3211469
"geo_component_0127",NA,NA,"33",NA,TRUE,"kumar_somanathan_exact_amalgamation","1961_1991",1961,1991,"literate_share_population","education","Literate share of population",FALSE,0.321068028441335,0.538564352605718,0.217496324164383,2421546
"geo_component_0130",NA,NA,"05",NA,TRUE,"kumar_somanathan_exact_amalgamation","1961_1991",1961,1991,"literate_share_population","education","Literate share of population",FALSE,0.229420312387878,0.471119134990054,0.241698822602176,2006736
"geo_component_0131",NA,NA,"05",NA,TRUE,"kumar_somanathan_exact_amalgamation","1961_1991",1961,1991,"literate_share_population","education","Literate share of population",FALSE,0.213792285083155,0.477708437672196,0.263916152589041,547770
"geo_component_0132",NA,NA,"09",NA,TRUE,"kumar_somanathan_exact_amalgamation","1961_1991",1961,1991,"literate_share_population","education","Literate share of population",FALSE,0.176713095944792,0.318396542543331,0.141683446598539,1190987
"geo_component_0133",NA,NA,"09",NA,TRUE,"kumar_somanathan_exact_amalgamation","1961_1991",1961,1991,"literate_share_population","education","Literate share of population",FALSE,0.137065489378109,0.24239881486083,0.105333325482721,1973801
"geo_component_0134",NA,NA,"09",NA,TRUE,"kumar_somanathan_exact_amalgamation","1961_1991",1961,1991,"literate_share_population","education","Literate share of population",FALSE,0.200403224308842,0.352095533530197,0.151692309221355,1615478
"geo_component_0136",NA,NA,"09",NA,TRUE,"kumar_somanathan_exact_amalgamation","1961_1991",1961,1991,"literate_share_population","education","Literate share of population",FALSE,0.166757213716182,0.350409826693915,0.183652612977733,1444921
"geo_component_0139",NA,NA,"09",NA,TRUE,"kumar_somanathan_exact_amalgamation","1961_1991",1961,1991,"literate_share_population","education","Literate share of population",FALSE,0.204366283878255,0.357126650606983,0.152760366728728,2836554
"geo_component_0140",NA,NA,"09",NA,TRUE,"kumar_somanathan_exact_amalgamation","1961_1991",1961,1991,"literate_share_population","education","Literate share of population",FALSE,0.240185227549779,0.385047224285093,0.144861996735314,1862142
"geo_component_0142",NA,NA,"09",NA,TRUE,"kumar_somanathan_exact_amalgamation","1961_1991",1961,1991,"literate_share_population","education","Literate share of population",FALSE,0.213406057138601,0.402943840078963,0.189537782940362,2363096
"geo_component_0143",NA,NA,"09",NA,TRUE,"kumar_somanathan_exact_amalgamation","1961_1991",1961,1991,"literate_share_population","education","Literate share of population",FALSE,0.151375937398109,0.313591592789847,0.162215655391738,1226800
"geo_component_0145",NA,NA,"09",NA,TRUE,"kumar_somanathan_exact_amalgamation","1961_1991",1961,1991,"literate_share_population","education","Literate share of population",FALSE,0.166706857417915,0.358517955330577,0.191811097912662,1065751
"geo_component_0149",NA,NA,"09",NA,TRUE,"kumar_somanathan_exact_amalgamation","1961_1991",1961,1991,"literate_share_population","education","Literate share of population",FALSE,0.193970279167519,0.349995336548684,0.156025057381165,1344175
"geo_component_0150",NA,NA,"09",NA,TRUE,"kumar_somanathan_exact_amalgamation","1961_1991",1961,1991,"literate_share_population","education","Literate share of population",FALSE,0.235781385310673,0.373597441623246,0.137816056312573,2364928
"geo_component_0151",NA,NA,"09",NA,TRUE,"kumar_somanathan_exact_amalgamation","1961_1991",1961,1991,"literate_share_population","education","Literate share of population",FALSE,0.169371499329539,0.29312160985001,0.123750110520471,1246904
"geo_component_0152",NA,NA,"19",NA,TRUE,"kumar_somanathan_exact_amalgamation","1961_1991",1961,1991,"literate_share_population","education","Literate share of population",FALSE,0.160504736644649,0.302617491559864,0.142112754915215,2294979
"geo_component_0153",NA,NA,"19",NA,TRUE,"kumar_somanathan_exact_amalgamation","1961_1991",1961,1991,"literate_share_population","education","Literate share of population",FALSE,0.272469995043308,0.437916542600044,0.165446547556736,1708801
"geo_component_0154",NA,NA,"19",NA,TRUE,"kumar_somanathan_exact_amalgamation","1961_1991",1961,1991,"literate_share_population","education","Literate share of population",FALSE,0.592856052135611,0.701823870481945,0.108967818346334,2927289
"geo_component_0001",NA,NA,"28",NA,TRUE,"kumar_somanathan_exact_amalgamation","1961_1991",1961,1991,"primary_plus_share_population","education","Primary-school-or-higher share of population",FALSE,0.0497059570623358,0.20652131767082,0.156815360608484,1555045
"geo_component_0002",NA,NA,"28",NA,TRUE,"kumar_somanathan_exact_amalgamation","1961_1991",1961,1991,"primary_plus_share_population","education","Primary-school-or-higher share of population",FALSE,0.0585025601534241,0.201563945592088,0.143061385438664,1350505
"geo_component_0003",NA,NA,"28",NA,TRUE,"kumar_somanathan_exact_amalgamation","1961_1991",1961,1991,"primary_plus_share_population","education","Primary-school-or-higher share of population",FALSE,0.114245262142472,0.287254513575484,0.173009251433012,2327265
"geo_component_0004",NA,NA,"28",NA,TRUE,"kumar_somanathan_exact_amalgamation","1961_1991",1961,1991,"primary_plus_share_population","education","Primary-school-or-higher share of population",FALSE,0.092297891431135,0.243500391060197,0.151202499629062,1671750
"geo_component_0005",NA,NA,"28",NA,TRUE,"kumar_somanathan_exact_amalgamation","1961_1991",1961,1991,"primary_plus_share_population","education","Primary-school-or-higher share of population",FALSE,0.0739271929588839,0.290901490640649,0.216974297681765,1414094
"geo_component_0006",NA,NA,"28",NA,TRUE,"kumar_somanathan_exact_amalgamation","1961_1991",1961,1991,"primary_plus_share_population","education","Primary-school-or-higher share of population",FALSE,0.0859786445403797,0.31627589066081,0.23029724612043,1900123
"geo_component_0007",NA,NA,"28",NA,TRUE,"kumar_somanathan_exact_amalgamation","1961_1991",1961,1991,"primary_plus_share_population","education","Primary-school-or-higher share of population",FALSE,0.0682400492172483,0.276297361702096,0.208057312484848,3109479
"geo_component_0008",NA,NA,"28",NA,TRUE,"kumar_somanathan_exact_amalgamation","1961_1991",1961,1991,"primary_plus_share_population","education","Primary-school-or-higher share of population",FALSE,0.0804650603191942,0.235589420065227,0.155124359746033,1570893
"geo_component_0010",NA,NA,"28",NA,TRUE,"kumar_somanathan_exact_amalgamation","1961_1991",1961,1991,"primary_plus_share_population","education","Primary-school-or-higher share of population",FALSE,0.0284709723802275,0.172613446118601,0.144142473738373,1232378
"geo_component_0011",NA,NA,"28",NA,TRUE,"kumar_somanathan_exact_amalgamation","1961_1991",1961,1991,"primary_plus_share_population","education","Primary-school-or-higher share of population",FALSE,0.0665168998464677,0.185129128527827,0.118612228681359,1018027
"geo_component_0012",NA,NA,"28",NA,TRUE,"kumar_somanathan_exact_amalgamation","1961_1991",1961,1991,"primary_plus_share_population","education","Primary-school-or-higher share of population",FALSE,0.0428879834687719,0.206641651110834,0.163753667642062,1557779
"geo_component_0019",NA,NA,"18",NA,TRUE,"kumar_somanathan_exact_amalgamation","1961_1991",1961,1991,"primary_plus_share_population","education","Primary-school-or-higher share of population",FALSE,0.0543600200013991,0.256029782794534,0.201669762793135,1543892
"geo_component_0022",NA,NA,"18",NA,TRUE,"kumar_somanathan_exact_amalgamation","1961_1991",1961,1991,"primary_plus_share_population","education","Primary-school-or-higher share of population",FALSE,0.0973740553057057,0.368573096598911,0.271199041293205,2062572
"geo_component_0023",NA,NA,"18",NA,TRUE,"kumar_somanathan_exact_amalgamation","1961_1991",1961,1991,"primary_plus_share_population","education","Primary-school-or-higher share of population",FALSE,0.0595291818837377,0.282051978831844,0.222522796948106,1289670
"geo_component_0027",NA,NA,"18",NA,TRUE,"kumar_somanathan_exact_amalgamation","1961_1991",1961,1991,"primary_plus_share_population","education","Primary-school-or-higher share of population",FALSE,0.0824050809140872,0.423998143662852,0.341593062748765,1508390
"geo_component_0036",NA,NA,"10",NA,TRUE,"kumar_somanathan_exact_amalgamation","1961_1991",1961,1991,"primary_plus_share_population","education","Primary-school-or-higher share of population",FALSE,0.0357831729847504,0.190166330865928,0.154383157881178,1888178
"geo_component_0040",NA,NA,"24",NA,TRUE,"kumar_somanathan_exact_amalgamation","1961_1991",1961,1991,"primary_plus_share_population","education","Primary-school-or-higher share of population",FALSE,0.151550432606968,0.359035530643443,0.207485098036475,663073
"geo_component_0041",NA,NA,"24",NA,TRUE,"kumar_somanathan_exact_amalgamation","1961_1991",1961,1991,"primary_plus_share_population","education","Primary-school-or-higher share of population",FALSE,0.195028785970924,0.410341387132935,0.215312601162011,3032901
"geo_component_0043",NA,NA,"24",NA,TRUE,"kumar_somanathan_exact_amalgamation","1961_1991",1961,1991,"primary_plus_share_population","education","Primary-school-or-higher share of population",FALSE,0.24020675444706,0.382117260295249,0.141910505848189,2419295
"geo_component_0044",NA,NA,"06",NA,TRUE,"kumar_somanathan_exact_amalgamation","1961_1991",1961,1991,"primary_plus_share_population","education","Primary-school-or-higher share of population",FALSE,0.18370768440483,0.408787481470096,0.225079797065266,885755
"geo_component_0048",NA,NA,"06",NA,TRUE,"kumar_somanathan_exact_amalgamation","1961_1991",1961,1991,"primary_plus_share_population","education","Primary-school-or-higher share of population",FALSE,0.084435211615524,0.359363914279366,0.274928702663842,582944
"geo_component_0050",NA,NA,"02",NA,TRUE,"kumar_somanathan_exact_amalgamation","1961_1991",1961,1991,"primary_plus_share_population","education","Primary-school-or-higher share of population",FALSE,0.0497109076757718,0.23453924116292,0.184828333487148,215848
"geo_component_0064",NA,NA,"29",NA,TRUE,"kumar_somanathan_exact_amalgamation","1961_1991",1961,1991,"primary_plus_share_population","education","Primary-school-or-higher share of population",FALSE,0.0923359130481684,0.312354092497892,0.220018179449724,1983811
"geo_component_0065",NA,NA,"29",NA,TRUE,"kumar_somanathan_exact_amalgamation","1961_1991",1961,1991,"primary_plus_share_population","education","Primary-school-or-higher share of population",FALSE,0.0433355699354425,0.324839578890197,0.281504008954754,3026913
"geo_component_0066",NA,NA,"29",NA,TRUE,"kumar_somanathan_exact_amalgamation","1961_1991",1961,1991,"primary_plus_share_population","education","Primary-school-or-higher share of population",FALSE,0.0797443908068005,0.306525841028788,0.226781450221987,1951573
"geo_component_0067",NA,NA,"29",NA,TRUE,"kumar_somanathan_exact_amalgamation","1961_1991",1961,1991,"primary_plus_share_population","education","Primary-school-or-higher share of population",FALSE,0.034748164018027,0.178225601512109,0.143477437494082,1099684
"geo_component_0068",NA,NA,"29",NA,TRUE,"kumar_somanathan_exact_amalgamation","1961_1991",1961,1991,"primary_plus_share_population","education","Primary-school-or-higher share of population",FALSE,0.107956069836951,0.399349318997591,0.29139324916064,689549
"geo_component_0070",NA,NA,"32",NA,TRUE,"kumar_somanathan_exact_amalgamation","1961_1991",1961,1991,"primary_plus_share_population","education","Primary-school-or-higher share of population",FALSE,0.127141488055745,0.549068034660065,0.42192654660432,311991
"geo_component_0071",NA,NA,"32",NA,TRUE,"kumar_somanathan_exact_amalgamation","1961_1991",1961,1991,"primary_plus_share_population","education","Primary-school-or-higher share of population",FALSE,0.123598466402138,0.65431893313628,0.530720466734142,1373763
"geo_component_0073",NA,NA,"32",NA,TRUE,"kumar_somanathan_exact_amalgamation","1961_1991",1961,1991,"primary_plus_share_population","education","Primary-school-or-higher share of population",FALSE,0.172761084749915,0.683472295601214,0.510711210851299,2318433
"geo_component_0074",NA,NA,"32",NA,TRUE,"kumar_somanathan_exact_amalgamation","1961_1991",1961,1991,"primary_plus_share_population","education","Primary-school-or-higher share of population",FALSE,0.203292633164883,0.747731053000348,0.544438419835465,1274360
"geo_component_0077",NA,NA,"23",NA,TRUE,"kumar_somanathan_exact_amalgamation","1961_1991",1961,1991,"primary_plus_share_population","education","Primary-school-or-higher share of population",FALSE,0.0584824481588363,0.31936169895192,0.260879250793084,858343
"geo_component_0080",NA,NA,"23",NA,TRUE,"kumar_somanathan_exact_amalgamation","1961_1991",1961,1991,"primary_plus_share_population","education","Primary-school-or-higher share of population",FALSE,0.0746946298759151,0.259994586536891,0.185299956660976,619576
"geo_component_0082",NA,NA,"27",NA,TRUE,"kumar_somanathan_exact_amalgamation","1961_1991",1961,1991,"primary_plus_share_population","education","Primary-school-or-higher share of population",FALSE,0.135895135898967,0.443734957657344,0.307839821758377,1827203
"geo_component_0084",NA,NA,"27",NA,TRUE,"kumar_somanathan_exact_amalgamation","1961_1991",1961,1991,"primary_plus_share_population","education","Primary-school-or-higher share of population",FALSE,0.157823575869656,0.415848830136213,0.258025254266557,1230716
"geo_component_0085",NA,NA,"27",NA,TRUE,"kumar_somanathan_exact_amalgamation","1961_1991",1961,1991,"primary_plus_share_population","education","Primary-school-or-higher share of population",FALSE,0.137512169920312,0.354603772078301,0.217091602157989,1860119
"geo_component_0086",NA,NA,"27",NA,TRUE,"kumar_somanathan_exact_amalgamation","1961_1991",1961,1991,"primary_plus_share_population","education","Primary-school-or-higher share of population",FALSE,0.149773910690495,0.440410408806536,0.290636498116041,1596493
"geo_component_0088",NA,NA,"27",NA,TRUE,"kumar_somanathan_exact_amalgamation","1961_1991",1961,1991,"primary_plus_share_population","education","Primary-school-or-higher share of population",FALSE,0.0478156844929185,0.26764555144341,0.219829866950492,1206236
"geo_component_0089",NA,NA,"27",NA,TRUE,"kumar_somanathan_exact_amalgamation","1961_1991",1961,1991,"primary_plus_share_population","education","Primary-school-or-higher share of population",FALSE,0.0536852973540789,0.288737217848691,0.235051920494612,1001466
"geo_component_0090",NA,NA,"27",NA,TRUE,"kumar_somanathan_exact_amalgamation","1961_1991",1961,1991,"primary_plus_share_population","education","Primary-school-or-higher share of population",FALSE,0.0525507966671539,0.336162802983304,0.28361200631615,1477656
"geo_component_0092",NA,NA,"27",NA,TRUE,"kumar_somanathan_exact_amalgamation","1961_1991",1961,1991,"primary_plus_share_population","education","Primary-school-or-higher share of population",FALSE,0.208005727847682,0.504324885561578,0.296319157713896,1508420
"geo_component_0093",NA,NA,"27",NA,TRUE,"kumar_somanathan_exact_amalgamation","1961_1991",1961,1991,"primary_plus_share_population","education","Primary-school-or-higher share of population",FALSE,0.107367721323545,0.404659453822281,0.297291732498736,1272673
"geo_component_0109",NA,NA,"21",NA,TRUE,"kumar_somanathan_exact_amalgamation","1961_1991",1961,1991,"primary_plus_share_population","education","Primary-school-or-higher share of population",FALSE,0.0374410815303963,NA,NA,3062919
"geo_component_0110",NA,NA,"21",NA,TRUE,"kumar_somanathan_exact_amalgamation","1961_1991",1961,1991,"primary_plus_share_population","education","Primary-school-or-higher share of population",FALSE,0.0390183405977402,NA,NA,1026466
"geo_component_0111",NA,NA,"21",NA,TRUE,"kumar_somanathan_exact_amalgamation","1961_1991",1961,1991,"primary_plus_share_population","education","Primary-school-or-higher share of population",FALSE,0.0193408909926979,NA,NA,946854
"geo_component_0112",NA,NA,"21",NA,TRUE,"kumar_somanathan_exact_amalgamation","1961_1991",1961,1991,"primary_plus_share_population","education","Primary-school-or-higher share of population",FALSE,0.011708628243046,NA,NA,1561071
"geo_component_0113",NA,NA,"21",NA,TRUE,"kumar_somanathan_exact_amalgamation","1961_1991",1961,1991,"primary_plus_share_population","education","Primary-school-or-higher share of population",FALSE,0.0290970385592591,NA,NA,1865207
"geo_component_0115",NA,NA,"08",NA,TRUE,"kumar_somanathan_exact_amalgamation","1961_1991",1961,1991,"primary_plus_share_population","education","Primary-school-or-higher share of population",FALSE,0.0334301757257496,0.247517613146505,0.214087437420755,1099725
"geo_component_0116",NA,NA,"08",NA,TRUE,"kumar_somanathan_exact_amalgamation","1961_1991",1961,1991,"primary_plus_share_population","education","Primary-school-or-higher share of population",FALSE,0.0265602259250234,0.263525949112724,0.236965723187701,2835631
"geo_component_0117",NA,NA,"08",NA,TRUE,"kumar_somanathan_exact_amalgamation","1961_1991",1961,1991,"primary_plus_share_population","education","Primary-school-or-higher share of population",FALSE,0.00904807453856237,0.155774606187793,0.146726531649231,141135
"geo_component_0118",NA,NA,"08",NA,TRUE,"kumar_somanathan_exact_amalgamation","1961_1991",1961,1991,"primary_plus_share_population","education","Primary-school-or-higher share of population",FALSE,0.035911652159762,0.236178785715977,0.200267133556215,884866
"geo_component_0119",NA,NA,"08",NA,TRUE,"kumar_somanathan_exact_amalgamation","1961_1991",1961,1991,"primary_plus_share_population","education","Primary-school-or-higher share of population",FALSE,0.022748492265765,0.198228914190664,0.175480421924899,1426644
"geo_component_0120",NA,NA,"08",NA,TRUE,"kumar_somanathan_exact_amalgamation","1961_1991",1961,1991,"primary_plus_share_population","education","Primary-school-or-higher share of population",FALSE,0.0277979941421851,0.179900499579356,0.152102505437171,338010
"geo_component_0121",NA,NA,"08",NA,TRUE,"kumar_somanathan_exact_amalgamation","1961_1991",1961,1991,"primary_plus_share_population","education","Primary-school-or-higher share of population",FALSE,0.0403710943955727,0.2740976477117,0.233726553316127,847116
"geo_component_0122",NA,NA,"08",NA,TRUE,"kumar_somanathan_exact_amalgamation","1961_1991",1961,1991,"primary_plus_share_population","education","Primary-school-or-higher share of population",FALSE,0.0212286686644358,0.177729523674176,0.15650085500974,491882
"geo_component_0123",NA,NA,"33",NA,TRUE,"kumar_somanathan_exact_amalgamation","1961_1991",1961,1991,"primary_plus_share_population","education","Primary-school-or-higher share of population",FALSE,0.337936115088858,0.609905357323223,0.271969242234365,1812165
"geo_component_0124",NA,NA,"33",NA,TRUE,"kumar_somanathan_exact_amalgamation","1961_1991",1961,1991,"primary_plus_share_population","education","Primary-school-or-higher share of population",FALSE,0.0945473816832822,0.431582380678003,0.337034998994721,3000210
"geo_component_0125",NA,NA,"33",NA,TRUE,"kumar_somanathan_exact_amalgamation","1961_1991",1961,1991,"primary_plus_share_population","education","Primary-school-or-higher share of population",FALSE,0.100250383858602,0.412164414732999,0.311914030874397,3211469
"geo_component_0127",NA,NA,"33",NA,TRUE,"kumar_somanathan_exact_amalgamation","1961_1991",1961,1991,"primary_plus_share_population","education","Primary-school-or-higher share of population",FALSE,0.078458967948575,0.383891075015308,0.305432107066733,2421546
"geo_component_0130",NA,NA,"05",NA,TRUE,"kumar_somanathan_exact_amalgamation","1961_1991",1961,1991,"primary_plus_share_population","education","Primary-school-or-higher share of population",FALSE,0.082844978113713,0.350109475565885,0.267264497452172,2006736
"geo_component_0131",NA,NA,"05",NA,TRUE,"kumar_somanathan_exact_amalgamation","1961_1991",1961,1991,"primary_plus_share_population","education","Primary-school-or-higher share of population",FALSE,0.0877320773317268,0.345446004563618,0.257713927231891,547770
"geo_component_0132",NA,NA,"09",NA,TRUE,"kumar_somanathan_exact_amalgamation","1961_1991",1961,1991,"primary_plus_share_population","education","Primary-school-or-higher share of population",FALSE,0.0625279704984185,0.243877318629582,0.181349348131163,1190987
"geo_component_0133",NA,NA,"09",NA,TRUE,"kumar_somanathan_exact_amalgamation","1961_1991",1961,1991,"primary_plus_share_population","education","Primary-school-or-higher share of population",FALSE,0.0632850018821553,0.187443688296751,0.124158686414596,1973801
"geo_component_0134",NA,NA,"09",NA,TRUE,"kumar_somanathan_exact_amalgamation","1961_1991",1961,1991,"primary_plus_share_population","education","Primary-school-or-higher share of population",FALSE,0.0721910171478658,0.272070591175171,0.199879574027305,1615478
"geo_component_0136",NA,NA,"09",NA,TRUE,"kumar_somanathan_exact_amalgamation","1961_1991",1961,1991,"primary_plus_share_population","education","Primary-school-or-higher share of population",FALSE,0.0638076406945432,0.253794225804148,0.189986585109605,1444921
"geo_component_0139",NA,NA,"09",NA,TRUE,"kumar_somanathan_exact_amalgamation","1961_1991",1961,1991,"primary_plus_share_population","education","Primary-school-or-higher share of population",FALSE,0.0650380708422967,0.280191491836497,0.2151534209942,2836554
"geo_component_0140",NA,NA,"09",NA,TRUE,"kumar_somanathan_exact_amalgamation","1961_1991",1961,1991,"primary_plus_share_population","education","Primary-school-or-higher share of population",FALSE,0.0698281871092538,0.274301795587893,0.204473608478639,1862142
"geo_component_0142",NA,NA,"09",NA,TRUE,"kumar_somanathan_exact_amalgamation","1961_1991",1961,1991,"primary_plus_share_population","education","Primary-school-or-higher share of population",FALSE,0.0700919471743848,0.320164319508368,0.250072372333983,2363096
"geo_component_0143",NA,NA,"09",NA,TRUE,"kumar_somanathan_exact_amalgamation","1961_1991",1961,1991,"primary_plus_share_population","education","Primary-school-or-higher share of population",FALSE,0.0373858819693512,0.230252086328058,0.192866204358707,1226800
"geo_component_0145",NA,NA,"09",NA,TRUE,"kumar_somanathan_exact_amalgamation","1961_1991",1961,1991,"primary_plus_share_population","education","Primary-school-or-higher share of population",FALSE,0.0524813019176149,0.24314186561895,0.190660563701335,1065751
"geo_component_0149",NA,NA,"09",NA,TRUE,"kumar_somanathan_exact_amalgamation","1961_1991",1961,1991,"primary_plus_share_population","education","Primary-school-or-higher share of population",FALSE,0.0658485688247438,0.26409102703343,0.198242458208686,1344175
"geo_component_0150",NA,NA,"09",NA,TRUE,"kumar_somanathan_exact_amalgamation","1961_1991",1961,1991,"primary_plus_share_population","education","Primary-school-or-higher share of population",FALSE,0.0612720556397489,0.263994929002329,0.20272287336258,2364928
"geo_component_0151",NA,NA,"09",NA,TRUE,"kumar_somanathan_exact_amalgamation","1961_1991",1961,1991,"primary_plus_share_population","education","Primary-school-or-higher share of population",FALSE,0.0477286142317291,0.211495216274184,0.163766602042455,1246904
"geo_component_0152",NA,NA,"19",NA,TRUE,"kumar_somanathan_exact_amalgamation","1961_1991",1961,1991,"primary_plus_share_population","education","Primary-school-or-higher share of population",FALSE,0.0830905206540016,0.212440368435676,0.129349847781674,2294979
"geo_component_0153",NA,NA,"19",NA,TRUE,"kumar_somanathan_exact_amalgamation","1961_1991",1961,1991,"primary_plus_share_population","education","Primary-school-or-higher share of population",FALSE,0.124183564967483,0.328649304521667,0.204465739554184,1708801
"geo_component_0154",NA,NA,"19",NA,TRUE,"kumar_somanathan_exact_amalgamation","1961_1991",1961,1991,"primary_plus_share_population","education","Primary-school-or-higher share of population",FALSE,0.315139707763736,0.601819074830124,0.286679367066388,2927289
"geo_component_0001",NA,NA,"28",NA,TRUE,"kumar_somanathan_exact_amalgamation","1961_1991",1961,1991,"matriculate_plus_share_population","education","Matriculate-or-higher share of population",FALSE,0.00743708381429476,0.0649171996694708,0.057480115855176,1555045
"geo_component_0002",NA,NA,"28",NA,TRUE,"kumar_somanathan_exact_amalgamation","1961_1991",1961,1991,"matriculate_plus_share_population","education","Matriculate-or-higher share of population",FALSE,0.0117319076937886,0.0612299811032321,0.0494980734094435,1350505
"geo_component_0003",NA,NA,"28",NA,TRUE,"kumar_somanathan_exact_amalgamation","1961_1991",1961,1991,"matriculate_plus_share_population","education","Matriculate-or-higher share of population",FALSE,0.0198120970323534,0.10398565960206,0.0841735625697066,2327265
"geo_component_0004",NA,NA,"28",NA,TRUE,"kumar_somanathan_exact_amalgamation","1961_1991",1961,1991,"matriculate_plus_share_population","education","Matriculate-or-higher share of population",FALSE,0.0167548975624346,0.0836129468107392,0.0668580492483046,1671750
"geo_component_0005",NA,NA,"28",NA,TRUE,"kumar_somanathan_exact_amalgamation","1961_1991",1961,1991,"matriculate_plus_share_population","education","Matriculate-or-higher share of population",FALSE,0.013987047537151,0.095171929472549,0.081184881935398,1414094
"geo_component_0006",NA,NA,"28",NA,TRUE,"kumar_somanathan_exact_amalgamation","1961_1991",1961,1991,"matriculate_plus_share_population","education","Matriculate-or-higher share of population",FALSE,0.0139901469536446,0.104125027061272,0.0901348801076274,1900123
"geo_component_0007",NA,NA,"28",NA,TRUE,"kumar_somanathan_exact_amalgamation","1961_1991",1961,1991,"matriculate_plus_share_population","education","Matriculate-or-higher share of population",FALSE,0.0131266363271789,0.089959191669649,0.0768325553424701,3109479
"geo_component_0008",NA,NA,"28",NA,TRUE,"kumar_somanathan_exact_amalgamation","1961_1991",1961,1991,"matriculate_plus_share_population","education","Matriculate-or-higher share of population",FALSE,0.015431350193807,0.0853131357163615,0.0698817855225545,1570893
"geo_component_0010",NA,NA,"28",NA,TRUE,"kumar_somanathan_exact_amalgamation","1961_1991",1961,1991,"matriculate_plus_share_population","education","Matriculate-or-higher share of population",FALSE,0.00575797360874667,0.0712243369459864,0.0654663633372397,1232378
"geo_component_0011",NA,NA,"28",NA,TRUE,"kumar_somanathan_exact_amalgamation","1961_1991",1961,1991,"matriculate_plus_share_population","education","Matriculate-or-higher share of population",FALSE,0.00848012871957227,0.0716968464694857,0.0632167177499134,1018027
"geo_component_0012",NA,NA,"28",NA,TRUE,"kumar_somanathan_exact_amalgamation","1961_1991",1961,1991,"matriculate_plus_share_population","education","Matriculate-or-higher share of population",FALSE,0.00764100684371788,0.0730267466827858,0.0653857398390679,1557779
"geo_component_0019",NA,NA,"18",NA,TRUE,"kumar_somanathan_exact_amalgamation","1961_1991",1961,1991,"matriculate_plus_share_population","education","Matriculate-or-higher share of population",FALSE,0.0056584268847821,0.0584818478190088,0.0528234209342267,1543892
"geo_component_0022",NA,NA,"18",NA,TRUE,"kumar_somanathan_exact_amalgamation","1961_1991",1961,1991,"matriculate_plus_share_population","education","Matriculate-or-higher share of population",FALSE,0.0166849932996278,0.119835215759679,0.103150222460051,2062572
"geo_component_0023",NA,NA,"18",NA,TRUE,"kumar_somanathan_exact_amalgamation","1961_1991",1961,1991,"matriculate_plus_share_population","education","Matriculate-or-higher share of population",FALSE,0.0069009901757814,0.0750392835935776,0.0681382934177962,1289670
"geo_component_0027",NA,NA,"18",NA,TRUE,"kumar_somanathan_exact_amalgamation","1961_1991",1961,1991,"matriculate_plus_share_population","education","Matriculate-or-higher share of population",FALSE,0.01369274524493,0.128223420147778,0.114530674902848,1508390
"geo_component_0036",NA,NA,"10",NA,TRUE,"kumar_somanathan_exact_amalgamation","1961_1991",1961,1991,"matriculate_plus_share_population","education","Matriculate-or-higher share of population",FALSE,0.00802043027723022,0.0714976347947966,0.0634772045175664,1888178
"geo_component_0040",NA,NA,"24",NA,TRUE,"kumar_somanathan_exact_amalgamation","1961_1991",1961,1991,"matriculate_plus_share_population","education","Matriculate-or-higher share of population",FALSE,0.0103910127542518,0.0808803578873528,0.070489345133101,663073
"geo_component_0041",NA,NA,"24",NA,TRUE,"kumar_somanathan_exact_amalgamation","1961_1991",1961,1991,"matriculate_plus_share_population","education","Matriculate-or-higher share of population",FALSE,0.00950113439245132,0.0836739078241609,0.0741727734317096,3032901
"geo_component_0043",NA,NA,"24",NA,TRUE,"kumar_somanathan_exact_amalgamation","1961_1991",1961,1991,"matriculate_plus_share_population","education","Matriculate-or-higher share of population",FALSE,0.0182387844392685,0.148876935903645,0.130638151464377,2419295
"geo_component_0044",NA,NA,"06",NA,TRUE,"kumar_somanathan_exact_amalgamation","1961_1991",1961,1991,"matriculate_plus_share_population","education","Matriculate-or-higher share of population",FALSE,0.055883398908276,0.162196106992208,0.106312708083932,885755
"geo_component_0048",NA,NA,"06",NA,TRUE,"kumar_somanathan_exact_amalgamation","1961_1991",1961,1991,"matriculate_plus_share_population","education","Matriculate-or-higher share of population",FALSE,0.0154525992205083,0.121107595179172,0.105654995958664,582944
"geo_component_0050",NA,NA,"02",NA,TRUE,"kumar_somanathan_exact_amalgamation","1961_1991",1961,1991,"matriculate_plus_share_population","education","Matriculate-or-higher share of population",FALSE,0.0108687594974241,0.067805617286148,0.0569368577887239,215848
"geo_component_0064",NA,NA,"29",NA,TRUE,"kumar_somanathan_exact_amalgamation","1961_1991",1961,1991,"matriculate_plus_share_population","education","Matriculate-or-higher share of population",FALSE,0.0140340990144726,0.112615058686697,0.0985809596722244,1983811
"geo_component_0065",NA,NA,"29",NA,TRUE,"kumar_somanathan_exact_amalgamation","1961_1991",1961,1991,"matriculate_plus_share_population","education","Matriculate-or-higher share of population",FALSE,0.0168865111088426,0.105729944058708,0.0888434329498654,3026913
"geo_component_0066",NA,NA,"29",NA,TRUE,"kumar_somanathan_exact_amalgamation","1961_1991",1961,1991,"matriculate_plus_share_population","education","Matriculate-or-higher share of population",FALSE,0.0169555532895772,0.115526882948204,0.0985713296586268,1951573
"geo_component_0067",NA,NA,"29",NA,TRUE,"kumar_somanathan_exact_amalgamation","1961_1991",1961,1991,"matriculate_plus_share_population","education","Matriculate-or-higher share of population",FALSE,0.0067655799302345,0.0623052123328977,0.0555396324026632,1099684
"geo_component_0068",NA,NA,"29",NA,TRUE,"kumar_somanathan_exact_amalgamation","1961_1991",1961,1991,"matriculate_plus_share_population","education","Matriculate-or-higher share of population",FALSE,0.0151214779515306,0.128791405110386,0.113669927158855,689549
"geo_component_0070",NA,NA,"32",NA,TRUE,"kumar_somanathan_exact_amalgamation","1961_1991",1961,1991,"matriculate_plus_share_population","education","Matriculate-or-higher share of population",FALSE,0.0169908747367713,0.115561321653018,0.0985704469162467,311991
"geo_component_0071",NA,NA,"32",NA,TRUE,"kumar_somanathan_exact_amalgamation","1961_1991",1961,1991,"matriculate_plus_share_population","education","Matriculate-or-higher share of population",FALSE,0.0165093979092464,0.142258547043617,0.125749149134371,1373763
"geo_component_0073",NA,NA,"32",NA,TRUE,"kumar_somanathan_exact_amalgamation","1961_1991",1961,1991,"matriculate_plus_share_population","education","Matriculate-or-higher share of population",FALSE,0.0397432231166482,0.218961456647007,0.179218233530359,2318433
"geo_component_0074",NA,NA,"32",NA,TRUE,"kumar_somanathan_exact_amalgamation","1961_1991",1961,1991,"matriculate_plus_share_population","education","Matriculate-or-higher share of population",FALSE,0.034585988260774,0.262923275597545,0.228337287336771,1274360
"geo_component_0077",NA,NA,"23",NA,TRUE,"kumar_somanathan_exact_amalgamation","1961_1991",1961,1991,"matriculate_plus_share_population","education","Matriculate-or-higher share of population",FALSE,0.0292295737251891,0.128248403611644,0.0990188298864549,858343
"geo_component_0080",NA,NA,"23",NA,TRUE,"kumar_somanathan_exact_amalgamation","1961_1991",1961,1991,"matriculate_plus_share_population","education","Matriculate-or-higher share of population",FALSE,0.0139062842976487,0.0889820243037663,0.0750757400061176,619576
"geo_component_0082",NA,NA,"27",NA,TRUE,"kumar_somanathan_exact_amalgamation","1961_1991",1961,1991,"matriculate_plus_share_population","education","Matriculate-or-higher share of population",FALSE,0.00686075931355192,0.087775949001119,0.0809151896875671,1827203
"geo_component_0084",NA,NA,"27",NA,TRUE,"kumar_somanathan_exact_amalgamation","1961_1991",1961,1991,"matriculate_plus_share_population","education","Matriculate-or-higher share of population",FALSE,0.0133865164668372,0.126783218555611,0.113396702088774,1230716
"geo_component_0085",NA,NA,"27",NA,TRUE,"kumar_somanathan_exact_amalgamation","1961_1991",1961,1991,"matriculate_plus_share_population","education","Matriculate-or-higher share of population",FALSE,0.0128970243301638,0.0950212267997748,0.082124202469611,1860119
"geo_component_0086",NA,NA,"27",NA,TRUE,"kumar_somanathan_exact_amalgamation","1961_1991",1961,1991,"matriculate_plus_share_population","education","Matriculate-or-higher share of population",FALSE,0.0135891607417007,0.136618847187847,0.123029686446146,1596493
"geo_component_0088",NA,NA,"27",NA,TRUE,"kumar_somanathan_exact_amalgamation","1961_1991",1961,1991,"matriculate_plus_share_population","education","Matriculate-or-higher share of population",FALSE,0.00563902917836974,0.0617798005229011,0.0561407713445314,1206236
"geo_component_0089",NA,NA,"27",NA,TRUE,"kumar_somanathan_exact_amalgamation","1961_1991",1961,1991,"matriculate_plus_share_population","education","Matriculate-or-higher share of population",FALSE,0.00522733672436209,0.0774420549791666,0.0722147182548045,1001466
"geo_component_0090",NA,NA,"27",NA,TRUE,"kumar_somanathan_exact_amalgamation","1961_1991",1961,1991,"matriculate_plus_share_population","education","Matriculate-or-higher share of population",FALSE,0.0058470983774302,0.0908678996860108,0.0850208013085806,1477656
"geo_component_0092",NA,NA,"27",NA,TRUE,"kumar_somanathan_exact_amalgamation","1961_1991",1961,1991,"matriculate_plus_share_population","education","Matriculate-or-higher share of population",FALSE,0.0409408520173426,0.183935330997564,0.142994478980221,1508420
"geo_component_0093",NA,NA,"27",NA,TRUE,"kumar_somanathan_exact_amalgamation","1961_1991",1961,1991,"matriculate_plus_share_population","education","Matriculate-or-higher share of population",FALSE,0.00649813424186731,0.10001096018322,0.0935128259413527,1272673
"geo_component_0109",NA,NA,"21",NA,TRUE,"kumar_somanathan_exact_amalgamation","1961_1991",1961,1991,"matriculate_plus_share_population","education","Matriculate-or-higher share of population",FALSE,0.00958236244575844,NA,NA,3062919
"geo_component_0110",NA,NA,"21",NA,TRUE,"kumar_somanathan_exact_amalgamation","1961_1991",1961,1991,"matriculate_plus_share_population","education","Matriculate-or-higher share of population",FALSE,0.0049480450399721,NA,NA,1026466
"geo_component_0111",NA,NA,"21",NA,TRUE,"kumar_somanathan_exact_amalgamation","1961_1991",1961,1991,"matriculate_plus_share_population","education","Matriculate-or-higher share of population",FALSE,0.00176690387324762,NA,NA,946854
"geo_component_0112",NA,NA,"21",NA,TRUE,"kumar_somanathan_exact_amalgamation","1961_1991",1961,1991,"matriculate_plus_share_population","education","Matriculate-or-higher share of population",FALSE,0.00272056812278237,NA,NA,1561071
"geo_component_0113",NA,NA,"21",NA,TRUE,"kumar_somanathan_exact_amalgamation","1961_1991",1961,1991,"matriculate_plus_share_population","education","Matriculate-or-higher share of population",FALSE,0.00889659968035719,NA,NA,1865207
"geo_component_0115",NA,NA,"08",NA,TRUE,"kumar_somanathan_exact_amalgamation","1961_1991",1961,1991,"matriculate_plus_share_population","education","Matriculate-or-higher share of population",FALSE,0.0109409170474437,0.0769444129967169,0.0660034959492732,1099725
"geo_component_0116",NA,NA,"08",NA,TRUE,"kumar_somanathan_exact_amalgamation","1961_1991",1961,1991,"matriculate_plus_share_population","education","Matriculate-or-higher share of population",FALSE,0.0186089092692244,0.100555550819147,0.0819466415499226,2835631
"geo_component_0117",NA,NA,"08",NA,TRUE,"kumar_somanathan_exact_amalgamation","1961_1991",1961,1991,"matriculate_plus_share_population","education","Matriculate-or-higher share of population",FALSE,0.0049031069543345,0.0493821785282004,0.0444790715738659,141135
"geo_component_0118",NA,NA,"08",NA,TRUE,"kumar_somanathan_exact_amalgamation","1961_1991",1961,1991,"matriculate_plus_share_population","education","Matriculate-or-higher share of population",FALSE,0.0207432537807984,0.0883062462067265,0.0675629924259281,884866
"geo_component_0119",NA,NA,"08",NA,TRUE,"kumar_somanathan_exact_amalgamation","1961_1991",1961,1991,"matriculate_plus_share_population","education","Matriculate-or-higher share of population",FALSE,0.0103081076989074,0.065623138606881,0.0553150309079736,1426644
"geo_component_0120",NA,NA,"08",NA,TRUE,"kumar_somanathan_exact_amalgamation","1961_1991",1961,1991,"matriculate_plus_share_population","education","Matriculate-or-higher share of population",FALSE,0.00788734061122452,0.0510783539846906,0.0431910133734661,338010
"geo_component_0121",NA,NA,"08",NA,TRUE,"kumar_somanathan_exact_amalgamation","1961_1991",1961,1991,"matriculate_plus_share_population","education","Matriculate-or-higher share of population",FALSE,0.0165986712563569,0.09692091562518,0.0803222443688231,847116
"geo_component_0122",NA,NA,"08",NA,TRUE,"kumar_somanathan_exact_amalgamation","1961_1991",1961,1991,"matriculate_plus_share_population","education","Matriculate-or-higher share of population",FALSE,0.00584693076794841,0.0462020270206725,0.0403550962527241,491882
"geo_component_0123",NA,NA,"33",NA,TRUE,"kumar_somanathan_exact_amalgamation","1961_1991",1961,1991,"matriculate_plus_share_population","education","Matriculate-or-higher share of population",FALSE,0.112301032190777,0.303870519988046,0.191569487797269,1812165
"geo_component_0124",NA,NA,"33",NA,TRUE,"kumar_somanathan_exact_amalgamation","1961_1991",1961,1991,"matriculate_plus_share_population","education","Matriculate-or-higher share of population",FALSE,0.0187116901816873,0.123035482848011,0.104323792666324,3000210
"geo_component_0125",NA,NA,"33",NA,TRUE,"kumar_somanathan_exact_amalgamation","1961_1991",1961,1991,"matriculate_plus_share_population","education","Matriculate-or-higher share of population",FALSE,0.0212603640265561,0.130216459322687,0.108956095296131,3211469
"geo_component_0127",NA,NA,"33",NA,TRUE,"kumar_somanathan_exact_amalgamation","1961_1991",1961,1991,"matriculate_plus_share_population","education","Matriculate-or-higher share of population",FALSE,0.0167925779646556,0.105423779205427,0.0886312012407714,2421546
"geo_component_0130",NA,NA,"05",NA,TRUE,"kumar_somanathan_exact_amalgamation","1961_1991",1961,1991,"matriculate_plus_share_population","education","Matriculate-or-higher share of population",FALSE,0.0157325128965644,0.117942042409001,0.102209529512437,2006736
"geo_component_0131",NA,NA,"05",NA,TRUE,"kumar_somanathan_exact_amalgamation","1961_1991",1961,1991,"matriculate_plus_share_population","education","Matriculate-or-higher share of population",FALSE,0.0136754477244099,0.102031156431199,0.0883557087067891,547770
"geo_component_0132",NA,NA,"09",NA,TRUE,"kumar_somanathan_exact_amalgamation","1961_1991",1961,1991,"matriculate_plus_share_population","education","Matriculate-or-higher share of population",FALSE,0.0144879834960415,0.0789335271525483,0.0644455436565068,1190987
"geo_component_0133",NA,NA,"09",NA,TRUE,"kumar_somanathan_exact_amalgamation","1961_1991",1961,1991,"matriculate_plus_share_population","education","Matriculate-or-higher share of population",FALSE,0.016274690305659,0.0674653333446573,0.0511906430389983,1973801
"geo_component_0134",NA,NA,"09",NA,TRUE,"kumar_somanathan_exact_amalgamation","1961_1991",1961,1991,"matriculate_plus_share_population","education","Matriculate-or-higher share of population",FALSE,0.0231386623649471,0.102882554535189,0.0797438921702419,1615478
"geo_component_0136",NA,NA,"09",NA,TRUE,"kumar_somanathan_exact_amalgamation","1961_1991",1961,1991,"matriculate_plus_share_population","education","Matriculate-or-higher share of population",FALSE,0.0174756959030978,0.0897548427587551,0.0722791468556573,1444921
"geo_component_0139",NA,NA,"09",NA,TRUE,"kumar_somanathan_exact_amalgamation","1961_1991",1961,1991,"matriculate_plus_share_population","education","Matriculate-or-higher share of population",FALSE,0.0212366836661668,0.112151359971595,0.0909146763054282,2836554
"geo_component_0140",NA,NA,"09",NA,TRUE,"kumar_somanathan_exact_amalgamation","1961_1991",1961,1991,"matriculate_plus_share_population","education","Matriculate-or-higher share of population",FALSE,0.0272648380198717,0.114063106024999,0.0867982680051273,1862142
"geo_component_0142",NA,NA,"09",NA,TRUE,"kumar_somanathan_exact_amalgamation","1961_1991",1961,1991,"matriculate_plus_share_population","education","Matriculate-or-higher share of population",FALSE,0.0134302626723586,0.111129761953822,0.0976994992814634,2363096
"geo_component_0143",NA,NA,"09",NA,TRUE,"kumar_somanathan_exact_amalgamation","1961_1991",1961,1991,"matriculate_plus_share_population","education","Matriculate-or-higher share of population",FALSE,0.00790837952396479,0.0736058084063921,0.0656974288824273,1226800
"geo_component_0145",NA,NA,"09",NA,TRUE,"kumar_somanathan_exact_amalgamation","1961_1991",1961,1991,"matriculate_plus_share_population","education","Matriculate-or-higher share of population",FALSE,0.00810602101241284,0.0735572789340584,0.0654512579216456,1065751
"geo_component_0149",NA,NA,"09",NA,TRUE,"kumar_somanathan_exact_amalgamation","1961_1991",1961,1991,"matriculate_plus_share_population","education","Matriculate-or-higher share of population",FALSE,0.017126490226347,0.111940512926601,0.094814022700254,1344175
"geo_component_0150",NA,NA,"09",NA,TRUE,"kumar_somanathan_exact_amalgamation","1961_1991",1961,1991,"matriculate_plus_share_population","education","Matriculate-or-higher share of population",FALSE,0.0239778970015155,0.110341930246213,0.0863640332446975,2364928
"geo_component_0151",NA,NA,"09",NA,TRUE,"kumar_somanathan_exact_amalgamation","1961_1991",1961,1991,"matriculate_plus_share_population","education","Matriculate-or-higher share of population",FALSE,0.0115229400178362,0.0786924726774956,0.0671695326596594,1246904
"geo_component_0152",NA,NA,"19",NA,TRUE,"kumar_somanathan_exact_amalgamation","1961_1991",1961,1991,"matriculate_plus_share_population","education","Matriculate-or-higher share of population",FALSE,0.00925455091310204,0.0422967716837593,0.0330422207706573,2294979
"geo_component_0153",NA,NA,"19",NA,TRUE,"kumar_somanathan_exact_amalgamation","1961_1991",1961,1991,"matriculate_plus_share_population","education","Matriculate-or-higher share of population",FALSE,0.0190835562479189,0.0761613739217886,0.0570778176738697,1708801
"geo_component_0154",NA,NA,"19",NA,TRUE,"kumar_somanathan_exact_amalgamation","1961_1991",1961,1991,"matriculate_plus_share_population","education","Matriculate-or-higher share of population",FALSE,0.116825158021637,0.287677970389236,0.170852812367599,2927289
