"predictor","sample_id","period_id","measure_id","fixed_effect","estimate","std.error","p.value","standardized_effect","contains_estimated_source","n","n_states","population_1961","status","predictor_id"
"emie_exposure","full_pretrend","1961_1971","log_population","none",9.8149232242328e-05,0.000850469480440308,0.9143150466596,0.0207330170634599,FALSE,187,19,213986430,"estimated","eventual_emie"
"emie_exposure","full_pretrend","1961_1971","log_population","state",0.00042092442820061,0.00110170505244615,0.731001199882596,0.0889159614694031,FALSE,187,19,213986430,"estimated","eventual_emie"
"emie_exposure","full_pretrend","1961_1971","urban_share","none",0.000286640854925813,0.000200356714203115,0.23386541852738,0.158997671484622,FALSE,187,19,213986430,"estimated","eventual_emie"
"emie_exposure","full_pretrend","1961_1971","urban_share","state",0.000372642384649045,0.000472484101119339,0.494835922418971,0.206702116734231,FALSE,187,19,213986430,"estimated","eventual_emie"
"emie_exposure","full_pretrend","1961_1971","main_worker_share","none",0.000445239433840022,0.000413730878976993,0.349115463415364,0.168093421204222,TRUE,187,19,213986430,"estimated","eventual_emie"
"emie_exposure","full_pretrend","1961_1971","main_worker_share","state",0.000210858887674054,0.000139068736924558,0.238418025917639,0.079606587212542,TRUE,187,19,213986430,"estimated","eventual_emie"
"emie_exposure","full_pretrend","1961_1971","nonfarm_worker_share_main_workers","none",0.000327355206480415,0.00133964148129253,0.820335917639042,0.0661012440572796,TRUE,187,19,213986430,"estimated","eventual_emie"
"emie_exposure","full_pretrend","1961_1971","nonfarm_worker_share_main_workers","state",0.00127839727342149,0.000417990655572276,0.0648362210113294,0.258140541221698,TRUE,187,19,213986430,"estimated","eventual_emie"
"emie_exposure","full_pretrend","1961_1971","literate_share_population","none",0.000955904438970965,0.000481267197633494,0.126393826791321,0.346254162749583,FALSE,187,19,213986430,"estimated","eventual_emie"
"emie_exposure","full_pretrend","1961_1971","literate_share_population","state",0.000426969813866472,0.000224348375230015,0.165357553055968,0.154659890039669,FALSE,187,19,213986430,"estimated","eventual_emie"
"emie_exposure","full_pretrend","1961_1971","primary_plus_share_population","none",0.00281013447776894,0.000697399510123989,0.019676310401755,0.502210766730008,FALSE,187,19,213986430,"estimated","eventual_emie"
"emie_exposure","full_pretrend","1961_1971","primary_plus_share_population","state",0.00177729539517436,0.000543563313404677,0.0559589254343282,0.317627818233408,FALSE,187,19,213986430,"estimated","eventual_emie"
"emie_exposure","full_pretrend","1961_1971","matriculate_plus_share_population","none",0.000599609872064612,0.000187807355495325,0.0388680446772872,0.50696111004108,FALSE,187,19,213986430,"estimated","eventual_emie"
"emie_exposure","full_pretrend","1961_1971","matriculate_plus_share_population","state",0.000949022559953134,0.000300816905731445,0.0605738600012966,0.802384271611901,FALSE,187,19,213986430,"estimated","eventual_emie"
"emie_exposure","full_pretrend","1971_1981","log_population","none",0.000571519633175555,0.00123321351597777,0.670149003796113,0.116094302941316,FALSE,182,18,206536561,"estimated","eventual_emie"
"emie_exposure","full_pretrend","1971_1981","log_population","state",0.00179959223355734,0.00142519169497091,0.308597234581256,0.365555956096559,FALSE,182,18,206536561,"estimated","eventual_emie"
"emie_exposure","full_pretrend","1971_1981","urban_share","none",0.000441971282723207,0.000348909256100141,0.282350793115057,0.195256785127921,FALSE,182,18,206536561,"estimated","eventual_emie"
"emie_exposure","full_pretrend","1971_1981","urban_share","state",0.000881801148652167,0.000261666155679476,0.0541018758815433,0.389567522005179,FALSE,182,18,206536561,"estimated","eventual_emie"
"emie_exposure","full_pretrend","1971_1981","main_worker_share","none",-0.000135691365823169,0.000359575478272018,0.727465466988702,-0.0624060929187841,FALSE,182,18,206536561,"estimated","eventual_emie"
"emie_exposure","full_pretrend","1971_1981","main_worker_share","state",-0.000193836684755148,0.000216927061104116,0.446850633420304,-0.0891478251878081,FALSE,182,18,206536561,"estimated","eventual_emie"
"emie_exposure","full_pretrend","1971_1981","nonfarm_worker_share_main_workers","none",0.000690764101850486,0.000575867559734279,0.304567887050213,0.222452295782752,FALSE,182,18,206536561,"estimated","eventual_emie"
"emie_exposure","full_pretrend","1971_1981","nonfarm_worker_share_main_workers","state",0.000870581236048971,0.000608150681412598,0.261302060666526,0.280360247594912,FALSE,182,18,206536561,"estimated","eventual_emie"
"emie_exposure","full_pretrend","1971_1981","literate_share_population","none",0.000861352087465643,0.00035943687644861,0.0832000466287133,0.405118790847767,FALSE,182,18,206536561,"estimated","eventual_emie"
"emie_exposure","full_pretrend","1971_1981","literate_share_population","state",0.000744404359459182,0.000141343625619384,0.0192027742324767,0.350114893078423,FALSE,182,18,206536561,"estimated","eventual_emie"
"emie_exposure","full_pretrend","1971_1981","primary_plus_share_population","none",0.00111654129275735,0.000426592906456944,0.0669354161769098,0.339103506416762,FALSE,182,18,206536561,"estimated","eventual_emie"
"emie_exposure","full_pretrend","1971_1981","primary_plus_share_population","state",0.000975444123830067,0.000216090328181916,0.0277371853126542,0.296251043154469,FALSE,182,18,206536561,"estimated","eventual_emie"
"emie_exposure","full_pretrend","1971_1981","matriculate_plus_share_population","none",0.000665782664637369,0.000183455521294078,0.0274236503504031,0.507235918893732,FALSE,182,18,206536561,"estimated","eventual_emie"
"emie_exposure","full_pretrend","1971_1981","matriculate_plus_share_population","state",0.00078436715466667,0.00033565414807471,0.115489666531672,0.597581186142946,FALSE,182,18,206536561,"estimated","eventual_emie"
"emie_exposure","full_pretrend","1981_1991","log_population","none",-0.000140405422192064,0.000893309395138382,0.883675541354362,-0.0283787837497765,FALSE,182,18,206536561,"estimated","eventual_emie"
"emie_exposure","full_pretrend","1981_1991","log_population","state",0.0013255411346359,0.00100582907034369,0.292172946523203,0.267918750030951,FALSE,182,18,206536561,"estimated","eventual_emie"
"emie_exposure","full_pretrend","1981_1991","urban_share","none",0.000986146736158394,0.000370903233373974,0.0643201491563958,0.40768318902597,FALSE,182,18,206536561,"estimated","eventual_emie"
"emie_exposure","full_pretrend","1981_1991","urban_share","state",0.00126405468852088,0.000604491120729909,0.142088623994768,0.522573190808238,FALSE,182,18,206536561,"estimated","eventual_emie"
"emie_exposure","full_pretrend","1981_1991","main_worker_share","none",0.00019645438409566,0.00020049505367478,0.38942103209647,0.140116220957242,FALSE,182,18,206536561,"estimated","eventual_emie"
"emie_exposure","full_pretrend","1981_1991","main_worker_share","state",-2.10942486874963e-05,0.000273697302346945,0.944134209280485,-0.0150449501222892,FALSE,182,18,206536561,"estimated","eventual_emie"
"emie_exposure","full_pretrend","1981_1991","nonfarm_worker_share_main_workers","none",0.000463899190034633,0.00039580048936784,0.314130713774158,0.217055590574669,FALSE,182,18,206536561,"estimated","eventual_emie"
"emie_exposure","full_pretrend","1981_1991","nonfarm_worker_share_main_workers","state",0.000878067566476379,0.000398658590289197,0.129163143552007,0.410842437969688,FALSE,182,18,206536561,"estimated","eventual_emie"
"emie_exposure","full_pretrend","1981_1991","literate_share_population","none",0.000136871678428339,0.000211227741313015,0.556691404550052,0.0688958724414225,FALSE,182,18,206536561,"estimated","eventual_emie"
"emie_exposure","full_pretrend","1981_1991","literate_share_population","state",-0.000379067057259955,0.000333912456261115,0.350505431180609,-0.190807593825195,FALSE,182,18,206536561,"estimated","eventual_emie"
"emie_exposure","full_pretrend","1981_1991","primary_plus_share_population","none",0.00032185473323956,0.000652982065129677,0.651449430915499,0.101903840708328,FALSE,173,16,197438207,"estimated","eventual_emie"
"emie_exposure","full_pretrend","1981_1991","primary_plus_share_population","state",0.000291704922866417,0.000428583513835643,0.552331168862275,0.0923579768251824,FALSE,173,16,197438207,"estimated","eventual_emie"
"emie_exposure","full_pretrend","1981_1991","matriculate_plus_share_population","none",0.000933515782008431,0.000215787594476026,0.0166082242263331,0.717533601928036,FALSE,173,16,197438207,"estimated","eventual_emie"
"emie_exposure","full_pretrend","1981_1991","matriculate_plus_share_population","state",0.000701772993067665,0.000192775115215038,0.0459942381222534,0.53940780986937,FALSE,173,16,197438207,"estimated","eventual_emie"
"emie_exposure","full_pretrend","1961_1981","log_population","none",0.000755399235258699,0.00179879462459721,0.698793616072305,0.0909889253127689,FALSE,182,18,206536561,"estimated","eventual_emie"
"emie_exposure","full_pretrend","1961_1981","log_population","state",0.00233398982040801,0.00247055509297676,0.424478455270421,0.281132433735041,FALSE,182,18,206536561,"estimated","eventual_emie"
"emie_exposure","full_pretrend","1961_1981","urban_share","none",0.000729233235043398,0.000351945200636531,0.116200587722752,0.234768927408763,FALSE,182,18,206536561,"estimated","eventual_emie"
"emie_exposure","full_pretrend","1961_1981","urban_share","state",0.00125437172849586,0.00055266106366745,0.122085011719272,0.403831711336254,FALSE,182,18,206536561,"estimated","eventual_emie"
"emie_exposure","full_pretrend","1961_1981","main_worker_share","none",0.00028261089750311,0.000287948468944927,0.388723965874474,0.11681398958423,TRUE,182,18,206536561,"estimated","eventual_emie"
"emie_exposure","full_pretrend","1961_1981","main_worker_share","state",-1.01535963299219e-05,0.000254653776150238,0.971069350330604,-0.00419687317936111,TRUE,182,18,206536561,"estimated","eventual_emie"
"emie_exposure","full_pretrend","1961_1981","nonfarm_worker_share_main_workers","none",0.00105989881388501,0.00123143396476238,0.443895281605012,0.192641786904769,TRUE,182,18,206536561,"estimated","eventual_emie"
"emie_exposure","full_pretrend","1961_1981","nonfarm_worker_share_main_workers","state",0.00221183222376188,0.00064456900791842,0.0519800654781119,0.402011311209245,TRUE,182,18,206536561,"estimated","eventual_emie"
"emie_exposure","full_pretrend","1961_1981","literate_share_population","none",0.00179935144163631,0.00083862577630209,0.107560283951203,0.418753301521353,FALSE,182,18,206536561,"estimated","eventual_emie"
"emie_exposure","full_pretrend","1961_1981","literate_share_population","state",0.00116030840914113,0.000190629985093295,0.0135038060719446,0.270032282670126,FALSE,182,18,206536561,"estimated","eventual_emie"
"emie_exposure","full_pretrend","1961_1981","primary_plus_share_population","none",0.00393986377355179,0.000972030670261258,0.0197609893691302,0.66602559097064,FALSE,182,18,206536561,"estimated","eventual_emie"
"emie_exposure","full_pretrend","1961_1981","primary_plus_share_population","state",0.00274133949769715,0.000483512328120115,0.0160611372035919,0.463417611355365,FALSE,182,18,206536561,"estimated","eventual_emie"
"emie_exposure","full_pretrend","1961_1981","matriculate_plus_share_population","none",0.00126420543459775,0.000272833062971453,0.013105164680812,0.593928082530257,FALSE,182,18,206536561,"estimated","eventual_emie"
"emie_exposure","full_pretrend","1961_1981","matriculate_plus_share_population","state",0.00173952932980567,0.000571771336688275,0.0675549807419661,0.81723689131692,FALSE,182,18,206536561,"estimated","eventual_emie"
"emie_exposure","full_pretrend","1961_1991","log_population","none",0.000496015174607189,0.00249239014154671,0.853059504302356,0.0435895454686627,FALSE,187,19,213986430,"estimated","eventual_emie"
"emie_exposure","full_pretrend","1961_1991","log_population","state",0.00343346796263793,0.00313098376207093,0.362501124988504,0.301731308908293,FALSE,187,19,213986430,"estimated","eventual_emie"
"emie_exposure","full_pretrend","1961_1991","urban_share","none",0.00171550639677679,0.000535053784119909,0.0384095556612697,0.363963830309204,FALSE,187,19,213986430,"estimated","eventual_emie"
"emie_exposure","full_pretrend","1961_1991","urban_share","state",0.00248976614442032,0.00110249451864944,0.120924404671617,0.528231677946523,FALSE,187,19,213986430,"estimated","eventual_emie"
"emie_exposure","full_pretrend","1961_1991","main_worker_share","none",0.000495090212764423,0.000414090630494654,0.30514856872155,0.165971510507099,TRUE,187,19,213986430,"estimated","eventual_emie"
"emie_exposure","full_pretrend","1961_1991","main_worker_share","state",-9.36077758300198e-06,0.000348919130398754,0.980489569139456,-0.00313805919591281,TRUE,187,19,213986430,"estimated","eventual_emie"
"emie_exposure","full_pretrend","1961_1991","nonfarm_worker_share_main_workers","none",0.00148811663299188,0.00151821130543474,0.38863306983951,0.233245410659266,TRUE,187,19,213986430,"estimated","eventual_emie"
"emie_exposure","full_pretrend","1961_1991","nonfarm_worker_share_main_workers","state",0.00303495624009028,0.00101484392974335,0.06807472882017,0.475694981736435,TRUE,187,19,213986430,"estimated","eventual_emie"
"emie_exposure","full_pretrend","1961_1991","literate_share_population","none",0.00195040075745706,0.000833831922618795,0.0873128930559278,0.363287370899711,FALSE,187,19,213986430,"estimated","eventual_emie"
"emie_exposure","full_pretrend","1961_1991","literate_share_population","state",0.000809377628692847,0.000483648935451873,0.204873063098897,0.1507570532203,FALSE,187,19,213986430,"estimated","eventual_emie"
"emie_exposure","full_pretrend","1961_1991","primary_plus_share_population","none",0.00430322751221896,0.00157908770372693,0.060386778954068,0.59000706923082,FALSE,178,17,204888076,"estimated","eventual_emie"
"emie_exposure","full_pretrend","1961_1991","primary_plus_share_population","state",0.00302111697592673,0.000271326688357548,0.00276560248329773,0.41421941268703,FALSE,178,17,204888076,"estimated","eventual_emie"
"emie_exposure","full_pretrend","1961_1991","matriculate_plus_share_population","none",0.00218188708798779,0.000416180478727219,0.00887255006499719,0.708864912092909,FALSE,178,17,204888076,"estimated","eventual_emie"
"emie_exposure","full_pretrend","1961_1991","matriculate_plus_share_population","state",0.00243502985119601,0.00072777316387974,0.0536111430618853,0.791107491727973,FALSE,178,17,204888076,"estimated","eventual_emie"
"ling_distance_nonzero_mean_2001","full_pretrend","1961_1971","log_population","none",-0.00691784796019111,0.00613668900852311,0.322688335451692,-0.176949164828882,FALSE,187,19,213986430,"estimated","census_2001_ld"
"ling_distance_nonzero_mean_2001","full_pretrend","1961_1971","log_population","state",-0.00926553500838057,0.00710164722438185,0.333471900773491,-0.236999814228414,FALSE,187,19,213986430,"estimated","census_2001_ld"
"ling_distance_nonzero_mean_2001","full_pretrend","1961_1971","urban_share","none",0.0017150325481743,0.00100634855870828,0.163576820420739,0.115193227386925,FALSE,187,19,213986430,"estimated","census_2001_ld"
"ling_distance_nonzero_mean_2001","full_pretrend","1961_1971","urban_share","state",0.00419153547596098,0.0018683540639457,0.167395031601984,0.281531974245462,FALSE,187,19,213986430,"estimated","census_2001_ld"
"ling_distance_nonzero_mean_2001","full_pretrend","1961_1971","main_worker_share","none",-0.000842402505745316,0.00317319246835751,0.803769708916921,-0.0385104550628105,TRUE,187,19,213986430,"estimated","census_2001_ld"
"ling_distance_nonzero_mean_2001","full_pretrend","1961_1971","main_worker_share","state",-0.00615260677302046,0.00572071562663118,0.404701447427085,-0.281266597660361,TRUE,187,19,213986430,"estimated","census_2001_ld"
"ling_distance_nonzero_mean_2001","full_pretrend","1961_1971","nonfarm_worker_share_main_workers","none",-0.00141120760454086,0.00907174103242058,0.883916987740599,-0.0345050923852336,TRUE,187,19,213986430,"estimated","census_2001_ld"
"ling_distance_nonzero_mean_2001","full_pretrend","1961_1971","nonfarm_worker_share_main_workers","state",0.0121181278035772,0.0131133137970573,0.461755445842482,0.296297382506341,TRUE,187,19,213986430,"estimated","census_2001_ld"
"ling_distance_nonzero_mean_2001","full_pretrend","1961_1971","literate_share_population","none",-0.00114034597970493,0.00632548702729793,0.865702898171249,-0.0500171643767698,FALSE,187,19,213986430,"estimated","census_2001_ld"
"ling_distance_nonzero_mean_2001","full_pretrend","1961_1971","literate_share_population","state",0.00106802617761069,0.00134996683040989,0.519297853178545,0.0468451170390145,FALSE,187,19,213986430,"estimated","census_2001_ld"
"ling_distance_nonzero_mean_2001","full_pretrend","1961_1971","primary_plus_share_population","none",0.0170677280659039,0.0133778372393261,0.271097915957947,0.369348667440496,FALSE,187,19,213986430,"estimated","census_2001_ld"
"ling_distance_nonzero_mean_2001","full_pretrend","1961_1971","primary_plus_share_population","state",-0.00119036218188665,0.00719161016432002,0.885167281757916,-0.0257596490847366,FALSE,187,19,213986430,"estimated","census_2001_ld"
"ling_distance_nonzero_mean_2001","full_pretrend","1961_1971","matriculate_plus_share_population","none",0.000754291472606385,0.00181154087468904,0.698512026669597,0.0772230542482118,FALSE,187,19,213986430,"estimated","census_2001_ld"
"ling_distance_nonzero_mean_2001","full_pretrend","1961_1971","matriculate_plus_share_population","state",-0.000578988441641817,0.00075564883956942,0.530905702297369,-0.0592758336290055,FALSE,187,19,213986430,"estimated","census_2001_ld"
"ling_distance_nonzero_mean_2001","full_pretrend","1971_1981","log_population","none",-0.00909255675752658,0.00534478052269551,0.165199704820328,-0.22440343962044,FALSE,182,18,206536561,"estimated","census_2001_ld"
"ling_distance_nonzero_mean_2001","full_pretrend","1971_1981","log_population","state",-0.00932425894241466,0.00295866433974336,0.100400326779982,-0.230121827598982,FALSE,182,18,206536561,"estimated","census_2001_ld"
"ling_distance_nonzero_mean_2001","full_pretrend","1971_1981","urban_share","none",0.00120967178315647,0.00209553002123338,0.59513552335715,0.0649296957215309,FALSE,182,18,206536561,"estimated","census_2001_ld"
"ling_distance_nonzero_mean_2001","full_pretrend","1971_1981","urban_share","state",-0.00237929319551968,0.00671832757482559,0.760429819409592,-0.127709669158596,FALSE,182,18,206536561,"estimated","census_2001_ld"
"ling_distance_nonzero_mean_2001","full_pretrend","1971_1981","main_worker_share","none",0.000953803830431,0.00314629075279798,0.777102852779626,0.0532963633602688,FALSE,182,18,206536561,"estimated","census_2001_ld"
"ling_distance_nonzero_mean_2001","full_pretrend","1971_1981","main_worker_share","state",-0.00353344871396615,0.00268413754290736,0.331038567494831,-0.197440983739096,FALSE,182,18,206536561,"estimated","census_2001_ld"
"ling_distance_nonzero_mean_2001","full_pretrend","1971_1981","nonfarm_worker_share_main_workers","none",-0.00324781911098039,0.00535790033563023,0.57758077660384,-0.127075755393323,FALSE,182,18,206536561,"estimated","census_2001_ld"
"ling_distance_nonzero_mean_2001","full_pretrend","1971_1981","nonfarm_worker_share_main_workers","state",0.0105459502492855,0.00213246522866693,0.0476424752408601,0.412625995621973,FALSE,182,18,206536561,"estimated","census_2001_ld"
"ling_distance_nonzero_mean_2001","full_pretrend","1971_1981","literate_share_population","none",0.00137092515593955,0.00439652878826899,0.770977266122575,0.0783392045519089,FALSE,182,18,206536561,"estimated","census_2001_ld"
"ling_distance_nonzero_mean_2001","full_pretrend","1971_1981","literate_share_population","state",0.00294054048161609,0.00124994328201634,0.157082301168982,0.168032223556812,FALSE,182,18,206536561,"estimated","census_2001_ld"
"ling_distance_nonzero_mean_2001","full_pretrend","1971_1981","primary_plus_share_population","none",0.000723654982937623,0.00418551402726672,0.871250090543405,0.0267025528273223,FALSE,182,18,206536561,"estimated","census_2001_ld"
"ling_distance_nonzero_mean_2001","full_pretrend","1971_1981","primary_plus_share_population","state",0.00263545832005012,0.00330485055138692,0.51691063670233,0.0972472610216387,FALSE,182,18,206536561,"estimated","census_2001_ld"
"ling_distance_nonzero_mean_2001","full_pretrend","1971_1981","matriculate_plus_share_population","none",0.00044417464140579,0.00200652142961204,0.83580440676501,0.0411144998636347,FALSE,182,18,206536561,"estimated","census_2001_ld"
"ling_distance_nonzero_mean_2001","full_pretrend","1971_1981","matriculate_plus_share_population","state",0.00238443349009251,0.000881581028963078,0.127464384301334,0.22071226329576,FALSE,182,18,206536561,"estimated","census_2001_ld"
"ling_distance_nonzero_mean_2001","full_pretrend","1981_1991","log_population","none",-0.00990711885790488,0.00288918196184631,0.0271923523932044,-0.243288178501455,FALSE,182,18,206536561,"estimated","census_2001_ld"
"ling_distance_nonzero_mean_2001","full_pretrend","1981_1991","log_population","state",-0.00627960341070815,0.00295628337979185,0.18189609773032,-0.154207625588717,FALSE,182,18,206536561,"estimated","census_2001_ld"
"ling_distance_nonzero_mean_2001","full_pretrend","1981_1991","urban_share","none",0.00112087250314083,0.00208802687768316,0.620271015783117,0.0562990688261098,FALSE,182,18,206536561,"estimated","census_2001_ld"
"ling_distance_nonzero_mean_2001","full_pretrend","1981_1991","urban_share","state",0.000335731377009764,0.00180034480787166,0.870974894394019,0.0168630810804915,FALSE,182,18,206536561,"estimated","census_2001_ld"
"ling_distance_nonzero_mean_2001","full_pretrend","1981_1991","main_worker_share","none",0.00151633203617235,0.00125178008875271,0.293361725347555,0.131396783981048,FALSE,182,18,206536561,"estimated","census_2001_ld"
"ling_distance_nonzero_mean_2001","full_pretrend","1981_1991","main_worker_share","state",-0.00172007972037356,0.00461471271697476,0.74867892199483,-0.149052409404095,FALSE,182,18,206536561,"estimated","census_2001_ld"
"ling_distance_nonzero_mean_2001","full_pretrend","1981_1991","nonfarm_worker_share_main_workers","none",-0.00158456158988724,0.00243662777392705,0.5514574253828,-0.0900783081929376,FALSE,182,18,206536561,"estimated","census_2001_ld"
"ling_distance_nonzero_mean_2001","full_pretrend","1981_1991","nonfarm_worker_share_main_workers","state",-0.00331643342877523,0.00107904099834182,0.104471208435701,-0.188530830486579,FALSE,182,18,206536561,"estimated","census_2001_ld"
"ling_distance_nonzero_mean_2001","full_pretrend","1981_1991","literate_share_population","none",0.0020655663878095,0.0024007239927402,0.438769070077942,0.126323021104089,FALSE,182,18,206536561,"estimated","census_2001_ld"
"ling_distance_nonzero_mean_2001","full_pretrend","1981_1991","literate_share_population","state",0.00418129515435331,0.00139964284424116,0.109255496595757,0.255713802830583,FALSE,182,18,206536561,"estimated","census_2001_ld"
"ling_distance_nonzero_mean_2001","full_pretrend","1981_1991","primary_plus_share_population","none",-0.00778723653768614,0.00673789943717315,0.313827662882121,-0.300127139122288,FALSE,173,16,197438207,"estimated","census_2001_ld"
"ling_distance_nonzero_mean_2001","full_pretrend","1981_1991","primary_plus_share_population","state",0.000547101840254845,0.00284122809856114,0.866950170951086,0.0210857997351927,FALSE,173,16,197438207,"estimated","census_2001_ld"
"ling_distance_nonzero_mean_2001","full_pretrend","1981_1991","matriculate_plus_share_population","none",0.0028736646650512,0.00182949198033814,0.193351679030811,0.268873448039507,FALSE,173,16,197438207,"estimated","census_2001_ld"
"ling_distance_nonzero_mean_2001","full_pretrend","1981_1991","matriculate_plus_share_population","state",0.000386615708022588,0.00131711542828949,0.799670666698072,0.0361735660205909,FALSE,173,16,197438207,"estimated","census_2001_ld"
"ling_distance_nonzero_mean_2001","full_pretrend","1961_1981","log_population","none",-0.0162211578694281,0.00854673010749884,0.131622513435041,-0.237387354344675,FALSE,182,18,206536561,"estimated","census_2001_ld"
"ling_distance_nonzero_mean_2001","full_pretrend","1961_1981","log_population","state",-0.0187235155513499,0.00718623140097407,0.134926041846688,-0.274007925731571,FALSE,182,18,206536561,"estimated","census_2001_ld"
"ling_distance_nonzero_mean_2001","full_pretrend","1961_1981","urban_share","none",0.00291903519984129,0.0017054404316296,0.163213197937661,0.114176632245915,FALSE,182,18,206536561,"estimated","census_2001_ld"
"ling_distance_nonzero_mean_2001","full_pretrend","1961_1981","urban_share","state",0.00182355253228113,0.00782000331650361,0.83945661708564,0.0713273642163309,FALSE,182,18,206536561,"estimated","census_2001_ld"
"ling_distance_nonzero_mean_2001","full_pretrend","1961_1981","main_worker_share","none",0.000216771493362383,0.00194763185803767,0.916816457932798,0.0108860883991326,TRUE,182,18,206536561,"estimated","census_2001_ld"
"ling_distance_nonzero_mean_2001","full_pretrend","1961_1981","main_worker_share","state",-0.00965851404457097,0.00784274611452418,0.355141696549593,-0.485042733537349,TRUE,182,18,206536561,"estimated","census_2001_ld"
"ling_distance_nonzero_mean_2001","full_pretrend","1961_1981","nonfarm_worker_share_main_workers","none",-0.00474570165613345,0.00989054260862569,0.656768805961122,-0.104797339861373,TRUE,182,18,206536561,"estimated","census_2001_ld"
"ling_distance_nonzero_mean_2001","full_pretrend","1961_1981","nonfarm_worker_share_main_workers","state",0.0227912852437726,0.0146630028381586,0.273816991409014,0.503290395948558,TRUE,182,18,206536561,"estimated","census_2001_ld"
"ling_distance_nonzero_mean_2001","full_pretrend","1961_1981","literate_share_population","none",0.000359895983312128,0.0106880160176097,0.974774423227063,0.010176137866943,FALSE,182,18,206536561,"estimated","census_2001_ld"
"ling_distance_nonzero_mean_2001","full_pretrend","1961_1981","literate_share_population","state",0.00411933486770225,0.00247850636174108,0.252202655916702,0.116475096910121,FALSE,182,18,206536561,"estimated","census_2001_ld"
"ling_distance_nonzero_mean_2001","full_pretrend","1961_1981","primary_plus_share_population","none",0.017773506074025,0.0129998384045126,0.244354403423644,0.365045124464863,FALSE,182,18,206536561,"estimated","census_2001_ld"
"ling_distance_nonzero_mean_2001","full_pretrend","1961_1981","primary_plus_share_population","state",0.00174807532526567,0.00656220148973218,0.817364904435771,0.0359032355252715,FALSE,182,18,206536561,"estimated","census_2001_ld"
"ling_distance_nonzero_mean_2001","full_pretrend","1961_1981","matriculate_plus_share_population","none",0.0012184444498739,0.00321146108646398,0.723944735071628,0.0695481650451686,FALSE,182,18,206536561,"estimated","census_2001_ld"
"ling_distance_nonzero_mean_2001","full_pretrend","1961_1981","matriculate_plus_share_population","state",0.00181576623231647,0.00121936173152745,0.288124513432109,0.103642976601567,FALSE,182,18,206536561,"estimated","census_2001_ld"
"ling_distance_nonzero_mean_2001","full_pretrend","1961_1991","log_population","none",-0.0259258249158136,0.00814493006600367,0.0334576507096346,-0.275881047972436,FALSE,187,19,213986430,"estimated","census_2001_ld"
"ling_distance_nonzero_mean_2001","full_pretrend","1961_1991","log_population","state",-0.0245051718467465,0.00861881428319383,0.117180172291314,-0.260763640569887,FALSE,187,19,213986430,"estimated","census_2001_ld"
"ling_distance_nonzero_mean_2001","full_pretrend","1961_1991","urban_share","none",0.00393866623588258,0.00211074480821948,0.135486511838129,0.101185194549516,FALSE,187,19,213986430,"estimated","census_2001_ld"
"ling_distance_nonzero_mean_2001","full_pretrend","1961_1991","urban_share","state",0.00203385248409422,0.00745240175109469,0.812895809120587,0.0522501138616983,FALSE,187,19,213986430,"estimated","census_2001_ld"
"ling_distance_nonzero_mean_2001","full_pretrend","1961_1991","main_worker_share","none",0.00166090814287832,0.00291374858824113,0.599163587668872,0.0674212384446577,TRUE,187,19,213986430,"estimated","census_2001_ld"
"ling_distance_nonzero_mean_2001","full_pretrend","1961_1991","main_worker_share","state",-0.0114588149905959,0.00440431810326622,0.13435022262433,-0.465147636903833,TRUE,187,19,213986430,"estimated","census_2001_ld"
"ling_distance_nonzero_mean_2001","full_pretrend","1961_1991","nonfarm_worker_share_main_workers","none",-0.00623870839456996,0.0110385044551335,0.602159037108591,-0.118405732520172,TRUE,187,19,213986430,"estimated","census_2001_ld"
"ling_distance_nonzero_mean_2001","full_pretrend","1961_1991","nonfarm_worker_share_main_workers","state",0.0192697342160925,0.0152295818422045,0.344547837912821,0.365724257493962,TRUE,187,19,213986430,"estimated","census_2001_ld"
"ling_distance_nonzero_mean_2001","full_pretrend","1961_1991","literate_share_population","none",0.00234414593390185,0.0123076827454739,0.85822672553906,0.0528704485037487,FALSE,187,19,213986430,"estimated","census_2001_ld"
"ling_distance_nonzero_mean_2001","full_pretrend","1961_1991","literate_share_population","state",0.00812959399508106,0.00365365521986688,0.169394471767688,0.183356878280136,FALSE,187,19,213986430,"estimated","census_2001_ld"
"ling_distance_nonzero_mean_2001","full_pretrend","1961_1991","primary_plus_share_population","none",0.0101302411144266,0.0188353961116717,0.619582195649044,0.168483900764863,FALSE,178,17,204888076,"estimated","census_2001_ld"
"ling_distance_nonzero_mean_2001","full_pretrend","1961_1991","primary_plus_share_population","state",0.0018974913556438,0.00470909127576285,0.729815477777757,0.0315586511372559,FALSE,178,17,204888076,"estimated","census_2001_ld"
"ling_distance_nonzero_mean_2001","full_pretrend","1961_1991","matriculate_plus_share_population","none",0.00416883728500518,0.00487490054328142,0.441258459495149,0.164294063504022,FALSE,178,17,204888076,"estimated","census_2001_ld"
"ling_distance_nonzero_mean_2001","full_pretrend","1961_1991","matriculate_plus_share_population","state",0.0019837092566597,0.0022954310148608,0.48728775152983,0.0781780703601535,FALSE,178,17,204888076,"estimated","census_2001_ld"
"ling_distance_helms_lim_1991","full_pretrend","1961_1971","log_population","none",-0.0066216868609379,0.00631991587837968,0.346649099023447,-0.166616218452766,FALSE,192,19,220928031,"estimated","helms_lim_ld_1991"
"ling_distance_helms_lim_1991","full_pretrend","1961_1971","log_population","state",-0.00872758315027312,0.00555065081410519,0.235495158533817,-0.219605205028469,FALSE,192,19,220928031,"estimated","helms_lim_ld_1991"
"ling_distance_helms_lim_1991","full_pretrend","1961_1971","urban_share","none",0.00108693614340923,0.00118143792832506,0.403232931706951,0.0718760126243764,FALSE,192,19,220928031,"estimated","helms_lim_ld_1991"
"ling_distance_helms_lim_1991","full_pretrend","1961_1971","urban_share","state",0.000985867698213708,0.00143149024849413,0.55145795760183,0.0651926422287481,FALSE,192,19,220928031,"estimated","helms_lim_ld_1991"
"ling_distance_helms_lim_1991","full_pretrend","1961_1971","main_worker_share","none",-0.00199474609055355,0.00341124101139732,0.586204853602631,-0.087927161814442,TRUE,192,19,220928031,"estimated","helms_lim_ld_1991"
"ling_distance_helms_lim_1991","full_pretrend","1961_1971","main_worker_share","state",-0.00850393559376314,0.00591722578407679,0.267027414354206,-0.374848169676026,TRUE,192,19,220928031,"estimated","helms_lim_ld_1991"
"ling_distance_helms_lim_1991","full_pretrend","1961_1971","nonfarm_worker_share_main_workers","none",-0.00132125138175371,0.0092378385813949,0.892320353374765,-0.0316889267433451,TRUE,192,19,220928031,"estimated","helms_lim_ld_1991"
"ling_distance_helms_lim_1991","full_pretrend","1961_1971","nonfarm_worker_share_main_workers","state",0.0123029558151922,0.0110940213021222,0.365898663440063,0.295074405172438,TRUE,192,19,220928031,"estimated","helms_lim_ld_1991"
"ling_distance_helms_lim_1991","full_pretrend","1961_1971","literate_share_population","none",-0.0028447075093164,0.00672291005042929,0.691240384810728,-0.121723729629731,FALSE,192,19,220928031,"estimated","helms_lim_ld_1991"
"ling_distance_helms_lim_1991","full_pretrend","1961_1971","literate_share_population","state",0.000678478428958768,0.00134736114874379,0.656967846924265,0.0290317807984511,FALSE,192,19,220928031,"estimated","helms_lim_ld_1991"
"ling_distance_helms_lim_1991","full_pretrend","1961_1971","primary_plus_share_population","none",0.0156699671140768,0.0129077598157824,0.283367257034189,0.334276877981504,FALSE,192,19,220928031,"estimated","helms_lim_ld_1991"
"ling_distance_helms_lim_1991","full_pretrend","1961_1971","primary_plus_share_population","state",0.000906850017462219,0.00484672359185032,0.866202884247703,0.0193452220051199,FALSE,192,19,220928031,"estimated","helms_lim_ld_1991"
"ling_distance_helms_lim_1991","full_pretrend","1961_1971","matriculate_plus_share_population","none",0.000578370037446139,0.00170400673825846,0.7492351437737,0.0585210562849211,FALSE,192,19,220928031,"estimated","helms_lim_ld_1991"
"ling_distance_helms_lim_1991","full_pretrend","1961_1971","matriculate_plus_share_population","state",5.83821546267966e-05,0.000620177987866501,0.93227062698121,0.0059072654801346,FALSE,192,19,220928031,"estimated","helms_lim_ld_1991"
"ling_distance_helms_lim_1991","full_pretrend","1971_1981","log_population","none",-0.00608946329274351,0.00459438706634745,0.247323419588357,-0.146103440023466,FALSE,187,18,213478162,"estimated","helms_lim_ld_1991"
"ling_distance_helms_lim_1991","full_pretrend","1971_1981","log_population","state",-0.00287661345341379,0.00381379392426402,0.51779116740311,-0.069018089272722,FALSE,187,18,213478162,"estimated","helms_lim_ld_1991"
"ling_distance_helms_lim_1991","full_pretrend","1971_1981","urban_share","none",0.00108717364549793,0.00224515662073799,0.65049208402894,0.0571961386436204,FALSE,187,18,213478162,"estimated","helms_lim_ld_1991"
"ling_distance_helms_lim_1991","full_pretrend","1971_1981","urban_share","state",-0.00333593499620027,0.00540891167646623,0.5909131416071,-0.175503335036591,FALSE,187,18,213478162,"estimated","helms_lim_ld_1991"
"ling_distance_helms_lim_1991","full_pretrend","1971_1981","main_worker_share","none",0.000342127476345282,0.00370962047520831,0.930415958772246,0.0184654133833111,FALSE,187,18,213478162,"estimated","helms_lim_ld_1991"
"ling_distance_helms_lim_1991","full_pretrend","1971_1981","main_worker_share","state",-0.0034913468165869,0.0020226094795447,0.205234331996693,-0.188436085056556,FALSE,187,18,213478162,"estimated","helms_lim_ld_1991"
"ling_distance_helms_lim_1991","full_pretrend","1971_1981","nonfarm_worker_share_main_workers","none",-0.00324620817427215,0.00529650172922284,0.5691022655902,-0.125125233087106,FALSE,187,18,213478162,"estimated","helms_lim_ld_1991"
"ling_distance_helms_lim_1991","full_pretrend","1971_1981","nonfarm_worker_share_main_workers","state",0.00605532656038313,0.00330441697008859,0.18688300932018,0.233402821572392,FALSE,187,18,213478162,"estimated","helms_lim_ld_1991"
"ling_distance_helms_lim_1991","full_pretrend","1971_1981","literate_share_population","none",-5.61091781010341e-06,0.00406981569487212,0.998958019942028,-0.000313715924297396,FALSE,187,18,213478162,"estimated","helms_lim_ld_1991"
"ling_distance_helms_lim_1991","full_pretrend","1971_1981","literate_share_population","state",-0.000394511419963285,0.00187906035783702,0.850231113009947,-0.0220578021187195,FALSE,187,18,213478162,"estimated","helms_lim_ld_1991"
"ling_distance_helms_lim_1991","full_pretrend","1971_1981","primary_plus_share_population","none",0.000191500935895717,0.00439784660579642,0.967102412294608,0.00697280517945277,FALSE,187,18,213478162,"estimated","helms_lim_ld_1991"
"ling_distance_helms_lim_1991","full_pretrend","1971_1981","primary_plus_share_population","state",0.000348334496396145,0.00194701089279866,0.872018059374048,0.0126833248584006,FALSE,187,18,213478162,"estimated","helms_lim_ld_1991"
"ling_distance_helms_lim_1991","full_pretrend","1971_1981","matriculate_plus_share_population","none",-0.000245200149660203,0.00217196575588381,0.914896733052003,-0.0223494664026256,FALSE,187,18,213478162,"estimated","helms_lim_ld_1991"
"ling_distance_helms_lim_1991","full_pretrend","1971_1981","matriculate_plus_share_population","state",0.00125521425288286,0.00101381150343501,0.323105595870901,0.114410080139748,FALSE,187,18,213478162,"estimated","helms_lim_ld_1991"
"ling_distance_helms_lim_1991","full_pretrend","1981_1991","log_population","none",-0.0100684001447264,0.00292048820343013,0.0210592382587717,-0.233043225217707,FALSE,187,18,213478162,"estimated","helms_lim_ld_1991"
"ling_distance_helms_lim_1991","full_pretrend","1981_1991","log_population","state",-0.00432572501510565,0.00259033366607433,0.215828972057125,-0.100123246437831,FALSE,187,18,213478162,"estimated","helms_lim_ld_1991"
"ling_distance_helms_lim_1991","full_pretrend","1981_1991","urban_share","none",0.000177324531872353,0.00222291420378078,0.93978761480217,0.00875464514273478,FALSE,187,18,213478162,"estimated","helms_lim_ld_1991"
"ling_distance_helms_lim_1991","full_pretrend","1981_1991","urban_share","state",-0.00054149013969426,0.00141790873972748,0.733790191510303,-0.0267337743472833,FALSE,187,18,213478162,"estimated","helms_lim_ld_1991"
"ling_distance_helms_lim_1991","full_pretrend","1981_1991","main_worker_share","none",0.000864443234791499,0.00136873057913262,0.55785151350738,0.0727418879185164,FALSE,187,18,213478162,"estimated","helms_lim_ld_1991"
"ling_distance_helms_lim_1991","full_pretrend","1981_1991","main_worker_share","state",-0.00230995219288844,0.00384975397197645,0.600357083137678,-0.194379777352009,FALSE,187,18,213478162,"estimated","helms_lim_ld_1991"
"ling_distance_helms_lim_1991","full_pretrend","1981_1991","nonfarm_worker_share_main_workers","none",-0.00287539669418082,0.00205542033788454,0.225807127510782,-0.16030134784252,FALSE,187,18,213478162,"estimated","helms_lim_ld_1991"
"ling_distance_helms_lim_1991","full_pretrend","1981_1991","nonfarm_worker_share_main_workers","state",-0.0030180051980284,0.00116602285504815,0.101970657174474,-0.168251671854104,FALSE,187,18,213478162,"estimated","helms_lim_ld_1991"
"ling_distance_helms_lim_1991","full_pretrend","1981_1991","literate_share_population","none",0.00177438885647248,0.00251833032165727,0.515277330832091,0.107037365614609,FALSE,187,18,213478162,"estimated","helms_lim_ld_1991"
"ling_distance_helms_lim_1991","full_pretrend","1981_1991","literate_share_population","state",0.00457077617365988,0.00123175219521458,0.0492942764315529,0.275725266565977,FALSE,187,18,213478162,"estimated","helms_lim_ld_1991"
"ling_distance_helms_lim_1991","full_pretrend","1981_1991","primary_plus_share_population","none",-0.00848413855354628,0.00649492068612289,0.253902294167304,-0.322420663115744,FALSE,178,16,204379808,"estimated","helms_lim_ld_1991"
"ling_distance_helms_lim_1991","full_pretrend","1981_1991","primary_plus_share_population","state",0.000875818058345133,0.00215136597417402,0.717720824556277,0.0332835016022161,FALSE,178,16,204379808,"estimated","helms_lim_ld_1991"
"ling_distance_helms_lim_1991","full_pretrend","1981_1991","matriculate_plus_share_population","none",0.00235297861901458,0.00193426623835705,0.2834188071117,0.216689098823218,FALSE,178,16,204379808,"estimated","helms_lim_ld_1991"
"ling_distance_helms_lim_1991","full_pretrend","1981_1991","matriculate_plus_share_population","state",0.000480710757758457,0.00124060838321237,0.730395847863532,0.0442693274182534,FALSE,178,16,204379808,"estimated","helms_lim_ld_1991"
"ling_distance_helms_lim_1991","full_pretrend","1961_1981","log_population","none",-0.0127168202280401,0.00801657038201834,0.178860799369034,-0.182422167536752,FALSE,187,18,213478162,"estimated","helms_lim_ld_1991"
"ling_distance_helms_lim_1991","full_pretrend","1961_1981","log_population","state",-0.0116871574756898,0.00745717711575696,0.236955384057354,-0.167651705444236,FALSE,187,18,213478162,"estimated","helms_lim_ld_1991"
"ling_distance_helms_lim_1991","full_pretrend","1961_1981","urban_share","none",0.00217887052657918,0.00197560304023547,0.324653465211822,0.0833436674044653,FALSE,187,18,213478162,"estimated","helms_lim_ld_1991"
"ling_distance_helms_lim_1991","full_pretrend","1961_1981","urban_share","state",-0.00232597266532525,0.00616276153671411,0.736707562958782,-0.0889704504448446,FALSE,187,18,213478162,"estimated","helms_lim_ld_1991"
"ling_distance_helms_lim_1991","full_pretrend","1961_1981","main_worker_share","none",-0.0016664629476618,0.002229788864618,0.491421911960865,-0.0785168391311061,TRUE,187,18,213478162,"estimated","helms_lim_ld_1991"
"ling_distance_helms_lim_1991","full_pretrend","1961_1981","main_worker_share","state",-0.0120519825254622,0.00707505029772065,0.20943681800998,-0.567839551722609,TRUE,187,18,213478162,"estimated","helms_lim_ld_1991"
"ling_distance_helms_lim_1991","full_pretrend","1961_1981","nonfarm_worker_share_main_workers","none",-0.00451475203263924,0.0102902001779089,0.680774397477866,-0.0977623004369079,TRUE,187,18,213478162,"estimated","helms_lim_ld_1991"
"ling_distance_helms_lim_1991","full_pretrend","1961_1981","nonfarm_worker_share_main_workers","state",0.0186363543206215,0.0131167168868019,0.271500077730776,0.403551038234142,TRUE,187,18,213478162,"estimated","helms_lim_ld_1991"
"ling_distance_helms_lim_1991","full_pretrend","1961_1981","literate_share_population","none",-0.00284555011844809,0.0106803936615487,0.801489522447077,-0.0786011734615086,FALSE,187,18,213478162,"estimated","helms_lim_ld_1991"
"ling_distance_helms_lim_1991","full_pretrend","1961_1981","literate_share_population","state",0.00034415123859178,0.00316125408837786,0.921754711757171,0.00950631339303155,FALSE,187,18,213478162,"estimated","helms_lim_ld_1991"
"ling_distance_helms_lim_1991","full_pretrend","1961_1981","primary_plus_share_population","none",0.0159093296892914,0.0128822202541089,0.276443326171678,0.322374899488693,FALSE,187,18,213478162,"estimated","helms_lim_ld_1991"
"ling_distance_helms_lim_1991","full_pretrend","1961_1981","primary_plus_share_population","state",0.00148461380458654,0.00349188988297896,0.705901292322024,0.0300831169747686,FALSE,187,18,213478162,"estimated","helms_lim_ld_1991"
"ling_distance_helms_lim_1991","full_pretrend","1961_1981","matriculate_plus_share_population","none",0.00033350055454236,0.00316143148254102,0.920451252815613,0.0187897583447562,FALSE,187,18,213478162,"estimated","helms_lim_ld_1991"
"ling_distance_helms_lim_1991","full_pretrend","1961_1981","matriculate_plus_share_population","state",0.00131958902618797,0.00111172925018404,0.339466023003035,0.0743469795739571,FALSE,187,18,213478162,"estimated","helms_lim_ld_1991"
"ling_distance_helms_lim_1991","full_pretrend","1961_1991","log_population","none",-0.0227355252689358,0.00731053057404002,0.0296958390626777,-0.234230895070232,FALSE,192,19,220928031,"estimated","helms_lim_ld_1991"
"ling_distance_helms_lim_1991","full_pretrend","1961_1991","log_population","state",-0.0157175188611803,0.00914274812760105,0.206165680264608,-0.161928456351422,FALSE,192,19,220928031,"estimated","helms_lim_ld_1991"
"ling_distance_helms_lim_1991","full_pretrend","1961_1991","urban_share","none",0.00234695985459542,0.00267728064947552,0.424095446252746,0.058950267370168,FALSE,192,19,220928031,"estimated","helms_lim_ld_1991"
"ling_distance_helms_lim_1991","full_pretrend","1961_1991","urban_share","state",-0.00293443155765938,0.00586561510763456,0.658966233957298,-0.0737062138343646,FALSE,192,19,220928031,"estimated","helms_lim_ld_1991"
"ling_distance_helms_lim_1991","full_pretrend","1961_1991","main_worker_share","none",-0.000810015246794394,0.00339272457471795,0.821565429440623,-0.0316461934413857,TRUE,192,19,220928031,"estimated","helms_lim_ld_1991"
"ling_distance_helms_lim_1991","full_pretrend","1961_1991","main_worker_share","state",-0.0144071615493767,0.00357745901764449,0.0411398556986929,-0.562868196786671,TRUE,192,19,220928031,"estimated","helms_lim_ld_1991"
"ling_distance_helms_lim_1991","full_pretrend","1961_1991","nonfarm_worker_share_main_workers","none",-0.00742026513742857,0.0114507698880252,0.547914151367047,-0.138354731631515,TRUE,192,19,220928031,"estimated","helms_lim_ld_1991"
"ling_distance_helms_lim_1991","full_pretrend","1961_1991","nonfarm_worker_share_main_workers","state",0.0154584584516557,0.0130763283128029,0.340748069972979,0.288231057907577,TRUE,192,19,220928031,"estimated","helms_lim_ld_1991"
"ling_distance_helms_lim_1991","full_pretrend","1961_1991","literate_share_population","none",-0.00108013816745128,0.0124769021917744,0.934652559958841,-0.0238627262234073,FALSE,192,19,220928031,"estimated","helms_lim_ld_1991"
"ling_distance_helms_lim_1991","full_pretrend","1961_1991","literate_share_population","state",0.00484484506362846,0.00432245861484281,0.361683863338353,0.107033724788183,FALSE,192,19,220928031,"estimated","helms_lim_ld_1991"
"ling_distance_helms_lim_1991","full_pretrend","1961_1991","primary_plus_share_population","none",0.00742550211000785,0.0183634613804107,0.704247388499523,0.121608706072253,FALSE,183,17,211829677,"estimated","helms_lim_ld_1991"
"ling_distance_helms_lim_1991","full_pretrend","1961_1991","primary_plus_share_population","state",0.00201398902993201,0.00286307202009882,0.544150389498499,0.0329834395499867,FALSE,183,17,211829677,"estimated","helms_lim_ld_1991"
"ling_distance_helms_lim_1991","full_pretrend","1961_1991","matriculate_plus_share_population","none",0.00268938110206699,0.00487615991487875,0.607250542842954,0.104390552019815,FALSE,183,17,211829677,"estimated","helms_lim_ld_1991"
"ling_distance_helms_lim_1991","full_pretrend","1961_1991","matriculate_plus_share_population","state",0.00161355421446922,0.00226198392100877,0.538988293028369,0.0626314414988945,FALSE,183,17,211829677,"estimated","helms_lim_ld_1991"
"emie_exposure","historical_ld_support","1961_1971","log_population","none",-0.000651852372595879,0.000860898515627828,0.497110540968223,-0.183680445943419,FALSE,66,15,79903872,"estimated","eventual_emie"
"emie_exposure","historical_ld_support","1961_1971","log_population","state",-0.000654085989983607,0.00137597506153336,0.664092205491143,-0.18430983973731,FALSE,66,15,79903872,"estimated","eventual_emie"
"emie_exposure","historical_ld_support","1961_1971","urban_share","none",0.000519483620056718,0.000199972547366995,0.0694923219541214,0.263963304713081,FALSE,66,15,79903872,"estimated","eventual_emie"
"emie_exposure","historical_ld_support","1961_1971","urban_share","state",0.000222022664724201,0.000756586352408077,0.786588433674421,0.112815561528977,FALSE,66,15,79903872,"estimated","eventual_emie"
"emie_exposure","historical_ld_support","1961_1971","main_worker_share","none",0.000347755348773227,0.000703397079971652,0.650684735605166,0.155342122307907,TRUE,66,15,79903872,"estimated","eventual_emie"
"emie_exposure","historical_ld_support","1961_1971","main_worker_share","state",-9.94964463386424e-06,0.000264074605679354,0.972099197168011,-0.00444450076493817,TRUE,66,15,79903872,"estimated","eventual_emie"
"emie_exposure","historical_ld_support","1961_1971","nonfarm_worker_share_main_workers","none",-0.000529019383055081,0.00186832370817844,0.793143273178952,-0.108818114005709,TRUE,66,15,79903872,"estimated","eventual_emie"
"emie_exposure","historical_ld_support","1961_1971","nonfarm_worker_share_main_workers","state",0.00101119483926824,0.000833737545276816,0.304414610673386,0.208000536135402,TRUE,66,15,79903872,"estimated","eventual_emie"
"emie_exposure","historical_ld_support","1961_1971","literate_share_population","none",0.001358068505137,0.000700333916592212,0.135338880541009,0.525590820279431,FALSE,66,15,79903872,"estimated","eventual_emie"
"emie_exposure","historical_ld_support","1961_1971","literate_share_population","state",0.000235843205876805,0.000526525383501621,0.681860419924605,0.0912745001929161,FALSE,66,15,79903872,"estimated","eventual_emie"
"emie_exposure","historical_ld_support","1961_1971","primary_plus_share_population","none",0.00356241830574376,0.000965726723037523,0.0269881456697797,0.616486394390588,FALSE,66,15,79903872,"estimated","eventual_emie"
"emie_exposure","historical_ld_support","1961_1971","primary_plus_share_population","state",0.00211656609146494,0.000771946913411816,0.0636842090771939,0.366277647999054,FALSE,66,15,79903872,"estimated","eventual_emie"
"emie_exposure","historical_ld_support","1961_1971","matriculate_plus_share_population","none",0.00035228428658558,0.000116570803143313,0.0470169685597411,0.532710388159244,FALSE,66,15,79903872,"estimated","eventual_emie"
"emie_exposure","historical_ld_support","1961_1971","matriculate_plus_share_population","state",0.000660667646481016,0.000139863181111592,0.0142792417495089,0.999035528414517,FALSE,66,15,79903872,"estimated","eventual_emie"
"emie_exposure","historical_ld_support","1971_1981","log_population","none",-0.00081823664204375,0.0012010448176619,0.538452431783041,-0.210349949439705,FALSE,66,15,79903872,"estimated","eventual_emie"
"emie_exposure","historical_ld_support","1971_1981","log_population","state",0.00047186362269886,0.00186381763290994,0.815025208667086,0.121305358470898,FALSE,66,15,79903872,"estimated","eventual_emie"
"emie_exposure","historical_ld_support","1971_1981","urban_share","none",0.000277138902323738,0.000422481063952619,0.552785778436707,0.14915766022439,FALSE,66,15,79903872,"estimated","eventual_emie"
"emie_exposure","historical_ld_support","1971_1981","urban_share","state",0.00010738509086719,0.00100463063912442,0.921017122851281,0.0577952382809943,FALSE,66,15,79903872,"estimated","eventual_emie"
"emie_exposure","historical_ld_support","1971_1981","main_worker_share","none",-0.000206223113089209,0.000514377851480956,0.71193364894512,-0.132682777777919,FALSE,66,15,79903872,"estimated","eventual_emie"
"emie_exposure","historical_ld_support","1971_1981","main_worker_share","state",-4.69958131686001e-05,0.000350532791161792,0.901073605582274,-0.0302368388379655,FALSE,66,15,79903872,"estimated","eventual_emie"
"emie_exposure","historical_ld_support","1971_1981","nonfarm_worker_share_main_workers","none",0.000799381040600654,0.00116089271955669,0.534355164065868,0.244410763696548,FALSE,66,15,79903872,"estimated","eventual_emie"
"emie_exposure","historical_ld_support","1971_1981","nonfarm_worker_share_main_workers","state",0.000338647373716361,0.00133140187685245,0.814184175859423,0.103541438975903,FALSE,66,15,79903872,"estimated","eventual_emie"
"emie_exposure","historical_ld_support","1971_1981","literate_share_population","none",0.00115051306085995,0.000494719585515739,0.0907412724998191,0.581150970053253,FALSE,66,15,79903872,"estimated","eventual_emie"
"emie_exposure","historical_ld_support","1971_1981","literate_share_population","state",0.0009261870499814,0.00026372403930773,0.0333422382041665,0.46783867203136,FALSE,66,15,79903872,"estimated","eventual_emie"
"emie_exposure","historical_ld_support","1971_1981","primary_plus_share_population","none",0.00118052033302637,0.000725075799399482,0.189631248219799,0.39317555482214,FALSE,66,15,79903872,"estimated","eventual_emie"
"emie_exposure","historical_ld_support","1971_1981","primary_plus_share_population","state",0.000809492953467686,0.000550772211990712,0.229520499181216,0.269603862127769,FALSE,66,15,79903872,"estimated","eventual_emie"
"emie_exposure","historical_ld_support","1971_1981","matriculate_plus_share_population","none",0.000847241869944464,0.0002071939748246,0.0199526566354923,0.603940386430462,FALSE,66,15,79903872,"estimated","eventual_emie"
"emie_exposure","historical_ld_support","1971_1981","matriculate_plus_share_population","state",0.00103557611794866,0.000272520150175581,0.0267910784845537,0.738190902785612,FALSE,66,15,79903872,"estimated","eventual_emie"
"emie_exposure","historical_ld_support","1981_1991","log_population","none",-0.000959837907984038,0.00151898645042161,0.566691789961291,-0.170257406811993,FALSE,66,15,79903872,"estimated","eventual_emie"
"emie_exposure","historical_ld_support","1981_1991","log_population","state",-2.65401113502432e-05,0.00245199948771293,0.991982466411125,-0.00470772252002896,FALSE,66,15,79903872,"estimated","eventual_emie"
"emie_exposure","historical_ld_support","1981_1991","urban_share","none",0.0014347281415895,0.000531183683098627,0.0630133608073368,0.502699355654879,FALSE,66,15,79903872,"estimated","eventual_emie"
"emie_exposure","historical_ld_support","1981_1991","urban_share","state",0.00190907414937782,0.00130632896752114,0.231622788936231,0.668900481540985,FALSE,66,15,79903872,"estimated","eventual_emie"
"emie_exposure","historical_ld_support","1981_1991","main_worker_share","none",0.000367067107004768,0.000170796046191499,0.108592365033442,0.309253118241202,FALSE,66,15,79903872,"estimated","eventual_emie"
"emie_exposure","historical_ld_support","1981_1991","main_worker_share","state",2.72420599251066e-05,0.000155400622057113,0.871003614258585,0.0229513672524285,FALSE,66,15,79903872,"estimated","eventual_emie"
"emie_exposure","historical_ld_support","1981_1991","nonfarm_worker_share_main_workers","none",0.000164846128784915,0.000480497496042181,0.751312453409664,0.0715689281206015,FALSE,66,15,79903872,"estimated","eventual_emie"
"emie_exposure","historical_ld_support","1981_1991","nonfarm_worker_share_main_workers","state",0.00138241302901622,0.00061648589108008,0.10217474361488,0.600182845881295,FALSE,66,15,79903872,"estimated","eventual_emie"
"emie_exposure","historical_ld_support","1981_1991","literate_share_population","none",-3.39202899758885e-05,0.000233438027987035,0.892514093792526,-0.0199617412370108,FALSE,66,15,79903872,"estimated","eventual_emie"
"emie_exposure","historical_ld_support","1981_1991","literate_share_population","state",7.21779530318524e-05,0.000429090455281547,0.876156527509699,0.0424759818522516,FALSE,66,15,79903872,"estimated","eventual_emie"
"emie_exposure","historical_ld_support","1981_1991","primary_plus_share_population","none",0.000520168511643367,0.00109668321945322,0.66361031423407,0.157089883969934,FALSE,59,13,72589117,"estimated","eventual_emie"
"emie_exposure","historical_ld_support","1981_1991","primary_plus_share_population","state",0.00031959045751844,0.000672540563628613,0.664466850120357,0.0965156997505658,FALSE,59,13,72589117,"estimated","eventual_emie"
"emie_exposure","historical_ld_support","1981_1991","matriculate_plus_share_population","none",0.00120304846583398,0.000250754530336886,0.0123163064143943,0.852955888467446,FALSE,59,13,72589117,"estimated","eventual_emie"
"emie_exposure","historical_ld_support","1981_1991","matriculate_plus_share_population","state",0.000794263745760388,0.000109790902742648,0.00398750150613376,0.563129381884789,FALSE,59,13,72589117,"estimated","eventual_emie"
"emie_exposure","historical_ld_support","1961_1981","log_population","none",-0.00147008901463963,0.00154896823718825,0.403926311329699,-0.234179561389479,FALSE,66,15,79903872,"estimated","eventual_emie"
"emie_exposure","historical_ld_support","1961_1981","log_population","state",-0.000182222367284745,0.00316330264662357,0.957359920873629,-0.0290273266592328,FALSE,66,15,79903872,"estimated","eventual_emie"
"emie_exposure","historical_ld_support","1961_1981","urban_share","none",0.000796622522380456,0.000571713332505759,0.246149612534959,0.278682968701315,FALSE,66,15,79903872,"estimated","eventual_emie"
"emie_exposure","historical_ld_support","1961_1981","urban_share","state",0.000329407755591391,0.00165152387086346,0.853513651712567,0.115236926728018,FALSE,66,15,79903872,"estimated","eventual_emie"
"emie_exposure","historical_ld_support","1961_1981","main_worker_share","none",0.000141532235684019,0.000301279491406638,0.666513014226971,0.0817073442497047,TRUE,66,15,79903872,"estimated","eventual_emie"
"emie_exposure","historical_ld_support","1961_1981","main_worker_share","state",-5.69454578024625e-05,0.000197311848069029,0.789988511514305,-0.0328749284686684,TRUE,66,15,79903872,"estimated","eventual_emie"
"emie_exposure","historical_ld_support","1961_1981","nonfarm_worker_share_main_workers","none",0.000270361657545573,0.00138658480986916,0.856285138363462,0.0491702115632427,TRUE,66,15,79903872,"estimated","eventual_emie"
"emie_exposure","historical_ld_support","1961_1981","nonfarm_worker_share_main_workers","state",0.00134984221298461,0.00211909990245282,0.565385600410567,0.245493491170288,TRUE,66,15,79903872,"estimated","eventual_emie"
"emie_exposure","historical_ld_support","1961_1981","literate_share_population","none",0.00250858156599695,0.00118359792069483,0.111981151224196,0.583918861003727,FALSE,66,15,79903872,"estimated","eventual_emie"
"emie_exposure","historical_ld_support","1961_1981","literate_share_population","state",0.00116203025585821,0.000680672739357547,0.177495512782291,0.270484082578728,FALSE,66,15,79903872,"estimated","eventual_emie"
"emie_exposure","historical_ld_support","1961_1981","primary_plus_share_population","none",0.00474293863877013,0.00143351975658493,0.0367270288290289,0.766253949806756,FALSE,66,15,79903872,"estimated","eventual_emie"
"emie_exposure","historical_ld_support","1961_1981","primary_plus_share_population","state",0.00292605904493263,0.000707911471593179,0.0210938089104334,0.472724711683978,FALSE,66,15,79903872,"estimated","eventual_emie"
"emie_exposure","historical_ld_support","1961_1981","matriculate_plus_share_population","none",0.00119952615653004,0.000305120862248724,0.0224176674122361,0.627713465713766,FALSE,66,15,79903872,"estimated","eventual_emie"
"emie_exposure","historical_ld_support","1961_1981","matriculate_plus_share_population","state",0.00169624376442968,0.000303513313288151,0.00860127146092342,0.887646381255757,FALSE,66,15,79903872,"estimated","eventual_emie"
"emie_exposure","historical_ld_support","1961_1991","log_population","none",-0.00242992692262367,0.00293292173366122,0.46058152497002,-0.229289569703692,FALSE,66,15,79903872,"estimated","eventual_emie"
"emie_exposure","historical_ld_support","1961_1991","log_population","state",-0.000208762478635003,0.00557136269757734,0.972252219783647,-0.0196989705537368,FALSE,66,15,79903872,"estimated","eventual_emie"
"emie_exposure","historical_ld_support","1961_1991","urban_share","none",0.00223135066396996,0.000932124245960238,0.0847692434115031,0.454252910487671,FALSE,66,15,79903872,"estimated","eventual_emie"
"emie_exposure","historical_ld_support","1961_1991","urban_share","state",0.00223848190496922,0.00274650915312695,0.469476824926259,0.455704671087925,FALSE,66,15,79903872,"estimated","eventual_emie"
"emie_exposure","historical_ld_support","1961_1991","main_worker_share","none",0.000508599342688786,0.000404096024916465,0.286244349924549,0.212913385866712,TRUE,66,15,79903872,"estimated","eventual_emie"
"emie_exposure","historical_ld_support","1961_1991","main_worker_share","state",-2.97033978773579e-05,0.000227327859860886,0.903568359763465,-0.0124346425230915,TRUE,66,15,79903872,"estimated","eventual_emie"
"emie_exposure","historical_ld_support","1961_1991","nonfarm_worker_share_main_workers","none",0.000435207786330489,0.00166439472145398,0.808502254643963,0.0680966173320458,TRUE,66,15,79903872,"estimated","eventual_emie"
"emie_exposure","historical_ld_support","1961_1991","nonfarm_worker_share_main_workers","state",0.00273225524200083,0.00268220006141543,0.376794335500583,0.427513811820265,TRUE,66,15,79903872,"estimated","eventual_emie"
"emie_exposure","historical_ld_support","1961_1991","literate_share_population","none",0.00247466127602106,0.00116367887615997,0.111156661389883,0.491153806587678,FALSE,66,15,79903872,"estimated","eventual_emie"
"emie_exposure","historical_ld_support","1961_1991","literate_share_population","state",0.00123420820889006,0.00104179890159053,0.314005267228484,0.244957184965849,FALSE,66,15,79903872,"estimated","eventual_emie"
"emie_exposure","historical_ld_support","1961_1991","primary_plus_share_population","none",0.00553463380484606,0.00236989558936698,0.089947117852093,0.717857369463359,FALSE,59,13,72589117,"estimated","eventual_emie"
"emie_exposure","historical_ld_support","1961_1991","primary_plus_share_population","state",0.00321595240640648,0.000926979493611994,0.0350085720320835,0.417117955077883,FALSE,59,13,72589117,"estimated","eventual_emie"
"emie_exposure","historical_ld_support","1961_1991","matriculate_plus_share_population","none",0.00238492256911377,0.000484081887542046,0.011344247075406,0.773740007884411,FALSE,59,13,72589117,"estimated","eventual_emie"
"emie_exposure","historical_ld_support","1961_1991","matriculate_plus_share_population","state",0.00248022702947313,0.000394879274944295,0.00618390162046184,0.804659617126599,FALSE,59,13,72589117,"estimated","eventual_emie"
"ling_distance_nonzero_mean_2001","historical_ld_support","1961_1971","log_population","none",-0.00830092241950889,0.00850539265260016,0.393042776127747,-0.285809810527232,FALSE,66,15,79903872,"estimated","census_2001_ld"
"ling_distance_nonzero_mean_2001","historical_ld_support","1961_1971","log_population","state",-0.00893449265241562,0.00858209499732842,0.415178928884403,-0.307624324513917,FALSE,66,15,79903872,"estimated","census_2001_ld"
"ling_distance_nonzero_mean_2001","historical_ld_support","1961_1971","urban_share","none",0.00220454159033697,0.00200812398241181,0.343596480567977,0.136875934641619,FALSE,66,15,79903872,"estimated","census_2001_ld"
"ling_distance_nonzero_mean_2001","historical_ld_support","1961_1971","urban_share","state",0.00562544087852591,0.00883723158143998,0.594445257139989,0.349273282660869,FALSE,66,15,79903872,"estimated","census_2001_ld"
"ling_distance_nonzero_mean_2001","historical_ld_support","1961_1971","main_worker_share","none",-0.00280858630676494,0.00409279708471209,0.536290287394551,-0.153299342580677,TRUE,66,15,79903872,"estimated","census_2001_ld"
"ling_distance_nonzero_mean_2001","historical_ld_support","1961_1971","main_worker_share","state",0.00173419895674701,0.00311223701325171,0.637649254846604,0.0946567172719833,TRUE,66,15,79903872,"estimated","census_2001_ld"
"ling_distance_nonzero_mean_2001","historical_ld_support","1961_1971","nonfarm_worker_share_main_workers","none",-0.0029753076432032,0.0104984041991323,0.793195943522243,-0.0747822607776413,TRUE,66,15,79903872,"estimated","census_2001_ld"
"ling_distance_nonzero_mean_2001","historical_ld_support","1961_1971","nonfarm_worker_share_main_workers","state",0.0334862830835866,0.0336103407071355,0.431784216261482,0.841654126003154,TRUE,66,15,79903872,"estimated","census_2001_ld"
"ling_distance_nonzero_mean_2001","historical_ld_support","1961_1971","literate_share_population","none",0.00160367816338738,0.00848982726708582,0.860856402062074,0.0758368720678998,FALSE,66,15,79903872,"estimated","census_2001_ld"
"ling_distance_nonzero_mean_2001","historical_ld_support","1961_1971","literate_share_population","state",-0.000116266909957937,0.00308683960669177,0.973636978769863,-0.00549818472154394,FALSE,66,15,79903872,"estimated","census_2001_ld"
"ling_distance_nonzero_mean_2001","historical_ld_support","1961_1971","primary_plus_share_population","none",0.0220471563242355,0.0132158088855821,0.182680569483235,0.466195703343532,FALSE,66,15,79903872,"estimated","census_2001_ld"
"ling_distance_nonzero_mean_2001","historical_ld_support","1961_1971","primary_plus_share_population","state",0.0133229402916745,0.00808734277191923,0.251830378074354,0.281718759033494,FALSE,66,15,79903872,"estimated","census_2001_ld"
"ling_distance_nonzero_mean_2001","historical_ld_support","1961_1971","matriculate_plus_share_population","none",0.000172317149288646,0.00132327273242512,0.903692477845668,0.0318392990110307,FALSE,66,15,79903872,"estimated","census_2001_ld"
"ling_distance_nonzero_mean_2001","historical_ld_support","1961_1971","matriculate_plus_share_population","state",0.00107944918916081,0.00591624421914542,0.873327935065158,0.199451451250131,FALSE,66,15,79903872,"estimated","census_2001_ld"
"ling_distance_nonzero_mean_2001","historical_ld_support","1971_1981","log_population","none",-0.0155298940775007,0.0044358013824717,0.0321132989587406,-0.487830650989709,FALSE,66,15,79903872,"estimated","census_2001_ld"
"ling_distance_nonzero_mean_2001","historical_ld_support","1971_1981","log_population","state",-0.0204785207804639,0.00706911109060277,0.11154773861643,-0.643278703240692,FALSE,66,15,79903872,"estimated","census_2001_ld"
"ling_distance_nonzero_mean_2001","historical_ld_support","1971_1981","urban_share","none",8.16108774749118e-05,0.00289876175677463,0.979105855237245,0.00536702007306588,FALSE,66,15,79903872,"estimated","census_2001_ld"
"ling_distance_nonzero_mean_2001","historical_ld_support","1971_1981","urban_share","state",-0.0112451108366894,0.00932993154868828,0.360345334900575,-0.739518278098601,FALSE,66,15,79903872,"estimated","census_2001_ld"
"ling_distance_nonzero_mean_2001","historical_ld_support","1971_1981","main_worker_share","none",0.00325445438260918,0.00289544753599829,0.333761777204061,0.255854174659477,FALSE,66,15,79903872,"estimated","census_2001_ld"
"ling_distance_nonzero_mean_2001","historical_ld_support","1971_1981","main_worker_share","state",0.00905048254511408,0.00564864382420944,0.260764613836539,0.711518266848063,FALSE,66,15,79903872,"estimated","census_2001_ld"
"ling_distance_nonzero_mean_2001","historical_ld_support","1971_1981","nonfarm_worker_share_main_workers","none",-0.00466407284934773,0.0105478367087256,0.684887316571318,-0.174248445408683,FALSE,66,15,79903872,"estimated","census_2001_ld"
"ling_distance_nonzero_mean_2001","historical_ld_support","1971_1981","nonfarm_worker_share_main_workers","state",0.00726532982291029,0.00791327071471903,0.462630879732941,0.271430671843066,FALSE,66,15,79903872,"estimated","census_2001_ld"
"ling_distance_nonzero_mean_2001","historical_ld_support","1971_1981","literate_share_population","none",0.00318063600986165,0.00582396869595321,0.618662195349403,0.196312741467676,FALSE,66,15,79903872,"estimated","census_2001_ld"
"ling_distance_nonzero_mean_2001","historical_ld_support","1971_1981","literate_share_population","state",-0.00165968537812492,0.00603702585910531,0.811142030531898,-0.102437809778709,FALSE,66,15,79903872,"estimated","census_2001_ld"
"ling_distance_nonzero_mean_2001","historical_ld_support","1971_1981","primary_plus_share_population","none",-0.00114320438786277,0.00508758398764108,0.834997071370401,-0.046523675929333,FALSE,66,15,79903872,"estimated","census_2001_ld"
"ling_distance_nonzero_mean_2001","historical_ld_support","1971_1981","primary_plus_share_population","state",0.00847349351571154,0.0124336317703364,0.571158247113474,0.344836033258463,FALSE,66,15,79903872,"estimated","census_2001_ld"
"ling_distance_nonzero_mean_2001","historical_ld_support","1971_1981","matriculate_plus_share_population","none",9.2915887985436e-05,0.0024015801706229,0.971291130423136,0.00809307838518009,FALSE,66,15,79903872,"estimated","census_2001_ld"
"ling_distance_nonzero_mean_2001","historical_ld_support","1971_1981","matriculate_plus_share_population","state",0.0073398748504724,0.00779585606644593,0.453153075592663,0.63931135772599,FALSE,66,15,79903872,"estimated","census_2001_ld"
"ling_distance_nonzero_mean_2001","historical_ld_support","1981_1991","log_population","none",-0.0155139743391254,0.00685951838832353,0.0979641961659404,-0.336254641363423,FALSE,66,15,79903872,"estimated","census_2001_ld"
"ling_distance_nonzero_mean_2001","historical_ld_support","1981_1991","log_population","state",-0.0470267537225232,0.0428602212906415,0.395380764157093,-1.0192722935975,FALSE,66,15,79903872,"estimated","census_2001_ld"
"ling_distance_nonzero_mean_2001","historical_ld_support","1981_1991","urban_share","none",0.00282800362077884,0.00423574636773122,0.546731973580887,0.121075361773707,FALSE,66,15,79903872,"estimated","census_2001_ld"
"ling_distance_nonzero_mean_2001","historical_ld_support","1981_1991","urban_share","state",0.0238592043950113,0.0118533234371121,0.192746164820336,1.02148447849697,FALSE,66,15,79903872,"estimated","census_2001_ld"
"ling_distance_nonzero_mean_2001","historical_ld_support","1981_1991","main_worker_share","none",0.0022326475757273,0.00153286625739288,0.230579785730954,0.229840149715136,FALSE,66,15,79903872,"estimated","census_2001_ld"
"ling_distance_nonzero_mean_2001","historical_ld_support","1981_1991","main_worker_share","state",-0.0053592063412496,0.00155113499845786,0.0837819563404415,-0.551704084969998,FALSE,66,15,79903872,"estimated","census_2001_ld"
"ling_distance_nonzero_mean_2001","historical_ld_support","1981_1991","nonfarm_worker_share_main_workers","none",-0.00387196035304577,0.00371359180900745,0.365222641992493,-0.205406302250289,FALSE,66,15,79903872,"estimated","census_2001_ld"
"ling_distance_nonzero_mean_2001","historical_ld_support","1981_1991","nonfarm_worker_share_main_workers","state",0.01047882258052,0.00485770420070286,0.174675802390174,0.5558983052366,FALSE,66,15,79903872,"estimated","census_2001_ld"
"ling_distance_nonzero_mean_2001","historical_ld_support","1981_1991","literate_share_population","none",0.00066637484054322,0.00244424833084941,0.800809002658922,0.0479175450082322,FALSE,66,15,79903872,"estimated","census_2001_ld"
"ling_distance_nonzero_mean_2001","historical_ld_support","1981_1991","literate_share_population","state",-0.00127430140163936,0.00228050817967717,0.636774352651926,-0.0916322031566066,FALSE,66,15,79903872,"estimated","census_2001_ld"
"ling_distance_nonzero_mean_2001","historical_ld_support","1981_1991","primary_plus_share_population","none",-0.00686298592731275,0.00987497453072984,0.531992595449715,-0.25738614075314,FALSE,59,13,72589117,"estimated","census_2001_ld"
"ling_distance_nonzero_mean_2001","historical_ld_support","1981_1991","primary_plus_share_population","state",-0.0156512829873908,0.00740405048305255,0.184400349132535,-0.586978229101096,FALSE,59,13,72589117,"estimated","census_2001_ld"
"ling_distance_nonzero_mean_2001","historical_ld_support","1981_1991","matriculate_plus_share_population","none",0.00433858941087308,0.00279939553109692,0.209112818563151,0.381996944916994,FALSE,59,13,72589117,"estimated","census_2001_ld"
"ling_distance_nonzero_mean_2001","historical_ld_support","1981_1991","matriculate_plus_share_population","state",-8.151354934069e-05,0.00487906017808313,0.988350981729805,-0.00717697017824468,FALSE,59,13,72589117,"estimated","census_2001_ld"
"ling_distance_nonzero_mean_2001","historical_ld_support","1961_1981","log_population","none",-0.0238308164970096,0.00800672050874819,0.0499164358429792,-0.463854080066596,FALSE,66,15,79903872,"estimated","census_2001_ld"
"ling_distance_nonzero_mean_2001","historical_ld_support","1961_1981","log_population","state",-0.0294130134328795,0.0130191098782652,0.163304059020456,-0.572508553771407,FALSE,66,15,79903872,"estimated","census_2001_ld"
"ling_distance_nonzero_mean_2001","historical_ld_support","1961_1981","urban_share","none",0.00228615246781188,0.00321411108341595,0.522441358477466,0.0977237538212648,FALSE,66,15,79903872,"estimated","census_2001_ld"
"ling_distance_nonzero_mean_2001","historical_ld_support","1961_1981","urban_share","state",-0.00561966995816349,0.0149352845536226,0.745634638751635,-0.240218118117884,FALSE,66,15,79903872,"estimated","census_2001_ld"
"ling_distance_nonzero_mean_2001","historical_ld_support","1961_1981","main_worker_share","none",0.000445868075844244,0.00216547160047435,0.848546622693547,0.0314520681730987,TRUE,66,15,79903872,"estimated","census_2001_ld"
"ling_distance_nonzero_mean_2001","historical_ld_support","1961_1981","main_worker_share","state",0.0107846815018611,0.00511400215804924,0.180449949856573,0.760764352055081,TRUE,66,15,79903872,"estimated","census_2001_ld"
"ling_distance_nonzero_mean_2001","historical_ld_support","1961_1981","nonfarm_worker_share_main_workers","none",-0.00763938049255092,0.0126040792777013,0.582389645576196,-0.169766588097546,TRUE,66,15,79903872,"estimated","census_2001_ld"
"ling_distance_nonzero_mean_2001","historical_ld_support","1961_1981","nonfarm_worker_share_main_workers","state",0.0407516129064969,0.0399684360095539,0.423050931278925,0.905605145515896,TRUE,66,15,79903872,"estimated","census_2001_ld"
"ling_distance_nonzero_mean_2001","historical_ld_support","1961_1981","literate_share_population","none",0.00478431417324902,0.0142487671093078,0.756635272440664,0.136075854555748,FALSE,66,15,79903872,"estimated","census_2001_ld"
"ling_distance_nonzero_mean_2001","historical_ld_support","1961_1981","literate_share_population","state",-0.00177595228808284,0.00907429433774937,0.864295735148955,-0.0505117800587484,FALSE,66,15,79903872,"estimated","census_2001_ld"
"ling_distance_nonzero_mean_2001","historical_ld_support","1961_1981","primary_plus_share_population","none",0.0209039519363727,0.0169651950665276,0.295925311490471,0.412658429365046,FALSE,66,15,79903872,"estimated","census_2001_ld"
"ling_distance_nonzero_mean_2001","historical_ld_support","1961_1981","primary_plus_share_population","state",0.021796433807386,0.018532755376465,0.369420354849553,0.430276637072857,FALSE,66,15,79903872,"estimated","census_2001_ld"
"ling_distance_nonzero_mean_2001","historical_ld_support","1961_1981","matriculate_plus_share_population","none",0.00026523303727408,0.00352755311126931,0.944257199467066,0.016959632758097,FALSE,66,15,79903872,"estimated","census_2001_ld"
"ling_distance_nonzero_mean_2001","historical_ld_support","1961_1981","matriculate_plus_share_population","state",0.00841932403963321,0.013564249494451,0.602870426574749,0.538351652007986,FALSE,66,15,79903872,"estimated","census_2001_ld"
"ling_distance_nonzero_mean_2001","historical_ld_support","1961_1991","log_population","none",-0.0393447908361351,0.0110879694339991,0.0309238499187709,-0.453644270198578,FALSE,66,15,79903872,"estimated","census_2001_ld"
"ling_distance_nonzero_mean_2001","historical_ld_support","1961_1991","log_population","state",-0.0764397671554028,0.050980707243955,0.282748492083784,-0.881348245814395,FALSE,66,15,79903872,"estimated","census_2001_ld"
"ling_distance_nonzero_mean_2001","historical_ld_support","1961_1991","urban_share","none",0.00511415608859072,0.00632859321846355,0.471531628574911,0.127215776662721,FALSE,66,15,79903872,"estimated","census_2001_ld"
"ling_distance_nonzero_mean_2001","historical_ld_support","1961_1991","urban_share","state",0.0182395344368478,0.0171804056237968,0.407788993743507,0.45371249902336,FALSE,66,15,79903872,"estimated","census_2001_ld"
"ling_distance_nonzero_mean_2001","historical_ld_support","1961_1991","main_worker_share","none",0.00267851565157154,0.00250612663386921,0.354820565308195,0.137011954877831,TRUE,66,15,79903872,"estimated","census_2001_ld"
"ling_distance_nonzero_mean_2001","historical_ld_support","1961_1991","main_worker_share","state",0.0054254751606115,0.0040866636283207,0.325151800722979,0.277524963298368,TRUE,66,15,79903872,"estimated","census_2001_ld"
"ling_distance_nonzero_mean_2001","historical_ld_support","1961_1991","nonfarm_worker_share_main_workers","none",-0.0115113408455967,0.0139788112751048,0.463824783639262,-0.220085736959259,TRUE,66,15,79903872,"estimated","census_2001_ld"
"ling_distance_nonzero_mean_2001","historical_ld_support","1961_1991","nonfarm_worker_share_main_workers","state",0.0512304354870169,0.0411894921546923,0.348780619760592,0.979476526682537,TRUE,66,15,79903872,"estimated","census_2001_ld"
"ling_distance_nonzero_mean_2001","historical_ld_support","1961_1991","literate_share_population","none",0.00545068901379225,0.0157606119956938,0.749691175597352,0.13218746032481,FALSE,66,15,79903872,"estimated","census_2001_ld"
"ling_distance_nonzero_mean_2001","historical_ld_support","1961_1991","literate_share_population","state",-0.00305025368972219,0.0105553730412171,0.801872309868446,-0.0739732697225067,FALSE,66,15,79903872,"estimated","census_2001_ld"
"ling_distance_nonzero_mean_2001","historical_ld_support","1961_1991","primary_plus_share_population","none",0.0142669997350893,0.0250801553606542,0.605203348816249,0.229799888954884,FALSE,59,13,72589117,"estimated","census_2001_ld"
"ling_distance_nonzero_mean_2001","historical_ld_support","1961_1991","primary_plus_share_population","state",0.00712622925046949,0.0213613942083618,0.773826220899087,0.114782835973375,FALSE,59,13,72589117,"estimated","census_2001_ld"
"ling_distance_nonzero_mean_2001","historical_ld_support","1961_1991","matriculate_plus_share_population","none",0.00469574831180314,0.00640136929405704,0.510976516228639,0.189187949727589,FALSE,59,13,72589117,"estimated","census_2001_ld"
"ling_distance_nonzero_mean_2001","historical_ld_support","1961_1991","matriculate_plus_share_population","state",0.00811636846802114,0.0188266189351374,0.712920759969344,0.327002004310777,FALSE,59,13,72589117,"estimated","census_2001_ld"
"ling_distance_helms_lim_1991","historical_ld_support","1961_1971","log_population","none",-0.00970431896824749,0.00929299733714987,0.361650073203263,-0.323486852427549,FALSE,66,15,79903872,"estimated","helms_lim_ld_1991"
"ling_distance_helms_lim_1991","historical_ld_support","1961_1971","log_population","state",-0.018005457314954,0.00863789737680088,0.169433727661088,-0.600199636099237,FALSE,66,15,79903872,"estimated","helms_lim_ld_1991"
"ling_distance_helms_lim_1991","historical_ld_support","1961_1971","urban_share","none",0.0013814931060793,0.00205748555263663,0.542731880097736,0.083042098917758,FALSE,66,15,79903872,"estimated","helms_lim_ld_1991"
"ling_distance_helms_lim_1991","historical_ld_support","1961_1971","urban_share","state",0.00206413287286916,0.00307320906689325,0.569551549009263,0.124075846237598,FALSE,66,15,79903872,"estimated","helms_lim_ld_1991"
"ling_distance_helms_lim_1991","historical_ld_support","1961_1971","main_worker_share","none",-0.00415160963316766,0.00366232353231809,0.327088100851246,-0.219386461597608,TRUE,66,15,79903872,"estimated","helms_lim_ld_1991"
"ling_distance_helms_lim_1991","historical_ld_support","1961_1971","main_worker_share","state",-0.00147654153948274,0.00280798536711742,0.650386208791556,-0.0780259350881799,TRUE,66,15,79903872,"estimated","helms_lim_ld_1991"
"ling_distance_helms_lim_1991","historical_ld_support","1961_1971","nonfarm_worker_share_main_workers","none",-0.0021366616027547,0.011114832778817,0.857955726816204,-0.0519928055006223,TRUE,66,15,79903872,"estimated","helms_lim_ld_1991"
"ling_distance_helms_lim_1991","historical_ld_support","1961_1971","nonfarm_worker_share_main_workers","state",0.0132874643773986,0.0179721131964718,0.53510296969597,0.323332693431589,TRUE,66,15,79903872,"estimated","helms_lim_ld_1991"
"ling_distance_helms_lim_1991","historical_ld_support","1961_1971","literate_share_population","none",0.000200517710572556,0.00819285775944508,0.981775602066899,0.00918029692397386,FALSE,66,15,79903872,"estimated","helms_lim_ld_1991"
"ling_distance_helms_lim_1991","historical_ld_support","1961_1971","literate_share_population","state",-0.00107859626942507,0.000884321912285031,0.344370839748062,-0.0493813438530647,FALSE,66,15,79903872,"estimated","helms_lim_ld_1991"
"ling_distance_helms_lim_1991","historical_ld_support","1961_1971","primary_plus_share_population","none",0.0214359968327413,0.0130310723284575,0.183564320058994,0.438833894072695,FALSE,66,15,79903872,"estimated","helms_lim_ld_1991"
"ling_distance_helms_lim_1991","historical_ld_support","1961_1971","primary_plus_share_population","state",0.00513891607162622,0.00393924698433426,0.319328991954384,0.105202970900799,FALSE,66,15,79903872,"estimated","helms_lim_ld_1991"
"ling_distance_helms_lim_1991","historical_ld_support","1961_1971","matriculate_plus_share_population","none",-8.54501046853236e-05,0.0012297974119912,0.948307957100285,-0.0152858076284419,FALSE,66,15,79903872,"estimated","helms_lim_ld_1991"
"ling_distance_helms_lim_1991","historical_ld_support","1961_1971","matriculate_plus_share_population","state",0.00185572692760709,0.0021455843051608,0.476380944121018,0.331963137210686,FALSE,66,15,79903872,"estimated","helms_lim_ld_1991"
"ling_distance_helms_lim_1991","historical_ld_support","1971_1981","log_population","none",-0.0134582374101871,0.00417837335781819,0.0377653087699195,-0.409288526222268,FALSE,66,15,79903872,"estimated","helms_lim_ld_1991"
"ling_distance_helms_lim_1991","historical_ld_support","1971_1981","log_population","state",-0.00208598696531332,0.0121656924779061,0.879303629329939,-0.0634385101652092,FALSE,66,15,79903872,"estimated","helms_lim_ld_1991"
"ling_distance_helms_lim_1991","historical_ld_support","1971_1981","urban_share","none",-0.000852823484110921,0.0033181047116257,0.811239442882265,-0.0542981605752912,FALSE,66,15,79903872,"estimated","helms_lim_ld_1991"
"ling_distance_helms_lim_1991","historical_ld_support","1971_1981","urban_share","state",-0.00605152452613652,0.00706129929321869,0.479882057092845,-0.385292685494032,FALSE,66,15,79903872,"estimated","helms_lim_ld_1991"
"ling_distance_helms_lim_1991","historical_ld_support","1971_1981","main_worker_share","none",0.0025641578129446,0.00309144940595941,0.458538912851793,0.195164068953067,FALSE,66,15,79903872,"estimated","helms_lim_ld_1991"
"ling_distance_helms_lim_1991","historical_ld_support","1971_1981","main_worker_share","state",0.00171289298788214,0.00334361026722208,0.658343190749672,0.130372305288169,FALSE,66,15,79903872,"estimated","helms_lim_ld_1991"
"ling_distance_helms_lim_1991","historical_ld_support","1971_1981","nonfarm_worker_share_main_workers","none",-0.00438655334739317,0.0108446871301823,0.708824954327033,-0.158660126701556,FALSE,66,15,79903872,"estimated","helms_lim_ld_1991"
"ling_distance_helms_lim_1991","historical_ld_support","1971_1981","nonfarm_worker_share_main_workers","state",0.00241244939115843,0.00396443298027623,0.603451482943169,0.0872574652009542,FALSE,66,15,79903872,"estimated","helms_lim_ld_1991"
"ling_distance_helms_lim_1991","historical_ld_support","1971_1981","literate_share_population","none",0.00156327558911103,0.00560445819670347,0.795646282036992,0.0934137608269317,FALSE,66,15,79903872,"estimated","helms_lim_ld_1991"
"ling_distance_helms_lim_1991","historical_ld_support","1971_1981","literate_share_population","state",-0.0042783955613229,0.00350359590633921,0.343921749895794,-0.255656150759505,FALSE,66,15,79903872,"estimated","helms_lim_ld_1991"
"ling_distance_helms_lim_1991","historical_ld_support","1971_1981","primary_plus_share_population","none",-0.000987383671475207,0.00543084472987696,0.865548303066437,-0.0389024429490594,FALSE,66,15,79903872,"estimated","helms_lim_ld_1991"
"ling_distance_helms_lim_1991","historical_ld_support","1971_1981","primary_plus_share_population","state",0.00552088017973418,0.00763578331878398,0.543224357420829,0.217520030384759,FALSE,66,15,79903872,"estimated","helms_lim_ld_1991"
"ling_distance_helms_lim_1991","historical_ld_support","1971_1981","matriculate_plus_share_population","none",-0.00073807502597424,0.00257086018846147,0.789870796793133,-0.0622393530684175,FALSE,66,15,79903872,"estimated","helms_lim_ld_1991"
"ling_distance_helms_lim_1991","historical_ld_support","1971_1981","matriculate_plus_share_population","state",0.00379800208088548,0.00416867881642061,0.456450148821022,0.32027257954541,FALSE,66,15,79903872,"estimated","helms_lim_ld_1991"
"ling_distance_helms_lim_1991","historical_ld_support","1981_1991","log_population","none",-0.0151844040927591,0.00755883771951694,0.123140277676265,-0.318627874215581,FALSE,66,15,79903872,"estimated","helms_lim_ld_1991"
"ling_distance_helms_lim_1991","historical_ld_support","1981_1991","log_population","state",-0.0274210056547061,0.0293363776137523,0.446588009205206,-0.575399382632265,FALSE,66,15,79903872,"estimated","helms_lim_ld_1991"
"ling_distance_helms_lim_1991","historical_ld_support","1981_1991","urban_share","none",0.00103629772964014,0.00412122930220455,0.815219360257727,0.0429537569375463,FALSE,66,15,79903872,"estimated","helms_lim_ld_1991"
"ling_distance_helms_lim_1991","historical_ld_support","1981_1991","urban_share","state",0.0057367247309389,0.0110113493216393,0.653228388953332,0.237782900282844,FALSE,66,15,79903872,"estimated","helms_lim_ld_1991"
"ling_distance_helms_lim_1991","historical_ld_support","1981_1991","main_worker_share","none",0.0022499120636907,0.00162082579749836,0.245178541147588,0.224239470697796,FALSE,66,15,79903872,"estimated","helms_lim_ld_1991"
"ling_distance_helms_lim_1991","historical_ld_support","1981_1991","main_worker_share","state",-0.00441831337879039,0.000783805032684792,0.0284626797561572,-0.440355100728571,FALSE,66,15,79903872,"estimated","helms_lim_ld_1991"
"ling_distance_helms_lim_1991","historical_ld_support","1981_1991","nonfarm_worker_share_main_workers","none",-0.00615646017726095,0.00264407147393053,0.0880600004525694,-0.316194806007807,FALSE,66,15,79903872,"estimated","helms_lim_ld_1991"
"ling_distance_helms_lim_1991","historical_ld_support","1981_1991","nonfarm_worker_share_main_workers","state",0.0029454809774436,0.00273344294318641,0.391633997268129,0.15127942997218,FALSE,66,15,79903872,"estimated","helms_lim_ld_1991"
"ling_distance_helms_lim_1991","historical_ld_support","1981_1991","literate_share_population","none",0.000446663080651584,0.00282339771805953,0.882809670302949,0.0310954480679832,FALSE,66,15,79903872,"estimated","helms_lim_ld_1991"
"ling_distance_helms_lim_1991","historical_ld_support","1981_1991","literate_share_population","state",0.00302764123659671,0.00259958896409038,0.361846688936092,0.210776007508252,FALSE,66,15,79903872,"estimated","helms_lim_ld_1991"
"ling_distance_helms_lim_1991","historical_ld_support","1981_1991","primary_plus_share_population","none",-0.0081906613509623,0.0099662446065419,0.462538389463732,-0.296931540591522,FALSE,59,13,72589117,"estimated","helms_lim_ld_1991"
"ling_distance_helms_lim_1991","historical_ld_support","1981_1991","primary_plus_share_population","state",-0.00654562866359942,0.00515488233500186,0.333707518645623,-0.23729507544519,FALSE,59,13,72589117,"estimated","helms_lim_ld_1991"
"ling_distance_helms_lim_1991","historical_ld_support","1981_1991","matriculate_plus_share_population","none",0.0037406724560591,0.00265247574666712,0.239429101830937,0.318365743616967,FALSE,59,13,72589117,"estimated","helms_lim_ld_1991"
"ling_distance_helms_lim_1991","historical_ld_support","1981_1991","matriculate_plus_share_population","state",-0.000246583045745499,0.00205057619512124,0.915437296897314,-0.0209864925743346,FALSE,59,13,72589117,"estimated","helms_lim_ld_1991"
"ling_distance_helms_lim_1991","historical_ld_support","1961_1981","log_population","none",-0.0231625563784345,0.0102028184541717,0.0934909842306432,-0.436485420811531,FALSE,66,15,79903872,"estimated","helms_lim_ld_1991"
"ling_distance_helms_lim_1991","historical_ld_support","1961_1981","log_population","state",-0.0200914442802674,0.00829208344886901,0.13336768430128,-0.37861203090471,FALSE,66,15,79903872,"estimated","helms_lim_ld_1991"
"ling_distance_helms_lim_1991","historical_ld_support","1961_1981","urban_share","none",0.00052866962196838,0.00343226536092795,0.88586814444107,0.0218786288224189,FALSE,66,15,79903872,"estimated","helms_lim_ld_1991"
"ling_distance_helms_lim_1991","historical_ld_support","1961_1981","urban_share","state",-0.00398739165326737,0.00757114105260458,0.649906973618979,-0.165015462069931,FALSE,66,15,79903872,"estimated","helms_lim_ld_1991"
"ling_distance_helms_lim_1991","historical_ld_support","1961_1981","main_worker_share","none",-0.00158745182022306,0.00144848226141653,0.341263581058124,-0.108413702837262,TRUE,66,15,79903872,"estimated","helms_lim_ld_1991"
"ling_distance_helms_lim_1991","historical_ld_support","1961_1981","main_worker_share","state",0.000236351448399408,0.00509749694202869,0.967142585110991,0.0161414257525808,TRUE,66,15,79903872,"estimated","helms_lim_ld_1991"
"ling_distance_helms_lim_1991","historical_ld_support","1961_1981","nonfarm_worker_share_main_workers","none",-0.00652321495014789,0.0145171589637529,0.679011936399922,-0.140344876568258,TRUE,66,15,79903872,"estimated","helms_lim_ld_1991"
"ling_distance_helms_lim_1991","historical_ld_support","1961_1981","nonfarm_worker_share_main_workers","state",0.0156999137685571,0.0213497991922741,0.537070201303694,0.337778607146846,TRUE,66,15,79903872,"estimated","helms_lim_ld_1991"
"ling_distance_helms_lim_1991","historical_ld_support","1961_1981","literate_share_population","none",0.00176379329968359,0.0136842042537492,0.904349876267945,0.0485679600125258,FALSE,66,15,79903872,"estimated","helms_lim_ld_1991"
"ling_distance_helms_lim_1991","historical_ld_support","1961_1981","literate_share_population","state",-0.00535699183074797,0.00417688176004401,0.3256099237027,-0.147510575683595,FALSE,66,15,79903872,"estimated","helms_lim_ld_1991"
"ling_distance_helms_lim_1991","historical_ld_support","1961_1981","primary_plus_share_population","none",0.0204486131612661,0.0166983143531403,0.295113655119628,0.390811177377103,FALSE,66,15,79903872,"estimated","helms_lim_ld_1991"
"ling_distance_helms_lim_1991","historical_ld_support","1961_1981","primary_plus_share_population","state",0.0106597962513604,0.00987811478690614,0.391076263286801,0.203728609404446,FALSE,66,15,79903872,"estimated","helms_lim_ld_1991"
"ling_distance_helms_lim_1991","historical_ld_support","1961_1981","matriculate_plus_share_population","none",-0.000823525130659565,0.00355009508513698,0.829198923652212,-0.05098078004937,FALSE,66,15,79903872,"estimated","helms_lim_ld_1991"
"ling_distance_helms_lim_1991","historical_ld_support","1961_1981","matriculate_plus_share_population","state",0.00565372900849257,0.0060310438411579,0.445464000600838,0.349997230576142,FALSE,66,15,79903872,"estimated","helms_lim_ld_1991"
"ling_distance_helms_lim_1991","historical_ld_support","1961_1991","log_population","none",-0.0383469604711937,0.0142559687807457,0.0614942413370757,-0.428055349719308,FALSE,66,15,79903872,"estimated","helms_lim_ld_1991"
"ling_distance_helms_lim_1991","historical_ld_support","1961_1991","log_population","state",-0.0475124499349735,0.0352073339943731,0.306944775788978,-0.530366895394854,FALSE,66,15,79903872,"estimated","helms_lim_ld_1991"
"ling_distance_helms_lim_1991","historical_ld_support","1961_1991","urban_share","none",0.00156496735160853,0.00625769841086665,0.816197463560061,0.0376888660347734,FALSE,66,15,79903872,"estimated","helms_lim_ld_1991"
"ling_distance_helms_lim_1991","historical_ld_support","1961_1991","urban_share","state",0.00174933307767153,0.00728947156577003,0.832226661403666,0.0421289172242442,FALSE,66,15,79903872,"estimated","helms_lim_ld_1991"
"ling_distance_helms_lim_1991","historical_ld_support","1961_1991","main_worker_share","none",0.000662460243467633,0.00271576778942834,0.820607657945095,0.0328068768685601,TRUE,66,15,79903872,"estimated","helms_lim_ld_1991"
"ling_distance_helms_lim_1991","historical_ld_support","1961_1991","main_worker_share","state",-0.00418196193039098,0.00490100020227003,0.481534474552529,-0.20710240572504,TRUE,66,15,79903872,"estimated","helms_lim_ld_1991"
"ling_distance_helms_lim_1991","historical_ld_support","1961_1991","nonfarm_worker_share_main_workers","none",-0.0126796751274088,0.0162811653791241,0.48432477638575,-0.234700981417654,TRUE,66,15,79903872,"estimated","helms_lim_ld_1991"
"ling_distance_helms_lim_1991","historical_ld_support","1961_1991","nonfarm_worker_share_main_workers","state",0.0186453947460007,0.0232612076798432,0.505165313452901,0.345126543214535,TRUE,66,15,79903872,"estimated","helms_lim_ld_1991"
"ling_distance_helms_lim_1991","historical_ld_support","1961_1991","literate_share_population","none",0.00221045638033517,0.0154547638515265,0.893946913525371,0.0518993116804507,FALSE,66,15,79903872,"estimated","helms_lim_ld_1991"
"ling_distance_helms_lim_1991","historical_ld_support","1961_1991","literate_share_population","state",-0.00232935059415127,0.004458919017833,0.652396118544437,-0.0546908292669268,FALSE,66,15,79903872,"estimated","helms_lim_ld_1991"
"ling_distance_helms_lim_1991","historical_ld_support","1961_1991","primary_plus_share_population","none",0.0127232834029057,0.0241765063535448,0.629709476419632,0.198098722089226,FALSE,59,13,72589117,"estimated","helms_lim_ld_1991"
"ling_distance_helms_lim_1991","historical_ld_support","1961_1991","primary_plus_share_population","state",0.0045618292726387,0.00968048750718963,0.684550344196347,0.0710266776807443,FALSE,59,13,72589117,"estimated","helms_lim_ld_1991"
"ling_distance_helms_lim_1991","historical_ld_support","1961_1991","matriculate_plus_share_population","none",0.00290982800515967,0.00616697527427923,0.664439145648716,0.113323842215434,FALSE,59,13,72589117,"estimated","helms_lim_ld_1991"
"ling_distance_helms_lim_1991","historical_ld_support","1961_1991","matriculate_plus_share_population","state",0.00522570654222473,0.00801837710535582,0.582439440285834,0.20351620185288,FALSE,59,13,72589117,"estimated","helms_lim_ld_1991"
"ling_distance_nonzero_mean_1991","historical_ld_support","1961_1971","log_population","none",-0.00942660688730771,0.00938999011723036,0.378861112670055,-0.317999459545677,FALSE,66,15,79903872,"estimated","historical_ld_1991"
"ling_distance_nonzero_mean_1991","historical_ld_support","1961_1971","log_population","state",-0.0183726374345667,0.00871909980341726,0.172857479984343,-0.619787039437001,FALSE,66,15,79903872,"estimated","historical_ld_1991"
"ling_distance_nonzero_mean_1991","historical_ld_support","1961_1971","urban_share","none",0.00137342178055895,0.00202345961025966,0.538945167688836,0.0835474001814583,FALSE,66,15,79903872,"estimated","historical_ld_1991"
"ling_distance_nonzero_mean_1991","historical_ld_support","1961_1971","urban_share","state",0.00212446287692226,0.00298238070046694,0.551753018086063,0.129234407566073,FALSE,66,15,79903872,"estimated","historical_ld_1991"
"ling_distance_nonzero_mean_1991","historical_ld_support","1961_1971","main_worker_share","none",-0.00432388557635832,0.0035480255835928,0.297708617525539,-0.231231458978376,TRUE,66,15,79903872,"estimated","historical_ld_1991"
"ling_distance_nonzero_mean_1991","historical_ld_support","1961_1971","main_worker_share","state",-0.00252353121358139,0.00332420148418975,0.528759976218973,-0.13495264710158,TRUE,66,15,79903872,"estimated","historical_ld_1991"
"ling_distance_nonzero_mean_1991","historical_ld_support","1961_1971","nonfarm_worker_share_main_workers","none",-0.00170386098654557,0.0111309763721743,0.886638920336921,-0.0419586087845745,TRUE,66,15,79903872,"estimated","historical_ld_1991"
"ling_distance_nonzero_mean_1991","historical_ld_support","1961_1971","nonfarm_worker_share_main_workers","state",0.0144342917354679,0.0189173300677406,0.526895581739695,0.355453176516944,TRUE,66,15,79903872,"estimated","historical_ld_1991"
"ling_distance_nonzero_mean_1991","historical_ld_support","1961_1971","literate_share_population","none",0.000250748210732768,0.00806918512511621,0.976876857727946,0.0116177291560921,FALSE,66,15,79903872,"estimated","historical_ld_1991"
"ling_distance_nonzero_mean_1991","historical_ld_support","1961_1971","literate_share_population","state",-0.00102877567646866,0.000911673341143594,0.378781212375697,-0.0476654933515202,FALSE,66,15,79903872,"estimated","historical_ld_1991"
"ling_distance_nonzero_mean_1991","historical_ld_support","1961_1971","primary_plus_share_population","none",0.0210524046039699,0.0127274544646445,0.182410794475527,0.436151732257211,FALSE,66,15,79903872,"estimated","historical_ld_1991"
"ling_distance_nonzero_mean_1991","historical_ld_support","1961_1971","primary_plus_share_population","state",0.00518935756197881,0.00401243963249935,0.327882969646131,0.107510155373525,FALSE,66,15,79903872,"estimated","historical_ld_1991"
"ling_distance_nonzero_mean_1991","historical_ld_support","1961_1971","matriculate_plus_share_population","none",-9.91451333628543e-05,0.00119729178918939,0.938459043135944,-0.0179484358031053,FALSE,66,15,79903872,"estimated","historical_ld_1991"
"ling_distance_nonzero_mean_1991","historical_ld_support","1961_1971","matriculate_plus_share_population","state",0.00178013637210946,0.00210637399869852,0.488945605886232,0.322261540348585,FALSE,66,15,79903872,"estimated","historical_ld_1991"
"ling_distance_nonzero_mean_1991","historical_ld_support","1971_1981","log_population","none",-0.0133228406794074,0.00414011057768569,0.0383479287498032,-0.410031888456782,FALSE,66,15,79903872,"estimated","historical_ld_1991"
"ling_distance_nonzero_mean_1991","historical_ld_support","1971_1981","log_population","state",-0.00329881728133372,0.012203872670446,0.812822255942639,-0.101526417082344,FALSE,66,15,79903872,"estimated","historical_ld_1991"
"ling_distance_nonzero_mean_1991","historical_ld_support","1971_1981","urban_share","none",-0.000871255327478256,0.00326830505853288,0.804549454688789,-0.0561372103685977,FALSE,66,15,79903872,"estimated","historical_ld_1991"
"ling_distance_nonzero_mean_1991","historical_ld_support","1971_1981","urban_share","state",-0.00558774861311864,0.00646981667391332,0.480764525106134,-0.360032942684428,FALSE,66,15,79903872,"estimated","historical_ld_1991"
"ling_distance_nonzero_mean_1991","historical_ld_support","1971_1981","main_worker_share","none",0.00264399309163504,0.00301939963187186,0.436445259583979,0.203654890557713,FALSE,66,15,79903872,"estimated","historical_ld_1991"
"ling_distance_nonzero_mean_1991","historical_ld_support","1971_1981","main_worker_share","state",0.00238691060049122,0.0029235338596034,0.501876098579128,0.183852983070193,FALSE,66,15,79903872,"estimated","historical_ld_1991"
"ling_distance_nonzero_mean_1991","historical_ld_support","1971_1981","nonfarm_worker_share_main_workers","none",-0.00424421595675126,0.0107521919059534,0.715590244917471,-0.155353581299422,FALSE,66,15,79903872,"estimated","historical_ld_1991"
"ling_distance_nonzero_mean_1991","historical_ld_support","1971_1981","nonfarm_worker_share_main_workers","state",0.00213850006822997,0.00455040064482083,0.685665067975885,0.0782768001425839,FALSE,66,15,79903872,"estimated","historical_ld_1991"
"ling_distance_nonzero_mean_1991","historical_ld_support","1971_1981","literate_share_population","none",0.0015838198046351,0.00555324303076474,0.791337882341309,0.0957768377982271,FALSE,66,15,79903872,"estimated","historical_ld_1991"
"ling_distance_nonzero_mean_1991","historical_ld_support","1971_1981","literate_share_population","state",-0.00420724455774516,0.00369734846690144,0.375618069265109,-0.254420722865926,FALSE,66,15,79903872,"estimated","historical_ld_1991"
"ling_distance_nonzero_mean_1991","historical_ld_support","1971_1981","primary_plus_share_population","none",-0.000953788650623066,0.00533963913151026,0.86795425669003,-0.0380296648489189,FALSE,66,15,79903872,"estimated","historical_ld_1991"
"ling_distance_nonzero_mean_1991","historical_ld_support","1971_1981","primary_plus_share_population","state",0.0051842572213404,0.00741484103757898,0.558389870944824,0.206707811515025,FALSE,66,15,79903872,"estimated","historical_ld_1991"
"ling_distance_nonzero_mean_1991","historical_ld_support","1971_1981","matriculate_plus_share_population","none",-0.00074419133059658,0.00253544980903223,0.785473759720197,-0.0635080210324736,FALSE,66,15,79903872,"estimated","historical_ld_1991"
"ling_distance_nonzero_mean_1991","historical_ld_support","1971_1981","matriculate_plus_share_population","state",0.00364006376199809,0.00408214556709089,0.468664698505291,0.310636843580535,FALSE,66,15,79903872,"estimated","historical_ld_1991"
"ling_distance_nonzero_mean_1991","historical_ld_support","1981_1991","log_population","none",-0.0150987287668011,0.0074250728448696,0.120627951198258,-0.320631222526222,FALSE,66,15,79903872,"estimated","historical_ld_1991"
"ling_distance_nonzero_mean_1991","historical_ld_support","1981_1991","log_population","state",-0.0301290432118313,0.0306755014513424,0.431782606905515,-0.639809622899896,FALSE,66,15,79903872,"estimated","historical_ld_1991"
"ling_distance_nonzero_mean_1991","historical_ld_support","1981_1991","urban_share","none",0.00107485542855834,0.0040462776434432,0.805215876992018,0.0450864536955476,FALSE,66,15,79903872,"estimated","historical_ld_1991"
"ling_distance_nonzero_mean_1991","historical_ld_support","1981_1991","urban_share","state",0.00642291683124143,0.0107997683021512,0.613669475048562,0.269419062887864,FALSE,66,15,79903872,"estimated","historical_ld_1991"
"ling_distance_nonzero_mean_1991","historical_ld_support","1981_1991","main_worker_share","none",0.00226632194672876,0.00157968046397824,0.233263633881843,0.228584897778186,FALSE,66,15,79903872,"estimated","historical_ld_1991"
"ling_distance_nonzero_mean_1991","historical_ld_support","1981_1991","main_worker_share","state",-0.00416093703962882,0.000723380599929299,0.0305955645307774,-0.419678840968686,FALSE,66,15,79903872,"estimated","historical_ld_1991"
"ling_distance_nonzero_mean_1991","historical_ld_support","1981_1991","nonfarm_worker_share_main_workers","none",-0.00616283621348252,0.00257432924030382,0.0830225692350764,-0.320319735436954,FALSE,66,15,79903872,"estimated","historical_ld_1991"
"ling_distance_nonzero_mean_1991","historical_ld_support","1981_1991","nonfarm_worker_share_main_workers","state",0.00250976428331948,0.00257113212233923,0.434149271604914,0.130447573713423,FALSE,66,15,79903872,"estimated","historical_ld_1991"
"ling_distance_nonzero_mean_1991","historical_ld_support","1981_1991","literate_share_population","none",0.000474810385427376,0.00282387477845284,0.875607913685174,0.0334515607883705,FALSE,66,15,79903872,"estimated","historical_ld_1991"
"ling_distance_nonzero_mean_1991","historical_ld_support","1981_1991","literate_share_population","state",0.00269781237320291,0.00256652721485052,0.405809300744044,0.19006752456896,FALSE,66,15,79903872,"estimated","historical_ld_1991"
"ling_distance_nonzero_mean_1991","historical_ld_support","1981_1991","primary_plus_share_population","none",-0.00800851650348759,0.00986720314524065,0.468119479119892,-0.293875263716034,FALSE,59,13,72589117,"estimated","historical_ld_1991"
"ling_distance_nonzero_mean_1991","historical_ld_support","1981_1991","primary_plus_share_population","state",-0.00677156643291789,0.00508941400672432,0.321902000127716,-0.248484956031217,FALSE,59,13,72589117,"estimated","historical_ld_1991"
"ling_distance_nonzero_mean_1991","historical_ld_support","1981_1991","matriculate_plus_share_population","none",0.00366976307461728,0.00258734729144029,0.237951224837033,0.316146422204807,FALSE,59,13,72589117,"estimated","historical_ld_1991"
"ling_distance_nonzero_mean_1991","historical_ld_support","1981_1991","matriculate_plus_share_population","state",-0.000293190879025412,0.00199861802577597,0.897585151363374,-0.0252581012839999,FALSE,59,13,72589117,"estimated","historical_ld_1991"
"ling_distance_nonzero_mean_1991","historical_ld_support","1961_1981","log_population","none",-0.0227494475667152,0.0104181994433222,0.102984117123371,-0.433843926475469,FALSE,66,15,79903872,"estimated","historical_ld_1991"
"ling_distance_nonzero_mean_1991","historical_ld_support","1961_1981","log_population","state",-0.0216714547159005,0.00804887241312565,0.117720506558039,-0.413286036015122,FALSE,66,15,79903872,"estimated","historical_ld_1991"
"ling_distance_nonzero_mean_1991","historical_ld_support","1961_1981","urban_share","none",0.000502166453080692,0.0033554821028912,0.889146067362013,0.0210311419719739,FALSE,66,15,79903872,"estimated","historical_ld_1991"
"ling_distance_nonzero_mean_1991","historical_ld_support","1961_1981","urban_share","state",-0.0034632857361964,0.0072703305565899,0.681820689049568,-0.14504524059825,FALSE,66,15,79903872,"estimated","historical_ld_1991"
"ling_distance_nonzero_mean_1991","historical_ld_support","1961_1981","main_worker_share","none",-0.00167989248472328,0.00141885663951802,0.309593786633665,-0.116103289901028,TRUE,66,15,79903872,"estimated","historical_ld_1991"
"ling_distance_nonzero_mean_1991","historical_ld_support","1961_1981","main_worker_share","state",-0.000136620613090164,0.00525475653670868,0.981671051209032,-0.00944233204940878,TRUE,66,15,79903872,"estimated","historical_ld_1991"
"ling_distance_nonzero_mean_1991","historical_ld_support","1961_1981","nonfarm_worker_share_main_workers","none",-0.00594807694329683,0.0148356260910864,0.711410579114943,-0.129506290968054,TRUE,66,15,79903872,"estimated","historical_ld_1991"
"ling_distance_nonzero_mean_1991","historical_ld_support","1961_1981","nonfarm_worker_share_main_workers","state",0.0165727918036979,0.023022084547414,0.547991765557405,0.360836084997426,TRUE,66,15,79903872,"estimated","historical_ld_1991"
"ling_distance_nonzero_mean_1991","historical_ld_support","1961_1981","literate_share_population","none",0.00183456801536788,0.013507582753724,0.899311824919398,0.0511228910403931,FALSE,66,15,79903872,"estimated","historical_ld_1991"
"ling_distance_nonzero_mean_1991","historical_ld_support","1961_1981","literate_share_population","state",-0.00523602023421382,0.00439124100771428,0.357998310418938,-0.145909276558128,FALSE,66,15,79903872,"estimated","historical_ld_1991"
"ling_distance_nonzero_mean_1991","historical_ld_support","1961_1981","primary_plus_share_population","none",0.0200986159533468,0.0162922845279452,0.292724365181526,0.388730559056225,FALSE,66,15,79903872,"estimated","historical_ld_1991"
"ling_distance_nonzero_mean_1991","historical_ld_support","1961_1981","primary_plus_share_population","state",0.0103736147833192,0.00987941604348628,0.406220388319638,0.200637749560169,FALSE,66,15,79903872,"estimated","historical_ld_1991"
"ling_distance_nonzero_mean_1991","historical_ld_support","1961_1981","matriculate_plus_share_population","none",-0.000843336463959436,0.00348360829932711,0.822042494683688,-0.0528335645479092,FALSE,66,15,79903872,"estimated","historical_ld_1991"
"ling_distance_nonzero_mean_1991","historical_ld_support","1961_1981","matriculate_plus_share_population","state",0.00542020013410754,0.00591690310122601,0.458417338456248,0.339566123233267,FALSE,66,15,79903872,"estimated","historical_ld_1991"
"ling_distance_nonzero_mean_1991","historical_ld_support","1961_1991","log_population","none",-0.0378481763335163,0.0143833054289712,0.0656794883138408,-0.427556345077707,FALSE,66,15,79903872,"estimated","historical_ld_1991"
"ling_distance_nonzero_mean_1991","historical_ld_support","1961_1991","log_population","state",-0.0518004979277317,0.0364459546202188,0.294025984060617,-0.585170375767182,FALSE,66,15,79903872,"estimated","historical_ld_1991"
"ling_distance_nonzero_mean_1991","historical_ld_support","1961_1991","urban_share","none",0.00157702188163903,0.00610540201256442,0.810446716079644,0.038434826289311,FALSE,66,15,79903872,"estimated","historical_ld_1991"
"ling_distance_nonzero_mean_1991","historical_ld_support","1961_1991","urban_share","state",0.00295963109504504,0.00720618437383238,0.721988349172641,0.0721314703003827,FALSE,66,15,79903872,"estimated","historical_ld_1991"
"ling_distance_nonzero_mean_1991","historical_ld_support","1961_1991","main_worker_share","none",0.000586429462005478,0.00268363977498761,0.839000157660927,0.0293900458690451,TRUE,66,15,79903872,"estimated","historical_ld_1991"
"ling_distance_nonzero_mean_1991","historical_ld_support","1961_1991","main_worker_share","state",-0.00429755765271899,0.00509345882234948,0.489559342982938,-0.215380407570821,TRUE,66,15,79903872,"estimated","historical_ld_1991"
"ling_distance_nonzero_mean_1991","historical_ld_support","1961_1991","nonfarm_worker_share_main_workers","none",-0.0121109131567794,0.0166109128880796,0.511111139139405,-0.22686269311829,TRUE,66,15,79903872,"estimated","historical_ld_1991"
"ling_distance_nonzero_mean_1991","historical_ld_support","1961_1991","nonfarm_worker_share_main_workers","state",0.0190825560870174,0.0247350554331094,0.522853752832404,0.35745612320391,TRUE,66,15,79903872,"estimated","historical_ld_1991"
"ling_distance_nonzero_mean_1991","historical_ld_support","1961_1991","literate_share_population","none",0.00230937840079526,0.0153031964262343,0.88822707462233,0.0548724261316515,FALSE,66,15,79903872,"estimated","historical_ld_1991"
"ling_distance_nonzero_mean_1991","historical_ld_support","1961_1991","literate_share_population","state",-0.0025382078610109,0.00437694727164631,0.621889592200735,-0.0603095721827726,FALSE,66,15,79903872,"estimated","historical_ld_1991"
"ling_distance_nonzero_mean_1991","historical_ld_support","1961_1991","primary_plus_share_population","none",0.0125327929397026,0.0236444091206867,0.627611347196288,0.197516750953424,FALSE,59,13,72589117,"estimated","historical_ld_1991"
"ling_distance_nonzero_mean_1991","historical_ld_support","1961_1991","primary_plus_share_population","state",0.00404561900089806,0.00950295022446127,0.714084025532795,0.0637589342213915,FALSE,59,13,72589117,"estimated","historical_ld_1991"
"ling_distance_nonzero_mean_1991","historical_ld_support","1961_1991","matriculate_plus_share_population","none",0.00282301500577416,0.00602545948238324,0.666837746437922,0.111286056590924,FALSE,59,13,72589117,"estimated","historical_ld_1991"
"ling_distance_nonzero_mean_1991","historical_ld_support","1961_1991","matriculate_plus_share_population","state",0.00495155628428277,0.00786317865751322,0.596823493417121,0.195195268795507,FALSE,59,13,72589117,"estimated","historical_ld_1991"
