"source_vintage","target_vintage","source_state_code","source_district_code","source_unit_id","target_state_code","target_district_code","target_unit_id","population_weight","area_weight","source_coverage","target_coverage","mapping_class","evidence_source","transition_id"
1991,2001,"02","01","census1991__02__01","28","11","census2001__28__11",0.999971174356708,0.999950045263942,0.997653958944282,0.99357476635514,"non_nested_or_incomplete","district_transition","shrug_1991_2001"
1991,2001,"02","02","census1991__02__02","28","12","census2001__28__12",0.999481828897245,0.999574942674123,0.995212038303694,0.994531784005468,"non_nested_or_incomplete","district_transition","shrug_1991_2001"
1991,2001,"02","03","census1991__02__03","28","13","census2001__28__13",0.999451470622245,0.997994529721596,0.990108803165183,0.970274636510501,"non_nested_or_incomplete","district_transition","shrug_1991_2001"
1991,2001,"02","04","census1991__02__04","28","14","census2001__28__14",0.999959988867621,0.999253470722333,0.995478522984175,0.99398043641836,"non_nested_or_incomplete","district_transition","shrug_1991_2001"
1991,2001,"02","05","census1991__02__05","28","15","census2001__28__15",0.999969191330557,1,0.993946731234867,0.972748815165877,"non_nested_or_incomplete","district_transition","shrug_1991_2001"
1991,2001,"02","06","census1991__02__06","28","16","census2001__28__16",0.999122581097709,1,0.997856377277599,0.99572192513369,"non_nested_or_incomplete","district_transition","shrug_1991_2001"
1991,2001,"02","07","census1991__02__07","28","17","census2001__28__17",0.999862096718785,0.99843772647631,0.998546511627907,0.998546511627907,"non_nested_or_incomplete","district_transition","shrug_1991_2001"
1991,2001,"02","08","census1991__02__08","28","18","census2001__28__18",0.999387534643818,0.998284337236966,0.985915492957746,0.990899898887765,"non_nested_or_incomplete","district_transition","shrug_1991_2001"
1991,2001,"02","09","census1991__02__09","28","19","census2001__28__19",0.999299630687433,0.999903891790165,0.993542435424354,0.985361390667887,"non_nested_or_incomplete","district_transition","shrug_1991_2001"
1991,2001,"02","10","census1991__02__10","28","23","census2001__28__23",0.999981226462678,1,0.997896213183731,0.973990417522245,"non_nested_or_incomplete","district_transition","shrug_1991_2001"
1991,2001,"02","11","census1991__02__11","28","20","census2001__28__20",0.998679522084407,1,0.988532110091743,0.993095512082854,"non_nested_or_incomplete","district_transition","shrug_1991_2001"
1991,2001,"02","12","census1991__02__12","28","22","census2001__28__22",0.99903659306511,0.99949638654886,0.996774193548387,0.998921251348436,"non_nested_or_incomplete","district_transition","shrug_1991_2001"
1991,2001,"02","12","census1991__02__12","28","20","census2001__28__20",0.000930610103064044,0.000503613451139787,0.996774193548387,0.993095512082854,"non_nested_or_incomplete","district_transition","shrug_1991_2001"
1991,2001,"02","13","census1991__02__13","28","21","census2001__28__21",0.999995625875035,1,0.998851894374282,0.994285714285714,"non_nested_or_incomplete","district_transition","shrug_1991_2001"
1991,2001,"02","14","census1991__02__14","28","07","census2001__28__07",0.998585658341593,0.998664013695649,0.993252361673414,0.994594594594595,"non_nested_or_incomplete","district_transition","shrug_1991_2001"
1991,2001,"02","15","census1991__02__15","28","06","census2001__28__06",0.99960460559524,0.999411625651682,0.995243757431629,0.99288256227758,"non_nested_or_incomplete","district_transition","shrug_1991_2001"
1991,2001,"02","16","census1991__02__16","28","05","census2001__28__05",1,1,1,1,"deterministic_containment","district_transition","shrug_1991_2001"
1991,2001,"02","17","census1991__02__17","28","04","census2001__28__04",0.999957626557555,0.999921610954717,0.997538966365874,0.994276369582993,"non_nested_or_incomplete","district_transition","shrug_1991_2001"
1991,2001,"02","18","census1991__02__18","28","02","census2001__28__02",0.999972031656097,1,0.994138335287222,0.99647473560517,"non_nested_or_incomplete","district_transition","shrug_1991_2001"
1991,2001,"02","19","census1991__02__19","28","01","census2001__28__01",0.999108184458718,0.997822408864912,0.991782553729456,0.984934086629002,"non_nested_or_incomplete","district_transition","shrug_1991_2001"
1991,2001,"02","20","census1991__02__20","28","03","census2001__28__03",0.999639438857341,1,0.996146435452794,0.996146435452794,"non_nested_or_incomplete","district_transition","shrug_1991_2001"
1991,2001,"02","21","census1991__02__21","28","09","census2001__28__09",0.999961506301205,1,0.996923076923077,0.997946611909651,"non_nested_or_incomplete","district_transition","shrug_1991_2001"
1991,2001,"02","22","census1991__02__22","28","10","census2001__28__10",0.998955234860044,0.999543628523818,0.986288848263254,0.979128856624319,"non_nested_or_incomplete","district_transition","shrug_1991_2001"
1991,2001,"02","23","census1991__02__23","28","08","census2001__28__08",0.999992627390788,1,0.999105545617174,0.994657168299199,"non_nested_or_incomplete","district_transition","shrug_1991_2001"
1991,2001,"03","01","census1991__03__01","12","01","census2001__12__01",0.992274434757956,0.997535998046771,0.956896551724138,0.656804733727811,"non_nested_or_incomplete","district_transition","shrug_1991_2001"
1991,2001,"03","02","census1991__03__02","12","02","census2001__12__02",0.997251173107481,1,0.974025974025974,0.394736842105263,"non_nested_or_incomplete","district_transition","shrug_1991_2001"
1991,2001,"03","03","census1991__03__03","12","03","census2001__12__03",0.987604916989883,0.989274183334331,0.961389961389961,0.802588996763754,"non_nested_or_incomplete","district_transition","shrug_1991_2001"
1991,2001,"03","03","census1991__03__03","12","07","census2001__12__07",0.00133390793983049,0.00440771977498707,0.961389961389961,0.223880597014925,"non_nested_or_incomplete","district_transition","shrug_1991_2001"
1991,2001,"03","04","census1991__03__04","12","05","census2001__12__05",0.545926254099466,0.886560833263563,0.952380952380952,0.484154929577465,"non_nested_or_incomplete","district_transition","shrug_1991_2001"
1991,2001,"03","04","census1991__03__04","12","04","census2001__12__04",0.447731905096028,0.0964277818325148,0.952380952380952,0.419512195121951,"non_nested_or_incomplete","district_transition","shrug_1991_2001"
1991,2001,"03","05","census1991__03__05","12","06","census2001__12__06",0.989264061973729,0.890360623755388,0.964673913043478,0.89873417721519,"non_nested_or_incomplete","district_transition","shrug_1991_2001"
1991,2001,"03","06","census1991__03__06","12","07","census2001__12__07",0.999155515135767,1,0.983333333333333,0.223880597014925,"non_nested_or_incomplete","district_transition","shrug_1991_2001"
1991,2001,"03","07","census1991__03__07","12","08","census2001__12__08",0.747330550252785,0.541831607261841,0.984536082474227,0.894366197183099,"non_nested_or_incomplete","district_transition","shrug_1991_2001"
1991,2001,"03","07","census1991__03__07","12","09","census2001__12__09",0.250131112463026,0.458168392738159,0.984536082474227,0.744186046511628,"non_nested_or_incomplete","district_transition","shrug_1991_2001"
1991,2001,"03","08","census1991__03__08","12","10","census2001__12__10",0.993334593930226,0.985108720992173,0.947368421052632,0.244897959183673,"non_nested_or_incomplete","district_transition","shrug_1991_2001"
1991,2001,"03","09","census1991__03__09","12","11","census2001__12__11",0.991101330939765,0.979934658126787,0.954347826086957,0.897540983606557,"non_nested_or_incomplete","district_transition","shrug_1991_2001"
1991,2001,"03","09","census1991__03__09","12","05","census2001__12__05",4.82574244047447e-05,0.000278059897486906,0.954347826086957,0.484154929577465,"non_nested_or_incomplete","district_transition","shrug_1991_2001"
1991,2001,"03","10","census1991__03__10","12","12","census2001__12__12",1,1,1,0.179916317991632,"deterministic_containment","district_transition","shrug_1991_2001"
1991,2001,"03","11","census1991__03__11","12","13","census2001__12__13",1,1,1,0.908536585365854,"deterministic_containment","district_transition","shrug_1991_2001"
1991,2001,"04","01","census1991__04__01","18","02","census2001__18__02",0.994790905510543,0.973513229471315,0.968333333333333,0.915681639085894,"non_nested_or_incomplete","district_transition","shrug_1991_2001"
1991,2001,"04","02","census1991__04__02","18","01","census2001__18__01",0.991411985203828,0.9870772357808,0.980349344978166,0.941299790356394,"non_nested_or_incomplete","district_transition","shrug_1991_2001"
1991,2001,"04","03","census1991__04__03","18","04","census2001__18__04",0.989040559835447,0.99151198545429,0.986095017381228,0.960496613995485,"non_nested_or_incomplete","district_transition","shrug_1991_2001"
1991,2001,"04","04","census1991__04__04","18","03","census2001__18__03",0.989196964911467,0.990519486647355,0.966487935656836,0.944954128440367,"non_nested_or_incomplete","district_transition","shrug_1991_2001"
1991,2001,"04","05","census1991__04__05","18","05","census2001__18__05",0.997552605561113,0.996110765497245,0.990467111534795,0.982970671712394,"non_nested_or_incomplete","district_transition","shrug_1991_2001"
1991,2001,"04","06","census1991__04__06","18","07","census2001__18__07",0.993895854477013,0.985126092235591,0.980099502487562,0.985,"non_nested_or_incomplete","district_transition","shrug_1991_2001"
1991,2001,"04","07","census1991__04__07","18","06","census2001__18__06",0.998890354081562,0.998130669321181,0.993098159509202,0.958549222797927,"non_nested_or_incomplete","district_transition","shrug_1991_2001"
1991,2001,"04","08","census1991__04__08","18","08","census2001__18__08",0.99002198780929,0.997456053253159,0.988704819277108,0.99244142101285,"non_nested_or_incomplete","district_transition","shrug_1991_2001"
1991,2001,"04","09","census1991__04__09","18","11","census2001__18__11",0.991644410058702,0.993036327885822,0.976470588235294,0.884464385866517,"non_nested_or_incomplete","district_transition","shrug_1991_2001"
1991,2001,"04","10","census1991__04__10","18","12","census2001__18__12",0.995765334682541,0.99812388274887,0.992825112107623,0.970201577563541,"non_nested_or_incomplete","district_transition","shrug_1991_2001"
1991,2001,"04","11","census1991__04__11","18","13","census2001__18__13",0.974533853427794,0.978772109306641,0.9662100456621,0.853914447134786,"non_nested_or_incomplete","district_transition","shrug_1991_2001"
1991,2001,"04","12","census1991__04__12","18","09","census2001__18__09",0.99289649990608,0.994772509665161,0.985964912280702,0.949324324324324,"non_nested_or_incomplete","district_transition","shrug_1991_2001"
1991,2001,"04","13","census1991__04__13","18","10","census2001__18__10",0.997864433148482,0.996892236815745,0.986100950987564,0.973285198555957,"non_nested_or_incomplete","district_transition","shrug_1991_2001"
1991,2001,"04","14","census1991__04__14","18","18","census2001__18__18",0.993173646965309,0.997737286217382,0.98384030418251,0.965485074626866,"non_nested_or_incomplete","district_transition","shrug_1991_2001"
1991,2001,"04","15","census1991__04__15","18","17","census2001__18__17",0.996141950187205,0.99373245807907,0.966165413533835,0.97103274559194,"non_nested_or_incomplete","district_transition","shrug_1991_2001"
1991,2001,"04","16","census1991__04__16","18","16","census2001__18__16",0.999216180169913,0.999018847753688,0.993063583815029,0.986222732491389,"non_nested_or_incomplete","district_transition","shrug_1991_2001"
1991,2001,"04","17","census1991__04__17","18","15","census2001__18__15",0.997900742014951,0.998649311825552,0.988390092879257,0.96962794229309,"non_nested_or_incomplete","district_transition","shrug_1991_2001"
1991,2001,"04","18","census1991__04__18","18","14","census2001__18__14",0.992233318837808,0.979843176794696,0.971326164874552,0.970456580125336,"non_nested_or_incomplete","district_transition","shrug_1991_2001"
1991,2001,"04","19","census1991__04__19","18","19","census2001__18__19",0.944076955575451,0.957934774228494,0.892239646160032,0.873622047244095,"non_nested_or_incomplete","district_transition","shrug_1991_2001"
1991,2001,"04","20","census1991__04__20","18","20","census2001__18__20",0.977323399482073,0.986198298347275,0.953900709219858,0.892205638474295,"non_nested_or_incomplete","district_transition","shrug_1991_2001"
1991,2001,"04","21","census1991__04__21","18","22","census2001__18__22",0.996051923626898,0.995762730126773,0.988814317673378,0.962962962962963,"non_nested_or_incomplete","district_transition","shrug_1991_2001"
1991,2001,"04","22","census1991__04__22","18","23","census2001__18__23",0.999255572618445,0.997791392885059,0.99390243902439,0.987878787878788,"non_nested_or_incomplete","district_transition","shrug_1991_2001"
1991,2001,"04","23","census1991__04__23","18","21","census2001__18__21",0.999543806838658,0.998335353932688,0.989151873767258,0.977582846003899,"non_nested_or_incomplete","district_transition","shrug_1991_2001"
1991,2001,"05","01","census1991__05__01","10","28","census2001__10__28",0.99949491628927,0.985439748704533,0.996832937450515,0.991338582677165,"non_nested_or_incomplete","district_transition","shrug_1991_2001"
1991,2001,"05","02","census1991__05__02","10","27","census2001__10__27",0.994207192710692,0.98917627509922,0.997995991983968,0.996990972918756,"non_nested_or_incomplete","district_transition","shrug_1991_2001"
1991,2001,"05","02","census1991__05__02","10","26","census2001__10__26",0.000869872046726844,0.00505063260077119,0.997995991983968,0.977272727272727,"non_nested_or_incomplete","district_transition","shrug_1991_2001"
1991,2001,"05","03","census1991__05__03","10","29","census2001__10__29",0.62184237377046,0.604091861825669,0.99393605292172,0.992039800995025,"non_nested_or_incomplete","district_transition","shrug_1991_2001"
1991,2001,"05","03","census1991__05__03","10","30","census2001__10__30",0.377224090566499,0.393570606309041,0.99393605292172,0.981729598051157,"non_nested_or_incomplete","district_transition","shrug_1991_2001"
1991,2001,"05","04","census1991__05__04","10","32","census2001__10__32",0.66474455092048,0.542061496627294,0.992642140468227,0.986588921282799,"non_nested_or_incomplete","district_transition","shrug_1991_2001"
1991,2001,"05","04","census1991__05__04","10","31","census2001__10__31",0.334593923106889,0.453105951105614,0.992642140468227,0.945845697329377,"non_nested_or_incomplete","district_transition","shrug_1991_2001"
1991,2001,"05","04","census1991__05__04","10","19","census2001__10__19",0.000271280661333429,0.000173200329428608,0.992642140468227,0.980444444444444,"non_nested_or_incomplete","district_transition","shrug_1991_2001"
1991,2001,"05","05","census1991__05__05","10","34","census2001__10__34",0.99962457976316,0.999004237426039,0.996555683122847,0.995412844036697,"non_nested_or_incomplete","district_transition","shrug_1991_2001"
1991,2001,"05","06","census1991__05__06","10","33","census2001__10__33",1,1,1,0.996432818073722,"deterministic_containment","district_transition","shrug_1991_2001"
1991,2001,"05","07","census1991__05__07","10","35","census2001__10__35",0.999905605771188,0.999360009791628,0.99848828420257,0.984351713859911,"non_nested_or_incomplete","district_transition","shrug_1991_2001"
1991,2001,"05","08","census1991__05__08","10","36","census2001__10__36",0.999996319984691,0.996958387484042,0.9979035639413,0.98960498960499,"non_nested_or_incomplete","district_transition","shrug_1991_2001"
1991,2001,"05","09","census1991__05__09","10","17","census2001__10__17",0.999999611310099,0.999084797974693,0.999360613810742,0.995541401273885,"non_nested_or_incomplete","district_transition","shrug_1991_2001"
1991,2001,"05","10","census1991__05__10","10","16","census2001__10__16",0.999972350689113,0.999916557676758,0.999302163293789,0.993754337265788,"non_nested_or_incomplete","district_transition","shrug_1991_2001"
1991,2001,"05","11","census1991__05__11","10","15","census2001__10__15",0.998043196366858,0.989408892231445,0.991310644460536,0.987022350396539,"non_nested_or_incomplete","district_transition","shrug_1991_2001"
1991,2001,"05","12","census1991__05__12","10","01","census2001__10__01",0.997351357814845,0.992347405827974,0.988243938280676,0.988970588235294,"non_nested_or_incomplete","district_transition","shrug_1991_2001"
1991,2001,"05","13","census1991__05__13","10","02","census2001__10__02",0.999923012160774,0.999551823821344,0.998405103668262,0.988941548183254,"non_nested_or_incomplete","district_transition","shrug_1991_2001"
1991,2001,"05","14","census1991__05__14","10","04","census2001__10__04",0.841789759125568,0.831618570389551,0.996969696969697,0.990074441687345,"non_nested_or_incomplete","district_transition","shrug_1991_2001"
1991,2001,"05","14","census1991__05__14","10","03","census2001__10__03",0.157622324111069,0.167085820281379,0.996969696969697,0.994736842105263,"non_nested_or_incomplete","district_transition","shrug_1991_2001"
1991,2001,"05","15","census1991__05__15","10","14","census2001__10__14",0.999859787730817,0.999653142552584,0.999414862492686,0.991294254207777,"non_nested_or_incomplete","district_transition","shrug_1991_2001"
1991,2001,"05","16","census1991__05__16","10","18","census2001__10__18",0.99878771997637,0.980741477207361,0.990734141126158,0.980945659844742,"non_nested_or_incomplete","district_transition","shrug_1991_2001"
1991,2001,"05","17","census1991__05__17","10","20","census2001__10__20",0.993518997126798,0.98749656203274,0.970948012232416,0.920174165457184,"non_nested_or_incomplete","district_transition","shrug_1991_2001"
1991,2001,"05","17","census1991__05__17","10","24","census2001__10__24",0.000568703054348687,NA,0.970948012232416,0.954631379962193,"non_nested_or_incomplete","district_transition","shrug_1991_2001"
1991,2001,"05","18","census1991__05__18","10","19","census2001__10__19",0.999531456287595,0.997511311889528,0.993688007213706,0.980444444444444,"non_nested_or_incomplete","district_transition","shrug_1991_2001"
1991,2001,"05","19","census1991__05__19","10","13","census2001__10__13",0.999960929261631,0.99972017810307,0.99808429118774,0.983018867924528,"non_nested_or_incomplete","district_transition","shrug_1991_2001"
1991,2001,"05","20","census1991__05__20","10","05","census2001__10__05",0.999793954053521,0.998884874006178,0.996124031007752,0.991321118611379,"non_nested_or_incomplete","district_transition","shrug_1991_2001"
1991,2001,"05","21","census1991__05__21","10","06","census2001__10__06",0.534458774432367,0.585978509014494,0.994791666666667,0.98292220113852,"non_nested_or_incomplete","district_transition","shrug_1991_2001"
1991,2001,"05","21","census1991__05__21","10","12","census2001__10__12",0.460253321810083,0.407472864215866,0.994791666666667,0.98868778280543,"non_nested_or_incomplete","district_transition","shrug_1991_2001"
1991,2001,"05","22","census1991__05__22","10","11","census2001__10__11",1,1,1,0.971204188481675,"deterministic_containment","district_transition","shrug_1991_2001"
1991,2001,"05","23","census1991__05__23","10","09","census2001__10__09",0.997816463682802,0.997188732517294,0.984200743494424,0.963603275705187,"non_nested_or_incomplete","district_transition","shrug_1991_2001"
1991,2001,"05","24","census1991__05__24","10","10","census2001__10__10",0.978243434243829,0.974061982570519,0.990147783251232,0.940717628705148,"non_nested_or_incomplete","district_transition","shrug_1991_2001"
1991,2001,"05","25","census1991__05__25","10","21","census2001__10__21",0.998692296705823,0.990024215534591,0.983539094650206,0.983539094650206,"non_nested_or_incomplete","district_transition","shrug_1991_2001"
1991,2001,"05","26","census1991__05__26","10","37","census2001__10__37",0.343713933160676,0.495596694806632,0.993338884263114,0.973384030418251,"non_nested_or_incomplete","district_transition","shrug_1991_2001"
1991,2001,"05","26","census1991__05__26","10","24","census2001__10__24",0.306974772794242,0.190834096396853,0.993338884263114,0.954631379962193,"non_nested_or_incomplete","district_transition","shrug_1991_2001"
1991,2001,"05","26","census1991__05__26","10","25","census2001__10__25",0.210632467440301,0.193259045459753,0.993338884263114,0.963788300835655,"non_nested_or_incomplete","district_transition","shrug_1991_2001"
1991,2001,"05","26","census1991__05__26","10","26","census2001__10__26",0.136875178034667,0.114453856406833,0.993338884263114,0.977272727272727,"non_nested_or_incomplete","district_transition","shrug_1991_2001"
1991,2001,"05","27","census1991__05__27","10","22","census2001__10__22",0.590940214785859,0.437936373250105,0.99167327517843,0.948827292110874,"non_nested_or_incomplete","district_transition","shrug_1991_2001"
1991,2001,"05","27","census1991__05__27","10","23","census2001__10__23",0.405527532015852,0.552926030219059,0.99167327517843,0.957219251336898,"non_nested_or_incomplete","district_transition","shrug_1991_2001"
1991,2001,"05","28","census1991__05__28","20","08","census2001__20__08",0.999262641346429,0.995842639533718,0.988125,0.967564259485924,"non_nested_or_incomplete","district_transition","shrug_1991_2001"
1991,2001,"05","29","census1991__05__29","20","09","census2001__20__09",0.549875683584549,0.486739986605464,0.98455114822547,0.953184957789716,"non_nested_or_incomplete","district_transition","shrug_1991_2001"
1991,2001,"05","29","census1991__05__29","20","10","census2001__20__10",0.439327904888793,0.494819675486574,0.98455114822547,0.988485385296723,"non_nested_or_incomplete","district_transition","shrug_1991_2001"
1991,2001,"05","30","census1991__05__30","20","11","census2001__20__11",0.999866952729441,0.998657270860747,0.997578040904198,0.990911520983694,"non_nested_or_incomplete","district_transition","shrug_1991_2001"
1991,2001,"05","31","census1991__05__31","20","07","census2001__20__07",0.999356991061104,0.997887541186547,0.993562231759657,0.982180738226559,"non_nested_or_incomplete","district_transition","shrug_1991_2001"
1991,2001,"05","32","census1991__05__32","20","12","census2001__20__12",0.719536055025683,0.680507530977952,0.995028409090909,0.988860325621251,"non_nested_or_incomplete","district_transition","shrug_1991_2001"
1991,2001,"05","32","census1991__05__32","20","13","census2001__20__13",0.270338149883097,0.316082795841211,0.995028409090909,0.981102362204724,"non_nested_or_incomplete","district_transition","shrug_1991_2001"
1991,2001,"05","33","census1991__05__33","20","06","census2001__20__06",0.677641347309756,0.712180195540767,0.9951270449008,0.97910094637224,"non_nested_or_incomplete","district_transition","shrug_1991_2001"
1991,2001,"05","33","census1991__05__33","20","13","census2001__20__13",0.322282103058452,0.285452424278248,0.9951270449008,0.981102362204724,"non_nested_or_incomplete","district_transition","shrug_1991_2001"
1991,2001,"05","34","census1991__05__34","20","04","census2001__20__04",0.644831283791358,0.541693851988847,0.995242343146001,0.978927203065134,"non_nested_or_incomplete","district_transition","shrug_1991_2001"
1991,2001,"05","34","census1991__05__34","20","03","census2001__20__03",0.215727482239379,0.335608586880876,0.995242343146001,0.964285714285714,"non_nested_or_incomplete","district_transition","shrug_1991_2001"
1991,2001,"05","34","census1991__05__34","20","05","census2001__20__05",0.139135265540411,0.11980873793587,0.995242343146001,0.981060606060606,"non_nested_or_incomplete","district_transition","shrug_1991_2001"
1991,2001,"05","35","census1991__05__35","20","02","census2001__20__02",0.672480031135885,0.656330463207934,0.99299634591961,0.976923076923077,"non_nested_or_incomplete","district_transition","shrug_1991_2001"
1991,2001,"05","35","census1991__05__35","20","01","census2001__20__01",0.326899046218757,0.340328390565886,0.99299634591961,0.986046511627907,"non_nested_or_incomplete","district_transition","shrug_1991_2001"
1991,2001,"05","36","census1991__05__36","20","15","census2001__20__15",1,1,1,1,"deterministic_containment","district_transition","shrug_1991_2001"
1991,2001,"05","37","census1991__05__37","20","16","census2001__20__16",1,1,1,0.999283154121864,"deterministic_containment","district_transition","shrug_1991_2001"
1991,2001,"05","38","census1991__05__38","20","14","census2001__20__14",0.99931232888237,0.999114311540011,0.997556207233627,0.99125789218067,"non_nested_or_incomplete","district_transition","shrug_1991_2001"
1991,2001,"05","39","census1991__05__39","20","18","census2001__20__18",0.999909490368783,0.998744522794021,0.997482693517936,0.976586568083795,"non_nested_or_incomplete","district_transition","shrug_1991_2001"
1991,2001,"05","40","census1991__05__40","20","17","census2001__20__17",0.998883081509322,0.998549646376479,0.996064400715563,0.996420901932713,"non_nested_or_incomplete","district_transition","shrug_1991_2001"
1991,2001,"05","41","census1991__05__41","10","07","census2001__10__07",1,1,1,0.986033519553073,"deterministic_containment","district_transition","shrug_1991_2001"
1991,2001,"05","42","census1991__05__42","10","08","census2001__10__08",0.999850625999002,0.999457650454482,0.997214484679666,0.976807639836289,"non_nested_or_incomplete","district_transition","shrug_1991_2001"
1991,2001,"06","01","census1991__06__01","30","01","census2001__30__01",1,1,1,0.98728813559322,"deterministic_containment","district_transition","shrug_1991_2001"
1991,2001,"06","02","census1991__06__02","30","02","census2001__30__02",1,1,1,0.987096774193548,"deterministic_containment","district_transition","shrug_1991_2001"
1991,2001,"07","01","census1991__07__01","24","10","census2001__24__10",1,1,1,0.995786516853933,"deterministic_containment","district_transition","shrug_1991_2001"
1991,2001,"07","02","census1991__07__02","24","09","census2001__24__09",1,1,1,0.99882491186839,"deterministic_containment","district_transition","shrug_1991_2001"
1991,2001,"07","03","census1991__07__03","24","08","census2001__24__08",0.99999833781569,1,0.998477929984779,0.998477929984779,"non_nested_or_incomplete","district_transition","shrug_1991_2001"
1991,2001,"07","04","census1991__07__04","24","14","census2001__24__14",0.902568224210551,0.878872089116595,0.998862343572241,0.995006242197253,"non_nested_or_incomplete","district_transition","shrug_1991_2001"
1991,2001,"07","04","census1991__07__04","24","13","census2001__24__13",0.0973730204039038,0.121127910883406,0.998862343572241,0.993579454253612,"non_nested_or_incomplete","district_transition","shrug_1991_2001"
1991,2001,"07","05","census1991__07__05","24","13","census2001__24__13",0.851100377577741,0.913556462987821,0.996683250414594,0.993579454253612,"non_nested_or_incomplete","district_transition","shrug_1991_2001"
1991,2001,"07","05","census1991__07__05","24","12","census2001__24__12",0.134661506083922,0.0808637234149557,0.996683250414594,0.97950377562028,"non_nested_or_incomplete","district_transition","shrug_1991_2001"
1991,2001,"07","05","census1991__07__05","24","20","census2001__24__20",0.00874459277175683,0.00230273218410353,0.996683250414594,1,"non_nested_or_incomplete","district_transition","shrug_1991_2001"
1991,2001,"07","05","census1991__07__05","24","25","census2001__24__25",0.00547801896946655,0.00327708141311974,0.996683250414594,0.991360691144708,"non_nested_or_incomplete","district_transition","shrug_1991_2001"
1991,2001,"07","06","census1991__07__06","24","12","census2001__24__12",0.805104956041261,0.781939478120428,0.986590038314176,0.97950377562028,"non_nested_or_incomplete","district_transition","shrug_1991_2001"
1991,2001,"07","06","census1991__07__06","24","11","census2001__24__11",0.194741441585478,0.21603233556158,0.986590038314176,0.994623655913978,"non_nested_or_incomplete","district_transition","shrug_1991_2001"
1991,2001,"07","07","census1991__07__07","24","01","census2001__24__01",0.999727540662925,0.99797233111685,0.992152466367713,0.98993288590604,"non_nested_or_incomplete","district_transition","shrug_1991_2001"
1991,2001,"07","08","census1991__07__08","24","02","census2001__24__02",0.916115369260175,0.842768657888016,1,0.992776886035313,"non_nested_or_incomplete","district_transition","shrug_1991_2001"
1991,2001,"07","08","census1991__07__08","24","03","census2001__24__03",0.0838846307398247,0.157231342111984,1,0.994208494208494,"non_nested_or_incomplete","district_transition","shrug_1991_2001"
1991,2001,"07","09","census1991__07__09","24","05","census2001__24__05",0.999881699747133,1,0.999266862170088,0.991994177583697,"non_nested_or_incomplete","district_transition","shrug_1991_2001"
1991,2001,"07","10","census1991__07__10","24","04","census2001__24__04",0.55860356184402,0.486757039140361,0.999085086916743,0.994940978077572,"non_nested_or_incomplete","district_transition","shrug_1991_2001"
1991,2001,"07","10","census1991__07__10","24","03","census2001__24__03",0.289835143759511,0.410691601802173,0.999085086916743,0.994208494208494,"non_nested_or_incomplete","district_transition","shrug_1991_2001"
1991,2001,"07","10","census1991__07__10","24","06","census2001__24__06",0.150909384132327,0.10115481717073,0.999085086916743,0.981884057971015,"non_nested_or_incomplete","district_transition","shrug_1991_2001"
1991,2001,"07","11","census1991__07__11","24","06","census2001__24__06",1,1,1,0.981884057971015,"deterministic_containment","district_transition","shrug_1991_2001"
1991,2001,"07","12","census1991__07__12","24","07","census2001__24__07",0.95478224287215,0.94862876414675,1,0.99438202247191,"non_nested_or_incomplete","district_transition","shrug_1991_2001"
1991,2001,"07","12","census1991__07__12","24","06","census2001__24__06",0.0452177571278503,0.0513712358532503,1,0.981884057971015,"non_nested_or_incomplete","district_transition","shrug_1991_2001"
1991,2001,"07","13","census1991__07__13","24","16","census2001__24__16",0.517571101333509,0.565038224111186,1,0.9967585089141,"non_nested_or_incomplete","district_transition","shrug_1991_2001"
1991,2001,"07","13","census1991__07__13","24","15","census2001__24__15",0.479078355690702,0.430099240748242,1,0.997222222222222,"non_nested_or_incomplete","district_transition","shrug_1991_2001"
1991,2001,"07","13","census1991__07__13","24","06","census2001__24__06",0.00335054297578848,0.004862535140572,1,0.981884057971015,"non_nested_or_incomplete","district_transition","shrug_1991_2001"
1991,2001,"07","14","census1991__07__14","24","17","census2001__24__17",0.568944724264065,0.585823409733791,0.9994708994709,0.99168744804655,"non_nested_or_incomplete","district_transition","shrug_1991_2001"
1991,2001,"07","14","census1991__07__14","24","18","census2001__24__18",0.431019079041065,0.41417659026621,0.9994708994709,1,"non_nested_or_incomplete","district_transition","shrug_1991_2001"
1991,2001,"07","15","census1991__07__15","24","19","census2001__24__19",0.9832679413262,0.976075667766494,0.999392466585662,0.995498392282958,"non_nested_or_incomplete","district_transition","shrug_1991_2001"
1991,2001,"07","15","census1991__07__15","24","20","census2001__24__20",0.0167255611654321,0.0239243322335064,0.999392466585662,1,"non_nested_or_incomplete","district_transition","shrug_1991_2001"
1991,2001,"07","16","census1991__07__16","24","21","census2001__24__21",0.74265479628366,0.691803909498457,0.995555555555556,0.998491704374057,"non_nested_or_incomplete","district_transition","shrug_1991_2001"
1991,2001,"07","16","census1991__07__16","24","20","census2001__24__20",0.252790650294765,0.303134694903342,0.995555555555556,1,"non_nested_or_incomplete","district_transition","shrug_1991_2001"
1991,2001,"07","16","census1991__07__16","24","13","census2001__24__13",0.00263429367879468,0.00201835202693357,0.995555555555556,0.993579454253612,"non_nested_or_incomplete","district_transition","shrug_1991_2001"
1991,2001,"07","17","census1991__07__17","24","22","census2001__24__22",0.999663375022427,0.99102417782647,0.996545768566494,0.993970714900947,"non_nested_or_incomplete","district_transition","shrug_1991_2001"
1991,2001,"07","18","census1991__07__18","24","24","census2001__24__24",0.502661481827522,0.424522691024222,0.998809523809524,0.992167101827676,"non_nested_or_incomplete","district_transition","shrug_1991_2001"
1991,2001,"07","18","census1991__07__18","24","25","census2001__24__25",0.493625360956383,0.571334261106759,0.998809523809524,0.991360691144708,"non_nested_or_incomplete","district_transition","shrug_1991_2001"
1991,2001,"07","18","census1991__07__18","24","13","census2001__24__13",0.00366593252332182,0.00414304786901643,0.998809523809524,0.993579454253612,"non_nested_or_incomplete","district_transition","shrug_1991_2001"
1991,2001,"07","19","census1991__07__19","24","23","census2001__24__23",1,1,1,1,"deterministic_containment","district_transition","shrug_1991_2001"
1991,2001,"08","01","census1991__08__01","06","02","census2001__06__02",0.729220565300276,0.700118087431458,0.994100294985251,0.98936170212766,"non_nested_or_incomplete","district_transition","shrug_1991_2001"
1991,2001,"08","01","census1991__08__01","06","01","census2001__06__01",0.2695301271118,0.297040470009574,0.994100294985251,0.981220657276995,"non_nested_or_incomplete","district_transition","shrug_1991_2001"
1991,2001,"08","02","census1991__08__02","06","03","census2001__06__03",0.980417945528308,0.964190229169448,0.990384615384615,0.974235104669887,"non_nested_or_incomplete","district_transition","shrug_1991_2001"
1991,2001,"08","02","census1991__08__02","06","04","census2001__06__04",0.0195045413913598,0.0279221970211016,0.990384615384615,0.985401459854015,"non_nested_or_incomplete","district_transition","shrug_1991_2001"
1991,2001,"08","03","census1991__08__03","06","04","census2001__06__04",0.902422803460872,0.967618170238525,0.982097186700767,0.985401459854015,"non_nested_or_incomplete","district_transition","shrug_1991_2001"
1991,2001,"08","03","census1991__08__03","06","05","census2001__06__05",0.00625700800961282,0.00688824073920414,0.982097186700767,0.989010989010989,"non_nested_or_incomplete","district_transition","shrug_1991_2001"
1991,2001,"08","04","census1991__08__04","06","05","census2001__06__05",0.934872842109412,0.929734367618486,1,0.989010989010989,"non_nested_or_incomplete","district_transition","shrug_1991_2001"
1991,2001,"08","04","census1991__08__04","06","09","census2001__06__09",0.0386449629512849,0.0401891747188664,1,0.983922829581994,"non_nested_or_incomplete","district_transition","shrug_1991_2001"
1991,2001,"08","04","census1991__08__04","06","04","census2001__06__04",0.0167519805297178,0.0195593059711511,1,0.985401459854015,"non_nested_or_incomplete","district_transition","shrug_1991_2001"
1991,2001,"08","04","census1991__08__04","06","06","census2001__06__06",0.00973021440958537,0.0105171516914963,1,0.97887323943662,"non_nested_or_incomplete","district_transition","shrug_1991_2001"
1991,2001,"08","05","census1991__08__05","06","06","census2001__06__06",0.976413724690456,0.975595427074034,0.989473684210526,0.97887323943662,"non_nested_or_incomplete","district_transition","shrug_1991_2001"
1991,2001,"08","05","census1991__08__05","06","07","census2001__06__07",0.0191426644265957,0.0182069647241697,0.989473684210526,0.967032967032967,"non_nested_or_incomplete","district_transition","shrug_1991_2001"
1991,2001,"08","05","census1991__08__05","06","04","census2001__06__04",0.00236811808051376,0.00278833931621033,0.989473684210526,0.985401459854015,"non_nested_or_incomplete","district_transition","shrug_1991_2001"
1991,2001,"08","06","census1991__08__06","06","07","census2001__06__07",0.805233496708648,0.710612199659071,0.990740740740741,0.967032967032967,"non_nested_or_incomplete","district_transition","shrug_1991_2001"
1991,2001,"08","06","census1991__08__06","06","06","census2001__06__06",0.185930055444627,0.278530360128456,0.990740740740741,0.97887323943662,"non_nested_or_incomplete","district_transition","shrug_1991_2001"
1991,2001,"08","07","census1991__08__07","06","08","census2001__06__08",0.99999322557481,0.997879532795342,0.995884773662551,0.984472049689441,"non_nested_or_incomplete","district_transition","shrug_1991_2001"
1991,2001,"08","08","census1991__08__08","06","14","census2001__06__14",0.438170154876397,0.386600551400936,0.997826086956522,0.965986394557823,"non_nested_or_incomplete","district_transition","shrug_1991_2001"
1991,2001,"08","08","census1991__08__08","06","15","census2001__06__15",0.387602973875736,0.415396997685344,0.997826086956522,0.975806451612903,"non_nested_or_incomplete","district_transition","shrug_1991_2001"
1991,2001,"08","08","census1991__08__08","06","08","census2001__06__08",0.154256407183352,0.173959567211401,0.997826086956522,0.984472049689441,"non_nested_or_incomplete","district_transition","shrug_1991_2001"
1991,2001,"08","08","census1991__08__08","06","13","census2001__06__13",0.0148993410017672,0.0127043701590131,0.997826086956522,0.986455981941309,"non_nested_or_incomplete","district_transition","shrug_1991_2001"
1991,2001,"08","08","census1991__08__08","06","09","census2001__06__09",0.00256754054852946,0.00576086910563229,0.997826086956522,0.983922829581994,"non_nested_or_incomplete","district_transition","shrug_1991_2001"
1991,2001,"08","08","census1991__08__08","06","12","census2001__06__12",0.00247650118437603,0.0045211281704673,0.997826086956522,0.974729241877256,"non_nested_or_incomplete","district_transition","shrug_1991_2001"
1991,2001,"08","09","census1991__08__09","06","19","census2001__06__19",0.99921096028045,0.995674078959082,0.99273607748184,0.978520286396181,"non_nested_or_incomplete","district_transition","shrug_1991_2001"
1991,2001,"08","10","census1991__08__10","06","18","census2001__06__18",0.999912750608297,0.998421435320771,0.995626822157434,0.98132183908046,"non_nested_or_incomplete","district_transition","shrug_1991_2001"
1991,2001,"08","11","census1991__08__11","06","17","census2001__06__17",0.981650316617842,0.975597211270561,0.997518610421836,0.9925,"non_nested_or_incomplete","district_transition","shrug_1991_2001"
1991,2001,"08","11","census1991__08__11","06","15","census2001__06__15",0.0183464301806015,0.0238629812162088,0.997518610421836,0.975806451612903,"non_nested_or_incomplete","district_transition","shrug_1991_2001"
1991,2001,"08","12","census1991__08__12","06","16","census2001__06__16",1,1,1,0.989189189189189,"deterministic_containment","district_transition","shrug_1991_2001"
1991,2001,"08","13","census1991__08__13","06","13","census2001__06__13",0.999848450538926,0.992731259450879,0.995412844036697,0.986455981941309,"non_nested_or_incomplete","district_transition","shrug_1991_2001"
1991,2001,"08","14","census1991__08__14","06","09","census2001__06__09",0.98063611340778,0.975270031260911,1,0.983922829581994,"non_nested_or_incomplete","district_transition","shrug_1991_2001"
1991,2001,"08","14","census1991__08__14","06","05","census2001__06__05",0.0105820050445321,0.0130922607754022,1,0.989010989010989,"non_nested_or_incomplete","district_transition","shrug_1991_2001"
1991,2001,"08","14","census1991__08__14","06","06","census2001__06__06",0.00878188154768757,0.0116377079636863,1,0.97887323943662,"non_nested_or_incomplete","district_transition","shrug_1991_2001"
1991,2001,"08","15","census1991__08__15","06","12","census2001__06__12",0.649007115351919,0.61222029367018,1,0.974729241877256,"non_nested_or_incomplete","district_transition","shrug_1991_2001"
1991,2001,"08","15","census1991__08__15","06","10","census2001__06__10",0.350992884648081,0.38777970632982,1,0.983805668016194,"non_nested_or_incomplete","district_transition","shrug_1991_2001"
1991,2001,"08","16","census1991__08__16","06","11","census2001__06__11",0.996964217156402,0.99929424642702,0.996875,0.984567901234568,"non_nested_or_incomplete","district_transition","shrug_1991_2001"
1991,2001,"09","01","census1991__09__01","02","01","census2001__02__01",0.993396662988258,0.985482403781777,0.955613577023499,0.977738201246661,"non_nested_or_incomplete","district_transition","shrug_1991_2001"
1991,2001,"09","02","census1991__09__02","02","02","census2001__02__02",0.999269253299658,0.998823683435284,0.990889011595803,0.989795918367347,"non_nested_or_incomplete","district_transition","shrug_1991_2001"
1991,2001,"09","03","census1991__09__03","02","06","census2001__02__06",0.999991795859097,1,0.998760842627014,0.984126984126984,"non_nested_or_incomplete","district_transition","shrug_1991_2001"
1991,2001,"09","04","census1991__09__04","02","07","census2001__02__07",0.999980516254315,1,0.998031496062992,0.66798418972332,"non_nested_or_incomplete","district_transition","shrug_1991_2001"
1991,2001,"09","05","census1991__09__05","02","08","census2001__02__08",0.999869891085143,1,0.992623814541623,0.972136222910217,"non_nested_or_incomplete","district_transition","shrug_1991_2001"
1991,2001,"09","06","census1991__09__06","02","05","census2001__02__05",0.999631535415115,0.994567298138611,0.985466146756469,0.979563072586328,"non_nested_or_incomplete","district_transition","shrug_1991_2001"
1991,2001,"09","07","census1991__09__07","02","04","census2001__02__04",1,1,1,0.994318181818182,"deterministic_containment","district_transition","shrug_1991_2001"
1991,2001,"09","08","census1991__09__08","02","03","census2001__02__03",0.995813894037196,0.995798476788003,0.974264705882353,0.923344947735192,"non_nested_or_incomplete","district_transition","shrug_1991_2001"
1991,2001,"09","09","census1991__09__09","02","11","census2001__02__11",0.996859458693968,0.993092137636228,0.983282006159261,0.88479809976247,"non_nested_or_incomplete","district_transition","shrug_1991_2001"
1991,2001,"09","10","census1991__09__10","02","09","census2001__02__09",0.999466296068293,0.999471179147338,0.997017469109502,0.978670012547051,"non_nested_or_incomplete","district_transition","shrug_1991_2001"
1991,2001,"09","11","census1991__09__11","02","10","census2001__02__10",0.999997366036623,1,0.99896694214876,0.997936016511868,"non_nested_or_incomplete","district_transition","shrug_1991_2001"
1991,2001,"09","12","census1991__09__12","02","12","census2001__02__12",0.996520275010523,0.991304665482104,0.951754385964912,0.927350427350427,"non_nested_or_incomplete","district_transition","shrug_1991_2001"
1991,2001,"11","01","census1991__11__01","29","20","census2001__29__20",0.999977115663038,0.99883704985113,0.998191681735985,0.951724137931034,"non_nested_or_incomplete","district_transition","shrug_1991_2001"
1991,2001,"11","02","census1991__11__02","29","21","census2001__29__21",0.998385044209716,0.999289145413846,0.990052662375658,0.9786003470214,"non_nested_or_incomplete","district_transition","shrug_1991_2001"
1991,2001,"11","03","census1991__11__03","29","01","census2001__29__01",0.999985007602277,0.999258659928686,0.999117387466902,0.89912629070691,"non_nested_or_incomplete","district_transition","shrug_1991_2001"
1991,2001,"11","04","census1991__11__04","29","12","census2001__29__12",0.874338316067879,0.850738393996045,0.98989898989899,0.960747663551402,"non_nested_or_incomplete","district_transition","shrug_1991_2001"
1991,2001,"11","04","census1991__11__04","29","14","census2001__29__14",0.125345205923306,0.14910622347608,0.98989898989899,0.956843403205919,"non_nested_or_incomplete","district_transition","shrug_1991_2001"
1991,2001,"11","05","census1991__11__05","29","05","census2001__29__05",0.990366093259868,1,0.98811544991511,0.968386023294509,"non_nested_or_incomplete","district_transition","shrug_1991_2001"
1991,2001,"11","06","census1991__11__06","29","03","census2001__29__03",0.52146112395047,0.611419800863347,0.988897700237906,0.95045045045045,"non_nested_or_incomplete","district_transition","shrug_1991_2001"
1991,2001,"11","06","census1991__11__06","29","02","census2001__29__02",0.47476068666543,0.38582455851635,0.988897700237906,0.968454258675079,"non_nested_or_incomplete","district_transition","shrug_1991_2001"
1991,2001,"11","07","census1991__11__07","29","17","census2001__29__17",0.999637227858087,0.993495014507805,0.988246816846229,0.967401725790987,"non_nested_or_incomplete","district_transition","shrug_1991_2001"
1991,2001,"11","08","census1991__11__08","29","13","census2001__29__13",0.608169797253198,0.773905137657025,0.992979719188768,0.962145110410095,"non_nested_or_incomplete","district_transition","shrug_1991_2001"
1991,2001,"11","08","census1991__11__08","29","14","census2001__29__14",0.391765167685936,0.225362318006904,0.992979719188768,0.956843403205919,"non_nested_or_incomplete","district_transition","shrug_1991_2001"
1991,2001,"11","09","census1991__11__09","29","24","census2001__29__24",0.611146477661768,0.573249853760133,0.998392282958199,1,"non_nested_or_incomplete","district_transition","shrug_1991_2001"
1991,2001,"11","09","census1991__11__09","29","16","census2001__29__16",0.386668739486962,0.426181303561498,0.998392282958199,0.992063492063492,"non_nested_or_incomplete","district_transition","shrug_1991_2001"
1991,2001,"11","10","census1991__11__10","29","09","census2001__29__09",0.393045932591713,0.309692722316255,0.991881918819188,0.970027247956403,"non_nested_or_incomplete","district_transition","shrug_1991_2001"
1991,2001,"11","10","census1991__11__10","29","11","census2001__29__11",0.358707478768138,0.352621620627273,0.991881918819188,0.962857142857143,"non_nested_or_incomplete","district_transition","shrug_1991_2001"
1991,2001,"11","10","census1991__11__10","29","08","census2001__29__08",0.246998095343252,0.337594189543547,0.991881918819188,0.928994082840237,"non_nested_or_incomplete","district_transition","shrug_1991_2001"
1991,2001,"11","11","census1991__11__11","29","04","census2001__29__04",0.987974266355839,0.999497116339647,0.993836671802773,0.940919037199125,"non_nested_or_incomplete","district_transition","shrug_1991_2001"
1991,2001,"11","12","census1991__11__12","29","23","census2001__29__23",0.997725057782414,0.992924893321378,0.990721214677351,0.979566305254379,"non_nested_or_incomplete","district_transition","shrug_1991_2001"
1991,2001,"11","13","census1991__11__13","29","25","census2001__29__25",0.999825981922593,0.999514103093614,0.993243243243243,0.993243243243243,"non_nested_or_incomplete","district_transition","shrug_1991_2001"
1991,2001,"11","14","census1991__11__14","29","19","census2001__29__19",0.998508288273641,0.998043349761306,0.988938817836156,0.976450511945392,"non_nested_or_incomplete","district_transition","shrug_1991_2001"
1991,2001,"11","15","census1991__11__15","29","22","census2001__29__22",0.998688862752634,1,0.991266375545852,0.989825581395349,"non_nested_or_incomplete","district_transition","shrug_1991_2001"
1991,2001,"11","16","census1991__11__16","29","26","census2001__29__26",0.719450981787499,0.609330439408052,0.970979443772672,0.969030154849226,"non_nested_or_incomplete","district_transition","shrug_1991_2001"
1991,2001,"11","16","census1991__11__16","29","27","census2001__29__27",0.275976513853802,0.389387823399465,0.970979443772672,0.976580796252927,"non_nested_or_incomplete","district_transition","shrug_1991_2001"
1991,2001,"11","17","census1991__11__17","29","06","census2001__29__06",0.582055028000974,0.600002444184309,0.994318181818182,0.967780429594272,"non_nested_or_incomplete","district_transition","shrug_1991_2001"
1991,2001,"11","17","census1991__11__17","29","07","census2001__29__07",0.411080119265173,0.397731375617177,0.994318181818182,0.98330550918197,"non_nested_or_incomplete","district_transition","shrug_1991_2001"
1991,2001,"11","18","census1991__11__18","29","15","census2001__29__15",0.755257591291378,0.814040205797546,0.993231810490694,0.975895316804408,"non_nested_or_incomplete","district_transition","shrug_1991_2001"
1991,2001,"11","18","census1991__11__18","29","14","census2001__29__14",0.244625040395601,0.185776254622362,0.993231810490694,0.956843403205919,"non_nested_or_incomplete","district_transition","shrug_1991_2001"
1991,2001,"11","19","census1991__11__19","29","18","census2001__29__18",0.9974075041701,0.9990128422625,0.992899408284024,0.973694390715667,"non_nested_or_incomplete","district_transition","shrug_1991_2001"
1991,2001,"11","20","census1991__11__20","29","10","census2001__29__10",0.999809731832803,0.999601588188765,0.996805111821086,0.992840095465394,"non_nested_or_incomplete","district_transition","shrug_1991_2001"
1991,2001,"12","01","census1991__12__01","32","01","census2001__32__01",1,1,1,1,"deterministic_containment","district_transition","shrug_1991_2001"
1991,2001,"12","02","census1991__12__02","32","02","census2001__32__02",1,1,1,1,"deterministic_containment","district_transition","shrug_1991_2001"
1991,2001,"12","03","census1991__12__03","32","03","census2001__32__03",1,1,1,1,"deterministic_containment","district_transition","shrug_1991_2001"
1991,2001,"12","04","census1991__12__04","32","04","census2001__32__04",1,1,1,1,"deterministic_containment","district_transition","shrug_1991_2001"
1991,2001,"12","05","census1991__12__05","32","05","census2001__32__05",1,1,1,1,"deterministic_containment","district_transition","shrug_1991_2001"
1991,2001,"12","06","census1991__12__06","32","06","census2001__32__06",1,1,1,0.993197278911565,"deterministic_containment","district_transition","shrug_1991_2001"
1991,2001,"12","07","census1991__12__07","32","07","census2001__32__07",1,1,1,0.986607142857143,"deterministic_containment","district_transition","shrug_1991_2001"
1991,2001,"12","08","census1991__12__08","32","08","census2001__32__08",1,1,1,1,"deterministic_containment","district_transition","shrug_1991_2001"
1991,2001,"12","09","census1991__12__09","32","09","census2001__32__09",0.978625612903106,0.89362508239651,1,1,"non_nested_or_incomplete","district_transition","shrug_1991_2001"
1991,2001,"12","09","census1991__12__09","32","08","census2001__32__08",0.0213743870968939,0.10637491760349,1,1,"non_nested_or_incomplete","district_transition","shrug_1991_2001"
1991,2001,"12","10","census1991__12__10","32","10","census2001__32__10",1,1,1,1,"deterministic_containment","district_transition","shrug_1991_2001"
1991,2001,"12","11","census1991__12__11","32","11","census2001__32__11",1,1,1,1,"deterministic_containment","district_transition","shrug_1991_2001"
1991,2001,"12","12","census1991__12__12","32","12","census2001__32__12",1,1,1,1,"deterministic_containment","district_transition","shrug_1991_2001"
1991,2001,"12","13","census1991__12__13","32","13","census2001__32__13",1,1,1,1,"deterministic_containment","district_transition","shrug_1991_2001"
1991,2001,"12","14","census1991__12__14","32","14","census2001__32__14",1,1,1,1,"deterministic_containment","district_transition","shrug_1991_2001"
1991,2001,"13","01","census1991__13__01","23","02","census2001__23__02",0.752702988252177,0.474415399807338,0.985395849346656,0.967088607594937,"non_nested_or_incomplete","district_transition","shrug_1991_2001"
1991,2001,"13","01","census1991__13__01","23","01","census2001__23__01",0.246109809982972,0.519608150962294,0.985395849346656,0.977358490566038,"non_nested_or_incomplete","district_transition","shrug_1991_2001"
1991,2001,"13","02","census1991__13__02","23","03","census2001__23__03",0.999926965489963,1,0.99548532731377,0.981090100111235,"non_nested_or_incomplete","district_transition","shrug_1991_2001"
1991,2001,"13","03","census1991__13__03","23","04","census2001__23__04",0.915455787513893,0.871522168275698,0.995804195804196,0.92258064516129,"non_nested_or_incomplete","district_transition","shrug_1991_2001"
1991,2001,"13","03","census1991__13__03","23","05","census2001__23__05",0.0841789311982784,0.128170720794579,0.995804195804196,0.981949458483754,"non_nested_or_incomplete","district_transition","shrug_1991_2001"
1991,2001,"13","04","census1991__13__04","23","05","census2001__23__05",0.999992430302006,1,0.997530864197531,0.981949458483754,"non_nested_or_incomplete","district_transition","shrug_1991_2001"
1991,2001,"13","05","census1991__13__05","23","06","census2001__23__06",0.999553767068187,1,0.993197278911565,0.969026548672566,"non_nested_or_incomplete","district_transition","shrug_1991_2001"
1991,2001,"13","06","census1991__13__06","23","07","census2001__23__07",0.999195433541723,0.999742754830657,0.995114802149487,0.977447216890595,"non_nested_or_incomplete","district_transition","shrug_1991_2001"
1991,2001,"13","07","census1991__13__07","23","08","census2001__23__08",0.999936900487791,0.998701824456292,0.997690531177829,0.984054669703872,"non_nested_or_incomplete","district_transition","shrug_1991_2001"
1991,2001,"13","08","census1991__13__08","23","09","census2001__23__09",0.999984230335228,0.998324002978517,0.99722479185939,0.988084326306141,"non_nested_or_incomplete","district_transition","shrug_1991_2001"
1991,2001,"13","09","census1991__13__09","23","10","census2001__23__10",0.999838558604681,1,0.99468085106383,0.974973931178311,"non_nested_or_incomplete","district_transition","shrug_1991_2001"
1991,2001,"13","10","census1991__13__10","23","11","census2001__23__11",0.999771195240861,0.999607494859084,0.994142705005325,0.974425887265136,"non_nested_or_incomplete","district_transition","shrug_1991_2001"
1991,2001,"13","11","census1991__13__11","23","12","census2001__23__12",0.999971843358975,1,0.999140154772141,0.983898305084746,"non_nested_or_incomplete","district_transition","shrug_1991_2001"
1991,2001,"13","11","census1991__13__11","23","22","census2001__23__22",2.02727815382536e-05,NA,0.999140154772141,0.993506493506494,"non_nested_or_incomplete","district_transition","shrug_1991_2001"
1991,2001,"13","12","census1991__13__12","23","13","census2001__23__13",0.985701509331203,0.998787995886269,0.975829117481731,0.949671772428884,"non_nested_or_incomplete","district_transition","shrug_1991_2001"
1991,2001,"13","13","census1991__13__13","23","14","census2001__23__14",0.999850802611212,0.998553712053445,0.995760915642221,0.969859620148637,"non_nested_or_incomplete","district_transition","shrug_1991_2001"
1991,2001,"13","14","census1991__13__14","23","16","census2001__23__16",0.751556319962011,0.690908544773609,0.986425339366516,0.984285714285714,"non_nested_or_incomplete","district_transition","shrug_1991_2001"
1991,2001,"13","14","census1991__13__14","23","15","census2001__23__15",0.241017355501121,0.309091455226391,0.986425339366516,0.984822934232715,"non_nested_or_incomplete","district_transition","shrug_1991_2001"
1991,2001,"13","15","census1991__13__15","23","17","census2001__23__17",0.998345879341389,0.99995429447425,0.994272623138603,0.990867579908676,"non_nested_or_incomplete","district_transition","shrug_1991_2001"
1991,2001,"13","16","census1991__13__16","23","19","census2001__23__19",0.614899019131186,0.600544932651797,0.993064312736444,0.991179713340684,"non_nested_or_incomplete","district_transition","shrug_1991_2001"
1991,2001,"13","16","census1991__13__16","23","18","census2001__23__18",0.384531830003318,0.39755079900519,0.993064312736444,0.991202346041056,"non_nested_or_incomplete","district_transition","shrug_1991_2001"
1991,2001,"13","17","census1991__13__17","23","20","census2001__23__20",0.999782594066889,0.999552159446853,0.997145575642245,0.994307400379507,"non_nested_or_incomplete","district_transition","shrug_1991_2001"
1991,2001,"13","18","census1991__13__18","23","21","census2001__23__21",1,1,1,0.997260273972603,"deterministic_containment","district_transition","shrug_1991_2001"
1991,2001,"13","19","census1991__13__19","23","22","census2001__23__22",0.999983486231403,0.999594057066129,0.998134328358209,0.993506493506494,"non_nested_or_incomplete","district_transition","shrug_1991_2001"
1991,2001,"13","20","census1991__13__20","23","23","census2001__23__23",0.999849101428023,0.997766255009061,0.989710009354537,0.987861811391223,"non_nested_or_incomplete","district_transition","shrug_1991_2001"
1991,2001,"13","21","census1991__13__21","23","24","census2001__23__24",0.999758519322464,0.998837186982079,0.995451099317665,0.990943396226415,"non_nested_or_incomplete","district_transition","shrug_1991_2001"
1991,2001,"13","22","census1991__13__22","23","25","census2001__23__25",0.999822299788575,0.999723674870582,0.995257452574526,0.99055967633176,"non_nested_or_incomplete","district_transition","shrug_1991_2001"
1991,2001,"13","23","census1991__13__23","23","26","census2001__23__26",0.999697490261261,0.998255837060667,0.988941548183254,0.981191222570533,"non_nested_or_incomplete","district_transition","shrug_1991_2001"
1991,2001,"13","24","census1991__13__24","23","27","census2001__23__27",0.58619542706629,0.592654561880864,0.984008528784648,0.966329966329966,"non_nested_or_incomplete","district_transition","shrug_1991_2001"
1991,2001,"13","24","census1991__13__24","23","28","census2001__23__28",0.411926070688932,0.404974964990923,0.984008528784648,0.97350069735007,"non_nested_or_incomplete","district_transition","shrug_1991_2001"
1991,2001,"13","25","census1991__13__25","23","29","census2001__23__29",0.999426974389622,0.998010628373126,0.996208530805687,0.989642184557439,"non_nested_or_incomplete","district_transition","shrug_1991_2001"
1991,2001,"13","26","census1991__13__26","23","30","census2001__23__30",1,1,1,0.991701244813278,"deterministic_containment","district_transition","shrug_1991_2001"
1991,2001,"13","27","census1991__13__27","23","31","census2001__23__31",0.99994023009353,0.999426234473574,0.996062992125984,0.988925081433225,"non_nested_or_incomplete","district_transition","shrug_1991_2001"
1991,2001,"13","28","census1991__13__28","23","32","census2001__23__32",0.999978523116163,0.999663793149007,0.995951417004049,0.985971943887776,"non_nested_or_incomplete","district_transition","shrug_1991_2001"
1991,2001,"13","29","census1991__13__29","23","33","census2001__23__33",0.999726359546899,0.999653129396327,0.995064165844028,0.986301369863014,"non_nested_or_incomplete","district_transition","shrug_1991_2001"
1991,2001,"13","30","census1991__13__30","23","34","census2001__23__34",0.999870260638341,0.999473977763293,0.994358251057828,0.991561181434599,"non_nested_or_incomplete","district_transition","shrug_1991_2001"
1991,2001,"13","31","census1991__13__31","23","35","census2001__23__35",0.999329570916922,0.998197861712173,0.993993993993994,0.982925018559762,"non_nested_or_incomplete","district_transition","shrug_1991_2001"
1991,2001,"13","32","census1991__13__32","23","37","census2001__23__37",0.69845420946644,0.645024862063434,0.996491228070175,0.987206823027719,"non_nested_or_incomplete","district_transition","shrug_1991_2001"
1991,2001,"13","32","census1991__13__32","23","36","census2001__23__36",0.301471206656056,0.354975137936565,0.996491228070175,0.957364341085271,"non_nested_or_incomplete","district_transition","shrug_1991_2001"
1991,2001,"13","33","census1991__13__33","23","39","census2001__23__39",0.66736939294264,0.534173683273275,0.995588883987649,0.987087517934003,"non_nested_or_incomplete","district_transition","shrug_1991_2001"
1991,2001,"13","33","census1991__13__33","23","38","census2001__23__38",0.332612110949469,0.465279048707415,0.995588883987649,0.978888888888889,"non_nested_or_incomplete","district_transition","shrug_1991_2001"
1991,2001,"13","34","census1991__13__34","23","40","census2001__23__40",0.999972984029702,0.999898692592351,0.995126705653021,0.982675649663138,"non_nested_or_incomplete","district_transition","shrug_1991_2001"
1991,2001,"13","35","census1991__13__35","23","42","census2001__23__42",0.603350363171561,0.560773492605802,0.997622444127437,0.99586435070306,"non_nested_or_incomplete","district_transition","shrug_1991_2001"
1991,2001,"13","35","census1991__13__35","23","41","census2001__23__41",0.396380907684956,0.438850045511579,0.997622444127437,0.988938053097345,"non_nested_or_incomplete","district_transition","shrug_1991_2001"
1991,2001,"13","36","census1991__13__36","23","43","census2001__23__43",0.999760304490618,0.994988850487598,0.996346555323591,0.990145228215768,"non_nested_or_incomplete","district_transition","shrug_1991_2001"
1991,2001,"13","37","census1991__13__37","23","44","census2001__23__44",0.999960492286372,1,0.999365079365079,0.991183879093199,"non_nested_or_incomplete","district_transition","shrug_1991_2001"
1991,2001,"13","38","census1991__13__38","23","45","census2001__23__45",0.999699623893159,0.999766668814274,0.996022275258552,0.969790859798606,"non_nested_or_incomplete","district_transition","shrug_1991_2001"
1991,2001,"13","39","census1991__13__39","22","02","census2001__22__02",0.784930401512854,0.778076544206057,0.999165623696287,0.996606334841629,"non_nested_or_incomplete","district_transition","shrug_1991_2001"
1991,2001,"13","39","census1991__13__39","22","01","census2001__22__01",0.215066107591402,0.221787219742834,0.999165623696287,0.993720565149137,"non_nested_or_incomplete","district_transition","shrug_1991_2001"
1991,2001,"13","40","census1991__13__40","22","07","census2001__22__07",0.827579976678789,0.530387714740376,1,0.00756143667296786,"non_nested_or_incomplete","district_transition","shrug_1991_2001"
1991,2001,"13","40","census1991__13__40","22","05","census2001__22__05",0.095388137084568,0.271734815916031,1,0.00280504908835905,"non_nested_or_incomplete","district_transition","shrug_1991_2001"
1991,2001,"13","40","census1991__13__40","22","06","census2001__22__06",0.0708406510927204,0.179830584590137,1,0.00891861761426979,"non_nested_or_incomplete","district_transition","shrug_1991_2001"
1991,2001,"13","40","census1991__13__40","22","08","census2001__22__08",0.00619123514392267,0.0180468847534556,1,0.707853403141361,"non_nested_or_incomplete","district_transition","shrug_1991_2001"
1991,2001,"13","41","census1991__13__41","22","04","census2001__22__04",0.618893671278547,0.493243781510528,0.99954483386436,0.998604326587578,"non_nested_or_incomplete","district_transition","shrug_1991_2001"
1991,2001,"13","41","census1991__13__41","22","03","census2001__22__03",0.38109239379408,0.506756218489472,0.99954483386436,1,"non_nested_or_incomplete","district_transition","shrug_1991_2001"
1991,2001,"13","42","census1991__13__42","22","09","census2001__22__09",0.756306985446033,0.76919112820645,0.997800263968324,0.991288114499067,"non_nested_or_incomplete","district_transition","shrug_1991_2001"
1991,2001,"13","42","census1991__13__42","22","08","census2001__22__08",0.243612456257192,0.230808871793549,0.997800263968324,0.707853403141361,"non_nested_or_incomplete","district_transition","shrug_1991_2001"
1991,2001,"13","43","census1991__13__43","22","10","census2001__22__10",0.999924562887455,1,0.998881431767338,0.999440402909905,"non_nested_or_incomplete","district_transition","shrug_1991_2001"
1991,2001,"13","44","census1991__13__44","22","11","census2001__22__11",0.590361528212777,0.600042762719731,0.998954248366013,0.990070921985816,"non_nested_or_incomplete","district_transition","shrug_1991_2001"
1991,2001,"13","44","census1991__13__44","22","12","census2001__22__12",0.234762655361467,0.248510874050066,0.998954248366013,0.990134529147982,"non_nested_or_incomplete","district_transition","shrug_1991_2001"
1991,2001,"13","44","census1991__13__44","22","13","census2001__22__13",0.174813051627467,0.150697893189643,0.998954248366013,0.993620414673046,"non_nested_or_incomplete","district_transition","shrug_1991_2001"
1991,2001,"13","45","census1991__13__45","22","15","census2001__22__15",0.486658373744698,0.387387956239063,0.996719518862767,0.993150684931507,"non_nested_or_incomplete","district_transition","shrug_1991_2001"
1991,2001,"13","45","census1991__13__45","22","16","census2001__22__16",0.271883225015355,0.44574379735971,0.996719518862767,0.978705978705979,"non_nested_or_incomplete","district_transition","shrug_1991_2001"
1991,2001,"13","45","census1991__13__45","22","14","census2001__22__14",0.24113244949411,0.165837951914249,0.996719518862767,0.936389148737138,"non_nested_or_incomplete","district_transition","shrug_1991_2001"
1991,2001,"14","02","census1991__14__02","27","21","census2001__27__21",0.999718150310324,0.997140143971892,0.997530864197531,0.946135831381733,"non_nested_or_incomplete","district_transition","shrug_1991_2001"
1991,2001,"14","03","census1991__14__03","27","24","census2001__27__24",0.999879157879403,0.999305679686279,0.997317596566524,0.986206896551724,"non_nested_or_incomplete","district_transition","shrug_1991_2001"
1991,2001,"14","04","census1991__14__04","27","32","census2001__27__32",1,1,1,0.983204134366925,"deterministic_containment","district_transition","shrug_1991_2001"
1991,2001,"14","05","census1991__14__05","27","33","census2001__27__33",1,1,1,0.987967914438503,"deterministic_containment","district_transition","shrug_1991_2001"
1991,2001,"14","06","census1991__14__06","27","20","census2001__27__20",0.997538488091039,0.998233599221779,0.999452354874042,0.941692466460268,"non_nested_or_incomplete","district_transition","shrug_1991_2001"
1991,2001,"14","07","census1991__14__07","27","02","census2001__27__02",0.580647569481475,0.590058616049062,0.998738965952081,0.973568281938326,"non_nested_or_incomplete","district_transition","shrug_1991_2001"
1991,2001,"14","07","census1991__14__07","27","01","census2001__27__01",0.419127283758387,0.409372106332708,0.998738965952081,0.979787234042553,"non_nested_or_incomplete","district_transition","shrug_1991_2001"
1991,2001,"14","08","census1991__14__08","27","03","census2001__27__03",0.998270817791503,0.995837967879077,0.997322623828648,0.991350632069195,"non_nested_or_incomplete","district_transition","shrug_1991_2001"
1991,2001,"14","09","census1991__14__09","27","26","census2001__27__26",0.999958175870465,0.999438478700743,0.999357739242132,0.974937343358396,"non_nested_or_incomplete","district_transition","shrug_1991_2001"
1991,2001,"14","10","census1991__14__10","27","25","census2001__27__25",0.999662096188915,0.99816625965196,0.998350742166025,0.971642589620118,"non_nested_or_incomplete","district_transition","shrug_1991_2001"
1991,2001,"14","11","census1991__14__11","27","31","census2001__27__31",0.999123999507147,0.992225529467235,0.994219653179191,0.894280762564991,"non_nested_or_incomplete","district_transition","shrug_1991_2001"
1991,2001,"14","12","census1991__14__12","27","35","census2001__27__35",0.999867776764868,0.99795885977018,0.99860529986053,0.982167352537723,"non_nested_or_incomplete","district_transition","shrug_1991_2001"
1991,2001,"14","13","census1991__14__13","27","30","census2001__27__30",0.999762876822944,0.99663685514823,0.997347480106101,0.982578397212544,"non_nested_or_incomplete","district_transition","shrug_1991_2001"
1991,2001,"14","14","census1991__14__14","27","34","census2001__27__34",0.999067403628916,0.986847802030481,0.991596638655462,0.973597359735974,"non_nested_or_incomplete","district_transition","shrug_1991_2001"
1991,2001,"14","15","census1991__14__15","27","19","census2001__27__19",0.99915335172046,0.99455875877768,0.990818668706963,0.989304812834225,"non_nested_or_incomplete","district_transition","shrug_1991_2001"
1991,2001,"14","16","census1991__14__16","27","18","census2001__27__18",1,1,1,0.992761116856256,"deterministic_containment","district_transition","shrug_1991_2001"
1991,2001,"14","17","census1991__14__17","27","17","census2001__27__17",0.61013442025351,0.5740608524545,0.99322951929587,0.955847255369928,"non_nested_or_incomplete","district_transition","shrug_1991_2001"
1991,2001,"14","17","census1991__14__17","27","16","census2001__27__16",0.389702333521973,0.42376733182617,0.99322951929587,0.985207100591716,"non_nested_or_incomplete","district_transition","shrug_1991_2001"
1991,2001,"14","18","census1991__14__18","27","27","census2001__27__27",0.999998353522803,0.999822110333337,0.999216300940439,0.9375,"non_nested_or_incomplete","district_transition","shrug_1991_2001"
1991,2001,"14","19","census1991__14__19","27","15","census2001__27__15",0.999930333966922,0.999535904979604,0.998028909329829,0.975594091201028,"non_nested_or_incomplete","district_transition","shrug_1991_2001"
1991,2001,"14","20","census1991__14__20","27","29","census2001__27__29",1,1,1,0.980978260869565,"deterministic_containment","district_transition","shrug_1991_2001"
1991,2001,"14","21","census1991__14__21","27","28","census2001__27__28",0.999791845720103,0.997347029690169,0.997823721436344,0.990280777537797,"non_nested_or_incomplete","district_transition","shrug_1991_2001"
1991,2001,"14","22","census1991__14__22","27","04","census2001__27__04",0.999790001527262,0.99067157297773,0.980107115531752,0.980107115531752,"non_nested_or_incomplete","district_transition","shrug_1991_2001"
1991,2001,"14","23","census1991__14__23","27","05","census2001__27__05",0.608037883493355,0.504492931426756,0.982900569981001,0.986206896551724,"non_nested_or_incomplete","district_transition","shrug_1991_2001"
1991,2001,"14","23","census1991__14__23","27","06","census2001__27__06",0.391764465868461,0.487029140671513,0.982900569981001,0.98300283286119,"non_nested_or_incomplete","district_transition","shrug_1991_2001"
1991,2001,"14","24","census1991__14__24","27","07","census2001__27__07",0.999522795716534,0.987662489330407,0.974556213017752,0.975710900473934,"non_nested_or_incomplete","district_transition","shrug_1991_2001"
1991,2001,"14","25","census1991__14__25","27","14","census2001__27__14",0.999768934358062,0.99266012587095,0.98534997287032,0.97372654155496,"non_nested_or_incomplete","district_transition","shrug_1991_2001"
1991,2001,"14","26","census1991__14__26","27","08","census2001__27__08",0.997619884755291,0.986602063155291,0.967078189300412,0.929772502472799,"non_nested_or_incomplete","district_transition","shrug_1991_2001"
1991,2001,"14","27","census1991__14__27","27","09","census2001__27__09",0.998846897510811,0.988112477507084,0.977025392986699,0.975845410628019,"non_nested_or_incomplete","district_transition","shrug_1991_2001"
1991,2001,"14","28","census1991__14__28","27","11","census2001__27__11",0.515375808550746,0.585174268888869,0.996389891696751,0.984357541899441,"non_nested_or_incomplete","district_transition","shrug_1991_2001"
1991,2001,"14","28","census1991__14__28","27","10","census2001__27__10",0.483574670874238,0.409647784973017,0.996389891696751,0.988520408163265,"non_nested_or_incomplete","district_transition","shrug_1991_2001"
1991,2001,"14","29","census1991__14__29","27","13","census2001__27__13",0.997611178021697,0.989947883265175,0.980392156862745,0.975773889636608,"non_nested_or_incomplete","district_transition","shrug_1991_2001"
1991,2001,"14","30","census1991__14__30","27","12","census2001__27__12",0.999566714527134,0.99755536248374,0.9907100199071,0.980302035456336,"non_nested_or_incomplete","district_transition","shrug_1991_2001"
1991,2001,"15","01","census1991__15__01","14","01","census2001__14__01",0.510373112466377,0.460493470435443,0.754201680672269,0.757383966244726,"non_nested_or_incomplete","district_transition","shrug_1991_2001"
1991,2001,"15","02","census1991__15__02","14","02","census2001__14__02",1,1,1,0.906432748538012,"deterministic_containment","district_transition","shrug_1991_2001"
1991,2001,"15","03","census1991__15__03","14","03","census2001__14__03",0.996842543201438,0.997166188498647,0.993520518358531,0.856610800744879,"non_nested_or_incomplete","district_transition","shrug_1991_2001"
1991,2001,"15","04","census1991__15__04","14","09","census2001__14__09",0.984016536625131,0.974330268691772,0.967741935483871,0.771428571428571,"non_nested_or_incomplete","district_transition","shrug_1991_2001"
1991,2001,"15","05","census1991__15__05","14","05","census2001__14__05",1,1,1,0.93,"deterministic_containment","district_transition","shrug_1991_2001"
1991,2001,"15","06","census1991__15__06","14","04","census2001__14__04",0.99841206592008,1,0.980392156862745,0.925925925925926,"non_nested_or_incomplete","district_transition","shrug_1991_2001"
1991,2001,"15","07","census1991__15__07","14","07","census2001__14__07",0.382218113178474,0.506329884058666,0.978395061728395,0.980295566502463,"non_nested_or_incomplete","district_transition","shrug_1991_2001"
1991,2001,"15","07","census1991__15__07","14","06","census2001__14__06",0.305725695648266,0.378129025017364,0.978395061728395,0.991596638655462,"non_nested_or_incomplete","district_transition","shrug_1991_2001"
1991,2001,"15","08","census1991__15__08","14","08","census2001__14__08",1,1,1,0.939086294416244,"deterministic_containment","district_transition","shrug_1991_2001"
1991,2001,"16","01","census1991__16__01","17","07","census2001__17__07",0.367663156737644,0.299759969590521,0.28125,0.947368421052632,"non_nested_or_incomplete","district_transition","shrug_1991_2001"
1991,2001,"16","02","census1991__16__02","17","06","census2001__17__06",0.5065514765547,0.201505622936398,0.490895295902883,0.859504132231405,"non_nested_or_incomplete","district_transition","shrug_1991_2001"
1991,2001,"16","02","census1991__16__02","17","05","census2001__17__05",0.12398978925941,0.312565738242547,0.490895295902883,0.892761394101877,"non_nested_or_incomplete","district_transition","shrug_1991_2001"
1991,2001,"16","02","census1991__16__02","17","04","census2001__17__04",0.00114940917564935,0.000820911176009315,0.490895295902883,0.820033955857385,"non_nested_or_incomplete","district_transition","shrug_1991_2001"
1991,2001,"16","03","census1991__16__03","17","04","census2001__17__04",0.642120675669471,0.629995730825448,0.663448275862069,0.820033955857385,"non_nested_or_incomplete","district_transition","shrug_1991_2001"
1991,2001,"16","04","census1991__16__04","17","02","census2001__17__02",0.865655904385055,0.821882003440188,0.860791826309068,0.891534391534392,"non_nested_or_incomplete","district_transition","shrug_1991_2001"
1991,2001,"16","05","census1991__16__05","17","01","census2001__17__01",0.766068970839818,0.62133482123378,0.841318907779495,0.927756653992395,"non_nested_or_incomplete","district_transition","shrug_1991_2001"
1991,2001,"16","05","census1991__16__05","17","03","census2001__17__03",0.112273773844591,0.245088468213948,0.841318907779495,0.926008968609865,"non_nested_or_incomplete","district_transition","shrug_1991_2001"
1991,2001,"17","01","census1991__17__01","15","04","census2001__15__04",0.175563343963458,0.357061870563446,0.892351274787535,0.891304347826087,"non_nested_or_incomplete","district_transition","shrug_1991_2001"
1991,2001,"17","01","census1991__17__01","15","03","census2001__15__03",0.138854683043373,0.154994507586,0.892351274787535,0.978260869565217,"non_nested_or_incomplete","district_transition","shrug_1991_2001"
1991,2001,"17","01","census1991__17__01","15","01","census2001__15__01",0.119206845379053,0.2220279728163,0.892351274787535,0.9375,"non_nested_or_incomplete","district_transition","shrug_1991_2001"
1991,2001,"17","01","census1991__17__01","15","05","census2001__15__05",0.0904402555439782,0.0909651105859805,0.892351274787535,0.944444444444444,"non_nested_or_incomplete","district_transition","shrug_1991_2001"
1991,2001,"17","01","census1991__17__01","15","02","census2001__15__02",0.0845000157873133,0.10276330799852,0.892351274787535,0.85,"non_nested_or_incomplete","district_transition","shrug_1991_2001"
1991,2001,"17","02","census1991__17__02","15","06","census2001__15__06",0.977904080146047,0.99643534066576,0.9125,0.906832298136646,"non_nested_or_incomplete","district_transition","shrug_1991_2001"
1991,2001,"17","03","census1991__17__03","15","07","census2001__15__07",0.564295771549259,0.540787795619064,0.972375690607735,0.89051094890511,"non_nested_or_incomplete","district_transition","shrug_1991_2001"
1991,2001,"17","03","census1991__17__03","15","08","census2001__15__08",0.42749812997756,0.451504736183539,0.972375690607735,0.885245901639344,"non_nested_or_incomplete","district_transition","shrug_1991_2001"
1991,2001,"18","01","census1991__18__01","13","07","census2001__13__07",0.535251488246039,0.420604421542428,0.946666666666667,0.911111111111111,"non_nested_or_incomplete","district_transition","shrug_1991_2001"
1991,2001,"18","01","census1991__18__01","13","06","census2001__13__06",0.4562542711557,0.554416253273224,0.946666666666667,0.884259259259259,"non_nested_or_incomplete","district_transition","shrug_1991_2001"
1991,2001,"18","02","census1991__18__02","13","08","census2001__13__08",1,1,1,0.952380952380952,"deterministic_containment","district_transition","shrug_1991_2001"
1991,2001,"18","03","census1991__18__03","13","04","census2001__13__04",0.994649220897301,0.997986911870405,0.988888888888889,0.946808510638298,"non_nested_or_incomplete","district_transition","shrug_1991_2001"
1991,2001,"18","04","census1991__18__04","13","05","census2001__13__05",1,1,1,0.829457364341085,"deterministic_containment","district_transition","shrug_1991_2001"
1991,2001,"18","05","census1991__18__05","13","03","census2001__13__03",0.996844750014608,1,0.979591836734694,0.95049504950495,"non_nested_or_incomplete","district_transition","shrug_1991_2001"
1991,2001,"18","06","census1991__18__06","13","02","census2001__13__02",0.999714281887704,0.998768345654704,0.995192307692308,0.838056680161943,"non_nested_or_incomplete","district_transition","shrug_1991_2001"
1991,2001,"18","07","census1991__18__07","13","01","census2001__13__01",0.999518906313686,1,0.990825688073395,0.972972972972973,"non_nested_or_incomplete","district_transition","shrug_1991_2001"
1991,2001,"19","01","census1991__19__01","21","01","census2001__21__01",0.448973332267351,0.380838211933491,0.994499131441807,0.994087837837838,"non_nested_or_incomplete","district_transition","shrug_1991_2001"
1991,2001,"19","01","census1991__19__01","21","03","census2001__21__03",0.299277697538553,0.339656594462124,0.994499131441807,0.984714400643604,"non_nested_or_incomplete","district_transition","shrug_1991_2001"
1991,2001,"19","01","census1991__19__01","21","02","census2001__21__02",0.164226115713347,0.138767549078299,0.994499131441807,0.997134670487106,"non_nested_or_incomplete","district_transition","shrug_1991_2001"
1991,2001,"19","01","census1991__19__01","21","04","census2001__21__04",0.0872930954997874,0.138100706755852,0.994499131441807,0.963483146067416,"non_nested_or_incomplete","district_transition","shrug_1991_2001"
1991,2001,"19","02","census1991__19__02","21","05","census2001__21__05",0.999980244622554,0.999740037038334,0.99820788530466,0.963667820069204,"non_nested_or_incomplete","district_transition","shrug_1991_2001"
1991,2001,"19","03","census1991__19__03","21","06","census2001__21__06",0.999672054697666,0.999892623616978,0.996608527131783,0.990370727010111,"non_nested_or_incomplete","district_transition","shrug_1991_2001"
1991,2001,"19","04","census1991__19__04","21","07","census2001__21__07",0.999243798750351,0.998855189280423,0.997565593724642,0.986092538111795,"non_nested_or_incomplete","district_transition","shrug_1991_2001"
1991,2001,"19","04","census1991__19__04","21","29","census2001__21__29",0.000251357035094661,0.000351583812290537,0.997565593724642,0.966268811624286,"non_nested_or_incomplete","district_transition","shrug_1991_2001"
1991,2001,"19","05","census1991__19__05","21","08","census2001__21__08",0.604671474081012,0.580184023597726,0.994962884411453,0.978780864197531,"non_nested_or_incomplete","district_transition","shrug_1991_2001"
1991,2001,"19","05","census1991__19__05","21","09","census2001__21__09",0.394272658156127,0.417619269742914,0.994962884411453,0.979049153908139,"non_nested_or_incomplete","district_transition","shrug_1991_2001"
1991,2001,"19","05","census1991__19__05","21","11","census2001__21__11",0.000658381609833374,0.000818995787291044,0.994962884411453,0.980471928397071,"non_nested_or_incomplete","district_transition","shrug_1991_2001"
1991,2001,"19","06","census1991__19__06","21","12","census2001__21__12",0.366556246971644,0.320671974538671,0.99582358837287,0.988184747583244,"non_nested_or_incomplete","district_transition","shrug_1991_2001"
1991,2001,"19","06","census1991__19__06","21","13","census2001__21__13",0.252854076671194,0.285915576331001,0.99582358837287,0.981587301587302,"non_nested_or_incomplete","district_transition","shrug_1991_2001"
1991,2001,"19","06","census1991__19__06","21","10","census2001__21__10",0.209267740760261,0.222606519486189,0.99582358837287,0.972320794889993,"non_nested_or_incomplete","district_transition","shrug_1991_2001"
1991,2001,"19","06","census1991__19__06","21","11","census2001__21__11",0.170746502134235,0.168353625271106,0.99582358837287,0.980471928397071,"non_nested_or_incomplete","district_transition","shrug_1991_2001"
1991,2001,"19","06","census1991__19__06","21","19","census2001__21__19",0.000271223415523802,0.000204762332330478,0.99582358837287,0.964323560579301,"non_nested_or_incomplete","district_transition","shrug_1991_2001"
1991,2001,"19","07","census1991__19__07","21","15","census2001__21__15",0.498957088160603,0.545475572352593,0.989203276247208,0.960479041916168,"non_nested_or_incomplete","district_transition","shrug_1991_2001"
1991,2001,"19","07","census1991__19__07","21","14","census2001__21__14",0.498810964448154,0.446319406326257,0.989203276247208,0.976808905380334,"non_nested_or_incomplete","district_transition","shrug_1991_2001"
1991,2001,"19","08","census1991__19__08","21","21","census2001__21__21",0.628251726827095,0.692181223536739,0.990665110851809,0.966792770071459,"non_nested_or_incomplete","district_transition","shrug_1991_2001"
1991,2001,"19","08","census1991__19__08","21","22","census2001__21__22",0.368157679738562,0.301230700991441,0.990665110851809,0.982078853046595,"non_nested_or_incomplete","district_transition","shrug_1991_2001"
1991,2001,"19","09","census1991__19__09","21","24","census2001__21__24",0.720216858344462,0.753249670556839,0.992998833138857,0.993778280542986,"non_nested_or_incomplete","district_transition","shrug_1991_2001"
1991,2001,"19","09","census1991__19__09","21","23","census2001__21__23",0.278896761311608,0.243530677200925,0.992998833138857,0.956730769230769,"non_nested_or_incomplete","district_transition","shrug_1991_2001"
1991,2001,"19","10","census1991__19__10","21","26","census2001__21__26",0.697974634648812,0.65305966803123,0.99244142101285,0.961706253029569,"non_nested_or_incomplete","district_transition","shrug_1991_2001"
1991,2001,"19","10","census1991__19__10","21","25","census2001__21__25",0.300860104294084,0.343784887452,0.99244142101285,0.987692307692308,"non_nested_or_incomplete","district_transition","shrug_1991_2001"
1991,2001,"19","11","census1991__19__11","21","29","census2001__21__29",0.342189033703958,0.295110344955651,0.984671171913631,0.966268811624286,"non_nested_or_incomplete","district_transition","shrug_1991_2001"
1991,2001,"19","11","census1991__19__11","21","28","census2001__21__28",0.2821535111617,0.214899340276436,0.984671171913631,0.98972602739726,"non_nested_or_incomplete","district_transition","shrug_1991_2001"
1991,2001,"19","11","census1991__19__11","21","27","census2001__21__27",0.236327342484549,0.317934475207337,0.984671171913631,0.97046925566343,"non_nested_or_incomplete","district_transition","shrug_1991_2001"
1991,2001,"19","11","census1991__19__11","21","30","census2001__21__30",0.13529364391802,0.166521307710479,0.984671171913631,0.863404689092762,"non_nested_or_incomplete","district_transition","shrug_1991_2001"
1991,2001,"19","12","census1991__19__12","21","19","census2001__21__19",0.855253720281878,0.550840160204941,0.988849347568209,0.964323560579301,"non_nested_or_incomplete","district_transition","shrug_1991_2001"
1991,2001,"19","12","census1991__19__12","21","20","census2001__21__20",0.143923420321478,0.441481120065043,0.988849347568209,0.952349437458637,"non_nested_or_incomplete","district_transition","shrug_1991_2001"
1991,2001,"19","13","census1991__19__13","21","17","census2001__21__17",0.414889809619654,0.334970856128928,0.992544057840036,0.970436067997044,"non_nested_or_incomplete","district_transition","shrug_1991_2001"
1991,2001,"19","13","census1991__19__13","21","18","census2001__21__18",0.365467940281896,0.355496863455311,0.992544057840036,0.993103448275862,"non_nested_or_incomplete","district_transition","shrug_1991_2001"
1991,2001,"19","13","census1991__19__13","21","16","census2001__21__16",0.21917833193653,0.30492494542452,0.992544057840036,0.974592833876222,"non_nested_or_incomplete","district_transition","shrug_1991_2001"
1991,2001,"20","01","census1991__20__01","03","01","census2001__03__01",0.993556447418362,0.994857460633378,0.989630589760207,0.990284974093264,"non_nested_or_incomplete","district_transition","shrug_1991_2001"
1991,2001,"20","02","census1991__20__02","03","02","census2001__03__02",0.990953703197374,0.9906483428166,0.98917568692756,0.994147157190635,"non_nested_or_incomplete","district_transition","shrug_1991_2001"
1991,2001,"20","03","census1991__20__03","03","11","census2001__03__11",0.900179533663031,0.900393125678775,0.993772241992883,0.986693961105425,"non_nested_or_incomplete","district_transition","shrug_1991_2001"
1991,2001,"20","03","census1991__20__03","03","10","census2001__03__10",0.0970314055627276,0.0936284493915747,0.993772241992883,0.993846153846154,"non_nested_or_incomplete","district_transition","shrug_1991_2001"
1991,2001,"20","03","census1991__20__03","03","04","census2001__03__04",0.00122338205376748,0.00138617571642211,0.993772241992883,0.991561181434599,"non_nested_or_incomplete","district_transition","shrug_1991_2001"
1991,2001,"20","03","census1991__20__03","03","12","census2001__03__12",0.000847919530872093,0.0020662519127143,0.993772241992883,0.995798319327731,"non_nested_or_incomplete","district_transition","shrug_1991_2001"
1991,2001,"20","03","census1991__20__03","03","02","census2001__03__02",0.00029661539308736,0.00125605909723355,0.993772241992883,0.994147157190635,"non_nested_or_incomplete","district_transition","shrug_1991_2001"
1991,2001,"20","04","census1991__20__04","03","09","census2001__03__09",1,1,1,0.0385038503850385,"deterministic_containment","district_transition","shrug_1991_2001"
1991,2001,"20","05","census1991__20__05","03","04","census2001__03__04",0.80530361279946,0.763949570084674,0.989482200647249,0.991561181434599,"non_nested_or_incomplete","district_transition","shrug_1991_2001"
1991,2001,"20","05","census1991__20__05","03","06","census2001__03__06",0.190323515843024,0.229275285594045,0.989482200647249,0.993603411513859,"non_nested_or_incomplete","district_transition","shrug_1991_2001"
1991,2001,"20","05","census1991__20__05","03","09","census2001__03__09",0.000680157207573997,0.00224846756228642,0.989482200647249,0.0385038503850385,"non_nested_or_incomplete","district_transition","shrug_1991_2001"
1991,2001,"20","06","census1991__20__06","03","03","census2001__03__03",0.997746376823419,0.976578837306566,0.963141025641026,0.963141025641026,"non_nested_or_incomplete","district_transition","shrug_1991_2001"
1991,2001,"20","07","census1991__20__07","03","05","census2001__03__05",0.896552549710518,0.865410899395976,0.996857322438718,0.996423462088698,"non_nested_or_incomplete","district_transition","shrug_1991_2001"
1991,2001,"20","07","census1991__20__07","03","06","census2001__03__06",0.101552542668869,0.126038368073116,0.996857322438718,0.993603411513859,"non_nested_or_incomplete","district_transition","shrug_1991_2001"
1991,2001,"20","07","census1991__20__07","03","09","census2001__03__09",0.00140692137717745,0.00258570832069008,0.996857322438718,0.0385038503850385,"non_nested_or_incomplete","district_transition","shrug_1991_2001"
1991,2001,"20","07","census1991__20__07","03","01","census2001__03__01",0.000386586504539751,0.00188546634818624,0.996857322438718,0.990284974093264,"non_nested_or_incomplete","district_transition","shrug_1991_2001"
1991,2001,"20","08","census1991__20__08","03","07","census2001__03__07",0.969828937496257,0.967581635205603,0.988751406074241,0.98394495412844,"non_nested_or_incomplete","district_transition","shrug_1991_2001"
1991,2001,"20","08","census1991__20__08","03","08","census2001__03__08",0.0254991035333818,0.0265831553426081,0.988751406074241,0.847533632286996,"non_nested_or_incomplete","district_transition","shrug_1991_2001"
1991,2001,"20","09","census1991__20__09","03","17","census2001__03__17",0.802201278743521,0.78586284547233,0.988826815642458,0.99249530956848,"non_nested_or_incomplete","district_transition","shrug_1991_2001"
1991,2001,"20","09","census1991__20__09","03","08","census2001__03__08",0.194471483090903,0.205888385777711,0.988826815642458,0.847533632286996,"non_nested_or_incomplete","district_transition","shrug_1991_2001"
1991,2001,"20","09","census1991__20__09","03","07","census2001__03__07",0.00185230474543092,0.00226289752338438,0.988826815642458,0.98394495412844,"non_nested_or_incomplete","district_transition","shrug_1991_2001"
1991,2001,"20","09","census1991__20__09","03","09","census2001__03__09",0.000777417322477564,0.000471988372323837,0.988826815642458,0.0385038503850385,"non_nested_or_incomplete","district_transition","shrug_1991_2001"
1991,2001,"20","10","census1991__20__10","03","16","census2001__03__16",0.985239355655485,0.982057793144028,1,0.985994397759104,"non_nested_or_incomplete","district_transition","shrug_1991_2001"
1991,2001,"20","10","census1991__20__10","03","09","census2001__03__09",0.0147606443445152,0.017942206855972,1,0.0385038503850385,"non_nested_or_incomplete","district_transition","shrug_1991_2001"
1991,2001,"20","11","census1991__20__11","03","14","census2001__03__14",0.638900056126245,0.611348112620161,0.99622641509434,0.993079584775087,"non_nested_or_incomplete","district_transition","shrug_1991_2001"
1991,2001,"20","11","census1991__20__11","03","15","census2001__03__15",0.360802996880425,0.387741037924963,0.99622641509434,0.991769547325103,"non_nested_or_incomplete","district_transition","shrug_1991_2001"
1991,2001,"20","12","census1991__20__12","03","12","census2001__03__12",0.374934320945268,0.451091778136928,0.996551724137931,0.995798319327731,"non_nested_or_incomplete","district_transition","shrug_1991_2001"
1991,2001,"20","12","census1991__20__12","03","10","census2001__03__10",0.358944008388361,0.289338399642378,0.996551724137931,0.993846153846154,"non_nested_or_incomplete","district_transition","shrug_1991_2001"
1991,2001,"20","12","census1991__20__12","03","13","census2001__03__13",0.263874374091657,0.254771156425157,0.996551724137931,1,"non_nested_or_incomplete","district_transition","shrug_1991_2001"
1991,2001,"21","01","census1991__21__01","08","01","census2001__08__01",0.555148894096085,0.54446397290449,0.985496909177366,0.953422724064926,"non_nested_or_incomplete","district_transition","shrug_1991_2001"
1991,2001,"21","01","census1991__21__01","08","02","census2001__08__02",0.440412618920342,0.449776970610055,0.985496909177366,0.812042768711311,"non_nested_or_incomplete","district_transition","shrug_1991_2001"
1991,2001,"21","02","census1991__21__02","08","03","census2001__08__03",0.992133984329144,0.997450633471332,0.981099656357388,0.800841514726508,"non_nested_or_incomplete","district_transition","shrug_1991_2001"
1991,2001,"21","03","census1991__21__03","08","04","census2001__08__04",0.999893728077366,0.998302216925185,0.996784565916399,0.975865687303253,"non_nested_or_incomplete","district_transition","shrug_1991_2001"
1991,2001,"21","04","census1991__21__04","08","05","census2001__08__05",1,1,1,0.96189376443418,"deterministic_containment","district_transition","shrug_1991_2001"
1991,2001,"21","05","census1991__21__05","08","06","census2001__08__06",0.999920240400691,0.99843565049295,0.997923156801661,0.99225606608157,"non_nested_or_incomplete","district_transition","shrug_1991_2001"
1991,2001,"21","06","census1991__21__06","08","07","census2001__08__07",0.999942835365854,0.999533377750354,0.994029850746269,0.970138383102695,"non_nested_or_incomplete","district_transition","shrug_1991_2001"
1991,2001,"21","07","census1991__21__07","08","08","census2001__08__08",0.999826870503163,0.999693031041617,0.994565217391304,0.696700507614213,"non_nested_or_incomplete","district_transition","shrug_1991_2001"
1991,2001,"21","08","census1991__21__08","08","09","census2001__08__09",0.479704625168656,0.486036096436184,0.995,0.989445910290237,"non_nested_or_incomplete","district_transition","shrug_1991_2001"
1991,2001,"21","08","census1991__21__08","08","10","census2001__08__10",0.44888258860805,0.469761477143553,0.995,0.977808599167822,"non_nested_or_incomplete","district_transition","shrug_1991_2001"
1991,2001,"21","08","census1991__21__08","08","11","census2001__08__11",0.0712290567848176,0.0418741366546517,0.995,0.981243830207305,"non_nested_or_incomplete","district_transition","shrug_1991_2001"
1991,2001,"21","09","census1991__21__09","08","12","census2001__08__12",0.812543494630657,0.775426708680815,0.993459552495697,0.980183663605607,"non_nested_or_incomplete","district_transition","shrug_1991_2001"
1991,2001,"21","09","census1991__21__09","08","11","census2001__08__11",0.182974897682621,0.214557479601118,0.993459552495697,0.981243830207305,"non_nested_or_incomplete","district_transition","shrug_1991_2001"
1991,2001,"21","09","census1991__21__09","08","30","census2001__08__30",0.000585235421653886,0.000715844915457752,0.993459552495697,0.988621997471555,"non_nested_or_incomplete","district_transition","shrug_1991_2001"
1991,2001,"21","10","census1991__21__10","08","13","census2001__08__13",1,1,1,0.946356275303644,"deterministic_containment","district_transition","shrug_1991_2001"
1991,2001,"21","11","census1991__21__11","08","21","census2001__08__21",0.999999420488065,1,0.998983739837398,0.959024390243902,"non_nested_or_incomplete","district_transition","shrug_1991_2001"
1991,2001,"21","12","census1991__21__12","08","22","census2001__08__22",0.99994631598617,1,0.998019801980198,0.972034715525555,"non_nested_or_incomplete","district_transition","shrug_1991_2001"
1991,2001,"21","13","census1991__21__13","08","16","census2001__08__16",0.999535228246503,0.991218220897632,0.984585741811175,0.848837209302326,"non_nested_or_incomplete","district_transition","shrug_1991_2001"
1991,2001,"21","14","census1991__21__14","08","15","census2001__08__15",0.999438392753455,0.999655010618879,0.998837209302326,0.810377358490566,"non_nested_or_incomplete","district_transition","shrug_1991_2001"
1991,2001,"21","15","census1991__21__15","08","14","census2001__08__14",0.998544062624894,0.99943346724949,0.997103548153512,0.924781732706514,"non_nested_or_incomplete","district_transition","shrug_1991_2001"
1991,2001,"21","16","census1991__21__16","08","20","census2001__08__20",0.999641367665682,1,0.99780701754386,0.961945031712474,"non_nested_or_incomplete","district_transition","shrug_1991_2001"
1991,2001,"21","17","census1991__21__17","08","17","census2001__08__17",1,1,1,0.842050750906266,"deterministic_containment","district_transition","shrug_1991_2001"
1991,2001,"21","18","census1991__21__18","08","18","census2001__08__18",1,1,1,0.952857142857143,"deterministic_containment","district_transition","shrug_1991_2001"
1991,2001,"21","19","census1991__21__19","08","19","census2001__08__19",1,1,1,0.982494529540481,"deterministic_containment","district_transition","shrug_1991_2001"
1991,2001,"21","20","census1991__21__20","08","24","census2001__08__24",0.999445061043285,0.999637623110557,0.996803069053708,0.936936936936937,"non_nested_or_incomplete","district_transition","shrug_1991_2001"
1991,2001,"21","21","census1991__21__21","08","26","census2001__08__26",0.722400799911059,0.716447350568548,0.998744113029827,0.954371002132196,"non_nested_or_incomplete","district_transition","shrug_1991_2001"
1991,2001,"21","21","census1991__21__21","08","25","census2001__08__25",0.277587078125363,0.28352636913901,0.998744113029827,0.965199590583419,"non_nested_or_incomplete","district_transition","shrug_1991_2001"
1991,2001,"21","22","census1991__21__22","08","29","census2001__08__29",0.999538570312209,0.998057057485049,0.99492385786802,0.982224247948952,"non_nested_or_incomplete","district_transition","shrug_1991_2001"
1991,2001,"21","22","census1991__21__22","08","24","census2001__08__24",0.000133286874625765,6.69621899505017e-05,0.99492385786802,0.936936936936937,"non_nested_or_incomplete","district_transition","shrug_1991_2001"
1991,2001,"21","23","census1991__21__23","08","27","census2001__08__27",0.999985060648023,1,0.998809523809524,0.978996499416569,"non_nested_or_incomplete","district_transition","shrug_1991_2001"
1991,2001,"21","24","census1991__21__24","08","28","census2001__08__28",0.999751644167532,0.999665216141317,0.996510816468946,0.968792401628223,"non_nested_or_incomplete","district_transition","shrug_1991_2001"
1991,2001,"21","25","census1991__21__25","08","23","census2001__08__23",0.999920804727828,0.995428876945515,0.996385542168675,0.979857819905213,"non_nested_or_incomplete","district_transition","shrug_1991_2001"
1991,2001,"21","26","census1991__21__26","08","30","census2001__08__30",0.600338954467971,0.3882154854944,0.994050838290968,0.988621997471555,"non_nested_or_incomplete","district_transition","shrug_1991_2001"
1991,2001,"21","26","census1991__21__26","08","31","census2001__08__31",0.366385420914487,0.542485978403807,0.994050838290968,0.976894639556377,"non_nested_or_incomplete","district_transition","shrug_1991_2001"
1991,2001,"21","27","census1991__21__27","08","32","census2001__08__32",0.999934141752038,1,0.996556473829201,0.977702702702703,"non_nested_or_incomplete","district_transition","shrug_1991_2001"
1991,2001,"22","01","census1991__22__01","11","01","census2001__11__01",1,1,1,0.981481481481482,"deterministic_containment","district_transition","shrug_1991_2001"
1991,2001,"22","02","census1991__22__02","11","04","census2001__11__04",1,1,1,0.983739837398374,"deterministic_containment","district_transition","shrug_1991_2001"
1991,2001,"22","03","census1991__22__03","11","03","census2001__11__03",1,1,1,0.979310344827586,"deterministic_containment","district_transition","shrug_1991_2001"
1991,2001,"22","04","census1991__22__04","11","02","census2001__11__02",1,1,1,0.991735537190083,"deterministic_containment","district_transition","shrug_1991_2001"
1991,2001,"23","02","census1991__23__02","33","03","census2001__33__03",0.521796167982263,0.551675068468604,0.991108476585655,0.972170686456401,"non_nested_or_incomplete","district_transition","shrug_1991_2001"
1991,2001,"23","02","census1991__23__02","33","01","census2001__33__01",0.475870090872297,0.445187533004441,0.991108476585655,0.965891472868217,"non_nested_or_incomplete","district_transition","shrug_1991_2001"
1991,2001,"23","02","census1991__23__02","33","22","census2001__33__22",0.000239423186369363,0.00105221582505928,0.991108476585655,0.991978609625668,"non_nested_or_incomplete","district_transition","shrug_1991_2001"
1991,2001,"23","02","census1991__23__02","33","24","census2001__33__24",0.000175700139659677,0.000518381328276423,0.991108476585655,0.963414634146341,"non_nested_or_incomplete","district_transition","shrug_1991_2001"
1991,2001,"23","03","census1991__23__03","33","04","census2001__33__04",0.998360567804688,0.997710940364266,0.990279465370595,0.976047904191617,"non_nested_or_incomplete","district_transition","shrug_1991_2001"
1991,2001,"23","04","census1991__23__04","33","05","census2001__33__05",0.99762290424584,0.998178333430818,0.988909426987061,0.983455882352941,"non_nested_or_incomplete","district_transition","shrug_1991_2001"
1991,2001,"23","05","census1991__23__05","33","06","census2001__33__06",0.999601731691296,1,0.995242626070409,0.984934086629002,"non_nested_or_incomplete","district_transition","shrug_1991_2001"
1991,2001,"23","06","census1991__23__06","33","07","census2001__33__07",0.569273585044789,0.641355872681134,0.996010638297872,0.989633724948169,"non_nested_or_incomplete","district_transition","shrug_1991_2001"
1991,2001,"23","06","census1991__23__06","33","18","census2001__33__18",0.428183410110079,0.353506425617873,0.996010638297872,0.984299516908213,"non_nested_or_incomplete","district_transition","shrug_1991_2001"
1991,2001,"23","06","census1991__23__06","33","28","census2001__33__28",0.00210399560392304,0.00129224807545096,0.996010638297872,0.984409799554566,"non_nested_or_incomplete","district_transition","shrug_1991_2001"
1991,2001,"23","07","census1991__23__07","33","08","census2001__33__08",0.647050812560413,0.556966447884598,0.9957805907173,0.953333333333333,"non_nested_or_incomplete","district_transition","shrug_1991_2001"
1991,2001,"23","07","census1991__23__07","33","09","census2001__33__09",0.330807985000801,0.436049265911505,0.9957805907173,0.936548223350254,"non_nested_or_incomplete","district_transition","shrug_1991_2001"
1991,2001,"23","07","census1991__23__07","33","01","census2001__33__01",0.00243663365159253,0.00171633344668353,0.9957805907173,0.965891472868217,"non_nested_or_incomplete","district_transition","shrug_1991_2001"
1991,2001,"23","07","census1991__23__07","33","30","census2001__33__30",0.00208017051339186,0.00119414395479731,0.9957805907173,0.565891472868217,"non_nested_or_incomplete","district_transition","shrug_1991_2001"
1991,2001,"23","07","census1991__23__07","33","13","census2001__33__13",0.00180128553235321,0.000207190275861667,0.9957805907173,0.944903581267218,"non_nested_or_incomplete","district_transition","shrug_1991_2001"
1991,2001,"23","08","census1991__23__08","33","10","census2001__33__10",0.997001228630963,0.917688292531928,0.991379310344828,0.958419958419958,"non_nested_or_incomplete","district_transition","shrug_1991_2001"
1991,2001,"23","09","census1991__23__09","33","11","census2001__33__11",1,1,1,0.966101694915254,"deterministic_containment","district_transition","shrug_1991_2001"
1991,2001,"23","10","census1991__23__10","33","12","census2001__33__12",0.993980650462722,0.995193429611654,1,0.951882845188284,"non_nested_or_incomplete","district_transition","shrug_1991_2001"
1991,2001,"23","10","census1991__23__10","33","27","census2001__33__27",0.00397274109367156,0.00149538531590179,1,0.936868686868687,"non_nested_or_incomplete","district_transition","shrug_1991_2001"
1991,2001,"23","10","census1991__23__10","33","26","census2001__33__26",0.00204660844360667,0.00331118507244387,1,0.918250950570342,"non_nested_or_incomplete","district_transition","shrug_1991_2001"
1991,2001,"23","11","census1991__23__11","33","13","census2001__33__13",0.995202738045906,0.995938147044353,0.985632183908046,0.944903581267218,"non_nested_or_incomplete","district_transition","shrug_1991_2001"
1991,2001,"23","11","census1991__23__11","33","10","census2001__33__10",0.00450947564222356,0.00406185295564654,0.985632183908046,0.958419958419958,"non_nested_or_incomplete","district_transition","shrug_1991_2001"
1991,2001,"23","12","census1991__23__12","33","15","census2001__33__15",0.527737590245451,0.404093353226017,0.99685534591195,0.959051724137931,"non_nested_or_incomplete","district_transition","shrug_1991_2001"
1991,2001,"23","12","census1991__23__12","33","14","census2001__33__14",0.205150517815591,0.247457960863489,0.99685534591195,0.941489361702128,"non_nested_or_incomplete","district_transition","shrug_1991_2001"
1991,2001,"23","12","census1991__23__12","33","17","census2001__33__17",0.158020631042892,0.191757715310565,0.99685534591195,0.984375,"non_nested_or_incomplete","district_transition","shrug_1991_2001"
1991,2001,"23","12","census1991__23__12","33","16","census2001__33__16",0.10820720781732,0.156559741082545,0.99685534591195,0.945945945945946,"non_nested_or_incomplete","district_transition","shrug_1991_2001"
1991,2001,"23","13","census1991__23__13","33","21","census2001__33__21",0.434029193848285,0.410284734704431,0.996497373029772,0.923076923076923,"non_nested_or_incomplete","district_transition","shrug_1991_2001"
1991,2001,"23","13","census1991__23__13","33","19","census2001__33__19",0.316733730444752,0.314642096699458,0.996497373029772,0.985685071574642,"non_nested_or_incomplete","district_transition","shrug_1991_2001"
1991,2001,"23","13","census1991__23__13","33","20","census2001__33__20",0.248150564027736,0.273607528716873,0.996497373029772,0.953789279112754,"non_nested_or_incomplete","district_transition","shrug_1991_2001"
1991,2001,"23","13","census1991__23__13","33","28","census2001__33__28",0.000163369123140606,0.000170825250593864,0.996497373029772,0.984409799554566,"non_nested_or_incomplete","district_transition","shrug_1991_2001"
1991,2001,"23","14","census1991__23__14","33","22","census2001__33__22",0.998892148347236,0.999613062256985,0.993297587131367,0.991978609625668,"non_nested_or_incomplete","district_transition","shrug_1991_2001"
1991,2001,"23","15","census1991__23__15","33","23","census2001__33__23",0.992294698097851,0.994463033838719,0.993576017130621,0.931034482758621,"non_nested_or_incomplete","district_transition","shrug_1991_2001"
1991,2001,"23","15","census1991__23__15","33","07","census2001__33__07",0.00568570830107159,0.00441248361223031,0.993576017130621,0.989633724948169,"non_nested_or_incomplete","district_transition","shrug_1991_2001"
1991,2001,"23","16","census1991__23__16","33","24","census2001__33__24",0.721775765799488,0.527045278756867,0.981762917933131,0.963414634146341,"non_nested_or_incomplete","district_transition","shrug_1991_2001"
1991,2001,"23","16","census1991__23__16","33","25","census2001__33__25",0.276962848586936,0.471082067020216,0.981762917933131,0.862385321100917,"non_nested_or_incomplete","district_transition","shrug_1991_2001"
1991,2001,"23","17","census1991__23__17","33","26","census2001__33__26",0.980492183736918,0.99639048223262,0.979674796747967,0.918250950570342,"non_nested_or_incomplete","district_transition","shrug_1991_2001"
1991,2001,"23","17","census1991__23__17","33","28","census2001__33__28",0.00631688140691226,0.00306826277837961,0.979674796747967,0.984409799554566,"non_nested_or_incomplete","district_transition","shrug_1991_2001"
1991,2001,"23","18","census1991__23__18","33","27","census2001__33__27",0.977661793488748,0.96637835630618,1,0.936868686868687,"non_nested_or_incomplete","district_transition","shrug_1991_2001"
1991,2001,"23","18","census1991__23__18","33","23","census2001__33__23",0.0214170196734266,0.0294104508777344,1,0.931034482758621,"non_nested_or_incomplete","district_transition","shrug_1991_2001"
1991,2001,"23","18","census1991__23__18","33","26","census2001__33__26",0.000921186837825172,0.00421119281608564,1,0.918250950570342,"non_nested_or_incomplete","district_transition","shrug_1991_2001"
1991,2001,"23","19","census1991__23__19","33","28","census2001__33__28",0.998730101885509,1,0.993212669683258,0.984409799554566,"non_nested_or_incomplete","district_transition","shrug_1991_2001"
1991,2001,"23","20","census1991__23__20","33","29","census2001__33__29",0.998811038051094,0.999421503987276,0.986636971046771,0.90224032586558,"non_nested_or_incomplete","district_transition","shrug_1991_2001"
1991,2001,"23","21","census1991__23__21","33","30","census2001__33__30",1,1,1,0.565891472868217,"deterministic_containment","district_transition","shrug_1991_2001"
1991,2001,"24","01","census1991__24__01","16","01","census2001__16__01",1,1,1,0.970479704797048,"deterministic_containment","district_transition","shrug_1991_2001"
1991,2001,"24","02","census1991__24__02","16","04","census2001__16__04",0.672017407251081,0.581164370850773,0.992063492063492,0.963636363636364,"non_nested_or_incomplete","district_transition","shrug_1991_2001"
1991,2001,"24","02","census1991__24__02","16","03","census2001__16__03",0.324575370777359,0.414030502487637,0.992063492063492,0.986394557823129,"non_nested_or_incomplete","district_transition","shrug_1991_2001"
1991,2001,"24","03","census1991__24__03","16","02","census2001__16__02",0.937162394413506,0.778718399589696,0.987301587301587,0.996124031007752,"non_nested_or_incomplete","district_transition","shrug_1991_2001"
1991,2001,"24","03","census1991__24__03","16","03","census2001__16__03",0.0616051368981259,0.202753474922751,0.987301587301587,0.986394557823129,"non_nested_or_incomplete","district_transition","shrug_1991_2001"
1991,2001,"25","01","census1991__25__01","05","01","census2001__05__01",0.999289703662677,0.999120267836854,0.996992481203008,0.967883211678832,"non_nested_or_incomplete","district_transition","shrug_1991_2001"
1991,2001,"25","02","census1991__25__02","05","02","census2001__05__02",0.70795768221098,0.869443613218552,0.99535500995355,0.921501706484642,"non_nested_or_incomplete","district_transition","shrug_1991_2001"
1991,2001,"25","02","census1991__25__02","05","03","census2001__05__03",0.291877823720946,0.12980495336231,0.99535500995355,0.990909090909091,"non_nested_or_incomplete","district_transition","shrug_1991_2001"
1991,2001,"25","03","census1991__25__03","05","04","census2001__05__04",0.892651855381911,0.90854184122908,0.993820803295572,0.979988882712618,"non_nested_or_incomplete","district_transition","shrug_1991_2001"
1991,2001,"25","03","census1991__25__03","05","03","census2001__05__03",0.103421721030539,0.0808548972114759,0.993820803295572,0.990909090909091,"non_nested_or_incomplete","district_transition","shrug_1991_2001"
1991,2001,"25","04","census1991__25__04","05","05","census2001__05__05",0.999762116230633,0.998812641389898,0.9957805907173,0.956756756756757,"non_nested_or_incomplete","district_transition","shrug_1991_2001"
1991,2001,"25","05","census1991__25__05","05","06","census2001__05__06",0.982324498083578,0.980302956163391,0.99119773656083,0.978129952456418,"non_nested_or_incomplete","district_transition","shrug_1991_2001"
1991,2001,"25","05","census1991__25__05","05","03","census2001__05__03",0.0162828320422123,0.0154312466399555,0.99119773656083,0.990909090909091,"non_nested_or_incomplete","district_transition","shrug_1991_2001"
1991,2001,"25","06","census1991__25__06","05","07","census2001__05__07",0.735600641777753,0.66899214740835,0.995402298850575,0.98104864181933,"non_nested_or_incomplete","district_transition","shrug_1991_2001"
1991,2001,"25","06","census1991__25__06","05","10","census2001__05__10",0.263791507046833,0.329622976868052,0.995402298850575,0.975757575757576,"non_nested_or_incomplete","district_transition","shrug_1991_2001"
1991,2001,"25","07","census1991__25__07","05","09","census2001__05__09",0.727654068043349,0.696174997862386,0.996341868972398,0.98391544117647,"non_nested_or_incomplete","district_transition","shrug_1991_2001"
1991,2001,"25","07","census1991__25__07","05","08","census2001__05__08",0.272200954931316,0.302358696377857,0.996341868972398,0.970488081725312,"non_nested_or_incomplete","district_transition","shrug_1991_2001"
1991,2001,"25","08","census1991__25__08","05","12","census2001__05__12",0.605379842795474,0.643574129839475,0.997725980670836,0.969476744186046,"non_nested_or_incomplete","district_transition","shrug_1991_2001"
1991,2001,"25","08","census1991__25__08","05","11","census2001__05__11",0.367382956903337,0.349270121311994,0.997725980670836,0.96969696969697,"non_nested_or_incomplete","district_transition","shrug_1991_2001"
1991,2001,"25","08","census1991__25__08","05","10","census2001__05__10",0.0272051733713114,0.00688424602669854,0.997725980670836,0.975757575757576,"non_nested_or_incomplete","district_transition","shrug_1991_2001"
1991,2001,"25","09","census1991__25__09","09","03","census2001__09__03",0.995036242014575,0.980917395054811,0.975222066386162,0.962621135209968,"non_nested_or_incomplete","district_transition","shrug_1991_2001"
1991,2001,"25","10","census1991__25__10","09","04","census2001__09__04",0.713713434339714,0.640915596044652,0.993537964458804,0.977735368956743,"non_nested_or_incomplete","district_transition","shrug_1991_2001"
1991,2001,"25","10","census1991__25__10","09","06","census2001__09__06",0.285264372322614,0.355859725042355,0.993537964458804,0.973628691983122,"non_nested_or_incomplete","district_transition","shrug_1991_2001"
1991,2001,"25","11","census1991__25__11","09","05","census2001__09__05",0.994585982376099,0.991554696544074,0.989140271493213,0.996353691886964,"non_nested_or_incomplete","district_transition","shrug_1991_2001"
1991,2001,"25","12","census1991__25__12","09","01","census2001__09__01",0.994767497506528,0.984160173558372,0.970519782777347,0.9796397807361,"non_nested_or_incomplete","district_transition","shrug_1991_2001"
1991,2001,"25","13","census1991__25__13","05","13","census2001__05__13",0.99860830129471,0.984878055420339,0.972166998011928,0.945841392649903,"non_nested_or_incomplete","district_transition","shrug_1991_2001"
1991,2001,"25","14","census1991__25__14","09","02","census2001__09__02",0.999319929514848,0.9944756396908,0.987845303867403,0.978118161925602,"non_nested_or_incomplete","district_transition","shrug_1991_2001"
1991,2001,"25","15","census1991__25__15","09","07","census2001__09__07",0.701075607498103,0.665646083611576,0.992407809110629,0.976489028213166,"non_nested_or_incomplete","district_transition","shrug_1991_2001"
1991,2001,"25","15","census1991__25__15","09","08","census2001__09__08",0.298839993596124,0.32585024260675,0.992407809110629,0.983164983164983,"non_nested_or_incomplete","district_transition","shrug_1991_2001"
1991,2001,"25","16","census1991__25__16","09","09","census2001__09__09",0.821903964259287,0.747420326913169,0.983918128654971,0.973880597014925,"non_nested_or_incomplete","district_transition","shrug_1991_2001"
1991,2001,"25","16","census1991__25__16","09","10","census2001__09__10",0.176529398075816,0.243574441703979,0.983918128654971,0.982456140350877,"non_nested_or_incomplete","district_transition","shrug_1991_2001"
1991,2001,"25","17","census1991__25__17","09","11","census2001__09__11",0.865753358324043,0.821205123335477,0.994207096307024,0.992982456140351,"non_nested_or_incomplete","district_transition","shrug_1991_2001"
1991,2001,"25","17","census1991__25__17","09","10","census2001__09__10",0.133543448991687,0.175356053676242,0.994207096307024,0.982456140350877,"non_nested_or_incomplete","district_transition","shrug_1991_2001"
1991,2001,"25","18","census1991__25__18","09","12","census2001__09__12",0.741767847299733,0.733656294925606,0.998255813953488,0.998319327731092,"non_nested_or_incomplete","district_transition","shrug_1991_2001"
1991,2001,"25","18","census1991__25__18","09","13","census2001__09__13",0.258184870842743,0.265267247692502,0.998255813953488,1,"non_nested_or_incomplete","district_transition","shrug_1991_2001"
1991,2001,"25","19","census1991__25__19","09","14","census2001__09__14",0.853267173738328,0.863506787239083,0.985343855693348,0.977483443708609,"non_nested_or_incomplete","district_transition","shrug_1991_2001"
1991,2001,"25","19","census1991__25__19","09","13","census2001__09__13",0.145271991747657,0.131009255881141,0.985343855693348,1,"non_nested_or_incomplete","district_transition","shrug_1991_2001"
1991,2001,"25","20","census1991__25__20","09","15","census2001__09__15",1,1,1,0.998913043478261,"deterministic_containment","district_transition","shrug_1991_2001"
1991,2001,"25","21","census1991__25__21","09","16","census2001__09__16",0.997815887396861,0.999591073554121,0.996259351620948,0.995018679950187,"non_nested_or_incomplete","district_transition","shrug_1991_2001"
1991,2001,"25","22","census1991__25__22","09","17","census2001__09__17",0.999990645871399,0.995475540975287,0.998689384010485,0.9921875,"non_nested_or_incomplete","district_transition","shrug_1991_2001"
1991,2001,"25","23","census1991__25__23","09","18","census2001__09__18",0.995968942778132,0.994795185519444,0.998799519807923,0.996385542168675,"non_nested_or_incomplete","district_transition","shrug_1991_2001"
1991,2001,"25","23","census1991__25__23","09","31","census2001__09__31",0.00399155194943325,0.00504549691510302,0.998799519807923,0.998552821997106,"non_nested_or_incomplete","district_transition","shrug_1991_2001"
1991,2001,"25","24","census1991__25__24","09","19","census2001__09__19",0.999660413535402,0.996319720019499,0.995005549389567,0.993351800554017,"non_nested_or_incomplete","district_transition","shrug_1991_2001"
1991,2001,"25","25","census1991__25__25","09","20","census2001__09__20",0.999182605333491,0.993718076631584,0.990918803418803,0.982521186440678,"non_nested_or_incomplete","district_transition","shrug_1991_2001"
1991,2001,"25","26","census1991__25__26","09","21","census2001__09__21",0.999619671998273,0.991405974837216,0.98687448728466,0.982040816326531,"non_nested_or_incomplete","district_transition","shrug_1991_2001"
1991,2001,"25","27","census1991__25__27","09","22","census2001__09__22",0.999067623698359,0.995705715712628,0.992526856609061,0.980166051660517,"non_nested_or_incomplete","district_transition","shrug_1991_2001"
1991,2001,"25","28","census1991__25__28","09","23","census2001__09__23",0.998529665492587,0.958285287104463,0.989298454221165,0.970828471411902,"non_nested_or_incomplete","district_transition","shrug_1991_2001"
1991,2001,"25","29","census1991__25__29","09","24","census2001__09__24",0.999726108161156,0.999635577486728,0.997706422018349,0.932675814751286,"non_nested_or_incomplete","district_transition","shrug_1991_2001"
1991,2001,"25","30","census1991__25__30","09","25","census2001__09__25",0.999196602067212,0.998363030796179,0.996835443037975,0.995785036880927,"non_nested_or_incomplete","district_transition","shrug_1991_2001"
1991,2001,"25","31","census1991__25__31","09","26","census2001__09__26",0.999264223683272,0.992761505714247,0.991817650496785,0.993559718969555,"non_nested_or_incomplete","district_transition","shrug_1991_2001"
1991,2001,"25","32","census1991__25__32","09","27","census2001__09__27",0.999972491685069,0.999065607476572,0.997599039615846,1,"non_nested_or_incomplete","district_transition","shrug_1991_2001"
1991,2001,"25","33","census1991__25__33","09","28","census2001__09__28",0.994381374283734,0.989345084238043,0.994272623138603,0.994827586206897,"non_nested_or_incomplete","district_transition","shrug_1991_2001"
1991,2001,"25","33","census1991__25__33","09","49","census2001__09__49",0.0054830141079124,0.00531050944657457,0.994272623138603,0.996408619313647,"non_nested_or_incomplete","district_transition","shrug_1991_2001"
1991,2001,"25","33","census1991__25__33","09","42","census2001__09__42",4.17597651120841e-05,0.000931033996590946,0.994272623138603,0.992641648270787,"non_nested_or_incomplete","district_transition","shrug_1991_2001"
1991,2001,"25","34","census1991__25__34","09","29","census2001__09__29",0.523568602613981,0.508020863831072,0.992390615091947,0.97752808988764,"non_nested_or_incomplete","district_transition","shrug_1991_2001"
1991,2001,"25","34","census1991__25__34","09","30","census2001__09__30",0.475104666178636,0.484859389766835,0.992390615091947,0.991440798858773,"non_nested_or_incomplete","district_transition","shrug_1991_2001"
1991,2001,"25","35","census1991__25__35","09","31","census2001__09__31",0.522037597118561,0.543863860598791,1,0.998552821997106,"non_nested_or_incomplete","district_transition","shrug_1991_2001"
1991,2001,"25","35","census1991__25__35","09","32","census2001__09__32",0.477962402881439,0.456136139401209,1,0.993614303959132,"non_nested_or_incomplete","district_transition","shrug_1991_2001"
1991,2001,"25","36","census1991__25__36","09","33","census2001__09__33",0.609599888428897,0.620112349972446,0.998158379373849,0.995910020449898,"non_nested_or_incomplete","district_transition","shrug_1991_2001"
1991,2001,"25","36","census1991__25__36","09","34","census2001__09__34",0.390162835778007,0.379802601284434,0.998158379373849,0.984749455337691,"non_nested_or_incomplete","district_transition","shrug_1991_2001"
1991,2001,"25","37","census1991__25__37","09","34","census2001__09__34",0.999982220288966,0.999683131407269,0.99604743083004,0.984749455337691,"non_nested_or_incomplete","district_transition","shrug_1991_2001"
1991,2001,"25","38","census1991__25__38","09","35","census2001__09__35",0.998585343171144,0.990716392752555,0.984243697478992,0.989440337909187,"non_nested_or_incomplete","district_transition","shrug_1991_2001"
1991,2001,"25","39","census1991__25__39","09","36","census2001__09__36",0.998502407619325,0.995845267068488,0.990956072351421,0.987129987129987,"non_nested_or_incomplete","district_transition","shrug_1991_2001"
1991,2001,"25","40","census1991__25__40","09","37","census2001__09__37",0.998047983958364,0.995250388302715,0.991341991341991,0.980028530670471,"non_nested_or_incomplete","district_transition","shrug_1991_2001"
1991,2001,"25","41","census1991__25__41","09","38","census2001__09__38",0.603003359720585,0.566599425689984,0.986140724946695,0.973434535104364,"non_nested_or_incomplete","district_transition","shrug_1991_2001"
1991,2001,"25","41","census1991__25__41","09","39","census2001__09__39",0.396286100630689,0.426252227537276,0.986140724946695,0.967136150234742,"non_nested_or_incomplete","district_transition","shrug_1991_2001"
1991,2001,"25","42","census1991__25__42","09","40","census2001__09__40",0.680115617431138,0.595204588748589,0.995877988458368,0.989840348330914,"non_nested_or_incomplete","district_transition","shrug_1991_2001"
1991,2001,"25","42","census1991__25__42","09","41","census2001__09__41",0.319804883498947,0.403011361906195,0.995877988458368,0.963369963369963,"non_nested_or_incomplete","district_transition","shrug_1991_2001"
1991,2001,"25","43","census1991__25__43","09","42","census2001__09__42",0.998997494262182,0.998739358199259,0.992636229749632,0.992641648270787,"non_nested_or_incomplete","district_transition","shrug_1991_2001"
1991,2001,"25","44","census1991__25__44","09","43","census2001__09__43",0.999552630388565,0.99966190558272,0.998628884826325,0.998172681589767,"non_nested_or_incomplete","district_transition","shrug_1991_2001"
1991,2001,"25","45","census1991__25__45","09","45","census2001__09__45",0.79115602883271,0.754322711781648,0.994647887323944,0.991474245115453,"non_nested_or_incomplete","district_transition","shrug_1991_2001"
1991,2001,"25","45","census1991__25__45","09","44","census2001__09__44",0.208328213454817,0.243791030249962,0.994647887323944,0.989304812834225,"non_nested_or_incomplete","district_transition","shrug_1991_2001"
1991,2001,"25","46","census1991__25__46","09","50","census2001__09__50",0.665573021289509,0.636683436881961,0.993640699523052,0.993366500829187,"non_nested_or_incomplete","district_transition","shrug_1991_2001"
1991,2001,"25","46","census1991__25__46","09","51","census2001__09__51",0.33370814226226,0.359741288905464,0.993640699523052,0.994126284875184,"non_nested_or_incomplete","district_transition","shrug_1991_2001"
1991,2001,"25","47","census1991__25__47","09","53","census2001__09__53",0.616392399701769,0.56679203860893,0.998581560283688,0.99890049477735,"non_nested_or_incomplete","district_transition","shrug_1991_2001"
1991,2001,"25","47","census1991__25__47","09","52","census2001__09__52",0.383391051601984,0.432254468134397,0.998581560283688,0.998001998001998,"non_nested_or_incomplete","district_transition","shrug_1991_2001"
1991,2001,"25","48","census1991__25__48","09","46","census2001__09__46",0.871784745057644,0.870378164217289,0.999030538051382,0.993453355155483,"non_nested_or_incomplete","district_transition","shrug_1991_2001"
1991,2001,"25","48","census1991__25__48","09","47","census2001__09__47",0.128079480474889,0.128539092002371,0.999030538051382,0.987240829346092,"non_nested_or_incomplete","district_transition","shrug_1991_2001"
1991,2001,"25","49","census1991__25__49","09","48","census2001__09__48",0.537286409110521,0.527805251219058,0.995105421686747,0.994047619047619,"non_nested_or_incomplete","district_transition","shrug_1991_2001"
1991,2001,"25","49","census1991__25__49","09","47","census2001__09__47",0.46188967846229,0.469652679161201,0.995105421686747,0.987240829346092,"non_nested_or_incomplete","district_transition","shrug_1991_2001"
1991,2001,"25","50","census1991__25__50","09","49","census2001__09__49",0.999794690048709,0.998962480764063,0.997998398718975,0.996408619313647,"non_nested_or_incomplete","district_transition","shrug_1991_2001"
1991,2001,"25","51","census1991__25__51","09","54","census2001__09__54",0.941442193121902,0.958390543162469,0.998361327324867,0.988471391972673,"non_nested_or_incomplete","district_transition","shrug_1991_2001"
1991,2001,"25","51","census1991__25__51","09","56","census2001__09__56",0.0585051101215831,0.0412003608533478,0.998361327324867,0.97786211258697,"non_nested_or_incomplete","district_transition","shrug_1991_2001"
1991,2001,"25","52","census1991__25__52","09","57","census2001__09__57",0.999344843740745,0.995269691721882,0.993316624895572,0.987541528239203,"non_nested_or_incomplete","district_transition","shrug_1991_2001"
1991,2001,"25","53","census1991__25__53","09","55","census2001__09__55",0.610632304578893,0.647604554994415,0.992019507869652,0.966117796073464,"non_nested_or_incomplete","district_transition","shrug_1991_2001"
1991,2001,"25","53","census1991__25__53","09","56","census2001__09__56",0.3830044089476,0.340160463318648,0.992019507869652,0.97786211258697,"non_nested_or_incomplete","district_transition","shrug_1991_2001"
1991,2001,"25","53","census1991__25__53","09","54","census2001__09__54",0.00400508011255707,0.00468489853764601,0.992019507869652,0.988471391972673,"non_nested_or_incomplete","district_transition","shrug_1991_2001"
1991,2001,"25","54","census1991__25__54","09","58","census2001__09__58",0.998783547255003,0.99752804468563,0.993041057759221,0.975393028024607,"non_nested_or_incomplete","district_transition","shrug_1991_2001"
1991,2001,"25","55","census1991__25__55","09","59","census2001__09__59",0.50766144507327,0.5346401769494,0.992430613961312,0.990458015267176,"non_nested_or_incomplete","district_transition","shrug_1991_2001"
1991,2001,"25","55","census1991__25__55","09","60","census2001__09__60",0.491540135819086,0.461132292283589,0.992430613961312,0.983630952380952,"non_nested_or_incomplete","district_transition","shrug_1991_2001"
1991,2001,"25","56","census1991__25__56","09","62","census2001__09__62",0.991905013994993,0.994370123076424,0.990443686006826,0.962201591511936,"non_nested_or_incomplete","district_transition","shrug_1991_2001"
1991,2001,"25","57","census1991__25__57","09","61","census2001__09__61",0.990784934549407,0.990399000232511,0.992231449236539,0.966631634261692,"non_nested_or_incomplete","district_transition","shrug_1991_2001"
1991,2001,"25","57","census1991__25__57","09","48","census2001__09__48",0.00801207996602589,0.00578962633543192,0.992231449236539,0.994047619047619,"non_nested_or_incomplete","district_transition","shrug_1991_2001"
1991,2001,"25","58","census1991__25__58","09","64","census2001__09__64",0.998785367894098,0.997964788577176,0.994802812595536,0.986957840461025,"non_nested_or_incomplete","district_transition","shrug_1991_2001"
1991,2001,"25","59","census1991__25__59","09","63","census2001__09__63",0.99528982481329,0.992501507000868,0.983296213808463,0.960848287112561,"non_nested_or_incomplete","district_transition","shrug_1991_2001"
1991,2001,"25","60","census1991__25__60","09","65","census2001__09__65",0.99351034210165,0.99192575318105,0.986084267491303,0.955788684900712,"non_nested_or_incomplete","district_transition","shrug_1991_2001"
1991,2001,"25","61","census1991__25__61","09","67","census2001__09__67",0.517599100225152,0.360681463924119,0.994856524093124,0.971538461538462,"non_nested_or_incomplete","district_transition","shrug_1991_2001"
1991,2001,"25","61","census1991__25__61","09","66","census2001__09__66",0.258293447557709,0.408796641635593,0.994856524093124,0.942796610169492,"non_nested_or_incomplete","district_transition","shrug_1991_2001"
1991,2001,"25","61","census1991__25__61","09","68","census2001__09__68",0.223972893617181,0.227821152109229,0.994856524093124,0.976449275362319,"non_nested_or_incomplete","district_transition","shrug_1991_2001"
1991,2001,"25","62","census1991__25__62","09","69","census2001__09__69",0.999365774385854,0.995515682849381,0.993626882966396,0.967287084038353,"non_nested_or_incomplete","district_transition","shrug_1991_2001"
1991,2001,"25","63","census1991__25__63","09","70","census2001__09__70",0.980425703918398,0.99644744009061,0.995565410199557,0.978181818181818,"non_nested_or_incomplete","district_transition","shrug_1991_2001"
1991,2001,"25","63","census1991__25__63","09","66","census2001__09__66",0.0119884064881941,0.000661619692885617,0.995565410199557,0.942796610169492,"non_nested_or_incomplete","district_transition","shrug_1991_2001"
1991,2001,"25","63","census1991__25__63","09","63","census2001__09__63",0.00735863887998927,0.00165942750736676,0.995565410199557,0.960848287112561,"non_nested_or_incomplete","district_transition","shrug_1991_2001"
1991,2001,"26","01","census1991__26__01","19","03","census2001__19__03",0.99972918102301,0.999733990725411,0.997384481255449,0.996515679442509,"non_nested_or_incomplete","district_transition","shrug_1991_2001"
1991,2001,"26","02","census1991__26__02","19","02","census2001__19__02",0.999745448468008,0.999855877705538,0.995884773662551,0.968,"non_nested_or_incomplete","district_transition","shrug_1991_2001"
1991,2001,"26","03","census1991__26__03","19","01","census2001__19__01",0.818107636179558,0.9933938765097,0.963141025641026,0.933229813664596,"non_nested_or_incomplete","district_transition","shrug_1991_2001"
1991,2001,"26","04","census1991__26__04","19","04","census2001__19__04",0.606375131768134,0.59713988502282,0.997698882314267,0.995923913043478,"non_nested_or_incomplete","district_transition","shrug_1991_2001"
1991,2001,"26","04","census1991__26__04","19","05","census2001__19__05",0.393446459693579,0.40243033382625,0.997698882314267,0.992409867172676,"non_nested_or_incomplete","district_transition","shrug_1991_2001"
1991,2001,"26","05","census1991__26__05","19","06","census2001__19__06",0.998485860713954,1,0.992682926829268,0.990267639902676,"non_nested_or_incomplete","district_transition","shrug_1991_2001"
1991,2001,"26","06","census1991__26__06","19","07","census2001__19__07",0.998476016728078,0.999160233095536,0.992753623188406,0.982581967213115,"non_nested_or_incomplete","district_transition","shrug_1991_2001"
1991,2001,"26","07","census1991__26__07","19","10","census2001__19__10",0.99914886310934,0.999870860322282,0.996069182389937,0.994505494505495,"non_nested_or_incomplete","district_transition","shrug_1991_2001"
1991,2001,"26","08","census1991__26__08","19","11","census2001__19__11",0.991631363614034,0.996568565289159,0.998134328358209,0.992565055762082,"non_nested_or_incomplete","district_transition","shrug_1991_2001"
1991,2001,"26","08","census1991__26__08","19","12","census2001__19__12",0.00670879835504539,0.00258310398187056,0.998134328358209,0.996850393700787,"non_nested_or_incomplete","district_transition","shrug_1991_2001"
1991,2001,"26","08","census1991__26__08","19","15","census2001__19__15",0.00108014475226263,0.000709900191607356,0.998134328358209,0.983055715106261,"non_nested_or_incomplete","district_transition","shrug_1991_2001"
1991,2001,"26","09","census1991__26__09","19","18","census2001__19__18",0.998050627496053,0.999873526734736,0.996185026227945,0.994761904761905,"non_nested_or_incomplete","district_transition","shrug_1991_2001"
1991,2001,"26","10","census1991__26__10","19","17","census2001__19__17",1,1,1,1,"deterministic_containment","district_transition","shrug_1991_2001"
1991,2001,"26","11","census1991__26__11","19","16","census2001__19__16",0.999986517347186,1,0.997425997425997,0.993589743589744,"non_nested_or_incomplete","district_transition","shrug_1991_2001"
1991,2001,"26","12","census1991__26__12","19","12","census2001__19__12",0.998359394002776,1,0.998421052631579,0.996850393700787,"non_nested_or_incomplete","district_transition","shrug_1991_2001"
1991,2001,"26","13","census1991__26__13","19","15","census2001__19__15",0.999600161258898,0.999504023066519,0.996022892618101,0.983055715106261,"non_nested_or_incomplete","district_transition","shrug_1991_2001"
1991,2001,"26","14","census1991__26__14","19","13","census2001__19__13",0.999730914810921,0.999335519356511,0.994658420016868,0.991314093583637,"non_nested_or_incomplete","district_transition","shrug_1991_2001"
1991,2001,"26","15","census1991__26__15","19","14","census2001__19__14",0.999898001509578,0.999945986754327,0.997548017981202,0.99026369168357,"non_nested_or_incomplete","district_transition","shrug_1991_2001"
1991,2001,"26","16","census1991__26__16","19","09","census2001__19__09",0.999818187563097,0.999920644754025,0.99797652772157,0.987980769230769,"non_nested_or_incomplete","district_transition","shrug_1991_2001"
1991,2001,"26","17","census1991__26__17","19","08","census2001__19__08",0.999335833849372,0.99969948644545,0.997713763145862,0.978036754818467,"non_nested_or_incomplete","district_transition","shrug_1991_2001"
1991,2001,"27","01","census1991__27__01","35","01","census2001__35__01",0.996821488939516,0.941031734515625,0.945017182130584,0.823353293413174,"non_nested_or_incomplete","district_transition","shrug_1991_2001"
1991,2001,"27","02","census1991__27__02","35","02","census2001__35__02",0.993221571934001,0.924808660622925,0.913669064748201,0.747058823529412,"non_nested_or_incomplete","district_transition","shrug_1991_2001"
1991,2001,"28","01","census1991__28__01","04","01","census2001__04__01",1,1,1,1,"deterministic_containment","district_transition","shrug_1991_2001"
1991,2001,"29","01","census1991__29__01","26","01","census2001__26__01",1,1,1,1,"deterministic_containment","district_transition","shrug_1991_2001"
1991,2001,"30","01","census1991__30__01","25","02","census2001__25__02",1,1,1,1,"deterministic_containment","district_transition","shrug_1991_2001"
1991,2001,"30","02","census1991__30__02","25","01","census2001__25__01",1,1,1,1,"deterministic_containment","district_transition","shrug_1991_2001"
1991,2001,"32","01","census1991__32__01","31","01","census2001__31__01",1,1,1,1,"deterministic_containment","district_transition","shrug_1991_2001"
1991,2001,"33","01","census1991__33__01","34","02","census2001__34__02",1,1,1,1,"deterministic_containment","district_transition","shrug_1991_2001"
1991,2001,"33","02","census1991__33__02","34","04","census2001__34__04",1,1,1,0.633333333333333,"deterministic_containment","district_transition","shrug_1991_2001"
1991,2001,"33","03","census1991__33__03","34","03","census2001__34__03",1,1,1,1,"deterministic_containment","district_transition","shrug_1991_2001"
1991,2001,"33","04","census1991__33__04","34","01","census2001__34__01",1,1,1,1,"deterministic_containment","district_transition","shrug_1991_2001"
2011,2001,"35","639","census2011__35__639","35","01","census2001__35__01",0.997840847751357,0.93999569753108,0.969849246231156,0.910179640718563,"reviewed_single_parent_ancestry","census2011_andaman_reorganization","production_2011_2001"
2011,2001,"28","532","census2011__28__532","28","01","census2001__28__01",0.996729216241269,0.987361889765514,0.986258588382261,0.991211550533584,"reviewed_single_parent_ancestry","census2011_andhra_admin_atlas","production_2011_2001"
2011,2001,"28","533","census2011__28__533","28","02","census2001__28__02",0.999995948144351,0.999508691702694,0.998823529411765,0.99764982373678,"reviewed_single_parent_ancestry","census2011_andhra_admin_atlas","production_2011_2001"
2011,2001,"28","534","census2011__28__534","28","03","census2001__28__03",0.999296660274996,0.99962550407897,0.997118155619596,1,"reviewed_single_parent_ancestry","census2011_andhra_admin_atlas","production_2011_2001"
2011,2001,"28","535","census2011__28__535","28","04","census2001__28__04",0.984694496533135,0.995771924309366,0.995908346972177,0.995094031071137,"reviewed_single_parent_ancestry","census2011_andhra_admin_atlas","production_2011_2001"
2011,2001,"28","536","census2011__28__536","28","05","census2001__28__05",1,1,1,1,"reviewed_single_parent_ancestry","census2011_andhra_admin_atlas","production_2011_2001"
2011,2001,"28","537","census2011__28__537","28","06","census2001__28__06",0.999357151878863,0.998101175747594,0.990487514863258,0.988137603795967,"reviewed_single_parent_ancestry","census2011_andhra_admin_atlas","production_2011_2001"
2011,2001,"28","538","census2011__28__538","28","07","census2001__28__07",0.998732059092609,0.997388338090862,0.99459824442944,0.99527027027027,"reviewed_single_parent_ancestry","census2011_andhra_admin_atlas","production_2011_2001"
2011,2001,"28","539","census2011__28__539","28","08","census2001__28__08",0.999890220416194,0.999657840026185,0.999106344950849,0.995547640249332,"reviewed_single_parent_ancestry","census2011_andhra_admin_atlas","production_2011_2001"
2011,2001,"28","540","census2011__28__540","28","09","census2001__28__09",0.99996185135923,0.994343217044055,0.997944501541624,0.996919917864476,"reviewed_single_parent_ancestry","census2011_andhra_admin_atlas","production_2011_2001"
2011,2001,"28","541","census2011__28__541","28","10","census2001__28__10",0.998033867525569,0.99598333994483,0.98014440433213,0.985480943738657,"reviewed_single_parent_ancestry","census2011_andhra_admin_atlas","production_2011_2001"
2011,2001,"28","542","census2011__28__542","28","11","census2001__28__11",0.999624507142503,0.999136526781587,0.996489174956115,0.994742990654206,"reviewed_single_parent_ancestry","census2011_andhra_admin_atlas","production_2011_2001"
2011,2001,"28","543","census2011__28__543","28","12","census2001__28__12",0.999507778717102,0.998418469895568,0.995215311004785,0.995215311004785,"reviewed_single_parent_ancestry","census2011_andhra_admin_atlas","production_2011_2001"
2011,2001,"28","544","census2011__28__544","28","13","census2001__28__13",0.999313380983357,0.993971532010159,0.985751295336788,0.983521809369951,"reviewed_single_parent_ancestry","census2011_andhra_admin_atlas","production_2011_2001"
2011,2001,"28","545","census2011__28__545","28","14","census2001__28__14",0.999977688514591,0.998088733089082,0.996217851739788,0.99097065462754,"reviewed_single_parent_ancestry","census2011_andhra_admin_atlas","production_2011_2001"
2011,2001,"28","546","census2011__28__546","28","15","census2001__28__15",0.999985267843309,0.999119844621682,0.99644128113879,0.995260663507109,"reviewed_single_parent_ancestry","census2011_andhra_admin_atlas","production_2011_2001"
2011,2001,"28","547","census2011__28__547","28","16","census2001__28__16",0.999859210988272,0.998027903972436,0.995740149094782,1,"reviewed_single_parent_ancestry","census2011_andhra_admin_atlas","production_2011_2001"
2011,2001,"28","548","census2011__28__548","28","17","census2001__28__17",0.97513243653143,0.992212023960842,0.994194484760523,0.995639534883721,"reviewed_single_parent_ancestry","census2011_andhra_admin_atlas","production_2011_2001"
2011,2001,"28","549","census2011__28__549","28","18","census2001__28__18",0.995960203070069,0.995206648897139,0.994929006085193,0.991911021233569,"reviewed_single_parent_ancestry","census2011_andhra_admin_atlas","production_2011_2001"
2011,2001,"28","550","census2011__28__550","28","19","census2001__28__19",0.997525608584549,0.998470366428688,0.995417048579285,0.9935956084172,"reviewed_single_parent_ancestry","census2011_andhra_admin_atlas","production_2011_2001"
2011,2001,"28","551","census2011__28__551","28","20","census2001__28__20",0.999919401468295,0.99986815741005,0.997630331753555,0.968929804372842,"reviewed_single_parent_ancestry","census2011_andhra_admin_atlas","production_2011_2001"
2011,2001,"28","552","census2011__28__552","28","21","census2001__28__21",0.994578956314638,0.995884064296844,0.996575342465753,0.997714285714286,"reviewed_single_parent_ancestry","census2011_andhra_admin_atlas","production_2011_2001"
2011,2001,"28","553","census2011__28__553","28","22","census2001__28__22",1,1,1,0.998921251348436,"reviewed_single_parent_ancestry","census2011_andhra_admin_atlas","production_2011_2001"
2011,2001,"28","554","census2011__28__554","28","23","census2001__28__23",0.999963486211601,0.999669024537353,0.996575342465753,0.995893223819302,"reviewed_single_parent_ancestry","census2011_andhra_admin_atlas","production_2011_2001"
2011,2001,"20","367","census2011__20__367","20","16","census2001__20__16",1,1,1,1,"reviewed_single_parent_ancestry","official_simdega_gumla_history_2026","production_2011_2001"
2011,2001,"12","258","census2011__12__258","12","10","census2001__12__10",0.956993493549964,0.961679856710792,0.914634146341463,0.870748299319728,"reviewed_single_parent_ancestry","official_single_parent_district_histories_2026","production_2011_2001"
2011,2001,"20","363","census2011__20__363","20","11","census2001__20__11",0.999786357740803,0.99795078414618,0.988940092165899,0.99866345896819,"reviewed_single_parent_ancestry","official_jamtara_dumka_history_2026","production_2011_2001"
2011,2001,"23","459","census2011__23__459","23","07","census2001__23__07",0.999820133456242,0.998013411679429,0.995115995115995,0.995681381957774,"reviewed_single_parent_ancestry","official_ashoknagar_guna_history_2026","production_2011_2001"
2011,2001,"35","638","census2011__35__638","35","02","census2001__35__02",0.95901416861191,0.874305194643846,0.877777777777778,0.464705882352941,"official_lgd_census_code_bridge","lgd_mod_districts_2001_2011","production_2011_2001"
2011,2001,"35","640","census2011__35__640","35","01","census2001__35__01",0.99872345071428,0.936547107533833,0.991071428571429,0.910179640718563,"official_lgd_census_code_bridge","lgd_mod_districts_2001_2011","production_2011_2001"
2011,2001,"12","253","census2011__12__253","12","12","census2001__12__12",1,1,1,0.97071129707113,"official_lgd_census_code_bridge","lgd_mod_districts_2001_2011","production_2011_2001"
2011,2001,"12","257","census2011__12__257","12","10","census2001__12__10",0.991160070719434,0.997167428468717,0.963636363636364,0.870748299319728,"official_lgd_census_code_bridge","lgd_mod_districts_2001_2011","production_2011_2001"
2011,2001,"12","245","census2011__12__245","12","01","census2001__12__01",0.98641375032515,0.999112999876095,0.987951807228916,0.970414201183432,"official_lgd_census_code_bridge","lgd_mod_districts_2001_2011","production_2011_2001"
2011,2001,"12","252","census2011__12__252","12","09","census2001__12__09",0.995753114382786,0.994528686882406,0.975609756097561,0.930232558139535,"official_lgd_census_code_bridge","lgd_mod_districts_2001_2011","production_2011_2001"
2011,2001,"18","308","census2011__18__308","18","13","census2001__18__13",0.983204422466198,0.967968209974298,0.958925750394945,0.979822437449556,"official_lgd_census_code_bridge","lgd_mod_districts_2001_2011","production_2011_2001"
2011,2001,"18","310","census2011__18__310","18","15","census2001__18__15",0.996852982089743,0.993871782742447,0.985671191553545,0.992406985573273,"official_lgd_census_code_bridge","lgd_mod_districts_2001_2011","production_2011_2001"
2011,2001,"18","302","census2011__18__302","18","03","census2001__18__03",0.993058799840902,0.976494598724139,0.955640050697085,0.988204456094364,"official_lgd_census_code_bridge","lgd_mod_districts_2001_2011","production_2011_2001"
2011,2001,"18","300","census2011__18__300","18","01","census2001__18__01",0.831911914890739,0.711710561283877,0.960227272727273,0.9979035639413,"official_lgd_census_code_bridge","lgd_mod_districts_2001_2011","production_2011_2001"
2011,2001,"18","309","census2011__18__309","18","14","census2001__18__14",0.990836106448462,0.97089335426784,0.957317073170732,0.983885407341092,"official_lgd_census_code_bridge","lgd_mod_districts_2001_2011","production_2011_2001"
2011,2001,"10","225","census2011__10__225","10","23","census2001__10__23",0.994538430274189,0.983688013361958,0.971830985915493,0.983957219251337,"official_lgd_census_code_bridge","lgd_mod_districts_2001_2011","production_2011_2001"
2011,2001,"10","222","census2011__10__222","10","20","census2001__10__20",0.994682786738173,0.992246622125471,0.958630527817404,0.975326560232221,"official_lgd_census_code_bridge","lgd_mod_districts_2001_2011","production_2011_2001"
2011,2001,"10","232","census2011__10__232","10","30","census2001__10__30",0.998111175185425,0.992419343671127,0.977326968973747,0.997563946406821,"official_lgd_census_code_bridge","lgd_mod_districts_2001_2011","production_2011_2001"
2011,2001,"10","236","census2011__10__236","10","35","census2001__10__35",0.99941876500774,0.997798532595142,0.993673241533308,0.99478390461997,"official_lgd_census_code_bridge","lgd_mod_districts_2001_2011","production_2011_2001"
2011,2001,"10","217","census2011__10__217","10","15","census2001__10__15",0.999418816149183,0.993640523556519,0.985714285714286,0.994953136265321,"official_lgd_census_code_bridge","lgd_mod_districts_2001_2011","production_2011_2001"
2011,2001,"10","238","census2011__10__238","10","37","census2001__10__37",0.997862423703636,0.994438758961712,0.977409638554217,0.987072243346008,"official_lgd_census_code_bridge","lgd_mod_districts_2001_2011","production_2011_2001"
2011,2001,"10","239","census2011__10__239","10","33","census2001__10__33",0.995783395375331,0.996566070117935,0.998158379373849,0.998810939357907,"official_lgd_census_code_bridge","lgd_mod_districts_2001_2011","production_2011_2001"
2011,2001,"10","233","census2011__10__233","10","31","census2001__10__31",0.999487572242779,0.992808734001805,0.98355754857997,0.985163204747775,"official_lgd_census_code_bridge","lgd_mod_districts_2001_2011","production_2011_2001"
2011,2001,"10","223","census2011__10__223","10","21","census2001__10__21",0.996312885224305,0.995630675093444,0.983805668016194,1,"official_lgd_census_code_bridge","lgd_mod_districts_2001_2011","production_2011_2001"
2011,2001,"10","210","census2011__10__210","10","08","census2001__10__08",0.998530525319451,0.998085365894121,0.985034013605442,0.987721691678035,"official_lgd_census_code_bridge","lgd_mod_districts_2001_2011","production_2011_2001"
2011,2001,"10","227","census2011__10__227","10","25","census2001__10__25",0.998437425068338,0.986685065607143,0.980769230769231,0.994428969359331,"official_lgd_census_code_bridge","lgd_mod_districts_2001_2011","production_2011_2001"
2011,2001,"10","213","census2011__10__213","10","11","census2001__10__11",0.987932443680155,0.983510746537424,0.971204188481675,0.971204188481675,"official_lgd_census_code_bridge","lgd_mod_districts_2001_2011","production_2011_2001"
2011,2001,"10","207","census2011__10__207","10","05","census2001__10__05",0.994669939846846,0.995593495843807,0.987571701720841,0.996142719382835,"official_lgd_census_code_bridge","lgd_mod_districts_2001_2011","production_2011_2001"
2011,2001,"10","226","census2011__10__226","10","24","census2001__10__24",0.997512730622585,0.98367243213949,0.964879852125693,0.986767485822306,"official_lgd_census_code_bridge","lgd_mod_districts_2001_2011","production_2011_2001"
2011,2001,"10","216","census2011__10__216","10","14","census2001__10__14",0.999864800229319,0.999137238741303,0.995365005793743,0.997098084735926,"official_lgd_census_code_bridge","lgd_mod_districts_2001_2011","production_2011_2001"
2011,2001,"10","229","census2011__10__229","10","27","census2001__10__27",0.996457529799458,0.993564724591053,0.994017946161516,1,"official_lgd_census_code_bridge","lgd_mod_districts_2001_2011","production_2011_2001"
2011,2001,"10","237","census2011__10__237","10","36","census2001__10__36",0.999400219724164,0.999921716857171,0.998958333333333,0.996881496881497,"official_lgd_census_code_bridge","lgd_mod_districts_2001_2011","production_2011_2001"
2011,2001,"10","203","census2011__10__203","10","01","census2001__10__01",0.998318696471346,0.992716854096083,0.981791697013838,0.991176470588235,"official_lgd_census_code_bridge","lgd_mod_districts_2001_2011","production_2011_2001"
2011,2001,"10","230","census2011__10__230","10","28","census2001__10__28",0.994628725187185,0.984100493835086,0.985948477751756,0.994488188976378,"official_lgd_census_code_bridge","lgd_mod_districts_2001_2011","production_2011_2001"
2011,2001,"10","204","census2011__10__204","10","02","census2001__10__02",0.99688079176824,0.994744129501806,0.995241871530531,0.9913112164297,"official_lgd_census_code_bridge","lgd_mod_districts_2001_2011","production_2011_2001"
2011,2001,"10","211","census2011__10__211","10","09","census2001__10__09",0.997855186164143,0.995430077458909,0.970430107526882,0.985441310282075,"official_lgd_census_code_bridge","lgd_mod_districts_2001_2011","production_2011_2001"
2011,2001,"10","234","census2011__10__234","10","32","census2001__10__32",0.993702190398518,0.991418828789305,0.994788650839606,0.994752186588921,"official_lgd_census_code_bridge","lgd_mod_districts_2001_2011","production_2011_2001"
2011,2001,"10","214","census2011__10__214","10","12","census2001__10__12",0.999759031200198,0.998329679364554,0.991031390134529,1,"official_lgd_census_code_bridge","lgd_mod_districts_2001_2011","production_2011_2001"
2011,2001,"10","221","census2011__10__221","10","19","census2001__10__19",0.995588886783775,0.994190556327067,0.987654320987654,0.995555555555556,"official_lgd_census_code_bridge","lgd_mod_districts_2001_2011","production_2011_2001"
2011,2001,"10","219","census2011__10__219","10","17","census2001__10__17",0.998692768117915,0.996818694149327,0.993650793650794,0.996815286624204,"official_lgd_census_code_bridge","lgd_mod_districts_2001_2011","production_2011_2001"
2011,2001,"10","228","census2011__10__228","10","26","census2001__10__26",0.998716099204516,0.999025379775946,0.996197718631179,0.992424242424242,"official_lgd_census_code_bridge","lgd_mod_districts_2001_2011","production_2011_2001"
2011,2001,"10","205","census2011__10__205","10","03","census2001__10__03",0.999431615583181,0.995497375685839,0.984375,0.994736842105263,"official_lgd_census_code_bridge","lgd_mod_districts_2001_2011","production_2011_2001"
2011,2001,"10","206","census2011__10__206","10","04","census2001__10__04",0.994388028417087,0.994873291980925,0.987714987714988,0.997518610421836,"official_lgd_census_code_bridge","lgd_mod_districts_2001_2011","production_2011_2001"
2011,2001,"10","218","census2011__10__218","10","16","census2001__10__16",0.999979882683014,0.999763057492455,0.997218358831711,0.995142262317835,"official_lgd_census_code_bridge","lgd_mod_districts_2001_2011","production_2011_2001"
2011,2001,"10","208","census2011__10__208","10","06","census2001__10__06",0.990966212008922,0.979651225412946,0.99054820415879,0.994307400379507,"official_lgd_census_code_bridge","lgd_mod_districts_2001_2011","production_2011_2001"
2011,2001,"04","055","census2011__04__055","04","01","census2001__04__01",1,1,1,1,"official_lgd_census_code_bridge","lgd_mod_districts_2001_2011","production_2011_2001"
2011,2001,"22","414","census2011__22__414","22","15","census2001__22__15",0.987959940532084,0.987586199817832,0.984982332155477,0.991095890410959,"official_lgd_census_code_bridge","lgd_mod_districts_2001_2011","production_2011_2001"
2011,2001,"22","417","census2011__22__417","22","16","census2001__22__16",0.997210359283783,0.992448816251685,0.991197183098592,0.981981981981982,"official_lgd_census_code_bridge","lgd_mod_districts_2001_2011","production_2011_2001"
2011,2001,"22","412","census2011__22__412","22","13","census2001__22__13",0.983360444921797,0.995402691298594,0.998394863563403,0.992025518341308,"official_lgd_census_code_bridge","lgd_mod_districts_2001_2011","production_2011_2001"
2011,2001,"22","409","census2011__22__409","22","10","census2001__22__10",0.996432279704486,0.996238314769644,0.997757847533632,0.996082820369334,"official_lgd_census_code_bridge","lgd_mod_districts_2001_2011","production_2011_2001"
2011,2001,"22","402","census2011__22__402","22","03","census2001__22__03",1,1,1,0.992156862745098,"official_lgd_census_code_bridge","lgd_mod_districts_2001_2011","production_2011_2001"
2011,2001,"22","404","census2011__22__404","22","05","census2001__22__05",0.999209374792813,0.999679151071435,0.997194950911641,0.997194950911641,"official_lgd_census_code_bridge","lgd_mod_districts_2001_2011","production_2011_2001"
2011,2001,"22","411","census2011__22__411","22","12","census2001__22__12",0.999728880256092,0.999245029451464,0.997311827956989,0.998206278026906,"official_lgd_census_code_bridge","lgd_mod_districts_2001_2011","production_2011_2001"
2011,2001,"22","410","census2011__22__410","22","11","census2001__22__11",0.999568637988598,0.997537532368815,0.998105163429654,0.996217494089835,"official_lgd_census_code_bridge","lgd_mod_districts_2001_2011","production_2011_2001"
2011,2001,"30","585","census2011__30__585","30","01","census2001__30__01",1,1,1,0.991525423728814,"official_lgd_census_code_bridge","lgd_mod_districts_2001_2011","production_2011_2001"
2011,2001,"24","482","census2011__24__482","24","15","census2001__24__15",1,1,1,1,"official_lgd_census_code_bridge","lgd_mod_districts_2001_2011","production_2011_2001"
2011,2001,"24","488","census2011__24__488","24","21","census2001__24__21",0.998758880452141,0.997031488568257,0.995495495495496,1,"official_lgd_census_code_bridge","lgd_mod_districts_2001_2011","production_2011_2001"
2011,2001,"24","473","census2011__24__473","24","06","census2001__24__06",1,1,1,0.992753623188406,"official_lgd_census_code_bridge","lgd_mod_districts_2001_2011","production_2011_2001"
2011,2001,"24","468","census2011__24__468","24","01","census2001__24__01",0.998863490270129,0.992658036336714,0.981920903954802,0.972035794183445,"official_lgd_census_code_bridge","lgd_mod_districts_2001_2011","production_2011_2001"
2011,2001,"24","471","census2011__24__471","24","04","census2001__24__04",0.996273745222924,0.996644820659743,0.998322147651007,1,"official_lgd_census_code_bridge","lgd_mod_districts_2001_2011","production_2011_2001"
2011,2001,"24","487","census2011__24__487","24","20","census2001__24__20",0.996505149102909,0.986719914658309,0.9875,0.996396396396396,"official_lgd_census_code_bridge","lgd_mod_districts_2001_2011","production_2011_2001"
2011,2001,"24","490","census2011__24__490","24","24","census2001__24__24",1,1,1,0.997389033942559,"official_lgd_census_code_bridge","lgd_mod_districts_2001_2011","production_2011_2001"
2011,2001,"24","470","census2011__24__470","24","03","census2001__24__03",1,1,1,1,"official_lgd_census_code_bridge","lgd_mod_districts_2001_2011","production_2011_2001"
2011,2001,"24","478","census2011__24__478","24","11","census2001__24__11",1,1,1,0.978494623655914,"official_lgd_census_code_bridge","lgd_mod_districts_2001_2011","production_2011_2001"
2011,2001,"24","492","census2011__24__492","24","22","census2001__24__22",0.999954450693451,0.999158167974287,0.9985935302391,0.997416020671835,"official_lgd_census_code_bridge","lgd_mod_districts_2001_2011","production_2011_2001"
2011,2001,"24","491","census2011__24__491","24","25","census2001__24__25",1,1,1,0.991360691144708,"official_lgd_census_code_bridge","lgd_mod_districts_2001_2011","production_2011_2001"
2011,2001,"06","070","census2011__06__070","06","02","census2001__06__02",0.999983995404903,0.997507763250836,0.99364406779661,0.997872340425532,"official_lgd_census_code_bridge","lgd_mod_districts_2001_2011","production_2011_2001"
2011,2001,"06","088","census2011__06__088","06","19","census2001__06__19",0.999950268907071,0.99401925179895,0.979591836734694,0.992840095465394,"official_lgd_census_code_bridge","lgd_mod_districts_2001_2011","production_2011_2001"
2011,2001,"06","078","census2011__06__078","06","10","census2001__06__10",1,1,1,1,"official_lgd_census_code_bridge","lgd_mod_districts_2001_2011","production_2011_2001"
2011,2001,"06","083","census2011__06__083","06","15","census2001__06__15",0.997364371012255,0.996046168828059,0.991935483870968,0.991935483870968,"official_lgd_census_code_bridge","lgd_mod_districts_2001_2011","production_2011_2001"
2011,2001,"06","074","census2011__06__074","06","06","census2001__06__06",0.988358475717925,0.99790049677222,0.995260663507109,0.985915492957746,"official_lgd_census_code_bridge","lgd_mod_districts_2001_2011","production_2011_2001"
2011,2001,"06","072","census2011__06__072","06","04","census2001__06__04",0.992057263995936,0.998975121217388,0.995145631067961,0.997566909975669,"official_lgd_census_code_bridge","lgd_mod_districts_2001_2011","production_2011_2001"
2011,2001,"06","084","census2011__06__084","06","16","census2001__06__16",0.999977225601027,0.999824545107389,0.997304582210243,1,"official_lgd_census_code_bridge","lgd_mod_districts_2001_2011","production_2011_2001"
2011,2001,"06","069","census2011__06__069","06","01","census2001__06__01",0.999885506357081,0.992634994713239,0.985781990521327,0.976525821596244,"official_lgd_census_code_bridge","lgd_mod_districts_2001_2011","production_2011_2001"
2011,2001,"06","075","census2011__06__075","06","07","census2001__06__07",0.992065506591688,0.994973499476243,0.973118279569892,0.994505494505495,"official_lgd_census_code_bridge","lgd_mod_districts_2001_2011","production_2011_2001"
2011,2001,"06","085","census2011__06__085","06","17","census2001__06__17",0.999657903973201,0.99671214087367,0.992462311557789,0.9875,"official_lgd_census_code_bridge","lgd_mod_districts_2001_2011","production_2011_2001"
2011,2001,"06","082","census2011__06__082","06","14","census2001__06__14",1,1,1,0.959183673469388,"official_lgd_census_code_bridge","lgd_mod_districts_2001_2011","production_2011_2001"
2011,2001,"06","079","census2011__06__079","06","11","census2001__06__11",0.997798776858049,0.994698977659977,0.99079754601227,0.996913580246914,"official_lgd_census_code_bridge","lgd_mod_districts_2001_2011","production_2011_2001"
2011,2001,"06","076","census2011__06__076","06","08","census2001__06__08",0.999867586298216,0.995837910526914,0.990683229813665,0.990683229813665,"official_lgd_census_code_bridge","lgd_mod_districts_2001_2011","production_2011_2001"
2011,2001,"06","071","census2011__06__071","06","03","census2001__06__03",0.999504202338155,0.992752529281593,0.993569131832797,0.995169082125604,"official_lgd_census_code_bridge","lgd_mod_districts_2001_2011","production_2011_2001"
2011,2001,"02","023","census2011__02__023","02","01","census2001__02__01",0.997636202512137,0.961986364616514,0.974887892376682,0.967943009795191,"official_lgd_census_code_bridge","lgd_mod_districts_2001_2011","production_2011_2001"
2011,2001,"02","028","census2011__02__028","02","06","census2001__02__06",0.999703145340042,0.997180803261003,0.99633923123856,0.996947496947497,"official_lgd_census_code_bridge","lgd_mod_districts_2001_2011","production_2011_2001"
2011,2001,"02","024","census2011__02__024","02","02","census2001__02__02",0.998533847656573,0.993471975478488,0.992547612475849,0.991726420297849,"official_lgd_census_code_bridge","lgd_mod_districts_2001_2011","production_2011_2001"
2011,2001,"02","034","census2011__02__034","02","12","census2001__02__12",0.996540697328848,0.748353925806815,0.904564315352697,0.931623931623932,"official_lgd_census_code_bridge","lgd_mod_districts_2001_2011","production_2011_2001"
2011,2001,"02","026","census2011__02__026","02","04","census2001__02__04",0.992728983359328,0.983493158575096,0.897959183673469,1,"official_lgd_census_code_bridge","lgd_mod_districts_2001_2011","production_2011_2001"
2011,2001,"02","032","census2011__02__032","02","10","census2001__02__10",1,1,1,1,"official_lgd_census_code_bridge","lgd_mod_districts_2001_2011","production_2011_2001"
2011,2001,"02","031","census2011__02__031","02","09","census2001__02__09",0.999577819134271,0.986270365533983,0.991172761664565,0.986198243412798,"official_lgd_census_code_bridge","lgd_mod_districts_2001_2011","production_2011_2001"
2011,2001,"01","014","census2011__01__014","01","06","census2001__01__06",0.992569688118609,0.994030319657489,0.991329479768786,0.998266897746967,"official_lgd_census_code_bridge","lgd_mod_districts_2001_2011","production_2011_2001"
2011,2001,"01","021","census2011__01__021","01","13","census2001__01__13",0.995973745684522,0.990375339714184,0.973551637279597,0.992409867172676,"official_lgd_census_code_bridge","lgd_mod_districts_2001_2011","production_2011_2001"
2011,2001,"01","007","census2011__01__007","01","14","census2001__01__14",0.999865354822487,0.997761900348595,0.99003984063745,0.987544483985765,"official_lgd_census_code_bridge","lgd_mod_districts_2001_2011","production_2011_2001"
2011,2001,"01","018","census2011__01__018","01","09","census2001__01__09",1,1,1,0.993939393939394,"official_lgd_census_code_bridge","lgd_mod_districts_2001_2011","production_2011_2001"
2011,2001,"01","001","census2011__01__001","01","01","census2001__01__01",0.996316441356046,0.994753152210877,0.994490358126722,0.991758241758242,"official_lgd_census_code_bridge","lgd_mod_districts_2001_2011","production_2011_2001"
2011,2001,"01","005","census2011__01__005","01","11","census2001__01__11",0.985858840059979,0.995550857331548,0.994219653179191,0.994219653179191,"official_lgd_census_code_bridge","lgd_mod_districts_2001_2011","production_2011_2001"
2011,2001,"01","012","census2011__01__012","01","05","census2001__01__05",1,1,1,0.996323529411765,"official_lgd_census_code_bridge","lgd_mod_districts_2001_2011","production_2011_2001"
2011,2001,"01","010","census2011__01__010","01","03","census2001__01__03",0.716304391337416,0.656413792460552,0.933333333333333,1,"official_lgd_census_code_bridge","lgd_mod_districts_2001_2011","production_2011_2001"
2011,2001,"20","355","census2011__20__355","20","13","census2001__20__13",0.995307249567237,0.995764118230068,0.992150706436421,0.995275590551181,"official_lgd_census_code_bridge","lgd_mod_districts_2001_2011","production_2011_2001"
2011,2001,"20","347","census2011__20__347","20","03","census2001__20__03",0.977328298586806,0.966663531792408,0.972443799854967,0.992559523809524,"official_lgd_census_code_bridge","lgd_mod_districts_2001_2011","production_2011_2001"
2011,2001,"20","350","census2011__20__350","20","07","census2001__20__07",0.999367993389063,0.99230092288596,0.979626485568761,0.979210861264319,"official_lgd_census_code_bridge","lgd_mod_districts_2001_2011","production_2011_2001"
2011,2001,"20","354","census2011__20__354","20","12","census2001__20__12",0.99408862847911,0.983931698918879,0.984834968777877,0.946015424164524,"official_lgd_census_code_bridge","lgd_mod_districts_2001_2011","production_2011_2001"
2011,2001,"20","362","census2011__20__362","20","11","census2001__20__11",0.998460772398637,0.996341728162411,0.988860007426662,0.99866345896819,"official_lgd_census_code_bridge","lgd_mod_districts_2001_2011","production_2011_2001"
2011,2001,"20","357","census2011__20__357","20","18","census2001__20__18",0.999928070694737,0.998542667899129,0.99384236453202,0.99445471349353,"official_lgd_census_code_bridge","lgd_mod_districts_2001_2011","production_2011_2001"
2011,2001,"20","346","census2011__20__346","20","01","census2001__20__01",0.985971254566127,0.989983936708021,0.987012987012987,0.972093023255814,"official_lgd_census_code_bridge","lgd_mod_districts_2001_2011","production_2011_2001"
2011,2001,"20","349","census2011__20__349","20","06","census2001__20__06",0.998845213647743,0.990575696690385,0.984046692607004,0.996845425867508,"official_lgd_census_code_bridge","lgd_mod_districts_2001_2011","production_2011_2001"
2011,2001,"20","351","census2011__20__351","20","08","census2001__20__08",0.996963954958734,0.981702396470544,0.955647545830869,0.988984088127295,"official_lgd_census_code_bridge","lgd_mod_districts_2001_2011","production_2011_2001"
2011,2001,"20","366","census2011__20__366","20","16","census2001__20__16",1,1,1,1,"official_lgd_census_code_bridge","lgd_mod_districts_2001_2011","production_2011_2001"
2011,2001,"20","360","census2011__20__360","20","04","census2001__20__04",0.999170940244855,0.986029542702834,0.980165289256198,0.994252873563218,"official_lgd_census_code_bridge","lgd_mod_districts_2001_2011","production_2011_2001"
2011,2001,"20","365","census2011__20__365","20","14","census2001__20__14",0.999983079049043,0.999567034033721,0.998677248677249,1,"official_lgd_census_code_bridge","lgd_mod_districts_2001_2011","production_2011_2001"
2011,2001,"20","348","census2011__20__348","20","05","census2001__20__05",0.920357021691874,0.870030078625382,0.974226804123711,0.996212121212121,"official_lgd_census_code_bridge","lgd_mod_districts_2001_2011","production_2011_2001"
2011,2001,"20","359","census2011__20__359","20","02","census2001__20__02",0.999518554894371,0.999024225719151,0.99203187250996,0.980971659919028,"official_lgd_census_code_bridge","lgd_mod_districts_2001_2011","production_2011_2001"
2011,2001,"20","356","census2011__20__356","20","15","census2001__20__15",1,1,1,1,"official_lgd_census_code_bridge","lgd_mod_districts_2001_2011","production_2011_2001"
2011,2001,"20","353","census2011__20__353","20","10","census2001__20__10",0.998298575556794,0.993421518103813,0.982532751091703,0.996457041629761,"official_lgd_census_code_bridge","lgd_mod_districts_2001_2011","production_2011_2001"
2011,2001,"20","358","census2011__20__358","20","02","census2001__20__02",0.996749780526417,0.984071246876554,0.974985456660849,0.980971659919028,"official_lgd_census_code_bridge","lgd_mod_districts_2001_2011","production_2011_2001"
2011,2001,"20","361","census2011__20__361","20","04","census2001__20__04",0.974603004077127,0.990934962471055,0.981707317073171,0.994252873563218,"official_lgd_census_code_bridge","lgd_mod_districts_2001_2011","production_2011_2001"
2011,2001,"20","364","census2011__20__364","20","14","census2001__20__14",0.999568403866854,0.998196102432531,0.995419847328244,1,"official_lgd_census_code_bridge","lgd_mod_districts_2001_2011","production_2011_2001"
2011,2001,"20","352","census2011__20__352","20","09","census2001__20__09",0.994424988982965,0.977305603494284,0.948186528497409,0.983115886415963,"official_lgd_census_code_bridge","lgd_mod_districts_2001_2011","production_2011_2001"
2011,2001,"20","369","census2011__20__369","20","17","census2001__20__17",0.993784364390229,0.996675706009925,0.988705473501303,0.99713672154617,"official_lgd_census_code_bridge","lgd_mod_districts_2001_2011","production_2011_2001"
2011,2001,"20","368","census2011__20__368","20","17","census2001__20__17",0.99993010893687,0.999507322245384,0.997578692493947,0.99713672154617,"official_lgd_census_code_bridge","lgd_mod_districts_2001_2011","production_2011_2001"
2011,2001,"29","572","census2011__29__572","29","20","census2001__29__20",0.999500704200393,0.995865136587946,0.984265734265734,0.970689655172414,"official_lgd_census_code_bridge","lgd_mod_districts_2001_2011","production_2011_2001"
2011,2001,"29","558","census2011__29__558","29","05","census2001__29__05",1,1,1,0.995008319467554,"official_lgd_census_code_bridge","lgd_mod_districts_2001_2011","production_2011_2001"
2011,2001,"29","566","census2011__29__566","29","13","census2001__29__13",0.999308207026881,0.991188157874559,0.986286919831224,0.983175604626709,"official_lgd_census_code_bridge","lgd_mod_districts_2001_2011","production_2011_2001"
2011,2001,"29","562","census2011__29__562","29","09","census2001__29__09",0.999838659291195,0.993823924414527,0.986376021798365,0.986376021798365,"official_lgd_census_code_bridge","lgd_mod_districts_2001_2011","production_2011_2001"
2011,2001,"29","561","census2011__29__561","29","08","census2001__29__08",1,1,1,0.979289940828402,"official_lgd_census_code_bridge","lgd_mod_districts_2001_2011","production_2011_2001"
2011,2001,"29","574","census2011__29__574","29","23","census2001__29__23",0.999243985519198,0.989178053235668,0.988768718801997,0.991242702251877,"official_lgd_census_code_bridge","lgd_mod_districts_2001_2011","production_2011_2001"
2011,2001,"29","564","census2011__29__564","29","11","census2001__29__11",0.999131859685492,0.99947469276415,0.998573466476462,1,"official_lgd_census_code_bridge","lgd_mod_districts_2001_2011","production_2011_2001"
2011,2001,"29","576","census2011__29__576","29","25","census2001__29__25",0.999911635128823,0.999515556136626,0.996621621621622,0.996621621621622,"official_lgd_census_code_bridge","lgd_mod_districts_2001_2011","production_2011_2001"
2011,2001,"29","581","census2011__29__581","29","19","census2001__29__19",0.999196824266581,0.993011870534242,0.984491315136476,0.98839590443686,"official_lgd_census_code_bridge","lgd_mod_districts_2001_2011","production_2011_2001"
2011,2001,"29","560","census2011__29__560","29","07","census2001__29__07",0.999972660296995,0.990571207933546,0.995,0.996661101836394,"official_lgd_census_code_bridge","lgd_mod_districts_2001_2011","production_2011_2001"
2011,2001,"29","573","census2011__29__573","29","22","census2001__29__22",0.999787901996324,0.997092560322431,0.993459302325581,0.993459302325581,"official_lgd_census_code_bridge","lgd_mod_districts_2001_2011","production_2011_2001"
2011,2001,"29","559","census2011__29__559","29","06","census2001__29__06",0.999174103023001,0.99714870509788,0.996354799513973,0.978520286396181,"official_lgd_census_code_bridge","lgd_mod_districts_2001_2011","production_2011_2001"
2011,2001,"29","569","census2011__29__569","29","16","census2001__29__16",1,1,1,1,"official_lgd_census_code_bridge","lgd_mod_districts_2001_2011","production_2011_2001"
2011,2001,"29","580","census2011__29__580","29","04","census2001__29__04",0.999764960558508,0.990668766445679,0.983739837398374,0.991247264770241,"official_lgd_census_code_bridge","lgd_mod_districts_2001_2011","production_2011_2001"
2011,2001,"32","598","census2011__32__598","32","11","census2001__32__11",1,1,1,1,"official_lgd_census_code_bridge","lgd_mod_districts_2001_2011","production_2011_2001"
2011,2001,"32","595","census2011__32__595","32","08","census2001__32__08",1,1,1,1,"official_lgd_census_code_bridge","lgd_mod_districts_2001_2011","production_2011_2001"
2011,2001,"32","596","census2011__32__596","32","09","census2001__32__09",1,1,1,0.983606557377049,"official_lgd_census_code_bridge","lgd_mod_districts_2001_2011","production_2011_2001"
2011,2001,"32","589","census2011__32__589","32","02","census2001__32__02",1,1,1,1,"official_lgd_census_code_bridge","lgd_mod_districts_2001_2011","production_2011_2001"
2011,2001,"32","588","census2011__32__588","32","01","census2001__32__01",1,1,1,1,"official_lgd_census_code_bridge","lgd_mod_districts_2001_2011","production_2011_2001"
2011,2001,"32","600","census2011__32__600","32","13","census2001__32__13",1,1,1,1,"official_lgd_census_code_bridge","lgd_mod_districts_2001_2011","production_2011_2001"
2011,2001,"32","597","census2011__32__597","32","10","census2001__32__10",1,1,1,1,"official_lgd_census_code_bridge","lgd_mod_districts_2001_2011","production_2011_2001"
2011,2001,"32","591","census2011__32__591","32","04","census2001__32__04",1,1,1,1,"official_lgd_census_code_bridge","lgd_mod_districts_2001_2011","production_2011_2001"
2011,2001,"32","592","census2011__32__592","32","05","census2001__32__05",1,1,1,1,"official_lgd_census_code_bridge","lgd_mod_districts_2001_2011","production_2011_2001"
2011,2001,"32","593","census2011__32__593","32","06","census2001__32__06",1,1,1,1,"official_lgd_census_code_bridge","lgd_mod_districts_2001_2011","production_2011_2001"
2011,2001,"32","599","census2011__32__599","32","12","census2001__32__12",1,1,1,1,"official_lgd_census_code_bridge","lgd_mod_districts_2001_2011","production_2011_2001"
2011,2001,"32","601","census2011__32__601","32","14","census2001__32__14",1,1,1,1,"official_lgd_census_code_bridge","lgd_mod_districts_2001_2011","production_2011_2001"
2011,2001,"32","594","census2011__32__594","32","07","census2001__32__07",1,1,1,1,"official_lgd_census_code_bridge","lgd_mod_districts_2001_2011","production_2011_2001"
2011,2001,"32","590","census2011__32__590","32","03","census2001__32__03",1,1,1,1,"official_lgd_census_code_bridge","lgd_mod_districts_2001_2011","production_2011_2001"
2011,2001,"31","587","census2011__31__587","31","01","census2001__31__01",0.999829385944504,0.989746060184411,0.916666666666667,1,"official_lgd_census_code_bridge","lgd_mod_districts_2001_2011","production_2011_2001"
2011,2001,"23","465","census2011__23__465","23","24","census2001__23__24",0.999888888736473,0.998723645369267,0.998154981549816,0.997735849056604,"official_lgd_census_code_bridge","lgd_mod_districts_2001_2011","production_2011_2001"
2011,2001,"23","461","census2011__23__461","23","16","census2001__23__16",0.999931040077884,0.994071832222055,0.996521739130435,0.99,"official_lgd_census_code_bridge","lgd_mod_districts_2001_2011","production_2011_2001"
2011,2001,"23","457","census2011__23__457","23","45","census2001__23__45",0.999699711699726,0.998872807257565,0.996882307092751,0.990704879938033,"official_lgd_census_code_bridge","lgd_mod_districts_2001_2011","production_2011_2001"
2011,2001,"23","441","census2011__23__441","23","28","census2001__23__28",0.99233195346498,0.989752126062796,0.977272727272727,0.95955369595537,"official_lgd_census_code_bridge","lgd_mod_districts_2001_2011","production_2011_2001"
2011,2001,"23","447","census2011__23__447","23","35","census2001__23__35",0.996986089546403,0.993818946949662,0.988913525498891,0.993318485523385,"official_lgd_census_code_bridge","lgd_mod_districts_2001_2011","production_2011_2001"
2011,2001,"23","420","census2011__23__420","23","03","census2001__23__03",0.999999412802664,0.999550465084646,0.998885172798216,0.996662958843159,"official_lgd_census_code_bridge","lgd_mod_districts_2001_2011","production_2011_2001"
2011,2001,"23","444","census2011__23__444","23","32","census2001__23__32",0.999970899103819,0.995624180215706,0.986111111111111,0.995991983967936,"official_lgd_census_code_bridge","lgd_mod_districts_2001_2011","production_2011_2001"
2011,2001,"23","467","census2011__23__467","23","29","census2001__23__29",1,1,1,0.921845574387947,"official_lgd_census_code_bridge","lgd_mod_districts_2001_2011","production_2011_2001"
2011,2001,"23","425","census2011__23__425","23","09","census2001__23__09",0.999202212922902,0.994003194501854,0.988149498632634,0.993583868010999,"official_lgd_census_code_bridge","lgd_mod_districts_2001_2011","production_2011_2001"
2011,2001,"23","428","census2011__23__428","23","12","census2001__23__12",0.999819974076267,0.997410279659975,0.99323753169907,0.995762711864407,"official_lgd_census_code_bridge","lgd_mod_districts_2001_2011","production_2011_2001"
2011,2001,"23","437","census2011__23__437","23","23","census2001__23__23",0.999423808046863,0.996301878742027,0.986903648269411,0.985060690943044,"official_lgd_census_code_bridge","lgd_mod_districts_2001_2011","production_2011_2001"
2011,2001,"23","438","census2011__23__438","23","25","census2001__23__25",0.999749733017598,0.99539596991536,0.993955674949631,0.997977073499663,"official_lgd_census_code_bridge","lgd_mod_districts_2001_2011","production_2011_2001"
2011,2001,"23","453","census2011__23__453","23","41","census2001__23__41",0.999997161203877,0.999364571772733,0.998892580287929,0.997787610619469,"official_lgd_census_code_bridge","lgd_mod_districts_2001_2011","production_2011_2001"
2011,2001,"23","458","census2011__23__458","23","07","census2001__23__07",0.99871367252535,0.996409521750811,0.99290780141844,0.995681381957774,"official_lgd_census_code_bridge","lgd_mod_districts_2001_2011","production_2011_2001"
2011,2001,"23","421","census2011__23__421","23","04","census2001__23__04",0.989727052079786,0.99078886431041,0.987158908507223,0.991935483870968,"official_lgd_census_code_bridge","lgd_mod_districts_2001_2011","production_2011_2001"
2011,2001,"23","448","census2011__23__448","23","36","census2001__23__36",0.999521443033315,0.994323342791847,0.986381322957198,0.982558139534884,"official_lgd_census_code_bridge","lgd_mod_districts_2001_2011","production_2011_2001"
2011,2001,"23","439","census2011__23__439","23","26","census2001__23__26",0.999973754057821,0.998286717564131,0.995253164556962,0.9858934169279,"official_lgd_census_code_bridge","lgd_mod_districts_2001_2011","production_2011_2001"
2011,2001,"23","451","census2011__23__451","23","39","census2001__23__39",0.999835179712977,0.996858042537771,0.992846924177396,0.995695839311334,"official_lgd_census_code_bridge","lgd_mod_districts_2001_2011","production_2011_2001"
2011,2001,"23","464","census2011__23__464","23","24","census2001__23__24",0.999751231161858,0.996505935007917,0.991116751269036,0.997735849056604,"official_lgd_census_code_bridge","lgd_mod_districts_2001_2011","production_2011_2001"
2011,2001,"23","450","census2011__23__450","23","38","census2001__23__38",0.999432680980959,0.989189046773507,0.98019801980198,0.99,"official_lgd_census_code_bridge","lgd_mod_districts_2001_2011","production_2011_2001"
2011,2001,"23","454","census2011__23__454","23","42","census2001__23__42",0.993529275147999,0.998017866187359,0.997518610421836,0.997518610421836,"official_lgd_census_code_bridge","lgd_mod_districts_2001_2011","production_2011_2001"
2011,2001,"23","433","census2011__23__433","23","19","census2001__23__19",1,1,1,0.995589856670342,"official_lgd_census_code_bridge","lgd_mod_districts_2001_2011","production_2011_2001"
2011,2001,"23","419","census2011__23__419","23","02","census2001__23__02",1,1,1,0.989873417721519,"official_lgd_census_code_bridge","lgd_mod_districts_2001_2011","production_2011_2001"
2011,2001,"23","432","census2011__23__432","23","18","census2001__23__18",0.999314825552891,0.992813678179536,0.986842105263158,0.989736070381232,"official_lgd_census_code_bridge","lgd_mod_districts_2001_2011","production_2011_2001"
2011,2001,"23","426","census2011__23__426","23","10","census2001__23__10",0.99981603903514,0.997916917119022,0.995802728226653,0.989572471324296,"official_lgd_census_code_bridge","lgd_mod_districts_2001_2011","production_2011_2001"
2011,2001,"23","446","census2011__23__446","23","34","census2001__23__34",0.999828777024881,0.995211793694932,0.989539748953975,0.99789029535865,"official_lgd_census_code_bridge","lgd_mod_districts_2001_2011","production_2011_2001"
2011,2001,"23","442","census2011__23__442","23","30","census2001__23__30",0.999877087411551,0.997992021539699,0.994668246445498,0.995257854179016,"official_lgd_census_code_bridge","lgd_mod_districts_2001_2011","production_2011_2001"
2011,2001,"23","434","census2011__23__434","23","20","census2001__23__20",0.999937099440945,0.99932097021358,0.997161778618732,1,"official_lgd_census_code_bridge","lgd_mod_districts_2001_2011","production_2011_2001"
2011,2001,"23","427","census2011__23__427","23","11","census2001__23__11",0.999766655539009,0.995949153279092,0.989051094890511,0.990083507306889,"official_lgd_census_code_bridge","lgd_mod_districts_2001_2011","production_2011_2001"
2011,2001,"23","445","census2011__23__445","23","33","census2001__23__33",0.999411285624083,0.993701784521934,0.98457087753134,0.999021526418787,"official_lgd_census_code_bridge","lgd_mod_districts_2001_2011","production_2011_2001"
2011,2001,"23","456","census2011__23__456","23","44","census2001__23__44",0.999971721323065,0.999538757057798,0.998107255520505,0.996221662468514,"official_lgd_census_code_bridge","lgd_mod_districts_2001_2011","production_2011_2001"
2011,2001,"23","460","census2011__23__460","23","16","census2001__23__16",0.999722590507238,0.997046159189157,0.990255785627284,0.99,"official_lgd_census_code_bridge","lgd_mod_districts_2001_2011","production_2011_2001"
2011,2001,"23","418","census2011__23__418","23","01","census2001__23__01",0.99724362916345,0.985289520133311,0.976878612716763,0.956603773584906,"official_lgd_census_code_bridge","lgd_mod_districts_2001_2011","production_2011_2001"
2011,2001,"23","462","census2011__23__462","23","17","census2001__23__17",0.999818856987592,0.996564717630954,0.99124513618677,0.996575342465753,"official_lgd_census_code_bridge","lgd_mod_districts_2001_2011","production_2011_2001"
2011,2001,"23","435","census2011__23__435","23","21","census2001__23__21",0.999835419032204,0.998908797736858,0.996360327570519,1,"official_lgd_census_code_bridge","lgd_mod_districts_2001_2011","production_2011_2001"
2011,2001,"23","431","census2011__23__431","23","15","census2001__23__15",0.998929831037381,0.990777141839821,0.978369384359401,0.991568296795953,"official_lgd_census_code_bridge","lgd_mod_districts_2001_2011","production_2011_2001"
2011,2001,"23","443","census2011__23__443","23","31","census2001__23__31",0.99937691714506,0.995328102012406,0.992207792207792,0.995439739413681,"official_lgd_census_code_bridge","lgd_mod_districts_2001_2011","production_2011_2001"
2011,2001,"27","501","census2011__27__501","27","05","census2001__27__05",0.998883073323535,0.994801843913975,0.985159817351598,0.989655172413793,"official_lgd_census_code_bridge","lgd_mod_districts_2001_2011","production_2011_2001"
2011,2001,"27","503","census2011__27__503","27","07","census2001__27__07",0.999580397064857,0.992393996196642,0.989690721649485,0.968601895734597,"official_lgd_census_code_bridge","lgd_mod_districts_2001_2011","production_2011_2001"
2011,2001,"27","523","census2011__27__523","27","27","census2001__27__27",0.999754743527105,0.999576564616428,0.998530492285085,0.999264705882353,"official_lgd_census_code_bridge","lgd_mod_districts_2001_2011","production_2011_2001"
2011,2001,"27","506","census2011__27__506","27","10","census2001__27__10",0.994982229945998,0.994309105531949,0.991060025542784,0.989795918367347,"official_lgd_census_code_bridge","lgd_mod_districts_2001_2011","production_2011_2001"
2011,2001,"27","500","census2011__27__500","27","04","census2001__27__04",0.997221081578095,0.994218439442994,0.98093058733791,0.983932670237184,"official_lgd_census_code_bridge","lgd_mod_districts_2001_2011","production_2011_2001"
2011,2001,"27","509","census2011__27__509","27","13","census2001__27__13",0.998859051847134,0.994110883061772,0.988482384823848,0.981830417227456,"official_lgd_census_code_bridge","lgd_mod_districts_2001_2011","production_2011_2001"
2011,2001,"27","498","census2011__27__498","27","02","census2001__27__02",1,1,1,0.998531571218796,"official_lgd_census_code_bridge","lgd_mod_districts_2001_2011","production_2011_2001"
2011,2001,"27","508","census2011__27__508","27","12","census2001__27__12",0.999388596960507,0.996229630397252,0.995379537953795,0.990151017728168,"official_lgd_census_code_bridge","lgd_mod_districts_2001_2011","production_2011_2001"
2011,2001,"27","507","census2011__27__507","27","11","census2001__27__11",0.999785256335127,0.996425970165692,0.99552071668533,0.993296089385475,"official_lgd_census_code_bridge","lgd_mod_districts_2001_2011","production_2011_2001"
2011,2001,"27","512","census2011__27__512","27","16","census2001__27__16",0.999487830669855,0.997089155407361,0.989660265878877,0.99112426035503,"official_lgd_census_code_bridge","lgd_mod_districts_2001_2011","production_2011_2001"
2011,2001,"27","530","census2011__27__530","27","34","census2001__27__34",0.999999742002131,0.999835948789261,0.999174917491749,0.999174917491749,"official_lgd_census_code_bridge","lgd_mod_districts_2001_2011","production_2011_2001"
2011,2001,"27","519","census2011__27__519","27","23","census2001__27__23",NA,NA,NA,NA,"official_lgd_census_code_bridge","lgd_mod_districts_2001_2011","production_2011_2001"
2011,2001,"27","518","census2011__27__518","27","22","census2001__27__22",NA,NA,NA,NA,"official_lgd_census_code_bridge","lgd_mod_districts_2001_2011","production_2011_2001"
2011,2001,"27","505","census2011__27__505","27","09","census2001__27__09",0.998972616722215,0.988021662964452,0.975816203143894,0.97463768115942,"official_lgd_census_code_bridge","lgd_mod_districts_2001_2011","production_2011_2001"
2011,2001,"27","511","census2011__27__511","27","15","census2001__27__15",0.999814952107701,0.998382238598987,0.994861913937058,0.994861913937058,"official_lgd_census_code_bridge","lgd_mod_districts_2001_2011","production_2011_2001"
2011,2001,"27","497","census2011__27__497","27","01","census2001__27__01",1,1,1,0.997872340425532,"official_lgd_census_code_bridge","lgd_mod_districts_2001_2011","production_2011_2001"
2011,2001,"27","516","census2011__27__516","27","20","census2001__27__20",0.999833311146359,0.999671977532674,0.998969072164948,1,"official_lgd_census_code_bridge","lgd_mod_districts_2001_2011","production_2011_2001"
2011,2001,"27","513","census2011__27__513","27","17","census2001__27__17",1,1,1,0.997613365155131,"official_lgd_census_code_bridge","lgd_mod_districts_2001_2011","production_2011_2001"
2011,2001,"27","521","census2011__27__521","27","25","census2001__27__25",0.970302589515694,0.991395604047188,0.988310308182784,0.995184590690209,"official_lgd_census_code_bridge","lgd_mod_districts_2001_2011","production_2011_2001"
2011,2001,"27","520","census2011__27__520","27","24","census2001__27__24",0.999273024068028,0.997877594715756,0.993143459915612,0.99893899204244,"official_lgd_census_code_bridge","lgd_mod_districts_2001_2011","production_2011_2001"
2011,2001,"27","528","census2011__27__528","27","32","census2001__27__32",1,1,1,0.998062015503876,"official_lgd_census_code_bridge","lgd_mod_districts_2001_2011","production_2011_2001"
2011,2001,"27","531","census2011__27__531","27","35","census2001__27__35",1,1,1,0.997256515775034,"official_lgd_census_code_bridge","lgd_mod_districts_2001_2011","production_2011_2001"
2011,2001,"27","527","census2011__27__527","27","31","census2001__27__31",0.999508945678073,0.996460289819858,0.996523754345307,0.993645291738879,"official_lgd_census_code_bridge","lgd_mod_districts_2001_2011","production_2011_2001"
2011,2001,"27","529","census2011__27__529","27","33","census2001__27__33",1,1,1,0.989304812834225,"official_lgd_census_code_bridge","lgd_mod_districts_2001_2011","production_2011_2001"
2011,2001,"27","504","census2011__27__504","27","08","census2001__27__08",0.998963693923771,0.985858925606721,0.968559837728195,0.944609297725025,"official_lgd_census_code_bridge","lgd_mod_districts_2001_2011","production_2011_2001"
2011,2001,"27","502","census2011__27__502","27","06","census2001__27__06",0.999397741321127,0.998050012659738,0.995720399429387,0.987252124645892,"official_lgd_census_code_bridge","lgd_mod_districts_2001_2011","production_2011_2001"
2011,2001,"27","510","census2011__27__510","27","14","census2001__27__14",0.999244683567864,0.99646476697435,0.992465016146394,0.988739946380697,"official_lgd_census_code_bridge","lgd_mod_districts_2001_2011","production_2011_2001"
2011,2001,"14","275","census2011__14__275","14","04","census2001__14__04",0.928049402061508,0.98958015589444,0.981818181818182,1,"official_lgd_census_code_bridge","lgd_mod_districts_2001_2011","production_2011_2001"
2011,2001,"14","277","census2011__14__277","14","06","census2001__14__06",0.998705663216197,0.97496191643529,0.974576271186441,0.966386554621849,"official_lgd_census_code_bridge","lgd_mod_districts_2001_2011","production_2011_2001"
2011,2001,"17","298","census2011__17__298","17","06","census2001__17__06",0.570105911524168,0.379847915605693,0.39047619047619,0.903581267217631,"official_lgd_census_code_bridge","lgd_mod_districts_2001_2011","production_2011_2001"
2011,2001,"17","297","census2011__17__297","17","05","census2001__17__05",0.741547764323039,0.690032886946887,0.685546875,0.941018766756032,"official_lgd_census_code_bridge","lgd_mod_districts_2001_2011","production_2011_2001"
2011,2001,"17","295","census2011__17__295","17","03","census2001__17__03",0.681578420721596,0.739687468922437,0.726677577741408,0.939461883408072,"official_lgd_census_code_bridge","lgd_mod_districts_2001_2011","production_2011_2001"
2011,2001,"15","282","census2011__15__282","15","02","census2001__15__02",1,1,1,0.875,"official_lgd_census_code_bridge","lgd_mod_districts_2001_2011","production_2011_2001"
2011,2001,"15","287","census2011__15__287","15","07","census2001__15__07",0.847617985623853,0.81186533567251,0.973856209150327,0.978102189781022,"official_lgd_census_code_bridge","lgd_mod_districts_2001_2011","production_2011_2001"
2011,2001,"15","281","census2011__15__281","15","01","census2001__15__01",0.972292708861983,0.944560564544376,0.925925925925926,0.9375,"official_lgd_census_code_bridge","lgd_mod_districts_2001_2011","production_2011_2001"
2011,2001,"13","268","census2011__13__268","13","02","census2001__13__02",0.984093970366849,0.954953021054125,0.944444444444444,0.967611336032389,"official_lgd_census_code_bridge","lgd_mod_districts_2001_2011","production_2011_2001"
2011,2001,"13","262","census2011__13__262","13","03","census2001__13__03",0.999054577591434,0.989908514489883,0.990196078431373,1,"official_lgd_census_code_bridge","lgd_mod_districts_2001_2011","production_2011_2001"
2011,2001,"13","261","census2011__13__261","13","01","census2001__13__01",0.995736434108527,0.983796958879981,0.973684210526316,1,"official_lgd_census_code_bridge","lgd_mod_districts_2001_2011","production_2011_2001"
2011,2001,"13","271","census2011__13__271","13","07","census2001__13__07",0.977924573877062,0.899801425143921,0.873684210526316,0.977777777777778,"official_lgd_census_code_bridge","lgd_mod_districts_2001_2011","production_2011_2001"
2011,2001,"13","264","census2011__13__264","13","05","census2001__13__05",0.992767955369327,0.989401304441311,0.984615384615385,0.992248062015504,"official_lgd_census_code_bridge","lgd_mod_districts_2001_2011","production_2011_2001"
2011,2001,"13","263","census2011__13__263","13","04","census2001__13__04",0.995538410167878,0.991396046685129,0.99468085106383,0.98936170212766,"official_lgd_census_code_bridge","lgd_mod_districts_2001_2011","production_2011_2001"
2011,2001,"21","393","census2011__21__393","21","24","census2001__21__24",0.99948574800318,0.999278654789312,0.998294485503127,0.993212669683258,"official_lgd_census_code_bridge","lgd_mod_districts_2001_2011","production_2011_2001"
2011,2001,"21","378","census2011__21__378","21","09","census2001__21__09",0.999318213653386,0.996068161350751,0.987980769230769,0.993553585817889,"official_lgd_census_code_bridge","lgd_mod_districts_2001_2011","production_2011_2001"
2011,2001,"21","391","census2011__21__391","21","22","census2001__21__22",0.999553452019893,0.997558315097561,0.994628469113697,0.995519713261649,"official_lgd_census_code_bridge","lgd_mod_districts_2001_2011","production_2011_2001"
2011,2001,"21","383","census2011__21__383","21","14","census2001__21__14",0.999206077073401,0.996747085616437,0.982488479262673,0.98886827458256,"official_lgd_census_code_bridge","lgd_mod_districts_2001_2011","production_2011_2001"
2011,2001,"21","389","census2011__21__389","21","20","census2001__21__20",0.995917392530853,0.99232119872697,0.986027944111776,0.980807412309729,"official_lgd_census_code_bridge","lgd_mod_districts_2001_2011","production_2011_2001"
2011,2001,"21","388","census2011__21__388","21","19","census2001__21__19",0.998028637322823,0.993512153114665,0.988603988603989,0.980572235959025,"official_lgd_census_code_bridge","lgd_mod_districts_2001_2011","production_2011_2001"
2011,2001,"21","371","census2011__21__371","21","02","census2001__21__02",0.989946592350368,0.981202404379925,1,0.994269340974212,"official_lgd_census_code_bridge","lgd_mod_districts_2001_2011","production_2011_2001"
2011,2001,"21","395","census2011__21__395","21","26","census2001__21__26",0.999500275546035,0.996776619503097,0.991270611057226,0.990790111488124,"official_lgd_census_code_bridge","lgd_mod_districts_2001_2011","production_2011_2001"
2011,2001,"21","386","census2011__21__386","21","17","census2001__21__17",0.999746854894117,0.994551185857667,0.986090775988287,0.995565410199557,"official_lgd_census_code_bridge","lgd_mod_districts_2001_2011","production_2011_2001"
2011,2001,"21","399","census2011__21__399","21","30","census2001__21__30",0.987556915289175,0.980000949988267,0.959677419354839,0.970438328236493,"official_lgd_census_code_bridge","lgd_mod_districts_2001_2011","production_2011_2001"
2011,2001,"21","376","census2011__21__376","21","07","census2001__21__07",0.999711477939373,0.99559053421869,0.993851911253675,0.994383525006686,"official_lgd_census_code_bridge","lgd_mod_districts_2001_2011","production_2011_2001"
2011,2001,"21","397","census2011__21__397","21","28","census2001__21__28",0.998985213105248,0.998270785156755,0.996559633027523,0.992009132420091,"official_lgd_census_code_bridge","lgd_mod_districts_2001_2011","production_2011_2001"
2011,2001,"21","394","census2011__21__394","21","25","census2001__21__25",0.9979684853092,0.996907014156621,0.992295839753467,0.990769230769231,"official_lgd_census_code_bridge","lgd_mod_districts_2001_2011","production_2011_2001"
2011,2001,"21","387","census2011__21__387","21","18","census2001__21__18",0.998941562225898,0.995461490664401,0.98692403486924,0.993730407523511,"official_lgd_census_code_bridge","lgd_mod_districts_2001_2011","production_2011_2001"
2011,2001,"21","372","census2011__21__372","21","03","census2001__21__03",0.999236383859748,0.995732184584888,0.990283400809717,0.98793242156074,"official_lgd_census_code_bridge","lgd_mod_districts_2001_2011","production_2011_2001"
2011,2001,"03","049","census2011__03__049","03","02","census2001__03__02",0.995989008518238,0.995500558352505,0.991620111731844,0.994147157190635,"official_lgd_census_code_bridge","lgd_mod_districts_2001_2011","production_2011_2001"
2011,2001,"03","046","census2011__03__046","03","14","census2001__03__14",0.999944545470913,0.9991742465493,0.989690721649485,0.996539792387543,"official_lgd_census_code_bridge","lgd_mod_districts_2001_2011","production_2011_2001"
2011,2001,"03","045","census2011__03__045","03","13","census2001__03__13",1,1,1,1,"official_lgd_census_code_bridge","lgd_mod_districts_2001_2011","production_2011_2001"
2011,2001,"03","040","census2011__03__040","03","08","census2001__03__08",0.996483235756605,0.995112817911405,0.995515695067265,0.993273542600897,"official_lgd_census_code_bridge","lgd_mod_districts_2001_2011","production_2011_2001"
2011,2001,"03","037","census2011__03__037","03","04","census2001__03__04",0.997437533905607,0.996956038987233,0.993637327677625,0.987341772151899,"official_lgd_census_code_bridge","lgd_mod_districts_2001_2011","production_2011_2001"
2011,2001,"03","036","census2011__03__036","03","03","census2001__03__03",0.994615833791317,0.988199948208624,0.97258064516129,0.966346153846154,"official_lgd_census_code_bridge","lgd_mod_districts_2001_2011","production_2011_2001"
2011,2001,"03","042","census2011__03__042","03","10","census2001__03__10",0.99981119683132,0.99808789239925,0.990740740740741,0.990769230769231,"official_lgd_census_code_bridge","lgd_mod_districts_2001_2011","production_2011_2001"
2011,2001,"03","051","census2011__03__051","03","07","census2001__03__07",0.998413420936696,0.996935608943303,0.988294314381271,0.971330275229358,"official_lgd_census_code_bridge","lgd_mod_districts_2001_2011","production_2011_2001"
2011,2001,"08","121","census2011__08__121","08","23","census2001__08__23",0.999783059952867,0.995096738472977,0.994103773584906,0.998815165876777,"official_lgd_census_code_bridge","lgd_mod_districts_2001_2011","production_2011_2001"
2011,2001,"08","126","census2011__08__126","08","29","census2001__08__29",0.999845116068981,0.9959755458851,0.994201030927835,0.995442114858706,"official_lgd_census_code_bridge","lgd_mod_districts_2001_2011","production_2011_2001"
2011,2001,"08","102","census2011__08__102","08","04","census2001__08__04",0.998642835884635,0.994265715081722,0.988425925925926,0.993704092339979,"official_lgd_census_code_bridge","lgd_mod_districts_2001_2011","production_2011_2001"
2011,2001,"08","109","census2011__08__109","08","11","census2001__08__11",0.99410883989415,0.994444027723631,0.993130520117762,0.995064165844028,"official_lgd_census_code_bridge","lgd_mod_districts_2001_2011","production_2011_2001"
2011,2001,"08","124","census2011__08__124","08","27","census2001__08__27",0.99520723746752,0.997659001000022,0.993047508690614,1,"official_lgd_census_code_bridge","lgd_mod_districts_2001_2011","production_2011_2001"
2011,2001,"08","100","census2011__08__100","08","02","census2001__08__02",0.998246456286499,0.977520053303882,0.96126568466994,0.991558806978053,"official_lgd_census_code_bridge","lgd_mod_districts_2001_2011","production_2011_2001"
2011,2001,"08","129","census2011__08__129","08","32","census2001__08__32",0.999609532509076,0.995188915892552,0.991233985165206,0.993243243243243,"official_lgd_census_code_bridge","lgd_mod_districts_2001_2011","production_2011_2001"
2011,2001,"33","616","census2011__33__616","33","17","census2001__33__17",1,1,1,1,"official_lgd_census_code_bridge","lgd_mod_districts_2001_2011","production_2011_2001"
2011,2001,"33","632","census2011__33__632","33","12","census2001__33__12",0.988659327042918,0.976149476433072,0.975524475524476,0.976987447698745,"official_lgd_census_code_bridge","lgd_mod_districts_2001_2011","production_2011_2001"
2011,2001,"33","617","census2011__33__617","33","18","census2001__33__18",0.996362881037452,0.996967487929332,0.996372430471584,0.995169082125604,"official_lgd_census_code_bridge","lgd_mod_districts_2001_2011","production_2011_2001"
2011,2001,"33","630","census2011__33__630","33","05","census2001__33__05",0.996975796416747,0.996314295696846,0.991304347826087,0.981617647058823,"official_lgd_census_code_bridge","lgd_mod_districts_2001_2011","production_2011_2001"
2011,2001,"33","612","census2011__33__612","33","13","census2001__33__13",0.98556284798185,0.994194389065029,0.989010989010989,0.991735537190083,"official_lgd_census_code_bridge","lgd_mod_districts_2001_2011","production_2011_2001"
2011,2001,"33","610","census2011__33__610","33","10","census2001__33__10",0.991560319467932,0.81352009703199,0.988439306358382,0.987525987525988,"official_lgd_census_code_bridge","lgd_mod_districts_2001_2011","production_2011_2001"
2011,2001,"33","629","census2011__33__629","33","30","census2001__33__30",0.961244114813401,0.966231791134978,0.913669064748201,0.984496124031008,"official_lgd_census_code_bridge","lgd_mod_districts_2001_2011","production_2011_2001"
2011,2001,"33","613","census2011__33__613","33","14","census2001__33__14",0.986711984014925,0.970454824997398,0.994623655913978,0.984042553191489,"official_lgd_census_code_bridge","lgd_mod_districts_2001_2011","production_2011_2001"
2011,2001,"33","631","census2011__33__631","33","05","census2001__33__05",0.994491461632538,0.991956799926374,0.993506493506494,0.981617647058823,"official_lgd_census_code_bridge","lgd_mod_districts_2001_2011","production_2011_2001"
2011,2001,"33","623","census2011__33__623","33","24","census2001__33__24",0.994720167909808,0.99229028441064,0.989304812834225,0.966898954703833,"official_lgd_census_code_bridge","lgd_mod_districts_2001_2011","production_2011_2001"
2011,2001,"33","609","census2011__33__609","33","09","census2001__33__09",0.986139119068672,0.994381148904251,0.992307692307692,0.982233502538071,"official_lgd_census_code_bridge","lgd_mod_districts_2001_2011","production_2011_2001"
2011,2001,"33","615","census2011__33__615","33","16","census2001__33__16",0.992765343117035,0.988810215298842,0.973509933774834,0.993243243243243,"official_lgd_census_code_bridge","lgd_mod_districts_2001_2011","production_2011_2001"
2011,2001,"33","621","census2011__33__621","33","22","census2001__33__22",0.995895807136303,0.989011722212431,0.991978609625668,0.991978609625668,"official_lgd_census_code_bridge","lgd_mod_districts_2001_2011","production_2011_2001"
2011,2001,"33","626","census2011__33__626","33","27","census2001__33__27",1,1,1,0.994949494949495,"official_lgd_census_code_bridge","lgd_mod_districts_2001_2011","production_2011_2001"
2011,2001,"33","608","census2011__33__608","33","08","census2001__33__08",0.997706901486816,0.989133657068632,0.996569468267582,0.968333333333333,"official_lgd_census_code_bridge","lgd_mod_districts_2001_2011","production_2011_2001"
2011,2001,"33","622","census2011__33__622","33","23","census2001__33__23",0.996627214652227,0.996505410529154,0.994263862332696,0.996168582375479,"official_lgd_census_code_bridge","lgd_mod_districts_2001_2011","production_2011_2001"
2011,2001,"33","620","census2011__33__620","33","21","census2001__33__21",0.995529720810178,0.991850689452756,0.98578811369509,0.994784876140808,"official_lgd_census_code_bridge","lgd_mod_districts_2001_2011","production_2011_2001"
2011,2001,"33","624","census2011__33__624","33","25","census2001__33__25",0.999980736801298,0.994860514977026,0.990740740740741,0.981651376146789,"official_lgd_census_code_bridge","lgd_mod_districts_2001_2011","production_2011_2001"
2011,2001,"33","611","census2011__33__611","33","11","census2001__33__11",0.999694041561394,0.965053553829605,0.982758620689655,0.966101694915254,"official_lgd_census_code_bridge","lgd_mod_districts_2001_2011","production_2011_2001"
2011,2001,"33","619","census2011__33__619","33","20","census2001__33__20",0.995729575085207,0.995623159349782,0.996282527881041,0.990757855822551,"official_lgd_census_code_bridge","lgd_mod_districts_2001_2011","production_2011_2001"
2011,2001,"33","614","census2011__33__614","33","15","census2001__33__15",0.993207189535281,0.997982427227299,0.986984815618221,0.980603448275862,"official_lgd_census_code_bridge","lgd_mod_districts_2001_2011","production_2011_2001"
2011,2001,"33","606","census2011__33__606","33","06","census2001__33__06",0.996416856838582,0.992401872680424,0.996229971724788,0.995291902071563,"official_lgd_census_code_bridge","lgd_mod_districts_2001_2011","production_2011_2001"
2011,2001,"33","625","census2011__33__625","33","26","census2001__33__26",0.976555183514111,0.94926790937277,0.976744186046512,0.958174904942966,"official_lgd_census_code_bridge","lgd_mod_districts_2001_2011","production_2011_2001"
2011,2001,"16","291","census2011__16__291","16","03","census2001__16__03",0.975393279221638,0.893136747498925,0.966442953020134,0.972789115646258,"official_lgd_census_code_bridge","lgd_mod_districts_2001_2011","production_2011_2001"
2011,2001,"16","292","census2011__16__292","16","04","census2001__16__04",0.988219561436248,0.968140187216762,0.964705882352941,0.993939393939394,"official_lgd_census_code_bridge","lgd_mod_districts_2001_2011","production_2011_2001"
2011,2001,"16","290","census2011__16__290","16","02","census2001__16__02",0.996111876584616,0.983532516762144,0.988461538461539,1,"official_lgd_census_code_bridge","lgd_mod_districts_2001_2011","production_2011_2001"
2011,2001,"16","289","census2011__16__289","16","01","census2001__16__01",0.974594072452439,0.943564669150287,0.920689655172414,0.985239852398524,"official_lgd_census_code_bridge","lgd_mod_districts_2001_2011","production_2011_2001"
2011,2001,"05","064","census2011__05__064","05","09","census2001__05__09",0.995834578301253,0.877609174333365,0.989912883998166,0.988511029411765,"official_lgd_census_code_bridge","lgd_mod_districts_2001_2011","production_2011_2001"
2011,2001,"05","063","census2011__05__063","05","08","census2001__05__08",0.998541735603968,0.934959994515598,0.981693363844394,0.982973893303065,"official_lgd_census_code_bridge","lgd_mod_districts_2001_2011","production_2011_2001"
2011,2001,"05","068","census2011__05__068","05","13","census2001__05__13",0.997990924777642,0.974315878961003,0.946196660482375,0.986460348162476,"official_lgd_census_code_bridge","lgd_mod_districts_2001_2011","production_2011_2001"
2011,2001,"09","146","census2011__09__146","09","15","census2001__09__15",0.999676156202695,0.998086246125839,0.997826086956522,0.995652173913044,"official_lgd_census_code_bridge","lgd_mod_districts_2001_2011","production_2011_2001"
2011,2001,"09","143","census2011__09__143","09","12","census2001__09__12",0.996181702822268,0.998420224868736,0.996638655462185,0.996638655462185,"official_lgd_census_code_bridge","lgd_mod_districts_2001_2011","production_2011_2001"
2011,2001,"09","178","census2011__09__178","09","48","census2001__09__48",0.997895231136734,0.998031834457315,0.996374622356495,0.981547619047619,"official_lgd_census_code_bridge","lgd_mod_districts_2001_2011","production_2011_2001"
2011,2001,"09","162","census2011__09__162","09","32","census2001__09__32",0.999982602959671,0.998468293117596,0.997429305912596,0.991060025542784,"official_lgd_census_code_bridge","lgd_mod_districts_2001_2011","production_2011_2001"
2011,2001,"09","191","census2011__09__191","09","61","census2001__09__61",0.999666660381329,0.992736413458561,0.980623199790521,0.98397267472412,"official_lgd_census_code_bridge","lgd_mod_districts_2001_2011","production_2011_2001"
2011,2001,"09","139","census2011__09__139","09","08","census2001__09__08",0.999852653163966,0.995800360569318,0.986531986531986,0.986531986531986,"official_lgd_census_code_bridge","lgd_mod_districts_2001_2011","production_2011_2001"
2011,2001,"09","180","census2011__09__180","09","50","census2001__09__50",0.88185069318706,0.880811933453933,0.994868035190616,0.987562189054726,"official_lgd_census_code_bridge","lgd_mod_districts_2001_2011","production_2011_2001"
2011,2001,"09","193","census2011__09__193","09","63","census2001__09__63",0.99478080878481,0.984422208986895,0.971922246220302,0.979336595976074,"official_lgd_census_code_bridge","lgd_mod_districts_2001_2011","production_2011_2001"
2011,2001,"09","182","census2011__09__182","09","52","census2001__09__52",0.999297703457728,0.99815036474209,0.99402390438247,0.997002997002997,"official_lgd_census_code_bridge","lgd_mod_districts_2001_2011","production_2011_2001"
2011,2001,"09","170","census2011__09__170","09","40","census2001__09__40",0.999986106557149,0.99963283360133,0.996987951807229,0.992743105950653,"official_lgd_census_code_bridge","lgd_mod_districts_2001_2011","production_2011_2001"
2011,2001,"09","150","census2011__09__150","09","20","census2001__09__20",0.999323570781945,0.995713412129322,0.993107104984093,0.992055084745763,"official_lgd_census_code_bridge","lgd_mod_districts_2001_2011","production_2011_2001"
2011,2001,"09","185","census2011__09__185","09","55","census2001__09__55",0.993657038609613,0.991500395703697,0.986721466961745,0.988283723875871,"official_lgd_census_code_bridge","lgd_mod_districts_2001_2011","production_2011_2001"
2011,2001,"09","134","census2011__09__134","09","03","census2001__09__03",0.994696844418775,0.95733467426424,0.959312839059674,0.979233964005538,"official_lgd_census_code_bridge","lgd_mod_districts_2001_2011","production_2011_2001"
2011,2001,"09","142","census2011__09__142","09","11","census2001__09__11",0.967934119252817,0.952377525114064,0.990779547359598,0.992982456140351,"official_lgd_census_code_bridge","lgd_mod_districts_2001_2011","production_2011_2001"
2011,2001,"09","196","census2011__09__196","09","66","census2001__09__66",0.99716503239524,0.989101721105087,0.970055710306407,0.983757062146893,"official_lgd_census_code_bridge","lgd_mod_districts_2001_2011","production_2011_2001"
2011,2001,"09","171","census2011__09__171","09","41","census2001__09__41",0.95414477730834,0.937577419103021,0.984098939929329,0.97985347985348,"official_lgd_census_code_bridge","lgd_mod_districts_2001_2011","production_2011_2001"
2011,2001,"09","190","census2011__09__190","09","60","census2001__09__60",0.999239909369592,0.994013742844322,0.986679822397632,0.99156746031746,"official_lgd_census_code_bridge","lgd_mod_districts_2001_2011","production_2011_2001"
2011,2001,"09","201","census2011__09__201","09","17","census2001__09__17",1,1,1,0.993489583333333,"official_lgd_census_code_bridge","lgd_mod_districts_2001_2011","production_2011_2001"
2011,2001,"09","161","census2011__09__161","09","31","census2001__09__31",0.999994310315398,0.99985390562496,0.998552821997106,0.998552821997106,"official_lgd_census_code_bridge","lgd_mod_districts_2001_2011","production_2011_2001"
2011,2001,"09","159","census2011__09__159","09","29","census2001__09__29",0.999314132581938,0.996968513028536,0.996594778660613,0.986516853932584,"official_lgd_census_code_bridge","lgd_mod_districts_2001_2011","production_2011_2001"
2011,2001,"09","172","census2011__09__172","09","42","census2001__09__42",0.995107745449311,0.998192576922313,0.993372606774669,0.992641648270787,"official_lgd_census_code_bridge","lgd_mod_districts_2001_2011","production_2011_2001"
2011,2001,"09","147","census2011__09__147","09","16","census2001__09__16",0.985604581939639,0.974595649651354,0.996245306633292,0.982565379825654,"official_lgd_census_code_bridge","lgd_mod_districts_2001_2011","production_2011_2001"
2011,2001,"09","141","census2011__09__141","09","10","census2001__09__10",0.937892076705812,0.967593681057139,0.955555555555556,0.879699248120301,"official_lgd_census_code_bridge","lgd_mod_districts_2001_2011","production_2011_2001"
2011,2001,"09","195","census2011__09__195","09","65","census2001__09__65",0.999156968489626,0.97999344185904,0.96315213425757,0.989134507306107,"official_lgd_census_code_bridge","lgd_mod_districts_2001_2011","production_2011_2001"
2011,2001,"09","183","census2011__09__183","09","53","census2001__09__53",0.999774019130911,0.999764036328717,0.99835255354201,0.999450247388675,"official_lgd_census_code_bridge","lgd_mod_districts_2001_2011","production_2011_2001"
2011,2001,"09","168","census2011__09__168","09","38","census2001__09__38",0.999250193564161,0.990303675422284,0.980119284294235,0.973434535104364,"official_lgd_census_code_bridge","lgd_mod_districts_2001_2011","production_2011_2001"
2011,2001,"09","155","census2011__09__155","09","25","census2001__09__25",0.998105229980612,0.997382657325423,0.996306068601583,0.994731296101159,"official_lgd_census_code_bridge","lgd_mod_districts_2001_2011","production_2011_2001"
2011,2001,"09","165","census2011__09__165","09","35","census2001__09__35",0.99931064028204,0.989784318979089,0.984243697478992,0.989440337909187,"official_lgd_census_code_bridge","lgd_mod_districts_2001_2011","production_2011_2001"
2011,2001,"09","194","census2011__09__194","09","64","census2001__09__64",0.999937920041013,0.998754815593406,0.995755003032141,0.996057021534729,"official_lgd_census_code_bridge","lgd_mod_districts_2001_2011","production_2011_2001"
2011,2001,"09","166","census2011__09__166","09","36","census2001__09__36",0.9999404584102,0.990615590631025,0.986910994764398,0.97039897039897,"official_lgd_census_code_bridge","lgd_mod_districts_2001_2011","production_2011_2001"
2011,2001,"09","160","census2011__09__160","09","30","census2001__09__30",0.9996535105299,0.99947982808807,0.997126436781609,0.990014265335235,"official_lgd_census_code_bridge","lgd_mod_districts_2001_2011","production_2011_2001"
2011,2001,"09","163","census2011__09__163","09","33","census2001__09__33",0.987595925584461,0.997029703911781,0.995905834186285,0.994887525562372,"official_lgd_census_code_bridge","lgd_mod_districts_2001_2011","production_2011_2001"
2011,2001,"09","164","census2011__09__164","09","34","census2001__09__34",0.999958745046131,0.99888684479613,0.995609220636663,0.9880174291939,"official_lgd_census_code_bridge","lgd_mod_districts_2001_2011","production_2011_2001"
2011,2001,"09","174","census2011__09__174","09","44","census2001__09__44",0.999663665075432,0.999255578036119,0.998643147896879,0.985294117647059,"official_lgd_census_code_bridge","lgd_mod_districts_2001_2011","production_2011_2001"
2011,2001,"09","167","census2011__09__167","09","37","census2001__09__37",0.99975114440828,0.995061959574856,0.987087517934003,0.981455064194009,"official_lgd_census_code_bridge","lgd_mod_districts_2001_2011","production_2011_2001"
2011,2001,"09","157","census2011__09__157","09","27","census2001__09__27",0.989186764325887,0.98108717398639,0.991411042944785,0.972322503008424,"official_lgd_census_code_bridge","lgd_mod_districts_2001_2011","production_2011_2001"
2011,2001,"09","169","census2011__09__169","09","39","census2001__09__39",0.936194429413282,0.906423320555048,0.984090909090909,0.969483568075117,"official_lgd_census_code_bridge","lgd_mod_districts_2001_2011","production_2011_2001"
2011,2001,"09","148","census2011__09__148","09","18","census2001__09__18",0.999989831573393,0.999768950868392,0.998793727382388,0.997590361445783,"official_lgd_census_code_bridge","lgd_mod_districts_2001_2011","production_2011_2001"
2011,2001,"09","145","census2011__09__145","09","14","census2001__09__14",0.998955316930383,0.991045806126943,0.974834437086093,0.974834437086093,"official_lgd_census_code_bridge","lgd_mod_districts_2001_2011","production_2011_2001"
2011,2001,"09","192","census2011__09__192","09","62","census2001__09__62",0.99794693304708,0.954944660680835,0.980171844018506,0.982758620689655,"official_lgd_census_code_bridge","lgd_mod_districts_2001_2011","production_2011_2001"
2011,2001,"09","138","census2011__09__138","09","07","census2001__09__07",0.999910561029175,0.993752219469712,0.988745980707395,0.974921630094044,"official_lgd_census_code_bridge","lgd_mod_districts_2001_2011","production_2011_2001"
2011,2001,"09","199","census2011__09__199","09","69","census2001__09__69",0.99887063120502,0.996918663643025,0.988603988603989,0.989283699943598,"official_lgd_census_code_bridge","lgd_mod_districts_2001_2011","production_2011_2001"
2011,2001,"09","151","census2011__09__151","09","21","census2001__09__21",0.949376343853074,0.888544821988257,0.983920367534456,0.986938775510204,"official_lgd_census_code_bridge","lgd_mod_districts_2001_2011","production_2011_2001"
2011,2001,"09","173","census2011__09__173","09","43","census2001__09__43",0.999638220944483,0.997912884302275,0.998175182481752,0.999543170397442,"official_lgd_census_code_bridge","lgd_mod_districts_2001_2011","production_2011_2001"
2011,2001,"09","158","census2011__09__158","09","28","census2001__09__28",0.99992071786159,0.998714569860238,0.996551724137931,0.996551724137931,"official_lgd_census_code_bridge","lgd_mod_districts_2001_2011","production_2011_2001"
2011,2001,"09","136","census2011__09__136","09","05","census2001__09__05",0.995829300129847,0.984930268955574,0.979427549194991,0.998176845943482,"official_lgd_census_code_bridge","lgd_mod_districts_2001_2011","production_2011_2001"
2011,2001,"09","132","census2011__09__132","09","01","census2001__09__01",0.99637374068986,0.889008335772106,0.97537728355838,0.961628817541112,"official_lgd_census_code_bridge","lgd_mod_districts_2001_2011","production_2011_2001"
2011,2001,"09","152","census2011__09__152","09","22","census2001__09__22",0.998941639852881,0.993992130451392,0.987613149118628,0.991236162361624,"official_lgd_census_code_bridge","lgd_mod_districts_2001_2011","production_2011_2001"
2011,2001,"09","154","census2011__09__154","09","24","census2001__09__24",0.999965878618874,0.999729085410885,0.998711893516531,0.997427101200686,"official_lgd_census_code_bridge","lgd_mod_districts_2001_2011","production_2011_2001"
2011,2001,"09","200","census2011__09__200","09","70","census2001__09__70",0.948070369851371,0.976011412036289,0.983676366217175,0.994181818181818,"official_lgd_census_code_bridge","lgd_mod_districts_2001_2011","production_2011_2001"
2011,2001,"09","156","census2011__09__156","09","26","census2001__09__26",0.998065865452825,0.989351821494989,0.989498249708285,0.992974238875878,"official_lgd_census_code_bridge","lgd_mod_districts_2001_2011","production_2011_2001"
2011,2001,"09","197","census2011__09__197","09","67","census2001__09__67",0.996392011512056,0.994485570749386,0.988434849653046,0.986153846153846,"official_lgd_census_code_bridge","lgd_mod_districts_2001_2011","production_2011_2001"
2011,2001,"19","339","census2011__19__339","19","13","census2001__19__13",0.999816219095753,0.994356541244498,0.992189679218968,0.996637713645279,"official_lgd_census_code_bridge","lgd_mod_districts_2001_2011","production_2011_2001"
2011,2001,"19","334","census2011__19__334","19","08","census2001__19__08",0.998300620904992,0.996326198334651,0.992844364937388,0.995069475571493,"official_lgd_census_code_bridge","lgd_mod_districts_2001_2011","production_2011_2001"
2011,2001,"19","341","census2011__19__341","19","16","census2001__19__16",0.999845980302386,0.998266584552008,0.997439180537772,0.998717948717949,"official_lgd_census_code_bridge","lgd_mod_districts_2001_2011","production_2011_2001"
2011,2001,"19","342","census2011__19__342","19","17","census2001__19__17",1,1,1,1,"official_lgd_census_code_bridge","lgd_mod_districts_2001_2011","production_2011_2001"
2011,2001,"19","333","census2011__19__333","19","07","census2001__19__07",0.999196064870569,0.995289796355934,0.990286298568507,0.992315573770492,"official_lgd_census_code_bridge","lgd_mod_districts_2001_2011","production_2011_2001"
2011,2001,"19","340","census2011__19__340","19","14","census2001__19__14",0.999662811869159,0.996780102520568,0.993932038834951,0.996754563894523,"official_lgd_census_code_bridge","lgd_mod_districts_2001_2011","production_2011_2001"
2011,2001,"01","002","census2011__01__002","01","04","census2001__01__04",0.975935482904359,0.985819956827554,0.991489361702128,0.997849462365591,"non_nested_or_incomplete",NA,"production_2011_2001"
2011,2001,"01","002","census2011__01__002","01","02","census2001__01__02",0.00488972245717407,0.00698129026901206,0.991489361702128,0.998447204968944,"non_nested_or_incomplete",NA,"production_2011_2001"
2011,2001,"01","003","census2011__01__003","01","07","census2001__01__07",1,1,1,1,"deterministic_containment",NA,"production_2011_2001"
2011,2001,"01","004","census2011__01__004","01","08","census2001__01__08",1,1,1,1,"deterministic_containment",NA,"production_2011_2001"
2011,2001,"01","006","census2011__01__006","01","12","census2001__01__12",0.999467633850393,0.981606796427044,0.997361477572559,0.992125984251969,"non_nested_or_incomplete",NA,"production_2011_2001"
2011,2001,"01","008","census2011__01__008","01","02","census2001__01__02",0.999546644524666,0.994881621292636,0.996101364522417,0.998447204968944,"non_nested_or_incomplete",NA,"production_2011_2001"
2011,2001,"01","009","census2011__01__009","01","02","census2001__01__02",1,1,1,0.998447204968944,"deterministic_containment",NA,"production_2011_2001"
2011,2001,"01","011","census2011__01__011","01","03","census2001__01__03",0.948713379907614,0.92054112450215,1,1,"non_nested_or_incomplete",NA,"production_2011_2001"
2011,2001,"01","011","census2011__01__011","01","02","census2001__01__02",0.0512866200923865,0.0794588754978497,1,0.998447204968944,"non_nested_or_incomplete",NA,"production_2011_2001"
2011,2001,"01","013","census2011__01__013","01","05","census2001__01__05",0.968138534643052,0.970523649811045,0.991189427312775,0.996323529411765,"non_nested_or_incomplete",NA,"production_2011_2001"
2011,2001,"01","015","census2011__01__015","01","06","census2001__01__06",1,1,1,0.998266897746967,"deterministic_containment",NA,"production_2011_2001"
2011,2001,"01","016","census2011__01__016","01","09","census2001__01__09",0.999924378439561,0.996933834256096,0.995049504950495,0.993939393939394,"non_nested_or_incomplete",NA,"production_2011_2001"
2011,2001,"01","017","census2011__01__017","01","09","census2001__01__09",0.84132908960816,0.856298750423286,0.991452991452991,0.993939393939394,"non_nested_or_incomplete",NA,"production_2011_2001"
2011,2001,"01","017","census2011__01__017","01","10","census2001__01__10",0.15744784341923,0.142393160563213,0.991452991452991,1,"non_nested_or_incomplete",NA,"production_2011_2001"
2011,2001,"01","019","census2011__01__019","01","10","census2001__01__10",0.999021595178248,0.996973317626193,0.996978851963746,1,"non_nested_or_incomplete",NA,"production_2011_2001"
2011,2001,"01","019","census2011__01__019","01","13","census2001__01__13",0.000922547456237556,0.00283994491244935,0.996978851963746,0.992409867172676,"non_nested_or_incomplete",NA,"production_2011_2001"
2011,2001,"01","020","census2011__01__020","01","10","census2001__01__10",0.999354873564753,0.997711872128282,0.992156862745098,1,"non_nested_or_incomplete",NA,"production_2011_2001"
2011,2001,"01","022","census2011__01__022","01","13","census2001__01__13",0.78344486324781,0.771508132867322,0.943019943019943,0.992409867172676,"non_nested_or_incomplete",NA,"production_2011_2001"
2011,2001,"01","022","census2011__01__022","01","14","census2001__01__14",0.137924979146937,0.166649054505741,0.943019943019943,0.987544483985765,"non_nested_or_incomplete",NA,"production_2011_2001"
2011,2001,"01","022","census2011__01__022","01","10","census2001__01__10",0.0100847292864803,0.0197514721488966,0.943019943019943,1,"non_nested_or_incomplete",NA,"production_2011_2001"
2011,2001,"02","025","census2011__02__025","02","03","census2001__02__03",0.98691547332404,0.88876268822847,0.964285714285714,0.940766550522648,"non_nested_or_incomplete",NA,"production_2011_2001"
2011,2001,"02","027","census2011__02__027","02","05","census2001__02__05",0.998687707358741,0.983963178441629,0.977933450087566,0.983791402396054,"non_nested_or_incomplete",NA,"production_2011_2001"
2011,2001,"02","029","census2011__02__029","02","07","census2001__02__07",0.999879118833861,0.954034501307007,0.997357992073976,0.994729907773386,"non_nested_or_incomplete",NA,"production_2011_2001"
2011,2001,"02","030","census2011__02__030","02","08","census2001__02__08",0.999298348500874,0.99831662989362,0.993730407523511,0.981424148606811,"non_nested_or_incomplete",NA,"production_2011_2001"
2011,2001,"02","033","census2011__02__033","02","11","census2001__02__11",0.998377169813639,0.96971875234935,0.978337928318236,0.983372921615202,"non_nested_or_incomplete",NA,"production_2011_2001"
2011,2001,"03","035","census2011__03__035","03","01","census2001__03__01",0.988358903426542,0.984272692441043,0.988975356679637,0.9889896373057,"non_nested_or_incomplete",NA,"production_2011_2001"
2011,2001,"03","038","census2011__03__038","03","05","census2001__03__05",0.999580871346411,0.997096101298837,0.997138769670958,0.995708154506438,"non_nested_or_incomplete",NA,"production_2011_2001"
2011,2001,"03","038","census2011__03__038","03","01","census2001__03__01",0.00040778381785236,0.00213443924836781,0.997138769670958,0.9889896373057,"non_nested_or_incomplete",NA,"production_2011_2001"
2011,2001,"03","039","census2011__03__039","03","06","census2001__03__06",0.998801260799268,0.996734888906586,0.993562231759657,0.987206823027719,"non_nested_or_incomplete",NA,"production_2011_2001"
2011,2001,"03","041","census2011__03__041","03","09","census2001__03__09",0.999958842314331,0.998410512425823,0.998895027624309,0.994499449944995,"non_nested_or_incomplete",NA,"production_2011_2001"
2011,2001,"03","043","census2011__03__043","03","11","census2001__03__11",0.999789559178226,0.999845511202,0.996900826446281,0.987717502558854,"non_nested_or_incomplete",NA,"production_2011_2001"
2011,2001,"03","044","census2011__03__044","03","12","census2001__03__12",1,1,1,0.995798319327731,"deterministic_containment",NA,"production_2011_2001"
2011,2001,"03","047","census2011__03__047","03","15","census2001__03__15",1,1,1,1,"deterministic_containment",NA,"production_2011_2001"
2011,2001,"03","048","census2011__03__048","03","17","census2001__03__17",0.996912959499486,0.989750540248182,0.987858719646799,0.98780487804878,"non_nested_or_incomplete",NA,"production_2011_2001"
2011,2001,"03","050","census2011__03__050","03","02","census2001__03__02",0.998803172842384,0.995607384733386,0.991718426501035,0.994147157190635,"non_nested_or_incomplete",NA,"production_2011_2001"
2011,2001,"03","052","census2011__03__052","03","07","census2001__03__07",0.620687053540441,0.576642067891452,0.990407673860911,0.971330275229358,"non_nested_or_incomplete",NA,"production_2011_2001"
2011,2001,"03","052","census2011__03__052","03","17","census2001__03__17",0.376810107125145,0.408620537898878,0.990407673860911,0.98780487804878,"non_nested_or_incomplete",NA,"production_2011_2001"
2011,2001,"03","053","census2011__03__053","03","16","census2001__03__16",1,1,1,0.987394957983193,"deterministic_containment",NA,"production_2011_2001"
2011,2001,"03","054","census2011__03__054","03","16","census2001__03__16",0.990393382667788,0.956479822988446,0.96969696969697,0.987394957983193,"non_nested_or_incomplete",NA,"production_2011_2001"
2011,2001,"05","056","census2011__05__056","05","01","census2001__05__01",0.999539513944851,0.910665645003966,0.984034833091437,0.98978102189781,"non_nested_or_incomplete",NA,"production_2011_2001"
2011,2001,"05","057","census2011__05__057","05","02","census2001__05__02",0.998125662338326,0.99097948203326,0.98469387755102,0.988054607508532,"non_nested_or_incomplete",NA,"production_2011_2001"
2011,2001,"05","058","census2011__05__058","05","03","census2001__05__03",0.9994428049611,0.973954427001572,0.993893129770992,0.986363636363636,"non_nested_or_incomplete",NA,"production_2011_2001"
2011,2001,"05","059","census2011__05__059","05","04","census2001__05__04",0.998647813884714,0.960069494244972,0.989313835770529,0.977765425236242,"non_nested_or_incomplete",NA,"production_2011_2001"
2011,2001,"05","060","census2011__05__060","05","05","census2001__05__05",0.997190418543355,0.998007204135997,0.991891891891892,0.991891891891892,"non_nested_or_incomplete",NA,"production_2011_2001"
2011,2001,"05","061","census2011__05__061","05","06","census2001__05__06",0.997353453110093,0.918794693064338,0.988253968253968,0.986687797147385,"non_nested_or_incomplete",NA,"production_2011_2001"
2011,2001,"05","062","census2011__05__062","05","07","census2001__05__07",0.987228998901619,0.945339982702934,0.993011435832274,0.987365761212887,"non_nested_or_incomplete",NA,"production_2011_2001"
2011,2001,"05","065","census2011__05__065","05","10","census2001__05__10",0.997589043628297,0.812250604043772,0.971471471471472,0.98030303030303,"non_nested_or_incomplete",NA,"production_2011_2001"
2011,2001,"05","066","census2011__05__066","05","11","census2001__05__11",0.932043096359227,0.693489026128102,0.973755656108597,0.988980716253444,"non_nested_or_incomplete",NA,"production_2011_2001"
2011,2001,"05","067","census2011__05__067","05","12","census2001__05__12",0.995547946451639,0.935436166119335,0.991316931982634,0.994186046511628,"non_nested_or_incomplete",NA,"production_2011_2001"
2011,2001,"05","067","census2011__05__067","05","11","census2001__05__11",0.000792042219610383,0.0129595212303725,0.991316931982634,0.988980716253444,"non_nested_or_incomplete",NA,"production_2011_2001"
2011,2001,"06","073","census2011__06__073","06","05","census2001__06__05",1,1,1,0.992673992673993,"deterministic_containment",NA,"production_2011_2001"
2011,2001,"06","077","census2011__06__077","06","09","census2001__06__09",1,1,1,0.990353697749196,"deterministic_containment",NA,"production_2011_2001"
2011,2001,"06","080","census2011__06__080","06","12","census2001__06__12",0.999356625921553,0.992554227837691,0.992831541218638,1,"non_nested_or_incomplete",NA,"production_2011_2001"
2011,2001,"06","081","census2011__06__081","06","13","census2001__06__13",0.991836372591308,0.985485418719636,0.988839285714286,1,"non_nested_or_incomplete",NA,"production_2011_2001"
2011,2001,"06","086","census2011__06__086","06","18","census2001__06__18",0.999675476177572,0.980589254766031,0.991525423728814,0.925287356321839,"non_nested_or_incomplete",NA,"production_2011_2001"
2011,2001,"06","087","census2011__06__087","06","18","census2001__06__18",0.999295882105294,0.993695378651341,0.987951807228916,0.925287356321839,"non_nested_or_incomplete",NA,"production_2011_2001"
2011,2001,"06","089","census2011__06__089","06","19","census2001__06__19",0.999911768203562,0.995240010726736,0.992700729927007,0.992840095465394,"non_nested_or_incomplete",NA,"production_2011_2001"
2011,2001,"08","099","census2011__08__099","08","01","census2001__08__01",0.998682184557133,0.982872294089498,0.981112277019937,0.989767113620325,"non_nested_or_incomplete",NA,"production_2011_2001"
2011,2001,"08","101","census2011__08__101","08","03","census2001__08__03",0.875064352391794,0.838372319465619,0.982716049382716,0.985974754558205,"non_nested_or_incomplete",NA,"production_2011_2001"
2011,2001,"08","101","census2011__08__101","08","04","census2001__08__04",0.124399254294848,0.103207349224972,0.982716049382716,0.993704092339979,"non_nested_or_incomplete",NA,"production_2011_2001"
2011,2001,"08","103","census2011__08__103","08","05","census2001__08__05",1,1,1,1,"deterministic_containment",NA,"production_2011_2001"
2011,2001,"08","104","census2011__08__104","08","06","census2001__08__06",0.99909129788415,0.993720612306806,0.996382428940568,0.994321115126484,"non_nested_or_incomplete",NA,"production_2011_2001"
2011,2001,"08","104","census2011__08__104","08","07","census2001__08__07",0.000397455089616595,0.000423667740078809,0.996382428940568,0.994901675163875,"non_nested_or_incomplete",NA,"production_2011_2001"
2011,2001,"08","104","census2011__08__104","08","11","census2001__08__11",0.000324225350502304,0.000523948159843077,0.996382428940568,0.995064165844028,"non_nested_or_incomplete",NA,"production_2011_2001"
2011,2001,"08","105","census2011__08__105","08","07","census2001__08__07",0.996859282186668,0.994237610054043,0.98768115942029,0.994901675163875,"non_nested_or_incomplete",NA,"production_2011_2001"
2011,2001,"08","106","census2011__08__106","08","08","census2001__08__08",0.999999171167229,0.999747514467693,0.998727735368957,0.996192893401015,"non_nested_or_incomplete",NA,"production_2011_2001"
2011,2001,"08","107","census2011__08__107","08","09","census2001__08__09",0.999933481822022,0.996611267809303,0.992094861660079,0.997361477572559,"non_nested_or_incomplete",NA,"production_2011_2001"
2011,2001,"08","108","census2011__08__108","08","10","census2001__08__10",0.994785672729832,0.983536832442753,0.971544715447154,0.994452149791956,"non_nested_or_incomplete",NA,"production_2011_2001"
2011,2001,"08","110","census2011__08__110","08","12","census2001__08__12",0.999360305162619,0.998460879906083,0.996618357487923,0.997100048332528,"non_nested_or_incomplete",NA,"production_2011_2001"
2011,2001,"08","111","census2011__08__111","08","13","census2001__08__13",0.997001120144562,0.998775722822,0.996966632962588,0.997975708502024,"non_nested_or_incomplete",NA,"production_2011_2001"
2011,2001,"08","112","census2011__08__112","08","14","census2001__08__14",0.99800679798884,0.996609445024108,0.994648829431438,0.998656816655473,"non_nested_or_incomplete",NA,"production_2011_2001"
2011,2001,"08","113","census2011__08__113","08","15","census2001__08__15",0.994286396187857,0.999591074537302,0.998116760828625,1,"non_nested_or_incomplete",NA,"production_2011_2001"
2011,2001,"08","114","census2011__08__114","08","16","census2001__08__16",0.998669988461292,0.980484787153288,0.97822445561139,0.970099667774086,"non_nested_or_incomplete",NA,"production_2011_2001"
2011,2001,"08","115","census2011__08__115","08","17","census2001__08__17",1,1,1,1,"deterministic_containment",NA,"production_2011_2001"
2011,2001,"08","116","census2011__08__116","08","18","census2001__08__18",1,1,1,0.998571428571429,"deterministic_containment",NA,"production_2011_2001"
2011,2001,"08","117","census2011__08__117","08","19","census2001__08__19",1,1,1,1,"deterministic_containment",NA,"production_2011_2001"
2011,2001,"08","118","census2011__08__118","08","20","census2001__08__20",1,1,1,1,"deterministic_containment",NA,"production_2011_2001"
2011,2001,"08","119","census2011__08__119","08","21","census2001__08__21",0.999995354332782,0.999648036546092,0.999022482893451,0.998048780487805,"non_nested_or_incomplete",NA,"production_2011_2001"
2011,2001,"08","120","census2011__08__120","08","22","census2001__08__22",0.999941603826286,0.997681572975162,0.990300678952473,0.98457087753134,"non_nested_or_incomplete",NA,"production_2011_2001"
2011,2001,"08","122","census2011__08__122","08","24","census2001__08__24",0.991991772551061,0.990796224789853,0.987566607460036,0.998198198198198,"non_nested_or_incomplete",NA,"production_2011_2001"
2011,2001,"08","122","census2011__08__122","08","25","census2001__08__25",0.00210294857055548,0.00209145832586339,0.987566607460036,0.998976458546571,"non_nested_or_incomplete",NA,"production_2011_2001"
2011,2001,"08","122","census2011__08__122","08","21","census2001__08__21",0.00150507178050614,0.00119473468005997,0.987566607460036,0.998048780487805,"non_nested_or_incomplete",NA,"production_2011_2001"
2011,2001,"08","123","census2011__08__123","08","25","census2001__08__25",0.998182599470689,0.998693135497234,0.997942386831276,0.998976458546571,"non_nested_or_incomplete",NA,"production_2011_2001"
2011,2001,"08","125","census2011__08__125","08","28","census2001__08__28",0.99981688692183,0.998767016384923,0.99637943519189,0.996607869742198,"non_nested_or_incomplete",NA,"production_2011_2001"
2011,2001,"08","127","census2011__08__127","08","30","census2001__08__30",0.99978003677334,0.991372751136523,0.986232790988736,0.994943109987358,"non_nested_or_incomplete",NA,"production_2011_2001"
2011,2001,"08","127","census2011__08__127","08","31","census2001__08__31",0.000103059693610196,0.000383355234086971,0.986232790988736,0.999075785582255,"non_nested_or_incomplete",NA,"production_2011_2001"
2011,2001,"08","128","census2011__08__128","08","31","census2001__08__31",0.999589540439328,0.994332894798433,0.989010989010989,0.999075785582255,"non_nested_or_incomplete",NA,"production_2011_2001"
2011,2001,"08","130","census2011__08__130","08","26","census2001__08__26",0.999200239862861,0.998745016246726,0.997713763145862,0.999147121535181,"non_nested_or_incomplete",NA,"production_2011_2001"
2011,2001,"08","130","census2011__08__130","08","25","census2001__08__25",0.000286792551215283,0.000633821339444389,0.997713763145862,0.998976458546571,"non_nested_or_incomplete",NA,"production_2011_2001"
2011,2001,"08","131","census2011__08__131","08","29","census2001__08__29",0.657576286487418,0.68292857967345,0.988962472406181,0.995442114858706,"non_nested_or_incomplete",NA,"production_2011_2001"
2011,2001,"08","131","census2011__08__131","08","26","census2001__08__26",0.219464887814159,0.188375774915318,0.988962472406181,0.999147121535181,"non_nested_or_incomplete",NA,"production_2011_2001"
2011,2001,"08","131","census2011__08__131","08","28","census2001__08__28",0.122827053137863,0.126659175847071,0.988962472406181,0.996607869742198,"non_nested_or_incomplete",NA,"production_2011_2001"
2011,2001,"09","133","census2011__09__133","09","02","census2001__09__02",0.999963557484569,0.998284651133901,0.996692392502756,0.989059080962801,"non_nested_or_incomplete",NA,"production_2011_2001"
2011,2001,"09","135","census2011__09__135","09","04","census2001__09__04",0.999137888762085,0.991815174648918,0.985322271857052,0.982188295165394,"non_nested_or_incomplete",NA,"production_2011_2001"
2011,2001,"09","137","census2011__09__137","09","06","census2001__09__06",0.996978623763124,0.980260809659424,0.974173553719008,0.994725738396624,"non_nested_or_incomplete",NA,"production_2011_2001"
2011,2001,"09","140","census2011__09__140","09","09","census2001__09__09",0.994131763514748,0.97890106872881,0.983240223463687,0.972014925373134,"non_nested_or_incomplete",NA,"production_2011_2001"
2011,2001,"09","140","census2011__09__140","09","07","census2001__09__07",0.00566125795527,0.0150735420201229,0.983240223463687,0.974921630094044,"non_nested_or_incomplete",NA,"production_2011_2001"
2011,2001,"09","144","census2011__09__144","09","13","census2001__09__13",0.999513647274763,0.999121731777875,0.997001499250375,1,"non_nested_or_incomplete",NA,"production_2011_2001"
2011,2001,"09","149","census2011__09__149","09","19","census2001__09__19",0.999146635320498,0.994409820410141,0.992256637168142,0.993905817174515,"non_nested_or_incomplete",NA,"production_2011_2001"
2011,2001,"09","153","census2011__09__153","09","23","census2001__09__23",0.999110474049939,0.991299968428997,0.988953488372093,0.992415402567094,"non_nested_or_incomplete",NA,"production_2011_2001"
2011,2001,"09","175","census2011__09__175","09","45","census2001__09__45",0.998205358029058,0.994691015835868,0.990119971771348,0.996447602131439,"non_nested_or_incomplete",NA,"production_2011_2001"
2011,2001,"09","175","census2011__09__175","09","44","census2001__09__44",0.000208753506445915,9.02279983588437e-05,0.990119971771348,0.985294117647059,"non_nested_or_incomplete",NA,"production_2011_2001"
2011,2001,"09","176","census2011__09__176","09","46","census2001__09__46",0.995595116261881,0.997775580002093,0.997816593886463,0.997272231314784,"non_nested_or_incomplete",NA,"production_2011_2001"
2011,2001,"09","177","census2011__09__177","09","47","census2001__09__47",0.999974908903131,0.998795980717628,0.995983935742972,0.988835725677831,"non_nested_or_incomplete",NA,"production_2011_2001"
2011,2001,"09","179","census2011__09__179","09","49","census2001__09__49",0.999990255765098,0.999348609202254,0.998007174172977,0.999201915403033,"non_nested_or_incomplete",NA,"production_2011_2001"
2011,2001,"09","181","census2011__09__181","09","51","census2001__09__51",0.99937799869514,0.83582121173058,0.98825831702544,0.985315712187959,"non_nested_or_incomplete",NA,"production_2011_2001"
2011,2001,"09","184","census2011__09__184","09","54","census2001__09__54",0.987117946842434,0.989751442659007,0.985068259385666,0.985909479077711,"non_nested_or_incomplete",NA,"production_2011_2001"
2011,2001,"09","186","census2011__09__186","09","56","census2001__09__56",0.999583717888995,0.991997666355006,0.986146095717884,0.990512333965844,"non_nested_or_incomplete",NA,"production_2011_2001"
2011,2001,"09","187","census2011__09__187","09","57","census2001__09__57",0.991264955564917,0.983850576899298,0.98111658456486,0.992524916943522,"non_nested_or_incomplete",NA,"production_2011_2001"
2011,2001,"09","188","census2011__09__188","09","58","census2001__09__58",0.999430970558863,0.994244750170562,0.984024473147519,0.989405331510595,"non_nested_or_incomplete",NA,"production_2011_2001"
2011,2001,"09","189","census2011__09__189","09","59","census2001__09__59",0.999714409472853,0.994744172782483,0.991139240506329,0.996819338422392,"non_nested_or_incomplete",NA,"production_2011_2001"
2011,2001,"09","198","census2011__09__198","09","68","census2001__09__68",0.99965530634965,0.996806385127473,0.994535519125683,0.989130434782609,"non_nested_or_incomplete",NA,"production_2011_2001"
2011,2001,"09","202","census2011__09__202","09","17","census2001__09__17",0.999556628679651,0.9972995720386,0.990909090909091,0.993489583333333,"non_nested_or_incomplete",NA,"production_2011_2001"
2011,2001,"10","209","census2011__10__209","10","07","census2001__10__07",0.999825364413962,0.999009714597135,0.995827538247566,1,"non_nested_or_incomplete",NA,"production_2011_2001"
2011,2001,"10","212","census2011__10__212","10","10","census2001__10__10",0.980149650166117,0.967706493892693,0.966973886328725,0.982059282371295,"non_nested_or_incomplete",NA,"production_2011_2001"
2011,2001,"10","215","census2011__10__215","10","13","census2001__10__13",0.993961474430364,0.990028528313709,0.98411214953271,0.993396226415094,"non_nested_or_incomplete",NA,"production_2011_2001"
2011,2001,"10","220","census2011__10__220","10","18","census2001__10__18",0.999136199753878,0.997590743654063,0.983157894736842,0.988708539167255,"non_nested_or_incomplete",NA,"production_2011_2001"
2011,2001,"10","224","census2011__10__224","10","22","census2001__10__22",0.990377817367084,0.975925549109881,0.950769230769231,0.988272921108742,"non_nested_or_incomplete",NA,"production_2011_2001"
2011,2001,"10","231","census2011__10__231","10","29","census2001__10__29",0.999634951823537,0.995631176544931,0.994017946161516,0.992039800995025,"non_nested_or_incomplete",NA,"production_2011_2001"
2011,2001,"10","235","census2011__10__235","10","34","census2001__10__34",0.995543828858462,0.996691058231795,0.994279176201373,0.996559633027523,"non_nested_or_incomplete",NA,"production_2011_2001"
2011,2001,"10","240","census2011__10__240","10","33","census2001__10__33",0.999962901819666,0.999444417988207,0.996655518394649,0.998810939357907,"non_nested_or_incomplete",NA,"production_2011_2001"
2011,2001,"11","241","census2011__11__241","11","01","census2001__11__01",0.970395113134595,0.61521762131646,0.981132075471698,0.962962962962963,"non_nested_or_incomplete",NA,"production_2011_2001"
2011,2001,"11","242","census2011__11__242","11","02","census2001__11__02",0.999978011507311,0.984638014916612,0.991596638655462,0.975206611570248,"non_nested_or_incomplete",NA,"production_2011_2001"
2011,2001,"11","243","census2011__11__243","11","03","census2001__11__03",1,1,1,0.972413793103448,"deterministic_containment",NA,"production_2011_2001"
2011,2001,"11","244","census2011__11__244","11","04","census2001__11__04",1,1,1,0.959349593495935,"deterministic_containment",NA,"production_2011_2001"
2011,2001,"12","246","census2011__12__246","12","02","census2001__12__02",0.992066422862044,0.99385249955389,0.989304812834225,0.973684210526316,"non_nested_or_incomplete",NA,"production_2011_2001"
2011,2001,"12","247","census2011__12__247","12","03","census2001__12__03",0.997572753844199,0.993204371888733,0.986842105263158,0.970873786407767,"non_nested_or_incomplete",NA,"production_2011_2001"
2011,2001,"12","248","census2011__12__248","12","04","census2001__12__04",0.9929320473426,0.991762257715409,0.98,0.95609756097561,"non_nested_or_incomplete",NA,"production_2011_2001"
2011,2001,"12","249","census2011__12__249","12","06","census2001__12__06",0.990401207937877,0.893485973708638,0.963325183374083,0.99746835443038,"non_nested_or_incomplete",NA,"production_2011_2001"
2011,2001,"12","250","census2011__12__250","12","07","census2001__12__07",0.998699609882965,0.999099410280997,0.992452830188679,0.98134328358209,"non_nested_or_incomplete",NA,"production_2011_2001"
2011,2001,"12","251","census2011__12__251","12","08","census2001__12__08",0.999536355756244,0.996683227640296,0.992957746478873,0.992957746478873,"non_nested_or_incomplete",NA,"production_2011_2001"
2011,2001,"12","254","census2011__12__254","12","13","census2001__12__13",1,1,1,1,"deterministic_containment",NA,"production_2011_2001"
2011,2001,"12","255","census2011__12__255","12","05","census2001__12__05",0.996962252048362,0.995784116455185,0.980487804878049,0.964788732394366,"non_nested_or_incomplete",NA,"production_2011_2001"
2011,2001,"12","256","census2011__12__256","12","05","census2001__12__05",0.964794543154189,0.978820931507835,0.913157894736842,0.964788732394366,"non_nested_or_incomplete",NA,"production_2011_2001"
2011,2001,"12","259","census2011__12__259","12","11","census2001__12__11",0.986596776631264,0.968974518294565,0.968325791855204,0.963114754098361,"non_nested_or_incomplete",NA,"production_2011_2001"
2011,2001,"12","260","census2011__12__260","12","11","census2001__12__11",0.994279448920246,0.983900516021604,0.977099236641221,0.963114754098361,"non_nested_or_incomplete",NA,"production_2011_2001"
2011,2001,"13","265","census2011__13__265","13","06","census2001__13__06",0.999720177080391,0.999205010717186,0.995305164319249,0.986111111111111,"non_nested_or_incomplete",NA,"production_2011_2001"
2011,2001,"13","266","census2011__13__266","13","08","census2001__13__08",0.997209609712516,0.99614641155097,0.990566037735849,1,"non_nested_or_incomplete",NA,"production_2011_2001"
2011,2001,"13","267","census2011__13__267","13","02","census2001__13__02",0.980157276852021,0.989968501726349,0.983193277310924,0.967611336032389,"non_nested_or_incomplete",NA,"production_2011_2001"
2011,2001,"13","269","census2011__13__269","13","02","census2001__13__02",0.996810983190098,0.996935385564282,0.988636363636364,0.967611336032389,"non_nested_or_incomplete",NA,"production_2011_2001"
2011,2001,"13","270","census2011__13__270","13","07","census2001__13__07",0.937340477931848,0.944321804776748,0.969072164948454,0.977777777777778,"non_nested_or_incomplete",NA,"production_2011_2001"
2011,2001,"13","270","census2011__13__270","13","06","census2001__13__06",0.0018247085690404,0.0320695649537583,0.969072164948454,0.986111111111111,"non_nested_or_incomplete",NA,"production_2011_2001"
2011,2001,"14","272","census2011__14__272","14","01","census2001__14__01",0.399367210131316,0.487241528589354,0.7779632721202,0.983122362869198,"non_nested_or_incomplete",NA,"production_2011_2001"
2011,2001,"14","273","census2011__14__273","14","02","census2001__14__02",0.995129789336727,0.979680613817948,0.982658959537572,0.994152046783626,"non_nested_or_incomplete",NA,"production_2011_2001"
2011,2001,"14","274","census2011__14__274","14","03","census2001__14__03",0.90352480274893,0.984862541586074,0.957142857142857,0.998137802607076,"non_nested_or_incomplete",NA,"production_2011_2001"
2011,2001,"14","276","census2011__14__276","14","05","census2001__14__05",1,1,1,0.97,"deterministic_containment",NA,"production_2011_2001"
2011,2001,"14","278","census2011__14__278","14","07","census2001__14__07",0.996927347150371,0.983829537563752,0.985436893203884,1,"non_nested_or_incomplete",NA,"production_2011_2001"
2011,2001,"14","279","census2011__14__279","14","08","census2001__14__08",1,1,1,1,"deterministic_containment",NA,"production_2011_2001"
2011,2001,"14","280","census2011__14__280","14","09","census2001__14__09",0.987404807812348,0.962507032292629,0.96398891966759,0.994285714285714,"non_nested_or_incomplete",NA,"production_2011_2001"
2011,2001,"15","283","census2011__15__283","15","03","census2001__15__03",0.0922241587006984,0.469981837596169,0.4,0.41304347826087,"non_nested_or_incomplete",NA,"production_2011_2001"
2011,2001,"15","284","census2011__15__284","15","04","census2001__15__04",1,1,1,0.956521739130435,"deterministic_containment",NA,"production_2011_2001"
2011,2001,"15","285","census2011__15__285","15","05","census2001__15__05",0.758981782342886,0.673561381996202,0.657894736842105,0.666666666666667,"non_nested_or_incomplete",NA,"production_2011_2001"
2011,2001,"15","285","census2011__15__285","15","04","census2001__15__04",0.0116112539846313,0.0290714363802762,0.657894736842105,0.956521739130435,"non_nested_or_incomplete",NA,"production_2011_2001"
2011,2001,"15","286","census2011__15__286","15","06","census2001__15__06",0.995911489952177,0.9887923046193,0.975155279503106,0.975155279503106,"non_nested_or_incomplete",NA,"production_2011_2001"
2011,2001,"15","288","census2011__15__288","15","08","census2001__15__08",0.970265646105358,0.975897851661047,0.9375,0.983606557377049,"non_nested_or_incomplete",NA,"production_2011_2001"
2011,2001,"17","293","census2011__17__293","17","01","census2001__17__01",0.928183326323295,0.913153707397725,0.899055918663762,0.965019011406844,"non_nested_or_incomplete",NA,"production_2011_2001"
2011,2001,"17","294","census2011__17__294","17","02","census2001__17__02",0.860234060516755,0.828483892587861,0.855962219598583,0.951058201058201,"non_nested_or_incomplete",NA,"production_2011_2001"
2011,2001,"17","294","census2011__17__294","17","01","census2001__17__01",0.00577404084833498,0.000733427383576652,0.855962219598583,0.965019011406844,"non_nested_or_incomplete",NA,"production_2011_2001"
2011,2001,"17","296","census2011__17__296","17","04","census2001__17__04",0.672991625392065,0.643399383681443,0.654816513761468,0.969439728353141,"non_nested_or_incomplete",NA,"production_2011_2001"
2011,2001,"17","299","census2011__17__299","17","07","census2001__17__07",0.342867049331349,0.293084455426053,0.272522522522523,0.909774436090226,"non_nested_or_incomplete",NA,"production_2011_2001"
2011,2001,"18","301","census2011__18__301","18","02","census2001__18__02",0.970288181451609,0.95220106664423,0.98114985862394,0.984239558707644,"non_nested_or_incomplete",NA,"production_2011_2001"
2011,2001,"18","301","census2011__18__301","18","01","census2001__18__01",0.0276217924974529,0.0305094104727748,0.98114985862394,0.9979035639413,"non_nested_or_incomplete",NA,"production_2011_2001"
2011,2001,"18","303","census2011__18__303","18","05","census2001__18__05",0.998011362629914,0.991266562989766,0.986810551558753,0.989593188268685,"non_nested_or_incomplete",NA,"production_2011_2001"
2011,2001,"18","304","census2011__18__304","18","09","census2001__18__09",0.992211384100862,0.966396407072292,0.965116279069767,0.981418918918919,"non_nested_or_incomplete",NA,"production_2011_2001"
2011,2001,"18","305","census2011__18__305","18","10","census2001__18__10",0.998585223715263,0.992271434497833,0.988388969521045,0.983393501805054,"non_nested_or_incomplete",NA,"production_2011_2001"
2011,2001,"18","306","census2011__18__306","18","11","census2001__18__11",0.988439330391714,0.978016614945941,0.960044395116537,0.980931015143017,"non_nested_or_incomplete",NA,"production_2011_2001"
2011,2001,"18","307","census2011__18__307","18","12","census2001__18__12",0.977605631505263,0.976400621494837,0.97302001740644,0.979842243645925,"non_nested_or_incomplete",NA,"production_2011_2001"
2011,2001,"18","311","census2011__18__311","18","16","census2001__18__16",0.992371313148864,0.997680363869825,0.996547756041427,0.994259471871412,"non_nested_or_incomplete",NA,"production_2011_2001"
2011,2001,"18","312","census2011__18__312","18","17","census2001__18__17",0.986645072217502,0.979881703221145,0.984476067270375,0.958438287153652,"non_nested_or_incomplete",NA,"production_2011_2001"
2011,2001,"18","313","census2011__18__313","18","18","census2001__18__18",0.985573930909336,0.988543076555795,0.959420289855072,0.926305970149254,"non_nested_or_incomplete",NA,"production_2011_2001"
2011,2001,"18","314","census2011__18__314","18","19","census2001__18__19",0.84041940243414,0.758908119268057,0.732326951399116,0.783070866141732,"non_nested_or_incomplete",NA,"production_2011_2001"
2011,2001,"18","315","census2011__18__315","18","20","census2001__18__20",0.915269357595912,0.772497073654771,0.856918238993711,0.903814262023217,"non_nested_or_incomplete",NA,"production_2011_2001"
2011,2001,"18","316","census2011__18__316","18","21","census2001__18__21",0.998566177804317,0.996720974780909,0.990138067061144,0.978557504873294,"non_nested_or_incomplete",NA,"production_2011_2001"
2011,2001,"18","317","census2011__18__317","18","22","census2001__18__22",0.999444935483923,0.991698724180305,0.991323210412148,0.995642701525055,"non_nested_or_incomplete",NA,"production_2011_2001"
2011,2001,"18","318","census2011__18__318","18","23","census2001__18__23",0.999012583118963,0.994695934966659,0.987987987987988,0.996969696969697,"non_nested_or_incomplete",NA,"production_2011_2001"
2011,2001,"18","319","census2011__18__319","18","04","census2001__18__04",0.997956156165911,0.97826212091339,0.97962962962963,0.987584650112867,"non_nested_or_incomplete",NA,"production_2011_2001"
2011,2001,"18","320","census2011__18__320","18","04","census2001__18__04",0.683160431556199,0.587432077126292,0.992063492063492,0.987584650112867,"non_nested_or_incomplete",NA,"production_2011_2001"
2011,2001,"18","320","census2011__18__320","18","01","census2001__18__01",0.296369270079351,0.338323164848102,0.992063492063492,0.9979035639413,"non_nested_or_incomplete",NA,"production_2011_2001"
2011,2001,"18","320","census2011__18__320","18","05","census2001__18__05",0.0197029214247494,0.0710313768770114,0.992063492063492,0.989593188268685,"non_nested_or_incomplete",NA,"production_2011_2001"
2011,2001,"18","321","census2011__18__321","18","06","census2001__18__06",0.996069301541572,0.977115856419978,0.972407231208373,0.986676535899334,"non_nested_or_incomplete",NA,"production_2011_2001"
2011,2001,"18","322","census2011__18__322","18","06","census2001__18__06",0.998802173632189,0.990090792288253,0.981481481481482,0.986676535899334,"non_nested_or_incomplete",NA,"production_2011_2001"
2011,2001,"18","323","census2011__18__323","18","07","census2001__18__07",0.981193278203927,0.950484771182765,0.941935483870968,1,"non_nested_or_incomplete",NA,"production_2011_2001"
2011,2001,"18","324","census2011__18__324","18","07","census2001__18__07",0.52690998079099,0.496581698330586,0.994126284875184,1,"non_nested_or_incomplete",NA,"production_2011_2001"
2011,2001,"18","324","census2011__18__324","18","05","census2001__18__05",0.286563692340078,0.359505677875664,0.994126284875184,0.989593188268685,"non_nested_or_incomplete",NA,"production_2011_2001"
2011,2001,"18","324","census2011__18__324","18","06","census2001__18__06",0.171010709680815,0.139027310584323,0.994126284875184,0.986676535899334,"non_nested_or_incomplete",NA,"production_2011_2001"
2011,2001,"18","324","census2011__18__324","18","08","census2001__18__08",0.00235139331105439,0.000870277015449361,0.994126284875184,0.996220710506425,"non_nested_or_incomplete",NA,"production_2011_2001"
2011,2001,"18","325","census2011__18__325","18","08","census2001__18__08",0.997549811523963,0.990040783422507,0.98018018018018,0.996220710506425,"non_nested_or_incomplete",NA,"production_2011_2001"
2011,2001,"18","326","census2011__18__326","18","08","census2001__18__08",0.963235329482438,0.980926805193651,0.997481108312343,0.996220710506425,"non_nested_or_incomplete",NA,"production_2011_2001"
2011,2001,"18","326","census2011__18__326","18","11","census2001__18__11",0.0223646936036976,0.0173176967757805,0.997481108312343,0.980931015143017,"non_nested_or_incomplete",NA,"production_2011_2001"
2011,2001,"19","327","census2011__19__327","19","01","census2001__19__01",0.99715063741845,0.99340227690622,0.989079563182527,0.984472049689441,"non_nested_or_incomplete",NA,"production_2011_2001"
2011,2001,"19","328","census2011__19__328","19","02","census2001__19__02",0.999823487299843,0.999017501430779,0.996,0.996,"non_nested_or_incomplete",NA,"production_2011_2001"
2011,2001,"19","329","census2011__19__329","19","03","census2001__19__03",0.999963108610379,0.999574034107388,0.996521739130435,0.998257839721254,"non_nested_or_incomplete",NA,"production_2011_2001"
2011,2001,"19","330","census2011__19__330","19","04","census2001__19__04",0.997042034043046,0.993672449960105,0.991913746630728,1,"non_nested_or_incomplete",NA,"production_2011_2001"
2011,2001,"19","331","census2011__19__331","19","05","census2001__19__05",0.999782851988575,0.997042566678843,0.993073047858942,0.997469955724225,"non_nested_or_incomplete",NA,"production_2011_2001"
2011,2001,"19","332","census2011__19__332","19","06","census2001__19__06",0.999135815350854,0.994269300717148,0.990243902439024,0.987834549878346,"non_nested_or_incomplete",NA,"production_2011_2001"
2011,2001,"19","335","census2011__19__335","19","09","census2001__19__09",0.997988225039433,0.996874914744692,0.994808306709265,0.997996794871795,"non_nested_or_incomplete",NA,"production_2011_2001"
2011,2001,"19","336","census2011__19__336","19","10","census2001__19__10",0.99904346311634,0.996249965695778,0.992175273865415,0.995290423861852,"non_nested_or_incomplete",NA,"production_2011_2001"
2011,2001,"19","337","census2011__19__337","19","11","census2001__19__11",0.999732893919015,0.999048375867219,0.997527812113721,1,"non_nested_or_incomplete",NA,"production_2011_2001"
2011,2001,"19","338","census2011__19__338","19","12","census2001__19__12",0.999801962079271,0.999246799011719,0.998951232302045,1,"non_nested_or_incomplete",NA,"production_2011_2001"
2011,2001,"19","343","census2011__19__343","19","18","census2001__19__18",0.99940756481871,0.994404642915878,0.995722433460076,0.997619047619048,"non_nested_or_incomplete",NA,"production_2011_2001"
2011,2001,"19","344","census2011__19__344","19","15","census2001__19__15",0.999773233535782,0.996877756802167,0.99269976108309,0.996553704767375,"non_nested_or_incomplete",NA,"production_2011_2001"
2011,2001,"19","345","census2011__19__345","19","15","census2001__19__15",0.998733793454872,0.998014001399181,0.99592252803262,0.996553704767375,"non_nested_or_incomplete",NA,"production_2011_2001"
2011,2001,"21","370","census2011__21__370","21","01","census2001__21__01",0.999999324896794,0.999777787586212,0.999155405405405,0.999155405405405,"non_nested_or_incomplete",NA,"production_2011_2001"
2011,2001,"21","373","census2011__21__373","21","04","census2001__21__04",0.998592090106233,0.986271314463586,0.984615384615385,0.98876404494382,"non_nested_or_incomplete",NA,"production_2011_2001"
2011,2001,"21","374","census2011__21__374","21","05","census2001__21__05",0.999647947370759,0.995165005553224,0.992472495657209,0.988465974625144,"non_nested_or_incomplete",NA,"production_2011_2001"
2011,2001,"21","375","census2011__21__375","21","06","census2001__21__06",0.996946828414643,0.999240458632,0.99661999034283,0.993740972556572,"non_nested_or_incomplete",NA,"production_2011_2001"
2011,2001,"21","377","census2011__21__377","21","08","census2001__21__08",0.997057136540849,0.992979803207829,0.977811782708493,0.986111111111111,"non_nested_or_incomplete",NA,"production_2011_2001"
2011,2001,"21","379","census2011__21__379","21","10","census2001__21__10",0.99932100355397,0.99527058628681,0.991483321504613,0.991483321504613,"non_nested_or_incomplete",NA,"production_2011_2001"
2011,2001,"21","380","census2011__21__380","21","11","census2001__21__11",0.999627958848555,0.99664893216045,0.997545008183306,0.991049633848657,"non_nested_or_incomplete",NA,"production_2011_2001"
2011,2001,"21","380","census2011__21__380","21","12","census2001__21__12",0.000181183161223989,0.000190961586444943,0.997545008183306,0.996777658431794,"non_nested_or_incomplete",NA,"production_2011_2001"
2011,2001,"21","381","census2011__21__381","21","12","census2001__21__12",0.999990076392692,0.999056371672775,0.997848305540613,0.996777658431794,"non_nested_or_incomplete",NA,"production_2011_2001"
2011,2001,"21","382","census2011__21__382","21","13","census2001__21__13",0.999000652367129,0.994834317346165,0.984886649874055,0.993015873015873,"non_nested_or_incomplete",NA,"production_2011_2001"
2011,2001,"21","384","census2011__21__384","21","15","census2001__21__15",0.998090783555931,0.987809419278892,0.981448234590066,0.982035928143713,"non_nested_or_incomplete",NA,"production_2011_2001"
2011,2001,"21","385","census2011__21__385","21","16","census2001__21__16",0.999388235636261,0.987591928175524,0.987726098191214,0.996091205211726,"non_nested_or_incomplete",NA,"production_2011_2001"
2011,2001,"21","390","census2011__21__390","21","21","census2001__21__21",0.996008784493459,0.980131490108656,0.969320066334992,0.98276586801177,"non_nested_or_incomplete",NA,"production_2011_2001"
2011,2001,"21","392","census2011__21__392","21","23","census2001__21__23",0.995386629912666,0.983992580630053,0.95911214953271,0.986778846153846,"non_nested_or_incomplete",NA,"production_2011_2001"
2011,2001,"21","396","census2011__21__396","21","27","census2001__21__27",0.998690995349779,0.99314907739187,0.985454545454545,0.986650485436893,"non_nested_or_incomplete",NA,"production_2011_2001"
2011,2001,"21","398","census2011__21__398","21","29","census2001__21__29",0.985827534144604,0.987853739431667,0.978439425051335,0.989102231447846,"non_nested_or_incomplete",NA,"production_2011_2001"
2011,2001,"22","400","census2011__22__400","22","01","census2001__22__01",0.991904898492526,0.999473392055486,0.998405103668262,0.982731554160126,"non_nested_or_incomplete",NA,"production_2011_2001"
2011,2001,"22","401","census2011__22__401","22","02","census2001__22__02",0.999594048187073,0.99918503460069,0.998295454545455,0.993778280542986,"non_nested_or_incomplete",NA,"production_2011_2001"
2011,2001,"22","403","census2011__22__403","22","04","census2001__22__04",0.999961177629747,0.999296142961458,0.997907949790795,0.998604326587578,"non_nested_or_incomplete",NA,"production_2011_2001"
2011,2001,"22","405","census2011__22__405","22","06","census2001__22__06",0.995510299084958,0.996501214948243,0.998883928571429,0.997770345596433,"non_nested_or_incomplete",NA,"production_2011_2001"
2011,2001,"22","406","census2011__22__406","22","07","census2001__22__07",0.985886923441666,0.995041966832533,0.99557801642451,0.99306868304978,"non_nested_or_incomplete",NA,"production_2011_2001"
2011,2001,"22","407","census2011__22__407","22","08","census2001__22__08",0.998504606541313,0.989145088375276,0.986444212721585,0.990575916230366,"non_nested_or_incomplete",NA,"production_2011_2001"
2011,2001,"22","408","census2011__22__408","22","09","census2001__22__09",0.99989135618063,0.998564372853027,0.996266334785314,0.996266334785314,"non_nested_or_incomplete",NA,"production_2011_2001"
2011,2001,"22","413","census2011__22__413","22","14","census2001__22__14",0.999692899707721,0.996327328665635,0.997193638914874,0.997193638914874,"non_nested_or_incomplete",NA,"production_2011_2001"
2011,2001,"22","415","census2011__22__415","22","15","census2001__22__15",0.932920898297811,0.7909894177865,0.992021276595745,0.991095890410959,"non_nested_or_incomplete",NA,"production_2011_2001"
2011,2001,"22","415","census2011__22__415","22","16","census2001__22__16",0.0663567443856387,0.200097055538178,0.992021276595745,0.981981981981982,"non_nested_or_incomplete",NA,"production_2011_2001"
2011,2001,"22","416","census2011__22__416","22","16","census2001__22__16",0.999098639901956,0.99852564168683,0.994983277591973,0.981981981981982,"non_nested_or_incomplete",NA,"production_2011_2001"
2011,2001,"23","422","census2011__23__422","23","05","census2001__23__05",0.945069233839294,0.915012989237633,0.989847715736041,0.996389891696751,"non_nested_or_incomplete",NA,"production_2011_2001"
2011,2001,"23","422","census2011__23__422","23","06","census2001__23__06",0.0546015654194323,0.0806061325153097,0.989847715736041,0.985250737463127,"non_nested_or_incomplete",NA,"production_2011_2001"
2011,2001,"23","423","census2011__23__423","23","06","census2001__23__06",0.999730598765969,0.996982992263381,0.993140243902439,0.985250737463127,"non_nested_or_incomplete",NA,"production_2011_2001"
2011,2001,"23","424","census2011__23__424","23","08","census2001__23__08",0.99893991416903,0.98384249749805,0.976430976430976,0.990888382687927,"non_nested_or_incomplete",NA,"production_2011_2001"
2011,2001,"23","429","census2011__23__429","23","13","census2001__23__13",0.999316265391319,0.991886297652865,0.98447032723239,0.971006564551422,"non_nested_or_incomplete",NA,"production_2011_2001"
2011,2001,"23","430","census2011__23__430","23","14","census2001__23__14",0.999871041720752,0.994973774691599,0.989260636100785,0.988852188274154,"non_nested_or_incomplete",NA,"production_2011_2001"
2011,2001,"23","436","census2011__23__436","23","22","census2001__23__22",0.99977258919759,0.997925302363753,0.992619926199262,0.998144712430427,"non_nested_or_incomplete",NA,"production_2011_2001"
2011,2001,"23","440","census2011__23__440","23","27","census2001__23__27",0.993046086428203,0.985814991014297,0.973377703826955,0.984848484848485,"non_nested_or_incomplete",NA,"production_2011_2001"
2011,2001,"23","449","census2011__23__449","23","37","census2001__23__37",0.999604462883151,0.998558362555333,0.997854077253219,0.991471215351812,"non_nested_or_incomplete",NA,"production_2011_2001"
2011,2001,"23","452","census2011__23__452","23","40","census2001__23__40",0.99998053351156,0.999145042774586,0.997098646034816,0.992300288739172,"non_nested_or_incomplete",NA,"production_2011_2001"
2011,2001,"23","455","census2011__23__455","23","43","census2001__23__43",0.915715172541109,0.992777530272868,0.992738589211618,0.992738589211618,"non_nested_or_incomplete",NA,"production_2011_2001"
2011,2001,"23","463","census2011__23__463","23","17","census2001__23__17",0.999996600818863,0.999854816663251,0.998626373626374,0.996575342465753,"non_nested_or_incomplete",NA,"production_2011_2001"
2011,2001,"23","466","census2011__23__466","23","29","census2001__23__29",0.999390104735581,0.997222308078745,0.998603351955307,0.921845574387947,"non_nested_or_incomplete",NA,"production_2011_2001"
2011,2001,"24","469","census2011__24__469","24","02","census2001__24__02",0.999982374653341,0.999380973339521,0.999194198227236,0.995184590690209,"non_nested_or_incomplete",NA,"production_2011_2001"
2011,2001,"24","472","census2011__24__472","24","05","census2001__24__05",0.999997527368935,0.9999232154369,0.999271667880554,0.998544395924309,"non_nested_or_incomplete",NA,"production_2011_2001"
2011,2001,"24","474","census2011__24__474","24","07","census2001__24__07",1,1,1,0.970037453183521,"deterministic_containment",NA,"production_2011_2001"
2011,2001,"24","475","census2011__24__475","24","08","census2001__24__08",1,1,1,0.998477929984779,"deterministic_containment",NA,"production_2011_2001"
2011,2001,"24","476","census2011__24__476","24","09","census2001__24__09",1,1,1,0.99764982373678,"deterministic_containment",NA,"production_2011_2001"
2011,2001,"24","477","census2011__24__477","24","10","census2001__24__10",0.993734604436144,0.997340333823785,0.985955056179775,0.985955056179775,"non_nested_or_incomplete",NA,"production_2011_2001"
2011,2001,"24","479","census2011__24__479","24","12","census2001__24__12",0.999978126793147,0.997435689387065,0.99781181619256,0.983818770226537,"non_nested_or_incomplete",NA,"production_2011_2001"
2011,2001,"24","480","census2011__24__480","24","13","census2001__24__13",1,1,1,1,"deterministic_containment",NA,"production_2011_2001"
2011,2001,"24","481","census2011__24__481","24","14","census2001__24__14",1,1,1,0.997503121098627,"deterministic_containment",NA,"production_2011_2001"
2011,2001,"24","483","census2011__24__483","24","16","census2001__24__16",0.993262271809243,0.991338020580222,1,1,"non_nested_or_incomplete",NA,"production_2011_2001"
2011,2001,"24","483","census2011__24__483","24","06","census2001__24__06",0.00673772819075736,0.00866197941977819,1,0.992753623188406,"non_nested_or_incomplete",NA,"production_2011_2001"
2011,2001,"24","484","census2011__24__484","24","17","census2001__24__17",1,1,1,0.999168744804655,"deterministic_containment",NA,"production_2011_2001"
2011,2001,"24","485","census2011__24__485","24","18","census2001__24__18",1,1,1,1,"deterministic_containment",NA,"production_2011_2001"
2011,2001,"24","486","census2011__24__486","24","19","census2001__24__19",0.999900855237604,0.999305958478977,0.998073217726397,0.99935691318328,"non_nested_or_incomplete",NA,"production_2011_2001"
2011,2001,"24","489","census2011__24__489","24","23","census2001__24__23",1,1,1,1,"deterministic_containment",NA,"production_2011_2001"
2011,2001,"24","493","census2011__24__493","24","22","census2001__24__22",0.989398058541155,0.950456002954271,0.984615384615385,0.997416020671835,"non_nested_or_incomplete",NA,"production_2011_2001"
2011,2001,"25","494","census2011__25__494","25","01","census2001__25__01",1,1,1,1,"deterministic_containment",NA,"production_2011_2001"
2011,2001,"25","495","census2011__25__495","25","02","census2001__25__02",1,1,1,1,"deterministic_containment",NA,"production_2011_2001"
2011,2001,"26","496","census2011__26__496","26","01","census2001__26__01",1,1,1,1,"deterministic_containment",NA,"production_2011_2001"
2011,2001,"27","499","census2011__27__499","27","03","census2001__27__03",0.999586280298171,0.995577173632166,0.99667994687915,0.998669328010645,"non_nested_or_incomplete",NA,"production_2011_2001"
2011,2001,"27","514","census2011__27__514","27","18","census2001__27__18",1,1,1,0.998965873836608,"deterministic_containment",NA,"production_2011_2001"
2011,2001,"27","515","census2011__27__515","27","19","census2001__27__19",0.99773889155163,0.987996242048391,0.993155893536122,0.994652406417112,"non_nested_or_incomplete",NA,"production_2011_2001"
2011,2001,"27","515","census2011__27__515","27","18","census2001__27__18",0.00182558367614248,0.0028967760557399,0.993155893536122,0.998965873836608,"non_nested_or_incomplete",NA,"production_2011_2001"
2011,2001,"27","517","census2011__27__517","27","21","census2001__27__21",0.998135467988313,0.995480121276977,0.987840185292415,0.998829039812646,"non_nested_or_incomplete",NA,"production_2011_2001"
2011,2001,"27","522","census2011__27__522","27","26","census2001__27__26",0.997349201293637,0.99849332510063,0.997495303694427,0.99812030075188,"non_nested_or_incomplete",NA,"production_2011_2001"
2011,2001,"27","524","census2011__27__524","27","28","census2001__27__28",0.99963857817387,0.999429421978803,0.996770721205597,1,"non_nested_or_incomplete",NA,"production_2011_2001"
2011,2001,"27","525","census2011__27__525","27","29","census2001__27__29",0.999990347350589,0.999669062166627,0.998641304347826,0.998641304347826,"non_nested_or_incomplete",NA,"production_2011_2001"
2011,2001,"27","526","census2011__27__526","27","30","census2001__27__30",0.999968270555353,0.999304776795158,0.998260869565217,1,"non_nested_or_incomplete",NA,"production_2011_2001"
2011,2001,"29","555","census2011__29__555","29","01","census2001__29__01",0.99981023758798,0.997934329761541,0.99603489294211,0.997617156473392,"non_nested_or_incomplete",NA,"production_2011_2001"
2011,2001,"29","556","census2011__29__556","29","02","census2001__29__02",1,1,1,0.988958990536278,"deterministic_containment",NA,"production_2011_2001"
2011,2001,"29","557","census2011__29__557","29","03","census2001__29__03",0.992676354674599,0.995638104391361,0.992537313432836,0.998498498498498,"non_nested_or_incomplete",NA,"production_2011_2001"
2011,2001,"29","563","census2011__29__563","29","10","census2001__29__10",0.995323444911489,0.996735180792628,0.990461049284579,0.991249005568815,"non_nested_or_incomplete",NA,"production_2011_2001"
2011,2001,"29","565","census2011__29__565","29","12","census2001__29__12",0.999874010996516,0.996488981283761,0.988785046728972,0.988785046728972,"non_nested_or_incomplete",NA,"production_2011_2001"
2011,2001,"29","567","census2011__29__567","29","14","census2001__29__14",0.999634540685491,0.997502578198813,0.99250936329588,0.980271270036991,"non_nested_or_incomplete",NA,"production_2011_2001"
2011,2001,"29","568","census2011__29__568","29","15","census2001__29__15",0.999878476887502,0.995763129296019,0.988988300068823,0.989669421487603,"non_nested_or_incomplete",NA,"production_2011_2001"
2011,2001,"29","570","census2011__29__570","29","17","census2001__29__17",0.996921687122845,0.988089704836427,0.984481086323957,0.973154362416107,"non_nested_or_incomplete",NA,"production_2011_2001"
2011,2001,"29","571","census2011__29__571","29","18","census2001__29__18",0.999439338852847,0.993159207277178,0.986857363741786,0.987620889748549,"non_nested_or_incomplete",NA,"production_2011_2001"
2011,2001,"29","575","census2011__29__575","29","24","census2001__29__24",1,1,1,0.994609164420485,"deterministic_containment",NA,"production_2011_2001"
2011,2001,"29","577","census2011__29__577","29","26","census2001__29__26",0.991399897438529,0.990661523063657,0.990123456790123,0.980440097799511,"non_nested_or_incomplete",NA,"production_2011_2001"
2011,2001,"29","578","census2011__29__578","29","27","census2001__29__27",0.999812890199855,0.992774205856089,0.976798143851508,0.985948477751756,"non_nested_or_incomplete",NA,"production_2011_2001"
2011,2001,"29","579","census2011__29__579","29","04","census2001__29__04",0.999320429282952,0.996759277449316,0.993189557321226,0.991247264770241,"non_nested_or_incomplete",NA,"production_2011_2001"
2011,2001,"29","582","census2011__29__582","29","19","census2001__29__19",0.998666245984396,0.991124531118844,0.983471074380165,0.98839590443686,"non_nested_or_incomplete",NA,"production_2011_2001"
2011,2001,"29","583","census2011__29__583","29","21","census2001__29__21",0.999645784788525,0.988736857576257,0.977059436913452,0.984962406015038,"non_nested_or_incomplete",NA,"production_2011_2001"
2011,2001,"29","584","census2011__29__584","29","21","census2001__29__21",0.999204718852874,0.977589330118978,0.988387096774194,0.984962406015038,"non_nested_or_incomplete",NA,"production_2011_2001"
2011,2001,"30","586","census2011__30__586","30","02","census2001__30__02",0.999945358347761,0.985832370661924,0.993548387096774,0.993548387096774,"non_nested_or_incomplete",NA,"production_2011_2001"
2011,2001,"33","602","census2011__33__602","33","01","census2001__33__01",0.997983425355087,0.996532722891193,0.993730407523511,0.982945736434109,"non_nested_or_incomplete",NA,"production_2011_2001"
2011,2001,"33","603","census2011__33__603","33","02","census2001__33__02",1,1,1,1,"deterministic_containment",NA,"production_2011_2001"
2011,2001,"33","604","census2011__33__604","33","03","census2001__33__03",0.986219728021145,0.970481682272751,0.97007722007722,0.932282003710575,"non_nested_or_incomplete",NA,"production_2011_2001"
2011,2001,"33","605","census2011__33__605","33","04","census2001__33__04",0.996345581710481,0.989535431587179,0.990384615384615,0.986826347305389,"non_nested_or_incomplete",NA,"production_2011_2001"
2011,2001,"33","607","census2011__33__607","33","07","census2001__33__07",0.999330970960712,0.974112005063594,0.9896408839779,0.990324809951624,"non_nested_or_incomplete",NA,"production_2011_2001"
2011,2001,"33","618","census2011__33__618","33","19","census2001__33__19",0.998800457793313,0.999455699928873,0.997959183673469,1,"non_nested_or_incomplete",NA,"production_2011_2001"
2011,2001,"33","627","census2011__33__627","33","28","census2001__33__28",0.980580238787413,0.958661446680538,0.989130434782609,0.988864142538975,"non_nested_or_incomplete",NA,"production_2011_2001"
2011,2001,"33","627","census2011__33__627","33","29","census2001__33__29",0.0118450944362167,0.0246212270731016,0.989130434782609,0.983706720977597,"non_nested_or_incomplete",NA,"production_2011_2001"
2011,2001,"33","628","census2011__33__628","33","29","census2001__33__29",0.997741802456948,0.997673040237212,0.989517819706499,0.983706720977597,"non_nested_or_incomplete",NA,"production_2011_2001"
2011,2001,"33","633","census2011__33__633","33","12","census2001__33__12",0.755947329272329,0.540437066036854,0.987692307692308,0.976987447698745,"non_nested_or_incomplete",NA,"production_2011_2001"
2011,2001,"33","633","census2011__33__633","33","10","census2001__33__10",0.234451338394844,0.453170224092122,0.987692307692308,0.987525987525988,"non_nested_or_incomplete",NA,"production_2011_2001"
2011,2001,"34","634","census2011__34__634","34","01","census2001__34__01",1,1,1,1,"deterministic_containment",NA,"production_2011_2001"
2011,2001,"34","635","census2011__34__635","34","02","census2001__34__02",0.932451075409691,0.96858913839052,0.970588235294118,1,"non_nested_or_incomplete",NA,"production_2011_2001"
2011,2001,"34","636","census2011__34__636","34","03","census2001__34__03",1,1,1,1,"deterministic_containment",NA,"production_2011_2001"
2011,2001,"34","637","census2011__34__637","34","04","census2001__34__04",1,1,1,1,"deterministic_containment",NA,"production_2011_2001"
