"target_unit_2001","outcome_id","estimate","std_error","n_sample_people","n_fsu","sum_person_weight","kish_effective_n","preferred_eligible","support_reason","status","analysis_eligible"
"pc2001__01__01","labor_force_participation_age15plus",0.413568950155949,0.0180476044652959,501,18,237829.085,165.306387638127,TRUE,,"estimated",TRUE
"pc2001__01__02","labor_force_participation_age15plus",0.563626059397617,0.0346684389714328,1287,38,569994.91,525.676943641173,TRUE,,"estimated",TRUE
"pc2001__01__03","labor_force_participation_age15plus",0.480146620835368,0.0259610007069914,1814,54,690154.300000004,720.951607610235,TRUE,,"estimated",TRUE
"pc2001__01__04","labor_force_participation_age15plus",0.628130082386282,0.0440156927973386,723,21,370750.425000002,395.021162940513,TRUE,,"estimated",TRUE
"pc2001__01__05","labor_force_participation_age15plus",0.435126273568994,0.0238743534270045,851,24,531382.185000001,238.669682124971,TRUE,,"estimated",TRUE
"pc2001__01__06","labor_force_participation_age15plus",0.394478859979042,0.015316884990562,1640,47,741039.71,740.11631172418,TRUE,,"estimated",TRUE
"pc2001__01__09","labor_force_participation_age15plus",0.908594111047013,0.00754072361547867,177,8,240533.08,39.7175263560905,FALSE,"low_kish_effective_n","estimated",FALSE
"pc2001__01__10","labor_force_participation_age15plus",0.681245286732355,0.0365653846073606,802,28,548484.925000001,335.697734457083,TRUE,,"estimated",TRUE
"pc2001__01__12","labor_force_participation_age15plus",0.805058044079446,0.0380768682462487,92,3,362990.51,63.4386778181706,FALSE,"too_few_psus;low_kish_effective_n","estimated",FALSE
"pc2001__01__13","labor_force_participation_age15plus",0.558183967253045,0.0309304176535527,2417,84,1270273.9,1059.71065236474,TRUE,,"estimated",TRUE
"pc2001__01__14","labor_force_participation_age15plus",0.75467434476241,0.0599128094472474,408,16,439393.67,195.146887542769,TRUE,,"estimated",TRUE
"pc2001__02__01","labor_force_participation_age15plus",0.664754463002076,0.0519980404042744,552,20,352131.25,325.252977143067,TRUE,,"estimated",TRUE
"pc2001__02__02","labor_force_participation_age15plus",0.695866267838291,0.0247192868317294,1101,44,1010195.59,769.19702577061,TRUE,,"estimated",TRUE
"pc2001__02__03","labor_force_participation_age15plus",0.882632809729161,0.0393230769822937,173,8,24135.28,91.2236623967777,FALSE,"low_kish_effective_n","estimated",FALSE
"pc2001__02__04","labor_force_participation_age15plus",0.726189273815963,0.0421204871955743,402,16,289258.975,125.922737487951,TRUE,,"estimated",TRUE
"pc2001__02__05","labor_force_participation_age15plus",0.691314467515505,0.0269885933389764,774,32,617019.28,454.176773828326,TRUE,,"estimated",TRUE
"pc2001__02__06","labor_force_participation_age15plus",0.840763235892849,0.0210091559742172,480,20,285494.435,330.561979226239,TRUE,,"estimated",TRUE
"pc2001__02__07","labor_force_participation_age15plus",0.69513366917521,0.0217616660237147,518,20,344156.01,312.951687283699,TRUE,,"estimated",TRUE
"pc2001__02__08","labor_force_participation_age15plus",0.724598913106247,0.0317233568504358,412,16,257761.165,283.471962229605,TRUE,,"estimated",TRUE
"pc2001__02__09","labor_force_participation_age15plus",0.680349842082226,0.0217252260445551,654,24,398579.264999999,423.310791880456,TRUE,,"estimated",TRUE
"pc2001__02__10","labor_force_participation_age15plus",0.655402626779954,0.0578964642688899,525,20,303657.334999999,280.90878356228,TRUE,,"estimated",TRUE
"pc2001__02__11","labor_force_participation_age15plus",0.706259722089238,0.0373530498671426,677,28,493428.535,290.915757253077,TRUE,,"estimated",TRUE
"pc2001__02__12","labor_force_participation_age15plus",0.795052490637768,0.0322660678614524,169,8,55528.9499999999,105.33586722142,TRUE,,"estimated",TRUE
"pc2001__03__01","labor_force_participation_age15plus",0.545768956069507,0.0240778153339534,798,28,1518658.245,468.437490202637,TRUE,,"estimated",TRUE
"pc2001__03__02","labor_force_participation_age15plus",0.521810827296077,0.022066421471657,1166,40,2035675.19,618.299499368652,TRUE,,"estimated",TRUE
"pc2001__03__03","labor_force_participation_age15plus",0.395838515560929,0.0408295940901227,440,16,671385.185000001,275.011006867949,TRUE,,"estimated",TRUE
"pc2001__03__04","labor_force_participation_age15plus",0.460338026928001,0.0251491553357483,860,32,1631107.33,409.852583630323,TRUE,,"estimated",TRUE
"pc2001__03__05","labor_force_participation_age15plus",0.495907906921978,0.0307769089687287,544,20,1188656.98,291.663139219351,TRUE,,"estimated",TRUE
"pc2001__03__06","labor_force_participation_age15plus",0.523949411589207,0.0201156448822073,324,12,461106.005,227.899211565407,TRUE,,"estimated",TRUE
"pc2001__03__07","labor_force_participation_age15plus",0.433266880011773,0.0357248636440244,290,11,339920.305,157.874231818122,TRUE,,"estimated",TRUE
"pc2001__03__08","labor_force_participation_age15plus",0.498461376782637,0.0375766253894228,340,12,347983.18,196.193358196526,TRUE,,"estimated",TRUE
"pc2001__03__09","labor_force_participation_age15plus",0.500539253035212,0.0265024512879272,1181,44,1972849.34999999,504.896458545665,TRUE,,"estimated",TRUE
"pc2001__03__10","labor_force_participation_age15plus",0.556628725029617,0.0403209420167507,451,16,488588.565,135.888872191263,TRUE,,"estimated",TRUE
"pc2001__03__11","labor_force_participation_age15plus",0.548487064740822,0.0350016622749158,797,28,1125963.91,213.036296012684,TRUE,,"estimated",TRUE
"pc2001__03__12","labor_force_participation_age15plus",0.46974682823331,0.0871982632383844,406,16,422688.325,104.13077295293,TRUE,,"estimated",TRUE
"pc2001__03__13","labor_force_participation_age15plus",0.554322066940181,0.0381780048567521,499,16,506124.565,183.868729555497,TRUE,,"estimated",TRUE
"pc2001__03__14","labor_force_participation_age15plus",0.705260546462463,0.0310225048063928,493,19,834770.785000001,218.579666425203,TRUE,,"estimated",TRUE
"pc2001__03__15","labor_force_participation_age15plus",0.7844828534535,0.0371441317986661,334,12,489973.01,115.837322466509,TRUE,,"estimated",TRUE
"pc2001__03__16","labor_force_participation_age15plus",0.571542050691611,0.0389553164933062,814,28,1197097.255,358.240844371578,TRUE,,"estimated",TRUE
"pc2001__03__17","labor_force_participation_age15plus",0.564019910537908,0.032695614415676,680,24,1300676.06,312.604903602668,TRUE,,"estimated",TRUE
"pc2001__04__01","labor_force_participation_age15plus",0.48823656034076,0.0293649107549663,869,39,687524.034999999,288.412305567738,TRUE,,"estimated",TRUE
"pc2001__05__01","labor_force_participation_age15plus",0.852561035699927,0.0326738816279059,281,12,198482.2,108.421210021684,TRUE,,"estimated",TRUE
"pc2001__05__02","labor_force_participation_age15plus",0.804980813517379,0.0362442558550188,275,12,232078.755,125.837101666468,TRUE,,"estimated",TRUE
"pc2001__05__03","labor_force_participation_age15plus",0.752647411670057,0.0430418319365166,271,12,165431.865,82.9821025925355,FALSE,"low_kish_effective_n","estimated",FALSE
"pc2001__05__04","labor_force_participation_age15plus",0.7150854015929,0.0422991544694632,358,15,429440.175,133.912516586898,TRUE,,"estimated",TRUE
"pc2001__05__06","labor_force_participation_age15plus",0.661955407362577,0.031532834226157,523,20,460522.660000002,199.596169398804,TRUE,,"estimated",TRUE
"pc2001__05__07","labor_force_participation_age15plus",0.647242849416507,0.0579664681699633,274,12,296545.555000001,118.613883679751,TRUE,,"estimated",TRUE
"pc2001__05__08","labor_force_participation_age15plus",0.62881032631325,0.0724412946761047,298,12,180712.705,131.695989181042,TRUE,,"estimated",TRUE
"pc2001__05__09","labor_force_participation_age15plus",0.653807992566286,0.0646952220815862,380,16,456342.54,168.194975659413,TRUE,,"estimated",TRUE
"pc2001__05__10","labor_force_participation_age15plus",0.756817856120002,0.0375264391052334,204,8,116009.525,78.514084895081,FALSE,"low_kish_effective_n","estimated",FALSE
"pc2001__05__12","labor_force_participation_age15plus",0.567921678798492,0.0230589561614979,655,24,834912.115000001,275.729126127265,TRUE,,"estimated",TRUE
"pc2001__05__13","labor_force_participation_age15plus",0.417572064827274,0.139218700698481,627,24,1270915.07,62.9604714885735,FALSE,"low_kish_effective_n","estimated",FALSE
"pc2001__06__01","labor_force_participation_age15plus",0.527326572179047,0.0608433896927565,307,12,327756.165,102.392183140983,TRUE,,"estimated",TRUE
"pc2001__06__02","labor_force_participation_age15plus",0.494822093834224,0.0408169906512775,473,16,757942.955000002,285.571803789242,TRUE,,"estimated",TRUE
"pc2001__06__03","labor_force_participation_age15plus",0.481638034896726,0.0435234312748323,579,20,742960.24,327.445121718751,TRUE,,"estimated",TRUE
"pc2001__06__04","labor_force_participation_age15plus",0.598178320264693,0.0249216999570215,351,12,579116.065000001,135.842794967581,TRUE,,"estimated",TRUE
"pc2001__06__05","labor_force_participation_age15plus",0.572042857198817,0.0318887400158402,355,12,615244.129999999,151.561574625337,TRUE,,"estimated",TRUE
"pc2001__06__06","labor_force_participation_age15plus",0.593597345048969,0.0465137410703256,562,20,852755.465000002,181.459398627053,TRUE,,"estimated",TRUE
"pc2001__06__07","labor_force_participation_age15plus",0.593691869943382,0.039486085835248,434,16,970334.94,229.126357164777,TRUE,,"estimated",TRUE
"pc2001__06__08","labor_force_participation_age15plus",0.606157031464542,0.0286782966087411,565,20,967189.795000001,243.789856746943,TRUE,,"estimated",TRUE
"pc2001__06__09","labor_force_participation_age15plus",0.686824346811618,0.0291456933574045,558,20,948809.164999997,198.892994738612,TRUE,,"estimated",TRUE
"pc2001__06__10","labor_force_participation_age15plus",0.532587108469926,0.0310886039195554,341,12,598213.785,117.773044312578,TRUE,,"estimated",TRUE
"pc2001__06__11","labor_force_participation_age15plus",0.578832192137623,0.0299707076549456,470,16,898055.865000001,157.623179604511,TRUE,,"estimated",TRUE
"pc2001__06__12","labor_force_participation_age15plus",0.509944738855876,0.0329712313827582,722,24,1119718.945,207.961225129607,TRUE,,"estimated",TRUE
"pc2001__06__13","labor_force_participation_age15plus",0.518244039988044,0.0307148975266093,639,20,1128112.25,277.300946576764,TRUE,,"estimated",TRUE
"pc2001__06__14","labor_force_participation_age15plus",0.459007880712434,0.045979081066883,419,16,525750.69,150.889586247557,TRUE,,"estimated",TRUE
"pc2001__06__15","labor_force_participation_age15plus",0.56483133088577,0.0329512614784246,339,12,616080.635,180.764448485023,TRUE,,"estimated",TRUE
"pc2001__06__16","labor_force_participation_age15plus",0.521661092840837,0.0393900008682265,345,12,635446.24,127.703767493858,TRUE,,"estimated",TRUE
"pc2001__06__17","labor_force_participation_age15plus",0.483647414909174,0.0436428535011337,321,12,611458.98,153.486608643905,TRUE,,"estimated",TRUE
"pc2001__06__18","labor_force_participation_age15plus",0.590487112056437,0.060079101623099,393,16,1026713.45,69.9751815669004,FALSE,"low_kish_effective_n","estimated",FALSE
"pc2001__06__19","labor_force_participation_age15plus",0.493928118409537,0.0323123311836901,759,28,1473085.38,360.50818965772,TRUE,,"estimated",TRUE
"pc2001__07__01","labor_force_participation_age15plus",0.471531737427716,0.0142339527066176,2079,98,6517755.76500007,1101.9347028914,TRUE,,"estimated",TRUE
"pc2001__07__02","labor_force_participation_age15plus",0.336357745968091,0,26,1,91188.505,19.5041230586904,FALSE,"too_few_psus;low_kish_effective_n","estimated",FALSE
"pc2001__07__03","labor_force_participation_age15plus",0.416073738738089,0.0298221171797587,273,12,841884.22,139.922084477361,TRUE,,"estimated",TRUE
"pc2001__07__04","labor_force_participation_age15plus",0.35750818044139,0.0135212019505286,43,2,63560.1399999999,22.874497490663,FALSE,"too_few_psus;low_kish_effective_n","estimated",FALSE
"pc2001__07__07","labor_force_participation_age15plus",0.44338236895098,0.14450796940241,50,2,160747.1,38.9307569567282,FALSE,"too_few_psus;low_kish_effective_n","estimated",FALSE
"pc2001__07__08","labor_force_participation_age15plus",0.393882426463704,0.080048624963106,90,5,320446.005,34.2733056578937,FALSE,"low_kish_effective_n","estimated",FALSE
"pc2001__07__09","labor_force_participation_age15plus",0.433949158693856,0.033976020032713,123,6,703192.595000001,66.7299285424359,FALSE,"low_kish_effective_n","estimated",FALSE
"pc2001__08__01","labor_force_participation_age15plus",0.639708916719064,0.0464027979542264,542,20,1444954.855,176.170560428045,TRUE,,"estimated",TRUE
"pc2001__08__02","labor_force_participation_age15plus",0.564573861533287,0.039565136565661,352,12,1206970.95,132.496953351206,TRUE,,"estimated",TRUE
"pc2001__08__03","labor_force_participation_age15plus",0.603685178918114,0.0254767819384031,525,16,1235898.745,138.714538710226,TRUE,,"estimated",TRUE
"pc2001__08__04","labor_force_participation_age15plus",0.53578678712924,0.0183706587719619,552,20,1475963.805,265.041800358169,TRUE,,"estimated",TRUE
"pc2001__08__05","labor_force_participation_age15plus",0.559871409258802,0.0303391135978022,469,16,1139998.095,248.64761842881,TRUE,,"estimated",TRUE
"pc2001__08__06","labor_force_participation_age15plus",0.577683849820036,0.057175776499699,460,16,2408485.36,169.398552787934,TRUE,,"estimated",TRUE
"pc2001__08__07","labor_force_participation_age15plus",0.595114872224394,0.0383754006117748,468,16,1685794.595,167.808382088708,TRUE,,"estimated",TRUE
"pc2001__08__08","labor_force_participation_age15plus",0.553357833058805,0.0577434469006664,331,12,721131.89,152.287855401308,TRUE,,"estimated",TRUE
"pc2001__08__09","labor_force_participation_age15plus",0.511105514463199,0.041757211349156,360,12,878720.434999998,175.064401515293,TRUE,,"estimated",TRUE
"pc2001__08__10","labor_force_participation_age15plus",0.597892210835829,0.0620468838663124,340,12,747099.865,91.823002412059,FALSE,"low_kish_effective_n","estimated",FALSE
"pc2001__08__11","labor_force_participation_age15plus",0.643700834287514,0.0549974900620061,297,12,951169.095,103.86597064281,TRUE,,"estimated",TRUE
"pc2001__08__12","labor_force_participation_age15plus",0.571945352298784,0.0192157741461828,1326,48,3442419.27500001,427.288461069814,TRUE,,"estimated",TRUE
"pc2001__08__13","labor_force_participation_age15plus",0.613229819436451,0.0249786576336465,578,20,1360370.645,167.02743688517,TRUE,,"estimated",TRUE
"pc2001__08__14","labor_force_participation_age15plus",0.696083965111824,0.0396126711460603,519,20,1663317.025,156.249792769684,TRUE,,"estimated",TRUE
"pc2001__08__15","labor_force_participation_age15plus",0.593693907197842,0.0383908258495266,581,20,1908374.865,233.320507520987,TRUE,,"estimated",TRUE
"pc2001__08__16","labor_force_participation_age15plus",0.630181213054038,0.0445006252870748,302,12,343452.63,157.789999980219,TRUE,,"estimated",TRUE
"pc2001__08__17","labor_force_participation_age15plus",0.796888225145433,0.0440470890569971,412,16,1077705.54,134.500101860097,TRUE,,"estimated",TRUE
"pc2001__08__18","labor_force_participation_age15plus",0.743563155498548,0.0368368469087446,392,16,888922.165,125.508413994085,TRUE,,"estimated",TRUE
"pc2001__08__19","labor_force_participation_age15plus",0.602584439207295,0.0451782291423945,329,12,602225.425,130.097589972623,TRUE,,"estimated",TRUE
"pc2001__08__20","labor_force_participation_age15plus",0.509350874639937,0.0423966123736312,404,16,1245261.855,194.833508297478,TRUE,,"estimated",TRUE
"pc2001__08__21","labor_force_participation_age15plus",0.580873921205882,0.0353146864464171,589,20,1548129.615,261.581921822475,TRUE,,"estimated",TRUE
"pc2001__08__22","labor_force_participation_age15plus",0.678145151965219,0.0571773246921021,310,12,884060.025,151.837918936881,TRUE,,"estimated",TRUE
"pc2001__08__23","labor_force_participation_age15plus",0.669576294000066,0.054722143918174,294,12,619927.615,95.8149640318201,FALSE,"low_kish_effective_n","estimated",FALSE
"pc2001__08__24","labor_force_participation_age15plus",0.746067897346714,0.0285270566046532,383,16,1525644.3,207.734285436407,TRUE,,"estimated",TRUE
"pc2001__08__25","labor_force_participation_age15plus",0.72245533795075,0.0597594008321784,351,12,727838.3,178.68290884889,TRUE,,"estimated",TRUE
"pc2001__08__26","labor_force_participation_age15plus",0.646921902267061,0.0510022426109458,527,20,1945338.735,200.41046134518,TRUE,,"estimated",TRUE
"pc2001__08__27","labor_force_participation_age15plus",0.813083204765775,0.0422477608242931,271,12,705530.5,101.149626582397,TRUE,,"estimated",TRUE
"pc2001__08__28","labor_force_participation_age15plus",0.690332564165611,0.043374716756402,429,16,1091996.335,164.235385652117,TRUE,,"estimated",TRUE
"pc2001__08__29","labor_force_participation_age15plus",0.673022306641068,0.0473990644837738,416,16,1393511.91,218.503915887386,TRUE,,"estimated",TRUE
"pc2001__08__30","labor_force_participation_age15plus",0.477876240488283,0.0482002389633912,445,16,1419093.915,221.619045074485,TRUE,,"estimated",TRUE
"pc2001__08__31","labor_force_participation_age15plus",0.693359522959212,0.036832589028716,270,12,624644.28,96.486050016878,FALSE,"low_kish_effective_n","estimated",FALSE
"pc2001__08__32","labor_force_participation_age15plus",0.560690994332753,0.0361897467670175,333,12,901959.929999999,130.473463400042,TRUE,,"estimated",TRUE
"pc2001__09__01","labor_force_participation_age15plus",0.467226825196086,0.0257414585931377,624,20,2046229.665,233.296689655099,TRUE,,"estimated",TRUE
"pc2001__09__02","labor_force_participation_age15plus",0.440621451287051,0.0233236818792102,693,24,2248020.12500001,261.631035118777,TRUE,,"estimated",TRUE
"pc2001__09__03","labor_force_participation_age15plus",0.405508830002296,0.0400604458586952,565,20,1526474.405,165.285135573033,TRUE,,"estimated",TRUE
"pc2001__09__04","labor_force_participation_age15plus",0.533489461392526,0.0333354174603762,663,24,2190496.71,230.345679548684,TRUE,,"estimated",TRUE
"pc2001__09__05","labor_force_participation_age15plus",0.435781743260876,0.036947994355017,372,12,1182948.765,136.51045044807,TRUE,,"estimated",TRUE
"pc2001__09__06","labor_force_participation_age15plus",0.569600261645988,0.0722139797169516,299,12,715990.340000001,103.518720092426,TRUE,,"estimated",TRUE
"pc2001__09__07","labor_force_participation_age15plus",0.37717967155819,0.0479018114292931,527,20,1997957.265,129.668136576874,TRUE,,"estimated",TRUE
"pc2001__09__08","labor_force_participation_age15plus",0.468636589702377,0.0390040910743017,357,12,754707.15,155.870081062235,TRUE,,"estimated",TRUE
"pc2001__09__09","labor_force_participation_age15plus",0.503112966218386,0.0283718454168486,589,20,3121700.275,252.143278754768,TRUE,,"estimated",TRUE
"pc2001__09__10","labor_force_participation_age15plus",0.454113214866432,0.0406884149908542,331,12,1247522.295,129.676545798924,TRUE,,"estimated",TRUE
"pc2001__09__11","labor_force_participation_age15plus",0.467049074143034,0.0300637340628618,535,20,1834745.335,221.875841173739,TRUE,,"estimated",TRUE
"pc2001__09__12","labor_force_participation_age15plus",0.464577240991166,0.0281880603835513,444,16,2358900.53000001,193.938041582652,TRUE,,"estimated",TRUE
"pc2001__09__13","labor_force_participation_age15plus",0.510630159709528,0.0370687173216452,350,12,934629.890000002,189.47311280013,TRUE,,"estimated",TRUE
"pc2001__09__14","labor_force_participation_age15plus",0.450629989168455,0.0201992912268873,470,16,1246765.88,137.416857789058,TRUE,,"estimated",TRUE
"pc2001__09__15","labor_force_participation_age15plus",0.419095875665144,0.0177129607173532,591,20,2270363.18,220.925639845187,TRUE,,"estimated",TRUE
"pc2001__09__16","labor_force_participation_age15plus",0.57879470193508,0.0429969619127864,466,16,1514834.59,192.237203138925,TRUE,,"estimated",TRUE
"pc2001__09__17","labor_force_participation_age15plus",0.614961849556818,0.0388237582393116,416,16,1588870.14,155.648153387325,TRUE,,"estimated",TRUE
"pc2001__09__18","labor_force_participation_age15plus",0.463356348261913,0.0539182967627082,319,12,991479.65,107.863378394377,TRUE,,"estimated",TRUE
"pc2001__09__19","labor_force_participation_age15plus",0.482920708137969,0.0210971450996254,662,24,1901952.245,196.337150720291,TRUE,,"estimated",TRUE
"pc2001__09__20","labor_force_participation_age15plus",0.44535200929033,0.0217005841630855,683,24,2472390.215,330.169191379954,TRUE,,"estimated",TRUE
"pc2001__09__21","labor_force_participation_age15plus",0.449803539997201,0.0185109799184792,336,12,1216388.815,101.787610014706,TRUE,,"estimated",TRUE
"pc2001__09__22","labor_force_participation_age15plus",0.449884572317016,0.0220954786355473,374,12,2099552.67,114.218627048746,TRUE,,"estimated",TRUE
"pc2001__09__23","labor_force_participation_age15plus",0.420500965258047,0.0186871998952532,496,20,2172921.54,164.432873603999,TRUE,,"estimated",TRUE
"pc2001__09__24","labor_force_participation_age15plus",0.466342334571514,0.0266187389475258,487,20,2447661.965,212.633340273494,TRUE,,"estimated",TRUE
"pc2001__09__25","labor_force_participation_age15plus",0.492591491762286,0.0385903609011873,503,20,2174116.5,147.195825040277,TRUE,,"estimated",TRUE
"pc2001__09__26","labor_force_participation_age15plus",0.71198226120505,0.0438225095882472,399,16,1831860.625,95.79913123169,FALSE,"low_kish_effective_n","estimated",FALSE
"pc2001__09__27","labor_force_participation_age15plus",0.462677910483773,0.0300855333123531,705,24,3316255.175,184.174760245271,TRUE,,"estimated",TRUE
"pc2001__09__28","labor_force_participation_age15plus",0.50742682504283,0.028858449581526,518,20,2016419.185,172.021974397717,TRUE,,"estimated",TRUE
"pc2001__09__29","labor_force_participation_age15plus",0.535594019006717,0.0342211381018837,273,11,818036.030000001,92.3675353822194,FALSE,"low_kish_effective_n","estimated",FALSE
"pc2001__09__30","labor_force_participation_age15plus",0.42912195794305,0.0292957586052024,332,12,922314.875,120.099786072769,TRUE,,"estimated",TRUE
"pc2001__09__31","labor_force_participation_age15plus",0.51884467656786,0.029786765704911,322,12,889027.065000002,116.031111045878,TRUE,,"estimated",TRUE
"pc2001__09__32","labor_force_participation_age15plus",0.46365094884725,0.0317309659665621,307,12,789214.755,103.736142144108,TRUE,,"estimated",TRUE
"pc2001__09__33","labor_force_participation_age15plus",0.543613188022151,0.060616985626501,299,12,858277.145,68.6295943717387,FALSE,"low_kish_effective_n","estimated",FALSE
"pc2001__09__34","labor_force_participation_age15plus",0.471405660344266,0.0253561680530917,678,24,2378926.505,294.752581325286,TRUE,,"estimated",TRUE
"pc2001__09__35","labor_force_participation_age15plus",0.596219330626452,0.0407447419363416,362,12,1086775.54,185.792559671356,TRUE,,"estimated",TRUE
"pc2001__09__36","labor_force_participation_age15plus",0.525279396038378,0.0368446604727751,491,16,1562595.975,264.672592223656,TRUE,,"estimated",TRUE
"pc2001__09__37","labor_force_participation_age15plus",0.684637405262371,0.0359211110117619,339,12,636395.749999999,149.647698249084,TRUE,,"estimated",TRUE
"pc2001__09__38","labor_force_participation_age15plus",0.680333984764393,0.0329889419428169,362,12,820890.14,211.861571216957,TRUE,,"estimated",TRUE
"pc2001__09__39","labor_force_participation_age15plus",0.677253073255885,0.0384213722162691,329,12,434081.98,190.044789038443,TRUE,,"estimated",TRUE
"pc2001__09__40","labor_force_participation_age15plus",0.618948049841324,0.0303350677448572,300,12,820654.374999999,100.011759874791,TRUE,,"estimated",TRUE
"pc2001__09__41","labor_force_participation_age15plus",0.697759656101717,0.0539269142873421,332,12,476617.674999999,99.1122559500564,FALSE,"low_kish_effective_n","estimated",FALSE
"pc2001__09__42","labor_force_participation_age15plus",0.734022663736151,0.050928141321624,317,12,1555571.41,90.5428587168708,FALSE,"low_kish_effective_n","estimated",FALSE
"pc2001__09__43","labor_force_participation_age15plus",0.525402157056589,0.0333464618755073,571,20,1663344.865,223.824689651212,TRUE,,"estimated",TRUE
"pc2001__09__44","labor_force_participation_age15plus",0.735511451551365,0.0525984301310592,275,12,657579.244999999,78.2757352505449,FALSE,"low_kish_effective_n","estimated",FALSE
"pc2001__09__45","labor_force_participation_age15plus",0.604418835517681,0.0317208355107349,613,24,2878090.155,285.193208471271,TRUE,,"estimated",TRUE
"pc2001__09__46","labor_force_participation_age15plus",0.583590885528336,0.0355832961583527,541,20,1914090.98,142.989162189555,TRUE,,"estimated",TRUE
"pc2001__09__47","labor_force_participation_age15plus",0.63909008646953,0.0491180144659052,362,12,1131090.335,126.293877680271,TRUE,,"estimated",TRUE
"pc2001__09__48","labor_force_participation_age15plus",0.568099497960095,0.0639748292475904,402,12,1196873.985,140.510254321351,TRUE,,"estimated",TRUE
"pc2001__09__49","labor_force_participation_age15plus",0.491598758777924,0.0497243206695613,580,20,2012637.42500001,182.22819274576,TRUE,,"estimated",TRUE
"pc2001__09__50","labor_force_participation_age15plus",0.507930528785802,0.0314608194185467,296,12,1486023.545,70.5168293802356,FALSE,"low_kish_effective_n","estimated",FALSE
"pc2001__09__51","labor_force_participation_age15plus",0.519074683730898,0.0458670966322462,341,12,529138,52.5291930781827,FALSE,"low_kish_effective_n","estimated",FALSE
"pc2001__09__52","labor_force_participation_age15plus",0.540658267612088,0.0477245289831402,350,12,1237873.45,94.2312632890182,FALSE,"low_kish_effective_n","estimated",FALSE
"pc2001__09__53","labor_force_participation_age15plus",0.511686291736152,0.0257347557555855,573,20,1513550.055,136.307476806026,TRUE,,"estimated",TRUE
"pc2001__09__54","labor_force_participation_age15plus",0.59567786369823,0.0560346773177985,338,12,1109544.37,89.691237804087,FALSE,"low_kish_effective_n","estimated",FALSE
"pc2001__09__55","labor_force_participation_age15plus",0.614331594040098,0.0612655248734117,341,12,1303914.69,124.046438759691,TRUE,,"estimated",TRUE
"pc2001__09__56","labor_force_participation_age15plus",0.492800059268951,0.0303794973043168,300,12,886939.940000002,104.29193913808,TRUE,,"estimated",TRUE
"pc2001__09__57","labor_force_participation_age15plus",0.683648723140102,0.0408725968710517,350,12,1269862.695,114.061712149072,TRUE,,"estimated",TRUE
"pc2001__09__58","labor_force_participation_age15plus",0.540705102447876,0.0334477337823299,670,23,2395205.55500001,278.049991634055,TRUE,,"estimated",TRUE
"pc2001__09__59","labor_force_participation_age15plus",0.570673647965102,0.0340675614581226,547,20,1866451.27,216.806179546778,TRUE,,"estimated",TRUE
"pc2001__09__60","labor_force_participation_age15plus",0.498162935503674,0.03109790464862,602,20,1816124.315,257.95364509329,TRUE,,"estimated",TRUE
"pc2001__09__61","labor_force_participation_age15plus",0.602816441093177,0.0469964137255491,628,20,2113615.65999999,213.287593723279,TRUE,,"estimated",TRUE
"pc2001__09__62","labor_force_participation_age15plus",0.682594277057035,0.0459753474557028,343,12,951024.329999999,153.245593860437,TRUE,,"estimated",TRUE
"pc2001__09__63","labor_force_participation_age15plus",0.578740508747382,0.0349136693916063,575,20,1290155.05,161.126177033835,TRUE,,"estimated",TRUE
"pc2001__09__64","labor_force_participation_age15plus",0.579631029937292,0.0351760720495445,626,20,2297200.195,276.602510462067,TRUE,,"estimated",TRUE
"pc2001__09__65","labor_force_participation_age15plus",0.641446264338211,0.0333346284578563,587,20,1728259.305,143.735711868525,TRUE,,"estimated",TRUE
"pc2001__09__66","labor_force_participation_age15plus",0.65347076965377,0.0613409702253135,320,12,924461.594999998,95.4373797636963,FALSE,"low_kish_effective_n","estimated",FALSE
"pc2001__09__67","labor_force_participation_age15plus",0.525610718988794,0.0298301571188944,574,20,1844141.12,265.506735232385,TRUE,,"estimated",TRUE
"pc2001__09__68","labor_force_participation_age15plus",0.563454908276434,0.0812029443071338,353,12,783913.315000002,132.886645103838,TRUE,,"estimated",TRUE
"pc2001__09__69","labor_force_participation_age15plus",0.562804485576749,0.0388948172256504,312,12,1514485.735,133.033631490891,TRUE,,"estimated",TRUE
"pc2001__09__70","labor_force_participation_age15plus",0.599620403844621,0.0391286019132392,288,12,743737.775,93.5950390084433,FALSE,"low_kish_effective_n","estimated",FALSE
"pc2001__10__01","labor_force_participation_age15plus",0.387111545781755,0.0311897431319494,441,16,1946020.025,118.800492316142,TRUE,,"estimated",TRUE
"pc2001__10__02","labor_force_participation_age15plus",0.410421000555699,0.0320395710945031,581,20,2371347.345,162.928885194377,TRUE,,"estimated",TRUE
"pc2001__10__03","labor_force_participation_age15plus",0.437432268777577,0.0662748041920258,283,12,254895.37,42.1104308065306,FALSE,"low_kish_effective_n","estimated",FALSE
"pc2001__10__04","labor_force_participation_age15plus",0.45592293739185,0.0222678793221352,362,16,1434920.03,98.4809386309438,FALSE,"low_kish_effective_n","estimated",FALSE
"pc2001__10__05","labor_force_participation_age15plus",0.463217431273725,0.0230006902354558,449,20,1763056.245,126.86615140069,TRUE,,"estimated",TRUE
"pc2001__10__06","labor_force_participation_age15plus",0.435425746377767,0.0240169649114121,259,12,892375.355,60.9111588685013,FALSE,"low_kish_effective_n","estimated",FALSE
"pc2001__10__07","labor_force_participation_age15plus",0.537504387141335,0.0666125958362006,339,16,1023360.01,64.9081214457714,FALSE,"low_kish_effective_n","estimated",FALSE
"pc2001__10__08","labor_force_participation_age15plus",0.512626266939458,0.0652942186970978,225,12,544488.33,56.5456364521143,FALSE,"low_kish_effective_n","estimated",FALSE
"pc2001__10__09","labor_force_participation_age15plus",0.544805617689439,0.0429727438854334,344,16,1232238.285,69.1151129976191,FALSE,"low_kish_effective_n","estimated",FALSE
"pc2001__10__10","labor_force_participation_age15plus",0.465986170609199,0.0418269506065309,356,16,1213075.85,72.5115899435084,FALSE,"low_kish_effective_n","estimated",FALSE
"pc2001__10__11","labor_force_participation_age15plus",0.628743969298447,0.0585616886651074,247,12,860450.264999999,43.5962024823902,FALSE,"low_kish_effective_n","estimated",FALSE
"pc2001__10__12","labor_force_participation_age15plus",0.483835412902769,0.0529426278199918,289,12,909739.599999999,101.637540385577,TRUE,,"estimated",TRUE
"pc2001__10__13","labor_force_participation_age15plus",0.424288962829027,0.0277268293583511,443,20,1784215.09,134.967204140606,TRUE,,"estimated",TRUE
"pc2001__10__14","labor_force_participation_age15plus",0.469452848107954,0.0348447694430338,523,20,2195801.6,135.4433417439,TRUE,,"estimated",TRUE
"pc2001__10__15","labor_force_participation_age15plus",0.424969501086816,0.0247621582304422,496,16,1574478.235,83.1081901559819,FALSE,"low_kish_effective_n","estimated",FALSE
"pc2001__10__16","labor_force_participation_age15plus",0.377545008212671,0.0332556859610604,516,16,1683228.36,148.335480260422,TRUE,,"estimated",TRUE
"pc2001__10__17","labor_force_participation_age15plus",0.406786166178847,0.029106866831904,605,20,2210083.22,209.545708886233,TRUE,,"estimated",TRUE
"pc2001__10__18","labor_force_participation_age15plus",0.475732584410721,0.0256230392847495,438,16,1779252.815,159.374339335923,TRUE,,"estimated",TRUE
"pc2001__10__19","labor_force_participation_age15plus",0.480547517818528,0.0209417752516841,526,20,2197142.74,199.829182178804,TRUE,,"estimated",TRUE
"pc2001__10__20","labor_force_participation_age15plus",0.444776816557463,0.0524322656121926,359,16,1347781.545,99.377610834524,FALSE,"low_kish_effective_n","estimated",FALSE
"pc2001__10__21","labor_force_participation_age15plus",0.53983953897276,0.0266117983484589,318,12,675899.325,49.839567443047,FALSE,"low_kish_effective_n","estimated",FALSE
"pc2001__10__22","labor_force_participation_age15plus",0.553368739732558,0.0412213674050726,286,14,1197109.4,94.2117789582203,FALSE,"low_kish_effective_n","estimated",FALSE
"pc2001__10__23","labor_force_participation_age15plus",0.614918403263498,0.039078524456703,265,12,902207.345,89.876940534068,FALSE,"low_kish_effective_n","estimated",FALSE
"pc2001__10__24","labor_force_participation_age15plus",0.550159479127824,0.0381372330221151,296,11,678320.74,89.4612368766219,FALSE,"low_kish_effective_n","estimated",FALSE
"pc2001__10__25","labor_force_participation_age15plus",0.531039354863577,0.0350445605323722,253,11,435200.975,68.2325436524872,FALSE,"low_kish_effective_n","estimated",FALSE
"pc2001__10__26","labor_force_participation_age15plus",0.604055412320199,0.0667059464313307,254,12,251856.265,77.7350894358705,FALSE,"low_kish_effective_n","estimated",FALSE
"pc2001__10__27","labor_force_participation_age15plus",0.582677409909184,0.06750065905912,423,16,1319125.02,88.3291527449408,FALSE,"low_kish_effective_n","estimated",FALSE
"pc2001__10__28","labor_force_participation_age15plus",0.489189722951754,0.024927773045013,747,28,3438617.7,269.065012153589,TRUE,,"estimated",TRUE
"pc2001__10__29","labor_force_participation_age15plus",0.525608685999882,0.0307571601499541,464,16,1262957.42,122.167953881894,TRUE,,"estimated",TRUE
"pc2001__10__30","labor_force_participation_age15plus",0.48912593176493,0.0411744478963008,344,12,800948.395000001,92.0422206777047,FALSE,"low_kish_effective_n","estimated",FALSE
"pc2001__10__31","labor_force_participation_age15plus",0.472892269262772,0.0388134562770539,326,12,896397.885000002,70.5789580855409,FALSE,"low_kish_effective_n","estimated",FALSE
"pc2001__10__32","labor_force_participation_age15plus",0.484449428157416,0.019688079761567,428,16,1301983.31,137.030669313156,TRUE,,"estimated",TRUE
"pc2001__10__33","labor_force_participation_age15plus",0.399129075131376,0.0238239456888404,311,12,682908.504999998,144.602082037359,TRUE,,"estimated",TRUE
"pc2001__10__34","labor_force_participation_age15plus",0.454790084269459,0.0194586154378744,297,12,1188781.8,76.2005042899164,FALSE,"low_kish_effective_n","estimated",FALSE
"pc2001__10__35","labor_force_participation_age15plus",0.43815651510245,0.018604639194318,430,20,1984989.085,142.138953593423,TRUE,,"estimated",TRUE
"pc2001__10__36","labor_force_participation_age15plus",0.453628332744312,0.0318289816361408,291,12,830444.37,65.5186080412217,FALSE,"low_kish_effective_n","estimated",FALSE
"pc2001__10__37","labor_force_participation_age15plus",0.565711302640065,0.0558483388443453,335,12,886286.074999999,91.8802249878372,FALSE,"low_kish_effective_n","estimated",FALSE
"pc2001__11__01","labor_force_participation_age15plus",0.58676884574371,0.0469691159720094,242,12,28597.505,75.583026773836,FALSE,"low_kish_effective_n","estimated",FALSE
"pc2001__11__02","labor_force_participation_age15plus",0.704522018643356,0.034425545369461,537,24,77445.28,183.233271247949,TRUE,,"estimated",TRUE
"pc2001__11__03","labor_force_participation_age15plus",0.597028877333035,0.0453703707518409,545,24,89951.5199999999,221.669148819766,TRUE,,"estimated",TRUE
"pc2001__11__04","labor_force_participation_age15plus",0.652305583309837,0.0215600379725087,829,36,178816.245,346.760119528289,TRUE,,"estimated",TRUE
"pc2001__12__01","labor_force_participation_age15plus",0.371022210945634,0.115792311427915,182,8,26564.38,90.4082845125495,FALSE,"low_kish_effective_n","estimated",FALSE
"pc2001__12__02","labor_force_participation_age15plus",0.632551281934048,0.0407750103919509,227,10,25698.865,154.755174830831,TRUE,,"estimated",TRUE
"pc2001__12__03","labor_force_participation_age15plus",0.656401136132524,0.0559500443613544,256,12,39458.425,163.087227919775,TRUE,,"estimated",TRUE
"pc2001__12__04","labor_force_participation_age15plus",0.466712112824155,0.0346229342759662,705,32,62652.8950000001,401.52330646466,TRUE,,"estimated",TRUE
"pc2001__12__05","labor_force_participation_age15plus",0.475345132694292,0.06833420147443,272,12,50496.52,173.798670995189,TRUE,,"estimated",TRUE
"pc2001__12__06","labor_force_participation_age15plus",0.622774057159355,0.0579759694144618,249,12,32279.58,147.634882295579,TRUE,,"estimated",TRUE
"pc2001__12__07","labor_force_participation_age15plus",0.602313067487241,0.0416579423257227,534,20,71871.66,371.649803052369,TRUE,,"estimated",TRUE
"pc2001__12__08","labor_force_participation_age15plus",0.415804545751248,0.0263009524573697,580,20,58522.3399999998,319.142901803815,TRUE,,"estimated",TRUE
"pc2001__12__09","labor_force_participation_age15plus",0.733638645362955,0.0512559478592274,106,4,18347.35,48.785254884782,FALSE,"too_few_psus;low_kish_effective_n","estimated",FALSE
"pc2001__12__10","labor_force_participation_age15plus",0.488706780186212,0.0518726922231307,402,16,38549.015,167.553395367348,TRUE,,"estimated",TRUE
"pc2001__12__11","labor_force_participation_age15plus",0.551536748831292,0.0524582452836689,526,18,78135.41,196.081327815713,TRUE,,"estimated",TRUE
"pc2001__12__12","labor_force_participation_age15plus",0.67108775520053,0.0782176506782452,414,15,90968.1699999999,156.035341959166,TRUE,,"estimated",TRUE
"pc2001__12__13","labor_force_participation_age15plus",0.730833208660266,0.043450097306504,464,16,63131.785,181.771752721269,TRUE,,"estimated",TRUE
"pc2001__13__01","labor_force_participation_age15plus",0.791995694002515,0.0450084916836299,328,12,55141.695,136.144369167152,TRUE,,"estimated",TRUE
"pc2001__13__02","labor_force_participation_age15plus",0.512481086336558,0.0537864296757072,613,20,101603.135,261.598592045817,TRUE,,"estimated",TRUE
"pc2001__13__03","labor_force_participation_age15plus",0.459613514695944,0.0987535596152905,353,12,140971.725,148.139349851483,TRUE,,"estimated",TRUE
"pc2001__13__04","labor_force_participation_age15plus",0.703343857372692,0.0606280573240973,310,12,44059.445,149.569079726749,TRUE,,"estimated",TRUE
"pc2001__13__05","labor_force_participation_age15plus",0.677076997440336,0.0467224064193289,320,12,44521.48,124.917667981126,TRUE,,"estimated",TRUE
"pc2001__13__06","labor_force_participation_age15plus",0.463426596937307,0.0353600981806448,433,16,132494.165,266.7160147247,TRUE,,"estimated",TRUE
"pc2001__13__07","labor_force_participation_age15plus",0.586802314173772,0.0271262402023684,688,24,169129.045,317.258196286345,TRUE,,"estimated",TRUE
"pc2001__13__08","labor_force_participation_age15plus",0.70732789970899,0.0583255023304108,331,12,61389.35,142.952512437811,TRUE,,"estimated",TRUE
"pc2001__14__01","labor_force_participation_age15plus",0.633484780466716,0.0436137032369211,504,16,138332.1,228.784288087842,TRUE,,"estimated",TRUE
"pc2001__14__02","labor_force_participation_age15plus",0.617992370187345,0.0306983561172444,518,12,74594.2300000001,242.530437900995,TRUE,,"estimated",TRUE
"pc2001__14__03","labor_force_participation_age15plus",0.694045320699882,0.0411185932496364,642,24,130020.94,250.933996246722,TRUE,,"estimated",TRUE
"pc2001__14__04","labor_force_participation_age15plus",0.439134503313321,0.0227051338952139,989,36,138785.28,298.286505286428,TRUE,,"estimated",TRUE
"pc2001__14__05","labor_force_participation_age15plus",0.476281080695017,0.018032283854524,1400,60,202738.79,558.687341609546,TRUE,,"estimated",TRUE
"pc2001__14__06","labor_force_participation_age15plus",0.517079829004371,0.0147343066823224,2637,100,326848.12,1044.96936531968,TRUE,,"estimated",TRUE
"pc2001__14__07","labor_force_participation_age15plus",0.531484754413588,0.0310231712230736,1028,40,193557.33,569.416085995041,TRUE,,"estimated",TRUE
"pc2001__14__08","labor_force_participation_age15plus",0.512207360989571,0.0307481672855786,497,16,95097.5399999997,270.443284875764,TRUE,,"estimated",TRUE
"pc2001__14__09","labor_force_participation_age15plus",0.484284768669668,0.024161453311341,464,16,80295.35,269.113269724964,TRUE,,"estimated",TRUE
"pc2001__15__01","labor_force_participation_age15plus",0.691143411768706,0.0456053596727492,300,12,42208.635,124.601235159948,TRUE,,"estimated",TRUE
"pc2001__15__02","labor_force_participation_age15plus",0.800592504481235,0.0312084964364661,275,11,33375.275,112.288476953148,TRUE,,"estimated",TRUE
"pc2001__15__03","labor_force_participation_age15plus",0.632841466527041,0.0208562857834068,1947,76,182412.865000001,1092.64743019308,TRUE,,"estimated",TRUE
"pc2001__15__04","labor_force_participation_age15plus",0.735170102012593,0.0369823961625654,605,24,71889.6549999999,212.833716004113,TRUE,,"estimated",TRUE
"pc2001__15__05","labor_force_participation_age15plus",0.804128344616347,0.0318355086832623,306,12,36457.4699999999,121.61586306229,TRUE,,"estimated",TRUE
"pc2001__15__06","labor_force_participation_age15plus",0.601236971986147,0.0265003374848149,743,32,77974.2799999999,325.8753840576,TRUE,,"estimated",TRUE
"pc2001__15__07","labor_force_participation_age15plus",0.651954162073324,0.0309958575694064,283,12,47800.155,150.04277923613,TRUE,,"estimated",TRUE
"pc2001__15__08","labor_force_participation_age15plus",0.637522096758677,0.0385642115050383,320,12,30199.565,129.244154419518,TRUE,,"estimated",TRUE
"pc2001__16__01","labor_force_participation_age15plus",0.606814954894053,0.0131950610354929,2732,112,1191452.64,1060.78005652055,TRUE,,"estimated",TRUE
"pc2001__16__02","labor_force_participation_age15plus",0.52338113576825,0.0234134056683283,1192,52,521732.14,472.243364914231,TRUE,,"estimated",TRUE
"pc2001__16__03","labor_force_participation_age15plus",0.532897999012838,0.0237765020312981,651,28,259987.925,278.682419553512,TRUE,,"estimated",TRUE
"pc2001__16__04","labor_force_participation_age15plus",0.554722280842527,0.0257124318120688,1032,40,475494.115000002,380.479330238865,TRUE,,"estimated",TRUE
"pc2001__17__01","labor_force_participation_age15plus",0.717860259507258,0.0259376761990771,836,32,352106.529999999,351.436627152285,TRUE,,"estimated",TRUE
"pc2001__17__02","labor_force_participation_age15plus",0.749367786919534,0.0498869360542628,444,16,188012.165,200.776159014058,TRUE,,"estimated",TRUE
"pc2001__17__03","labor_force_participation_age15plus",0.732338400471735,0.0387521300251323,333,12,95756.5450000002,133.435090517075,TRUE,,"estimated",TRUE
"pc2001__17__04","labor_force_participation_age15plus",0.628487290886954,0.0560887749336277,617,20,211805.889999999,312.84964764562,TRUE,,"estimated",TRUE
"pc2001__17__05","labor_force_participation_age15plus",0.62555391085846,0.034278965251691,425,16,149010.89,164.992940175556,TRUE,,"estimated",TRUE
"pc2001__17__06","labor_force_participation_age15plus",0.620147236245136,0.0258497204295946,1096,43,458781.735000001,474.659439203631,TRUE,,"estimated",TRUE
"pc2001__17__07","labor_force_participation_age15plus",0.657876679639731,0.0396161091151412,595,20,191562.285,283.09061574768,TRUE,,"estimated",TRUE
"pc2001__18__01","labor_force_participation_age15plus",0.519440047014655,0.0476524315995371,345,15,477400.08,96.9114650069773,FALSE,"low_kish_effective_n","estimated",FALSE
"pc2001__18__02","labor_force_participation_age15plus",0.492500855969161,0.0361145901191239,500,20,1428278.675,134.947329797817,TRUE,,"estimated",TRUE
"pc2001__18__03","labor_force_participation_age15plus",0.506316210428276,0.0342087921300735,378,16,410270.53,119.869499742244,TRUE,,"estimated",TRUE
"pc2001__18__04","labor_force_participation_age15plus",0.454326091921551,0.0335473827396037,285,12,227657.495,99.3204128177851,FALSE,"low_kish_effective_n","estimated",FALSE
"pc2001__18__05","labor_force_participation_age15plus",0.50232791365418,0.0240503491707162,614,24,1013460.055,243.902496617422,TRUE,,"estimated",TRUE
"pc2001__18__06","labor_force_participation_age15plus",0.457939039705772,0.0231847422805372,555,20,1122282.805,247.821491236431,TRUE,,"estimated",TRUE
"pc2001__18__07","labor_force_participation_age15plus",0.545583165914259,0.0439099437822899,280,12,449744.649999999,96.1976522012048,FALSE,"low_kish_effective_n","estimated",FALSE
"pc2001__18__08","labor_force_participation_age15plus",0.559295766106765,0.0412986633190921,431,16,422067.444999999,136.693428193683,TRUE,,"estimated",TRUE
"pc2001__18__09","labor_force_participation_age15plus",0.527992775869288,0.0403709850001813,418,16,694599.834999999,91.3240224835886,FALSE,"low_kish_effective_n","estimated",FALSE
"pc2001__18__10","labor_force_participation_age15plus",0.540229959078444,0.0302232919083401,678,24,1545073.16,246.215778330402,TRUE,,"estimated",TRUE
"pc2001__18__11","labor_force_participation_age15plus",0.589456376938267,0.0361551173903307,666,24,1165250.97,231.987945269436,TRUE,,"estimated",TRUE
"pc2001__18__12","labor_force_participation_age15plus",0.672550273663506,0.0390904497548708,418,16,688503.384999999,113.087549367405,TRUE,,"estimated",TRUE
"pc2001__18__13","labor_force_participation_age15plus",0.636271198601123,0.0563147039867713,350,12,502323.24,136.9341690326,TRUE,,"estimated",TRUE
"pc2001__18__14","labor_force_participation_age15plus",0.56763715436069,0.0444894335243408,483,16,862714.184999998,164.769403740769,TRUE,,"estimated",TRUE
"pc2001__18__15","labor_force_participation_age15plus",0.61434853119483,0.062859934140542,419,16,868242.110000001,172.003937249749,TRUE,,"estimated",TRUE
"pc2001__18__16","labor_force_participation_age15plus",0.478828690933978,0.022680448857923,477,16,768799.65,193.829749840385,TRUE,,"estimated",TRUE
"pc2001__18__17","labor_force_participation_age15plus",0.534148028037037,0.0439563619316106,482,16,788060.440000001,165.899549928973,TRUE,,"estimated",TRUE
"pc2001__18__18","labor_force_participation_age15plus",0.539641940701875,0.039083648479446,382,16,565130.695,103.64435970138,TRUE,,"estimated",TRUE
"pc2001__18__19","labor_force_participation_age15plus",0.603349561743243,0.0360772257200889,419,16,544103.420000001,212.077591991947,TRUE,,"estimated",TRUE
"pc2001__18__20","labor_force_participation_age15plus",0.553020159878611,0.0353080672273122,299,12,175304.875,154.730647524084,TRUE,,"estimated",TRUE
"pc2001__18__21","labor_force_participation_age15plus",0.59620380403304,0.0368048630746121,442,20,801702.29,263.68338426398,TRUE,,"estimated",TRUE
"pc2001__18__22","labor_force_participation_age15plus",0.571285182505807,0.0379756550702455,427,16,697653.014999998,142.003239723368,TRUE,,"estimated",TRUE
"pc2001__18__23","labor_force_participation_age15plus",0.489443288285452,0.0277846372545732,296,12,317819.61,117.666443000344,TRUE,,"estimated",TRUE
"pc2001__19__01","labor_force_participation_age15plus",0.527140089814396,0.0325034193346192,517,20,1145978.89,162.790739076607,TRUE,,"estimated",TRUE
"pc2001__19__02","labor_force_participation_age15plus",0.486869271772892,0.027413628512988,761,32,2119901.655,200.019724706968,TRUE,,"estimated",TRUE
"pc2001__19__03","labor_force_participation_age15plus",0.515774482821964,0.0210256310661406,619,24,1774115.85,149.7433653247,TRUE,,"estimated",TRUE
"pc2001__19__04","labor_force_participation_age15plus",0.53775063547111,0.0298583036410663,604,24,1652929.195,217.855178868351,TRUE,,"estimated",TRUE
"pc2001__19__05","labor_force_participation_age15plus",0.495348320698823,0.023646830603996,502,20,1072694.865,101.163182616723,TRUE,,"estimated",TRUE
"pc2001__19__06","labor_force_participation_age15plus",0.559634102661698,0.0290671213563467,775,32,2290380.695,237.156052519147,TRUE,,"estimated",TRUE
"pc2001__19__07","labor_force_participation_age15plus",0.540596337910032,0.0256276090219912,1141,48,3712627.795,353.964299293634,TRUE,,"estimated",TRUE
"pc2001__19__08","labor_force_participation_age15plus",0.484953718045135,0.0324595942326073,620,28,1870309.39500001,177.342018628424,TRUE,,"estimated",TRUE
"pc2001__19__09","labor_force_participation_age15plus",0.506503734783465,0.0163788176921553,1772,68,4898941.31,614.603299583286,TRUE,,"estimated",TRUE
"pc2001__19__10","labor_force_participation_age15plus",0.640348715710886,0.0376986336758289,987,44,3309335.83999999,294.347610769637,TRUE,,"estimated",TRUE
"pc2001__19__11","labor_force_participation_age15plus",0.536651494925469,0.0148577178390858,2223,92,6394525.32499998,765.669412026116,TRUE,,"estimated",TRUE
"pc2001__19__12","labor_force_participation_age15plus",0.477145586279472,0.01797609559464,1204,52,3501159.6,384.886807229146,TRUE,,"estimated",TRUE
"pc2001__19__13","labor_force_participation_age15plus",0.547802286536333,0.033087740331673,705,32,1920510.485,239.849397397678,TRUE,,"estimated",TRUE
"pc2001__19__14","labor_force_participation_age15plus",0.559582391681627,0.0242039159665151,621,28,1435757.32,219.470917197594,TRUE,,"estimated",TRUE
"pc2001__19__16","labor_force_participation_age15plus",0.549840124804407,0.0213673978438918,1153,48,2652089.01500001,334.672204063389,TRUE,,"estimated",TRUE
"pc2001__19__17","labor_force_participation_age15plus",0.471285738212508,0.0191634620066221,1281,60,2754831.40000001,670.948536591079,TRUE,,"estimated",TRUE
"pc2001__19__18","labor_force_participation_age15plus",0.516011441205696,0.0206338787080087,1463,56,5230546.63999999,510.823134648746,TRUE,,"estimated",TRUE
"pc2001__20__01","labor_force_participation_age15plus",0.460836257713096,0.0320137651992179,374,16,601325.515,140.586570526032,TRUE,,"estimated",TRUE
"pc2001__20__02","labor_force_participation_age15plus",0.488805369193271,0.0399714863926681,713,28,1318732.19,158.264084529559,TRUE,,"estimated",TRUE
"pc2001__20__03","labor_force_participation_age15plus",0.555831355629133,0.0609734027332703,315,12,476478.4,122.394850106998,TRUE,,"estimated",TRUE
"pc2001__20__04","labor_force_participation_age15plus",0.525859265809683,0.0619234748131156,532,20,1428869.84,152.484949690069,TRUE,,"estimated",TRUE
"pc2001__20__05","labor_force_participation_age15plus",0.406352674537252,0.0264021610069558,322,12,328322.03,183.008584585184,TRUE,,"estimated",TRUE
"pc2001__20__06","labor_force_participation_age15plus",0.407972184682338,0.0325942170729416,462,16,1047164.025,122.599831039818,TRUE,,"estimated",TRUE
"pc2001__20__07","labor_force_participation_age15plus",0.561480681914476,0.0493928442034944,353,16,657022.274999999,157.198888262136,TRUE,,"estimated",TRUE
"pc2001__20__08","labor_force_participation_age15plus",0.501670922449712,0.0243933043847435,361,16,494333.235000001,108.105716988636,TRUE,,"estimated",TRUE
"pc2001__20__09","labor_force_participation_age15plus",0.625916609753393,0.118956940176535,239,12,500183.555,51.6797361129141,FALSE,"low_kish_effective_n","estimated",FALSE
"pc2001__20__10","labor_force_participation_age15plus",0.654371954641226,0.0917853819387957,300,12,480673.045,78.6863741095986,FALSE,"low_kish_effective_n","estimated",FALSE
"pc2001__20__11","labor_force_participation_age15plus",0.697274146481953,0.0400095013193157,708,28,1029802.035,173.918759194664,TRUE,,"estimated",TRUE
"pc2001__20__12","labor_force_participation_age15plus",0.468000939788767,0.0199612570404021,648,24,1615788.625,338.731429719697,TRUE,,"estimated",TRUE
"pc2001__20__13","labor_force_participation_age15plus",0.511921792536545,0.0323008976300165,625,24,1030101.175,265.214728871716,TRUE,,"estimated",TRUE
"pc2001__20__14","labor_force_participation_age15plus",0.64167891027591,0.0377775320569991,619,24,1558803.015,196.594075640312,TRUE,,"estimated",TRUE
"pc2001__20__15","labor_force_participation_age15plus",0.567229534991609,0.0662124258879532,334,12,245921.045,116.05361153331,TRUE,,"estimated",TRUE
"pc2001__20__16","labor_force_participation_age15plus",0.530465914535566,0.0486698010450674,584,24,867990.519999999,148.119269335639,TRUE,,"estimated",TRUE
"pc2001__20__17","labor_force_participation_age15plus",0.515237597508527,0.0446369205148556,389,16,661336.375000003,118.444059733564,TRUE,,"estimated",TRUE
"pc2001__20__18","labor_force_participation_age15plus",0.474770652860074,0.0304189806757175,524,20,1024318.42,224.981135387095,TRUE,,"estimated",TRUE
"pc2001__21__01","labor_force_participation_age15plus",0.594347832046618,0.0501175090111691,494,20,1052365.225,153.468025272653,TRUE,,"estimated",TRUE
"pc2001__21__02","labor_force_participation_age15plus",0.554417973604227,0.0536328269226327,301,12,397567.45,132.966323118697,TRUE,,"estimated",TRUE
"pc2001__21__03","labor_force_participation_age15plus",0.693794798272194,0.038118696936174,289,12,623801.96,139.057154518798,TRUE,,"estimated",TRUE
"pc2001__21__04","labor_force_participation_age15plus",0.666791344902945,0.0681892316096079,256,12,190597.285,92.5076930115512,FALSE,"low_kish_effective_n","estimated",FALSE
"pc2001__21__05","labor_force_participation_age15plus",0.633422812913116,0.0398236486020674,584,24,1283527.485,340.454295427176,TRUE,,"estimated",TRUE
"pc2001__21__06","labor_force_participation_age15plus",0.574085866103368,0.0351867998608276,523,20,1301459.78,183.429010148019,TRUE,,"estimated",TRUE
"pc2001__21__07","labor_force_participation_age15plus",0.676096752741897,0.0324226741533218,497,20,1819064.52,215.961830935638,TRUE,,"estimated",TRUE
"pc2001__21__08","labor_force_participation_age15plus",0.519794774189229,0.0164417193040136,504,20,1593602.67,190.136943413996,TRUE,,"estimated",TRUE
"pc2001__21__09","labor_force_participation_age15plus",0.442320135091884,0.0319877089952101,557,20,966145.38,178.90909673444,TRUE,,"estimated",TRUE
"pc2001__21__10","labor_force_participation_age15plus",0.528266540024934,0.0259680578394097,526,20,877804.375000002,202.487311847435,TRUE,,"estimated",TRUE
"pc2001__21__11","labor_force_participation_age15plus",0.551437842490175,0.0413780145926676,407,16,682156.43,178.220589574814,TRUE,,"estimated",TRUE
"pc2001__21__12","labor_force_participation_age15plus",0.496245586533119,0.025616140822636,647,24,1701115.915,349.008350468114,TRUE,,"estimated",TRUE
"pc2001__21__13","labor_force_participation_age15plus",0.483033791175015,0.040456974317676,536,20,1019451.38,247.018128391828,TRUE,,"estimated",TRUE
"pc2001__21__14","labor_force_participation_age15plus",0.457023865092275,0.0455403462465756,361,16,697434.345000001,167.061053469057,TRUE,,"estimated",TRUE
"pc2001__21__15","labor_force_participation_age15plus",0.612429489368292,0.0418149738084399,403,16,687678.209999999,119.409869948345,TRUE,,"estimated",TRUE
"pc2001__21__16","labor_force_participation_age15plus",0.458030117812443,0.0533222567960348,435,16,714997.479999999,117.755397217463,TRUE,,"estimated",TRUE
"pc2001__21__17","labor_force_participation_age15plus",0.456216465743856,0.0265916375944192,509,20,1197419.21,259.357491163552,TRUE,,"estimated",TRUE
"pc2001__21__18","labor_force_participation_age15plus",0.446502880258349,0.0231583924974811,543,20,1077286.175,215.588708063249,TRUE,,"estimated",TRUE
"pc2001__21__19","labor_force_participation_age15plus",0.532342450061233,0.0365722753340623,661,24,2124636.735,264.570035840349,TRUE,,"estimated",TRUE
"pc2001__21__20","labor_force_participation_age15plus",0.561338951153155,0.0485824769042211,315,12,349403.635000001,137.813343734213,TRUE,,"estimated",TRUE
"pc2001__21__21","labor_force_participation_age15plus",0.683565969706362,0.0595825969341461,273,12,446259.035,92.7857366613863,FALSE,"low_kish_effective_n","estimated",FALSE
"pc2001__21__22","labor_force_participation_age15plus",0.754105567000319,0.057207398793603,296,12,298416.455,110.595792723477,TRUE,,"estimated",TRUE
"pc2001__21__23","labor_force_participation_age15plus",0.685473218472684,0.0539334131742795,296,12,360365.37,104.0588081601,TRUE,,"estimated",TRUE
"pc2001__21__24","labor_force_participation_age15plus",0.6821524206981,0.040500326142696,382,16,989147.614999999,152.602554143381,TRUE,,"estimated",TRUE
"pc2001__21__25","labor_force_participation_age15plus",0.453450930628254,0.0251407429769597,291,12,336983.375,112.943647632179,TRUE,,"estimated",TRUE
"pc2001__21__26","labor_force_participation_age15plus",0.655246362473014,0.0406086858037523,509,20,971332.999999999,196.051995447286,TRUE,,"estimated",TRUE
"pc2001__21__27","labor_force_participation_age15plus",0.845902510677983,0.0504130647714803,228,12,448774.995,108.407209260288,TRUE,,"estimated",TRUE
"pc2001__21__28","labor_force_participation_age15plus",0.666864801285955,0.026971687983119,389,16,598910.985,114.115439170117,TRUE,,"estimated",TRUE
"pc2001__21__29","labor_force_participation_age15plus",0.784738202937102,0.0481843998788918,341,16,725459.914999999,181.956380026623,TRUE,,"estimated",TRUE
"pc2001__21__30","labor_force_participation_age15plus",0.712586112288012,0.0587359120920169,238,12,289814.91,69.6510328019439,FALSE,"low_kish_effective_n","estimated",FALSE
"pc2001__22__01","labor_force_participation_age15plus",0.76325003295149,0.0463922945930734,293,12,331775.59,116.143500450368,TRUE,,"estimated",TRUE
"pc2001__22__02","labor_force_participation_age15plus",0.555267147892201,0.0333042686161174,535,24,1396037.03,171.127233693215,TRUE,,"estimated",TRUE
"pc2001__22__03","labor_force_participation_age15plus",0.716174260802068,0.069668174939094,301,12,525346.945000001,76.0845270106146,FALSE,"low_kish_effective_n","estimated",FALSE
"pc2001__22__04","labor_force_participation_age15plus",0.685582026598335,0.0577506863831315,412,16,927624.96,104.281983275666,TRUE,,"estimated",TRUE
"pc2001__22__05","labor_force_participation_age15plus",0.58827962254125,0.0559290325272221,363,16,580679.079999999,115.134970972897,TRUE,,"estimated",TRUE
"pc2001__22__06","labor_force_participation_age15plus",0.617540840613167,0.0534922853554408,410,16,966248.960000002,92.670922496136,FALSE,"low_kish_effective_n","estimated",FALSE
"pc2001__22__07","labor_force_participation_age15plus",0.569404078677112,0.0508873634574257,684,28,1322013.695,150.416630132784,TRUE,,"estimated",TRUE
"pc2001__22__08","labor_force_participation_age15plus",0.824358871166284,0.0526338253991245,276,12,404458.685,65.6849085824686,FALSE,"low_kish_effective_n","estimated",FALSE
"pc2001__22__09","labor_force_participation_age15plus",0.830327658749035,0.0344070919710354,465,16,822779.800000002,88.4355044914142,FALSE,"low_kish_effective_n","estimated",FALSE
"pc2001__22__10","labor_force_participation_age15plus",0.630356844829844,0.0257286064672803,921,32,2189906.045,345.53258589255,TRUE,,"estimated",TRUE
"pc2001__22__11","labor_force_participation_age15plus",0.518047044661184,0.0224471680917976,825,31,2022521.315,281.337469389127,TRUE,,"estimated",TRUE
"pc2001__22__12","labor_force_participation_age15plus",0.499525462731484,0.0395180184801303,306,12,647256.855,82.0077102450591,FALSE,"low_kish_effective_n","estimated",FALSE
"pc2001__22__13","labor_force_participation_age15plus",0.59633784677908,0.0286763520746091,371,12,593197.189999999,111.032283732671,TRUE,,"estimated",TRUE
"pc2001__22__14","labor_force_participation_age15plus",0.570670353630881,0.0392905082478931,338,12,515292.950000001,91.7025773532203,FALSE,"low_kish_effective_n","estimated",FALSE
"pc2001__22__15","labor_force_participation_age15plus",0.779432500992571,0.0530286367585843,437,16,803482.814999998,107.333497702457,TRUE,,"estimated",TRUE
"pc2001__22__16","labor_force_participation_age15plus",0.730727792302614,0.0771353247957006,359,12,556181.48,70.3852953954565,FALSE,"low_kish_effective_n","estimated",FALSE
"pc2001__23__01","labor_force_participation_age15plus",0.54357772729885,0.0663409451782637,194,8,351134.42,46.4559189077641,FALSE,"low_kish_effective_n","estimated",FALSE
"pc2001__23__02","labor_force_participation_age15plus",0.506021064784312,0.0348242935018853,335,12,1052845.34,116.660813917106,TRUE,,"estimated",TRUE
"pc2001__23__03","labor_force_participation_age15plus",0.53513135087881,0.0492726685373464,375,12,829560.684999998,86.018422524084,FALSE,"low_kish_effective_n","estimated",FALSE
"pc2001__23__04","labor_force_participation_age15plus",0.395328535115656,0.0325615256898719,369,12,1246073.8,195.64304071293,TRUE,,"estimated",TRUE
"pc2001__23__05","labor_force_participation_age15plus",0.68281947204196,0.0494504937958896,235,8,429205.32,55.7300582038799,FALSE,"low_kish_effective_n","estimated",FALSE
"pc2001__23__06","labor_force_participation_age15plus",0.592424011382009,0.0714808515093577,326,12,1019458.105,81.7956579306275,FALSE,"low_kish_effective_n","estimated",FALSE
"pc2001__23__07","labor_force_participation_age15plus",0.483540372192713,0.0405508504481063,546,20,1286162.74,146.681375308918,TRUE,,"estimated",TRUE
"pc2001__23__08","labor_force_participation_age15plus",0.512748439481233,0.0356442233421566,316,12,962779.995000004,87.0577258749943,FALSE,"low_kish_effective_n","estimated",FALSE
"pc2001__23__09","labor_force_participation_age15plus",0.579621375334061,0.0463543731467317,316,12,914139.070000001,96.530524478678,FALSE,"low_kish_effective_n","estimated",FALSE
"pc2001__23__10","labor_force_participation_age15plus",0.416044716781327,0.048140196727077,299,12,461874.03,111.611465441637,TRUE,,"estimated",TRUE
"pc2001__23__11","labor_force_participation_age15plus",0.73303363220416,0.0407000250356728,429,16,1287677.275,177.463686753034,TRUE,,"estimated",TRUE
"pc2001__23__12","labor_force_participation_age15plus",0.7460519028355,0.0512836931800115,329,12,849073.264999998,140.456783397332,TRUE,,"estimated",TRUE
"pc2001__23__13","labor_force_participation_age15plus",0.461338171697261,0.0275510147067815,441,16,1209598.965,119.597223826621,TRUE,,"estimated",TRUE
"pc2001__23__14","labor_force_participation_age15plus",0.525047998610415,0.0764542048907389,391,12,1524973.835,115.850700528152,TRUE,,"estimated",TRUE
"pc2001__23__15","labor_force_participation_age15plus",0.436183705189621,0.0575417447772092,218,8,363352.065,100.639122812516,TRUE,,"estimated",TRUE
"pc2001__23__16","labor_force_participation_age15plus",0.421510950683999,0.0251574298075054,426,16,1031357.95,117.78371687248,TRUE,,"estimated",TRUE
"pc2001__23__17","labor_force_participation_age15plus",0.648074637426422,0.0849639302059182,313,12,1568233.065,102.811161553558,TRUE,,"estimated",TRUE
"pc2001__23__18","labor_force_participation_age15plus",0.634564469601997,0.0947439562980336,220,8,431303.190000001,45.0136631444354,FALSE,"low_kish_effective_n","estimated",FALSE
"pc2001__23__19","labor_force_participation_age15plus",0.615127747780175,0.0537989402465975,280,12,759310.649999999,67.2856530709302,FALSE,"low_kish_effective_n","estimated",FALSE
"pc2001__23__20","labor_force_participation_age15plus",0.555176652500909,0.032374160310785,386,15,586690.675000002,95.8180906855266,FALSE,"low_kish_effective_n","estimated",FALSE
"pc2001__23__21","labor_force_participation_age15plus",0.647178788878235,0.0373395507671715,441,16,1259518.11,161.690581347414,TRUE,,"estimated",TRUE
"pc2001__23__22","labor_force_participation_age15plus",0.731581783993595,0.0293858563778043,337,12,1044384.13,98.2274664184821,FALSE,"low_kish_effective_n","estimated",FALSE
"pc2001__23__23","labor_force_participation_age15plus",0.673694890623554,0.0592832496167066,473,16,1069411.71,128.03475134739,TRUE,,"estimated",TRUE
"pc2001__23__24","labor_force_participation_age15plus",0.799282697870958,0.0533219286123892,351,12,939242.995000002,71.0909180850704,FALSE,"low_kish_effective_n","estimated",FALSE
"pc2001__23__25","labor_force_participation_age15plus",0.643515143150763,0.0617111671814804,342,12,1554569.975,106.00715561396,TRUE,,"estimated",TRUE
"pc2001__23__26","labor_force_participation_age15plus",0.462753371870037,0.0165023694154145,676,24,2171199.48999999,106.907164885546,TRUE,,"estimated",TRUE
"pc2001__23__27","labor_force_participation_age15plus",0.637841241944822,0.0623863198655275,340,12,1057220.56,128.935336026737,TRUE,,"estimated",TRUE
"pc2001__23__28","labor_force_participation_age15plus",0.784738296783061,0.0818261541987656,319,12,609149.180000002,79.3052250963176,FALSE,"low_kish_effective_n","estimated",FALSE
"pc2001__23__29","labor_force_participation_age15plus",0.627307817540076,0.0637461764592121,342,12,806408.53,118.277941155097,TRUE,,"estimated",TRUE
"pc2001__23__30","labor_force_participation_age15plus",0.684334645394431,0.0385709583519151,322,12,1029446.47,93.8492520517516,FALSE,"low_kish_effective_n","estimated",FALSE
"pc2001__23__31","labor_force_participation_age15plus",0.78155316434642,0.0301536031339552,301,12,720640.994999998,114.224839868764,TRUE,,"estimated",TRUE
"pc2001__23__32","labor_force_participation_age15plus",0.490805723473769,0.0549542845665534,534,20,1113084.86,118.701462196446,TRUE,,"estimated",TRUE
"pc2001__23__33","labor_force_participation_age15plus",0.675616268056204,0.0505314824035723,409,12,686669.129999999,135.481683576767,TRUE,,"estimated",TRUE
"pc2001__23__34","labor_force_participation_age15plus",0.625230000179031,0.064865721849824,331,12,697366.305,107.810496953949,TRUE,,"estimated",TRUE
"pc2001__23__35","labor_force_participation_age15plus",0.694797821627296,0.0624331525133572,328,12,914762.654999999,152.881236852296,TRUE,,"estimated",TRUE
"pc2001__23__36","labor_force_participation_age15plus",0.566464399507323,0.0696282838148118,215,8,380837.075,100.776533846478,TRUE,,"estimated",TRUE
"pc2001__23__37","labor_force_participation_age15plus",0.515544728691095,0.0454920028933256,339,12,711526.410000002,146.326012999265,TRUE,,"estimated",TRUE
"pc2001__23__38","labor_force_participation_age15plus",0.787455325778893,0.0356984670550587,305,12,794459.849999999,67.8390037916078,FALSE,"low_kish_effective_n","estimated",FALSE
"pc2001__23__39","labor_force_participation_age15plus",0.742005680452229,0.0497181277561929,415,16,1379303.915,140.38948708459,TRUE,,"estimated",TRUE
"pc2001__23__40","labor_force_participation_age15plus",0.668596763876915,0.0781107712406184,309,12,538521.235,85.2337421754682,FALSE,"low_kish_effective_n","estimated",FALSE
"pc2001__23__41","labor_force_participation_age15plus",0.767832304374846,0.0825703818100144,189,8,563055.595,40.2179266567305,FALSE,"low_kish_effective_n","estimated",FALSE
"pc2001__23__42","labor_force_participation_age15plus",0.788806489373097,0.0468903519348546,274,12,632552.935000001,108.314058582346,TRUE,,"estimated",TRUE
"pc2001__23__43","labor_force_participation_age15plus",0.49107974285578,0.127739729661807,535,20,1919072.47999999,59.2059454003573,FALSE,"low_kish_effective_n","estimated",FALSE
"pc2001__23__44","labor_force_participation_age15plus",0.677403306684642,0.0449681259711894,312,12,948506.235000001,119.521751867435,TRUE,,"estimated",TRUE
"pc2001__23__45","labor_force_participation_age15plus",0.636861650853626,0.0280093845084687,441,16,1220055.775,139.537014644302,TRUE,,"estimated",TRUE
"pc2001__24__01","labor_force_participation_age15plus",0.642814897682075,0.0664847181845547,299,12,894058.145,122.733420430389,TRUE,,"estimated",TRUE
"pc2001__24__02","labor_force_participation_age15plus",0.585184972890567,0.0502684844510026,429,16,1496348.19,133.378101681273,TRUE,,"estimated",TRUE
"pc2001__24__03","labor_force_participation_age15plus",0.680327592494,0.0512173806103734,323,12,769966.97,109.970190210036,TRUE,,"estimated",TRUE
"pc2001__24__04","labor_force_participation_age15plus",0.637009236369921,0.053505492149121,308,12,1158670.57,141.335030443102,TRUE,,"estimated",TRUE
"pc2001__24__05","labor_force_participation_age15plus",0.72274256155696,0.0848116039695585,374,16,1228289.805,71.1846163484903,FALSE,"low_kish_effective_n","estimated",FALSE
"pc2001__24__06","labor_force_participation_age15plus",0.626975775691755,0.048870580169655,344,12,1573466.19,109.226042481328,TRUE,,"estimated",TRUE
"pc2001__24__07","labor_force_participation_age15plus",0.532325021926102,0.0246989413222735,1323,48,5196014.80500003,634.09207988724,TRUE,,"estimated",TRUE
"pc2001__24__08","labor_force_participation_age15plus",0.670767929697447,0.0391158873529966,346,12,1360606.06,116.97813921293,TRUE,,"estimated",TRUE
"pc2001__24__09","labor_force_participation_age15plus",0.530751162163133,0.0230160987790586,765,28,2031104.7,306.47312925192,TRUE,,"estimated",TRUE
"pc2001__24__10","labor_force_participation_age15plus",0.563117078008817,0.0334283957234752,552,20,1175036.81,220.160859189448,TRUE,,"estimated",TRUE
"pc2001__24__11","labor_force_participation_age15plus",0.50583822518578,0.0246899385699731,203,8,442609.255,104.669501445051,TRUE,,"estimated",TRUE
"pc2001__24__12","labor_force_participation_age15plus",0.519628842440518,0.0391751343901752,576,20,1663001.02,247.495640499733,TRUE,,"estimated",TRUE
"pc2001__24__13","labor_force_participation_age15plus",0.54590297489139,0.0551398712657519,334,12,1019131.66,111.644173879517,TRUE,,"estimated",TRUE
"pc2001__24__14","labor_force_participation_age15plus",0.573335028857738,0.0455294755108495,523,20,1690843.645,210.402004585707,TRUE,,"estimated",TRUE
"pc2001__24__15","labor_force_participation_age15plus",0.609385872347635,0.0534968030640156,410,16,1141269.73,103.771402737465,TRUE,,"estimated",TRUE
"pc2001__24__16","labor_force_participation_age15plus",0.733477203956599,0.0572428032944921,318,12,1093679.375,76.7790425706915,FALSE,"low_kish_effective_n","estimated",FALSE
"pc2001__24__17","labor_force_participation_age15plus",0.561000361460007,0.0783548165988409,467,16,1518757.23,95.5062270023123,FALSE,"low_kish_effective_n","estimated",FALSE
"pc2001__24__18","labor_force_participation_age15plus",0.584121928802241,0.100316779165686,319,12,767243.82,57.0724687727674,FALSE,"low_kish_effective_n","estimated",FALSE
"pc2001__24__19","labor_force_participation_age15plus",0.693498511459923,0.029704240893207,888,32,2943771.93500001,292.121229860497,TRUE,,"estimated",TRUE
"pc2001__24__20","labor_force_participation_age15plus",0.823940321080725,0.0509692021869322,358,12,446916.269999999,88.5704957790621,FALSE,"low_kish_effective_n","estimated",FALSE
"pc2001__24__21","labor_force_participation_age15plus",0.703128965231132,0.0512910350529882,314,12,1139041.42,129.294642090975,TRUE,,"estimated",TRUE
"pc2001__24__22","labor_force_participation_age15plus",0.551009304845196,0.0330604986501421,1108,44,4515675.34000001,262.764391792484,TRUE,,"estimated",TRUE
"pc2001__24__23","labor_force_participation_age15plus",0.594148640399549,0.0590991783013313,127,4,150778.12,41.3921152212145,FALSE,"too_few_psus;low_kish_effective_n","estimated",FALSE
"pc2001__24__24","labor_force_participation_age15plus",0.567561244276091,0.0416053432351022,299,12,853216.265000001,112.964119028766,TRUE,,"estimated",TRUE
"pc2001__24__25","labor_force_participation_age15plus",0.542769650697557,0.0369810398542623,309,12,892027.685,110.785210767507,TRUE,,"estimated",TRUE
"pc2001__25__01","labor_force_participation_age15plus",0.444034062053576,0.0408526821723753,109,4,28206.755,77.1908550211745,FALSE,"too_few_psus;low_kish_effective_n","estimated",FALSE
"pc2001__25__02","labor_force_participation_age15plus",0.526415480575985,0.0247316806033007,331,12,115287.7,144.241025252448,TRUE,,"estimated",TRUE
"pc2001__26__01","labor_force_participation_age15plus",0.512553993328862,0.0262623349145397,655,24,163319.944999999,234.853257457931,TRUE,,"estimated",TRUE
"pc2001__27__01","labor_force_participation_age15plus",0.773671680569969,0.0402844535256824,395,16,781945.009999999,109.643602757455,TRUE,,"estimated",TRUE
"pc2001__27__02","labor_force_participation_age15plus",0.639852711132366,0.0565546169876018,515,20,1089723.905,114.649000408105,TRUE,,"estimated",TRUE
"pc2001__27__03","labor_force_participation_age15plus",0.620976299375005,0.0316448992590709,1051,36,2584202.105,313.830104575189,TRUE,,"estimated",TRUE
"pc2001__27__04","labor_force_participation_age15plus",0.672957891489045,0.0411491450641602,723,24,1800281.66000001,157.601617624796,TRUE,,"estimated",TRUE
"pc2001__27__05","labor_force_participation_age15plus",0.542171216719691,0.0316285451071837,471,16,923276.42,130.522571301834,TRUE,,"estimated",TRUE
"pc2001__27__06","labor_force_participation_age15plus",0.43143528504427,0.0654630047261303,342,12,778126.585000001,86.0690749230898,FALSE,"low_kish_effective_n","estimated",FALSE
"pc2001__27__07","labor_force_participation_age15plus",0.651400573169019,0.0418614994653543,762,28,1725257.24,213.712469304925,TRUE,,"estimated",TRUE
"pc2001__27__08","labor_force_participation_age15plus",0.610313636781877,0.0687988245498352,409,16,814719.015000002,96.8258820920138,FALSE,"low_kish_effective_n","estimated",FALSE
"pc2001__27__09","labor_force_participation_age15plus",0.550002276118647,0.0232188066899704,1182,44,2907032.115,532.121040214829,TRUE,,"estimated",TRUE
"pc2001__27__10","labor_force_participation_age15plus",0.743387240128143,0.0375757743018697,287,12,848491.985000001,97.7515847241742,FALSE,"low_kish_effective_n","estimated",FALSE
"pc2001__27__11","labor_force_participation_age15plus",0.692088130142337,0.0475234444129921,438,16,982767.049999998,216.33613813949,TRUE,,"estimated",TRUE
"pc2001__27__12","labor_force_participation_age15plus",0.8118104437572,0.0445502730635474,290,12,641752.855,66.6040284349718,FALSE,"low_kish_effective_n","estimated",FALSE
"pc2001__27__13","labor_force_participation_age15plus",0.687982668452735,0.0514268994438859,462,20,1533626.49,82.2143382014705,FALSE,"low_kish_effective_n","estimated",FALSE
"pc2001__27__14","labor_force_participation_age15plus",0.678078351271311,0.029635935503599,791,28,1883650.61,192.809655894863,TRUE,,"estimated",TRUE
"pc2001__27__15","labor_force_participation_age15plus",0.547238320323281,0.0328335192254339,752,28,1790407.86,284.576327035356,TRUE,,"estimated",TRUE
"pc2001__27__16","labor_force_participation_age15plus",0.635709846787741,0.0524209229438679,300,12,625810.89,80.876377498602,FALSE,"low_kish_effective_n","estimated",FALSE
"pc2001__27__17","labor_force_participation_age15plus",0.575052618685865,0.0472943783832177,503,16,1114387.865,106.348823083385,TRUE,,"estimated",TRUE
"pc2001__27__18","labor_force_participation_age15plus",0.742913072426068,0.0357811383456616,518,20,972064.399999999,88.8313147313447,FALSE,"low_kish_effective_n","estimated",FALSE
"pc2001__27__19","labor_force_participation_age15plus",0.607034421485207,0.0394220279077885,777,28,2764499.83,245.432099591414,TRUE,,"estimated",TRUE
"pc2001__27__20","labor_force_participation_age15plus",0.584652135849609,0.0221739231261534,1375,48,2702393.805,519.239666540752,TRUE,,"estimated",TRUE
"pc2001__27__21","labor_force_participation_age15plus",0.56762777551068,0.0192567002751091,2265,92,7323322.12999996,1004.37265626134,TRUE,,"estimated",TRUE
"pc2001__27__22","labor_force_participation_age15plus",0.551134358896416,0.0167371111190078,2277,98,8168240.91499999,1222.31437549945,TRUE,,"estimated",TRUE
"pc2001__27__24","labor_force_participation_age15plus",0.519247067133458,0.0356274409092296,559,24,1591745.63,228.136804877801,TRUE,,"estimated",TRUE
"pc2001__27__25","labor_force_participation_age15plus",0.554063852042587,0.0189481072379713,1874,76,5831774.75499996,684.215443682517,TRUE,,"estimated",TRUE
"pc2001__27__26","labor_force_participation_age15plus",0.659975448795791,0.0308147182834194,916,36,2821209.885,299.548197380048,TRUE,,"estimated",TRUE
"pc2001__27__27","labor_force_participation_age15plus",0.642785228246716,0.0464082699080874,651,24,1553484.245,142.398920586179,TRUE,,"estimated",TRUE
"pc2001__27__28","labor_force_participation_age15plus",0.535560201241598,0.0401850057237889,689,24,1553759.275,219.73188334809,TRUE,,"estimated",TRUE
"pc2001__27__29","labor_force_participation_age15plus",0.687869432072751,0.0382859172904142,484,16,1007601.505,165.933132214868,TRUE,,"estimated",TRUE
"pc2001__27__30","labor_force_participation_age15plus",0.668793872047886,0.0240250250771145,1127,40,2682966.135,380.753248440586,TRUE,,"estimated",TRUE
"pc2001__27__31","labor_force_participation_age15plus",0.627806450329786,0.0375570201686855,731,28,2108021.675,240.443795850358,TRUE,,"estimated",TRUE
"pc2001__27__32","labor_force_participation_age15plus",0.56730256680081,0.0328516714568146,492,20,1084161.065,141.744164641861,TRUE,,"estimated",TRUE
"pc2001__27__33","labor_force_participation_age15plus",0.623526828615711,0.0645639979150746,315,12,674917.23,107.694020231384,TRUE,,"estimated",TRUE
"pc2001__27__34","labor_force_participation_age15plus",0.607968863860681,0.0308207882771108,1029,36,2497226.75,356.975696102489,TRUE,,"estimated",TRUE
"pc2001__27__35","labor_force_participation_age15plus",0.567857380451849,0.0392312747559405,809,28,1891125.60999999,291.881469121777,TRUE,,"estimated",TRUE
"pc2001__28__01","labor_force_participation_age15plus",0.708785710352836,0.0488801112357006,687,28,1271604.80499999,167.699039410074,TRUE,,"estimated",TRUE
"pc2001__28__02","labor_force_participation_age15plus",0.720465800146025,0.0310579132143845,562,24,1498367.07,147.806786643467,TRUE,,"estimated",TRUE
"pc2001__28__03","labor_force_participation_age15plus",0.6663396387872,0.0317397614244614,830,36,2482209.37,246.007346405888,TRUE,,"estimated",TRUE
"pc2001__28__04","labor_force_participation_age15plus",0.728764232123596,0.0311404143919076,688,28,1781739.55000001,176.841664843829,TRUE,,"estimated",TRUE
"pc2001__28__05","labor_force_participation_age15plus",0.475012619100161,0.0257823175396195,1482,64,2595064.195,725.177454982656,TRUE,,"estimated",TRUE
"pc2001__28__06","labor_force_participation_age15plus",0.581855302748241,0.0273612717586964,1178,52,3359525.93500001,516.682573120791,TRUE,,"estimated",TRUE
"pc2001__28__07","labor_force_participation_age15plus",0.704557268628309,0.0419607219679341,840,36,2396196.47000001,161.596920736732,TRUE,,"estimated",TRUE
"pc2001__28__08","labor_force_participation_age15plus",0.771083933069054,0.0266335540696717,709,32,2192651.20500001,167.611906320384,TRUE,,"estimated",TRUE
"pc2001__28__09","labor_force_participation_age15plus",0.614256801716046,0.0275538537771164,825,36,2532914.655,251.622657317844,TRUE,,"estimated",TRUE
"pc2001__28__10","labor_force_participation_age15plus",0.700098335102316,0.0293426156614293,584,28,1864964.755,173.956955658408,TRUE,,"estimated",TRUE
"pc2001__28__11","labor_force_participation_age15plus",0.545737948634317,0.0413789062857371,634,28,2095889.745,132.440163509414,TRUE,,"estimated",TRUE
"pc2001__28__12","labor_force_participation_age15plus",0.760716201664837,0.0316814228395364,544,24,1551756.795,203.743888464077,TRUE,,"estimated",TRUE
"pc2001__28__13","labor_force_participation_age15plus",0.524680566546099,0.0215430980115393,1063,48,3040284.645,441.644202392495,TRUE,,"estimated",TRUE
"pc2001__28__14","labor_force_participation_age15plus",0.536647932995897,0.0273375319042323,1075,48,3626391.08500001,278.081792653593,TRUE,,"estimated",TRUE
"pc2001__28__15","labor_force_participation_age15plus",0.611073682843404,0.0340144617493508,826,40,2965739.715,211.365813341921,TRUE,,"estimated",TRUE
"pc2001__28__16","labor_force_participation_age15plus",0.523902397000412,0.0603044744158632,925,44,3391211.35,199.563736273639,TRUE,,"estimated",TRUE
"pc2001__28__17","labor_force_participation_age15plus",0.692198879237454,0.0265400203756047,1019,48,3209745.91500001,348.879910935459,TRUE,,"estimated",TRUE
"pc2001__28__18","labor_force_participation_age15plus",0.77173001149032,0.0339300103859033,669,32,2363122.71500001,218.800876042626,TRUE,,"estimated",TRUE
"pc2001__28__19","labor_force_participation_age15plus",0.68088103298327,0.036260763572002,673,32,1830105.15,240.928949878442,TRUE,,"estimated",TRUE
"pc2001__28__20","labor_force_participation_age15plus",0.680484504083017,0.0330951143169383,737,32,1759723.87,229.976082896897,TRUE,,"estimated",TRUE
"pc2001__28__21","labor_force_participation_age15plus",0.731302294675827,0.0273497879245391,960,39,2307366.225,254.976183751771,TRUE,,"estimated",TRUE
"pc2001__28__22","labor_force_participation_age15plus",0.654683911198755,0.0400210689747438,963,40,2883472.845,253.61901217718,TRUE,,"estimated",TRUE
"pc2001__28__23","labor_force_participation_age15plus",0.714150101052897,0.0328214103316629,988,44,2623442.88999999,293.361528642754,TRUE,,"estimated",TRUE
"pc2001__29__01","labor_force_participation_age15plus",0.663140817925095,0.0465596909302289,578,24,2200829.89999999,106.790926455408,TRUE,,"estimated",TRUE
"pc2001__29__02","labor_force_participation_age15plus",0.733200699690909,0.0414367169463728,449,16,1195722.27,84.3579872490538,FALSE,"low_kish_effective_n","estimated",FALSE
"pc2001__29__03","labor_force_participation_age15plus",0.640507399721332,0.0467018387442123,510,20,906299.669999999,114.436395245012,TRUE,,"estimated",TRUE
"pc2001__29__04","labor_force_participation_age15plus",0.678363939646325,0.0494282248093014,660,24,2053988.285,170.705914961473,TRUE,,"estimated",TRUE
"pc2001__29__05","labor_force_participation_age15plus",0.641792560335928,0.0491446768722453,438,16,1002732.775,117.86211782351,TRUE,,"estimated",TRUE
"pc2001__29__06","labor_force_participation_age15plus",0.618970306679655,0.085768651264365,434,16,1223358.135,100.222832502295,TRUE,,"estimated",TRUE
"pc2001__29__07","labor_force_participation_age15plus",0.630352479830627,0.0492904832706049,325,12,694846.849999999,82.706962502797,FALSE,"low_kish_effective_n","estimated",FALSE
"pc2001__29__08","labor_force_participation_age15plus",0.675699504757401,0.0429126306990194,397,16,586825.530000001,106.043583864876,TRUE,,"estimated",TRUE
"pc2001__29__09","labor_force_participation_age15plus",0.545895549814446,0.0191246838070107,519,20,1147100.595,226.925586778094,TRUE,,"estimated",TRUE
"pc2001__29__10","labor_force_participation_age15plus",0.493355584326025,0.0270770136744658,381,16,1130993.735,75.399721535464,FALSE,"low_kish_effective_n","estimated",FALSE
"pc2001__29__11","labor_force_participation_age15plus",0.640582769888695,0.0290475042282486,367,12,1020948.425,99.1813390474389,FALSE,"low_kish_effective_n","estimated",FALSE
"pc2001__29__12","labor_force_participation_age15plus",0.616934181337756,0.042915820597993,631,24,1252243.47,179.330914153657,TRUE,,"estimated",TRUE
"pc2001__29__13","labor_force_participation_age15plus",0.64923110639651,0.0520579784355462,306,12,930197.619999999,91.1914798543167,FALSE,"low_kish_effective_n","estimated",FALSE
"pc2001__29__14","labor_force_participation_age15plus",0.646415378324205,0.0447871339636912,416,16,1394222.655,131.74894625743,TRUE,,"estimated",TRUE
"pc2001__29__15","labor_force_participation_age15plus",0.527820140428335,0.0405802469216845,415,16,1207100.395,131.790783487264,TRUE,,"estimated",TRUE
"pc2001__29__16","labor_force_participation_age15plus",0.557173995540099,0.0499800200002322,336,12,756025.7,119.776159406045,TRUE,,"estimated",TRUE
"pc2001__29__17","labor_force_participation_age15plus",0.620292761917744,0.0388580636594034,255,11,642272.060000001,67.2513549617867,FALSE,"low_kish_effective_n","estimated",FALSE
"pc2001__29__18","labor_force_participation_age15plus",0.686337366076951,0.0338797862948096,531,20,1592596.905,104.340064305038,TRUE,,"estimated",TRUE
"pc2001__29__19","labor_force_participation_age15plus",0.6525322056778,0.0387442753335184,542,20,1900723.465,195.7794172539,TRUE,,"estimated",TRUE
"pc2001__29__20","labor_force_participation_age15plus",0.546566802388535,0.0221515358812568,1521,64,6839035.40000002,457.498242492412,TRUE,,"estimated",TRUE
"pc2001__29__21","labor_force_participation_age15plus",0.681989992350378,0.0327897312578471,497,20,1234557.61,194.085484782732,TRUE,,"estimated",TRUE
"pc2001__29__22","labor_force_participation_age15plus",0.574495154368948,0.0298109852826082,398,16,1259181.195,150.590095488922,TRUE,,"estimated",TRUE
"pc2001__29__23","labor_force_participation_age15plus",0.612788276108064,0.0386685979103411,533,19,1374886.095,120.513948297101,TRUE,,"estimated",TRUE
"pc2001__29__24","labor_force_participation_age15plus",0.700783661626843,0.0404740733918022,494,20,1130010.67,162.965122177142,TRUE,,"estimated",TRUE
"pc2001__29__25","labor_force_participation_age15plus",0.686293263534899,0.0829436804886165,264,12,353283.95,79.3992196895787,FALSE,"low_kish_effective_n","estimated",FALSE
"pc2001__29__26","labor_force_participation_age15plus",0.559313655682097,0.0348141827355199,650,24,1990857.015,187.801867469145,TRUE,,"estimated",TRUE
"pc2001__29__27","labor_force_participation_age15plus",0.648156559387864,0.0524621772413228,298,12,621654.96,71.29507571981,FALSE,"low_kish_effective_n","estimated",FALSE
"pc2001__30__01","labor_force_participation_age15plus",0.407040672628834,0.0273582089285159,788,28,505241.499999999,260.924025510284,TRUE,,"estimated",TRUE
"pc2001__30__02","labor_force_participation_age15plus",0.449368605555682,0.0475434139480496,714,28,684752.62,66.5353635458338,FALSE,"low_kish_effective_n","estimated",FALSE
"pc2001__31__01","labor_force_participation_age15plus",0.580482746868529,0.0387426524171129,765,23,39435.16,345.850813121094,TRUE,,"estimated",TRUE
"pc2001__32__01","labor_force_participation_age15plus",0.601786354099423,0.0524238345456828,649,24,743519.999999998,326.303102954184,TRUE,,"estimated",TRUE
"pc2001__32__02","labor_force_participation_age15plus",0.503943667069442,0.020536478398876,1270,48,1540904.035,624.947997253894,TRUE,,"estimated",TRUE
"pc2001__32__03","labor_force_participation_age15plus",0.523683014761317,0.044263725368781,354,16,549285.01,143.67470789965,TRUE,,"estimated",TRUE
"pc2001__32__04","labor_force_participation_age15plus",0.445946520823873,0.0269305515328728,1435,55,2142405.48,696.781513389916,TRUE,,"estimated",TRUE
"pc2001__32__05","labor_force_participation_age15plus",0.44805163943085,0.0219658649889433,1233,48,2379562.245,578.720907672612,TRUE,,"estimated",TRUE
"pc2001__32__06","labor_force_participation_age15plus",0.477185303465134,0.0203134701978393,1108,44,1902673.675,579.000941635427,TRUE,,"estimated",TRUE
"pc2001__32__07","labor_force_participation_age15plus",0.508754174536515,0.0216825009356261,1338,56,2181959.295,713.738661453151,TRUE,,"estimated",TRUE
"pc2001__32__08","labor_force_participation_age15plus",0.566392738187518,0.0151228895132203,1321,55,2496598.755,753.512760080779,TRUE,,"estimated",TRUE
"pc2001__32__09","labor_force_participation_age15plus",0.704863323406255,0.0408618529318285,459,20,914577.775000001,160.85682301694,TRUE,,"estimated",TRUE
"pc2001__32__10","labor_force_participation_age15plus",0.626973309960325,0.0210327171592389,789,32,1431194.95,451.756143611877,TRUE,,"estimated",TRUE
"pc2001__32__11","labor_force_participation_age15plus",0.548595481927404,0.0198207810904976,894,36,1597847.72,492.240394870086,TRUE,,"estimated",TRUE
"pc2001__32__12","labor_force_participation_age15plus",0.512956116789933,0.0265533366981373,548,24,902683.28,257.114600265876,TRUE,,"estimated",TRUE
"pc2001__32__13","labor_force_participation_age15plus",0.569711538672708,0.0229359204786819,944,40,1764446.745,520.810317334335,TRUE,,"estimated",TRUE
"pc2001__32__14","labor_force_participation_age15plus",0.612169070810842,0.0173894857475317,1392,60,2632793.78499999,800.848257878806,TRUE,,"estimated",TRUE
"pc2001__33__01","labor_force_participation_age15plus",0.482452234412307,0.0274521326525992,843,36,2448139.04000001,327.42747945584,TRUE,,"estimated",TRUE
"pc2001__33__02","labor_force_participation_age15plus",0.448275302863695,0.0224397702524405,1021,44,3334165.24500004,531.894893796863,TRUE,,"estimated",TRUE
"pc2001__33__03","labor_force_participation_age15plus",0.484073044258587,0.0251431584411518,926,40,3115394.48,397.650856243387,TRUE,,"estimated",TRUE
"pc2001__33__04","labor_force_participation_age15plus",0.600753956164116,0.0302917451787534,924,40,2337769.865,350.116017057776,TRUE,,"estimated",TRUE
"pc2001__33__05","labor_force_participation_age15plus",0.618822916203727,0.0341853799380467,874,36,2127480.65,326.501157355028,TRUE,,"estimated",TRUE
"pc2001__33__06","labor_force_participation_age15plus",0.662928335557694,0.0482215880283579,623,28,1471775.285,170.146979483292,TRUE,,"estimated",TRUE
"pc2001__33__07","labor_force_participation_age15plus",0.684122022091327,0.0334029812161929,644,28,2102450.935,206.13805479717,TRUE,,"estimated",TRUE
"pc2001__33__08","labor_force_participation_age15plus",0.719199371909026,0.0192059705812653,890,40,2309200.515,396.791570498502,TRUE,,"estimated",TRUE
"pc2001__33__09","labor_force_participation_age15plus",0.694330743975808,0.0373874304363008,387,20,1103161.68,175.833358873055,TRUE,,"estimated",TRUE
"pc2001__33__10","labor_force_participation_age15plus",0.643237256914903,0.0321906078822656,708,36,2166720.895,258.519116238387,TRUE,,"estimated",TRUE
"pc2001__33__11","labor_force_participation_age15plus",0.587302992130993,0.0304217652092261,368,16,530369.995,133.723210697166,TRUE,,"estimated",TRUE
"pc2001__33__12","labor_force_participation_age15plus",0.599873152746593,0.0216748643784271,1085,55,3896126.92999999,469.83489601716,TRUE,,"estimated",TRUE
"pc2001__33__13","labor_force_participation_age15plus",0.667028072345687,0.0275278354936496,602,28,1328590.08,187.024153670179,TRUE,,"estimated",TRUE
"pc2001__33__14","labor_force_participation_age15plus",0.559916123679448,0.0385949896190508,364,16,793589.889999999,130.983940599323,TRUE,,"estimated",TRUE
"pc2001__33__15","labor_force_participation_age15plus",0.626800432110882,0.0245078339795369,695,32,1574697.67,285.202374767278,TRUE,,"estimated",TRUE
"pc2001__33__16","labor_force_participation_age15plus",0.779046944117315,0.0476551770138178,240,12,308899.62,69.0407839179716,FALSE,"low_kish_effective_n","estimated",FALSE
"pc2001__33__17","labor_force_participation_age15plus",0.664592846882948,0.0535885561431724,272,12,604022.269999999,65.9846095154437,FALSE,"low_kish_effective_n","estimated",FALSE
"pc2001__33__18","labor_force_participation_age15plus",0.620515556431856,0.0514440584034319,685,32,1767427.47,205.773962317071,TRUE,,"estimated",TRUE
"pc2001__33__19","labor_force_participation_age15plus",0.606096475078038,0.0498724690001979,438,20,1173060.155,124.973789887174,TRUE,,"estimated",TRUE
"pc2001__33__20","labor_force_participation_age15plus",0.739268976789567,0.0438747257485116,346,16,843371.579999999,119.308063070596,TRUE,,"estimated",TRUE
"pc2001__33__21","labor_force_participation_age15plus",0.567865993793371,0.0311916193923618,598,28,1581275.415,235.244810872872,TRUE,,"estimated",TRUE
"pc2001__33__22","labor_force_participation_age15plus",0.610963230315745,0.0379034781665769,458,20,1066805.19,194.344775339216,TRUE,,"estimated",TRUE
"pc2001__33__23","labor_force_participation_age15plus",0.707742732581832,0.0518203775082651,436,20,936841.989999999,115.749364564328,TRUE,,"estimated",TRUE
"pc2001__33__24","labor_force_participation_age15plus",0.595804026982531,0.0372027567097521,729,32,2169915.05,285.221170084758,TRUE,,"estimated",TRUE
"pc2001__33__25","labor_force_participation_age15plus",0.718495996251814,0.0477542882734147,344,16,877523.345,123.173187925562,TRUE,,"estimated",TRUE
"pc2001__33__26","labor_force_participation_age15plus",0.716090755322266,0.0294045108193246,474,23,1151783.47,237.309377036831,TRUE,,"estimated",TRUE
"pc2001__33__27","labor_force_participation_age15plus",0.653048361504061,0.0411471462848465,455,20,813059.08,129.657152852846,TRUE,,"estimated",TRUE
"pc2001__33__28","labor_force_participation_age15plus",0.478674285759171,0.0280703238872884,556,24,1354526.145,232.367853916365,TRUE,,"estimated",TRUE
"pc2001__33__29","labor_force_participation_age15plus",0.622594284670418,0.0299810350755639,800,36,1942283.265,307.917887854199,TRUE,,"estimated",TRUE
"pc2001__33__30","labor_force_participation_age15plus",0.406519992531333,0.0201730207184516,543,24,1057564.555,251.962741128072,TRUE,,"estimated",TRUE
"pc2001__34__01","labor_force_participation_age15plus",0.471533923303835,0.0341693525267265,90,4,23730,42.7673494298729,FALSE,"too_few_psus;low_kish_effective_n","estimated",FALSE
"pc2001__34__02","labor_force_participation_age15plus",0.569920391298727,0.0263181997531509,1221,52,606239.635000003,566.341299007093,TRUE,,"estimated",TRUE
"pc2001__34__03","labor_force_participation_age15plus",0.375456261799874,0.0545297045911744,136,4,26814.375,99.7171104908052,FALSE,"too_few_psus;low_kish_effective_n","estimated",FALSE
"pc2001__34__04","labor_force_participation_age15plus",0.562928079908027,0.0410032089123511,254,12,119965.92,116.445599139556,TRUE,,"estimated",TRUE
"pc2001__35__01","labor_force_participation_age15plus",0.582771511067234,0.0145042692650537,1423,64,225055.604999999,781.681192245781,TRUE,,"estimated",TRUE
"pc2001__35__02","labor_force_participation_age15plus",0.580867383799455,0.0640705758457622,166,6,22111.665,64.1209423666055,FALSE,"low_kish_effective_n","estimated",FALSE
"pc2001__01__01","employment_rate_age15plus",0.413410853428629,0.0180245782581227,501,18,237829.085,165.306387638127,TRUE,,"estimated",TRUE
"pc2001__01__02","employment_rate_age15plus",0.550756804126549,0.0360214824294009,1287,38,569994.91,525.676943641173,TRUE,,"estimated",TRUE
"pc2001__01__03","employment_rate_age15plus",0.459480611799417,0.027576299600846,1814,54,690154.300000004,720.951607610235,TRUE,,"estimated",TRUE
"pc2001__01__04","employment_rate_age15plus",0.61693202374616,0.0435016300449011,723,21,370750.425000002,395.021162940513,TRUE,,"estimated",TRUE
"pc2001__01__05","employment_rate_age15plus",0.422416494824718,0.0216650164332817,851,24,531382.185000001,238.669682124971,TRUE,,"estimated",TRUE
"pc2001__01__06","employment_rate_age15plus",0.372705283229693,0.0156659713002546,1640,47,741039.71,740.11631172418,TRUE,,"estimated",TRUE
"pc2001__01__09","employment_rate_age15plus",0.907411841231983,0.00753694032293786,177,8,240533.08,39.7175263560905,FALSE,"low_kish_effective_n","estimated",FALSE
"pc2001__01__10","employment_rate_age15plus",0.673311376789433,0.0369255770462178,802,28,548484.925000001,335.697734457083,TRUE,,"estimated",TRUE
"pc2001__01__12","employment_rate_age15plus",0.782094826666406,0.0401750093857732,92,3,362990.51,63.4386778181706,FALSE,"too_few_psus;low_kish_effective_n","estimated",FALSE
"pc2001__01__13","employment_rate_age15plus",0.535028984693772,0.0326322466816537,2417,84,1270273.9,1059.71065236474,TRUE,,"estimated",TRUE
"pc2001__01__14","employment_rate_age15plus",0.71544673140148,0.0685339220004237,408,16,439393.67,195.146887542769,TRUE,,"estimated",TRUE
"pc2001__02__01","employment_rate_age15plus",0.642542134502404,0.0474733964570707,552,20,352131.25,325.252977143067,TRUE,,"estimated",TRUE
"pc2001__02__02","employment_rate_age15plus",0.687366720735734,0.0252471425901064,1101,44,1010195.59,769.19702577061,TRUE,,"estimated",TRUE
"pc2001__02__03","employment_rate_age15plus",0.868817556705372,0.0396989028526526,173,8,24135.28,91.2236623967777,FALSE,"low_kish_effective_n","estimated",FALSE
"pc2001__02__04","employment_rate_age15plus",0.710907448939138,0.0496864006473825,402,16,289258.975,125.922737487951,TRUE,,"estimated",TRUE
"pc2001__02__05","employment_rate_age15plus",0.680390870444113,0.031007517393773,774,32,617019.28,454.176773828326,TRUE,,"estimated",TRUE
"pc2001__02__06","employment_rate_age15plus",0.836892810187353,0.0205461921668691,480,20,285494.435,330.561979226239,TRUE,,"estimated",TRUE
"pc2001__02__07","employment_rate_age15plus",0.667516688143846,0.0243457068819996,518,20,344156.01,312.951687283699,TRUE,,"estimated",TRUE
"pc2001__02__08","employment_rate_age15plus",0.692844207155876,0.029517008918532,412,16,257761.165,283.471962229605,TRUE,,"estimated",TRUE
"pc2001__02__09","employment_rate_age15plus",0.674145781266368,0.0211857131267829,654,24,398579.264999999,423.310791880456,TRUE,,"estimated",TRUE
"pc2001__02__10","employment_rate_age15plus",0.653614015284697,0.0578601680191706,525,20,303657.334999999,280.90878356228,TRUE,,"estimated",TRUE
"pc2001__02__11","employment_rate_age15plus",0.698487198353861,0.0356310275636642,677,28,493428.535,290.915757253077,TRUE,,"estimated",TRUE
"pc2001__02__12","employment_rate_age15plus",0.775198702658704,0.0297576150701046,169,8,55528.9499999999,105.33586722142,TRUE,,"estimated",TRUE
"pc2001__03__01","employment_rate_age15plus",0.492530358599542,0.0247752063950936,798,28,1518658.245,468.437490202637,TRUE,,"estimated",TRUE
"pc2001__03__02","employment_rate_age15plus",0.514339593636251,0.0219094346087046,1166,40,2035675.19,618.299499368652,TRUE,,"estimated",TRUE
"pc2001__03__03","employment_rate_age15plus",0.386005136529785,0.0395928213958198,440,16,671385.185000001,275.011006867949,TRUE,,"estimated",TRUE
"pc2001__03__04","employment_rate_age15plus",0.448530232526145,0.025249284069022,860,32,1631107.33,409.852583630323,TRUE,,"estimated",TRUE
"pc2001__03__05","employment_rate_age15plus",0.473194575444297,0.0331823433531031,544,20,1188656.98,291.663139219351,TRUE,,"estimated",TRUE
"pc2001__03__06","employment_rate_age15plus",0.518262693195679,0.0233185527307902,324,12,461106.005,227.899211565407,TRUE,,"estimated",TRUE
"pc2001__03__07","employment_rate_age15plus",0.426597993314933,0.0353209348564836,290,11,339920.305,157.874231818122,TRUE,,"estimated",TRUE
"pc2001__03__08","employment_rate_age15plus",0.464931552151458,0.0418556415783939,340,12,347983.18,196.193358196526,TRUE,,"estimated",TRUE
"pc2001__03__09","employment_rate_age15plus",0.47183110560368,0.0261305188931494,1181,44,1972849.34999999,504.896458545665,TRUE,,"estimated",TRUE
"pc2001__03__10","employment_rate_age15plus",0.53284576973266,0.0326192271414405,451,16,488588.565,135.888872191263,TRUE,,"estimated",TRUE
"pc2001__03__11","employment_rate_age15plus",0.539575811093269,0.0364856973589576,797,28,1125963.91,213.036296012684,TRUE,,"estimated",TRUE
"pc2001__03__12","employment_rate_age15plus",0.464569774904477,0.087566607070965,406,16,422688.325,104.13077295293,TRUE,,"estimated",TRUE
"pc2001__03__13","employment_rate_age15plus",0.543313531916792,0.0398932098771019,499,16,506124.565,183.868729555497,TRUE,,"estimated",TRUE
"pc2001__03__14","employment_rate_age15plus",0.699115045095881,0.0317737714915474,493,19,834770.785000001,218.579666425203,TRUE,,"estimated",TRUE
"pc2001__03__15","employment_rate_age15plus",0.780169503622251,0.039441050133464,334,12,489973.01,115.837322466509,TRUE,,"estimated",TRUE
"pc2001__03__16","employment_rate_age15plus",0.567210192959634,0.0389724357833154,814,28,1197097.255,358.240844371578,TRUE,,"estimated",TRUE
"pc2001__03__17","employment_rate_age15plus",0.545612102678356,0.0311665977970341,680,24,1300676.06,312.604903602668,TRUE,,"estimated",TRUE
"pc2001__04__01","employment_rate_age15plus",0.449026323857901,0.0338863360083519,869,39,687524.034999999,288.412305567738,TRUE,,"estimated",TRUE
"pc2001__05__01","employment_rate_age15plus",0.844747236779923,0.033654054188901,281,12,198482.2,108.421210021684,TRUE,,"estimated",TRUE
"pc2001__05__02","employment_rate_age15plus",0.797403493482203,0.0352740099951494,275,12,232078.755,125.837101666468,TRUE,,"estimated",TRUE
"pc2001__05__03","employment_rate_age15plus",0.748094691430821,0.0428158725558761,271,12,165431.865,82.9821025925355,FALSE,"low_kish_effective_n","estimated",FALSE
"pc2001__05__04","employment_rate_age15plus",0.70793369530459,0.0447536735207703,358,15,429440.175,133.912516586898,TRUE,,"estimated",TRUE
"pc2001__05__06","employment_rate_age15plus",0.644250784532509,0.0369077871789377,523,20,460522.660000002,199.596169398804,TRUE,,"estimated",TRUE
"pc2001__05__07","employment_rate_age15plus",0.633410910509178,0.0636487492539025,274,12,296545.555000001,118.613883679751,TRUE,,"estimated",TRUE
"pc2001__05__08","employment_rate_age15plus",0.584363949396918,0.0684066547896428,298,12,180712.705,131.695989181042,TRUE,,"estimated",TRUE
"pc2001__05__09","employment_rate_age15plus",0.623929384273489,0.0767633257062573,380,16,456342.54,168.194975659413,TRUE,,"estimated",TRUE
"pc2001__05__10","employment_rate_age15plus",0.747523964088292,0.0397955843491468,204,8,116009.525,78.514084895081,FALSE,"low_kish_effective_n","estimated",FALSE
"pc2001__05__12","employment_rate_age15plus",0.562288846413493,0.0239942027613084,655,24,834912.115000001,275.729126127265,TRUE,,"estimated",TRUE
"pc2001__05__13","employment_rate_age15plus",0.413638391273462,0.138184306803893,627,24,1270915.07,62.9604714885735,FALSE,"low_kish_effective_n","estimated",FALSE
"pc2001__06__01","employment_rate_age15plus",0.520127424605423,0.0606400075335568,307,12,327756.165,102.392183140983,TRUE,,"estimated",TRUE
"pc2001__06__02","employment_rate_age15plus",0.478621191221441,0.0438860043964626,473,16,757942.955000002,285.571803789242,TRUE,,"estimated",TRUE
"pc2001__06__03","employment_rate_age15plus",0.459713819948158,0.0440112720883222,579,20,742960.24,327.445121718751,TRUE,,"estimated",TRUE
"pc2001__06__04","employment_rate_age15plus",0.591077697007073,0.0251165971242614,351,12,579116.065000001,135.842794967581,TRUE,,"estimated",TRUE
"pc2001__06__05","employment_rate_age15plus",0.568001615878888,0.0323182486890545,355,12,615244.129999999,151.561574625337,TRUE,,"estimated",TRUE
"pc2001__06__06","employment_rate_age15plus",0.588186954627138,0.0475010165979952,562,20,852755.465000002,181.459398627053,TRUE,,"estimated",TRUE
"pc2001__06__07","employment_rate_age15plus",0.587816223540296,0.0404019338357419,434,16,970334.94,229.126357164777,TRUE,,"estimated",TRUE
"pc2001__06__08","employment_rate_age15plus",0.586231459359018,0.0304539909744998,565,20,967189.795000001,243.789856746943,TRUE,,"estimated",TRUE
"pc2001__06__09","employment_rate_age15plus",0.679690277865309,0.027847153331989,558,20,948809.164999997,198.892994738612,TRUE,,"estimated",TRUE
"pc2001__06__10","employment_rate_age15plus",0.514944485941593,0.0384647509044569,341,12,598213.785,117.773044312578,TRUE,,"estimated",TRUE
"pc2001__06__11","employment_rate_age15plus",0.549796025217206,0.0435186967802297,470,16,898055.865000001,157.623179604511,TRUE,,"estimated",TRUE
"pc2001__06__12","employment_rate_age15plus",0.503543503052904,0.0335413001940174,722,24,1119718.945,207.961225129607,TRUE,,"estimated",TRUE
"pc2001__06__13","employment_rate_age15plus",0.514001993152723,0.0305128527374734,639,20,1128112.25,277.300946576764,TRUE,,"estimated",TRUE
"pc2001__06__14","employment_rate_age15plus",0.452012302637206,0.0474364039890809,419,16,525750.69,150.889586247557,TRUE,,"estimated",TRUE
"pc2001__06__15","employment_rate_age15plus",0.5301649515408,0.0200564927345482,339,12,616080.635,180.764448485023,TRUE,,"estimated",TRUE
"pc2001__06__16","employment_rate_age15plus",0.517680291884331,0.0392161664930239,345,12,635446.24,127.703767493858,TRUE,,"estimated",TRUE
"pc2001__06__17","employment_rate_age15plus",0.482599985693235,0.0434028759974454,321,12,611458.98,153.486608643905,TRUE,,"estimated",TRUE
"pc2001__06__18","employment_rate_age15plus",0.585754900746651,0.0622242358939211,393,16,1026713.45,69.9751815669004,FALSE,"low_kish_effective_n","estimated",FALSE
"pc2001__06__19","employment_rate_age15plus",0.483137579574646,0.0334441756861404,759,28,1473085.38,360.50818965772,TRUE,,"estimated",TRUE
"pc2001__07__01","employment_rate_age15plus",0.456998395980853,0.0138333886175644,2079,98,6517755.76500007,1101.9347028914,TRUE,,"estimated",TRUE
"pc2001__07__02","employment_rate_age15plus",0.336357745968091,0,26,1,91188.505,19.5041230586904,FALSE,"too_few_psus;low_kish_effective_n","estimated",FALSE
"pc2001__07__03","employment_rate_age15plus",0.412102563224192,0.0295672422451696,273,12,841884.22,139.922084477361,TRUE,,"estimated",TRUE
"pc2001__07__04","employment_rate_age15plus",0.35750818044139,0.0135212019505286,43,2,63560.1399999999,22.874497490663,FALSE,"too_few_psus;low_kish_effective_n","estimated",FALSE
"pc2001__07__07","employment_rate_age15plus",0.44338236895098,0.14450796940241,50,2,160747.1,38.9307569567282,FALSE,"too_few_psus;low_kish_effective_n","estimated",FALSE
"pc2001__07__08","employment_rate_age15plus",0.380599190181822,0.0808978818315811,90,5,320446.005,34.2733056578937,FALSE,"low_kish_effective_n","estimated",FALSE
"pc2001__07__09","employment_rate_age15plus",0.433949158693856,0.033976020032713,123,6,703192.595000001,66.7299285424359,FALSE,"low_kish_effective_n","estimated",FALSE
"pc2001__08__01","employment_rate_age15plus",0.639422790132777,0.0463677182240736,542,20,1444954.855,176.170560428045,TRUE,,"estimated",TRUE
"pc2001__08__02","employment_rate_age15plus",0.564009639171515,0.0395946632349726,352,12,1206970.95,132.496953351206,TRUE,,"estimated",TRUE
"pc2001__08__03","employment_rate_age15plus",0.603685178918114,0.0254767819384031,525,16,1235898.745,138.714538710226,TRUE,,"estimated",TRUE
"pc2001__08__04","employment_rate_age15plus",0.524509071548674,0.0197487461500663,552,20,1475963.805,265.041800358169,TRUE,,"estimated",TRUE
"pc2001__08__05","employment_rate_age15plus",0.544055488092723,0.0278011649396794,469,16,1139998.095,248.64761842881,TRUE,,"estimated",TRUE
"pc2001__08__06","employment_rate_age15plus",0.5732359278281,0.0565756786047611,460,16,2408485.36,169.398552787934,TRUE,,"estimated",TRUE
"pc2001__08__07","employment_rate_age15plus",0.594081570180856,0.038193862414753,468,16,1685794.595,167.808382088708,TRUE,,"estimated",TRUE
"pc2001__08__08","employment_rate_age15plus",0.529139607180595,0.0638972005202642,331,12,721131.89,152.287855401308,TRUE,,"estimated",TRUE
"pc2001__08__09","employment_rate_age15plus",0.499929235172505,0.0441673193813418,360,12,878720.434999998,175.064401515293,TRUE,,"estimated",TRUE
"pc2001__08__10","employment_rate_age15plus",0.594953346698837,0.0627773774050354,340,12,747099.865,91.823002412059,FALSE,"low_kish_effective_n","estimated",FALSE
"pc2001__08__11","employment_rate_age15plus",0.643021932919298,0.0548644039099501,297,12,951169.095,103.86597064281,TRUE,,"estimated",TRUE
"pc2001__08__12","employment_rate_age15plus",0.563090963113433,0.0200164279378738,1326,48,3442419.27500001,427.288461069814,TRUE,,"estimated",TRUE
"pc2001__08__13","employment_rate_age15plus",0.609820980075616,0.0253332424347955,578,20,1360370.645,167.02743688517,TRUE,,"estimated",TRUE
"pc2001__08__14","employment_rate_age15plus",0.692367424664581,0.0397881059711348,519,20,1663317.025,156.249792769684,TRUE,,"estimated",TRUE
"pc2001__08__15","employment_rate_age15plus",0.59358583094732,0.038378211452076,581,20,1908374.865,233.320507520987,TRUE,,"estimated",TRUE
"pc2001__08__16","employment_rate_age15plus",0.630181213054038,0.0445006252870748,302,12,343452.63,157.789999980219,TRUE,,"estimated",TRUE
"pc2001__08__17","employment_rate_age15plus",0.795772660684291,0.044054501850948,412,16,1077705.54,134.500101860097,TRUE,,"estimated",TRUE
"pc2001__08__18","employment_rate_age15plus",0.743563155498548,0.0368368469087446,392,16,888922.165,125.508413994085,TRUE,,"estimated",TRUE
"pc2001__08__19","employment_rate_age15plus",0.600129345253067,0.0454442905362746,329,12,602225.425,130.097589972623,TRUE,,"estimated",TRUE
"pc2001__08__20","employment_rate_age15plus",0.505767291008846,0.0413905862634229,404,16,1245261.855,194.833508297478,TRUE,,"estimated",TRUE
"pc2001__08__21","employment_rate_age15plus",0.577700669462358,0.0355328267925485,589,20,1548129.615,261.581921822475,TRUE,,"estimated",TRUE
"pc2001__08__22","employment_rate_age15plus",0.671159783522618,0.0574209659209629,310,12,884060.025,151.837918936881,TRUE,,"estimated",TRUE
"pc2001__08__23","employment_rate_age15plus",0.669335136812706,0.0547094794298272,294,12,619927.615,95.8149640318201,FALSE,"low_kish_effective_n","estimated",FALSE
"pc2001__08__24","employment_rate_age15plus",0.73823808406717,0.0281306044530169,383,16,1525644.3,207.734285436407,TRUE,,"estimated",TRUE
"pc2001__08__25","employment_rate_age15plus",0.71610338450175,0.0624319880154971,351,12,727838.3,178.68290884889,TRUE,,"estimated",TRUE
"pc2001__08__26","employment_rate_age15plus",0.643079879864726,0.0514808142368554,527,20,1945338.735,200.41046134518,TRUE,,"estimated",TRUE
"pc2001__08__27","employment_rate_age15plus",0.813083204765775,0.0422477608242931,271,12,705530.5,101.149626582397,TRUE,,"estimated",TRUE
"pc2001__08__28","employment_rate_age15plus",0.686223264659583,0.0456153700490648,429,16,1091996.335,164.235385652117,TRUE,,"estimated",TRUE
"pc2001__08__29","employment_rate_age15plus",0.6651267767062,0.0505379239341139,416,16,1393511.91,218.503915887386,TRUE,,"estimated",TRUE
"pc2001__08__30","employment_rate_age15plus",0.473782818665669,0.0484586722530475,445,16,1419093.915,221.619045074485,TRUE,,"estimated",TRUE
"pc2001__08__31","employment_rate_age15plus",0.693359522959212,0.036832589028716,270,12,624644.28,96.486050016878,FALSE,"low_kish_effective_n","estimated",FALSE
"pc2001__08__32","employment_rate_age15plus",0.560436548439575,0.0362062320505458,333,12,901959.929999999,130.473463400042,TRUE,,"estimated",TRUE
"pc2001__09__01","employment_rate_age15plus",0.46173722146678,0.0249790351832941,624,20,2046229.665,233.296689655099,TRUE,,"estimated",TRUE
"pc2001__09__02","employment_rate_age15plus",0.439570964694988,0.0234499342074843,693,24,2248020.12500001,261.631035118777,TRUE,,"estimated",TRUE
"pc2001__09__03","employment_rate_age15plus",0.405508830002296,0.0400604458586952,565,20,1526474.405,165.285135573033,TRUE,,"estimated",TRUE
"pc2001__09__04","employment_rate_age15plus",0.533489461392526,0.0333354174603762,663,24,2190496.71,230.345679548684,TRUE,,"estimated",TRUE
"pc2001__09__05","employment_rate_age15plus",0.434317254644583,0.0365997828107244,372,12,1182948.765,136.51045044807,TRUE,,"estimated",TRUE
"pc2001__09__06","employment_rate_age15plus",0.569600261645988,0.0722139797169516,299,12,715990.340000001,103.518720092426,TRUE,,"estimated",TRUE
"pc2001__09__07","employment_rate_age15plus",0.373392393355321,0.0470233428089473,527,20,1997957.265,129.668136576874,TRUE,,"estimated",TRUE
"pc2001__09__08","employment_rate_age15plus",0.465955914158227,0.0388199865459749,357,12,754707.15,155.870081062235,TRUE,,"estimated",TRUE
"pc2001__09__09","employment_rate_age15plus",0.503112966218386,0.0283718454168486,589,20,3121700.275,252.143278754768,TRUE,,"estimated",TRUE
"pc2001__09__10","employment_rate_age15plus",0.454113214866432,0.0406884149908542,331,12,1247522.295,129.676545798924,TRUE,,"estimated",TRUE
"pc2001__09__11","employment_rate_age15plus",0.451597774467158,0.0298952246839226,535,20,1834745.335,221.875841173739,TRUE,,"estimated",TRUE
"pc2001__09__12","employment_rate_age15plus",0.437572929368072,0.0287554615167267,444,16,2358900.53000001,193.938041582652,TRUE,,"estimated",TRUE
"pc2001__09__13","employment_rate_age15plus",0.506155939438229,0.0374761715415707,350,12,934629.890000002,189.47311280013,TRUE,,"estimated",TRUE
"pc2001__09__14","employment_rate_age15plus",0.44319888670678,0.0209222394955834,470,16,1246765.88,137.416857789058,TRUE,,"estimated",TRUE
"pc2001__09__15","employment_rate_age15plus",0.40857112781401,0.019625307341762,591,20,2270363.18,220.925639845187,TRUE,,"estimated",TRUE
"pc2001__09__16","employment_rate_age15plus",0.576799309157576,0.0434125354732927,466,16,1514834.59,192.237203138925,TRUE,,"estimated",TRUE
"pc2001__09__17","employment_rate_age15plus",0.608657526914062,0.0393382380506444,416,16,1588870.14,155.648153387325,TRUE,,"estimated",TRUE
"pc2001__09__18","employment_rate_age15plus",0.463356348261913,0.0539182967627082,319,12,991479.65,107.863378394377,TRUE,,"estimated",TRUE
"pc2001__09__19","employment_rate_age15plus",0.482920708137969,0.0210971450996254,662,24,1901952.245,196.337150720291,TRUE,,"estimated",TRUE
"pc2001__09__20","employment_rate_age15plus",0.44535200929033,0.0217005841630855,683,24,2472390.215,330.169191379954,TRUE,,"estimated",TRUE
"pc2001__09__21","employment_rate_age15plus",0.441860758971218,0.0177237878729499,336,12,1216388.815,101.787610014706,TRUE,,"estimated",TRUE
"pc2001__09__22","employment_rate_age15plus",0.448131336948074,0.0219899229415075,374,12,2099552.67,114.218627048746,TRUE,,"estimated",TRUE
"pc2001__09__23","employment_rate_age15plus",0.419478562948942,0.0188448512128882,496,20,2172921.54,164.432873603999,TRUE,,"estimated",TRUE
"pc2001__09__24","employment_rate_age15plus",0.464702990553681,0.026433267337186,487,20,2447661.965,212.633340273494,TRUE,,"estimated",TRUE
"pc2001__09__25","employment_rate_age15plus",0.492591491762286,0.0385903609011873,503,20,2174116.5,147.195825040277,TRUE,,"estimated",TRUE
"pc2001__09__26","employment_rate_age15plus",0.707242255398113,0.0433133483024362,399,16,1831860.625,95.79913123169,FALSE,"low_kish_effective_n","estimated",FALSE
"pc2001__09__27","employment_rate_age15plus",0.457949076551384,0.0298529344914224,705,24,3316255.175,184.174760245271,TRUE,,"estimated",TRUE
"pc2001__09__28","employment_rate_age15plus",0.485689673201557,0.0307826613650738,518,20,2016419.185,172.021974397717,TRUE,,"estimated",TRUE
"pc2001__09__29","employment_rate_age15plus",0.535219817885038,0.0342557928415875,273,11,818036.030000001,92.3675353822194,FALSE,"low_kish_effective_n","estimated",FALSE
"pc2001__09__30","employment_rate_age15plus",0.428536474596053,0.0292287260881989,332,12,922314.875,120.099786072769,TRUE,,"estimated",TRUE
"pc2001__09__31","employment_rate_age15plus",0.51563617469846,0.0310078991155552,322,12,889027.065000002,116.031111045878,TRUE,,"estimated",TRUE
"pc2001__09__32","employment_rate_age15plus",0.461246660295904,0.0320547884431737,307,12,789214.755,103.736142144108,TRUE,,"estimated",TRUE
"pc2001__09__33","employment_rate_age15plus",0.543613188022151,0.060616985626501,299,12,858277.145,68.6295943717387,FALSE,"low_kish_effective_n","estimated",FALSE
"pc2001__09__34","employment_rate_age15plus",0.450619314109496,0.0289280626523359,678,24,2378926.505,294.752581325286,TRUE,,"estimated",TRUE
"pc2001__09__35","employment_rate_age15plus",0.582449366683392,0.0457391641742997,362,12,1086775.54,185.792559671356,TRUE,,"estimated",TRUE
"pc2001__09__36","employment_rate_age15plus",0.513902488453549,0.037480652144694,491,16,1562595.975,264.672592223656,TRUE,,"estimated",TRUE
"pc2001__09__37","employment_rate_age15plus",0.680015972765375,0.0383496337266404,339,12,636395.749999999,149.647698249084,TRUE,,"estimated",TRUE
"pc2001__09__38","employment_rate_age15plus",0.672147371632458,0.0340274906541702,362,12,820890.14,211.861571216957,TRUE,,"estimated",TRUE
"pc2001__09__39","employment_rate_age15plus",0.667181565565103,0.0392281846956497,329,12,434081.98,190.044789038443,TRUE,,"estimated",TRUE
"pc2001__09__40","employment_rate_age15plus",0.618948049841324,0.0303350677448572,300,12,820654.374999999,100.011759874791,TRUE,,"estimated",TRUE
"pc2001__09__41","employment_rate_age15plus",0.694078120371847,0.0552849065094939,332,12,476617.674999999,99.1122559500564,FALSE,"low_kish_effective_n","estimated",FALSE
"pc2001__09__42","employment_rate_age15plus",0.719891460977674,0.0593741366748567,317,12,1555571.41,90.5428587168708,FALSE,"low_kish_effective_n","estimated",FALSE
"pc2001__09__43","employment_rate_age15plus",0.516021170991502,0.0337505479815867,571,20,1663344.865,223.824689651212,TRUE,,"estimated",TRUE
"pc2001__09__44","employment_rate_age15plus",0.725322900055948,0.0536774908499863,275,12,657579.244999999,78.2757352505449,FALSE,"low_kish_effective_n","estimated",FALSE
"pc2001__09__45","employment_rate_age15plus",0.577894040987747,0.0302276955092312,613,24,2878090.155,285.193208471271,TRUE,,"estimated",TRUE
"pc2001__09__46","employment_rate_age15plus",0.583095668733573,0.0354676919832411,541,20,1914090.98,142.989162189555,TRUE,,"estimated",TRUE
"pc2001__09__47","employment_rate_age15plus",0.635329582230052,0.0479443487595885,362,12,1131090.335,126.293877680271,TRUE,,"estimated",TRUE
"pc2001__09__48","employment_rate_age15plus",0.566859739206378,0.064446670253654,402,12,1196873.985,140.510254321351,TRUE,,"estimated",TRUE
"pc2001__09__49","employment_rate_age15plus",0.479341275292045,0.0459152608685408,580,20,2012637.42500001,182.22819274576,TRUE,,"estimated",TRUE
"pc2001__09__50","employment_rate_age15plus",0.506214539824133,0.031806452097829,296,12,1486023.545,70.5168293802356,FALSE,"low_kish_effective_n","estimated",FALSE
"pc2001__09__51","employment_rate_age15plus",0.518959874361698,0.0458658570416288,341,12,529138,52.5291930781827,FALSE,"low_kish_effective_n","estimated",FALSE
"pc2001__09__52","employment_rate_age15plus",0.536588740149487,0.0478369396185561,350,12,1237873.45,94.2312632890182,FALSE,"low_kish_effective_n","estimated",FALSE
"pc2001__09__53","employment_rate_age15plus",0.511686291736152,0.0257347557555855,573,20,1513550.055,136.307476806026,TRUE,,"estimated",TRUE
"pc2001__09__54","employment_rate_age15plus",0.595372107561592,0.0560023957227275,338,12,1109544.37,89.691237804087,FALSE,"low_kish_effective_n","estimated",FALSE
"pc2001__09__55","employment_rate_age15plus",0.592831924456653,0.0684201620300942,341,12,1303914.69,124.046438759691,TRUE,,"estimated",TRUE
"pc2001__09__56","employment_rate_age15plus",0.491363800800311,0.0304187995963394,300,12,886939.940000002,104.29193913808,TRUE,,"estimated",TRUE
"pc2001__09__57","employment_rate_age15plus",0.651242298286429,0.0422308875863497,350,12,1269862.695,114.061712149072,TRUE,,"estimated",TRUE
"pc2001__09__58","employment_rate_age15plus",0.537306296035204,0.0336261350249645,670,23,2395205.55500001,278.049991634055,TRUE,,"estimated",TRUE
"pc2001__09__59","employment_rate_age15plus",0.56773438022842,0.0342272149124304,547,20,1866451.27,216.806179546778,TRUE,,"estimated",TRUE
"pc2001__09__60","employment_rate_age15plus",0.49057964404821,0.0320288785808478,602,20,1816124.315,257.95364509329,TRUE,,"estimated",TRUE
"pc2001__09__61","employment_rate_age15plus",0.582461986016894,0.0462095178046657,628,20,2113615.65999999,213.287593723279,TRUE,,"estimated",TRUE
"pc2001__09__62","employment_rate_age15plus",0.669100763173957,0.0460543573685271,343,12,951024.329999999,153.245593860437,TRUE,,"estimated",TRUE
"pc2001__09__63","employment_rate_age15plus",0.573337855787181,0.0352207777361433,575,20,1290155.05,161.126177033835,TRUE,,"estimated",TRUE
"pc2001__09__64","employment_rate_age15plus",0.560851077674577,0.0342410079358613,626,20,2297200.195,276.602510462067,TRUE,,"estimated",TRUE
"pc2001__09__65","employment_rate_age15plus",0.640482566358873,0.033175344160713,587,20,1728259.305,143.735711868525,TRUE,,"estimated",TRUE
"pc2001__09__66","employment_rate_age15plus",0.649736839527662,0.0612667996175781,320,12,924461.594999998,95.4373797636963,FALSE,"low_kish_effective_n","estimated",FALSE
"pc2001__09__67","employment_rate_age15plus",0.504986036534991,0.0332633384555759,574,20,1844141.12,265.506735232385,TRUE,,"estimated",TRUE
"pc2001__09__68","employment_rate_age15plus",0.561774429102535,0.0815422535052815,353,12,783913.315000002,132.886645103838,TRUE,,"estimated",TRUE
"pc2001__09__69","employment_rate_age15plus",0.553571420730484,0.0413048467111721,312,12,1514485.735,133.033631490891,TRUE,,"estimated",TRUE
"pc2001__09__70","employment_rate_age15plus",0.597908611002043,0.0394676928311241,288,12,743737.775,93.5950390084433,FALSE,"low_kish_effective_n","estimated",FALSE
"pc2001__10__01","employment_rate_age15plus",0.379763800220915,0.0317001886533705,441,16,1946020.025,118.800492316142,TRUE,,"estimated",TRUE
"pc2001__10__02","employment_rate_age15plus",0.394066021989706,0.0280125870908135,581,20,2371347.345,162.928885194377,TRUE,,"estimated",TRUE
"pc2001__10__03","employment_rate_age15plus",0.437432268777577,0.0662748041920258,283,12,254895.37,42.1104308065306,FALSE,"low_kish_effective_n","estimated",FALSE
"pc2001__10__04","employment_rate_age15plus",0.454712416970026,0.022373878786458,362,16,1434920.03,98.4809386309438,FALSE,"low_kish_effective_n","estimated",FALSE
"pc2001__10__05","employment_rate_age15plus",0.450984585576848,0.0239208450043202,449,20,1763056.245,126.86615140069,TRUE,,"estimated",TRUE
"pc2001__10__06","employment_rate_age15plus",0.388558663187196,0.0340117811016387,259,12,892375.355,60.9111588685013,FALSE,"low_kish_effective_n","estimated",FALSE
"pc2001__10__07","employment_rate_age15plus",0.537504387141335,0.0666125958362006,339,16,1023360.01,64.9081214457714,FALSE,"low_kish_effective_n","estimated",FALSE
"pc2001__10__08","employment_rate_age15plus",0.506449826022901,0.0656919492772193,225,12,544488.33,56.5456364521143,FALSE,"low_kish_effective_n","estimated",FALSE
"pc2001__10__09","employment_rate_age15plus",0.520508754522263,0.0444081458099267,344,16,1232238.285,69.1151129976191,FALSE,"low_kish_effective_n","estimated",FALSE
"pc2001__10__10","employment_rate_age15plus",0.454378743093434,0.0419049772472221,356,16,1213075.85,72.5115899435084,FALSE,"low_kish_effective_n","estimated",FALSE
"pc2001__10__11","employment_rate_age15plus",0.622325812172305,0.0611069650289421,247,12,860450.264999999,43.5962024823902,FALSE,"low_kish_effective_n","estimated",FALSE
"pc2001__10__12","employment_rate_age15plus",0.465245120691679,0.0532709337099678,289,12,909739.599999999,101.637540385577,TRUE,,"estimated",TRUE
"pc2001__10__13","employment_rate_age15plus",0.421994948490207,0.0278227595683731,443,20,1784215.09,134.967204140606,TRUE,,"estimated",TRUE
"pc2001__10__14","employment_rate_age15plus",0.457718085732336,0.0376265419119189,523,20,2195801.6,135.4433417439,TRUE,,"estimated",TRUE
"pc2001__10__15","employment_rate_age15plus",0.417353701939234,0.0300799951949606,496,16,1574478.235,83.1081901559819,FALSE,"low_kish_effective_n","estimated",FALSE
"pc2001__10__16","employment_rate_age15plus",0.376475634595415,0.0331425112699976,516,16,1683228.36,148.335480260422,TRUE,,"estimated",TRUE
"pc2001__10__17","employment_rate_age15plus",0.402884227137836,0.0287681234034374,605,20,2210083.22,209.545708886233,TRUE,,"estimated",TRUE
"pc2001__10__18","employment_rate_age15plus",0.475732584410721,0.0256230392847495,438,16,1779252.815,159.374339335923,TRUE,,"estimated",TRUE
"pc2001__10__19","employment_rate_age15plus",0.454068641894427,0.0216780299931123,526,20,2197142.74,199.829182178804,TRUE,,"estimated",TRUE
"pc2001__10__20","employment_rate_age15plus",0.405967567243992,0.0455637281732008,359,16,1347781.545,99.377610834524,FALSE,"low_kish_effective_n","estimated",FALSE
"pc2001__10__21","employment_rate_age15plus",0.536256579335982,0.0277160777283721,318,12,675899.325,49.839567443047,FALSE,"low_kish_effective_n","estimated",FALSE
"pc2001__10__22","employment_rate_age15plus",0.55238818189883,0.0414405239274459,286,14,1197109.4,94.2117789582203,FALSE,"low_kish_effective_n","estimated",FALSE
"pc2001__10__23","employment_rate_age15plus",0.614918403263498,0.039078524456703,265,12,902207.345,89.876940534068,FALSE,"low_kish_effective_n","estimated",FALSE
"pc2001__10__24","employment_rate_age15plus",0.536403486645566,0.0431869846737104,296,11,678320.74,89.4612368766219,FALSE,"low_kish_effective_n","estimated",FALSE
"pc2001__10__25","employment_rate_age15plus",0.531039354863577,0.0350445605323722,253,11,435200.975,68.2325436524872,FALSE,"low_kish_effective_n","estimated",FALSE
"pc2001__10__26","employment_rate_age15plus",0.602257521765441,0.0665989966047015,254,12,251856.265,77.7350894358705,FALSE,"low_kish_effective_n","estimated",FALSE
"pc2001__10__27","employment_rate_age15plus",0.56946657717098,0.0698072586662911,423,16,1319125.02,88.3291527449408,FALSE,"low_kish_effective_n","estimated",FALSE
"pc2001__10__28","employment_rate_age15plus",0.457173730013662,0.0264147262498374,747,28,3438617.7,269.065012153589,TRUE,,"estimated",TRUE
"pc2001__10__29","employment_rate_age15plus",0.523350593244862,0.0310236213172073,464,16,1262957.42,122.167953881894,TRUE,,"estimated",TRUE
"pc2001__10__30","employment_rate_age15plus",0.487322800615638,0.0413114438134172,344,12,800948.395000001,92.0422206777047,FALSE,"low_kish_effective_n","estimated",FALSE
"pc2001__10__31","employment_rate_age15plus",0.465725206390909,0.0374653344072314,326,12,896397.885000002,70.5789580855409,FALSE,"low_kish_effective_n","estimated",FALSE
"pc2001__10__32","employment_rate_age15plus",0.477718454778042,0.0215064154410948,428,16,1301983.31,137.030669313156,TRUE,,"estimated",TRUE
"pc2001__10__33","employment_rate_age15plus",0.37915298770514,0.0219230416358858,311,12,682908.504999998,144.602082037359,TRUE,,"estimated",TRUE
"pc2001__10__34","employment_rate_age15plus",0.445941723704047,0.0183377788648458,297,12,1188781.8,76.2005042899164,FALSE,"low_kish_effective_n","estimated",FALSE
"pc2001__10__35","employment_rate_age15plus",0.437418531195602,0.0185955111395098,430,20,1984989.085,142.138953593423,TRUE,,"estimated",TRUE
"pc2001__10__36","employment_rate_age15plus",0.452659225084518,0.0319135999221839,291,12,830444.37,65.5186080412217,FALSE,"low_kish_effective_n","estimated",FALSE
"pc2001__10__37","employment_rate_age15plus",0.563083200872811,0.0559109665227436,335,12,886286.074999999,91.8802249878372,FALSE,"low_kish_effective_n","estimated",FALSE
"pc2001__11__01","employment_rate_age15plus",0.554617789209233,0.0375374006316679,242,12,28597.505,75.583026773836,FALSE,"low_kish_effective_n","estimated",FALSE
"pc2001__11__02","employment_rate_age15plus",0.688732935047816,0.0361069577266756,537,24,77445.28,183.233271247949,TRUE,,"estimated",TRUE
"pc2001__11__03","employment_rate_age15plus",0.574176400799008,0.0431663826554454,545,24,89951.5199999999,221.669148819766,TRUE,,"estimated",TRUE
"pc2001__11__04","employment_rate_age15plus",0.622884067384369,0.0223268634836159,829,36,178816.245,346.760119528289,TRUE,,"estimated",TRUE
"pc2001__12__01","employment_rate_age15plus",0.371022210945634,0.115792311427915,182,8,26564.38,90.4082845125495,FALSE,"low_kish_effective_n","estimated",FALSE
"pc2001__12__02","employment_rate_age15plus",0.632551281934048,0.0407750103919509,227,10,25698.865,154.755174830831,TRUE,,"estimated",TRUE
"pc2001__12__03","employment_rate_age15plus",0.656401136132524,0.0559500443613544,256,12,39458.425,163.087227919775,TRUE,,"estimated",TRUE
"pc2001__12__04","employment_rate_age15plus",0.464397934045984,0.0347094670685684,705,32,62652.8950000001,401.52330646466,TRUE,,"estimated",TRUE
"pc2001__12__05","employment_rate_age15plus",0.467014657643734,0.0687283184328608,272,12,50496.52,173.798670995189,TRUE,,"estimated",TRUE
"pc2001__12__06","employment_rate_age15plus",0.61308960649426,0.060569107816105,249,12,32279.58,147.634882295579,TRUE,,"estimated",TRUE
"pc2001__12__07","employment_rate_age15plus",0.582904026427106,0.045973739792902,534,20,71871.66,371.649803052369,TRUE,,"estimated",TRUE
"pc2001__12__08","employment_rate_age15plus",0.409491571936462,0.0272731049676485,580,20,58522.3399999998,319.142901803815,TRUE,,"estimated",TRUE
"pc2001__12__09","employment_rate_age15plus",0.733638645362955,0.0512559478592274,106,4,18347.35,48.785254884782,FALSE,"too_few_psus;low_kish_effective_n","estimated",FALSE
"pc2001__12__10","employment_rate_age15plus",0.484351286278002,0.0516303955988758,402,16,38549.015,167.553395367348,TRUE,,"estimated",TRUE
"pc2001__12__11","employment_rate_age15plus",0.527022319329994,0.0517169973835594,526,18,78135.41,196.081327815713,TRUE,,"estimated",TRUE
"pc2001__12__12","employment_rate_age15plus",0.659874162577967,0.0796041436535238,414,15,90968.1699999999,156.035341959166,TRUE,,"estimated",TRUE
"pc2001__12__13","employment_rate_age15plus",0.730199771794827,0.043415847743134,464,16,63131.785,181.771752721269,TRUE,,"estimated",TRUE
"pc2001__13__01","employment_rate_age15plus",0.781683805693678,0.0439583906414942,328,12,55141.695,136.144369167152,TRUE,,"estimated",TRUE
"pc2001__13__02","employment_rate_age15plus",0.447321089058915,0.0501855499096139,613,20,101603.135,261.598592045817,TRUE,,"estimated",TRUE
"pc2001__13__03","employment_rate_age15plus",0.399214629742241,0.0766776148771024,353,12,140971.725,148.139349851483,TRUE,,"estimated",TRUE
"pc2001__13__04","employment_rate_age15plus",0.639315588292136,0.0549880427032056,310,12,44059.445,149.569079726749,TRUE,,"estimated",TRUE
"pc2001__13__05","employment_rate_age15plus",0.630484431335166,0.0425623327759698,320,12,44521.48,124.917667981126,TRUE,,"estimated",TRUE
"pc2001__13__06","employment_rate_age15plus",0.394586169134316,0.0344320505554303,433,16,132494.165,266.7160147247,TRUE,,"estimated",TRUE
"pc2001__13__07","employment_rate_age15plus",0.511409971007642,0.0298051756113639,688,24,169129.045,317.258196286345,TRUE,,"estimated",TRUE
"pc2001__13__08","employment_rate_age15plus",0.667053242948493,0.0559431718062721,331,12,61389.35,142.952512437811,TRUE,,"estimated",TRUE
"pc2001__14__01","employment_rate_age15plus",0.625016897741015,0.0444923165542307,504,16,138332.1,228.784288087842,TRUE,,"estimated",TRUE
"pc2001__14__02","employment_rate_age15plus",0.617897523709273,0.0307237277211803,518,12,74594.2300000001,242.530437900995,TRUE,,"estimated",TRUE
"pc2001__14__03","employment_rate_age15plus",0.680107834937974,0.042920581182441,642,24,130020.94,250.933996246722,TRUE,,"estimated",TRUE
"pc2001__14__04","employment_rate_age15plus",0.425411434123274,0.0221386687493598,989,36,138785.28,298.286505286428,TRUE,,"estimated",TRUE
"pc2001__14__05","employment_rate_age15plus",0.46595725465265,0.0155969939715711,1400,60,202738.79,558.687341609546,TRUE,,"estimated",TRUE
"pc2001__14__06","employment_rate_age15plus",0.482596197891546,0.015331068333031,2637,100,326848.12,1044.96936531968,TRUE,,"estimated",TRUE
"pc2001__14__07","employment_rate_age15plus",0.491872537196084,0.0337153360479259,1028,40,193557.33,569.416085995041,TRUE,,"estimated",TRUE
"pc2001__14__08","employment_rate_age15plus",0.470958712496665,0.0227026752038973,497,16,95097.5399999997,270.443284875764,TRUE,,"estimated",TRUE
"pc2001__14__09","employment_rate_age15plus",0.484284768669668,0.024161453311341,464,16,80295.35,269.113269724964,TRUE,,"estimated",TRUE
"pc2001__15__01","employment_rate_age15plus",0.653357423190776,0.0581115800235112,300,12,42208.635,124.601235159948,TRUE,,"estimated",TRUE
"pc2001__15__02","employment_rate_age15plus",0.795770222118019,0.031891281710807,275,11,33375.275,112.288476953148,TRUE,,"estimated",TRUE
"pc2001__15__03","employment_rate_age15plus",0.609502323205106,0.0213592184355737,1947,76,182412.865000001,1092.64743019308,TRUE,,"estimated",TRUE
"pc2001__15__04","employment_rate_age15plus",0.730757714722655,0.0375482517858787,605,24,71889.6549999999,212.833716004113,TRUE,,"estimated",TRUE
"pc2001__15__05","employment_rate_age15plus",0.80087098748213,0.0323791118630022,306,12,36457.4699999999,121.61586306229,TRUE,,"estimated",TRUE
"pc2001__15__06","employment_rate_age15plus",0.597953838111747,0.0267575070949248,743,32,77974.2799999999,325.8753840576,TRUE,,"estimated",TRUE
"pc2001__15__07","employment_rate_age15plus",0.651954162073324,0.0309958575694064,283,12,47800.155,150.04277923613,TRUE,,"estimated",TRUE
"pc2001__15__08","employment_rate_age15plus",0.636326218606127,0.0389099906079814,320,12,30199.565,129.244154419518,TRUE,,"estimated",TRUE
"pc2001__16__01","employment_rate_age15plus",0.519192945008707,0.0131026036492038,2732,112,1191452.64,1060.78005652055,TRUE,,"estimated",TRUE
"pc2001__16__02","employment_rate_age15plus",0.476606597400727,0.0198398446217261,1192,52,521732.14,472.243364914231,TRUE,,"estimated",TRUE
"pc2001__16__03","employment_rate_age15plus",0.479778493558884,0.0269435693766211,651,28,259987.925,278.682419553512,TRUE,,"estimated",TRUE
"pc2001__16__04","employment_rate_age15plus",0.548055384449919,0.0249768750975515,1032,40,475494.115000002,380.479330238865,TRUE,,"estimated",TRUE
"pc2001__17__01","employment_rate_age15plus",0.716618064424991,0.0259610921067798,836,32,352106.529999999,351.436627152285,TRUE,,"estimated",TRUE
"pc2001__17__02","employment_rate_age15plus",0.745803363308966,0.0524332423076983,444,16,188012.165,200.776159014058,TRUE,,"estimated",TRUE
"pc2001__17__03","employment_rate_age15plus",0.732338400471735,0.0387521300251323,333,12,95756.5450000002,133.435090517075,TRUE,,"estimated",TRUE
"pc2001__17__04","employment_rate_age15plus",0.619302489652201,0.0568605775626184,617,20,211805.889999999,312.84964764562,TRUE,,"estimated",TRUE
"pc2001__17__05","employment_rate_age15plus",0.623057985896197,0.0346675787428619,425,16,149010.89,164.992940175556,TRUE,,"estimated",TRUE
"pc2001__17__06","employment_rate_age15plus",0.60648856258412,0.0258552132201804,1096,43,458781.735000001,474.659439203631,TRUE,,"estimated",TRUE
"pc2001__17__07","employment_rate_age15plus",0.649881316669405,0.0405405877211016,595,20,191562.285,283.09061574768,TRUE,,"estimated",TRUE
"pc2001__18__01","employment_rate_age15plus",0.477275956887146,0.0547835972814359,345,15,477400.08,96.9114650069773,FALSE,"low_kish_effective_n","estimated",FALSE
"pc2001__18__02","employment_rate_age15plus",0.487418713998513,0.0361920645033336,500,20,1428278.675,134.947329797817,TRUE,,"estimated",TRUE
"pc2001__18__03","employment_rate_age15plus",0.503377259390286,0.0343606790837717,378,16,410270.53,119.869499742244,TRUE,,"estimated",TRUE
"pc2001__18__04","employment_rate_age15plus",0.444857108701824,0.0321227009637788,285,12,227657.495,99.3204128177851,FALSE,"low_kish_effective_n","estimated",FALSE
"pc2001__18__05","employment_rate_age15plus",0.4882852881656,0.0249896327039623,614,24,1013460.055,243.902496617422,TRUE,,"estimated",TRUE
"pc2001__18__06","employment_rate_age15plus",0.406378190032057,0.0248760940568683,555,20,1122282.805,247.821491236431,TRUE,,"estimated",TRUE
"pc2001__18__07","employment_rate_age15plus",0.472563820381188,0.0398549778446601,280,12,449744.649999999,96.1976522012048,FALSE,"low_kish_effective_n","estimated",FALSE
"pc2001__18__08","employment_rate_age15plus",0.552390519008165,0.0404959502028921,431,16,422067.444999999,136.693428193683,TRUE,,"estimated",TRUE
"pc2001__18__09","employment_rate_age15plus",0.526825564247362,0.0403695289017356,418,16,694599.834999999,91.3240224835886,FALSE,"low_kish_effective_n","estimated",FALSE
"pc2001__18__10","employment_rate_age15plus",0.515941183652431,0.030898990527235,678,24,1545073.16,246.215778330402,TRUE,,"estimated",TRUE
"pc2001__18__11","employment_rate_age15plus",0.580622370131991,0.0346270555691412,666,24,1165250.97,231.987945269436,TRUE,,"estimated",TRUE
"pc2001__18__12","employment_rate_age15plus",0.658176117754309,0.0411367834675329,418,16,688503.384999999,113.087549367405,TRUE,,"estimated",TRUE
"pc2001__18__13","employment_rate_age15plus",0.629990113537251,0.055193846416483,350,12,502323.24,136.9341690326,TRUE,,"estimated",TRUE
"pc2001__18__14","employment_rate_age15plus",0.518441939145815,0.0429856562245054,483,16,862714.184999998,164.769403740769,TRUE,,"estimated",TRUE
"pc2001__18__15","employment_rate_age15plus",0.604545677933083,0.063663906749332,419,16,868242.110000001,172.003937249749,TRUE,,"estimated",TRUE
"pc2001__18__16","employment_rate_age15plus",0.428257225403264,0.0301434300796718,477,16,768799.65,193.829749840385,TRUE,,"estimated",TRUE
"pc2001__18__17","employment_rate_age15plus",0.502880375520436,0.0436186296999985,482,16,788060.440000001,165.899549928973,TRUE,,"estimated",TRUE
"pc2001__18__18","employment_rate_age15plus",0.530445545875012,0.0410571145827042,382,16,565130.695,103.64435970138,TRUE,,"estimated",TRUE
"pc2001__18__19","employment_rate_age15plus",0.582368596396618,0.0392444339438912,419,16,544103.420000001,212.077591991947,TRUE,,"estimated",TRUE
"pc2001__18__20","employment_rate_age15plus",0.536925912642189,0.0390146084607422,299,12,175304.875,154.730647524084,TRUE,,"estimated",TRUE
"pc2001__18__21","employment_rate_age15plus",0.583160215246484,0.0373678613164802,442,20,801702.29,263.68338426398,TRUE,,"estimated",TRUE
"pc2001__18__22","employment_rate_age15plus",0.555304759917079,0.0420388176033508,427,16,697653.014999998,142.003239723368,TRUE,,"estimated",TRUE
"pc2001__18__23","employment_rate_age15plus",0.450302279963153,0.0434429894998401,296,12,317819.61,117.666443000344,TRUE,,"estimated",TRUE
"pc2001__19__01","employment_rate_age15plus",0.495340716965564,0.0375801903731712,517,20,1145978.89,162.790739076607,TRUE,,"estimated",TRUE
"pc2001__19__02","employment_rate_age15plus",0.473217789435613,0.0255717866584479,761,32,2119901.655,200.019724706968,TRUE,,"estimated",TRUE
"pc2001__19__03","employment_rate_age15plus",0.503070053176065,0.0225900876460175,619,24,1774115.85,149.7433653247,TRUE,,"estimated",TRUE
"pc2001__19__04","employment_rate_age15plus",0.53729447558097,0.0298633799304393,604,24,1652929.195,217.855178868351,TRUE,,"estimated",TRUE
"pc2001__19__05","employment_rate_age15plus",0.494718407177236,0.023634153780703,502,20,1072694.865,101.163182616723,TRUE,,"estimated",TRUE
"pc2001__19__06","employment_rate_age15plus",0.551363938212028,0.0289085401171338,775,32,2290380.695,237.156052519147,TRUE,,"estimated",TRUE
"pc2001__19__07","employment_rate_age15plus",0.527646721720457,0.0264143692550143,1141,48,3712627.795,353.964299293634,TRUE,,"estimated",TRUE
"pc2001__19__08","employment_rate_age15plus",0.445633552517121,0.026177523475999,620,28,1870309.39500001,177.342018628424,TRUE,,"estimated",TRUE
"pc2001__19__09","employment_rate_age15plus",0.491968706602039,0.016647758713686,1772,68,4898941.31,614.603299583286,TRUE,,"estimated",TRUE
"pc2001__19__10","employment_rate_age15plus",0.625254617554924,0.0359114270913733,987,44,3309335.83999999,294.347610769637,TRUE,,"estimated",TRUE
"pc2001__19__11","employment_rate_age15plus",0.519946986839092,0.0156264737511449,2223,92,6394525.32499998,765.669412026116,TRUE,,"estimated",TRUE
"pc2001__19__12","employment_rate_age15plus",0.46661813988714,0.0177089967124205,1204,52,3501159.6,384.886807229146,TRUE,,"estimated",TRUE
"pc2001__19__13","employment_rate_age15plus",0.547020270498551,0.032940064791983,705,32,1920510.485,239.849397397678,TRUE,,"estimated",TRUE
"pc2001__19__14","employment_rate_age15plus",0.553925916950925,0.0247766945365421,621,28,1435757.32,219.470917197594,TRUE,,"estimated",TRUE
"pc2001__19__16","employment_rate_age15plus",0.543789673665986,0.0214129607496578,1153,48,2652089.01500001,334.672204063389,TRUE,,"estimated",TRUE
"pc2001__19__17","employment_rate_age15plus",0.451388268262078,0.0201684624347202,1281,60,2754831.40000001,670.948536591079,TRUE,,"estimated",TRUE
"pc2001__19__18","employment_rate_age15plus",0.508331707563171,0.0207472585216515,1463,56,5230546.63999999,510.823134648746,TRUE,,"estimated",TRUE
"pc2001__20__01","employment_rate_age15plus",0.424227874315295,0.0220619792888438,374,16,601325.515,140.586570526032,TRUE,,"estimated",TRUE
"pc2001__20__02","employment_rate_age15plus",0.442855349576323,0.0429436901644057,713,28,1318732.19,158.264084529559,TRUE,,"estimated",TRUE
"pc2001__20__03","employment_rate_age15plus",0.524162144600889,0.0740452542070838,315,12,476478.4,122.394850106998,TRUE,,"estimated",TRUE
"pc2001__20__04","employment_rate_age15plus",0.507669736384106,0.059615034063433,532,20,1428869.84,152.484949690069,TRUE,,"estimated",TRUE
"pc2001__20__05","employment_rate_age15plus",0.391668493886931,0.0263472502848097,322,12,328322.03,183.008584585184,TRUE,,"estimated",TRUE
"pc2001__20__06","employment_rate_age15plus",0.400889521581875,0.0316975795960767,462,16,1047164.025,122.599831039818,TRUE,,"estimated",TRUE
"pc2001__20__07","employment_rate_age15plus",0.557980678813364,0.0507736696258916,353,16,657022.274999999,157.198888262136,TRUE,,"estimated",TRUE
"pc2001__20__08","employment_rate_age15plus",0.501670922449712,0.0243933043847435,361,16,494333.235000001,108.105716988636,TRUE,,"estimated",TRUE
"pc2001__20__09","employment_rate_age15plus",0.616152194367926,0.119332877778726,239,12,500183.555,51.6797361129141,FALSE,"low_kish_effective_n","estimated",FALSE
"pc2001__20__10","employment_rate_age15plus",0.645474212101908,0.0926585215955768,300,12,480673.045,78.6863741095986,FALSE,"low_kish_effective_n","estimated",FALSE
"pc2001__20__11","employment_rate_age15plus",0.691314136896227,0.0418133159979639,708,28,1029802.035,173.918759194664,TRUE,,"estimated",TRUE
"pc2001__20__12","employment_rate_age15plus",0.424873457690049,0.0222273037104826,648,24,1615788.625,338.731429719697,TRUE,,"estimated",TRUE
"pc2001__20__13","employment_rate_age15plus",0.48220663858577,0.0326958547892546,625,24,1030101.175,265.214728871716,TRUE,,"estimated",TRUE
"pc2001__20__14","employment_rate_age15plus",0.626229222426801,0.0361799472190648,619,24,1558803.015,196.594075640312,TRUE,,"estimated",TRUE
"pc2001__20__15","employment_rate_age15plus",0.562397638640485,0.0669891272495732,334,12,245921.045,116.05361153331,TRUE,,"estimated",TRUE
"pc2001__20__16","employment_rate_age15plus",0.505993608086873,0.0538481011878084,584,24,867990.519999999,148.119269335639,TRUE,,"estimated",TRUE
"pc2001__20__17","employment_rate_age15plus",0.47306576021922,0.0465819694713936,389,16,661336.375000003,118.444059733564,TRUE,,"estimated",TRUE
"pc2001__20__18","employment_rate_age15plus",0.445999731216392,0.0317859098317558,524,20,1024318.42,224.981135387095,TRUE,,"estimated",TRUE
"pc2001__21__01","employment_rate_age15plus",0.591809948870176,0.0492573927489709,494,20,1052365.225,153.468025272653,TRUE,,"estimated",TRUE
"pc2001__21__02","employment_rate_age15plus",0.552667956091476,0.0533617865604933,301,12,397567.45,132.966323118697,TRUE,,"estimated",TRUE
"pc2001__21__03","employment_rate_age15plus",0.679731080037003,0.0382434726902782,289,12,623801.96,139.057154518798,TRUE,,"estimated",TRUE
"pc2001__21__04","employment_rate_age15plus",0.63781910639493,0.0842398365141182,256,12,190597.285,92.5076930115512,FALSE,"low_kish_effective_n","estimated",FALSE
"pc2001__21__05","employment_rate_age15plus",0.616393150318864,0.0404815283277588,584,24,1283527.485,340.454295427176,TRUE,,"estimated",TRUE
"pc2001__21__06","employment_rate_age15plus",0.564438906440888,0.0361684201869996,523,20,1301459.78,183.429010148019,TRUE,,"estimated",TRUE
"pc2001__21__07","employment_rate_age15plus",0.654008825371405,0.0366755398034935,497,20,1819064.52,215.961830935638,TRUE,,"estimated",TRUE
"pc2001__21__08","employment_rate_age15plus",0.502566759630242,0.0165328546874426,504,20,1593602.67,190.136943413996,TRUE,,"estimated",TRUE
"pc2001__21__09","employment_rate_age15plus",0.390093196947234,0.0220143494735892,557,20,966145.38,178.90909673444,TRUE,,"estimated",TRUE
"pc2001__21__10","employment_rate_age15plus",0.506974950996341,0.0251863766840678,526,20,877804.375000002,202.487311847435,TRUE,,"estimated",TRUE
"pc2001__21__11","employment_rate_age15plus",0.527202822085838,0.0465198105394763,407,16,682156.43,178.220589574814,TRUE,,"estimated",TRUE
"pc2001__21__12","employment_rate_age15plus",0.473203841021027,0.0266630131045387,647,24,1701115.915,349.008350468114,TRUE,,"estimated",TRUE
"pc2001__21__13","employment_rate_age15plus",0.44624746596547,0.042398693057741,536,20,1019451.38,247.018128391828,TRUE,,"estimated",TRUE
"pc2001__21__14","employment_rate_age15plus",0.427950225192881,0.0462302516582014,361,16,697434.345000001,167.061053469057,TRUE,,"estimated",TRUE
"pc2001__21__15","employment_rate_age15plus",0.571276956703341,0.0481803374579293,403,16,687678.209999999,119.409869948345,TRUE,,"estimated",TRUE
"pc2001__21__16","employment_rate_age15plus",0.448996435623801,0.05561805682305,435,16,714997.479999999,117.755397217463,TRUE,,"estimated",TRUE
"pc2001__21__17","employment_rate_age15plus",0.451632958185129,0.0266450697602666,509,20,1197419.21,259.357491163552,TRUE,,"estimated",TRUE
"pc2001__21__18","employment_rate_age15plus",0.410702671460533,0.0232631618065976,543,20,1077286.175,215.588708063249,TRUE,,"estimated",TRUE
"pc2001__21__19","employment_rate_age15plus",0.515014078394912,0.0343570079265586,661,24,2124636.735,264.570035840349,TRUE,,"estimated",TRUE
"pc2001__21__20","employment_rate_age15plus",0.552620409916456,0.0413493110077216,315,12,349403.635000001,137.813343734213,TRUE,,"estimated",TRUE
"pc2001__21__21","employment_rate_age15plus",0.683565969706362,0.0595825969341461,273,12,446259.035,92.7857366613863,FALSE,"low_kish_effective_n","estimated",FALSE
"pc2001__21__22","employment_rate_age15plus",0.739273325259495,0.0578747108686937,296,12,298416.455,110.595792723477,TRUE,,"estimated",TRUE
"pc2001__21__23","employment_rate_age15plus",0.661714026517031,0.0596987349087008,296,12,360365.37,104.0588081601,TRUE,,"estimated",TRUE
"pc2001__21__24","employment_rate_age15plus",0.663767520684971,0.0328436521708153,382,16,989147.614999999,152.602554143381,TRUE,,"estimated",TRUE
"pc2001__21__25","employment_rate_age15plus",0.452310295723045,0.0251623199011704,291,12,336983.375,112.943647632179,TRUE,,"estimated",TRUE
"pc2001__21__26","employment_rate_age15plus",0.655117415963423,0.0406088453944433,509,20,971332.999999999,196.051995447286,TRUE,,"estimated",TRUE
"pc2001__21__27","employment_rate_age15plus",0.845902510677983,0.0504130647714803,228,12,448774.995,108.407209260288,TRUE,,"estimated",TRUE
"pc2001__21__28","employment_rate_age15plus",0.664982534925454,0.0266615999602694,389,16,598910.985,114.115439170117,TRUE,,"estimated",TRUE
"pc2001__21__29","employment_rate_age15plus",0.776697607062139,0.0481921453245177,341,16,725459.914999999,181.956380026623,TRUE,,"estimated",TRUE
"pc2001__21__30","employment_rate_age15plus",0.705914526619766,0.0581280991698445,238,12,289814.91,69.6510328019439,FALSE,"low_kish_effective_n","estimated",FALSE
"pc2001__22__01","employment_rate_age15plus",0.76325003295149,0.0463922945930734,293,12,331775.59,116.143500450368,TRUE,,"estimated",TRUE
"pc2001__22__02","employment_rate_age15plus",0.555084219363436,0.0333005433396122,535,24,1396037.03,171.127233693215,TRUE,,"estimated",TRUE
"pc2001__22__03","employment_rate_age15plus",0.715360874516934,0.0696659648680517,301,12,525346.945000001,76.0845270106146,FALSE,"low_kish_effective_n","estimated",FALSE
"pc2001__22__04","employment_rate_age15plus",0.685582026598335,0.0577506863831315,412,16,927624.96,104.281983275666,TRUE,,"estimated",TRUE
"pc2001__22__05","employment_rate_age15plus",0.585941515234199,0.0557091404616807,363,16,580679.079999999,115.134970972897,TRUE,,"estimated",TRUE
"pc2001__22__06","employment_rate_age15plus",0.579706885273127,0.0581179049682808,410,16,966248.960000002,92.670922496136,FALSE,"low_kish_effective_n","estimated",FALSE
"pc2001__22__07","employment_rate_age15plus",0.568147385946709,0.0508617788137133,684,28,1322013.695,150.416630132784,TRUE,,"estimated",TRUE
"pc2001__22__08","employment_rate_age15plus",0.810764206979508,0.0529427170328483,276,12,404458.685,65.6849085824686,FALSE,"low_kish_effective_n","estimated",FALSE
"pc2001__22__09","employment_rate_age15plus",0.823890815015147,0.0320735590546176,465,16,822779.800000002,88.4355044914142,FALSE,"low_kish_effective_n","estimated",FALSE
"pc2001__22__10","employment_rate_age15plus",0.627181809071631,0.0256294725724469,921,32,2189906.045,345.53258589255,TRUE,,"estimated",TRUE
"pc2001__22__11","employment_rate_age15plus",0.508775602199278,0.023515363329845,825,31,2022521.315,281.337469389127,TRUE,,"estimated",TRUE
"pc2001__22__12","employment_rate_age15plus",0.499265828555806,0.0394282920075689,306,12,647256.855,82.0077102450591,FALSE,"low_kish_effective_n","estimated",FALSE
"pc2001__22__13","employment_rate_age15plus",0.593324506476507,0.02909620772685,371,12,593197.189999999,111.032283732671,TRUE,,"estimated",TRUE
"pc2001__22__14","employment_rate_age15plus",0.567862339277104,0.0389363915810123,338,12,515292.950000001,91.7025773532203,FALSE,"low_kish_effective_n","estimated",FALSE
"pc2001__22__15","employment_rate_age15plus",0.778275506738748,0.0530458281560681,437,16,803482.814999998,107.333497702457,TRUE,,"estimated",TRUE
"pc2001__22__16","employment_rate_age15plus",0.730727792302614,0.0771353247957006,359,12,556181.48,70.3852953954565,FALSE,"low_kish_effective_n","estimated",FALSE
"pc2001__23__01","employment_rate_age15plus",0.54357772729885,0.0663409451782637,194,8,351134.42,46.4559189077641,FALSE,"low_kish_effective_n","estimated",FALSE
"pc2001__23__02","employment_rate_age15plus",0.504280263044144,0.0350111576455634,335,12,1052845.34,116.660813917106,TRUE,,"estimated",TRUE
"pc2001__23__03","employment_rate_age15plus",0.504312068501656,0.0663698168493506,375,12,829560.684999998,86.018422524084,FALSE,"low_kish_effective_n","estimated",FALSE
"pc2001__23__04","employment_rate_age15plus",0.378340512415877,0.0288861951966355,369,12,1246073.8,195.64304071293,TRUE,,"estimated",TRUE
"pc2001__23__05","employment_rate_age15plus",0.679705577740743,0.0494358380963125,235,8,429205.32,55.7300582038799,FALSE,"low_kish_effective_n","estimated",FALSE
"pc2001__23__06","employment_rate_age15plus",0.578341466028172,0.0684212383212198,326,12,1019458.105,81.7956579306275,FALSE,"low_kish_effective_n","estimated",FALSE
"pc2001__23__07","employment_rate_age15plus",0.481154593236,0.0403609198032846,546,20,1286162.74,146.681375308918,TRUE,,"estimated",TRUE
"pc2001__23__08","employment_rate_age15plus",0.511573134628747,0.0354089568635981,316,12,962779.995000004,87.0577258749943,FALSE,"low_kish_effective_n","estimated",FALSE
"pc2001__23__09","employment_rate_age15plus",0.57792579087556,0.0463071238758633,316,12,914139.070000001,96.530524478678,FALSE,"low_kish_effective_n","estimated",FALSE
"pc2001__23__10","employment_rate_age15plus",0.41359939635489,0.0463241025115899,299,12,461874.03,111.611465441637,TRUE,,"estimated",TRUE
"pc2001__23__11","employment_rate_age15plus",0.729295552723026,0.0418756855782472,429,16,1287677.275,177.463686753034,TRUE,,"estimated",TRUE
"pc2001__23__12","employment_rate_age15plus",0.7460519028355,0.0512836931800115,329,12,849073.264999998,140.456783397332,TRUE,,"estimated",TRUE
"pc2001__23__13","employment_rate_age15plus",0.456851010946425,0.0276564309141875,441,16,1209598.965,119.597223826621,TRUE,,"estimated",TRUE
"pc2001__23__14","employment_rate_age15plus",0.517370817709799,0.074413635505341,391,12,1524973.835,115.850700528152,TRUE,,"estimated",TRUE
"pc2001__23__15","employment_rate_age15plus",0.418838709503412,0.0424657263182968,218,8,363352.065,100.639122812516,TRUE,,"estimated",TRUE
"pc2001__23__16","employment_rate_age15plus",0.420546687985486,0.0251033226091537,426,16,1031357.95,117.78371687248,TRUE,,"estimated",TRUE
"pc2001__23__17","employment_rate_age15plus",0.635171861396763,0.0805790783549736,313,12,1568233.065,102.811161553558,TRUE,,"estimated",TRUE
"pc2001__23__18","employment_rate_age15plus",0.63146558225085,0.0948601216519707,220,8,431303.190000001,45.0136631444354,FALSE,"low_kish_effective_n","estimated",FALSE
"pc2001__23__19","employment_rate_age15plus",0.615127747780175,0.0537989402465975,280,12,759310.649999999,67.2856530709302,FALSE,"low_kish_effective_n","estimated",FALSE
"pc2001__23__20","employment_rate_age15plus",0.545575366439902,0.0320747769770345,386,15,586690.675000002,95.8180906855266,FALSE,"low_kish_effective_n","estimated",FALSE
"pc2001__23__21","employment_rate_age15plus",0.638197226874334,0.0386704011606282,441,16,1259518.11,161.690581347414,TRUE,,"estimated",TRUE
"pc2001__23__22","employment_rate_age15plus",0.731581783993595,0.0293858563778043,337,12,1044384.13,98.2274664184821,FALSE,"low_kish_effective_n","estimated",FALSE
"pc2001__23__23","employment_rate_age15plus",0.671876666658156,0.0592840869579877,473,16,1069411.71,128.03475134739,TRUE,,"estimated",TRUE
"pc2001__23__24","employment_rate_age15plus",0.797816091244842,0.0533972880739559,351,12,939242.995000002,71.0909180850704,FALSE,"low_kish_effective_n","estimated",FALSE
"pc2001__23__25","employment_rate_age15plus",0.611603334227527,0.0803374714788783,342,12,1554569.975,106.00715561396,TRUE,,"estimated",TRUE
"pc2001__23__26","employment_rate_age15plus",0.455054339571536,0.01654415909711,676,24,2171199.48999999,106.907164885546,TRUE,,"estimated",TRUE
"pc2001__23__27","employment_rate_age15plus",0.637604536370349,0.0623513784090773,340,12,1057220.56,128.935336026737,TRUE,,"estimated",TRUE
"pc2001__23__28","employment_rate_age15plus",0.782521163370848,0.0832674661757612,319,12,609149.180000002,79.3052250963176,FALSE,"low_kish_effective_n","estimated",FALSE
"pc2001__23__29","employment_rate_age15plus",0.621343408904667,0.0630605300433158,342,12,806408.53,118.277941155097,TRUE,,"estimated",TRUE
"pc2001__23__30","employment_rate_age15plus",0.684334645394431,0.0385709583519151,322,12,1029446.47,93.8492520517516,FALSE,"low_kish_effective_n","estimated",FALSE
"pc2001__23__31","employment_rate_age15plus",0.78155316434642,0.0301536031339552,301,12,720640.994999998,114.224839868764,TRUE,,"estimated",TRUE
"pc2001__23__32","employment_rate_age15plus",0.48929864610682,0.0546977488734873,534,20,1113084.86,118.701462196446,TRUE,,"estimated",TRUE
"pc2001__23__33","employment_rate_age15plus",0.675616268056204,0.0505314824035723,409,12,686669.129999999,135.481683576767,TRUE,,"estimated",TRUE
"pc2001__23__34","employment_rate_age15plus",0.625230000179031,0.064865721849824,331,12,697366.305,107.810496953949,TRUE,,"estimated",TRUE
"pc2001__23__35","employment_rate_age15plus",0.677191254599262,0.0749578148399614,328,12,914762.654999999,152.881236852296,TRUE,,"estimated",TRUE
"pc2001__23__36","employment_rate_age15plus",0.53736184955207,0.0690544497241442,215,8,380837.075,100.776533846478,TRUE,,"estimated",TRUE
"pc2001__23__37","employment_rate_age15plus",0.492636169330663,0.0511934559804256,339,12,711526.410000002,146.326012999265,TRUE,,"estimated",TRUE
"pc2001__23__38","employment_rate_age15plus",0.787455325778893,0.0356984670550587,305,12,794459.849999999,67.8390037916078,FALSE,"low_kish_effective_n","estimated",FALSE
"pc2001__23__39","employment_rate_age15plus",0.734225487933889,0.0528255921443252,415,16,1379303.915,140.38948708459,TRUE,,"estimated",TRUE
"pc2001__23__40","employment_rate_age15plus",0.663547213695296,0.0772769424233144,309,12,538521.235,85.2337421754682,FALSE,"low_kish_effective_n","estimated",FALSE
"pc2001__23__41","employment_rate_age15plus",0.767832304374846,0.0825703818100144,189,8,563055.595,40.2179266567305,FALSE,"low_kish_effective_n","estimated",FALSE
"pc2001__23__42","employment_rate_age15plus",0.78002758773066,0.0516587187737123,274,12,632552.935000001,108.314058582346,TRUE,,"estimated",TRUE
"pc2001__23__43","employment_rate_age15plus",0.487065446845449,0.126159827559742,535,20,1919072.47999999,59.2059454003573,FALSE,"low_kish_effective_n","estimated",FALSE
"pc2001__23__44","employment_rate_age15plus",0.677403306684642,0.0449681259711894,312,12,948506.235000001,119.521751867435,TRUE,,"estimated",TRUE
"pc2001__23__45","employment_rate_age15plus",0.636861650853626,0.0280093845084687,441,16,1220055.775,139.537014644302,TRUE,,"estimated",TRUE
"pc2001__24__01","employment_rate_age15plus",0.642814897682075,0.0664847181845547,299,12,894058.145,122.733420430389,TRUE,,"estimated",TRUE
"pc2001__24__02","employment_rate_age15plus",0.58398354797355,0.0502179159339835,429,16,1496348.19,133.378101681273,TRUE,,"estimated",TRUE
"pc2001__24__03","employment_rate_age15plus",0.67491826954603,0.0526357335564881,323,12,769966.97,109.970190210036,TRUE,,"estimated",TRUE
"pc2001__24__04","employment_rate_age15plus",0.617766260344388,0.0563152152474784,308,12,1158670.57,141.335030443102,TRUE,,"estimated",TRUE
"pc2001__24__05","employment_rate_age15plus",0.72274256155696,0.0848116039695585,374,16,1228289.805,71.1846163484903,FALSE,"low_kish_effective_n","estimated",FALSE
"pc2001__24__06","employment_rate_age15plus",0.620924863978171,0.048964760161892,344,12,1573466.19,109.226042481328,TRUE,,"estimated",TRUE
"pc2001__24__07","employment_rate_age15plus",0.525984197999216,0.024234788346143,1323,48,5196014.80500003,634.09207988724,TRUE,,"estimated",TRUE
"pc2001__24__08","employment_rate_age15plus",0.669868062325109,0.0389920486398305,346,12,1360606.06,116.97813921293,TRUE,,"estimated",TRUE
"pc2001__24__09","employment_rate_age15plus",0.524669887770927,0.0218424217827554,765,28,2031104.7,306.47312925192,TRUE,,"estimated",TRUE
"pc2001__24__10","employment_rate_age15plus",0.562085476283931,0.0335442153529075,552,20,1175036.81,220.160859189448,TRUE,,"estimated",TRUE
"pc2001__24__11","employment_rate_age15plus",0.50583822518578,0.0246899385699731,203,8,442609.255,104.669501445051,TRUE,,"estimated",TRUE
"pc2001__24__12","employment_rate_age15plus",0.518131892065827,0.0392736472837127,576,20,1663001.02,247.495640499733,TRUE,,"estimated",TRUE
"pc2001__24__13","employment_rate_age15plus",0.54590297489139,0.0551398712657519,334,12,1019131.66,111.644173879517,TRUE,,"estimated",TRUE
"pc2001__24__14","employment_rate_age15plus",0.571186941415863,0.0459703709766114,523,20,1690843.645,210.402004585707,TRUE,,"estimated",TRUE
"pc2001__24__15","employment_rate_age15plus",0.608616991883242,0.0533619286074134,410,16,1141269.73,103.771402737465,TRUE,,"estimated",TRUE
"pc2001__24__16","employment_rate_age15plus",0.733477203956599,0.0572428032944921,318,12,1093679.375,76.7790425706915,FALSE,"low_kish_effective_n","estimated",FALSE
"pc2001__24__17","employment_rate_age15plus",0.560630019190098,0.0783461388820689,467,16,1518757.23,95.5062270023123,FALSE,"low_kish_effective_n","estimated",FALSE
"pc2001__24__18","employment_rate_age15plus",0.559738154684647,0.10460636094682,319,12,767243.82,57.0724687727674,FALSE,"low_kish_effective_n","estimated",FALSE
"pc2001__24__19","employment_rate_age15plus",0.68317417735012,0.0301424071233092,888,32,2943771.93500001,292.121229860497,TRUE,,"estimated",TRUE
"pc2001__24__20","employment_rate_age15plus",0.820564409078238,0.0509022996390843,358,12,446916.269999999,88.5704957790621,FALSE,"low_kish_effective_n","estimated",FALSE
"pc2001__24__21","employment_rate_age15plus",0.689608824760736,0.0494582553316329,314,12,1139041.42,129.294642090975,TRUE,,"estimated",TRUE
"pc2001__24__22","employment_rate_age15plus",0.543172506949978,0.0321209606801771,1108,44,4515675.34000001,262.764391792484,TRUE,,"estimated",TRUE
"pc2001__24__23","employment_rate_age15plus",0.593449235207337,0.0583817849091104,127,4,150778.12,41.3921152212145,FALSE,"too_few_psus;low_kish_effective_n","estimated",FALSE
"pc2001__24__24","employment_rate_age15plus",0.546119740227877,0.0418600875880455,299,12,853216.265000001,112.964119028766,TRUE,,"estimated",TRUE
"pc2001__24__25","employment_rate_age15plus",0.502916184714604,0.0295031712807248,309,12,892027.685,110.785210767507,TRUE,,"estimated",TRUE
"pc2001__25__01","employment_rate_age15plus",0.434146182359509,0.0335761899352243,109,4,28206.755,77.1908550211745,FALSE,"too_few_psus;low_kish_effective_n","estimated",FALSE
"pc2001__25__02","employment_rate_age15plus",0.507336298668461,0.024421669557686,331,12,115287.7,144.241025252448,TRUE,,"estimated",TRUE
"pc2001__26__01","employment_rate_age15plus",0.486438964940872,0.0249466129480732,655,24,163319.944999999,234.853257457931,TRUE,,"estimated",TRUE
"pc2001__27__01","employment_rate_age15plus",0.773545974799432,0.0403078784937313,395,16,781945.009999999,109.643602757455,TRUE,,"estimated",TRUE
"pc2001__27__02","employment_rate_age15plus",0.639852711132366,0.0565546169876018,515,20,1089723.905,114.649000408105,TRUE,,"estimated",TRUE
"pc2001__27__03","employment_rate_age15plus",0.619961115618702,0.03164230272539,1051,36,2584202.105,313.830104575189,TRUE,,"estimated",TRUE
"pc2001__27__04","employment_rate_age15plus",0.669955591837778,0.041965611044499,723,24,1800281.66000001,157.601617624796,TRUE,,"estimated",TRUE
"pc2001__27__05","employment_rate_age15plus",0.53276096339599,0.0281043439149126,471,16,923276.42,130.522571301834,TRUE,,"estimated",TRUE
"pc2001__27__06","employment_rate_age15plus",0.430342917791454,0.0653700651134831,342,12,778126.585000001,86.0690749230898,FALSE,"low_kish_effective_n","estimated",FALSE
"pc2001__27__07","employment_rate_age15plus",0.651247552509908,0.0419438338799285,762,28,1725257.24,213.712469304925,TRUE,,"estimated",TRUE
"pc2001__27__08","employment_rate_age15plus",0.60663074741173,0.0686909134435694,409,16,814719.015000002,96.8258820920138,FALSE,"low_kish_effective_n","estimated",FALSE
"pc2001__27__09","employment_rate_age15plus",0.534126058321857,0.0237515247149366,1182,44,2907032.115,532.121040214829,TRUE,,"estimated",TRUE
"pc2001__27__10","employment_rate_age15plus",0.740003554659387,0.0379886575264411,287,12,848491.985000001,97.7515847241742,FALSE,"low_kish_effective_n","estimated",FALSE
"pc2001__27__11","employment_rate_age15plus",0.672257886545953,0.0496174727506137,438,16,982767.049999998,216.33613813949,TRUE,,"estimated",TRUE
"pc2001__27__12","employment_rate_age15plus",0.809241744627689,0.0437780416820478,290,12,641752.855,66.6040284349718,FALSE,"low_kish_effective_n","estimated",FALSE
"pc2001__27__13","employment_rate_age15plus",0.687982668452735,0.0514268994438859,462,20,1533626.49,82.2143382014705,FALSE,"low_kish_effective_n","estimated",FALSE
"pc2001__27__14","employment_rate_age15plus",0.675180773041556,0.0300981914544629,791,28,1883650.61,192.809655894863,TRUE,,"estimated",TRUE
"pc2001__27__15","employment_rate_age15plus",0.544289271607644,0.0331399131487524,752,28,1790407.86,284.576327035356,TRUE,,"estimated",TRUE
"pc2001__27__16","employment_rate_age15plus",0.63452015032848,0.0523780952230763,300,12,625810.89,80.876377498602,FALSE,"low_kish_effective_n","estimated",FALSE
"pc2001__27__17","employment_rate_age15plus",0.563461977396892,0.0499364264001996,503,16,1114387.865,106.348823083385,TRUE,,"estimated",TRUE
"pc2001__27__18","employment_rate_age15plus",0.742099371193927,0.0357760160607303,518,20,972064.399999999,88.8313147313447,FALSE,"low_kish_effective_n","estimated",FALSE
"pc2001__27__19","employment_rate_age15plus",0.602502580005586,0.0401964143484788,777,28,2764499.83,245.432099591414,TRUE,,"estimated",TRUE
"pc2001__27__20","employment_rate_age15plus",0.582731418376679,0.0218630327496834,1375,48,2702393.805,519.239666540752,TRUE,,"estimated",TRUE
"pc2001__27__21","employment_rate_age15plus",0.550444101521453,0.0177135856743678,2265,92,7323322.12999996,1004.37265626134,TRUE,,"estimated",TRUE
"pc2001__27__22","employment_rate_age15plus",0.524980444948103,0.0178123167404036,2277,98,8168240.91499999,1222.31437549945,TRUE,,"estimated",TRUE
"pc2001__27__24","employment_rate_age15plus",0.51892077442047,0.0356137851923584,559,24,1591745.63,228.136804877801,TRUE,,"estimated",TRUE
"pc2001__27__25","employment_rate_age15plus",0.53496632604426,0.0183661180612868,1874,76,5831774.75499996,684.215443682517,TRUE,,"estimated",TRUE
"pc2001__27__26","employment_rate_age15plus",0.656030221232547,0.0308878054133578,916,36,2821209.885,299.548197380048,TRUE,,"estimated",TRUE
"pc2001__27__27","employment_rate_age15plus",0.642785228246716,0.0464082699080874,651,24,1553484.245,142.398920586179,TRUE,,"estimated",TRUE
"pc2001__27__28","employment_rate_age15plus",0.535560201241598,0.0401850057237889,689,24,1553759.275,219.73188334809,TRUE,,"estimated",TRUE
"pc2001__27__29","employment_rate_age15plus",0.683471497990666,0.0385180105795832,484,16,1007601.505,165.933132214868,TRUE,,"estimated",TRUE
"pc2001__27__30","employment_rate_age15plus",0.66824760164183,0.0240465386424551,1127,40,2682966.135,380.753248440586,TRUE,,"estimated",TRUE
"pc2001__27__31","employment_rate_age15plus",0.620625957273423,0.0376405744094433,731,28,2108021.675,240.443795850358,TRUE,,"estimated",TRUE
"pc2001__27__32","employment_rate_age15plus",0.563818854719709,0.0325869250072917,492,20,1084161.065,141.744164641861,TRUE,,"estimated",TRUE
"pc2001__27__33","employment_rate_age15plus",0.6208305646605,0.0646665483521194,315,12,674917.23,107.694020231384,TRUE,,"estimated",TRUE
"pc2001__27__34","employment_rate_age15plus",0.601216801798235,0.0306553262033733,1029,36,2497226.75,356.975696102489,TRUE,,"estimated",TRUE
"pc2001__27__35","employment_rate_age15plus",0.565080999564066,0.0392342787383431,809,28,1891125.60999999,291.881469121777,TRUE,,"estimated",TRUE
"pc2001__28__01","employment_rate_age15plus",0.70283808419551,0.0489794315856269,687,28,1271604.80499999,167.699039410074,TRUE,,"estimated",TRUE
"pc2001__28__02","employment_rate_age15plus",0.674712969366048,0.0370998063195586,562,24,1498367.07,147.806786643467,TRUE,,"estimated",TRUE
"pc2001__28__03","employment_rate_age15plus",0.664221789638964,0.0321039335881904,830,36,2482209.37,246.007346405888,TRUE,,"estimated",TRUE
"pc2001__28__04","employment_rate_age15plus",0.725903766350133,0.0315704363771086,688,28,1781739.55000001,176.841664843829,TRUE,,"estimated",TRUE
"pc2001__28__05","employment_rate_age15plus",0.446216990404741,0.0240128726777682,1482,64,2595064.195,725.177454982656,TRUE,,"estimated",TRUE
"pc2001__28__06","employment_rate_age15plus",0.570246953607754,0.0269536940608253,1178,52,3359525.93500001,516.682573120791,TRUE,,"estimated",TRUE
"pc2001__28__07","employment_rate_age15plus",0.702566073390467,0.0423131856306395,840,36,2396196.47000001,161.596920736732,TRUE,,"estimated",TRUE
"pc2001__28__08","employment_rate_age15plus",0.766196536945328,0.0258907654635903,709,32,2192651.20500001,167.611906320384,TRUE,,"estimated",TRUE
"pc2001__28__09","employment_rate_age15plus",0.611339504449273,0.0275414946016661,825,36,2532914.655,251.622657317844,TRUE,,"estimated",TRUE
"pc2001__28__10","employment_rate_age15plus",0.691484652212636,0.030207387560368,584,28,1864964.755,173.956955658408,TRUE,,"estimated",TRUE
"pc2001__28__11","employment_rate_age15plus",0.539022390225971,0.0404412185790416,634,28,2095889.745,132.440163509414,TRUE,,"estimated",TRUE
"pc2001__28__12","employment_rate_age15plus",0.758040028431131,0.0315296429587998,544,24,1551756.795,203.743888464077,TRUE,,"estimated",TRUE
"pc2001__28__13","employment_rate_age15plus",0.507599203758109,0.0236792793268491,1063,48,3040284.645,441.644202392495,TRUE,,"estimated",TRUE
"pc2001__28__14","employment_rate_age15plus",0.534021906244566,0.0275307901489454,1075,48,3626391.08500001,278.081792653593,TRUE,,"estimated",TRUE
"pc2001__28__15","employment_rate_age15plus",0.590074382168091,0.0383395738765606,826,40,2965739.715,211.365813341921,TRUE,,"estimated",TRUE
"pc2001__28__16","employment_rate_age15plus",0.51937943207226,0.0600581816249104,925,44,3391211.35,199.563736273639,TRUE,,"estimated",TRUE
"pc2001__28__17","employment_rate_age15plus",0.683892464740467,0.0268348158240268,1019,48,3209745.91500001,348.879910935459,TRUE,,"estimated",TRUE
"pc2001__28__18","employment_rate_age15plus",0.752796094213832,0.0373556764559009,669,32,2363122.71500001,218.800876042626,TRUE,,"estimated",TRUE
"pc2001__28__19","employment_rate_age15plus",0.664427795310014,0.035923931635754,673,32,1830105.15,240.928949878442,TRUE,,"estimated",TRUE
"pc2001__28__20","employment_rate_age15plus",0.674313891076557,0.0329285686136709,737,32,1759723.87,229.976082896897,TRUE,,"estimated",TRUE
"pc2001__28__21","employment_rate_age15plus",0.729350276850828,0.0272631548927214,960,39,2307366.225,254.976183751771,TRUE,,"estimated",TRUE
"pc2001__28__22","employment_rate_age15plus",0.652158586567165,0.0399753686618941,963,40,2883472.845,253.61901217718,TRUE,,"estimated",TRUE
"pc2001__28__23","employment_rate_age15plus",0.708168943597626,0.0333788621392897,988,44,2623442.88999999,293.361528642754,TRUE,,"estimated",TRUE
"pc2001__29__01","employment_rate_age15plus",0.654274042260152,0.0473312141808672,578,24,2200829.89999999,106.790926455408,TRUE,,"estimated",TRUE
"pc2001__29__02","employment_rate_age15plus",0.726236707960621,0.0426079036056832,449,16,1195722.27,84.3579872490538,FALSE,"low_kish_effective_n","estimated",FALSE
"pc2001__29__03","employment_rate_age15plus",0.623244853437937,0.050978957460906,510,20,906299.669999999,114.436395245012,TRUE,,"estimated",TRUE
"pc2001__29__04","employment_rate_age15plus",0.66661540866578,0.0500673630484855,660,24,2053988.285,170.705914961473,TRUE,,"estimated",TRUE
"pc2001__29__05","employment_rate_age15plus",0.635720164826566,0.0504984392457521,438,16,1002732.775,117.86211782351,TRUE,,"estimated",TRUE
"pc2001__29__06","employment_rate_age15plus",0.617162042250204,0.0856120912613333,434,16,1223358.135,100.222832502295,TRUE,,"estimated",TRUE
"pc2001__29__07","employment_rate_age15plus",0.630352479830627,0.0492904832706049,325,12,694846.849999999,82.706962502797,FALSE,"low_kish_effective_n","estimated",FALSE
"pc2001__29__08","employment_rate_age15plus",0.675281101011401,0.0430254817471042,397,16,586825.530000001,106.043583864876,TRUE,,"estimated",TRUE
"pc2001__29__09","employment_rate_age15plus",0.532796110178988,0.0206519721949171,519,20,1147100.595,226.925586778094,TRUE,,"estimated",TRUE
"pc2001__29__10","employment_rate_age15plus",0.493212347458316,0.027111876356587,381,16,1130993.735,75.399721535464,FALSE,"low_kish_effective_n","estimated",FALSE
"pc2001__29__11","employment_rate_age15plus",0.636698513933258,0.0283290640595726,367,12,1020948.425,99.1813390474389,FALSE,"low_kish_effective_n","estimated",FALSE
"pc2001__29__12","employment_rate_age15plus",0.604042327327928,0.0454464374593336,631,24,1252243.47,179.330914153657,TRUE,,"estimated",TRUE
"pc2001__29__13","employment_rate_age15plus",0.649098070149868,0.0520121693100441,306,12,930197.619999999,91.1914798543167,FALSE,"low_kish_effective_n","estimated",FALSE
"pc2001__29__14","employment_rate_age15plus",0.645801326474646,0.0448206122904836,416,16,1394222.655,131.74894625743,TRUE,,"estimated",TRUE
"pc2001__29__15","employment_rate_age15plus",0.522408134080678,0.0404964992388569,415,16,1207100.395,131.790783487264,TRUE,,"estimated",TRUE
"pc2001__29__16","employment_rate_age15plus",0.555575617336818,0.0496618946280218,336,12,756025.7,119.776159406045,TRUE,,"estimated",TRUE
"pc2001__29__17","employment_rate_age15plus",0.620292761917744,0.0388580636594034,255,11,642272.060000001,67.2513549617867,FALSE,"low_kish_effective_n","estimated",FALSE
"pc2001__29__18","employment_rate_age15plus",0.684167105674492,0.0336279601363661,531,20,1592596.905,104.340064305038,TRUE,,"estimated",TRUE
"pc2001__29__19","employment_rate_age15plus",0.644716552704841,0.0377241318666418,542,20,1900723.465,195.7794172539,TRUE,,"estimated",TRUE
"pc2001__29__20","employment_rate_age15plus",0.530880154531732,0.0206150100783583,1521,64,6839035.40000002,457.498242492412,TRUE,,"estimated",TRUE
"pc2001__29__21","employment_rate_age15plus",0.670474316706857,0.037684253038381,497,20,1234557.61,194.085484782732,TRUE,,"estimated",TRUE
"pc2001__29__22","employment_rate_age15plus",0.574495154368948,0.0298109852826082,398,16,1259181.195,150.590095488922,TRUE,,"estimated",TRUE
"pc2001__29__23","employment_rate_age15plus",0.612788276108064,0.0386685979103411,533,19,1374886.095,120.513948297101,TRUE,,"estimated",TRUE
"pc2001__29__24","employment_rate_age15plus",0.69644192828728,0.0404650195241317,494,20,1130010.67,162.965122177142,TRUE,,"estimated",TRUE
"pc2001__29__25","employment_rate_age15plus",0.68067879958883,0.0829819823483086,264,12,353283.95,79.3992196895787,FALSE,"low_kish_effective_n","estimated",FALSE
"pc2001__29__26","employment_rate_age15plus",0.556339434050213,0.0348911637230807,650,24,1990857.015,187.801867469145,TRUE,,"estimated",TRUE
"pc2001__29__27","employment_rate_age15plus",0.648156559387864,0.0524621772413228,298,12,621654.96,71.29507571981,FALSE,"low_kish_effective_n","estimated",FALSE
"pc2001__30__01","employment_rate_age15plus",0.39416458267977,0.0264650066413084,788,28,505241.499999999,260.924025510284,TRUE,,"estimated",TRUE
"pc2001__30__02","employment_rate_age15plus",0.42460487409307,0.0562736273925452,714,28,684752.62,66.5353635458338,FALSE,"low_kish_effective_n","estimated",FALSE
"pc2001__31__01","employment_rate_age15plus",0.533714203264294,0.0528056747313077,765,23,39435.16,345.850813121094,TRUE,,"estimated",TRUE
"pc2001__32__01","employment_rate_age15plus",0.578361792554339,0.0519310470896765,649,24,743519.999999998,326.303102954184,TRUE,,"estimated",TRUE
"pc2001__32__02","employment_rate_age15plus",0.4639161029908,0.0239218878885046,1270,48,1540904.035,624.947997253894,TRUE,,"estimated",TRUE
"pc2001__32__03","employment_rate_age15plus",0.486095824825076,0.0396594870294462,354,16,549285.01,143.67470789965,TRUE,,"estimated",TRUE
"pc2001__32__04","employment_rate_age15plus",0.386080019735573,0.0204649521081776,1435,55,2142405.48,696.781513389916,TRUE,,"estimated",TRUE
"pc2001__32__05","employment_rate_age15plus",0.410778031570257,0.0203357795541637,1233,48,2379562.245,578.720907672612,TRUE,,"estimated",TRUE
"pc2001__32__06","employment_rate_age15plus",0.462263948125523,0.0207211587301462,1108,44,1902673.675,579.000941635427,TRUE,,"estimated",TRUE
"pc2001__32__07","employment_rate_age15plus",0.497949550429172,0.0209857664362693,1338,56,2181959.295,713.738661453151,TRUE,,"estimated",TRUE
"pc2001__32__08","employment_rate_age15plus",0.518286996422059,0.014650733142828,1321,55,2496598.755,753.512760080779,TRUE,,"estimated",TRUE
"pc2001__32__09","employment_rate_age15plus",0.648326021261558,0.0378170985910476,459,20,914577.775000001,160.85682301694,TRUE,,"estimated",TRUE
"pc2001__32__10","employment_rate_age15plus",0.587877021924932,0.0229214672087165,789,32,1431194.95,451.756143611877,TRUE,,"estimated",TRUE
"pc2001__32__11","employment_rate_age15plus",0.501016191956016,0.0210492841277233,894,36,1597847.72,492.240394870086,TRUE,,"estimated",TRUE
"pc2001__32__12","employment_rate_age15plus",0.488120285112625,0.027477557390476,548,24,902683.28,257.114600265876,TRUE,,"estimated",TRUE
"pc2001__32__13","employment_rate_age15plus",0.488582649174829,0.0248498062475697,944,40,1764446.745,520.810317334335,TRUE,,"estimated",TRUE
"pc2001__32__14","employment_rate_age15plus",0.579717866129804,0.0170647230160688,1392,60,2632793.78499999,800.848257878806,TRUE,,"estimated",TRUE
"pc2001__33__01","employment_rate_age15plus",0.466226080852009,0.0284711114572554,843,36,2448139.04000001,327.42747945584,TRUE,,"estimated",TRUE
"pc2001__33__02","employment_rate_age15plus",0.420536592210798,0.0191015994179087,1021,44,3334165.24500004,531.894893796863,TRUE,,"estimated",TRUE
"pc2001__33__03","employment_rate_age15plus",0.473219125046404,0.0248896911471261,926,40,3115394.48,397.650856243387,TRUE,,"estimated",TRUE
"pc2001__33__04","employment_rate_age15plus",0.58690552716146,0.0307103723770004,924,40,2337769.865,350.116017057776,TRUE,,"estimated",TRUE
"pc2001__33__05","employment_rate_age15plus",0.610154797412611,0.0355986180946022,874,36,2127480.65,326.501157355028,TRUE,,"estimated",TRUE
"pc2001__33__06","employment_rate_age15plus",0.65199588536371,0.0476428990709511,623,28,1471775.285,170.146979483292,TRUE,,"estimated",TRUE
"pc2001__33__07","employment_rate_age15plus",0.669134514190222,0.033667124288397,644,28,2102450.935,206.13805479717,TRUE,,"estimated",TRUE
"pc2001__33__08","employment_rate_age15plus",0.710643256980219,0.0195816841189399,890,40,2309200.515,396.791570498502,TRUE,,"estimated",TRUE
"pc2001__33__09","employment_rate_age15plus",0.686034888376473,0.0359947838033055,387,20,1103161.68,175.833358873055,TRUE,,"estimated",TRUE
"pc2001__33__10","employment_rate_age15plus",0.640093307910802,0.0318081662633228,708,36,2166720.895,258.519116238387,TRUE,,"estimated",TRUE
"pc2001__33__11","employment_rate_age15plus",0.579272221084075,0.0289899614249826,368,16,530369.995,133.723210697166,TRUE,,"estimated",TRUE
"pc2001__33__12","employment_rate_age15plus",0.584248113805678,0.0214001394774784,1085,55,3896126.92999999,469.83489601716,TRUE,,"estimated",TRUE
"pc2001__33__13","employment_rate_age15plus",0.632456528653294,0.0249798313555244,602,28,1328590.08,187.024153670179,TRUE,,"estimated",TRUE
"pc2001__33__14","employment_rate_age15plus",0.559448312780295,0.0384258236754603,364,16,793589.889999999,130.983940599323,TRUE,,"estimated",TRUE
"pc2001__33__15","employment_rate_age15plus",0.619838378245647,0.0239765742084399,695,32,1574697.67,285.202374767278,TRUE,,"estimated",TRUE
"pc2001__33__16","employment_rate_age15plus",0.751819118456668,0.0632937500117629,240,12,308899.62,69.0407839179716,FALSE,"low_kish_effective_n","estimated",FALSE
"pc2001__33__17","employment_rate_age15plus",0.664192406349522,0.053565571500024,272,12,604022.269999999,65.9846095154437,FALSE,"low_kish_effective_n","estimated",FALSE
"pc2001__33__18","employment_rate_age15plus",0.61250158118228,0.0514997592768625,685,32,1767427.47,205.773962317071,TRUE,,"estimated",TRUE
"pc2001__33__19","employment_rate_age15plus",0.592276680815228,0.0469013531257131,438,20,1173060.155,124.973789887174,TRUE,,"estimated",TRUE
"pc2001__33__20","employment_rate_age15plus",0.71659868476953,0.0459886694245752,346,16,843371.579999999,119.308063070596,TRUE,,"estimated",TRUE
"pc2001__33__21","employment_rate_age15plus",0.55647913175201,0.0306722539391632,598,28,1581275.415,235.244810872872,TRUE,,"estimated",TRUE
"pc2001__33__22","employment_rate_age15plus",0.606963231028152,0.0372754656150616,458,20,1066805.19,194.344775339216,TRUE,,"estimated",TRUE
"pc2001__33__23","employment_rate_age15plus",0.70709744767098,0.0518574845441119,436,20,936841.989999999,115.749364564328,TRUE,,"estimated",TRUE
"pc2001__33__24","employment_rate_age15plus",0.572283693778703,0.0381789547332159,729,32,2169915.05,285.221170084758,TRUE,,"estimated",TRUE
"pc2001__33__25","employment_rate_age15plus",0.698961746709997,0.0583391389607993,344,16,877523.345,123.173187925562,TRUE,,"estimated",TRUE
"pc2001__33__26","employment_rate_age15plus",0.7081125326447,0.0328113719285911,474,23,1151783.47,237.309377036831,TRUE,,"estimated",TRUE
"pc2001__33__27","employment_rate_age15plus",0.643506533375163,0.0418141813760626,455,20,813059.08,129.657152852846,TRUE,,"estimated",TRUE
"pc2001__33__28","employment_rate_age15plus",0.467904190952326,0.0277254135602951,556,24,1354526.145,232.367853916365,TRUE,,"estimated",TRUE
"pc2001__33__29","employment_rate_age15plus",0.613989664375757,0.0287902363602852,800,36,1942283.265,307.917887854199,TRUE,,"estimated",TRUE
"pc2001__33__30","employment_rate_age15plus",0.39652501874933,0.0206048966595985,543,24,1057564.555,251.962741128072,TRUE,,"estimated",TRUE
"pc2001__34__01","employment_rate_age15plus",0.46858407079646,0.0341814714535206,90,4,23730,42.7673494298729,FALSE,"too_few_psus;low_kish_effective_n","estimated",FALSE
"pc2001__34__02","employment_rate_age15plus",0.554507072108536,0.0251651854322131,1221,52,606239.635000003,566.341299007093,TRUE,,"estimated",TRUE
"pc2001__34__03","employment_rate_age15plus",0.360352422907489,0.0509684129698894,136,4,26814.375,99.7171104908052,FALSE,"too_few_psus;low_kish_effective_n","estimated",FALSE
"pc2001__34__04","employment_rate_age15plus",0.533865742870975,0.0332074031823736,254,12,119965.92,116.445599139556,TRUE,,"estimated",TRUE
"pc2001__35__01","employment_rate_age15plus",0.530300256241121,0.0170650562964424,1423,64,225055.604999999,781.681192245781,TRUE,,"estimated",TRUE
"pc2001__35__02","employment_rate_age15plus",0.579555632739551,0.0643208918184895,166,6,22111.665,64.1209423666055,FALSE,"low_kish_effective_n","estimated",FALSE
"pc2001__01__01","unemployment_rate_age15plus",0.000382274170390069,0.000379780377248032,196,18,98358.7250000001,63.6250197827116,FALSE,"low_kish_effective_n","estimated",FALSE
"pc2001__01__02","unemployment_rate_age15plus",0.0228329671002494,0.0121386660611288,693,38,321263.985,290.970159121813,TRUE,,"estimated",TRUE
"pc2001__01__03","unemployment_rate_age15plus",0.0430410381728713,0.0123419962067847,827,54,331375.255000001,316.149843712191,TRUE,,"estimated",TRUE
"pc2001__01__04","unemployment_rate_age15plus",0.0178276107993106,0.00948866958006824,434,21,232879.495,228.364177248787,TRUE,,"estimated",TRUE
"pc2001__01__05","unemployment_rate_age15plus",0.0292094031464198,0.0180989838800641,375,24,231218.35,112.687859374166,TRUE,,"estimated",TRUE
"pc2001__01__06","unemployment_rate_age15plus",0.0551958012414287,0.0201517521205977,669,47,292324.5,296.672349125445,TRUE,,"estimated",TRUE
"pc2001__01__09","unemployment_rate_age15plus",0.00130120787781334,0.000804160758377923,123,8,218546.94,34.0744572586161,FALSE,"low_kish_effective_n","estimated",FALSE
"pc2001__01__10","unemployment_rate_age15plus",0.011646186913053,0.00540509844680136,493,28,373652.77,206.934256221595,TRUE,,"estimated",TRUE
"pc2001__01__12","unemployment_rate_age15plus",0.0285236792327153,0.0285392987876783,66,3,292228.43,48.7871261694855,FALSE,"too_few_psus;low_kish_effective_n","estimated",FALSE
"pc2001__01__13","unemployment_rate_age15plus",0.0414827080634801,0.0121588937065078,1283,84,709046.524999999,518.314603960333,TRUE,,"estimated",TRUE
"pc2001__01__14","unemployment_rate_age15plus",0.0519795241923584,0.0322126291908974,296,16,331599.13,140.770766192408,TRUE,,"estimated",TRUE
"pc2001__02__01","unemployment_rate_age15plus",0.0334143352710402,0.0105903592624989,377,20,234080.82,223.107804984505,TRUE,,"estimated",TRUE
"pc2001__02__02","unemployment_rate_age15plus",0.0122143398744711,0.00510774863182597,744,44,702961.034999999,529.900653068201,TRUE,,"estimated",TRUE
"pc2001__02__03","unemployment_rate_age15plus",0.0156523220885348,0.0149032980842955,144,8,21302.59,76.4601084053233,FALSE,"low_kish_effective_n","estimated",FALSE
"pc2001__02__04","unemployment_rate_age15plus",0.021043859263471,0.0182945828172001,281,16,210056.765,89.5624128304188,FALSE,"low_kish_effective_n","estimated",FALSE
"pc2001__02__05","unemployment_rate_age15plus",0.0158011984193667,0.00887903305567711,524,32,426554.355,312.038655409164,TRUE,,"estimated",TRUE
"pc2001__02__06","unemployment_rate_age15plus",0.00460346687422127,0.00380502238963846,387,20,240033.225,271.915886398789,TRUE,,"estimated",TRUE
"pc2001__02__07","unemployment_rate_age15plus",0.0397290222816172,0.0150503203193569,352,20,239234.43,219.835084998518,TRUE,,"estimated",TRUE
"pc2001__02__08","unemployment_rate_age15plus",0.0438238387830905,0.0200811688708959,292,16,186773.46,203.515873763805,TRUE,,"estimated",TRUE
"pc2001__02__09","unemployment_rate_age15plus",0.00911892739898399,0.005647707638647,430,24,271173.34,280.11624308767,TRUE,,"estimated",TRUE
"pc2001__02__10","unemployment_rate_age15plus",0.00272902704715154,0.00273763478374906,360,20,199017.815,212.713608680604,TRUE,,"estimated",TRUE
"pc2001__02__11","unemployment_rate_age15plus",0.0110051918469666,0.00792854057719032,459,28,348488.7,197.485921880245,TRUE,,"estimated",TRUE
"pc2001__02__12","unemployment_rate_age15plus",0.0249716694342245,0.00901165530432405,135,8,44148.43,83.2181467056066,FALSE,"low_kish_effective_n","estimated",FALSE
"pc2001__03__01","unemployment_rate_age15plus",0.0975478668727828,0.0247539607238225,434,28,828836.525000001,260.502515692248,TRUE,,"estimated",TRUE
"pc2001__03__02","unemployment_rate_age15plus",0.0143178969638099,0.0044606158742114,570,40,1062237.355,298.31898028676,TRUE,,"estimated",TRUE
"pc2001__03__03","unemployment_rate_age15plus",0.0248418954815699,0.0173860910141918,186,16,265760.115,109.443364883919,TRUE,,"estimated",TRUE
"pc2001__03__04","unemployment_rate_age15plus",0.0256502693915022,0.0138341444819597,395,32,750860.73,189.566514267766,TRUE,,"estimated",TRUE
"pc2001__03__05","unemployment_rate_age15plus",0.0458015110480083,0.0219012830272641,279,20,589464.395,147.033174522224,TRUE,,"estimated",TRUE
"pc2001__03__06","unemployment_rate_age15plus",0.0108535638512887,0.00823785338209257,167,12,241596.22,122.306207998407,TRUE,,"estimated",TRUE
"pc2001__03__07","unemployment_rate_age15plus",0.0153920989683263,0.00814961042968739,131,11,147276.21,67.5461320166806,FALSE,"low_kish_effective_n","estimated",FALSE
"pc2001__03__08","unemployment_rate_age15plus",0.0672666453068044,0.0355850719256304,165,12,173456.175,97.4082185685105,FALSE,"low_kish_effective_n","estimated",FALSE
"pc2001__03__09","unemployment_rate_age15plus",0.0573544377537789,0.0180373830077151,568,44,987488.540000001,237.690261125768,TRUE,,"estimated",TRUE
"pc2001__03__10","unemployment_rate_age15plus",0.0427267839899798,0.0229348310288072,237,16,271962.43,72.7982869993885,FALSE,"low_kish_effective_n","estimated",FALSE
"pc2001__03__11","unemployment_rate_age15plus",0.0162469713880369,0.0113074845900988,413,28,617576.640000001,109.59949604206,TRUE,,"estimated",TRUE
"pc2001__03__12","unemployment_rate_age15plus",0.0110209436608723,0.00997727744821935,204,16,198556.5,56.8463468839132,FALSE,"low_kish_effective_n","estimated",FALSE
"pc2001__03__13","unemployment_rate_age15plus",0.0198594565865929,0.0121560469419054,279,16,280556.015,109.749137553735,TRUE,,"estimated",TRUE
"pc2001__03__14","unemployment_rate_age15plus",0.00871380285967662,0.0067204278138185,339,19,588730.900000001,145.915177327456,TRUE,,"estimated",TRUE
"pc2001__03__15","unemployment_rate_age15plus",0.00549833538395437,0.0043090599632471,230,12,384375.425,83.5431003025774,FALSE,"low_kish_effective_n","estimated",FALSE
"pc2001__03__16","unemployment_rate_age15plus",0.00757924587829528,0.00370360267651597,454,28,684191.420000001,220.015599907582,TRUE,,"estimated",TRUE
"pc2001__03__17","unemployment_rate_age15plus",0.0326368050411501,0.0105736749964377,370,24,733607.195,184.803232664355,TRUE,,"estimated",TRUE
"pc2001__04__01","unemployment_rate_age15plus",0.080309914635425,0.0475793213524769,447,39,335674.369999999,164.634740661852,TRUE,,"estimated",TRUE
"pc2001__05__01","unemployment_rate_age15plus",0.00916509034873851,0.00670118882941535,204,12,169218.19,87.3474351940005,FALSE,"low_kish_effective_n","estimated",FALSE
"pc2001__05__02","unemployment_rate_age15plus",0.0094130442712863,0.00914939541456226,202,12,186818.945,98.3264288380256,FALSE,"low_kish_effective_n","estimated",FALSE
"pc2001__05__03","unemployment_rate_age15plus",0.00604894160086672,0.00612998173973314,190,12,124511.865,61.9361866178431,FALSE,"low_kish_effective_n","estimated",FALSE
"pc2001__05__04","unemployment_rate_age15plus",0.0100011918469851,0.00764592370645917,242,15,307086.4,91.4844024547325,FALSE,"low_kish_effective_n","estimated",FALSE
"pc2001__05__06","unemployment_rate_age15plus",0.0267459448675085,0.0214077428494842,298,20,304845.465000001,124.71337832165,TRUE,,"estimated",TRUE
"pc2001__05__07","unemployment_rate_age15plus",0.0213705549930735,0.0146885571447113,172,12,191936.99,71.7929816812085,FALSE,"low_kish_effective_n","estimated",FALSE
"pc2001__05__08","unemployment_rate_age15plus",0.0706832808820492,0.0304309480164744,172,12,113634.015,80.0584232101802,FALSE,"low_kish_effective_n","estimated",FALSE
"pc2001__05__09","unemployment_rate_age15plus",0.045699362247805,0.027510562969578,242,16,298360.4,103.038320074338,TRUE,,"estimated",TRUE
"pc2001__05__10","unemployment_rate_age15plus",0.0122802229843751,0.00970429485813123,139,8,87798.08,58.4463028171929,FALSE,"low_kish_effective_n","estimated",FALSE
"pc2001__05__12","unemployment_rate_age15plus",0.00991832605671248,0.00609783032945163,353,24,474164.690000001,141.340059505303,TRUE,,"estimated",TRUE
"pc2001__05__13","unemployment_rate_age15plus",0.0094203465345294,0.00595915995725214,334,23,530698.63,110.379059692992,TRUE,,"estimated",TRUE
"pc2001__06__01","unemployment_rate_age15plus",0.0136521615891176,0.0110394153729406,156,12,172834.535,50.5511868999947,FALSE,"low_kish_effective_n","estimated",FALSE
"pc2001__06__02","unemployment_rate_age15plus",0.0327408634631635,0.0198976919412857,241,16,375046.92,148.065334522376,TRUE,,"estimated",TRUE
"pc2001__06__03","unemployment_rate_age15plus",0.0455201071345403,0.0271833879512668,270,20,357837.91,155.532690118562,TRUE,,"estimated",TRUE
"pc2001__06__04","unemployment_rate_age15plus",0.0118704122450932,0.0074771857925532,195,12,346414.675,80.3453194004826,FALSE,"low_kish_effective_n","estimated",FALSE
"pc2001__06__05","unemployment_rate_age15plus",0.00706457788795503,0.00462400239174101,203,12,351946.01,87.8294724688498,FALSE,"low_kish_effective_n","estimated",FALSE
"pc2001__06__06","unemployment_rate_age15plus",0.00911457988644578,0.00595247990428914,319,20,506193.38,100.635387853142,TRUE,,"estimated",TRUE
"pc2001__06__07","unemployment_rate_age15plus",0.00989679444936086,0.00586278941139489,254,16,576079.965,134.999967079449,TRUE,,"estimated",TRUE
"pc2001__06__08","unemployment_rate_age15plus",0.032871963981647,0.0116568812927405,329,20,586268.895000001,142.510287408062,TRUE,,"estimated",TRUE
"pc2001__06__09","unemployment_rate_age15plus",0.0103870356073238,0.00470833380518864,352,20,651665.234999998,127.27456664998,TRUE,,"estimated",TRUE
"pc2001__06__10","unemployment_rate_age15plus",0.0331262665726515,0.0332108142701587,181,12,318600.95,64.0765086008373,FALSE,"low_kish_effective_n","estimated",FALSE
"pc2001__06__11","unemployment_rate_age15plus",0.0501633587675683,0.0327978796398269,271,16,519823.644999999,91.9808453138847,FALSE,"low_kish_effective_n","estimated",FALSE
"pc2001__06__12","unemployment_rate_age15plus",0.0125528029122017,0.00525081851416337,362,24,570994.785,102.197360427912,TRUE,,"estimated",TRUE
"pc2001__06__13","unemployment_rate_age15plus",0.00818542329096433,0.00568540149241148,307,20,584637.45,135.405669439906,TRUE,,"estimated",TRUE
"pc2001__06__14","unemployment_rate_age15plus",0.015240649167875,0.00895656670106725,192,16,241323.71,69.9229671285228,FALSE,"low_kish_effective_n","estimated",FALSE
"pc2001__06__15","unemployment_rate_age15plus",0.0613747457858014,0.0372030667248862,179,12,347981.645,94.7729227908104,FALSE,"low_kish_effective_n","estimated",FALSE
"pc2001__06__16","unemployment_rate_age15plus",0.00763100988580025,0.00755297801804787,178,12,331487.58,68.2163647196837,FALSE,"low_kish_effective_n","estimated",FALSE
"pc2001__06__17","unemployment_rate_age15plus",0.00216568761384836,0.00214626539534093,142,12,295730.555,71.2431954545098,FALSE,"low_kish_effective_n","estimated",FALSE
"pc2001__06__18","unemployment_rate_age15plus",0.00801408060085536,0.00628552363593913,197,16,606261.059999999,33.5922871251654,FALSE,"low_kish_effective_n","estimated",FALSE
"pc2001__06__19","unemployment_rate_age15plus",0.0218463748725962,0.0102072401047715,365,28,727598.290000001,169.483144173011,TRUE,,"estimated",TRUE
"pc2001__07__01","unemployment_rate_age15plus",0.0308215551431254,0.011878685242781,982,98,3073328.7,499.636792039079,TRUE,,"estimated",TRUE
"pc2001__07__02","unemployment_rate_age15plus",0,0,9,1,30671.96,6.56385638349917,FALSE,"too_few_psus;low_kish_effective_n","estimated",FALSE
"pc2001__07__03","unemployment_rate_age15plus",0.00954440317704468,0.00941612125375614,114,12,350285.915,54.5108481122809,FALSE,"low_kish_effective_n","estimated",FALSE
"pc2001__07__04","unemployment_rate_age15plus",0,0,15,2,22723.27,7.51116019075266,FALSE,"too_few_psus;low_kish_effective_n","estimated",FALSE
"pc2001__07__07","unemployment_rate_age15plus",0,0,21,2,71272.43,15.8601174570021,FALSE,"too_few_psus;low_kish_effective_n","estimated",FALSE
"pc2001__07__08","unemployment_rate_age15plus",0.0337238612068559,0.0291843791810766,43,5,126218.05,14.375274423634,FALSE,"low_kish_effective_n","estimated",FALSE
"pc2001__07__09","unemployment_rate_age15plus",0,0,53,6,305149.835,28.5938473442857,FALSE,"low_kish_effective_n","estimated",FALSE
"pc2001__08__01","unemployment_rate_age15plus",0.0004472762201823,0.00045793131196489,309,20,924350.505,101.967318443984,TRUE,,"estimated",TRUE
"pc2001__08__02","unemployment_rate_age15plus",0.000999377406953157,0.00102934985478447,184,12,681424.25,64.8630573177316,FALSE,"low_kish_effective_n","estimated",FALSE
"pc2001__08__03","unemployment_rate_age15plus",0,0,284,16,746093.755000001,81.8411029179259,FALSE,"low_kish_effective_n","estimated",FALSE
"pc2001__08__04","unemployment_rate_age15plus",0.0210488870787432,0.0200109113739799,277,20,790801.905000001,134.281291292966,TRUE,,"estimated",TRUE
"pc2001__08__05","unemployment_rate_age15plus",0.028249203128656,0.0135517220653984,256,16,638252.34,136.91529894755,TRUE,,"estimated",TRUE
"pc2001__08__06","unemployment_rate_age15plus",0.00769957822660557,0.00782657056081291,260,16,1391343.095,94.0186863166619,FALSE,"low_kish_effective_n","estimated",FALSE
"pc2001__08__07","unemployment_rate_age15plus",0.00173630687412746,0.00105121632106566,270,16,1003241.435,100.757723191215,TRUE,,"estimated",TRUE
"pc2001__08__08","unemployment_rate_age15plus",0.0437659402855796,0.0295402246379034,178,12,399043.98,86.4493668521095,FALSE,"low_kish_effective_n","estimated",FALSE
"pc2001__08__09","unemployment_rate_age15plus",0.021866872836291,0.0210715438708329,170,12,449118.86,81.3350910748145,FALSE,"low_kish_effective_n","estimated",FALSE
"pc2001__08__10","unemployment_rate_age15plus",0.0049153745168941,0.00372677975299414,173,12,446685.19,46.2379964145349,FALSE,"low_kish_effective_n","estimated",FALSE
"pc2001__08__11","unemployment_rate_age15plus",0.00105468461753224,0.00108281188353266,180,12,612268.34,64.7995709034095,FALSE,"low_kish_effective_n","estimated",FALSE
"pc2001__08__12","unemployment_rate_age15plus",0.0154811804130622,0.006367560523672,707,48,1968875.705,211.641487947977,TRUE,,"estimated",TRUE
"pc2001__08__13","unemployment_rate_age15plus",0.00555882844048141,0.00357070706970704,336,20,834219.845000001,97.8999836918124,FALSE,"low_kish_effective_n","estimated",FALSE
"pc2001__08__14","unemployment_rate_age15plus",0.00533921284430926,0.00532376700208324,330,20,1157808.31,102.452326410131,TRUE,,"estimated",TRUE
"pc2001__08__15","unemployment_rate_age15plus",0.000182040356506775,0.000189569969538155,334,20,1132990.53,130.321032618999,TRUE,,"estimated",TRUE
"pc2001__08__16","unemployment_rate_age15plus",0,0,176,12,216437.395,97.7068009283448,FALSE,"low_kish_effective_n","estimated",FALSE
"pc2001__08__17","unemployment_rate_age15plus",0.00139990079654967,0.00139844511903007,289,16,858810.854999999,105.818410192207,TRUE,,"estimated",TRUE
"pc2001__08__18","unemployment_rate_age15plus",0,0,260,16,660969.769999999,86.8958582830371,FALSE,"low_kish_effective_n","estimated",FALSE
"pc2001__08__19","unemployment_rate_age15plus",0.00407427373574048,0.00320421001588091,175,12,362891.67,68.0090576751112,FALSE,"low_kish_effective_n","estimated",FALSE
"pc2001__08__20","unemployment_rate_age15plus",0.00703558943257778,0.00689253377692669,212,16,634275.215,103.749565182875,TRUE,,"estimated",TRUE
"pc2001__08__21","unemployment_rate_age15plus",0.0054628924241193,0.00340163901877139,365,20,899268.119999999,157.533812610862,TRUE,,"estimated",TRUE
"pc2001__08__22","unemployment_rate_age15plus",0.0103006980472511,0.0101846626534492,196,11,599521.02,95.7101933179592,FALSE,"low_kish_effective_n","estimated",FALSE
"pc2001__08__23","unemployment_rate_age15plus",0.000360163867091246,0.000358409931029485,160,12,415088.835,56.3252554823221,FALSE,"low_kish_effective_n","estimated",FALSE
"pc2001__08__24","unemployment_rate_age15plus",0.010494773072785,0.00555057469806921,284,16,1138234.235,152.281122114664,TRUE,,"estimated",TRUE
"pc2001__08__25","unemployment_rate_age15plus",0.0087921745682139,0.00603848631435621,222,12,525830.665,115.102256908697,TRUE,,"estimated",TRUE
"pc2001__08__26","unemployment_rate_age15plus",0.00593892769570959,0.00447336536542562,322,20,1258482.235,117.50295595426,TRUE,,"estimated",TRUE
"pc2001__08__27","unemployment_rate_age15plus",0,0,178,12,573655,80.6752622866392,FALSE,"low_kish_effective_n","estimated",FALSE
"pc2001__08__28","unemployment_rate_age15plus",0.00595263749580597,0.00636170482264839,266,16,753840.630000001,108.533740562615,TRUE,,"estimated",TRUE
"pc2001__08__29","unemployment_rate_age15plus",0.011731453559501,0.00827836307308572,270,16,937864.6,133.364302968728,TRUE,,"estimated",TRUE
"pc2001__08__30","unemployment_rate_age15plus",0.0085658617771656,0.00639557957124447,194,16,678151.265,99.9204517393651,FALSE,"low_kish_effective_n","estimated",FALSE
"pc2001__08__31","unemployment_rate_age15plus",0,0,175,12,433103.06,61.9519060599454,FALSE,"low_kish_effective_n","estimated",FALSE
"pc2001__08__32","unemployment_rate_age15plus",0.000453807704689866,0.000467686586149341,185,12,505720.81,75.1244433456962,FALSE,"low_kish_effective_n","estimated",FALSE
"pc2001__09__01","unemployment_rate_age15plus",0.0117493333714344,0.00537887300753077,296,20,956053.39,109.629035978701,TRUE,,"estimated",TRUE
"pc2001__09__02","unemployment_rate_age15plus",0.00238410224693874,0.00195642509518367,323,24,990525.890000001,117.289772489592,TRUE,,"estimated",TRUE
"pc2001__09__03","unemployment_rate_age15plus",0,0,234,20,618998.85,68.6051933192746,FALSE,"low_kish_effective_n","estimated",FALSE
"pc2001__09__04","unemployment_rate_age15plus",0,0,340,24,1168606.91,120.797907121989,TRUE,,"estimated",TRUE
"pc2001__09__05","unemployment_rate_age15plus",0.00336060112416411,0.00287773872396408,158,12,515507.475,57.3395024711537,FALSE,"low_kish_effective_n","estimated",FALSE
"pc2001__09__06","unemployment_rate_age15plus",0,0,154,12,407828.285,53.2103723574659,FALSE,"low_kish_effective_n","estimated",FALSE
"pc2001__09__07","unemployment_rate_age15plus",0.010041045391508,0.00987543249127008,228,20,753588.865,91.7424348728637,FALSE,"low_kish_effective_n","estimated",FALSE
"pc2001__09__08","unemployment_rate_age15plus",0.00572015844057814,0.0058305811245293,161,12,353683.385,69.6346454560299,FALSE,"low_kish_effective_n","estimated",FALSE
"pc2001__09__09","unemployment_rate_age15plus",0,0,328,20,1570567.885,133.834033752532,TRUE,,"estimated",TRUE
"pc2001__09__10","unemployment_rate_age15plus",0,0,149,12,566516.36,56.057290629038,FALSE,"low_kish_effective_n","estimated",FALSE
"pc2001__09__11","unemployment_rate_age15plus",0.0330828183402925,0.0137497716030111,261,20,856916.109999997,103.019727442094,TRUE,,"estimated",TRUE
"pc2001__09__12","unemployment_rate_age15plus",0.0581266347991566,0.0284179272019788,203,16,1095891.5,84.9604401703819,FALSE,"low_kish_effective_n","estimated",FALSE
"pc2001__09__13","unemployment_rate_age15plus",0.00876215434247792,0.00760306987258684,183,12,477250.21,94.224230974425,FALSE,"low_kish_effective_n","estimated",FALSE
"pc2001__09__14","unemployment_rate_age15plus",0.0164904747582096,0.00967603268303862,192,16,561830.095,56.8284065087933,FALSE,"low_kish_effective_n","estimated",FALSE
"pc2001__09__15","unemployment_rate_age15plus",0.0251129835969653,0.0200067152465502,247,20,951499.844999999,93.4105353551811,FALSE,"low_kish_effective_n","estimated",FALSE
"pc2001__09__16","unemployment_rate_age15plus",0.00344749661811575,0.00346173240216509,254,16,876778.235,104.08031548239,TRUE,,"estimated",TRUE
"pc2001__09__17","unemployment_rate_age15plus",0.0102515670643614,0.00459311309375439,222,16,977094.52,88.8061509510725,FALSE,"low_kish_effective_n","estimated",FALSE
"pc2001__09__18","unemployment_rate_age15plus",0,0,138,12,459408.39,48.1477909632516,FALSE,"low_kish_effective_n","estimated",FALSE
"pc2001__09__19","unemployment_rate_age15plus",0,0,300,24,918492.125,89.9962629014518,FALSE,"low_kish_effective_n","estimated",FALSE
"pc2001__09__20","unemployment_rate_age15plus",0,0,289,24,1101083.95,143.153552521354,TRUE,,"estimated",TRUE
"pc2001__09__21","unemployment_rate_age15plus",0.0176583337383972,0.00690407930169036,149,12,547135.995,44.2857696903897,FALSE,"low_kish_effective_n","estimated",FALSE
"pc2001__09__22","unemployment_rate_age15plus",0.00389707822144715,0.00214977304063639,173,12,944556.355,52.2607204370475,FALSE,"low_kish_effective_n","estimated",FALSE
"pc2001__09__23","unemployment_rate_age15plus",0.002431391111023,0.00214130870096301,215,20,913715.604999999,70.8783331097748,FALSE,"low_kish_effective_n","estimated",FALSE
"pc2001__09__24","unemployment_rate_age15plus",0.00351532317849551,0.00352126100469249,221,20,1141448.395,92.86197033166,FALSE,"low_kish_effective_n","estimated",FALSE
"pc2001__09__25","unemployment_rate_age15plus",0,0,228,20,1070951.29,65.8303033724107,FALSE,"low_kish_effective_n","estimated",FALSE
"pc2001__09__26","unemployment_rate_age15plus",0.00665747739124119,0.00496664370833688,232,16,1304252.27,63.6415752850905,FALSE,"low_kish_effective_n","estimated",FALSE
"pc2001__09__27","unemployment_rate_age15plus",0.0102205742380145,0.00567815731047147,340,24,1534358.015,94.046107437727,FALSE,"low_kish_effective_n","estimated",FALSE
"pc2001__09__28","unemployment_rate_age15plus",0.0428380029759716,0.0212839273570165,254,20,1023185.185,84.2886894291183,FALSE,"low_kish_effective_n","estimated",FALSE
"pc2001__09__29","unemployment_rate_age15plus",0.000698665609397903,0.000681808209186489,124,11,438135.205,43.3569113312417,FALSE,"low_kish_effective_n","estimated",FALSE
"pc2001__09__30","unemployment_rate_age15plus",0.00136437517623969,0.0013274911599772,158,12,395785.565,55.0991402319158,FALSE,"low_kish_effective_n","estimated",FALSE
"pc2001__09__31","unemployment_rate_age15plus",0.00618393522050658,0.00492821375590548,153,12,461266.96,53.5810356241499,FALSE,"low_kish_effective_n","estimated",FALSE
"pc2001__09__32","unemployment_rate_age15plus",0.00518555727605833,0.0052144227877337,135,12,365920.17,45.7734423281803,FALSE,"low_kish_effective_n","estimated",FALSE
"pc2001__09__33","unemployment_rate_age15plus",0,0,159,12,466570.775,39.3930000925115,FALSE,"low_kish_effective_n","estimated",FALSE
"pc2001__09__34","unemployment_rate_age15plus",0.0440943925441822,0.01956860653331,321,24,1121439.42,137.485789112109,TRUE,,"estimated",TRUE
"pc2001__09__35","unemployment_rate_age15plus",0.0230954671137419,0.0164337059197787,204,12,647956.585,104.776538144661,TRUE,,"estimated",TRUE
"pc2001__09__36","unemployment_rate_age15plus",0.021658773731908,0.0104626995485329,253,16,820799.47,133.576838757636,TRUE,,"estimated",TRUE
"pc2001__09__37","unemployment_rate_age15plus",0.00675018989829329,0.00677207690385745,204,12,435700.335,96.1689344089971,FALSE,"low_kish_effective_n","estimated",FALSE
"pc2001__09__38","unemployment_rate_age15plus",0.0120332267904714,0.00701838896062874,234,12,558479.46,136.998965336887,TRUE,,"estimated",TRUE
"pc2001__09__39","unemployment_rate_age15plus",0.0148711140465759,0.0099353606705652,220,12,293983.355,127.716432842459,TRUE,,"estimated",TRUE
"pc2001__09__40","unemployment_rate_age15plus",0,0,166,12,507942.425,56.5653809721225,FALSE,"low_kish_effective_n","estimated",FALSE
"pc2001__09__41","unemployment_rate_age15plus",0.00527622326352037,0.0055057379913382,204,12,332564.585,60.6760722668205,FALSE,"low_kish_effective_n","estimated",FALSE
"pc2001__09__42","unemployment_rate_age15plus",0.0192517253984362,0.0197108098460011,201,12,1141824.67,60.233418068674,FALSE,"low_kish_effective_n","estimated",FALSE
"pc2001__09__43","unemployment_rate_age15plus",0.0178548678171437,0.00924897749679318,286,20,873924.980000001,117.567247636765,TRUE,,"estimated",TRUE
"pc2001__09__44","unemployment_rate_age15plus",0.0138523356419905,0.0145231831223198,179,12,483657.065,50.9006962535562,FALSE,"low_kish_effective_n","estimated",FALSE
"pc2001__09__45","unemployment_rate_age15plus",0.0438847914248327,0.0142021688370872,339,24,1739571.9,160.718581004564,TRUE,,"estimated",TRUE
"pc2001__09__46","unemployment_rate_age15plus",0.000848568418464037,0.000637764121104061,279,20,1117046.05,79.4931866896088,FALSE,"low_kish_effective_n","estimated",FALSE
"pc2001__09__47","unemployment_rate_age15plus",0.00588415361009861,0.00396501453763062,197,12,722868.62,69.5276826264626,FALSE,"low_kish_effective_n","estimated",FALSE
"pc2001__09__48","unemployment_rate_age15plus",0.0021822915847818,0.00226379239814805,204,12,679943.51,73.3120418812515,FALSE,"low_kish_effective_n","estimated",FALSE
"pc2001__09__49","unemployment_rate_age15plus",0.02493391870303,0.0190416521978898,305,20,989410.059999999,95.2881917825849,FALSE,"low_kish_effective_n","estimated",FALSE
"pc2001__09__50","unemployment_rate_age15plus",0.00337839303688023,0.00334507808254,140,12,754796.724999999,35.9759965355585,FALSE,"low_kish_effective_n","estimated",FALSE
"pc2001__09__51","unemployment_rate_age15plus",0.000221180829654935,0.000224050541134218,159,12,274662.14,25.4177556024252,FALSE,"low_kish_effective_n","estimated",FALSE
"pc2001__09__52","unemployment_rate_age15plus",0.00752698646517523,0.00757883236540693,171,12,669266.515,52.864847058348,FALSE,"low_kish_effective_n","estimated",FALSE
"pc2001__09__53","unemployment_rate_age15plus",0,0,260,20,774462.815000001,67.4932957717526,FALSE,"low_kish_effective_n","estimated",FALSE
"pc2001__09__54","unemployment_rate_age15plus",0.000513291084446301,0.00051634403266537,184,12,660931.02,50.2799410278824,FALSE,"low_kish_effective_n","estimated",FALSE
"pc2001__09__55","unemployment_rate_age15plus",0.0349968482689523,0.0313529014852068,200,12,801035.99,71.1834243195844,FALSE,"low_kish_effective_n","estimated",FALSE
"pc2001__09__56","unemployment_rate_age15plus",0.00291448517837147,0.00297593572170572,140,12,437084.055,52.2310315494637,FALSE,"low_kish_effective_n","estimated",FALSE
"pc2001__09__57","unemployment_rate_age15plus",0.0474021580919879,0.0424300719168654,187,12,868140.01,65.7062939510075,FALSE,"low_kish_effective_n","estimated",FALSE
"pc2001__09__58","unemployment_rate_age15plus",0.00628587819364802,0.00414825590759577,351,23,1295099.865,148.323788354095,TRUE,,"estimated",TRUE
"pc2001__09__59","unemployment_rate_age15plus",0.00515052297782227,0.00489030889492976,293,20,1065134.555,125.511916109996,TRUE,,"estimated",TRUE
"pc2001__09__60","unemployment_rate_age15plus",0.0152225123850229,0.00753437163186909,288,20,904725.820000001,126.369064587424,TRUE,,"estimated",TRUE
"pc2001__09__61","unemployment_rate_age15plus",0.0337655937840252,0.0187647926839745,358,20,1274122.27,134.597082036927,TRUE,,"estimated",TRUE
"pc2001__09__62","unemployment_rate_age15plus",0.0197679856638332,0.0105949174904854,208,12,649163.764999999,96.3656564806647,FALSE,"low_kish_effective_n","estimated",FALSE
"pc2001__09__63","unemployment_rate_age15plus",0.00933519060536106,0.0063578863769538,320,20,746664.989999999,94.5893325391369,FALSE,"low_kish_effective_n","estimated",FALSE
"pc2001__09__64","unemployment_rate_age15plus",0.0323998393680664,0.00975975151585448,365,20,1331528.515,159.515990634972,TRUE,,"estimated",TRUE
"pc2001__09__65","unemployment_rate_age15plus",0.00150238302553982,0.00149768712249458,358,20,1108585.475,93.0928297639717,FALSE,"low_kish_effective_n","estimated",FALSE
"pc2001__09__66","unemployment_rate_age15plus",0.00571399716637056,0.00332257320410555,171,12,604108.63,58.1918911697563,FALSE,"low_kish_effective_n","estimated",FALSE
"pc2001__09__67","unemployment_rate_age15plus",0.0392394631781518,0.0226558037445637,296,20,969300.339999998,136.591988832922,TRUE,,"estimated",TRUE
"pc2001__09__68","unemployment_rate_age15plus",0.00298245547108629,0.0031110440869681,205,12,441699.805,74.1839304280091,FALSE,"low_kish_effective_n","estimated",FALSE
"pc2001__09__69","unemployment_rate_age15plus",0.0164054571043518,0.0110896675996487,166,12,852359.365,68.5597793493152,FALSE,"low_kish_effective_n","estimated",FALSE
"pc2001__09__70","unemployment_rate_age15plus",0.00285479418579246,0.00297725606354359,165,12,445960.345,56.1096053047022,FALSE,"low_kish_effective_n","estimated",FALSE
"pc2001__10__01","unemployment_rate_age15plus",0.018980951720264,0.0143292036975267,176,16,753326.82,51.4327281959389,FALSE,"low_kish_effective_n","estimated",FALSE
"pc2001__10__02","unemployment_rate_age15plus",0.039849273170352,0.033861733526721,233,20,973250.75,67.749230559821,FALSE,"low_kish_effective_n","estimated",FALSE
"pc2001__10__03","unemployment_rate_age15plus",0,0,133,12,111499.46,20.7578229702246,FALSE,"low_kish_effective_n","estimated",FALSE
"pc2001__10__04","unemployment_rate_age15plus",0.00265509875144554,0.00267430159667063,160,16,654212.955,44.4487633932821,FALSE,"low_kish_effective_n","estimated",FALSE
"pc2001__10__05","unemployment_rate_age15plus",0.0264084312700403,0.0175679476110991,184,20,816678.385,54.7267611017816,FALSE,"low_kish_effective_n","estimated",FALSE
"pc2001__10__06","unemployment_rate_age15plus",0.107635075740123,0.0732508811959807,109,12,388563.205,25.8566418685344,FALSE,"low_kish_effective_n","estimated",FALSE
"pc2001__10__07","unemployment_rate_age15plus",0,0,160,16,550060.495,35.1467156172883,FALSE,"low_kish_effective_n","estimated",FALSE
"pc2001__10__08","unemployment_rate_age15plus",0.0120486235585092,0.0118776356232346,102,12,279119.02,28.0754500351123,FALSE,"low_kish_effective_n","estimated",FALSE
"pc2001__10__09","unemployment_rate_age15plus",0.0445973065957364,0.0433354988102579,148,16,671330.340000001,34.8184334215601,FALSE,"low_kish_effective_n","estimated",FALSE
"pc2001__10__10","unemployment_rate_age15plus",0.0249093819685468,0.0120445302169827,151,16,565276.57,33.5298469836636,FALSE,"low_kish_effective_n","estimated",FALSE
"pc2001__10__11","unemployment_rate_age15plus",0.0102079024842223,0.00803125995360266,118,12,541002.915,25.184678991669,FALSE,"low_kish_effective_n","estimated",FALSE
"pc2001__10__12","unemployment_rate_age15plus",0.0384227605407331,0.0254528847723371,136,12,440164.235,48.1175715468944,FALSE,"low_kish_effective_n","estimated",FALSE
"pc2001__10__13","unemployment_rate_age15plus",0.00540672640533653,0.00365434120787752,192,20,757022.77,58.2671888402731,FALSE,"low_kish_effective_n","estimated",FALSE
"pc2001__10__14","unemployment_rate_age15plus",0.0249966794810428,0.0220564727014412,213,20,1030825.315,59.494032417416,FALSE,"low_kish_effective_n","estimated",FALSE
"pc2001__10__15","unemployment_rate_age15plus",0.0179208134421547,0.0171466765298821,205,16,669105.23,33.4718792685275,FALSE,"low_kish_effective_n","estimated",FALSE
"pc2001__10__16","unemployment_rate_age15plus",0.0028324400905679,0.00235551552857525,193,16,635494.465,57.6113320775508,FALSE,"low_kish_effective_n","estimated",FALSE
"pc2001__10__17","unemployment_rate_age15plus",0.00959211341345098,0.00561023701984979,243,20,899031.28,88.0267401794625,FALSE,"low_kish_effective_n","estimated",FALSE
"pc2001__10__18","unemployment_rate_age15plus",0,0,181,16,846448.540000001,70.5962347810959,FALSE,"low_kish_effective_n","estimated",FALSE
"pc2001__10__19","unemployment_rate_age15plus",0.0551014726791299,0.0211074736993093,243,20,1055831.49,93.4786695114086,FALSE,"low_kish_effective_n","estimated",FALSE
"pc2001__10__20","unemployment_rate_age15plus",0.0872555579983942,0.0806476446816942,155,16,599461.985,41.0026920792152,FALSE,"low_kish_effective_n","estimated",FALSE
"pc2001__10__21","unemployment_rate_age15plus",0.00663708264792005,0.00515380927487567,150,12,364877.18,25.5880827531696,FALSE,"low_kish_effective_n","estimated",FALSE
"pc2001__10__22","unemployment_rate_age15plus",0.00177197908613772,0.00177170112426768,146,14,662442.92,47.9731859113118,FALSE,"low_kish_effective_n","estimated",FALSE
"pc2001__10__23","unemployment_rate_age15plus",0,0,145,12,554783.9,49.6840583186764,FALSE,"low_kish_effective_n","estimated",FALSE
"pc2001__10__24","unemployment_rate_age15plus",0.0250036453140207,0.0215306853797435,141,11,373184.585,47.1957508485465,FALSE,"low_kish_effective_n","estimated",FALSE
"pc2001__10__25","unemployment_rate_age15plus",0,0,123,11,231108.845,35.7215129529637,FALSE,"low_kish_effective_n","estimated",FALSE
"pc2001__10__26","unemployment_rate_age15plus",0.00297636693271522,0.00308463370777257,126,12,152135.14,42.0108011871587,FALSE,"low_kish_effective_n","estimated",FALSE
"pc2001__10__27","unemployment_rate_age15plus",0.0226726358591163,0.0156582327640901,192,16,768624.35,44.5885446844306,FALSE,"low_kish_effective_n","estimated",FALSE
"pc2001__10__28","unemployment_rate_age15plus",0.065446985976952,0.0254940253229645,341,28,1682136.44,127.039023028871,TRUE,,"estimated",TRUE
"pc2001__10__29","unemployment_rate_age15plus",0.00429614809489643,0.00439647660038205,214,16,663821.39,55.261381685092,FALSE,"low_kish_effective_n","estimated",FALSE
"pc2001__10__30","unemployment_rate_age15plus",0.00368643539872397,0.00336472142602988,147,12,391764.63,41.4240027353922,FALSE,"low_kish_effective_n","estimated",FALSE
"pc2001__10__31","unemployment_rate_age15plus",0.0151558046889543,0.0139579017485166,148,12,423899.63,34.8476810125563,FALSE,"low_kish_effective_n","estimated",FALSE
"pc2001__10__32","unemployment_rate_age15plus",0.0138940681692526,0.0115979800694389,199,16,630745.07,66.1979557888593,FALSE,"low_kish_effective_n","estimated",FALSE
"pc2001__10__33","unemployment_rate_age15plus",0.050049191278938,0.0448915841112294,116,12,272568.64,55.9744829671245,FALSE,"low_kish_effective_n","estimated",FALSE
"pc2001__10__34","unemployment_rate_age15plus",0.0194559223506945,0.0131415288065975,130,12,540646.175,34.5494445709728,FALSE,"low_kish_effective_n","estimated",FALSE
"pc2001__10__35","unemployment_rate_age15plus",0.00168429289856841,0.00168384159898663,187,19,869735.9,61.5840653042438,FALSE,"low_kish_effective_n","estimated",FALSE
"pc2001__10__36","unemployment_rate_age15plus",0.00213634729103325,0.00199215097592508,125,12,376713.095,29.2595449172554,FALSE,"low_kish_effective_n","estimated",FALSE
"pc2001__10__37","unemployment_rate_age15plus",0.00464565893414014,0.00467759665360346,183,12,501382.05,53.176613059444,FALSE,"low_kish_effective_n","estimated",FALSE
"pc2001__11__01","unemployment_rate_age15plus",0.0547933939705455,0.0497509196052702,153,12,16780.125,45.8138649324384,FALSE,"low_kish_effective_n","estimated",FALSE
"pc2001__11__02","unemployment_rate_age15plus",0.0224110576784297,0.00898052179595603,366,24,54561.905,127.77939644822,TRUE,,"estimated",TRUE
"pc2001__11__03","unemployment_rate_age15plus",0.0382770036788,0.0135442030435764,350,24,53703.6549999999,142.611045463579,TRUE,,"estimated",TRUE
"pc2001__11__04","unemployment_rate_age15plus",0.0451038848635666,0.015367710510517,518,36,116642.835,215.619655354775,TRUE,,"estimated",TRUE
"pc2001__12__01","unemployment_rate_age15plus",0,0,82,8,9855.975,33.0633649759601,FALSE,"low_kish_effective_n","estimated",FALSE
"pc2001__12__02","unemployment_rate_age15plus",0,0,144,10,16255.85,100.000710294019,TRUE,,"estimated",TRUE
"pc2001__12__03","unemployment_rate_age15plus",0,0,176,12,25900.555,112.732064311666,TRUE,,"estimated",TRUE
"pc2001__12__04","unemployment_rate_age15plus",0.00495847164576013,0.00363627148088957,329,32,29240.865,189.320218205509,TRUE,,"estimated",TRUE
"pc2001__12__05","unemployment_rate_age15plus",0.0175251085528954,0.0153407313934787,125,12,24003.275,74.6992474227355,FALSE,"low_kish_effective_n","estimated",FALSE
"pc2001__12__06","unemployment_rate_age15plus",0.0155505043181613,0.0121530859488993,154,12,20102.885,95.6496109065163,FALSE,"low_kish_effective_n","estimated",FALSE
"pc2001__12__07","unemployment_rate_age15plus",0.0322241739517718,0.0179445094961771,335,20,43289.24,242.0762820197,TRUE,,"estimated",TRUE
"pc2001__12__08","unemployment_rate_age15plus",0.0151825512233882,0.00959846231096534,236,20,24333.855,129.194646210223,TRUE,,"estimated",TRUE
"pc2001__12__09","unemployment_rate_age15plus",0,0,62,4,13460.325,31.2000430795004,FALSE,"too_few_psus;low_kish_effective_n","estimated",FALSE
"pc2001__12__10","unemployment_rate_age15plus",0.00891228459435437,0.00777375416273154,178,16,18839.165,73.853593110096,FALSE,"low_kish_effective_n","estimated",FALSE
"pc2001__12__11","unemployment_rate_age15plus",0.0444474997418467,0.028736902683316,274,18,43094.55,106.646691107452,TRUE,,"estimated",TRUE
"pc2001__12__12","unemployment_rate_age15plus",0.0167095771539024,0.0103615945647203,255,15,61047.6250000001,97.7309052561689,FALSE,"low_kish_effective_n","estimated",FALSE
"pc2001__12__13","unemployment_rate_age15plus",0.000866732460886233,0.00086172705976686,315,16,46138.805,119.951396489554,TRUE,,"estimated",TRUE
"pc2001__13__01","unemployment_rate_age15plus",0.0130201317847128,0.00495347352489888,243,12,43671.985,99.2357084579959,FALSE,"low_kish_effective_n","estimated",FALSE
"pc2001__13__02","unemployment_rate_age15plus",0.127146150394419,0.0410934551847902,285,20,52069.685,125.384582781478,TRUE,,"estimated",TRUE
"pc2001__13__03","unemployment_rate_age15plus",0.13141233454299,0.0317843410121595,146,12,64792.51,69.5849414262846,FALSE,"low_kish_effective_n","estimated",FALSE
"pc2001__13__04","unemployment_rate_age15plus",0.0910340915178124,0.0276398928003068,200,12,30988.94,100.414801379212,TRUE,,"estimated",TRUE
"pc2001__13__05","unemployment_rate_age15plus",0.0688142800321253,0.0426491431084144,183,12,30144.47,75.0166428110518,FALSE,"low_kish_effective_n","estimated",FALSE
"pc2001__13__06","unemployment_rate_age15plus",0.148546562191171,0.0338548705736159,199,16,61401.32,116.43820701108,TRUE,,"estimated",TRUE
"pc2001__13__07","unemployment_rate_age15plus",0.128479969054459,0.0268315283960856,387,24,99245.315,172.044817160498,TRUE,,"estimated",TRUE
"pc2001__13__08","unemployment_rate_age15plus",0.0569391604333247,0.0177753103155082,217,12,43422.4,97.0857289376083,FALSE,"low_kish_effective_n","estimated",FALSE
"pc2001__14__01","unemployment_rate_age15plus",0.0133671446999291,0.0129866131148869,278,16,87631.2800000001,135.443851076828,TRUE,,"estimated",TRUE
"pc2001__14__02","unemployment_rate_age15plus",0.000153475160289349,0.00015760363768687,307,12,46098.665,147.805745838043,TRUE,,"estimated",TRUE
"pc2001__14__03","unemployment_rate_age15plus",0.02008152111429,0.0123945040758763,404,24,90240.425,172.14285286235,TRUE,,"estimated",TRUE
"pc2001__14__04","unemployment_rate_age15plus",0.0312502640683084,0.011414044868424,431,36,60945.4049999999,132.584646354003,TRUE,,"estimated",TRUE
"pc2001__14__05","unemployment_rate_age15plus",0.0216759104252094,0.0110035356127005,662,60,96560.65,258.857982930374,TRUE,,"estimated",TRUE
"pc2001__14__06","unemployment_rate_age15plus",0.0666891825566307,0.0136562350764444,1344,100,169006.57,532.712965049394,TRUE,,"estimated",TRUE
"pc2001__14__07","unemployment_rate_age15plus",0.0745312389274634,0.0197790380590933,551,40,102872.77,305.940504356528,TRUE,,"estimated",TRUE
"pc2001__14__08","unemployment_rate_age15plus",0.080531151315776,0.0284329755752775,239,16,48709.66,132.852530102326,TRUE,,"estimated",TRUE
"pc2001__14__09","unemployment_rate_age15plus",0,0,221,16,38885.815,130.941342468538,TRUE,,"estimated",TRUE
"pc2001__15__01","unemployment_rate_age15plus",0.0546717047931217,0.0375998402941296,183,12,29172.22,77.5488858011213,FALSE,"low_kish_effective_n","estimated",FALSE
"pc2001__15__02","unemployment_rate_age15plus",0.00602339184569458,0.00349742592429365,199,11,26719.995,78.3369081553985,FALSE,"low_kish_effective_n","estimated",FALSE
"pc2001__15__03","unemployment_rate_age15plus",0.0368799210488189,0.00765068951242918,1186,76,115438.425,621.486862898915,TRUE,,"estimated",TRUE
"pc2001__15__04","unemployment_rate_age15plus",0.00600185899543293,0.00433641793818247,419,24,52851.125,141.273930190532,TRUE,,"estimated",TRUE
"pc2001__15__05","unemployment_rate_age15plus",0.00405079258308082,0.00286678225722574,224,12,29316.485,87.8491243964084,FALSE,"low_kish_effective_n","estimated",FALSE
"pc2001__15__06","unemployment_rate_age15plus",0.00546063204256222,0.0027502374542869,411,32,46881.02,184.797869612965,TRUE,,"estimated",TRUE
"pc2001__15__07","unemployment_rate_age15plus",0,0,179,12,31163.51,95.5898424583669,FALSE,"low_kish_effective_n","estimated",FALSE
"pc2001__15__08","unemployment_rate_age15plus",0.00187582227914874,0.00184983959278065,194,12,19252.89,77.5776281284691,FALSE,"low_kish_effective_n","estimated",FALSE
"pc2001__16__01","unemployment_rate_age15plus",0.144396589402849,0.0138542402790363,1577,112,722991.28,616.94574000498,TRUE,,"estimated",TRUE
"pc2001__16__02","unemployment_rate_age15plus",0.0893699355420306,0.0223056016295438,613,52,273064.759999999,246.77972669381,TRUE,,"estimated",TRUE
"pc2001__16__03","unemployment_rate_age15plus",0.0996804370674236,0.0295317174913646,340,28,138547.045,147.448135100442,TRUE,,"estimated",TRUE
"pc2001__16__04","unemployment_rate_age15plus",0.0120184398983983,0.00701723601553868,543,40,263767.18,200.16759373324,TRUE,,"estimated",TRUE
"pc2001__17__01","unemployment_rate_age15plus",0.00173041349735583,0.00101851010539296,528,32,252763.285000001,241.811033765978,TRUE,,"estimated",TRUE
"pc2001__17__02","unemployment_rate_age15plus",0.004756574372139,0.00489914262716884,291,16,140890.26,135.170773641357,TRUE,,"estimated",TRUE
"pc2001__17__03","unemployment_rate_age15plus",0,0,220,12,70126.195,96.9768577638969,FALSE,"low_kish_effective_n","estimated",FALSE
"pc2001__17__04","unemployment_rate_age15plus",0.0146141399642165,0.0120368307341033,379,20,133117.31,190.945309145722,TRUE,,"estimated",TRUE
"pc2001__17__05","unemployment_rate_age15plus",0.00398994382248785,0.00238526491175666,267,16,93214.3449999998,105.408108759478,TRUE,,"estimated",TRUE
"pc2001__17__06","unemployment_rate_age15plus",0.0220248883857275,0.00473707282652215,644,43,284512.225,265.607113607064,TRUE,,"estimated",TRUE
"pc2001__17__07","unemployment_rate_age15plus",0.0121532852854798,0.00506397204301467,366,20,126024.36,170.752832926575,TRUE,,"estimated",TRUE
"pc2001__18__01","unemployment_rate_age15plus",0.0811721975805215,0.0644058364797447,174,15,247980.72,49.5914343109943,FALSE,"low_kish_effective_n","estimated",FALSE
"pc2001__18__02","unemployment_rate_age15plus",0.0103190520565652,0.00537518352703251,233,20,703428.47,65.6953921416467,FALSE,"low_kish_effective_n","estimated",FALSE
"pc2001__18__03","unemployment_rate_age15plus",0.00580457622619576,0.00390658089581294,177,16,207726.62,58.0107373601195,FALSE,"low_kish_effective_n","estimated",FALSE
"pc2001__18__04","unemployment_rate_age15plus",0.0208418212999346,0.00671514672226244,133,12,103430.74,48.4437642307709,FALSE,"low_kish_effective_n","estimated",FALSE
"pc2001__18__05","unemployment_rate_age15plus",0.0279550968737261,0.0131880240898703,303,24,509089.275,119.616685918294,TRUE,,"estimated",TRUE
"pc2001__18__06","unemployment_rate_age15plus",0.112593260681253,0.0523627475550434,279,20,513937.11,120.644937562483,TRUE,,"estimated",TRUE
"pc2001__18__07","unemployment_rate_age15plus",0.133837240763668,0.0683456844886952,140,12,245373.11,49.2893103445696,FALSE,"low_kish_effective_n","estimated",FALSE
"pc2001__18__08","unemployment_rate_age15plus",0.0123463246408384,0.0063195859641305,224,16,236060.535,73.9717350881777,FALSE,"low_kish_effective_n","estimated",FALSE
"pc2001__18__09","unemployment_rate_age15plus",0.00221065831820231,0.00210298875077015,215,16,366743.695,47.174047774104,FALSE,"low_kish_effective_n","estimated",FALSE
"pc2001__18__10","unemployment_rate_age15plus",0.0449600675005994,0.0253950453522639,345,24,834694.81,123.082549006855,TRUE,,"estimated",TRUE
"pc2001__18__11","unemployment_rate_age15plus",0.0149867015641794,0.0091034052502336,367,24,686864.614999999,133.066088477739,TRUE,,"estimated",TRUE
"pc2001__18__12","unemployment_rate_age15plus",0.021372611791381,0.0160956855782089,236,16,463053.14,73.4463378946346,FALSE,"low_kish_effective_n","estimated",FALSE
"pc2001__18__13","unemployment_rate_age15plus",0.00987171048710317,0.00402266647067777,193,12,319613.81,79.1353235882717,FALSE,"low_kish_effective_n","estimated",FALSE
"pc2001__18__14","unemployment_rate_age15plus",0.0866666581582059,0.0340065700147541,266,16,489708.625,87.6386216329957,FALSE,"low_kish_effective_n","estimated",FALSE
"pc2001__18__15","unemployment_rate_age15plus",0.0159565015036044,0.0102579852957543,249,16,533403.265,96.3133112924132,FALSE,"low_kish_effective_n","estimated",FALSE
"pc2001__18__16","unemployment_rate_age15plus",0.10561494431771,0.0382098745645653,222,16,368123.33,89.3676151177764,FALSE,"low_kish_effective_n","estimated",FALSE
"pc2001__18__17","unemployment_rate_age15plus",0.0585374294678354,0.0229266110715402,279,16,420940.93,77.455015360906,FALSE,"low_kish_effective_n","estimated",FALSE
"pc2001__18__18","unemployment_rate_age15plus",0.0170416606516957,0.015083981931659,181,16,304968.225,51.5321180061785,FALSE,"low_kish_effective_n","estimated",FALSE
"pc2001__18__19","unemployment_rate_age15plus",0.0347741453329393,0.0104719125347546,232,16,328284.559999999,120.536297428143,TRUE,,"estimated",TRUE
"pc2001__18__20","unemployment_rate_age15plus",0.0291024602791233,0.0123420096505715,155,12,96947.13,81.7894609156902,FALSE,"low_kish_effective_n","estimated",FALSE
"pc2001__18__21","unemployment_rate_age15plus",0.0218777349260805,0.00904532915463148,253,20,477977.954999999,149.330503040696,TRUE,,"estimated",TRUE
"pc2001__18__22","unemployment_rate_age15plus",0.0279727587518259,0.0184063981305256,210,16,398558.83,72.7529789525029,FALSE,"low_kish_effective_n","estimated",FALSE
"pc2001__18__23","unemployment_rate_age15plus",0.0799704669756791,0.050814355821768,136,12,155554.675,55.5952098379337,FALSE,"low_kish_effective_n","estimated",FALSE
"pc2001__19__01","unemployment_rate_age15plus",0.0603243302174721,0.0489957234987021,239,20,604091.415000001,82.9055696310341,FALSE,"low_kish_effective_n","estimated",FALSE
"pc2001__19__02","unemployment_rate_age15plus",0.0280393180033067,0.0166115860887857,349,32,1032114.975,96.75465736575,FALSE,"low_kish_effective_n","estimated",FALSE
"pc2001__19__03","unemployment_rate_age15plus",0.0246317529637943,0.0143007971740721,298,24,915043.685,75.1604765332126,FALSE,"low_kish_effective_n","estimated",FALSE
"pc2001__19__04","unemployment_rate_age15plus",0.000848274014107168,0.000554433775531338,320,24,888863.725,113.026154731583,TRUE,,"estimated",TRUE
"pc2001__19__05","unemployment_rate_age15plus",0.00127165773106473,0.00110222248485244,261,20,531357.600000001,53.620037774465,FALSE,"low_kish_effective_n","estimated",FALSE
"pc2001__19__06","unemployment_rate_age15plus",0.0147778064459192,0.00857408149809639,415,32,1281775.145,125.08516869634,TRUE,,"estimated",TRUE
"pc2001__19__07","unemployment_rate_age15plus",0.0239543172631159,0.0127023889717384,578,48,2007032.99,180.381575278026,TRUE,,"estimated",TRUE
"pc2001__19__08","unemployment_rate_age15plus",0.0810802434642938,0.0362535683541966,278,28,907013.495,82.2997500758906,FALSE,"low_kish_effective_n","estimated",FALSE
"pc2001__19__09","unemployment_rate_age15plus",0.0286967838206355,0.00730221511443702,863,68,2481332.07,297.699960760008,TRUE,,"estimated",TRUE
"pc2001__19__10","unemployment_rate_age15plus",0.0235716849048481,0.0106071019310805,606,44,2119128.955,195.312630253468,TRUE,,"estimated",TRUE
"pc2001__19__11","unemployment_rate_age15plus",0.0311272925619937,0.00861231439003763,1125,92,3431631.57499999,398.69775019679,TRUE,,"estimated",TRUE
"pc2001__19__12","unemployment_rate_age15plus",0.0220633842061075,0.0103539271342881,563,52,1670562.85,181.942756258727,TRUE,,"estimated",TRUE
"pc2001__19__13","unemployment_rate_age15plus",0.0014275516130598,0.00101886093631788,327,32,1052060.035,119.715340887159,TRUE,,"estimated",TRUE
"pc2001__19__14","unemployment_rate_age15plus",0.0101083858512831,0.00379887731172091,318,28,803424.515,117.064836250556,TRUE,,"estimated",TRUE
"pc2001__19__16","unemployment_rate_age15plus",0.0110040189238155,0.00645073967028898,583,48,1458224.955,169.238164493752,TRUE,,"estimated",TRUE
"pc2001__19__17","unemployment_rate_age15plus",0.0422195460993508,0.0182357634898137,625,60,1298312.75,328.543971889272,TRUE,,"estimated",TRUE
"pc2001__19__18","unemployment_rate_age15plus",0.0148828747373895,0.00576663618185234,748,56,2699021.91000001,254.86180557659,TRUE,,"estimated",TRUE
"pc2001__20__01","unemployment_rate_age15plus",0.0794390258689067,0.03121203850588,171,16,277112.6,64.583525948819,FALSE,"low_kish_effective_n","estimated",FALSE
"pc2001__20__02","unemployment_rate_age15plus",0.094004735857922,0.0521828911202041,319,28,644603.375,76.295069021949,FALSE,"low_kish_effective_n","estimated",FALSE
"pc2001__20__03","unemployment_rate_age15plus",0.0569762945316358,0.0403046342548935,162,12,264841.635,66.7735970653264,FALSE,"low_kish_effective_n","estimated",FALSE
"pc2001__20__04","unemployment_rate_age15plus",0.034590109195034,0.0181751585443003,252,20,751384.445,77.1307420676645,FALSE,"low_kish_effective_n","estimated",FALSE
"pc2001__20__05","unemployment_rate_age15plus",0.0361365423939753,0.0180796595413675,139,12,133414.535,76.4766846697705,FALSE,"low_kish_effective_n","estimated",FALSE
"pc2001__20__06","unemployment_rate_age15plus",0.0173606519424308,0.00695478493036447,203,16,427213.795,49.3046670321231,FALSE,"low_kish_effective_n","estimated",FALSE
"pc2001__20__07","unemployment_rate_age15plus",0.00623352363464864,0.00630923119169439,192,16,368905.315,88.6019405051865,FALSE,"low_kish_effective_n","estimated",FALSE
"pc2001__20__08","unemployment_rate_age15plus",0,0,180,16,247992.61,54.9173514194453,FALSE,"low_kish_effective_n","estimated",FALSE
"pc2001__20__09","unemployment_rate_age15plus",0.0156001857648656,0.0151528366640203,144,12,313073.195,46.8366992677023,FALSE,"low_kish_effective_n","estimated",FALSE
"pc2001__20__10","unemployment_rate_age15plus",0.0135973775712872,0.0125296654224537,170,12,314538.96,47.3358272268279,FALSE,"low_kish_effective_n","estimated",FALSE
"pc2001__20__11","unemployment_rate_age15plus",0.00854758435515887,0.00822514119985828,413,28,718054.334999999,113.818195368098,TRUE,,"estimated",TRUE
"pc2001__20__12","unemployment_rate_age15plus",0.0921525544760313,0.0371128186744381,294,24,756190.595,148.833439320416,TRUE,,"estimated",TRUE
"pc2001__20__13","unemployment_rate_age15plus",0.0580462765680259,0.0219493293273067,301,24,527331.24,131.781121839675,TRUE,,"estimated",TRUE
"pc2001__20__14","unemployment_rate_age15plus",0.0240769761974349,0.0148686158899208,332,24,1000251.02,103.022733286332,TRUE,,"estimated",TRUE
"pc2001__20__15","unemployment_rate_age15plus",0.00851841459770794,0.00526263067127566,182,12,139493.68,69.8468823359385,FALSE,"low_kish_effective_n","estimated",FALSE
"pc2001__20__16","unemployment_rate_age15plus",0.0461336077929129,0.0303631611724657,283,24,460439.385,82.0676590284514,FALSE,"low_kish_effective_n","estimated",FALSE
"pc2001__20__17","unemployment_rate_age15plus",0.0818493011636416,0.0441898205106677,186,16,340745.365,57.4955010176637,FALSE,"low_kish_effective_n","estimated",FALSE
"pc2001__20__18","unemployment_rate_age15plus",0.0605996210388372,0.0326479676868104,246,20,486316.325,96.6075018494982,FALSE,"low_kish_effective_n","estimated",FALSE
"pc2001__21__01","unemployment_rate_age15plus",0.00427003017358167,0.0030073554913541,285,20,625470.99,93.7478837877705,FALSE,"low_kish_effective_n","estimated",FALSE
"pc2001__21__02","unemployment_rate_age15plus",0.00315649491190714,0.0032537427341658,165,12,220418.54,73.5450841429896,FALSE,"low_kish_effective_n","estimated",FALSE
"pc2001__21__03","unemployment_rate_age15plus",0.0202707173219157,0.0030479208303782,191,12,432790.555,87.4946922150806,FALSE,"low_kish_effective_n","estimated",FALSE
"pc2001__21__04","unemployment_rate_age15plus",0.0434502318146188,0.036543087121867,152,12,127088.62,56.5381329040636,FALSE,"low_kish_effective_n","estimated",FALSE
"pc2001__21__05","unemployment_rate_age15plus",0.0268851425099978,0.0101764583467712,346,23,813015.590000001,199.681583497801,TRUE,,"estimated",TRUE
"pc2001__21__06","unemployment_rate_age15plus",0.0168040361766072,0.00848272715616656,310,20,747149.665000001,109.0333175381,TRUE,,"estimated",TRUE
"pc2001__21__07","unemployment_rate_age15plus",0.0326697728999813,0.0246768300928153,342,20,1229863.615,155.973006775629,TRUE,,"estimated",TRUE
"pc2001__21__08","unemployment_rate_age15plus",0.0331438779581014,0.0279979134781278,242,20,828346.340000001,95.5839981197939,FALSE,"low_kish_effective_n","estimated",FALSE
"pc2001__21__09","unemployment_rate_age15plus",0.118074973308193,0.0623109348157245,245,20,427345.555,80.557011353382,FALSE,"low_kish_effective_n","estimated",FALSE
"pc2001__21__10","unemployment_rate_age15plus",0.0403046330126965,0.0118383315767641,274,20,463714.68,106.258857567165,TRUE,,"estimated",TRUE
"pc2001__21__11","unemployment_rate_age15plus",0.0439487799656572,0.0208628157415624,215,16,376166.87,94.6208452333609,FALSE,"low_kish_effective_n","estimated",FALSE
"pc2001__21__12","unemployment_rate_age15plus",0.0464321419421922,0.0140967123042406,311,24,844171.265000001,171.387673490196,TRUE,,"estimated",TRUE
"pc2001__21__13","unemployment_rate_age15plus",0.0761568359846217,0.0316148295346442,253,20,492429.465,110.680795887059,TRUE,,"estimated",TRUE
"pc2001__21__14","unemployment_rate_age15plus",0.0636151459913899,0.0316189947818971,155,16,318744.14,75.1999022822636,FALSE,"low_kish_effective_n","estimated",FALSE
"pc2001__21__15","unemployment_rate_age15plus",0.0671955439431877,0.0322400873826512,213,16,421154.415,67.8253971584912,FALSE,"low_kish_effective_n","estimated",FALSE
"pc2001__21__16","unemployment_rate_age15plus",0.0197228999520535,0.0131373119322272,213,16,327490.380000001,58.4102506805909,FALSE,"low_kish_effective_n","estimated",FALSE
"pc2001__21__17","unemployment_rate_age15plus",0.0100467824002225,0.0045449740533389,224,20,546282.36,114.632851179116,TRUE,,"estimated",TRUE
"pc2001__21__18","unemployment_rate_age15plus",0.0801791217496767,0.0295884508235339,253,20,481011.38,99.1268473428056,FALSE,"low_kish_effective_n","estimated",FALSE
"pc2001__21__19","unemployment_rate_age15plus",0.0325511739000494,0.0151943370930334,362,24,1131034.325,140.616742347156,TRUE,,"estimated",TRUE
"pc2001__21__20","unemployment_rate_age15plus",0.0155316876172382,0.014148683476547,166,12,196133.87,77.9985805172243,FALSE,"low_kish_effective_n","estimated",FALSE
"pc2001__21__21","unemployment_rate_age15plus",0,0,157,12,305047.49,59.9633525264513,FALSE,"low_kish_effective_n","estimated",FALSE
"pc2001__21__22","unemployment_rate_age15plus",0.0196686543501126,0.00814510599452879,200,12,225037.51,80.66490120008,FALSE,"low_kish_effective_n","estimated",FALSE
"pc2001__21__23","unemployment_rate_age15plus",0.0346610069005927,0.0229967785074194,179,12,247020.81,67.7795021155667,FALSE,"low_kish_effective_n","estimated",FALSE
"pc2001__21__24","unemployment_rate_age15plus",0.0269513080292442,0.0199920562379141,241,16,674749.439999999,96.4721005379601,FALSE,"low_kish_effective_n","estimated",FALSE
"pc2001__21__25","unemployment_rate_age15plus",0.00251545388522692,0.00251939789655651,129,12,152805.425,51.7583054537619,FALSE,"low_kish_effective_n","estimated",FALSE
"pc2001__21__26","unemployment_rate_age15plus",0.000196790881987902,0.000198536897925715,310,20,636462.414999999,132.612725586556,TRUE,,"estimated",TRUE
"pc2001__21__27","unemployment_rate_age15plus",0,0,171,12,379619.895,86.8985126184271,FALSE,"low_kish_effective_n","estimated",FALSE
"pc2001__21__28","unemployment_rate_age15plus",0.00282256067027572,0.00172943259933963,221,16,399392.655,68.0233902706994,FALSE,"low_kish_effective_n","estimated",FALSE
"pc2001__21__29","unemployment_rate_age15plus",0.0102462143997436,0.00593256507765192,257,16,569296.109999999,145.889831921737,TRUE,,"estimated",TRUE
"pc2001__21__30","unemployment_rate_age15plus",0.0093624974626919,0.00900965825104111,156,12,206518.08,48.1897128110511,FALSE,"low_kish_effective_n","estimated",FALSE
"pc2001__22__01","unemployment_rate_age15plus",0,0,187,12,253227.73,75.2900848430622,FALSE,"low_kish_effective_n","estimated",FALSE
"pc2001__22__02","unemployment_rate_age15plus",0.000329442376448627,0.000332033767070886,290,24,775173.5,94.359714890427,FALSE,"low_kish_effective_n","estimated",FALSE
"pc2001__22__03","unemployment_rate_age15plus",0.0011357379476651,0.00113896448319162,173,12,376239.96,54.5641479406102,FALSE,"low_kish_effective_n","estimated",FALSE
"pc2001__22__04","unemployment_rate_age15plus",0,0,264,16,635962.999999999,66.0677992527121,FALSE,"low_kish_effective_n","estimated",FALSE
"pc2001__22__05","unemployment_rate_age15plus",0.00397448291163213,0.00352697999806581,185,16,341601.67,54.6994722328271,FALSE,"low_kish_effective_n","estimated",FALSE
"pc2001__22__06","unemployment_rate_age15plus",0.0612655112858184,0.0477304381103369,193,16,596698.195,54.6711455758868,FALSE,"low_kish_effective_n","estimated",FALSE
"pc2001__22__07","unemployment_rate_age15plus",0.00220703148688867,0.001419304236716,325,28,752759.99,77.5044218479372,FALSE,"low_kish_effective_n","estimated",FALSE
"pc2001__22__08","unemployment_rate_age15plus",0.0164911965677552,0.00560691103926553,186,12,333419.105,48.8708950024434,FALSE,"low_kish_effective_n","estimated",FALSE
"pc2001__22__09","unemployment_rate_age15plus",0.00775217309222981,0.00587352829175102,346,16,683176.825,66.1843451795972,FALSE,"low_kish_effective_n","estimated",FALSE
"pc2001__22__10","unemployment_rate_age15plus",0.0050368863037717,0.00328375755927492,574,32,1380422.265,205.865251432153,TRUE,,"estimated",TRUE
"pc2001__22__11","unemployment_rate_age15plus",0.0178969121770964,0.00842103248975331,408,31,1047761.19,132.77760402704,TRUE,,"estimated",TRUE
"pc2001__22__12","unemployment_rate_age15plus",0.000519761643897983,0.000388841596647374,137,12,323321.28,35.4238631737047,FALSE,"low_kish_effective_n","estimated",FALSE
"pc2001__22__13","unemployment_rate_age15plus",0.00505307573357698,0.0051443300699884,193,12,353745.935,62.0851603697572,FALSE,"low_kish_effective_n","estimated",FALSE
"pc2001__22__14","unemployment_rate_age15plus",0.0049205541095851,0.00337425301957366,158,12,294062.41,48.0340552688523,FALSE,"low_kish_effective_n","estimated",FALSE
"pc2001__22__15","unemployment_rate_age15plus",0.00148440596504376,0.00150276661062027,291,16,626260.62,78.3268042975701,FALSE,"low_kish_effective_n","estimated",FALSE
"pc2001__22__16","unemployment_rate_age15plus",0,0,193,12,406417.265,43.9731066041528,FALSE,"low_kish_effective_n","estimated",FALSE
"pc2001__23__01","unemployment_rate_age15plus",0,0,92,8,190868.85,25.177997725378,FALSE,"low_kish_effective_n","estimated",FALSE
"pc2001__23__02","unemployment_rate_age15plus",0.00344017643002713,0.00243818581378534,159,12,532761.92,57.6688585950055,FALSE,"low_kish_effective_n","estimated",FALSE
"pc2001__23__03","unemployment_rate_age15plus",0.0575919955475255,0.0542679356157856,176,12,443923.93,40.3860539699737,FALSE,"low_kish_effective_n","estimated",FALSE
"pc2001__23__04","unemployment_rate_age15plus",0.0429719111847292,0.0225103237530354,152,12,492608.53,75.1723324625269,FALSE,"low_kish_effective_n","estimated",FALSE
"pc2001__23__05","unemployment_rate_age15plus",0.00456034783528494,0.0045370423544001,122,8,293069.75,33.8125301981679,FALSE,"low_kish_effective_n","estimated",FALSE
"pc2001__23__06","unemployment_rate_age15plus",0.0237710576939412,0.0191050363895592,175,12,603951.46,48.1954897219309,FALSE,"low_kish_effective_n","estimated",FALSE
"pc2001__23__07","unemployment_rate_age15plus",0.00493398089159325,0.00485182770744292,275,20,621911.610000001,75.4316736440945,FALSE,"low_kish_effective_n","estimated",FALSE
"pc2001__23__08","unemployment_rate_age15plus",0.0022921666103463,0.00230120125279485,161,12,493663.94,43.2951246638255,FALSE,"low_kish_effective_n","estimated",FALSE
"pc2001__23__09","unemployment_rate_age15plus",0.00292533113969986,0.00207579663877778,170,12,529854.545,48.4434113800506,FALSE,"low_kish_effective_n","estimated",FALSE
"pc2001__23__10","unemployment_rate_age15plus",0.00587754231169037,0.00555112334407842,122,12,192160.25,46.3641665067149,FALSE,"low_kish_effective_n","estimated",FALSE
"pc2001__23__11","unemployment_rate_age15plus",0.00509946517718969,0.00519065217309649,295,16,943910.749999999,121.052004285058,TRUE,,"estimated",TRUE
"pc2001__23__12","unemployment_rate_age15plus",0,0,214,12,633452.724999999,98.4614544607905,FALSE,"low_kish_effective_n","estimated",FALSE
"pc2001__23__13","unemployment_rate_age15plus",0.00972640250930869,0.00553322387057201,199,16,558034.175,52.3199437113947,FALSE,"low_kish_effective_n","estimated",FALSE
"pc2001__23__14","unemployment_rate_age15plus",0.01462186489794,0.00969701913754251,167,12,800684.46,48.2578609092922,FALSE,"low_kish_effective_n","estimated",FALSE
"pc2001__23__15","unemployment_rate_age15plus",0.0397653453804935,0.0305251518965145,87,8,158488.25,45.1426865611187,FALSE,"low_kish_effective_n","estimated",FALSE
"pc2001__23__16","unemployment_rate_age15plus",0.00228763380156179,0.00229586976839509,173,16,434728.67,53.1378292536608,FALSE,"low_kish_effective_n","estimated",FALSE
"pc2001__23__17","unemployment_rate_age15plus",0.0199093982151454,0.0149615728298724,171,12,1016332.075,53.3273058879531,FALSE,"low_kish_effective_n","estimated",FALSE
"pc2001__23__18","unemployment_rate_age15plus",0.00488348702077477,0.00493888793038195,128,8,273689.68,29.4790743658291,FALSE,"low_kish_effective_n","estimated",FALSE
"pc2001__23__19","unemployment_rate_age15plus",0,0,159,12,467073.05,40.7475008854171,FALSE,"low_kish_effective_n","estimated",FALSE
"pc2001__23__20","unemployment_rate_age15plus",0.017294109933758,0.00959655879054269,201,15,325716.965,52.3504858187745,FALSE,"low_kish_effective_n","estimated",FALSE
"pc2001__23__21","unemployment_rate_age15plus",0.0138780228249878,0.0108108832087937,261,16,815133.404999999,92.3016603201801,FALSE,"low_kish_effective_n","estimated",FALSE
"pc2001__23__22","unemployment_rate_age15plus",0,0,226,12,764052.405,71.2994800235686,FALSE,"low_kish_effective_n","estimated",FALSE
"pc2001__23__23","unemployment_rate_age15plus",0.00269888341251302,0.00227469260831346,271,16,720457.205000001,82.0031017429618,FALSE,"low_kish_effective_n","estimated",FALSE
"pc2001__23__24","unemployment_rate_age15plus",0.00183490350788594,0.00115062050024197,231,12,750720.675000001,54.4688862446532,FALSE,"low_kish_effective_n","estimated",FALSE
"pc2001__23__25","unemployment_rate_age15plus",0.0495898336859493,0.038469957520508,202,12,1000389.32,69.405017979556,FALSE,"low_kish_effective_n","estimated",FALSE
"pc2001__23__26","unemployment_rate_age15plus",0.0166374418135278,0.0110931343587955,318,24,1004729.885,46.9498688138169,FALSE,"low_kish_effective_n","estimated",FALSE
"pc2001__23__27","unemployment_rate_age15plus",0.000371104216704101,0.000378738582692405,205,12,674338.875000001,82.5292849635154,FALSE,"low_kish_effective_n","estimated",FALSE
"pc2001__23__28","unemployment_rate_age15plus",0.00282531567696086,0.00305204334291758,221,12,478022.69,61.9953869060467,FALSE,"low_kish_effective_n","estimated",FALSE
"pc2001__23__29","unemployment_rate_age15plus",0.00950794565066714,0.00572521228349578,206,12,505866.375,75.2615552836056,FALSE,"low_kish_effective_n","estimated",FALSE
"pc2001__23__30","unemployment_rate_age15plus",0,0,201,12,704485.885000001,60.2028193853034,FALSE,"low_kish_effective_n","estimated",FALSE
"pc2001__23__31","unemployment_rate_age15plus",0,0,213,12,563219.249999999,84.6186383978864,FALSE,"low_kish_effective_n","estimated",FALSE
"pc2001__23__32","unemployment_rate_age15plus",0.00307061897380238,0.00206256387366208,290,20,546308.42,75.7724912754045,FALSE,"low_kish_effective_n","estimated",FALSE
"pc2001__23__33","unemployment_rate_age15plus",0,0,232,12,463924.835,80.7988762592729,FALSE,"low_kish_effective_n","estimated",FALSE
"pc2001__23__34","unemployment_rate_age15plus",0,0,191,12,436014.335,58.1512260436429,FALSE,"low_kish_effective_n","estimated",FALSE
"pc2001__23__35","unemployment_rate_age15plus",0.0253405616425187,0.0234230854242659,226,12,635575.099999999,112.123903950679,TRUE,,"estimated",TRUE
"pc2001__23__36","unemployment_rate_age15plus",0.0513757792732692,0.0229130466935434,119,8,215730.645,59.4610561027742,FALSE,"low_kish_effective_n","estimated",FALSE
"pc2001__23__37","unemployment_rate_age15plus",0.044435638821473,0.024886157708,176,12,366823.69,71.8136528958908,FALSE,"low_kish_effective_n","estimated",FALSE
"pc2001__23__38","unemployment_rate_age15plus",0,0,186,12,625601.64,49.6196279363132,FALSE,"low_kish_effective_n","estimated",FALSE
"pc2001__23__39","unemployment_rate_age15plus",0.0104853543891984,0.0104593591646015,258,16,1023451.34,94.9856722805067,FALSE,"low_kish_effective_n","estimated",FALSE
"pc2001__23__40","unemployment_rate_age15plus",0.0075524598000428,0.00721126998492918,191,12,360053.555,55.4843028593674,FALSE,"low_kish_effective_n","estimated",FALSE
"pc2001__23__41","unemployment_rate_age15plus",0,0,127,8,432332.275,31.3506892121079,FALSE,"low_kish_effective_n","estimated",FALSE
"pc2001__23__42","unemployment_rate_age15plus",0.011129347641922,0.00823112390380341,188,12,498961.859999999,79.2035460376395,FALSE,"low_kish_effective_n","estimated",FALSE
"pc2001__23__43","unemployment_rate_age15plus",0.00817442802056268,0.00383999783039908,331,20,942417.62,55.0877934965158,FALSE,"low_kish_effective_n","estimated",FALSE
"pc2001__23__44","unemployment_rate_age15plus",0,0,178,12,642521.26,72.6411476123634,FALSE,"low_kish_effective_n","estimated",FALSE
"pc2001__23__45","unemployment_rate_age15plus",0,0,261,16,777006.735000001,85.6734266374988,FALSE,"low_kish_effective_n","estimated",FALSE
"pc2001__24__01","unemployment_rate_age15plus",0,0,187,12,574713.894999999,85.2101886654244,FALSE,"low_kish_effective_n","estimated",FALSE
"pc2001__24__02","unemployment_rate_age15plus",0.00205306864098533,0.00191825474218986,225,16,875640.474999999,67.091562501846,FALSE,"low_kish_effective_n","estimated",FALSE
"pc2001__24__03","unemployment_rate_age15plus",0.00795105623768714,0.00788529793225676,200,12,523829.775,67.4637153317758,FALSE,"low_kish_effective_n","estimated",FALSE
"pc2001__24__04","unemployment_rate_age15plus",0.0302083155578576,0.0230792041386303,183,12,738083.855,85.9298671906062,FALSE,"low_kish_effective_n","estimated",FALSE
"pc2001__24__05","unemployment_rate_age15plus",0,0,260,16,887737.319999999,51.8762016700946,FALSE,"low_kish_effective_n","estimated",FALSE
"pc2001__24__06","unemployment_rate_age15plus",0.00965094976262566,0.00722784583541565,221,12,986525.185000001,70.5275573215783,FALSE,"low_kish_effective_n","estimated",FALSE
"pc2001__24__07","unemployment_rate_age15plus",0.0119115646751743,0.00569286630895738,697,48,2765968.695,328.457103197787,TRUE,,"estimated",TRUE
"pc2001__24__08","unemployment_rate_age15plus",0.00134154799670336,0.00140777912207829,212,12,912650.909999999,72.2118750640758,FALSE,"low_kish_effective_n","estimated",FALSE
"pc2001__24__09","unemployment_rate_age15plus",0.0114578635446063,0.00670483851899904,368,28,1078011.18,144.52971317693,TRUE,,"estimated",TRUE
"pc2001__24__10","unemployment_rate_age15plus",0.00183194892354053,0.0018844525312705,282,20,661683.295,105.333411322218,TRUE,,"estimated",TRUE
"pc2001__24__11","unemployment_rate_age15plus",0,0,104,8,223888.68,51.5909094590347,FALSE,"low_kish_effective_n","estimated",FALSE
"pc2001__24__12","unemployment_rate_age15plus",0.00288080693839093,0.00173108604620861,287,20,864143.295,118.4657652481,TRUE,,"estimated",TRUE
"pc2001__24__13","unemployment_rate_age15plus",0,0,170,12,556347.005,56.9500744750096,FALSE,"low_kish_effective_n","estimated",FALSE
"pc2001__24__14","unemployment_rate_age15plus",0.00374665306279202,0.00299381324268811,279,20,969419.89,111.87421882455,TRUE,,"estimated",TRUE
"pc2001__24__15","unemployment_rate_age15plus",0.00126173004541581,0.0012696462411664,235,16,695473.650000001,52.0388961513563,FALSE,"low_kish_effective_n","estimated",FALSE
"pc2001__24__16","unemployment_rate_age15plus",0,0,210,12,802188.89,53.4787706659694,FALSE,"low_kish_effective_n","estimated",FALSE
"pc2001__24__17","unemployment_rate_age15plus",0.000660146223339148,0.000497762344869438,256,16,852023.355,52.8151540919117,FALSE,"low_kish_effective_n","estimated",FALSE
"pc2001__24__18","unemployment_rate_age15plus",0.041744322401307,0.0366120251337385,166,12,448163.94,30.644810286238,FALSE,"low_kish_effective_n","estimated",FALSE
"pc2001__24__19","unemployment_rate_age15plus",0.0148873197839577,0.00428829653618847,561,32,2041501.455,181.617796211834,TRUE,,"estimated",TRUE
"pc2001__24__20","unemployment_rate_age15plus",0.00409727733443072,0.00304752680155333,241,12,368232.335,68.505575660294,FALSE,"low_kish_effective_n","estimated",FALSE
"pc2001__24__21","unemployment_rate_age15plus",0.0192285357863934,0.018256351991616,204,12,800893.015,85.4927353493566,FALSE,"low_kish_effective_n","estimated",FALSE
"pc2001__24__22","unemployment_rate_age15plus",0.0142226235134446,0.00736664328778333,587,44,2488179.13,145.866311524328,TRUE,,"estimated",TRUE
"pc2001__24__23","unemployment_rate_age15plus",0.00117715525149045,0.00112862520035386,76,4,89584.615,25.4230483426425,FALSE,"too_few_psus;low_kish_effective_n","estimated",FALSE
"pc2001__24__24","unemployment_rate_age15plus",0.0377783089745012,0.0253530777082206,150,12,484252.485,59.77044754757,FALSE,"low_kish_effective_n","estimated",FALSE
"pc2001__24__25","unemployment_rate_age15plus",0.073426113511937,0.0341476295416165,151,12,484165.555,54.634505757489,FALSE,"low_kish_effective_n","estimated",FALSE
"pc2001__25__01","unemployment_rate_age15plus",0.0222682909692481,0.0223792646067158,48,4,12524.76,34.3398904684297,FALSE,"too_few_psus;low_kish_effective_n","estimated",FALSE
"pc2001__25__02","unemployment_rate_age15plus",0.0362435806155392,0.0185839664612823,172,12,60689.23,76.5434575789649,FALSE,"low_kish_effective_n","estimated",FALSE
"pc2001__26__01","unemployment_rate_age15plus",0.0509507851424239,0.0120834895006011,319,24,83710.29,110.933594523274,TRUE,,"estimated",TRUE
"pc2001__27__01","unemployment_rate_age15plus",0.000162479477657613,0.000156549018627416,283,16,604968.71,79.7292266469824,FALSE,"low_kish_effective_n","estimated",FALSE
"pc2001__27__02","unemployment_rate_age15plus",0,0,299,20,697262.795,74.3198052000302,FALSE,"low_kish_effective_n","estimated",FALSE
"pc2001__27__03","unemployment_rate_age15plus",0.00163481884465598,0.00163151855908269,607,36,1604728.26,182.364883617499,TRUE,,"estimated",TRUE
"pc2001__27__04","unemployment_rate_age15plus",0.00446134845766299,0.00452673354423606,413,24,1211513.75,97.1082546543389,FALSE,"low_kish_effective_n","estimated",FALSE
"pc2001__27__05","unemployment_rate_age15plus",0.0173566080852398,0.00959573778206129,226,16,500573.899999999,64.1967265539084,FALSE,"low_kish_effective_n","estimated",FALSE
"pc2001__27__06","unemployment_rate_age15plus",0.002531937675669,0.00254718589304579,151,12,335711.265,37.1203670632208,FALSE,"low_kish_effective_n","estimated",FALSE
"pc2001__27__07","unemployment_rate_age15plus",0.000234910230990567,0.000237554663471994,445,28,1123833.555,121.272888972452,TRUE,,"estimated",TRUE
"pc2001__27__08","unemployment_rate_age15plus",0.00603442090785704,0.00380694077624215,251,16,497234.125,59.4377255524576,FALSE,"low_kish_effective_n","estimated",FALSE
"pc2001__27__09","unemployment_rate_age15plus",0.0288657310817458,0.009430536654535,626,44,1598874.28,258.586000507257,TRUE,,"estimated",TRUE
"pc2001__27__10","unemployment_rate_age15plus",0.00455171313967162,0.00351767422922537,205,12,630758.114999999,72.6032241143502,FALSE,"low_kish_effective_n","estimated",FALSE
"pc2001__27__11","unemployment_rate_age15plus",0.028652772288272,0.0177984762164731,302,16,680161.41,152.805612351352,TRUE,,"estimated",TRUE
"pc2001__27__12","unemployment_rate_age15plus",0.00316416122663202,0.00223058240599254,211,12,520981.67,50.8131270999458,FALSE,"low_kish_effective_n","estimated",FALSE
"pc2001__27__13","unemployment_rate_age15plus",0,0,301,20,1055108.445,51.347913965605,FALSE,"low_kish_effective_n","estimated",FALSE
"pc2001__27__14","unemployment_rate_age15plus",0.00427322037980127,0.00298300515293441,454,28,1277262.7,117.978959800046,TRUE,,"estimated",TRUE
"pc2001__27__15","unemployment_rate_age15plus",0.00538896602470234,0.00534205354097686,388,28,979779.79,135.162752880654,TRUE,,"estimated",TRUE
"pc2001__27__16","unemployment_rate_age15plus",0.0018714457000668,0.00194100170976496,171,12,397834.145,50.1906912159296,FALSE,"low_kish_effective_n","estimated",FALSE
"pc2001__27__17","unemployment_rate_age15plus",0.0201557925524466,0.0135351038157829,221,16,640831.66,49.2084415754513,FALSE,"low_kish_effective_n","estimated",FALSE
"pc2001__27__18","unemployment_rate_age15plus",0.00109528457950451,0.000889837347626299,323,20,722159.35,60.6079648867299,FALSE,"low_kish_effective_n","estimated",FALSE
"pc2001__27__19","unemployment_rate_age15plus",0.00746554284110186,0.00577437220550294,442,28,1678146.555,136.648655005515,TRUE,,"estimated",TRUE
"pc2001__27__20","unemployment_rate_age15plus",0.00328523126001817,0.00305855080381168,698,48,1579960.31,271.187337501011,TRUE,,"estimated",TRUE
"pc2001__27__21","unemployment_rate_age15plus",0.0302727856715008,0.00664666104174197,1192,92,4156921.05,522.25077522787,TRUE,,"estimated",TRUE
"pc2001__27__22","unemployment_rate_age15plus",0.0474546968922121,0.0130683951889717,1206,98,4501798.22,602.341239773766,TRUE,,"estimated",TRUE
"pc2001__27__24","unemployment_rate_age15plus",0.000628395870947602,0.000529706419770066,280,24,826509.250000001,117.697255361899,TRUE,,"estimated",TRUE
"pc2001__27__25","unemployment_rate_age15plus",0.034468095920575,0.0112879220766479,970,76,3231175.585,345.128666514156,TRUE,,"estimated",TRUE
"pc2001__27__26","unemployment_rate_age15plus",0.00597783988850361,0.00479637448266108,566,36,1861929.26,193.308720508086,TRUE,,"estimated",TRUE
"pc2001__27__27","unemployment_rate_age15plus",0,0,368,24,998556.725,88.4873047689764,FALSE,"low_kish_effective_n","estimated",FALSE
"pc2001__27__28","unemployment_rate_age15plus",0,0,325,24,832131.630000001,103.714066934944,TRUE,,"estimated",TRUE
"pc2001__27__29","unemployment_rate_age15plus",0.00639355941262443,0.00411377975784053,303,16,693098.274999999,104.588100472418,TRUE,,"estimated",TRUE
"pc2001__27__30","unemployment_rate_age15plus",0.000816799359095404,0.000824825574892961,690,40,1794351.31,237.561372442181,TRUE,,"estimated",TRUE
"pc2001__27__31","unemployment_rate_age15plus",0.011437431158267,0.0058030896949542,397,28,1323429.605,135.798972240898,TRUE,,"estimated",TRUE
"pc2001__27__32","unemployment_rate_age15plus",0.00614083609870983,0.00490998499551045,281,20,615047.355,76.8098123580167,FALSE,"low_kish_effective_n","estimated",FALSE
"pc2001__27__33","unemployment_rate_age15plus",0.00432421482359819,0.00342550033766352,163,12,420829,56.4112360230497,FALSE,"low_kish_effective_n","estimated",FALSE
"pc2001__27__34","unemployment_rate_age15plus",0.0111059339775551,0.00373627329383873,555,36,1518236.11,190.172755819692,TRUE,,"estimated",TRUE
"pc2001__27__35","unemployment_rate_age15plus",0.00488922215922124,0.00252285146709735,434,28,1073889.635,155.469514982316,TRUE,,"estimated",TRUE
"pc2001__28__01","unemployment_rate_age15plus",0.00839128959635168,0.00289211380115245,412,28,901295.314999998,109.01837142478,TRUE,,"estimated",TRUE
"pc2001__28__02","unemployment_rate_age15plus",0.0635045143998564,0.0298616851378644,351,24,1079522.23,97.4832776805408,FALSE,"low_kish_effective_n","estimated",FALSE
"pc2001__28__03","unemployment_rate_age15plus",0.0031783328275225,0.00166950188845779,517,36,1653994.495,158.134812844594,TRUE,,"estimated",TRUE
"pc2001__28__04","unemployment_rate_age15plus",0.00392509078708139,0.00253138213412661,468,28,1298468.055,119.435988348967,TRUE,,"estimated",TRUE
"pc2001__28__05","unemployment_rate_age15plus",0.0606207657176968,0.0194963120202522,681,64,1232688.24,320.521614853367,TRUE,,"estimated",TRUE
"pc2001__28__06","unemployment_rate_age15plus",0.0199505772064939,0.00775707354257331,690,52,1954757.98,296.475391392471,TRUE,,"estimated",TRUE
"pc2001__28__07","unemployment_rate_age15plus",0.00282616520544815,0.00149264105290621,554,36,1688257.64,113.308783552021,TRUE,,"estimated",TRUE
"pc2001__28__08","unemployment_rate_age15plus",0.00633834517115824,0.00300621235472482,491,32,1690718.115,121.034614754083,TRUE,,"estimated",TRUE
"pc2001__28__09","unemployment_rate_age15plus",0.00474931210956502,0.00331524719264743,474,36,1555860.055,144.785614171196,TRUE,,"estimated",TRUE
"pc2001__28__10","unemployment_rate_age15plus",0.0123035328864498,0.00754072081664989,354,28,1305658.72,111.647602295929,TRUE,,"estimated",TRUE
"pc2001__28__11","unemployment_rate_age15plus",0.0123054635015779,0.00382376248472105,336,28,1143806.57,68.0066510479432,FALSE,"low_kish_effective_n","estimated",FALSE
"pc2001__28__12","unemployment_rate_age15plus",0.003517965343513,0.00330271884295242,366,24,1180446.535,141.555591882724,TRUE,,"estimated",TRUE
"pc2001__28__13","unemployment_rate_age15plus",0.0325557374850649,0.0142890127466392,554,47,1595178.27,231.04971568146,TRUE,,"estimated",TRUE
"pc2001__28__14","unemployment_rate_age15plus",0.00489338836482868,0.00353809730105805,570,48,1946095.28,150.094078377416,TRUE,,"estimated",TRUE
"pc2001__28__15","unemployment_rate_age15plus",0.0343645967170437,0.0180457749229023,462,40,1812285.49,119.152611011766,TRUE,,"estimated",TRUE
"pc2001__28__16","unemployment_rate_age15plus",0.00863322052742613,0.00392636874520454,520,43,1776663.755,161.556680973252,TRUE,,"estimated",TRUE
"pc2001__28__17","unemployment_rate_age15plus",0.0120000403729883,0.00341378568441215,679,48,2221782.52500001,221.871540534329,TRUE,,"estimated",TRUE
"pc2001__28__18","unemployment_rate_age15plus",0.0245343798926828,0.0145418775638296,463,32,1823692.72,156.298233527907,TRUE,,"estimated",TRUE
"pc2001__28__19","unemployment_rate_age15plus",0.0241646291734204,0.0108499781252798,437,32,1246083.885,162.908085652972,TRUE,,"estimated",TRUE
"pc2001__28__20","unemployment_rate_age15plus",0.00906796990884471,0.0045346596966356,468,32,1197464.825,153.429614831963,TRUE,,"estimated",TRUE
"pc2001__28__21","unemployment_rate_age15plus",0.00266923519755126,0.000916772037347148,644,39,1687382.215,160.48360168242,TRUE,,"estimated",TRUE
"pc2001__28__22","unemployment_rate_age15plus",0.00385731891129909,0.00200406764848843,646,40,1887763.28,178.202389682044,TRUE,,"estimated",TRUE
"pc2001__28__23","unemployment_rate_age15plus",0.00837521054250684,0.00636087607135091,641,44,1873532.005,187.611562206787,TRUE,,"estimated",TRUE
"pc2001__29__01","unemployment_rate_age15plus",0.0133708790429864,0.00685791033173343,326,24,1459460.14,62.0648343557242,FALSE,"low_kish_effective_n","estimated",FALSE
"pc2001__29__02","unemployment_rate_age15plus",0.00949807021900387,0.00732201566441282,272,16,876704.404999999,55.8359036247555,FALSE,"low_kish_effective_n","estimated",FALSE
"pc2001__29__03","unemployment_rate_age15plus",0.0269513612034847,0.0212770459484304,289,20,580491.645,65.3983785603988,FALSE,"low_kish_effective_n","estimated",FALSE
"pc2001__29__04","unemployment_rate_age15plus",0.017318920263761,0.0148987074906186,392,23,1393351.585,102.455267846199,TRUE,,"estimated",TRUE
"pc2001__29__05","unemployment_rate_age15plus",0.0094616171714167,0.0055948421700452,230,16,643546.435,66.45657346758,FALSE,"low_kish_effective_n","estimated",FALSE
"pc2001__29__06","unemployment_rate_age15plus",0.00292140739214304,0.0026052369641141,250,16,757222.36,50.4494048682359,FALSE,"low_kish_effective_n","estimated",FALSE
"pc2001__29__07","unemployment_rate_age15plus",0,0,177,12,437998.435,44.709111332518,FALSE,"low_kish_effective_n","estimated",FALSE
"pc2001__29__08","unemployment_rate_age15plus",0.000619215706173232,0.000647605906852346,248,16,396517.72,64.3536111760731,FALSE,"low_kish_effective_n","estimated",FALSE
"pc2001__29__09","unemployment_rate_age15plus",0.0239962381812973,0.0118694111232353,280,20,626197.11,113.798302845491,TRUE,,"estimated",TRUE
"pc2001__29__10","unemployment_rate_age15plus",0.000290331907167448,0.000297743320858198,201,16,557982.075,39.7275267006811,FALSE,"low_kish_effective_n","estimated",FALSE
"pc2001__29__11","unemployment_rate_age15plus",0.00606362852393243,0.00351059037912595,232,12,654001.97,61.4639958432528,FALSE,"low_kish_effective_n","estimated",FALSE
"pc2001__29__12","unemployment_rate_age15plus",0.0208966440826363,0.0156572577612679,378,24,772551.799999999,104.498027809896,TRUE,,"estimated",TRUE
"pc2001__29__13","unemployment_rate_age15plus",0.000204913543622815,0.000208057082893713,185,12,603913.23,53.5757215002004,FALSE,"low_kish_effective_n","estimated",FALSE
"pc2001__29__14","unemployment_rate_age15plus",0.000949933850817463,0.000580704385744222,258,16,901246.964999998,80.3518960208835,FALSE,"low_kish_effective_n","estimated",FALSE
"pc2001__29__15","unemployment_rate_age15plus",0.0102535048080311,0.00619800690990324,208,16,637131.900000001,65.7272001072767,FALSE,"low_kish_effective_n","estimated",FALSE
"pc2001__29__16","unemployment_rate_age15plus",0.00286872362327546,0.00275607630750584,178,12,421237.86,65.8756502665757,FALSE,"low_kish_effective_n","estimated",FALSE
"pc2001__29__17","unemployment_rate_age15plus",0,0,147,11,398396.71,41.9171515718709,FALSE,"low_kish_effective_n","estimated",FALSE
"pc2001__29__18","unemployment_rate_age15plus",0.00316208982597564,0.00227609815224292,343,20,1093058.765,65.3961052021868,FALSE,"low_kish_effective_n","estimated",FALSE
"pc2001__29__19","unemployment_rate_age15plus",0.0119774210452044,0.0066515595396383,346,20,1240283.275,121.138014322369,TRUE,,"estimated",TRUE
"pc2001__29__20","unemployment_rate_age15plus",0.0287003304779028,0.00920773866158288,840,64,3737989.71,241.553063941865,TRUE,,"estimated",TRUE
"pc2001__29__21","unemployment_rate_age15plus",0.0168854026784668,0.0163287996951541,322,20,841955.934999999,121.203650312809,TRUE,,"estimated",TRUE
"pc2001__29__22","unemployment_rate_age15plus",0,0,207,16,723393.495,85.0404721426894,FALSE,"low_kish_effective_n","estimated",FALSE
"pc2001__29__23","unemployment_rate_age15plus",0,0,294,19,842514.08,69.478497289417,FALSE,"low_kish_effective_n","estimated",FALSE
"pc2001__29__24","unemployment_rate_age15plus",0.00619554018922619,0.00339994197104812,310,20,791893.015,102.256902001916,TRUE,,"estimated",TRUE
"pc2001__29__25","unemployment_rate_age15plus",0.00818085247864879,0.00568196546970151,169,12,242456.395,55.5735678994266,FALSE,"low_kish_effective_n","estimated",FALSE
"pc2001__29__26","unemployment_rate_age15plus",0.00531762742008569,0.00511877562094683,346,24,1113513.515,94.906462273627,FALSE,"low_kish_effective_n","estimated",FALSE
"pc2001__29__27","unemployment_rate_age15plus",0,0,169,12,402929.74,43.2216564068114,FALSE,"low_kish_effective_n","estimated",FALSE
"pc2001__30__01","unemployment_rate_age15plus",0.0316334234264724,0.0139421724998418,336,28,205653.84,123.564681417259,TRUE,,"estimated",TRUE
"pc2001__30__02","unemployment_rate_age15plus",0.0551078360981395,0.0363173271621104,298,28,307706.33,27.6448361627491,FALSE,"low_kish_effective_n","estimated",FALSE
"pc2001__31__01","unemployment_rate_age15plus",0.0805683611727183,0.0372112865992385,397,23,22891.43,182.695576005013,TRUE,,"estimated",TRUE
"pc2001__32__01","unemployment_rate_age15plus",0.0389250460491715,0.00929474252616274,376,24,447440.189999999,194.823456947713,TRUE,,"estimated",TRUE
"pc2001__32__02","unemployment_rate_age15plus",0.0794286478713225,0.0200401827339832,600,48,776528.829999999,286.021233105048,TRUE,,"estimated",TRUE
"pc2001__32__03","unemployment_rate_age15plus",0.0717746974348068,0.0288501199121799,171,16,287651.23,73.7868203651373,FALSE,"low_kish_effective_n","estimated",FALSE
"pc2001__32__04","unemployment_rate_age15plus",0.134245920290393,0.0243127128791872,630,55,955398.270000002,315.86566639771,TRUE,,"estimated",TRUE
"pc2001__32__05","unemployment_rate_age15plus",0.0831904284692273,0.0173197031055978,541,48,1066166.765,256.625991258739,TRUE,,"estimated",TRUE
"pc2001__32__06","unemployment_rate_age15plus",0.031269519893548,0.00854030099310598,536,44,907927.914999999,276.113345185058,TRUE,,"estimated",TRUE
"pc2001__32__07","unemployment_rate_age15plus",0.0212374161198521,0.00504325384298081,672,56,1110080.9,365.193989865199,TRUE,,"estimated",TRUE
"pc2001__32__08","unemployment_rate_age15plus",0.0849335426146192,0.0159901045874211,738,55,1414055.405,429.486955756735,TRUE,,"estimated",TRUE
"pc2001__32__09","unemployment_rate_age15plus",0.0802103049871859,0.0496673117863738,304,20,644652.33,104.547290217157,TRUE,,"estimated",TRUE
"pc2001__32__10","unemployment_rate_age15plus",0.0623571807831297,0.0128804968867714,477,32,897321.034999999,277.857097517186,TRUE,,"estimated",TRUE
"pc2001__32__11","unemployment_rate_age15plus",0.0867292778355103,0.0164518780074487,509,36,876572.04,277.692108309212,TRUE,,"estimated",TRUE
"pc2001__32__12","unemployment_rate_age15plus",0.048417068954611,0.0148465618651014,283,24,463036.91,133.183451121267,TRUE,,"estimated",TRUE
"pc2001__32__13","unemployment_rate_age15plus",0.142403451555311,0.0244897138421763,522,40,1005225.67,297.137020987827,TRUE,,"estimated",TRUE
"pc2001__32__14","unemployment_rate_age15plus",0.0530101996790778,0.0118993116994322,843,60,1611714.925,493.43208386168,TRUE,,"estimated",TRUE
"pc2001__33__01","unemployment_rate_age15plus",0.0336326633040958,0.0179612374697786,401,36,1181110.15,150.298192640356,TRUE,,"estimated",TRUE
"pc2001__33__02","unemployment_rate_age15plus",0.0618787394168152,0.0179148109725369,445,44,1494623.935,237.383194759737,TRUE,,"estimated",TRUE
"pc2001__33__03","unemployment_rate_age15plus",0.022422069026394,0.00809907211681134,429,40,1508078.49,190.369301114094,TRUE,,"estimated",TRUE
"pc2001__33__04","unemployment_rate_age15plus",0.023051748324854,0.00655984873130177,532,40,1404424.49499999,196.852903608822,TRUE,,"estimated",TRUE
"pc2001__33__05","unemployment_rate_age15plus",0.0140074301777506,0.00932464668195909,506,36,1316533.78,184.799621576075,TRUE,,"estimated",TRUE
"pc2001__33__06","unemployment_rate_age15plus",0.0164911493559671,0.00883365312211487,394,28,975681.539999999,124.237769422413,TRUE,,"estimated",TRUE
"pc2001__33__07","unemployment_rate_age15plus",0.0219076530460017,0.0133572703750682,408,28,1438332.985,130.284002323739,TRUE,,"estimated",TRUE
"pc2001__33__08","unemployment_rate_age15plus",0.0118967219146698,0.00561412080182,608,40,1660775.56,270.519372234901,TRUE,,"estimated",TRUE
"pc2001__33__09","unemployment_rate_age15plus",0.0119479882913326,0.00671682973652664,269,20,765959.07,125.943334215923,TRUE,,"estimated",TRUE
"pc2001__33__10","unemployment_rate_age15plus",0.00488769730033985,0.00455552448563262,439,35,1393715.605,161.546114864916,TRUE,,"estimated",TRUE
"pc2001__33__11","unemployment_rate_age15plus",0.0136739828581134,0.00791544523358556,204,16,311487.885,73.013678257685,FALSE,"low_kish_effective_n","estimated",FALSE
"pc2001__33__12","unemployment_rate_age15plus",0.0260472382692482,0.00865158841889862,635,55,2337181.945,280.152435853262,TRUE,,"estimated",TRUE
"pc2001__33__13","unemployment_rate_age15plus",0.0518292184777443,0.0201821803648144,376,28,886206.879999998,117.347733921556,TRUE,,"estimated",TRUE
"pc2001__33__14","unemployment_rate_age15plus",0.000835501746367438,0.000816282970234453,202,16,444343.775,77.1720096333623,FALSE,"low_kish_effective_n","estimated",FALSE
"pc2001__33__15","unemployment_rate_age15plus",0.0111072895112545,0.00569322413984914,404,32,987021.18,155.538315012811,TRUE,,"estimated",TRUE
"pc2001__33__16","unemployment_rate_age15plus",0.034950173242123,0.0284266199701714,155,12,240647.305,47.600174048713,FALSE,"low_kish_effective_n","estimated",FALSE
"pc2001__33__17","unemployment_rate_age15plus",0.00060253512402994,0.000606034954561534,153,12,401428.88,42.6408309876628,FALSE,"low_kish_effective_n","estimated",FALSE
"pc2001__33__18","unemployment_rate_age15plus",0.0129150271359162,0.00851892988667678,421,32,1096716.24,138.738735037212,TRUE,,"estimated",TRUE
"pc2001__33__19","unemployment_rate_age15plus",0.0228013110636067,0.0132135335707214,245,20,710987.625000002,75.6738795154426,FALSE,"low_kish_effective_n","estimated",FALSE
"pc2001__33__20","unemployment_rate_age15plus",0.0306658235795144,0.0254613683427858,239,16,623478.445,86.8909390560806,FALSE,"low_kish_effective_n","estimated",FALSE
"pc2001__33__21","unemployment_rate_age15plus",0.0200520231283717,0.0120818037609306,337,28,897952.535000001,127.068248772365,TRUE,,"estimated",TRUE
"pc2001__33__22","unemployment_rate_age15plus",0.00654703767610587,0.00409024877518655,265,20,651778.745,111.015213684615,TRUE,,"estimated",TRUE
"pc2001__33__23","unemployment_rate_age15plus",0.000911750670329717,0.000664817182457671,275,20,663043.11,72.8843618634324,FALSE,"low_kish_effective_n","estimated",FALSE
"pc2001__33__24","unemployment_rate_age15plus",0.0394766267743221,0.0149036185029787,410,32,1292844.125,167.108635932315,TRUE,,"estimated",TRUE
"pc2001__33__25","unemployment_rate_age15plus",0.0271876943556005,0.0239434356864166,224,16,630497.01,81.5064028598802,FALSE,"low_kish_effective_n","estimated",FALSE
"pc2001__33__26","unemployment_rate_age15plus",0.0111413568996235,0.00690925828662157,322,23,824781.494999999,162.910819668548,TRUE,,"estimated",TRUE
"pc2001__33__27","unemployment_rate_age15plus",0.0146112121113388,0.00643471033657228,272,20,530966.9,80.2922544947389,FALSE,"low_kish_effective_n","estimated",FALSE
"pc2001__33__28","unemployment_rate_age15plus",0.022499839927193,0.0124003271426066,249,24,648376.835,101.697316335609,TRUE,,"estimated",TRUE
"pc2001__33__29","unemployment_rate_age15plus",0.0138205899195112,0.00662891764191579,484,36,1209254.46,181.985371396964,TRUE,,"estimated",TRUE
"pc2001__33__30","unemployment_rate_age15plus",0.0245866721579063,0.008655014740789,217,24,429921.135,95.769524281744,FALSE,"low_kish_effective_n","estimated",FALSE
"pc2001__34__01","unemployment_rate_age15plus",0.00625586487331874,0.00727203893794455,39,4,11189.5,19.9826172810542,FALSE,"too_few_psus;low_kish_effective_n","estimated",FALSE
"pc2001__34__02","unemployment_rate_age15plus",0.0270446880397934,0.00619524239501991,678,52,345508.33,334.705625634678,TRUE,,"estimated",TRUE
"pc2001__34__03","unemployment_rate_age15plus",0.0402279584311096,0.0177328004496914,46,4,10067.625,34.9804386368372,FALSE,"too_few_psus;low_kish_effective_n","estimated",FALSE
"pc2001__34__04","unemployment_rate_age15plus",0.0516270871437078,0.0330766519429246,137,12,67532.185,58.8377574335583,FALSE,"low_kish_effective_n","estimated",FALSE
"pc2001__35__01","unemployment_rate_age15plus",0.0900374397678126,0.0184108935989676,842,64,131155.995,453.302000529663,TRUE,,"estimated",TRUE
"pc2001__35__02","unemployment_rate_age15plus",0.002258262550953,0.00241441751241238,97,6,12843.945,36.7025174163759,FALSE,"low_kish_effective_n","estimated",FALSE
"pc2001__01__01","regular_salaried_share_employed_age15plus",0.173012971525702,0.0386094139934086,195,18,98321.1250000001,63.5769757999465,FALSE,"low_kish_effective_n","estimated",FALSE
"pc2001__01__02","regular_salaried_share_employed_age15plus",0.158977961786372,0.0361062584365032,676,38,313928.575,283.172271791693,TRUE,,"estimated",TRUE
"pc2001__01__03","regular_salaried_share_employed_age15plus",0.290474797399989,0.0239983645954404,781,54,317112.52,295.735456055055,TRUE,,"estimated",TRUE
"pc2001__01__04","regular_salaried_share_employed_age15plus",0.103126572147042,0.0229318979299805,429,21,228727.81,223.853541174389,TRUE,,"estimated",TRUE
"pc2001__01__05","regular_salaried_share_employed_age15plus",0.142701187626022,0.0335971157661124,358,24,224464.6,106.982901633833,TRUE,,"estimated",TRUE
"pc2001__01__06","regular_salaried_share_employed_age15plus",0.217019776083743,0.0260674024180588,636,47,276189.415,283.263660529316,TRUE,,"estimated",TRUE
"pc2001__01__09","regular_salaried_share_employed_age15plus",0.0594819134467699,0.0341374661320497,121,8,218262.565,33.9868475245698,FALSE,"low_kish_effective_n","estimated",FALSE
"pc2001__01__10","regular_salaried_share_employed_age15plus",0.16676471672955,0.0346152073360171,483,28,369301.14,203.39071329516,TRUE,,"estimated",TRUE
"pc2001__01__12","regular_salaried_share_employed_age15plus",0.112423413046465,0.0172681046017536,65,3,283893,47.9468057939481,FALSE,"too_few_psus;low_kish_effective_n","estimated",FALSE
"pc2001__01__13","regular_salaried_share_employed_age15plus",0.328557483762698,0.0336555087310984,1231,84,679633.354999999,492.639027905489,TRUE,,"estimated",TRUE
"pc2001__01__14","regular_salaried_share_employed_age15plus",0.225647493589134,0.0885905984343201,289,16,314362.765,139.472038172342,TRUE,,"estimated",TRUE
"pc2001__02__01","regular_salaried_share_employed_age15plus",0.183150879214108,0.036006272535608,362,20,226259.165,213.761415251925,TRUE,,"estimated",TRUE
"pc2001__02__02","regular_salaried_share_employed_age15plus",0.180181804688975,0.0198140138081127,733,44,694374.829999999,521.491128555251,TRUE,,"estimated",TRUE
"pc2001__02__03","regular_salaried_share_employed_age15plus",0.271789206575086,0.0776306554086555,142,8,20969.155,75.2759484578749,FALSE,"low_kish_effective_n","estimated",FALSE
"pc2001__02__04","regular_salaried_share_employed_age15plus",0.11578737826326,0.0252062515172194,277,16,205636.36,88.1226969744498,FALSE,"low_kish_effective_n","estimated",FALSE
"pc2001__02__05","regular_salaried_share_employed_age15plus",0.1065219350504,0.0160168865254415,517,32,419814.285,310.312020160746,TRUE,,"estimated",TRUE
"pc2001__02__06","regular_salaried_share_employed_age15plus",0.145403280918154,0.0228391574482443,384,20,238928.24,270.107997927941,TRUE,,"estimated",TRUE
"pc2001__02__07","regular_salaried_share_employed_age15plus",0.123014494239931,0.0206871167178766,334,20,229729.88,208.172952576635,TRUE,,"estimated",TRUE
"pc2001__02__08","regular_salaried_share_employed_age15plus",0.155881546123422,0.0296551046216449,283,16,178588.33,198.815461103724,TRUE,,"estimated",TRUE
"pc2001__02__09","regular_salaried_share_employed_age15plus",0.202251275797632,0.0427824694924847,426,24,268700.53,277.79772365644,TRUE,,"estimated",TRUE
"pc2001__02__10","regular_salaried_share_employed_age15plus",0.174339937248422,0.0260613060104291,359,20,198474.69,211.889867160324,TRUE,,"estimated",TRUE
"pc2001__02__11","regular_salaried_share_employed_age15plus",0.210301786708892,0.0520479037017371,454,28,344653.515,195.394615433488,TRUE,,"estimated",TRUE
"pc2001__02__12","regular_salaried_share_employed_age15plus",0.16042001144358,0.0424266384939934,130,8,43045.97,79.9832342129653,FALSE,"low_kish_effective_n","estimated",FALSE
"pc2001__03__01","regular_salaried_share_employed_age15plus",0.200207734031775,0.0283201510091781,397,28,747985.290000001,239.164920283654,TRUE,,"estimated",TRUE
"pc2001__03__02","regular_salaried_share_employed_age15plus",0.19919494061455,0.0265570766500656,559,40,1047028.35,292.072791646731,TRUE,,"estimated",TRUE
"pc2001__03__03","regular_salaried_share_employed_age15plus",0.257388240145119,0.0369632011101064,181,16,259158.13,108.393162934848,TRUE,,"estimated",TRUE
"pc2001__03__04","regular_salaried_share_employed_age15plus",0.379265814239306,0.0545825350938583,388,32,731600.95,186.369183522891,TRUE,,"estimated",TRUE
"pc2001__03__05","regular_salaried_share_employed_age15plus",0.212339381523722,0.0546524439242213,265,20,562466.035,138.611192579052,TRUE,,"estimated",TRUE
"pc2001__03__06","regular_salaried_share_employed_age15plus",0.182920454456057,0.0457685843669298,165,12,238974.04,120.600316042581,TRUE,,"estimated",TRUE
"pc2001__03__07","regular_salaried_share_employed_age15plus",0.180644664770513,0.0528077681800006,128,11,145009.32,65.8528870226895,FALSE,"low_kish_effective_n","estimated",FALSE
"pc2001__03__08","regular_salaried_share_employed_age15plus",0.167204921293473,0.0677643403080942,156,12,161788.36,91.9564092431442,FALSE,"low_kish_effective_n","estimated",FALSE
"pc2001__03__09","regular_salaried_share_employed_age15plus",0.417031933411434,0.0404370416668401,533,44,930851.69,228.849495231137,TRUE,,"estimated",TRUE
"pc2001__03__10","regular_salaried_share_employed_age15plus",0.124823410405568,0.0344749494561197,229,16,260342.35,70.6947359372741,FALSE,"low_kish_effective_n","estimated",FALSE
"pc2001__03__11","regular_salaried_share_employed_age15plus",0.117745209725028,0.0247860731283994,400,28,607542.890000001,107.176976858186,TRUE,,"estimated",TRUE
"pc2001__03__12","regular_salaried_share_employed_age15plus",0.128849591853509,0.0472472030250337,201,16,196368.22,55.7617739012474,FALSE,"low_kish_effective_n","estimated",FALSE
"pc2001__03__13","regular_salaried_share_employed_age15plus",0.149678440762033,0.0391606536785816,273,16,274984.325,106.459150832508,TRUE,,"estimated",TRUE
"pc2001__03__14","regular_salaried_share_employed_age15plus",0.145860214400146,0.0252805075629178,335,19,583600.815000001,143.900374500482,TRUE,,"estimated",TRUE
"pc2001__03__15","regular_salaried_share_employed_age15plus",0.07083542177878,0.0326006155494862,226,12,382262,82.7155412092993,FALSE,"low_kish_effective_n","estimated",FALSE
"pc2001__03__16","regular_salaried_share_employed_age15plus",0.162775952277813,0.0337893671707518,447,28,679005.765000001,217.327564830501,TRUE,,"estimated",TRUE
"pc2001__03__17","regular_salaried_share_employed_age15plus",0.235570437076895,0.0510348687813232,359,24,709664.600000001,177.996105782014,TRUE,,"estimated",TRUE
"pc2001__04__01","regular_salaried_share_employed_age15plus",0.637476487723894,0.0487541055113519,434,39,308716.39,184.855061912614,TRUE,,"estimated",TRUE
"pc2001__05__01","regular_salaried_share_employed_age15plus",0.0592136665416373,0.0183920298398181,200,12,167667.29,86.015862949464,FALSE,"low_kish_effective_n","estimated",FALSE
"pc2001__05__02","regular_salaried_share_employed_age15plus",0.0450737950921,0.0122808412433441,201,12,185060.41,97.3320202008703,FALSE,"low_kish_effective_n","estimated",FALSE
"pc2001__05__03","regular_salaried_share_employed_age15plus",0.0366221930256217,0.0146787982628167,188,12,123758.7,61.3227019626587,FALSE,"low_kish_effective_n","estimated",FALSE
"pc2001__05__04","regular_salaried_share_employed_age15plus",0.071000585266847,0.0322139605258846,239,15,304015.17,90.2326655528528,FALSE,"low_kish_effective_n","estimated",FALSE
"pc2001__05__06","regular_salaried_share_employed_age15plus",0.0320522537700996,0.00863132466479981,288,20,296692.085000001,120.729238666582,TRUE,,"estimated",TRUE
"pc2001__05__07","regular_salaried_share_employed_age15plus",0.143208894989272,0.0483204958185097,166,12,187835.19,69.3968986091773,FALSE,"low_kish_effective_n","estimated",FALSE
"pc2001__05__08","regular_salaried_share_employed_age15plus",0.102718708236464,0.0189808869918607,162,12,105601.99,75.9598686294554,FALSE,"low_kish_effective_n","estimated",FALSE
"pc2001__05__09","regular_salaried_share_employed_age15plus",0.179667158040487,0.0683704770904219,233,16,284725.52,98.7019844226305,FALSE,"low_kish_effective_n","estimated",FALSE
"pc2001__05__10","regular_salaried_share_employed_age15plus",0.0629709559166927,0.0222097356888435,136,8,86719.9,57.240805887379,FALSE,"low_kish_effective_n","estimated",FALSE
"pc2001__05__12","regular_salaried_share_employed_age15plus",0.174449977044989,0.0377867818908064,349,24,469461.770000001,139.278104820485,TRUE,,"estimated",TRUE
"pc2001__05__13","regular_salaried_share_employed_age15plus",0.180696771565774,0.0409464707220081,330,23,525699.265,108.733322677033,TRUE,,"estimated",TRUE
"pc2001__06__01","regular_salaried_share_employed_age15plus",0.566177750317246,0.133432648629295,151,12,170474.97,49.4454742418654,FALSE,"low_kish_effective_n","estimated",FALSE
"pc2001__06__02","regular_salaried_share_employed_age15plus",0.29315216333015,0.0441802734078335,236,16,362767.56,147.444579137951,TRUE,,"estimated",TRUE
"pc2001__06__03","regular_salaried_share_employed_age15plus",0.334009161025725,0.0543481286730732,260,20,341549.09,147.359117565015,TRUE,,"estimated",TRUE
"pc2001__06__04","regular_salaried_share_employed_age15plus",0.17229396365362,0.0599384785416937,192,12,342302.59,78.8366464226634,FALSE,"low_kish_effective_n","estimated",FALSE
"pc2001__06__05","regular_salaried_share_employed_age15plus",0.192756540196943,0.0388086255744285,198,12,349459.66,86.697469308,FALSE,"low_kish_effective_n","estimated",FALSE
"pc2001__06__06","regular_salaried_share_employed_age15plus",0.121441641849737,0.0347083510168611,314,20,501579.64,99.1578183379503,FALSE,"low_kish_effective_n","estimated",FALSE
"pc2001__06__07","regular_salaried_share_employed_age15plus",0.389248592452501,0.0534556597186008,251,16,570378.62,133.070889431316,TRUE,,"estimated",TRUE
"pc2001__06__08","regular_salaried_share_employed_age15plus",0.191964946345359,0.0510210737971402,316,20,566997.085000001,135.52877041622,TRUE,,"estimated",TRUE
"pc2001__06__09","regular_salaried_share_employed_age15plus",0.0883827202220317,0.0179408414018376,343,20,644896.364999998,124.89473867191,TRUE,,"estimated",TRUE
"pc2001__06__10","regular_salaried_share_employed_age15plus",0.0955965502524632,0.0319775130312117,180,12,308046.89,64.4320910397564,FALSE,"low_kish_effective_n","estimated",FALSE
"pc2001__06__11","regular_salaried_share_employed_age15plus",0.135191791181463,0.0331553959348039,261,16,493747.544999999,88.1792011944516,FALSE,"low_kish_effective_n","estimated",FALSE
"pc2001__06__12","regular_salaried_share_employed_age15plus",0.103906675662331,0.0276455639484351,349,24,563827.2,99.9442238984131,FALSE,"low_kish_effective_n","estimated",FALSE
"pc2001__06__13","regular_salaried_share_employed_age15plus",0.162045382119051,0.027829796743063,303,20,579851.945,133.529736660232,TRUE,,"estimated",TRUE
"pc2001__06__14","regular_salaried_share_employed_age15plus",0.188968388161574,0.0494268211660079,185,16,237645.78,68.1355990409549,FALSE,"low_kish_effective_n","estimated",FALSE
"pc2001__06__15","regular_salaried_share_employed_age15plus",0.27464436516615,0.061808902080099,169,12,326624.36,87.915752711424,FALSE,"low_kish_effective_n","estimated",FALSE
"pc2001__06__16","regular_salaried_share_employed_age15plus",0.115125960078885,0.0370284505282039,177,12,328957.995,67.4471444180957,FALSE,"low_kish_effective_n","estimated",FALSE
"pc2001__06__17","regular_salaried_share_employed_age15plus",0.322605846868564,0.0847326406141702,141,12,295090.095,70.9586590714249,FALSE,"low_kish_effective_n","estimated",FALSE
"pc2001__06__18","regular_salaried_share_employed_age15plus",0.647996727848302,0.118241140442587,194,16,601402.434999999,33.0885003973382,FALSE,"low_kish_effective_n","estimated",FALSE
"pc2001__06__19","regular_salaried_share_employed_age15plus",0.527252941309829,0.0706657872808526,357,28,711702.905000001,164.238936722093,TRUE,,"estimated",TRUE
"pc2001__07__01","regular_salaried_share_employed_age15plus",0.543553021163172,0.0379938495119924,965,98,2978603.93,513.616644562409,TRUE,,"estimated",TRUE
"pc2001__07__02","regular_salaried_share_employed_age15plus",0.350674361860148,0,9,1,30671.96,6.56385638349917,FALSE,"too_few_psus;low_kish_effective_n","estimated",FALSE
"pc2001__07__03","regular_salaried_share_employed_age15plus",0.594092591298485,0.0777841596676241,113,12,346942.645,53.7421341125883,FALSE,"low_kish_effective_n","estimated",FALSE
"pc2001__07__04","regular_salaried_share_employed_age15plus",0.802340728249059,0.130059351445545,15,2,22723.27,7.51116019075266,FALSE,"too_few_psus;low_kish_effective_n","estimated",FALSE
"pc2001__07__07","regular_salaried_share_employed_age15plus",0.596185720060337,0.320338645792931,21,2,71272.43,15.8601174570021,FALSE,"too_few_psus;low_kish_effective_n","estimated",FALSE
"pc2001__07__08","regular_salaried_share_employed_age15plus",0.458594799063212,0.224409821280421,41,5,121961.49,13.5430567124814,FALSE,"low_kish_effective_n","estimated",FALSE
"pc2001__07__09","regular_salaried_share_employed_age15plus",0.59190112293523,0.0584870272661257,53,6,305149.835,28.5938473442857,FALSE,"low_kish_effective_n","estimated",FALSE
"pc2001__08__01","regular_salaried_share_employed_age15plus",0.123310417252283,0.0336645756026253,308,20,923937.065,101.87820196094,TRUE,,"estimated",TRUE
"pc2001__08__02","regular_salaried_share_employed_age15plus",0.102331378239887,0.034283948273143,183,12,680743.25,64.7376706082159,FALSE,"low_kish_effective_n","estimated",FALSE
"pc2001__08__03","regular_salaried_share_employed_age15plus",0.218302108694101,0.0791287404416788,284,16,746093.755000001,81.8411029179259,FALSE,"low_kish_effective_n","estimated",FALSE
"pc2001__08__04","regular_salaried_share_employed_age15plus",0.07161265429303,0.0289361856236645,274,20,774156.405000001,131.291531727384,TRUE,,"estimated",TRUE
"pc2001__08__05","regular_salaried_share_employed_age15plus",0.0851534390367375,0.0275166824334244,248,16,620222.22,131.894519165677,TRUE,,"estimated",TRUE
"pc2001__08__06","regular_salaried_share_employed_age15plus",0.071272589880938,0.023157451038134,257,16,1380630.34,92.750913598658,FALSE,"low_kish_effective_n","estimated",FALSE
"pc2001__08__07","regular_salaried_share_employed_age15plus",0.0582801589017269,0.0216217734342612,266,16,1001499.5,100.417012482467,TRUE,,"estimated",TRUE
"pc2001__08__08","regular_salaried_share_employed_age15plus",0.128292078206676,0.0213297430764782,172,12,381579.445,84.0105177470593,FALSE,"low_kish_effective_n","estimated",FALSE
"pc2001__08__09","regular_salaried_share_employed_age15plus",0.131771053790395,0.0673265307326905,166,12,439298.035,79.0028627534846,FALSE,"low_kish_effective_n","estimated",FALSE
"pc2001__08__10","regular_salaried_share_employed_age15plus",0.123072158060673,0.0712922296012166,171,12,444489.565,45.8106081067092,FALSE,"low_kish_effective_n","estimated",FALSE
"pc2001__08__11","regular_salaried_share_employed_age15plus",0.0656716423767147,0.0220632954682032,177,12,611622.59,64.6645104443808,FALSE,"low_kish_effective_n","estimated",FALSE
"pc2001__08__12","regular_salaried_share_employed_age15plus",0.229499321625688,0.0328635964629909,695,48,1938395.185,206.239751882199,TRUE,,"estimated",TRUE
"pc2001__08__13","regular_salaried_share_employed_age15plus",0.0630420858895586,0.0206481487302695,332,20,829582.560000001,96.932944062301,FALSE,"low_kish_effective_n","estimated",FALSE
"pc2001__08__14","regular_salaried_share_employed_age15plus",0.0962374498972225,0.0306265855980386,327,20,1151626.525,101.462848868304,TRUE,,"estimated",TRUE
"pc2001__08__15","regular_salaried_share_employed_age15plus",0.131133122716004,0.0529971420898492,333,20,1132784.28,130.274152174066,TRUE,,"estimated",TRUE
"pc2001__08__16","regular_salaried_share_employed_age15plus",0.0964071388865127,0.0159924907310625,176,12,216437.395,97.7068009283448,FALSE,"low_kish_effective_n","estimated",FALSE
"pc2001__08__17","regular_salaried_share_employed_age15plus",0.0359679168564313,0.0111989744528763,288,16,857608.604999999,105.544234216514,TRUE,,"estimated",TRUE
"pc2001__08__18","regular_salaried_share_employed_age15plus",0.0239983819532322,0.00743836487262198,260,16,660969.769999999,86.8958582830371,FALSE,"low_kish_effective_n","estimated",FALSE
"pc2001__08__19","regular_salaried_share_employed_age15plus",0.144573488817438,0.0479415328680331,173,12,361413.15,67.4977759972039,FALSE,"low_kish_effective_n","estimated",FALSE
"pc2001__08__20","regular_salaried_share_employed_age15plus",0.138874014317097,0.0245732982827485,211,16,629812.715,102.822874424092,TRUE,,"estimated",TRUE
"pc2001__08__21","regular_salaried_share_employed_age15plus",0.214314248400425,0.041212100785636,360,20,894355.514999999,156.069906486054,TRUE,,"estimated",TRUE
"pc2001__08__22","regular_salaried_share_employed_age15plus",0.0953975072889021,0.0184338486967416,195,11,593345.535,94.710394686442,FALSE,"low_kish_effective_n","estimated",FALSE
"pc2001__08__23","regular_salaried_share_employed_age15plus",0.0853692745229854,0.0425239854820661,159,12,414939.335,56.2851013865349,FALSE,"low_kish_effective_n","estimated",FALSE
"pc2001__08__24","regular_salaried_share_employed_age15plus",0.156951819792034,0.0465933754082905,280,16,1126288.725,149.738491741285,TRUE,,"estimated",TRUE
"pc2001__08__25","regular_salaried_share_employed_age15plus",0.0731159225327297,0.0182303186962326,219,12,521207.47,113.569593013172,TRUE,,"estimated",TRUE
"pc2001__08__26","regular_salaried_share_employed_age15plus",0.136333814598497,0.0368726883638057,319,20,1251008.2,116.386717545019,TRUE,,"estimated",TRUE
"pc2001__08__27","regular_salaried_share_employed_age15plus",0.0299045157803906,0.0107308018475751,178,12,573655,80.6752622866392,FALSE,"low_kish_effective_n","estimated",FALSE
"pc2001__08__28","regular_salaried_share_employed_age15plus",0.078749977864246,0.0272057196029561,264,16,749353.29,107.452231680127,TRUE,,"estimated",TRUE
"pc2001__08__29","regular_salaried_share_employed_age15plus",0.0929407906463236,0.0291046599094498,265,16,926862.085,130.924522571513,TRUE,,"estimated",TRUE
"pc2001__08__30","regular_salaried_share_employed_age15plus",0.192549289419631,0.0473861568283972,191,16,672342.315,98.5007662070435,FALSE,"low_kish_effective_n","estimated",FALSE
"pc2001__08__31","regular_salaried_share_employed_age15plus",0.0453058216674802,0.0181245089082086,175,12,433103.06,61.9519060599454,FALSE,"low_kish_effective_n","estimated",FALSE
"pc2001__08__32","regular_salaried_share_employed_age15plus",0.122126352676567,0.0444851333696637,184,12,505491.31,75.0574359457979,FALSE,"low_kish_effective_n","estimated",FALSE
"pc2001__09__01","regular_salaried_share_employed_age15plus",0.0877699137317526,0.026935449084427,289,20,944820.4,107.324994419222,TRUE,,"estimated",TRUE
"pc2001__09__02","regular_salaried_share_employed_age15plus",0.0860936015832386,0.0251328012375486,320,24,988164.375000001,116.758676115289,TRUE,,"estimated",TRUE
"pc2001__09__03","regular_salaried_share_employed_age15plus",0.0595345370997054,0.0270751314885581,234,20,618998.85,68.6051933192746,FALSE,"low_kish_effective_n","estimated",FALSE
"pc2001__09__04","regular_salaried_share_employed_age15plus",0.0718341978655593,0.0266835472321112,340,24,1168606.91,120.797907121989,TRUE,,"estimated",TRUE
"pc2001__09__05","regular_salaried_share_employed_age15plus",0.0828304219360123,0.0286396017971833,157,12,513775.06,56.9916658395038,FALSE,"low_kish_effective_n","estimated",FALSE
"pc2001__09__06","regular_salaried_share_employed_age15plus",0.0388807632604492,0.0326845158060248,154,12,407828.285,53.2103723574659,FALSE,"low_kish_effective_n","estimated",FALSE
"pc2001__09__07","regular_salaried_share_employed_age15plus",0.212688272502725,0.0499407118388714,225,20,746022.045,90.3057931549993,FALSE,"low_kish_effective_n","estimated",FALSE
"pc2001__09__08","regular_salaried_share_employed_age15plus",0.0573760737138737,0.0304125077674981,160,12,351660.26,68.9974895543387,FALSE,"low_kish_effective_n","estimated",FALSE
"pc2001__09__09","regular_salaried_share_employed_age15plus",0.368126908439873,0.0464614174036815,328,20,1570567.885,133.834033752532,TRUE,,"estimated",TRUE
"pc2001__09__10","regular_salaried_share_employed_age15plus",0.254264298739757,0.0850522893369445,149,12,566516.36,56.057290629038,FALSE,"low_kish_effective_n","estimated",FALSE
"pc2001__09__11","regular_salaried_share_employed_age15plus",0.0962289635727792,0.0229836746516594,251,20,828566.909999997,98.3299614749216,FALSE,"low_kish_effective_n","estimated",FALSE
"pc2001__09__12","regular_salaried_share_employed_age15plus",0.214623816503576,0.0503463885377119,191,16,1032191.015,80.902998260554,FALSE,"low_kish_effective_n","estimated",FALSE
"pc2001__09__13","regular_salaried_share_employed_age15plus",0.109147149460204,0.0421773164096301,181,12,473068.47,93.1244752474115,FALSE,"low_kish_effective_n","estimated",FALSE
"pc2001__09__14","regular_salaried_share_employed_age15plus",0.0949726932701613,0.032221453229201,187,16,552565.25,55.1551285272042,FALSE,"low_kish_effective_n","estimated",FALSE
"pc2001__09__15","regular_salaried_share_employed_age15plus",0.215094693689316,0.0380261284689722,244,20,927604.844999999,90.8757178162905,FALSE,"low_kish_effective_n","estimated",FALSE
"pc2001__09__16","regular_salaried_share_employed_age15plus",0.14931066331602,0.0655906075034925,253,16,873755.545,103.491940905746,TRUE,,"estimated",TRUE
"pc2001__09__17","regular_salaried_share_employed_age15plus",0.0475599444292883,0.0285447623678353,218,16,967077.77,87.2449292448133,FALSE,"low_kish_effective_n","estimated",FALSE
"pc2001__09__18","regular_salaried_share_employed_age15plus",0.0444353443349173,0.017223967241972,138,12,459408.39,48.1477909632516,FALSE,"low_kish_effective_n","estimated",FALSE
"pc2001__09__19","regular_salaried_share_employed_age15plus",0.0651840972506977,0.032879811181772,300,24,918492.125,89.9962629014518,FALSE,"low_kish_effective_n","estimated",FALSE
"pc2001__09__20","regular_salaried_share_employed_age15plus",0.132898763077965,0.0288929167586284,289,24,1101083.95,143.153552521354,TRUE,,"estimated",TRUE
"pc2001__09__21","regular_salaried_share_employed_age15plus",0.0709415350200298,0.0216666593504587,145,12,537474.485,42.9052744422498,FALSE,"low_kish_effective_n","estimated",FALSE
"pc2001__09__22","regular_salaried_share_employed_age15plus",0.0844347770639053,0.0272827463726901,171,12,940875.345,51.8766770831235,FALSE,"low_kish_effective_n","estimated",FALSE
"pc2001__09__23","regular_salaried_share_employed_age15plus",0.0246106500722405,0.0146394491411506,213,20,911494.004999999,70.5488665183708,FALSE,"low_kish_effective_n","estimated",FALSE
"pc2001__09__24","regular_salaried_share_employed_age15plus",0.0234578199305634,0.0188476404362933,220,20,1137435.835,92.3161748437726,FALSE,"low_kish_effective_n","estimated",FALSE
"pc2001__09__25","regular_salaried_share_employed_age15plus",0.0131729894083231,0.00409108545110411,228,20,1070951.29,65.8303033724107,FALSE,"low_kish_effective_n","estimated",FALSE
"pc2001__09__26","regular_salaried_share_employed_age15plus",0.0618801701405013,0.0326014742629208,229,16,1295569.24,62.9015290484103,FALSE,"low_kish_effective_n","estimated",FALSE
"pc2001__09__27","regular_salaried_share_employed_age15plus",0.252801391649046,0.0744191352646484,333,24,1518675.995,92.3674560302796,FALSE,"low_kish_effective_n","estimated",FALSE
"pc2001__09__28","regular_salaried_share_employed_age15plus",0.123611276505004,0.0402345956708773,245,20,979353.974999999,80.924334299477,FALSE,"low_kish_effective_n","estimated",FALSE
"pc2001__09__29","regular_salaried_share_employed_age15plus",0.171902691848288,0.097718749154272,123,11,437829.095,43.2972648713256,FALSE,"low_kish_effective_n","estimated",FALSE
"pc2001__09__30","regular_salaried_share_employed_age15plus",0.0845633650563543,0.0299657822508744,156,12,395245.565,54.9517091487596,FALSE,"low_kish_effective_n","estimated",FALSE
"pc2001__09__31","regular_salaried_share_employed_age15plus",0.0856274369933509,0.0323426355246552,151,12,458414.515,52.9935323809375,FALSE,"low_kish_effective_n","estimated",FALSE
"pc2001__09__32","regular_salaried_share_employed_age15plus",0.0977411516705815,0.0531296209218771,134,12,364022.67,45.3557776332896,FALSE,"low_kish_effective_n","estimated",FALSE
"pc2001__09__33","regular_salaried_share_employed_age15plus",0.01136423514739,0.0054450566144122,159,12,466570.775,39.3930000925115,FALSE,"low_kish_effective_n","estimated",FALSE
"pc2001__09__34","regular_salaried_share_employed_age15plus",0.261154917428679,0.0564580597231987,307,24,1071990.23,130.189895363799,TRUE,,"estimated",TRUE
"pc2001__09__35","regular_salaried_share_employed_age15plus",0.0579811687111707,0.019051111843892,199,12,632991.725,101.559856108633,TRUE,,"estimated",TRUE
"pc2001__09__36","regular_salaried_share_employed_age15plus",0.25847546560246,0.07002068567376,245,16,803021.96,129.193880889509,TRUE,,"estimated",TRUE
"pc2001__09__37","regular_salaried_share_employed_age15plus",0.102084132107856,0.0344675984484424,202,12,432759.275,95.0833240960976,FALSE,"low_kish_effective_n","estimated",FALSE
"pc2001__09__38","regular_salaried_share_employed_age15plus",0.055555771027993,0.0154675765490714,230,12,551759.15,134.473994477566,TRUE,,"estimated",TRUE
"pc2001__09__39","regular_salaried_share_employed_age15plus",0.0584095427565815,0.0190194885735432,216,12,289611.495,125.588803610336,TRUE,,"estimated",TRUE
"pc2001__09__40","regular_salaried_share_employed_age15plus",0.047441695778808,0.0214550873078019,166,12,507942.425,56.5653809721225,FALSE,"low_kish_effective_n","estimated",FALSE
"pc2001__09__41","regular_salaried_share_employed_age15plus",0.0750764865259473,0.0351571865898026,203,12,330809.9,60.1390632543281,FALSE,"low_kish_effective_n","estimated",FALSE
"pc2001__09__42","regular_salaried_share_employed_age15plus",0.0371394211369397,0.0186753304880619,200,12,1119842.575,59.2594709537827,FALSE,"low_kish_effective_n","estimated",FALSE
"pc2001__09__43","regular_salaried_share_employed_age15plus",0.0422851509201686,0.0121514242857889,280,20,858321.165000001,114.743193652803,TRUE,,"estimated",TRUE
"pc2001__09__44","regular_salaried_share_employed_age15plus",0.0409929161685831,0.0315329351493298,176,12,476957.285,49.6619623654544,FALSE,"low_kish_effective_n","estimated",FALSE
"pc2001__09__45","regular_salaried_share_employed_age15plus",0.124016878231267,0.0256562321614614,327,24,1663231.15,152.045437798375,TRUE,,"estimated",TRUE
"pc2001__09__46","regular_salaried_share_employed_age15plus",0.0460419628323731,0.0181190754868129,277,20,1116098.16,79.36077316647,FALSE,"low_kish_effective_n","estimated",FALSE
"pc2001__09__47","regular_salaried_share_employed_age15plus",0.0656807541561015,0.0268184782050431,193,12,718615.15,68.7629022544012,FALSE,"low_kish_effective_n","estimated",FALSE
"pc2001__09__48","regular_salaried_share_employed_age15plus",0.0406479132308048,0.0130187821226931,203,12,678459.675,73.0179080647643,FALSE,"low_kish_effective_n","estimated",FALSE
"pc2001__09__49","regular_salaried_share_employed_age15plus",0.051840376837623,0.0238706059165134,299,20,964740.189999999,91.8878526039802,FALSE,"low_kish_effective_n","estimated",FALSE
"pc2001__09__50","regular_salaried_share_employed_age15plus",0.040802776509263,0.0166969451125817,139,12,752246.724999999,35.7480036480273,FALSE,"low_kish_effective_n","estimated",FALSE
"pc2001__09__51","regular_salaried_share_employed_age15plus",0.0297133601545134,0.011711869628005,158,12,274601.39,25.406544597389,FALSE,"low_kish_effective_n","estimated",FALSE
"pc2001__09__52","regular_salaried_share_employed_age15plus",0.00753683645122034,0.00449206357290001,166,12,664228.955,52.1050921859335,FALSE,"low_kish_effective_n","estimated",FALSE
"pc2001__09__53","regular_salaried_share_employed_age15plus",0.0327496549979614,0.0144265398870236,260,20,774462.815000001,67.4932957717526,FALSE,"low_kish_effective_n","estimated",FALSE
"pc2001__09__54","regular_salaried_share_employed_age15plus",0.043491943594756,0.0306827388322185,183,12,660591.77,50.2290031748651,FALSE,"low_kish_effective_n","estimated",FALSE
"pc2001__09__55","regular_salaried_share_employed_age15plus",0.0749145356632886,0.0297267574806518,196,12,773002.255,71.2492771736417,FALSE,"low_kish_effective_n","estimated",FALSE
"pc2001__09__56","regular_salaried_share_employed_age15plus",0.0672886415824431,0.0364298428682421,139,12,435810.18,51.9500703528993,FALSE,"low_kish_effective_n","estimated",FALSE
"pc2001__09__57","regular_salaried_share_employed_age15plus",0.0662411910785195,0.0431967125314746,181,12,826988.3,63.8142463872195,FALSE,"low_kish_effective_n","estimated",FALSE
"pc2001__09__58","regular_salaried_share_employed_age15plus",0.106457049011331,0.0266856845410295,346,23,1286959.025,146.865712984433,TRUE,,"estimated",TRUE
"pc2001__09__59","regular_salaried_share_employed_age15plus",0.0174149343316945,0.00591035049343602,289,20,1059648.555,124.351804530707,TRUE,,"estimated",TRUE
"pc2001__09__60","regular_salaried_share_employed_age15plus",0.0890127198764846,0.0251343632093259,281,20,890953.620000001,123.495043118211,TRUE,,"estimated",TRUE
"pc2001__09__61","regular_salaried_share_employed_age15plus",0.0302656945366637,0.00865484517242632,350,20,1231100.775,130.990920548267,TRUE,,"estimated",TRUE
"pc2001__09__62","regular_salaried_share_employed_age15plus",0.0241529682884196,0.00938278334963437,199,12,636331.105,93.3646884031933,FALSE,"low_kish_effective_n","estimated",FALSE
"pc2001__09__63","regular_salaried_share_employed_age15plus",0.0235145787776533,0.00786506273983948,315,20,739694.729999999,93.0622166196481,FALSE,"low_kish_effective_n","estimated",FALSE
"pc2001__09__64","regular_salaried_share_employed_age15plus",0.0369193514305352,0.0172598792385001,341,20,1288387.205,151.349435447131,TRUE,,"estimated",TRUE
"pc2001__09__65","regular_salaried_share_employed_age15plus",0.0538966930088455,0.0242861948754845,357,20,1106919.955,92.8328242044962,FALSE,"low_kish_effective_n","estimated",FALSE
"pc2001__09__66","regular_salaried_share_employed_age15plus",0.112331725962193,0.0355184257281435,168,12,600656.755,57.5820520946861,FALSE,"low_kish_effective_n","estimated",FALSE
"pc2001__09__67","regular_salaried_share_employed_age15plus",0.123983330360944,0.0377393241849484,288,20,931265.514999999,136.309466321143,TRUE,,"estimated",TRUE
"pc2001__09__68","regular_salaried_share_employed_age15plus",0.0552266779111352,0.0168576632721078,204,12,440382.455,73.7907820138693,FALSE,"low_kish_effective_n","estimated",FALSE
"pc2001__09__69","regular_salaried_share_employed_age15plus",0.0706749520340527,0.0212754674008455,164,12,838376.02,67.0006602786367,FALSE,"low_kish_effective_n","estimated",FALSE
"pc2001__09__70","regular_salaried_share_employed_age15plus",0.0565649941547679,0.0288391778193838,164,12,444687.22,55.8152232960373,FALSE,"low_kish_effective_n","estimated",FALSE
"pc2001__10__01","regular_salaried_share_employed_age15plus",0.0296555829903919,0.018024746281277,173,16,739027.96,49.9918289288886,FALSE,"low_kish_effective_n","estimated",FALSE
"pc2001__10__02","regular_salaried_share_employed_age15plus",0.0908149429694132,0.0269145901397194,229,20,934467.415,65.537308610512,FALSE,"low_kish_effective_n","estimated",FALSE
"pc2001__10__03","regular_salaried_share_employed_age15plus",0.0276009856908724,0.00742009403772197,133,12,111499.46,20.7578229702246,FALSE,"low_kish_effective_n","estimated",FALSE
"pc2001__10__04","regular_salaried_share_employed_age15plus",0.039897516223414,0.0177181708436382,156,16,652475.955,44.2165087663508,FALSE,"low_kish_effective_n","estimated",FALSE
"pc2001__10__05","regular_salaried_share_employed_age15plus",0.0977451090834227,0.0380020229109395,174,20,795111.19,52.6003885213462,FALSE,"low_kish_effective_n","estimated",FALSE
"pc2001__10__06","regular_salaried_share_employed_age15plus",0.034176036855262,0.00962302279052426,95,12,346740.175,24.8230785091639,FALSE,"low_kish_effective_n","estimated",FALSE
"pc2001__10__07","regular_salaried_share_employed_age15plus",0.0172404764315969,0.00407187283156744,160,16,550060.495,35.1467156172883,FALSE,"low_kish_effective_n","estimated",FALSE
"pc2001__10__08","regular_salaried_share_employed_age15plus",0.0528575949130684,0.0249163151554796,100,12,275756.02,27.4589417977099,FALSE,"low_kish_effective_n","estimated",FALSE
"pc2001__10__09","regular_salaried_share_employed_age15plus",0.0636935298176978,0.0280449314140127,147,16,641390.815,34.1467680159338,FALSE,"low_kish_effective_n","estimated",FALSE
"pc2001__10__10","regular_salaried_share_employed_age15plus",0.00501983977093588,0.00239891632851012,143,16,551195.88,31.989464230956,FALSE,"low_kish_effective_n","estimated",FALSE
"pc2001__10__11","regular_salaried_share_employed_age15plus",0.00941946690449423,0.00372051403794024,114,12,535480.41,24.7001663671024,FALSE,"low_kish_effective_n","estimated",FALSE
"pc2001__10__12","regular_salaried_share_employed_age15plus",0.0589709565634328,0.0271823271139307,129,12,423251.91,45.3902676193052,FALSE,"low_kish_effective_n","estimated",FALSE
"pc2001__10__13","regular_salaried_share_employed_age15plus",0.0320833648020724,0.0133397031904282,190,20,752929.755,57.6900170848392,FALSE,"low_kish_effective_n","estimated",FALSE
"pc2001__10__14","regular_salaried_share_employed_age15plus",0.0283352722179182,0.0114830270887914,209,20,1005058.105,57.4308352095684,FALSE,"low_kish_effective_n","estimated",FALSE
"pc2001__10__15","regular_salaried_share_employed_age15plus",0.00193282958739965,0.00141412916718343,200,16,657114.32,32.5882789350427,FALSE,"low_kish_effective_n","estimated",FALSE
"pc2001__10__16","regular_salaried_share_employed_age15plus",0.0322360240277623,0.0126362777621027,191,16,633694.465,57.3061258409264,FALSE,"low_kish_effective_n","estimated",FALSE
"pc2001__10__17","regular_salaried_share_employed_age15plus",0.0837570166034172,0.0290838767995196,237,20,890407.67,86.5659673324521,FALSE,"low_kish_effective_n","estimated",FALSE
"pc2001__10__18","regular_salaried_share_employed_age15plus",0.0357200864213198,0.0151962528748532,181,16,846448.540000001,70.5962347810959,FALSE,"low_kish_effective_n","estimated",FALSE
"pc2001__10__19","regular_salaried_share_employed_age15plus",0.0306228728965069,0.0138832680128508,234,20,997653.62,87.8616765210916,FALSE,"low_kish_effective_n","estimated",FALSE
"pc2001__10__20","regular_salaried_share_employed_age15plus",0.0355393057801045,0.0224861579817592,152,16,547155.595,40.3757433538068,FALSE,"low_kish_effective_n","estimated",FALSE
"pc2001__10__21","regular_salaried_share_employed_age15plus",0.0439666848997115,0.022574249689257,146,12,362455.46,25.2651416386778,FALSE,"low_kish_effective_n","estimated",FALSE
"pc2001__10__22","regular_salaried_share_employed_age15plus",0.0885492401327063,0.0397258907765637,145,14,661269.085,47.8105233484473,FALSE,"low_kish_effective_n","estimated",FALSE
"pc2001__10__23","regular_salaried_share_employed_age15plus",0.0194800894546507,0.00758790703568941,145,12,554783.9,49.6840583186764,FALSE,"low_kish_effective_n","estimated",FALSE
"pc2001__10__24","regular_salaried_share_employed_age15plus",0.0849964083082754,0.0191473252971866,135,11,363853.61,45.4255325276388,FALSE,"low_kish_effective_n","estimated",FALSE
"pc2001__10__25","regular_salaried_share_employed_age15plus",0.0182034789711315,0.00768732211222014,123,11,231108.845,35.7215129529637,FALSE,"low_kish_effective_n","estimated",FALSE
"pc2001__10__26","regular_salaried_share_employed_age15plus",0.0418404701457316,0.0278059341393588,124,12,151682.33,41.7688666579305,FALSE,"low_kish_effective_n","estimated",FALSE
"pc2001__10__27","regular_salaried_share_employed_age15plus",0.0391069135590035,0.0172600165835394,183,16,751197.61,42.7533098385043,FALSE,"low_kish_effective_n","estimated",FALSE
"pc2001__10__28","regular_salaried_share_employed_age15plus",0.160255495883555,0.0375026267805809,321,28,1572045.68,116.995598492823,TRUE,,"estimated",TRUE
"pc2001__10__29","regular_salaried_share_employed_age15plus",0.0520177999434664,0.0158353796755291,213,16,660969.515,54.8435172975921,FALSE,"low_kish_effective_n","estimated",FALSE
"pc2001__10__30","regular_salaried_share_employed_age15plus",0.0450227155041327,0.018423034210639,144,12,390320.415,41.1280854563842,FALSE,"low_kish_effective_n","estimated",FALSE
"pc2001__10__31","regular_salaried_share_employed_age15plus",0.0136459638825397,0.00706327629116037,144,12,417475.09,33.9117625178275,FALSE,"low_kish_effective_n","estimated",FALSE
"pc2001__10__32","regular_salaried_share_employed_age15plus",0.0611819608029953,0.0263658971623488,193,16,621981.455,64.5636720655204,FALSE,"low_kish_effective_n","estimated",FALSE
"pc2001__10__33","regular_salaried_share_employed_age15plus",0.0510563796408869,0.0372820295148667,111,12,258926.8,52.776597198875,FALSE,"low_kish_effective_n","estimated",FALSE
"pc2001__10__34","regular_salaried_share_employed_age15plus",0.0318577757737312,0.0311114708954724,126,12,530127.405,33.3655634172604,FALSE,"low_kish_effective_n","estimated",FALSE
"pc2001__10__35","regular_salaried_share_employed_age15plus",0.00749763026177737,0.00306471286322621,186,19,868271.01,61.3875134632721,FALSE,"low_kish_effective_n","estimated",FALSE
"pc2001__10__36","regular_salaried_share_employed_age15plus",0.0145960196330326,0.00755903603892549,123,12,375908.305,29.1366068089901,FALSE,"low_kish_effective_n","estimated",FALSE
"pc2001__10__37","regular_salaried_share_employed_age15plus",0.026123788905703,0.0171454461446827,181,12,499052.8,52.713928887982,FALSE,"low_kish_effective_n","estimated",FALSE
"pc2001__11__01","regular_salaried_share_employed_age15plus",0.422748450019655,0.134471569357788,150,12,15860.685,43.739874046116,FALSE,"low_kish_effective_n","estimated",FALSE
"pc2001__11__02","regular_salaried_share_employed_age15plus",0.168289068913123,0.0206503598968087,351,24,53339.115,122.93724038178,TRUE,,"estimated",TRUE
"pc2001__11__03","regular_salaried_share_employed_age15plus",0.258206603774316,0.0560329628573374,337,24,51648.04,136.24177637869,TRUE,,"estimated",TRUE
"pc2001__11__04","regular_salaried_share_employed_age15plus",0.353476497369992,0.0492370645182924,491,36,111381.79,207.108227484409,TRUE,,"estimated",TRUE
"pc2001__12__01","regular_salaried_share_employed_age15plus",0.413131628276249,0.193616922274327,82,8,9855.975,33.0633649759601,FALSE,"low_kish_effective_n","estimated",FALSE
"pc2001__12__02","regular_salaried_share_employed_age15plus",0.0793665049812836,0.0397806848333075,144,10,16255.85,100.000710294019,TRUE,,"estimated",TRUE
"pc2001__12__03","regular_salaried_share_employed_age15plus",0.097388839737218,0.0320220692969919,176,12,25900.555,112.732064311666,TRUE,,"estimated",TRUE
"pc2001__12__04","regular_salaried_share_employed_age15plus",0.57757225036195,0.0810184037102677,327,32,29095.875,187.930834724097,TRUE,,"estimated",TRUE
"pc2001__12__05","regular_salaried_share_employed_age15plus",0.270030274420373,0.0827088842070946,122,12,23582.615,72.6984762260059,FALSE,"low_kish_effective_n","estimated",FALSE
"pc2001__12__06","regular_salaried_share_employed_age15plus",0.244324042995865,0.0566305885222855,152,12,19790.275,93.9903280464746,FALSE,"low_kish_effective_n","estimated",FALSE
"pc2001__12__07","regular_salaried_share_employed_age15plus",0.178658279841544,0.0400201332301997,328,20,41894.28,237.708289930613,TRUE,,"estimated",TRUE
"pc2001__12__08","regular_salaried_share_employed_age15plus",0.20015602306838,0.0400675951558778,228,20,23964.405,125.807250559206,TRUE,,"estimated",TRUE
"pc2001__12__09","regular_salaried_share_employed_age15plus",0.222344185597302,0.101628956267381,62,4,13460.325,31.2000430795004,FALSE,"too_few_psus;low_kish_effective_n","estimated",FALSE
"pc2001__12__10","regular_salaried_share_employed_age15plus",0.281676147813231,0.0862677663589912,176,16,18671.265,72.8932342635102,FALSE,"low_kish_effective_n","estimated",FALSE
"pc2001__12__11","regular_salaried_share_employed_age15plus",0.111963579587269,0.0270450136232513,263,18,41179.105,102.303153881048,TRUE,,"estimated",TRUE
"pc2001__12__12","regular_salaried_share_employed_age15plus",0.326955400225013,0.0998223124332785,247,15,60027.545,94.9104238743494,FALSE,"low_kish_effective_n","estimated",FALSE
"pc2001__12__13","regular_salaried_share_employed_age15plus",0.0795563833907662,0.0100547918342177,314,16,46098.815,119.754346186764,TRUE,,"estimated",TRUE
"pc2001__13__01","regular_salaried_share_employed_age15plus",0.145481432194281,0.0208401477626538,237,12,43103.37,97.0320938492819,FALSE,"low_kish_effective_n","estimated",FALSE
"pc2001__13__02","regular_salaried_share_employed_age15plus",0.180303184487744,0.0300754707236429,248,20,45449.225,106.410076890536,TRUE,,"estimated",TRUE
"pc2001__13__03","regular_salaried_share_employed_age15plus",0.19949438479263,0.0302774405258298,125,12,56277.975,59.1809058770575,FALSE,"low_kish_effective_n","estimated",FALSE
"pc2001__13__04","regular_salaried_share_employed_age15plus",0.176076198820714,0.0302129673438994,173,12,28167.89,88.3703507304541,FALSE,"low_kish_effective_n","estimated",FALSE
"pc2001__13__05","regular_salaried_share_employed_age15plus",0.117518640831347,0.0176241250827183,172,12,28070.1,69.836499511642,FALSE,"low_kish_effective_n","estimated",FALSE
"pc2001__13__06","regular_salaried_share_employed_age15plus",0.29122549163534,0.0680863339739522,172,16,52280.365,100.460420585156,TRUE,,"estimated",TRUE
"pc2001__13__07","regular_salaried_share_employed_age15plus",0.280415999763222,0.0276201338566174,348,24,86494.2799999999,152.975116606676,TRUE,,"estimated",TRUE
"pc2001__13__08","regular_salaried_share_employed_age15plus",0.151927113979218,0.0243603361176761,199,12,40949.965,88.0784716388298,FALSE,"low_kish_effective_n","estimated",FALSE
"pc2001__14__01","regular_salaried_share_employed_age15plus",0.0889111021409924,0.0199304750573289,274,16,86459.9000000001,133.007615365727,TRUE,,"estimated",TRUE
"pc2001__14__02","regular_salaried_share_employed_age15plus",0.0947532944730264,0.0223573564168396,306,12,46091.59,147.760894729352,TRUE,,"estimated",TRUE
"pc2001__14__03","regular_salaried_share_employed_age15plus",0.0630574999440224,0.0188859522625085,395,24,88428.26,169.464690959269,TRUE,,"estimated",TRUE
"pc2001__14__04","regular_salaried_share_employed_age15plus",0.11419839943009,0.0213202049063593,410,36,59040.845,125.452314484768,TRUE,,"estimated",TRUE
"pc2001__14__05","regular_salaried_share_employed_age15plus",0.189423602438974,0.0190201536178981,649,60,94467.61,257.004609114676,TRUE,,"estimated",TRUE
"pc2001__14__06","regular_salaried_share_employed_age15plus",0.247860376024039,0.0181043299984404,1265,100,157735.66,511.056561753145,TRUE,,"estimated",TRUE
"pc2001__14__07","regular_salaried_share_employed_age15plus",0.201576725554874,0.0289438765082491,504,40,95205.5350000001,281.283340149437,TRUE,,"estimated",TRUE
"pc2001__14__08","regular_salaried_share_employed_age15plus",0.0631227600231897,0.0215440774478666,216,16,44787.015,122.094534954942,TRUE,,"estimated",TRUE
"pc2001__14__09","regular_salaried_share_employed_age15plus",0.119496273898336,0.0381511417067158,221,16,38885.815,130.941342468538,TRUE,,"estimated",TRUE
"pc2001__15__01","regular_salaried_share_employed_age15plus",0.132465168394687,0.0281254422853961,176,12,27577.325,74.126016994613,FALSE,"low_kish_effective_n","estimated",FALSE
"pc2001__15__02","regular_salaried_share_employed_age15plus",0.0832629555650522,0.02127601461855,196,11,26559.05,77.477380837085,FALSE,"low_kish_effective_n","estimated",FALSE
"pc2001__15__03","regular_salaried_share_employed_age15plus",0.284273585614601,0.0225487154416305,1138,76,111181.065,594.73575412576,TRUE,,"estimated",TRUE
"pc2001__15__04","regular_salaried_share_employed_age15plus",0.114816008399906,0.0217645274699028,416,24,52533.92,139.822932372959,TRUE,,"estimated",TRUE
"pc2001__15__05","regular_salaried_share_employed_age15plus",0.107103702924851,0.0216570219504688,221,12,29197.73,87.1922137606918,FALSE,"low_kish_effective_n","estimated",FALSE
"pc2001__15__06","regular_salaried_share_employed_age15plus",0.165336765539189,0.0274875952830169,406,32,46625.02,183.058464209409,TRUE,,"estimated",TRUE
"pc2001__15__07","regular_salaried_share_employed_age15plus",0.0905368169375015,0.0281488585004305,179,12,31163.51,95.5898424583669,FALSE,"low_kish_effective_n","estimated",FALSE
"pc2001__15__08","regular_salaried_share_employed_age15plus",0.208623975667093,0.042623405016781,193,12,19216.775,77.3079604099839,FALSE,"low_kish_effective_n","estimated",FALSE
"pc2001__16__01","regular_salaried_share_employed_age15plus",0.197328851361517,0.0200055440565269,1290,112,618593.804999998,513.884002292333,TRUE,,"estimated",TRUE
"pc2001__16__02","regular_salaried_share_employed_age15plus",0.0690809229497931,0.0127625134751781,538,52,248660.98,222.432402106868,TRUE,,"estimated",TRUE
"pc2001__16__03","regular_salaried_share_employed_age15plus",0.0886398111733271,0.0306436630323097,314,28,124736.615,135.947398041063,TRUE,,"estimated",TRUE
"pc2001__16__04","regular_salaried_share_employed_age15plus",0.159895230610961,0.0302337804669672,536,40,260597.11,197.545213963079,TRUE,,"estimated",TRUE
"pc2001__17__01","regular_salaried_share_employed_age15plus",0.079771299735778,0.012659326432617,525,32,252325.900000001,241.03379733088,TRUE,,"estimated",TRUE
"pc2001__17__02","regular_salaried_share_employed_age15plus",0.0570067680380072,0.0156029427639782,290,16,140220.105,134.298649534718,TRUE,,"estimated",TRUE
"pc2001__17__03","regular_salaried_share_employed_age15plus",0.0499812516563888,0.0172272896631211,220,12,70126.195,96.9768577638969,FALSE,"low_kish_effective_n","estimated",FALSE
"pc2001__17__04","regular_salaried_share_employed_age15plus",0.112614045468498,0.024179210899815,373,20,131171.915,189.966279871459,TRUE,,"estimated",TRUE
"pc2001__17__05","regular_salaried_share_employed_age15plus",0.113986682273756,0.0359700040482575,264,16,92842.4249999998,104.634217098724,TRUE,,"estimated",TRUE
"pc2001__17__06","regular_salaried_share_employed_age15plus",0.335783917731035,0.0356589060838389,621,43,278245.875,256.077760986834,TRUE,,"estimated",TRUE
"pc2001__17__07","regular_salaried_share_employed_age15plus",0.130337670265939,0.0270649395639686,357,20,124492.75,167.153385822217,TRUE,,"estimated",TRUE
"pc2001__18__01","regular_salaried_share_employed_age15plus",0.0751413705360305,0.0232061075283068,163,15,227851.58,44.5076017774273,FALSE,"low_kish_effective_n","estimated",FALSE
"pc2001__18__02","regular_salaried_share_employed_age15plus",0.0416740669809765,0.0139366722623514,227,20,696169.755,64.4709493117784,FALSE,"low_kish_effective_n","estimated",FALSE
"pc2001__18__03","regular_salaried_share_employed_age15plus",0.086930131099835,0.040114866634593,174,16,206520.855,57.3922702389037,FALSE,"low_kish_effective_n","estimated",FALSE
"pc2001__18__04","regular_salaried_share_employed_age15plus",0.104816630314345,0.0164005162944033,120,12,101275.055,46.5491092298254,FALSE,"low_kish_effective_n","estimated",FALSE
"pc2001__18__05","regular_salaried_share_employed_age15plus",0.102508360813712,0.0416255837773444,291,24,494857.635,115.620444358761,TRUE,,"estimated",TRUE
"pc2001__18__06","regular_salaried_share_employed_age15plus",0.209137977792527,0.0356644877708742,257,20,456071.255,108.006477941075,TRUE,,"estimated",TRUE
"pc2001__18__07","regular_salaried_share_employed_age15plus",0.160885165860086,0.0437254609916999,123,12,212533.05,43.3357954105853,FALSE,"low_kish_effective_n","estimated",FALSE
"pc2001__18__08","regular_salaried_share_employed_age15plus",0.10124792804236,0.0369986457644187,217,16,233146.055,72.3492253335682,FALSE,"low_kish_effective_n","estimated",FALSE
"pc2001__18__09","regular_salaried_share_employed_age15plus",0.0211609394562583,0.00739396084552337,209,16,365932.95,46.9703559129854,FALSE,"low_kish_effective_n","estimated",FALSE
"pc2001__18__10","regular_salaried_share_employed_age15plus",0.105406675358908,0.0320833109782191,322,24,797166.875,114.445787704779,TRUE,,"estimated",TRUE
"pc2001__18__11","regular_salaried_share_employed_age15plus",0.144490639988916,0.0368389023008543,355,24,676570.779999999,130.834300288603,TRUE,,"estimated",TRUE
"pc2001__18__12","regular_salaried_share_employed_age15plus",0.08424206927106,0.032612201394898,231,16,453156.485,71.429011584321,FALSE,"low_kish_effective_n","estimated",FALSE
"pc2001__18__13","regular_salaried_share_employed_age15plus",0.0727467338349944,0.0155608489145997,186,12,316458.675,77.7182535616895,FALSE,"low_kish_effective_n","estimated",FALSE
"pc2001__18__14","regular_salaried_share_employed_age15plus",0.283791469043847,0.106375234625659,248,16,447267.215,83.7984337256504,FALSE,"low_kish_effective_n","estimated",FALSE
"pc2001__18__15","regular_salaried_share_employed_age15plus",0.0732036283691608,0.0259009277740977,243,16,524892.015,93.7716406662857,FALSE,"low_kish_effective_n","estimated",FALSE
"pc2001__18__16","regular_salaried_share_employed_age15plus",0.147563096858817,0.0428806412971296,200,16,329244.005,77.9501397636961,FALSE,"low_kish_effective_n","estimated",FALSE
"pc2001__18__17","regular_salaried_share_employed_age15plus",0.282592236343703,0.060481626523626,264,16,396300.13,71.0319040979228,FALSE,"low_kish_effective_n","estimated",FALSE
"pc2001__18__18","regular_salaried_share_employed_age15plus",0.122186461228112,0.0566817571346915,178,16,299771.06,50.3689325764115,FALSE,"low_kish_effective_n","estimated",FALSE
"pc2001__18__19","regular_salaried_share_employed_age15plus",0.0625053916251665,0.0156052063573869,218,16,316868.744999999,113.908400576375,TRUE,,"estimated",TRUE
"pc2001__18__20","regular_salaried_share_employed_age15plus",0.066433004025573,0.0138350419995118,146,12,94125.73,77.8216779685048,FALSE,"low_kish_effective_n","estimated",FALSE
"pc2001__18__21","regular_salaried_share_employed_age15plus",0.0488132423090923,0.0132146471350742,246,20,467520.879999999,144.663297024543,TRUE,,"estimated",TRUE
"pc2001__18__22","regular_salaried_share_employed_age15plus",0.0552622487532847,0.017655094662831,200,16,387410.04,69.6522087505383,FALSE,"low_kish_effective_n","estimated",FALSE
"pc2001__18__23","regular_salaried_share_employed_age15plus",0.0475199314508808,0.0190986976704775,127,12,143114.895,51.4346205144998,FALSE,"low_kish_effective_n","estimated",FALSE
"pc2001__19__01","regular_salaried_share_employed_age15plus",0.360923752656357,0.091188929475188,221,20,567650.005,76.5685108798727,FALSE,"low_kish_effective_n","estimated",FALSE
"pc2001__19__02","regular_salaried_share_employed_age15plus",0.293021998874723,0.0699367268251123,335,32,1003175.175,93.9680877232348,FALSE,"low_kish_effective_n","estimated",FALSE
"pc2001__19__03","regular_salaried_share_employed_age15plus",0.117245720947609,0.0420684439822031,285,24,892504.555,72.6057012217859,FALSE,"low_kish_effective_n","estimated",FALSE
"pc2001__19__04","regular_salaried_share_employed_age15plus",0.172771033444094,0.0367272050408596,315,24,888109.725,112.836587781952,TRUE,,"estimated",TRUE
"pc2001__19__05","regular_salaried_share_employed_age15plus",0.0593217147534305,0.0147766399902917,258,20,530681.895000001,53.4861645899771,FALSE,"low_kish_effective_n","estimated",FALSE
"pc2001__19__06","regular_salaried_share_employed_age15plus",0.11432247448143,0.0386121805915641,405,32,1262833.32,122.619558374502,TRUE,,"estimated",TRUE
"pc2001__19__07","regular_salaried_share_employed_age15plus",0.0728209379763548,0.0201100550443029,558,48,1958955.885,174.313212194967,TRUE,,"estimated",TRUE
"pc2001__19__08","regular_salaried_share_employed_age15plus",0.0474696697295227,0.0103396972178023,251,28,833472.62,73.7675452540739,FALSE,"low_kish_effective_n","estimated",FALSE
"pc2001__19__09","regular_salaried_share_employed_age15plus",0.14998906779066,0.0179784608017924,816,68,2410125.82,284.342091538565,TRUE,,"estimated",TRUE
"pc2001__19__10","regular_salaried_share_employed_age15plus",0.0790936948684173,0.0157121992952127,591,44,2069177.515,189.794303541405,TRUE,,"estimated",TRUE
"pc2001__19__11","regular_salaried_share_employed_age15plus",0.249850319830281,0.0228900342778472,1094,92,3324814.175,382.973728239774,TRUE,,"estimated",TRUE
"pc2001__19__12","regular_salaried_share_employed_age15plus",0.190559684909496,0.0273815919722398,550,52,1633704.58,177.440014239428,TRUE,,"estimated",TRUE
"pc2001__19__13","regular_salaried_share_employed_age15plus",0.0304160122347914,0.00747124068787019,325,32,1050558.165,119.388795302729,TRUE,,"estimated",TRUE
"pc2001__19__14","regular_salaried_share_employed_age15plus",0.0462399126049023,0.0099819771579566,306,28,795303.19,114.874563496516,TRUE,,"estimated",TRUE
"pc2001__19__16","regular_salaried_share_employed_age15plus",0.167547959489235,0.0254466836572642,573,48,1442178.62,166.169153591104,TRUE,,"estimated",TRUE
"pc2001__19__17","regular_salaried_share_employed_age15plus",0.436013515335149,0.0313857289949854,604,60,1243498.575,320.195557903283,TRUE,,"estimated",TRUE
"pc2001__19__18","regular_salaried_share_employed_age15plus",0.141345187829801,0.0207965374556363,725,56,2658852.70500001,248.965802665751,TRUE,,"estimated",TRUE
"pc2001__20__01","regular_salaried_share_employed_age15plus",0.0581705823320507,0.0319517996606131,156,16,255099.045,57.1024554619693,FALSE,"low_kish_effective_n","estimated",FALSE
"pc2001__20__02","regular_salaried_share_employed_age15plus",0.0348285875489584,0.0097750278263301,300,28,584007.605,66.2605467407381,FALSE,"low_kish_effective_n","estimated",FALSE
"pc2001__20__03","regular_salaried_share_employed_age15plus",0.0745707520830468,0.049747655425451,155,12,249751.94,62.9371453132287,FALSE,"low_kish_effective_n","estimated",FALSE
"pc2001__20__04","regular_salaried_share_employed_age15plus",0.153367313258978,0.0406020519632969,235,20,725393.975,73.5725056996811,FALSE,"low_kish_effective_n","estimated",FALSE
"pc2001__20__05","regular_salaried_share_employed_age15plus",0.0586579893936232,0.0354999678258643,134,12,128593.395,72.5739954064473,FALSE,"low_kish_effective_n","estimated",FALSE
"pc2001__20__06","regular_salaried_share_employed_age15plus",0.0653023948463101,0.0301765494813555,195,16,419797.085,47.7473716622227,FALSE,"low_kish_effective_n","estimated",FALSE
"pc2001__20__07","regular_salaried_share_employed_age15plus",0.0764249364511442,0.040298775364331,190,16,366605.735,87.7529568182949,FALSE,"low_kish_effective_n","estimated",FALSE
"pc2001__20__08","regular_salaried_share_employed_age15plus",0.0331651414935308,0.0137619999045458,180,16,247992.61,54.9173514194453,FALSE,"low_kish_effective_n","estimated",FALSE
"pc2001__20__09","regular_salaried_share_employed_age15plus",0.0312215520729077,0.0122145652535838,143,12,308189.195,45.9100790679656,FALSE,"low_kish_effective_n","estimated",FALSE
"pc2001__20__10","regular_salaried_share_employed_age15plus",0.01914509010778,0.0128983814351004,167,12,310262.055,46.3782282744377,FALSE,"low_kish_effective_n","estimated",FALSE
"pc2001__20__11","regular_salaried_share_employed_age15plus",0.0309571047360099,0.0184389014393606,410,28,711916.704999999,112.748183653043,TRUE,,"estimated",TRUE
"pc2001__20__12","regular_salaried_share_employed_age15plus",0.370048362307844,0.0619673133689047,275,24,686505.7,136.530934191631,TRUE,,"estimated",TRUE
"pc2001__20__13","regular_salaried_share_employed_age15plus",0.186779436067435,0.0324566802098457,283,24,496721.624999999,122.842293049646,TRUE,,"estimated",TRUE
"pc2001__20__14","regular_salaried_share_employed_age15plus",0.137646491177748,0.0248355987272444,325,24,976167.999999999,99.7099271539304,FALSE,"low_kish_effective_n","estimated",FALSE
"pc2001__20__15","regular_salaried_share_employed_age15plus",0.0336477064184363,0.0213054158166291,178,12,138305.415,68.7545090097756,FALSE,"low_kish_effective_n","estimated",FALSE
"pc2001__20__16","regular_salaried_share_employed_age15plus",0.0304907251838583,0.0121175421782775,270,24,439197.655,77.1248889624175,FALSE,"low_kish_effective_n","estimated",FALSE
"pc2001__20__17","regular_salaried_share_employed_age15plus",0.0621148552577428,0.0291111848263108,172,16,312855.595,51.90608463047,FALSE,"low_kish_effective_n","estimated",FALSE
"pc2001__20__18","regular_salaried_share_employed_age15plus",0.182845045244375,0.0423617421088524,237,20,456845.74,92.1761543027596,FALSE,"low_kish_effective_n","estimated",FALSE
"pc2001__21__01","regular_salaried_share_employed_age15plus",0.0870991276640707,0.0378245147424415,283,20,622800.21,93.038669358394,FALSE,"low_kish_effective_n","estimated",FALSE
"pc2001__21__02","regular_salaried_share_employed_age15plus",0.180437837149255,0.0788794207033821,164,12,219722.79,73.1351182849541,FALSE,"low_kish_effective_n","estimated",FALSE
"pc2001__21__03","regular_salaried_share_employed_age15plus",0.138052566122376,0.0291380578139476,186,12,424017.58,84.6942338566455,FALSE,"low_kish_effective_n","estimated",FALSE
"pc2001__21__04","regular_salaried_share_employed_age15plus",0.13613859696155,0.0360209824922811,147,12,121566.59,53.6188115702283,FALSE,"low_kish_effective_n","estimated",FALSE
"pc2001__21__05","regular_salaried_share_employed_age15plus",0.133044309568935,0.0342889734456602,331,23,791157.550000001,192.676768470152,TRUE,,"estimated",TRUE
"pc2001__21__06","regular_salaried_share_employed_age15plus",0.170609756850423,0.0646986308707311,301,20,734594.535000001,105.802944846734,TRUE,,"estimated",TRUE
"pc2001__21__07","regular_salaried_share_employed_age15plus",0.0431890058223432,0.0115468538475644,334,20,1189684.25,151.154338397668,TRUE,,"estimated",TRUE
"pc2001__21__08","regular_salaried_share_employed_age15plus",0.0809842424019036,0.016028141042111,235,20,800891.730000001,91.1559217075646,FALSE,"low_kish_effective_n","estimated",FALSE
"pc2001__21__09","regular_salaried_share_employed_age15plus",0.0786271626324662,0.0280878961070491,214,20,376886.74,71.8604909977085,FALSE,"low_kish_effective_n","estimated",FALSE
"pc2001__21__10","regular_salaried_share_employed_age15plus",0.0616893780960492,0.023098040703043,247,20,445024.83,98.7616801764355,FALSE,"low_kish_effective_n","estimated",FALSE
"pc2001__21__11","regular_salaried_share_employed_age15plus",0.0897437357250151,0.0223939160247013,200,16,359634.795,88.7039176238932,FALSE,"low_kish_effective_n","estimated",FALSE
"pc2001__21__12","regular_salaried_share_employed_age15plus",0.144056802737443,0.0310736107464039,293,24,804974.585,160.366704479917,TRUE,,"estimated",TRUE
"pc2001__21__13","regular_salaried_share_employed_age15plus",0.148739416433949,0.0351772511807688,224,20,454927.595,101.597043029037,TRUE,,"estimated",TRUE
"pc2001__21__14","regular_salaried_share_employed_age15plus",0.150433690055408,0.0530475131286341,146,16,298467.185,69.7390476396037,FALSE,"low_kish_effective_n","estimated",FALSE
"pc2001__21__15","regular_salaried_share_employed_age15plus",0.117039386939775,0.0470154632939979,199,16,392854.715,64.845125314481,FALSE,"low_kish_effective_n","estimated",FALSE
"pc2001__21__16","regular_salaried_share_employed_age15plus",0.0906412340079465,0.0351890501079714,209,16,321031.320000001,56.7172166858806,FALSE,"low_kish_effective_n","estimated",FALSE
"pc2001__21__17","regular_salaried_share_employed_age15plus",0.245411099065859,0.0401179723525867,218,20,540793.98,112.657110136114,TRUE,,"estimated",TRUE
"pc2001__21__18","regular_salaried_share_employed_age15plus",0.0996813926706391,0.0174028467607033,239,20,442444.31,91.6801540943839,FALSE,"low_kish_effective_n","estimated",FALSE
"pc2001__21__19","regular_salaried_share_employed_age15plus",0.10089947081195,0.0232008320758838,344,24,1094217.83,135.82553151991,TRUE,,"estimated",TRUE
"pc2001__21__20","regular_salaried_share_employed_age15plus",0.0962301925375004,0.0255485467159168,164,12,193087.58,76.9659119502812,FALSE,"low_kish_effective_n","estimated",FALSE
"pc2001__21__21","regular_salaried_share_employed_age15plus",0.0584234441660215,0.0225569482406182,157,12,305047.49,59.9633525264513,FALSE,"low_kish_effective_n","estimated",FALSE
"pc2001__21__22","regular_salaried_share_employed_age15plus",0.0632910164516713,0.0302235364512862,191,12,220611.325,77.9821871853164,FALSE,"low_kish_effective_n","estimated",FALSE
"pc2001__21__23","regular_salaried_share_employed_age15plus",0.103208574964851,0.0326879421539028,173,12,238458.82,65.8673891908873,FALSE,"low_kish_effective_n","estimated",FALSE
"pc2001__21__24","regular_salaried_share_employed_age15plus",0.0537940654259998,0.0142287715790143,237,16,656564.059999999,95.5489537289367,FALSE,"low_kish_effective_n","estimated",FALSE
"pc2001__21__25","regular_salaried_share_employed_age15plus",0.0952242816855021,0.0229468941226599,127,12,152421.05,51.512628807428,FALSE,"low_kish_effective_n","estimated",FALSE
"pc2001__21__26","regular_salaried_share_employed_age15plus",0.019839230983782,0.00588883473266845,309,20,636337.164999999,132.56121755933,TRUE,,"estimated",TRUE
"pc2001__21__27","regular_salaried_share_employed_age15plus",0.0267108234672474,0.0142181063548085,171,12,379619.895,86.8985126184271,FALSE,"low_kish_effective_n","estimated",FALSE
"pc2001__21__28","regular_salaried_share_employed_age15plus",0.0184353725278306,0.00497330287238054,215,16,398265.345,67.648373639926,FALSE,"low_kish_effective_n","estimated",FALSE
"pc2001__21__29","regular_salaried_share_employed_age15plus",0.0945374263984478,0.0305797419525565,253,16,563462.979999999,143.466838861894,TRUE,,"estimated",TRUE
"pc2001__21__30","regular_salaried_share_employed_age15plus",0.00863044133512426,0.00367293565752951,154,12,204584.555,47.4775405235315,FALSE,"low_kish_effective_n","estimated",FALSE
"pc2001__22__01","regular_salaried_share_employed_age15plus",0.104483264925212,0.0252195819222804,187,12,253227.73,75.2900848430622,FALSE,"low_kish_effective_n","estimated",FALSE
"pc2001__22__02","regular_salaried_share_employed_age15plus",0.0711748160491149,0.0322228867255963,289,24,774918.125,94.2985186722694,FALSE,"low_kish_effective_n","estimated",FALSE
"pc2001__22__03","regular_salaried_share_employed_age15plus",0.014821786866408,0.00468147172841285,172,12,375812.65,54.4441090794981,FALSE,"low_kish_effective_n","estimated",FALSE
"pc2001__22__04","regular_salaried_share_employed_age15plus",0.0483188880485186,0.0143516684990219,264,16,635962.999999999,66.0677992527121,FALSE,"low_kish_effective_n","estimated",FALSE
"pc2001__22__05","regular_salaried_share_employed_age15plus",0.179099627273346,0.0341036432584158,182,16,340243.98,54.3035691071939,FALSE,"low_kish_effective_n","estimated",FALSE
"pc2001__22__06","regular_salaried_share_employed_age15plus",0.036160107315803,0.00805678900774923,185,16,560141.175,52.1203260503354,FALSE,"low_kish_effective_n","estimated",FALSE
"pc2001__22__07","regular_salaried_share_employed_age15plus",0.041482588255304,0.0117000696920495,317,28,751098.625,77.1669702907582,FALSE,"low_kish_effective_n","estimated",FALSE
"pc2001__22__08","regular_salaried_share_employed_age15plus",0.0490402364901567,0.0177812846809954,177,12,327920.625,47.3726101519879,FALSE,"low_kish_effective_n","estimated",FALSE
"pc2001__22__09","regular_salaried_share_employed_age15plus",0.0601827707977887,0.0183557207187056,340,16,677880.72,65.2169869195856,FALSE,"low_kish_effective_n","estimated",FALSE
"pc2001__22__10","regular_salaried_share_employed_age15plus",0.127947521882425,0.0234072751802943,568,32,1373469.235,204.094092660424,TRUE,,"estimated",TRUE
"pc2001__22__11","regular_salaried_share_employed_age15plus",0.213954521313943,0.0367913953951373,397,31,1029009.5,128.971239046182,TRUE,,"estimated",TRUE
"pc2001__22__12","regular_salaried_share_employed_age15plus",0.14107316829233,0.072921665088851,135,12,323153.23,35.3872651513213,FALSE,"low_kish_effective_n","estimated",FALSE
"pc2001__22__13","regular_salaried_share_employed_age15plus",0.0566987129701653,0.0176870925871666,190,12,351958.43,61.5014361582072,FALSE,"low_kish_effective_n","estimated",FALSE
"pc2001__22__14","regular_salaried_share_employed_age15plus",0.115244235557479,0.0500483798839539,152,12,292615.46,47.5778508987168,FALSE,"low_kish_effective_n","estimated",FALSE
"pc2001__22__15","regular_salaried_share_employed_age15plus",0.065031271958621,0.021302559501275,289,16,625330.995,78.106541182827,FALSE,"low_kish_effective_n","estimated",FALSE
"pc2001__22__16","regular_salaried_share_employed_age15plus",0.0570905987470783,0.0168823040776716,193,12,406417.265,43.9731066041528,FALSE,"low_kish_effective_n","estimated",FALSE
"pc2001__23__01","regular_salaried_share_employed_age15plus",0.0357969883509017,0.0163517338093433,92,8,190868.85,25.177997725378,FALSE,"low_kish_effective_n","estimated",FALSE
"pc2001__23__02","regular_salaried_share_employed_age15plus",0.10735788887076,0.0586465309802592,155,12,530929.125,57.2859890598974,FALSE,"low_kish_effective_n","estimated",FALSE
"pc2001__23__03","regular_salaried_share_employed_age15plus",0.0199840822727999,0.00745139647909691,172,12,418357.465,40.2229040697535,FALSE,"low_kish_effective_n","estimated",FALSE
"pc2001__23__04","regular_salaried_share_employed_age15plus",0.180451974608869,0.049193462708171,143,12,471440.2,70.4269490746366,FALSE,"low_kish_effective_n","estimated",FALSE
"pc2001__23__05","regular_salaried_share_employed_age15plus",0.0477723913883659,0.0204074734740968,120,8,291733.25,33.516623894289,FALSE,"low_kish_effective_n","estimated",FALSE
"pc2001__23__06","regular_salaried_share_employed_age15plus",0.0436569756934547,0.0218277829366897,173,12,589594.895,46.8365805623282,FALSE,"low_kish_effective_n","estimated",FALSE
"pc2001__23__07","regular_salaried_share_employed_age15plus",0.0731754127471823,0.0340724476713885,274,20,618843.110000001,74.8265586956683,FALSE,"low_kish_effective_n","estimated",FALSE
"pc2001__23__08","regular_salaried_share_employed_age15plus",0.0235330314729765,0.0114760293314884,160,12,492532.38,43.1066784987372,FALSE,"low_kish_effective_n","estimated",FALSE
"pc2001__23__09","regular_salaried_share_employed_age15plus",0.0910625234162996,0.0400583790759823,168,12,528304.545,48.1712834210913,FALSE,"low_kish_effective_n","estimated",FALSE
"pc2001__23__10","regular_salaried_share_employed_age15plus",0.0922735399450204,0.0344480190367768,121,12,191030.82,45.894261100406,FALSE,"low_kish_effective_n","estimated",FALSE
"pc2001__23__11","regular_salaried_share_employed_age15plus",0.056432304124053,0.0175752475018757,292,16,939097.309999999,120.060051059059,TRUE,,"estimated",TRUE
"pc2001__23__12","regular_salaried_share_employed_age15plus",0.0497685285038438,0.0176803868900808,214,12,633452.724999999,98.4614544607905,FALSE,"low_kish_effective_n","estimated",FALSE
"pc2001__23__13","regular_salaried_share_employed_age15plus",0.0601161937089739,0.0177440818002576,195,16,552606.51,51.3858562607195,FALSE,"low_kish_effective_n","estimated",FALSE
"pc2001__23__14","regular_salaried_share_employed_age15plus",0.078824234613898,0.0276722135866949,163,12,788976.96,47.1193860358701,FALSE,"low_kish_effective_n","estimated",FALSE
"pc2001__23__15","regular_salaried_share_employed_age15plus",0.0872287388497398,0.0364627049264943,83,8,152185.91,42.8640483408149,FALSE,"low_kish_effective_n","estimated",FALSE
"pc2001__23__16","regular_salaried_share_employed_age15plus",0.107488741318213,0.025654599368648,171,16,433734.17,52.9023432109437,FALSE,"low_kish_effective_n","estimated",FALSE
"pc2001__23__17","regular_salaried_share_employed_age15plus",0.0358764623561981,0.017952363182417,167,12,996097.515,51.68055133356,FALSE,"low_kish_effective_n","estimated",FALSE
"pc2001__23__18","regular_salaried_share_employed_age15plus",0.0267659867454428,0.0114289374244075,127,8,272353.12,29.2123932335012,FALSE,"low_kish_effective_n","estimated",FALSE
"pc2001__23__19","regular_salaried_share_employed_age15plus",0.0174484911942575,0.0101816782369701,159,12,467073.05,40.7475008854171,FALSE,"low_kish_effective_n","estimated",FALSE
"pc2001__23__20","regular_salaried_share_employed_age15plus",0.0853546934776305,0.0237974365986568,195,15,320083.98,50.6898990199419,FALSE,"low_kish_effective_n","estimated",FALSE
"pc2001__23__21","regular_salaried_share_employed_age15plus",0.209727846548516,0.0649269845305095,256,16,803820.964999999,90.1453920178073,FALSE,"low_kish_effective_n","estimated",FALSE
"pc2001__23__22","regular_salaried_share_employed_age15plus",0.0857746923785941,0.0381428452418907,226,12,764052.405,71.2994800235686,FALSE,"low_kish_effective_n","estimated",FALSE
"pc2001__23__23","regular_salaried_share_employed_age15plus",0.158029055224522,0.0354089416819336,267,16,718512.775000001,81.5738840739283,FALSE,"low_kish_effective_n","estimated",FALSE
"pc2001__23__24","regular_salaried_share_employed_age15plus",0.0154409560079065,0.00725832287525873,227,12,749343.175000001,54.271741519277,FALSE,"low_kish_effective_n","estimated",FALSE
"pc2001__23__25","regular_salaried_share_employed_age15plus",0.0700462855672905,0.0202284697194225,198,12,950780.180000001,70.7853134538736,FALSE,"low_kish_effective_n","estimated",FALSE
"pc2001__23__26","regular_salaried_share_employed_age15plus",0.312829204047009,0.0686097196605166,313,24,988013.749999999,45.6877598530554,FALSE,"low_kish_effective_n","estimated",FALSE
"pc2001__23__27","regular_salaried_share_employed_age15plus",0.0561073775721997,0.0148446405893918,204,12,674088.625000001,82.4689797236164,FALSE,"low_kish_effective_n","estimated",FALSE
"pc2001__23__28","regular_salaried_share_employed_age15plus",0.0373099748595536,0.0146125418367647,220,12,476672.125,61.6760905034856,FALSE,"low_kish_effective_n","estimated",FALSE
"pc2001__23__29","regular_salaried_share_employed_age15plus",0.117950531040279,0.0780911699091716,200,12,501056.625,74.116623386942,FALSE,"low_kish_effective_n","estimated",FALSE
"pc2001__23__30","regular_salaried_share_employed_age15plus",0.0846520012249783,0.0281869137564758,201,12,704485.885000001,60.2028193853034,FALSE,"low_kish_effective_n","estimated",FALSE
"pc2001__23__31","regular_salaried_share_employed_age15plus",0.0438209542731361,0.0213670825180464,213,12,563219.249999999,84.6186383978864,FALSE,"low_kish_effective_n","estimated",FALSE
"pc2001__23__32","regular_salaried_share_employed_age15plus",0.489896354855288,0.103123196628949,286,20,544630.915,75.3320357835924,FALSE,"low_kish_effective_n","estimated",FALSE
"pc2001__23__33","regular_salaried_share_employed_age15plus",0.0858847748472013,0.0328916772999902,232,12,463924.835,80.7988762592729,FALSE,"low_kish_effective_n","estimated",FALSE
"pc2001__23__34","regular_salaried_share_employed_age15plus",0.0800501089029561,0.0378285288313477,191,12,436014.335,58.1512260436429,FALSE,"low_kish_effective_n","estimated",FALSE
"pc2001__23__35","regular_salaried_share_employed_age15plus",0.139459298763924,0.0530511467145891,221,12,619469.27,109.233587395435,TRUE,,"estimated",TRUE
"pc2001__23__36","regular_salaried_share_employed_age15plus",0.118231553636558,0.0656811803607064,110,8,204647.315,55.03241839841,FALSE,"low_kish_effective_n","estimated",FALSE
"pc2001__23__37","regular_salaried_share_employed_age15plus",0.215202187002249,0.0501682537887626,171,12,350523.645,69.6311053270024,FALSE,"low_kish_effective_n","estimated",FALSE
"pc2001__23__38","regular_salaried_share_employed_age15plus",0.0200755467968402,0.00773157273386825,186,12,625601.64,49.6196279363132,FALSE,"low_kish_effective_n","estimated",FALSE
"pc2001__23__39","regular_salaried_share_employed_age15plus",0.0955349024427865,0.0410246181259838,256,16,1012720.09,93.9472012795092,FALSE,"low_kish_effective_n","estimated",FALSE
"pc2001__23__40","regular_salaried_share_employed_age15plus",0.0207267276761158,0.00767879901795634,188,12,357334.265,54.7294440743226,FALSE,"low_kish_effective_n","estimated",FALSE
"pc2001__23__41","regular_salaried_share_employed_age15plus",0.00773325331771726,0.00358318739990576,127,8,432332.275,31.3506892121079,FALSE,"low_kish_effective_n","estimated",FALSE
"pc2001__23__42","regular_salaried_share_employed_age15plus",0.0385236487703887,0.0102543850211787,184,12,493408.739999999,77.8120466097137,FALSE,"low_kish_effective_n","estimated",FALSE
"pc2001__23__43","regular_salaried_share_employed_age15plus",0.238094673878791,0.0933168848060374,325,20,934713.895,54.2358717903091,FALSE,"low_kish_effective_n","estimated",FALSE
"pc2001__23__44","regular_salaried_share_employed_age15plus",0.134573414738059,0.0552181444804739,178,12,642521.26,72.6411476123634,FALSE,"low_kish_effective_n","estimated",FALSE
"pc2001__23__45","regular_salaried_share_employed_age15plus",0.0909432850668919,0.0407753522990275,261,16,777006.735000001,85.6734266374988,FALSE,"low_kish_effective_n","estimated",FALSE
"pc2001__24__01","regular_salaried_share_employed_age15plus",0.202724496507954,0.080877270053422,187,12,574713.894999999,85.2101886654244,FALSE,"low_kish_effective_n","estimated",FALSE
"pc2001__24__02","regular_salaried_share_employed_age15plus",0.0931240401412051,0.0371411136632085,222,16,873842.724999999,66.8247935066981,FALSE,"low_kish_effective_n","estimated",FALSE
"pc2001__24__03","regular_salaried_share_employed_age15plus",0.0843555540203779,0.0310451110676633,199,12,519664.775,66.6795536168068,FALSE,"low_kish_effective_n","estimated",FALSE
"pc2001__24__04","regular_salaried_share_employed_age15plus",0.21188385797443,0.0368380740457168,180,12,715787.585,83.0534335306514,FALSE,"low_kish_effective_n","estimated",FALSE
"pc2001__24__05","regular_salaried_share_employed_age15plus",0.0532528698917378,0.0188537425996056,260,16,887737.319999999,51.8762016700946,FALSE,"low_kish_effective_n","estimated",FALSE
"pc2001__24__06","regular_salaried_share_employed_age15plus",0.275331654637173,0.143572325119677,218,12,977004.280000001,69.3834480503058,FALSE,"low_kish_effective_n","estimated",FALSE
"pc2001__24__07","regular_salaried_share_employed_age15plus",0.306490232452163,0.0341618158738945,683,48,2733021.68,322.601747117387,TRUE,,"estimated",TRUE
"pc2001__24__08","regular_salaried_share_employed_age15plus",0.11479651933991,0.0323951585774547,211,12,911426.544999999,72.0276145882336,FALSE,"low_kish_effective_n","estimated",FALSE
"pc2001__24__09","regular_salaried_share_employed_age15plus",0.119068025928264,0.0183467606154144,361,28,1065659.475,141.913826847341,TRUE,,"estimated",TRUE
"pc2001__24__10","regular_salaried_share_employed_age15plus",0.0992084097544764,0.0355623448113648,280,20,660471.125,104.966386922469,TRUE,,"estimated",TRUE
"pc2001__24__11","regular_salaried_share_employed_age15plus",0.19556448767307,0.0329696266966663,104,8,223888.68,51.5909094590347,FALSE,"low_kish_effective_n","estimated",FALSE
"pc2001__24__12","regular_salaried_share_employed_age15plus",0.155790492508265,0.0366357664745669,281,20,861653.865,117.822463122527,TRUE,,"estimated",TRUE
"pc2001__24__13","regular_salaried_share_employed_age15plus",0.0260115177576987,0.00744622495406443,170,12,556347.005,56.9500744750096,FALSE,"low_kish_effective_n","estimated",FALSE
"pc2001__24__14","regular_salaried_share_employed_age15plus",0.0606132520972697,0.0187038865783085,277,20,965787.81,111.150951619435,TRUE,,"estimated",TRUE
"pc2001__24__15","regular_salaried_share_employed_age15plus",0.129650229129545,0.0281486995437165,234,16,694596.150000001,51.9119615113352,FALSE,"low_kish_effective_n","estimated",FALSE
"pc2001__24__16","regular_salaried_share_employed_age15plus",0.0677346952536329,0.0242798020239626,210,12,802188.89,53.4787706659694,FALSE,"low_kish_effective_n","estimated",FALSE
"pc2001__24__17","regular_salaried_share_employed_age15plus",0.0632285291269894,0.0169706103517157,253,16,851460.895,52.7460157384896,FALSE,"low_kish_effective_n","estimated",FALSE
"pc2001__24__18","regular_salaried_share_employed_age15plus",0.0785929019351102,0.0273727706577238,162,12,429455.64,29.284123443669,FALSE,"low_kish_effective_n","estimated",FALSE
"pc2001__24__19","regular_salaried_share_employed_age15plus",0.190338308719294,0.0364960643497177,546,32,2011108.97,176.908309406746,TRUE,,"estimated",TRUE
"pc2001__24__20","regular_salaried_share_employed_age15plus",0.041760540162695,0.0114873263260991,238,12,366723.585,67.9957453686455,FALSE,"low_kish_effective_n","estimated",FALSE
"pc2001__24__21","regular_salaried_share_employed_age15plus",0.226299899051298,0.049765157897625,202,12,785493.015,83.5571570901412,FALSE,"low_kish_effective_n","estimated",FALSE
"pc2001__24__22","regular_salaried_share_employed_age15plus",0.407137544200444,0.0448826557794404,572,44,2452790.695,142.446295380221,TRUE,,"estimated",TRUE
"pc2001__24__23","regular_salaried_share_employed_age15plus",0.0279126446873216,0.0158655906439751,75,4,89479.16,25.3641233634856,FALSE,"too_few_psus;low_kish_effective_n","estimated",FALSE
"pc2001__24__24","regular_salaried_share_employed_age15plus",0.128992427207721,0.0271528730450222,143,12,465958.245,56.7884792756654,FALSE,"low_kish_effective_n","estimated",FALSE
"pc2001__24__25","regular_salaried_share_employed_age15plus",0.31697259183127,0.0722521951529217,143,12,448615.16,50.8099039926998,FALSE,"low_kish_effective_n","estimated",FALSE
"pc2001__25__01","regular_salaried_share_employed_age15plus",0.197692607008657,0.0564078271546981,47,4,12245.855,33.3962201496712,FALSE,"too_few_psus;low_kish_effective_n","estimated",FALSE
"pc2001__25__02","regular_salaried_share_employed_age15plus",0.405168967116994,0.0796030186540581,159,12,58489.635,72.0285392911235,FALSE,"low_kish_effective_n","estimated",FALSE
"pc2001__26__01","regular_salaried_share_employed_age15plus",0.308339517366596,0.0417395558138159,297,24,79445.1850000001,102.507384027958,TRUE,,"estimated",TRUE
"pc2001__27__01","regular_salaried_share_employed_age15plus",0.0993460640656396,0.0459056469462243,282,16,604870.415,79.703487786949,FALSE,"low_kish_effective_n","estimated",FALSE
"pc2001__27__02","regular_salaried_share_employed_age15plus",0.113405599104137,0.0301307354876299,299,20,697262.795,74.3198052000302,FALSE,"low_kish_effective_n","estimated",FALSE
"pc2001__27__03","regular_salaried_share_employed_age15plus",0.0970173974010014,0.0250649787189517,605,36,1602104.82,181.851503896789,TRUE,,"estimated",TRUE
"pc2001__27__04","regular_salaried_share_employed_age15plus",0.0465689427271512,0.00996045049904559,411,24,1206108.765,96.3808872351293,FALSE,"low_kish_effective_n","estimated",FALSE
"pc2001__27__05","regular_salaried_share_employed_age15plus",0.167566979263381,0.0412103222563435,218,16,491885.634999999,62.1794821745317,FALSE,"low_kish_effective_n","estimated",FALSE
"pc2001__27__06","regular_salaried_share_employed_age15plus",0.089708300540524,0.0755882519544008,150,12,334861.265,36.9414229902224,FALSE,"low_kish_effective_n","estimated",FALSE
"pc2001__27__07","regular_salaried_share_employed_age15plus",0.0750995829537229,0.0232026682090614,444,28,1123569.555,121.216730384038,TRUE,,"estimated",TRUE
"pc2001__27__08","regular_salaried_share_employed_age15plus",0.156919873953128,0.0571541220075496,247,16,494233.605,58.7594792328636,FALSE,"low_kish_effective_n","estimated",FALSE
"pc2001__27__09","regular_salaried_share_employed_age15plus",0.35572782862128,0.0386165179674137,608,44,1552721.605,249.318751963498,TRUE,,"estimated",TRUE
"pc2001__27__10","regular_salaried_share_employed_age15plus",0.0410391145407936,0.0117289223130755,203,12,627887.084999999,72.0060461946409,FALSE,"low_kish_effective_n","estimated",FALSE
"pc2001__27__11","regular_salaried_share_employed_age15plus",0.0926970139080928,0.0235075113747707,290,16,660672.9,146.905446894969,TRUE,,"estimated",TRUE
"pc2001__27__12","regular_salaried_share_employed_age15plus",0.0586068635704399,0.0208496432446514,208,12,519333.2,50.500685164125,FALSE,"low_kish_effective_n","estimated",FALSE
"pc2001__27__13","regular_salaried_share_employed_age15plus",0.143872727698621,0.0531912485282065,301,20,1055108.445,51.347913965605,FALSE,"low_kish_effective_n","estimated",FALSE
"pc2001__27__14","regular_salaried_share_employed_age15plus",0.100782099263788,0.0323358556440614,450,28,1271804.675,117.091796810624,TRUE,,"estimated",TRUE
"pc2001__27__15","regular_salaried_share_employed_age15plus",0.127401823247186,0.020647993089099,387,28,974499.79,134.236816960431,TRUE,,"estimated",TRUE
"pc2001__27__16","regular_salaried_share_employed_age15plus",0.115061569728264,0.0436083096734975,170,12,397089.62,50.0117999324508,FALSE,"low_kish_effective_n","estimated",FALSE
"pc2001__27__17","regular_salaried_share_employed_age15plus",0.0485864739153707,0.0171851243545889,217,16,627915.189999999,47.5340272914284,FALSE,"low_kish_effective_n","estimated",FALSE
"pc2001__27__18","regular_salaried_share_employed_age15plus",0.0577342813390296,0.0149840100227415,321,20,721368.38,60.4783349609385,FALSE,"low_kish_effective_n","estimated",FALSE
"pc2001__27__19","regular_salaried_share_employed_age15plus",0.185758242879035,0.0430061631137486,438,28,1665618.28,135.187383650221,TRUE,,"estimated",TRUE
"pc2001__27__20","regular_salaried_share_employed_age15plus",0.194489419889965,0.0297550225252656,695,48,1574769.775,269.757323596768,TRUE,,"estimated",TRUE
"pc2001__27__21","regular_salaried_share_employed_age15plus",0.560157641843761,0.0316380488996207,1164,92,4031079.47,510.931854551322,TRUE,,"estimated",TRUE
"pc2001__27__22","regular_salaried_share_employed_age15plus",0.687413227342426,0.0222818371162796,1164,98,4288166.75000001,578.009217167554,TRUE,,"estimated",TRUE
"pc2001__27__24","regular_salaried_share_employed_age15plus",0.248126177091456,0.057213473919177,278,24,825989.875000001,117.553113544078,TRUE,,"estimated",TRUE
"pc2001__27__25","regular_salaried_share_employed_age15plus",0.340508684632171,0.0331141433882803,939,76,3119803.115,329.922337293122,TRUE,,"estimated",TRUE
"pc2001__27__26","regular_salaried_share_employed_age15plus",0.108624108276656,0.0181457730833296,563,36,1850798.945,191.473762292021,TRUE,,"estimated",TRUE
"pc2001__27__27","regular_salaried_share_employed_age15plus",0.0558765251918964,0.018145791193013,368,24,998556.725,88.4873047689764,FALSE,"low_kish_effective_n","estimated",FALSE
"pc2001__27__28","regular_salaried_share_employed_age15plus",0.0706111063222053,0.0205505800436316,325,24,832131.630000001,103.714066934944,TRUE,,"estimated",TRUE
"pc2001__27__29","regular_salaried_share_employed_age15plus",0.0574595997359595,0.020195480518289,298,16,688666.909999999,103.352747948549,TRUE,,"estimated",TRUE
"pc2001__27__30","regular_salaried_share_employed_age15plus",0.147745627184256,0.0237727126983266,689,40,1792885.685,237.211046969286,TRUE,,"estimated",TRUE
"pc2001__27__31","regular_salaried_share_employed_age15plus",0.123744676240216,0.0349707828008625,388,28,1308292.97,133.136992829843,TRUE,,"estimated",TRUE
"pc2001__27__32","regular_salaried_share_employed_age15plus",0.0622481832714144,0.0157964880600406,277,20,611270.45,75.9472374856472,FALSE,"low_kish_effective_n","estimated",FALSE
"pc2001__27__33","regular_salaried_share_employed_age15plus",0.0644851284844563,0.0234109988277745,160,12,419009.245,55.9443788991673,FALSE,"low_kish_effective_n","estimated",FALSE
"pc2001__27__34","regular_salaried_share_employed_age15plus",0.119235146552492,0.0212883069425469,544,36,1501374.68,186.538723711176,TRUE,,"estimated",TRUE
"pc2001__27__35","regular_salaried_share_employed_age15plus",0.109936291403885,0.0253438034147693,428,28,1068639.15,154.11946099346,TRUE,,"estimated",TRUE
"pc2001__28__01","regular_salaried_share_employed_age15plus",0.0607182999996471,0.0132495799735953,403,28,893732.284999999,107.318159745989,TRUE,,"estimated",TRUE
"pc2001__28__02","regular_salaried_share_employed_age15plus",0.107305060820959,0.0245183345176375,340,24,1010967.695,92.0426374856693,FALSE,"low_kish_effective_n","estimated",FALSE
"pc2001__28__03","regular_salaried_share_employed_age15plus",0.127139586285276,0.0260249412834822,509,36,1648737.55,157.190488178416,TRUE,,"estimated",TRUE
"pc2001__28__04","regular_salaried_share_employed_age15plus",0.041001682076715,0.00981217601154263,463,28,1293371.45,118.554376478369,TRUE,,"estimated",TRUE
"pc2001__28__05","regular_salaried_share_employed_age15plus",0.580087065657658,0.0387445428996332,647,64,1157961.735,318.814529351354,TRUE,,"estimated",TRUE
"pc2001__28__06","regular_salaried_share_employed_age15plus",0.453498352347925,0.0404548617251399,673,52,1915759.43,288.522176924543,TRUE,,"estimated",TRUE
"pc2001__28__07","regular_salaried_share_employed_age15plus",0.0269722591661413,0.00511688711488529,545,36,1683486.345,112.682561895224,TRUE,,"estimated",TRUE
"pc2001__28__08","regular_salaried_share_employed_age15plus",0.0625469761412631,0.0202206853544668,486,32,1680001.76,119.658282039391,TRUE,,"estimated",TRUE
"pc2001__28__09","regular_salaried_share_employed_age15plus",0.096597605176653,0.0216641458772877,470,36,1548470.79,143.647309155659,TRUE,,"estimated",TRUE
"pc2001__28__10","regular_salaried_share_employed_age15plus",0.0907139333693113,0.0210073828152518,350,28,1289594.505,109.673906454403,TRUE,,"estimated",TRUE
"pc2001__28__11","regular_salaried_share_employed_age15plus",0.234229646601869,0.107192042165769,328,28,1129731.5,66.4976292901363,FALSE,"low_kish_effective_n","estimated",FALSE
"pc2001__28__12","regular_salaried_share_employed_age15plus",0.0813449903817182,0.0152203671211863,364,24,1176293.765,140.783031294852,TRUE,,"estimated",TRUE
"pc2001__28__13","regular_salaried_share_employed_age15plus",0.3195611323331,0.0361652542842197,536,47,1543246.065,225.120258389451,TRUE,,"estimated",TRUE
"pc2001__28__14","regular_salaried_share_employed_age15plus",0.247515044984534,0.0469179797882653,567,48,1936572.28,148.931063162311,TRUE,,"estimated",TRUE
"pc2001__28__15","regular_salaried_share_employed_age15plus",0.145839057000817,0.0264874527877491,450,40,1750007.03,115.745671658771,TRUE,,"estimated",TRUE
"pc2001__28__16","regular_salaried_share_employed_age15plus",0.178524019773348,0.0282331881770914,508,43,1761325.425,159.025978347805,TRUE,,"estimated",TRUE
"pc2001__28__17","regular_salaried_share_employed_age15plus",0.101799411248412,0.0170114432848328,662,48,2195121.045,217.251689188317,TRUE,,"estimated",TRUE
"pc2001__28__18","regular_salaried_share_employed_age15plus",0.0728222703111507,0.0146416550033025,457,32,1778949.55,154.014389113903,TRUE,,"estimated",TRUE
"pc2001__28__19","regular_salaried_share_employed_age15plus",0.115045059439779,0.0270522705863296,428,32,1215972.73,158.372198898482,TRUE,,"estimated",TRUE
"pc2001__28__20","regular_salaried_share_employed_age15plus",0.109102627767214,0.0219866737100381,462,32,1186606.25,151.170662418069,TRUE,,"estimated",TRUE
"pc2001__28__21","regular_salaried_share_employed_age15plus",0.0675289098983187,0.0152426694827252,636,39,1682878.195,159.659470319575,TRUE,,"estimated",TRUE
"pc2001__28__22","regular_salaried_share_employed_age15plus",0.0829231629137338,0.0210800666514339,642,40,1880481.575,176.959365109091,TRUE,,"estimated",TRUE
"pc2001__28__23","regular_salaried_share_employed_age15plus",0.114225886461594,0.0385908697328585,634,44,1857840.78,185.464904534204,TRUE,,"estimated",TRUE
"pc2001__29__01","regular_salaried_share_employed_age15plus",0.0833676231059727,0.0199807660985944,319,24,1439945.875,60.6057779724655,FALSE,"low_kish_effective_n","estimated",FALSE
"pc2001__29__02","regular_salaried_share_employed_age15plus",0.063788773960557,0.0317683493830825,264,16,868377.404999999,54.8693924547683,FALSE,"low_kish_effective_n","estimated",FALSE
"pc2001__29__03","regular_salaried_share_employed_age15plus",0.094652042743534,0.0229177141680789,283,20,564846.605,63.0468544078785,FALSE,"low_kish_effective_n","estimated",FALSE
"pc2001__29__04","regular_salaried_share_employed_age15plus",0.117528287487191,0.0460849838597431,387,23,1369220.24,101.199973792348,TRUE,,"estimated",TRUE
"pc2001__29__05","regular_salaried_share_employed_age15plus",0.127502213108516,0.0378372245018731,226,16,637457.445,65.315852078716,FALSE,"low_kish_effective_n","estimated",FALSE
"pc2001__29__06","regular_salaried_share_employed_age15plus",0.134975102753744,0.04728964152553,248,16,755010.205,50.1721808821482,FALSE,"low_kish_effective_n","estimated",FALSE
"pc2001__29__07","regular_salaried_share_employed_age15plus",0.0547001840314795,0.0253859889186197,177,12,437998.435,44.709111332518,FALSE,"low_kish_effective_n","estimated",FALSE
"pc2001__29__08","regular_salaried_share_employed_age15plus",0.0700974877898951,0.0207407157545689,246,16,396272.19,64.2747313064046,FALSE,"low_kish_effective_n","estimated",FALSE
"pc2001__29__09","regular_salaried_share_employed_age15plus",0.247317052901756,0.0428239949295714,275,20,611170.735,110.387822219738,TRUE,,"estimated",TRUE
"pc2001__29__10","regular_salaried_share_employed_age15plus",0.0884155881266911,0.0556149343418574,200,16,557820.075,39.704594672482,FALSE,"low_kish_effective_n","estimated",FALSE
"pc2001__29__11","regular_salaried_share_employed_age15plus",0.0675792366656052,0.0241524474493978,228,12,650036.345,60.7575183551871,FALSE,"low_kish_effective_n","estimated",FALSE
"pc2001__29__12","regular_salaried_share_employed_age15plus",0.125595627576999,0.0353503657251923,371,24,756408.059999999,102.818188461714,TRUE,,"estimated",TRUE
"pc2001__29__13","regular_salaried_share_employed_age15plus",0.0845461401546777,0.0527174458836194,184,12,603789.48,53.5538874438812,FALSE,"low_kish_effective_n","estimated",FALSE
"pc2001__29__14","regular_salaried_share_employed_age15plus",0.161003176131823,0.0358505328134713,255,16,900390.839999998,80.201679720996,FALSE,"low_kish_effective_n","estimated",FALSE
"pc2001__29__15","regular_salaried_share_employed_age15plus",0.0888880956396596,0.0228745503065506,205,16,630599.065000001,64.5787638197082,FALSE,"low_kish_effective_n","estimated",FALSE
"pc2001__29__16","regular_salaried_share_employed_age15plus",0.2476965275613,0.0499301886193949,176,12,420029.445,65.5317188683208,FALSE,"low_kish_effective_n","estimated",FALSE
"pc2001__29__17","regular_salaried_share_employed_age15plus",0.0436464071201793,0.0104919899914089,147,11,398396.71,41.9171515718709,FALSE,"low_kish_effective_n","estimated",FALSE
"pc2001__29__18","regular_salaried_share_employed_age15plus",0.0834242965586672,0.0275268085283683,341,20,1089602.415,65.0057200195517,FALSE,"low_kish_effective_n","estimated",FALSE
"pc2001__29__19","regular_salaried_share_employed_age15plus",0.112543624354295,0.0208878507217903,340,20,1225427.88,118.838908518009,TRUE,,"estimated",TRUE
"pc2001__29__20","regular_salaried_share_employed_age15plus",0.454768906695136,0.0342972503652375,818,64,3630708.17,233.280681661497,TRUE,,"estimated",TRUE
"pc2001__29__21","regular_salaried_share_employed_age15plus",0.0963480198720089,0.028021732467237,319,20,827739.169999999,119.059173089705,TRUE,,"estimated",TRUE
"pc2001__29__22","regular_salaried_share_employed_age15plus",0.037880303305741,0.0134362334700427,207,16,723393.495,85.0404721426894,FALSE,"low_kish_effective_n","estimated",FALSE
"pc2001__29__23","regular_salaried_share_employed_age15plus",0.0316534175903624,0.0126557527100497,294,19,842514.08,69.478497289417,FALSE,"low_kish_effective_n","estimated",FALSE
"pc2001__29__24","regular_salaried_share_employed_age15plus",0.178623629028802,0.0307715410616961,305,20,786986.81,101.132407108389,TRUE,,"estimated",TRUE
"pc2001__29__25","regular_salaried_share_employed_age15plus",0.129967683052179,0.0506389552146431,166,12,240472.895,54.7803369322995,FALSE,"low_kish_effective_n","estimated",FALSE
"pc2001__29__26","regular_salaried_share_employed_age15plus",0.1915828475021,0.0432532137480864,345,24,1107592.265,94.1524671434196,FALSE,"low_kish_effective_n","estimated",FALSE
"pc2001__29__27","regular_salaried_share_employed_age15plus",0.0286501438191184,0.0127357779436875,169,12,402929.74,43.2216564068114,FALSE,"low_kish_effective_n","estimated",FALSE
"pc2001__30__01","regular_salaried_share_employed_age15plus",0.61111421460504,0.0667894487661162,325,28,199148.305,118.69000111592,TRUE,,"estimated",TRUE
"pc2001__30__02","regular_salaried_share_employed_age15plus",0.66114035356233,0.0318333833542524,280,28,290749.3,24.979575865879,FALSE,"low_kish_effective_n","estimated",FALSE
"pc2001__31__01","regular_salaried_share_employed_age15plus",0.340310935874554,0.0576304429640154,364,23,21047.105,172.221156990615,TRUE,,"estimated",TRUE
"pc2001__32__01","regular_salaried_share_employed_age15plus",0.144036270942923,0.0329130037419929,355,24,430023.559999999,184.819557623607,TRUE,,"estimated",TRUE
"pc2001__32__02","regular_salaried_share_employed_age15plus",0.181122563728195,0.0234434856516929,544,48,714850.195,267.098395457391,TRUE,,"estimated",TRUE
"pc2001__32__03","regular_salaried_share_employed_age15plus",0.220649901322128,0.055345240974007,157,16,267005.15,68.7084746466566,FALSE,"low_kish_effective_n","estimated",FALSE
"pc2001__32__04","regular_salaried_share_employed_age15plus",0.238933538393351,0.0322512535232654,552,55,827139.950000002,271.83484860449,TRUE,,"estimated",TRUE
"pc2001__32__05","regular_salaried_share_employed_age15plus",0.204959800915811,0.0298556246318307,488,48,977471.895,230.347293314084,TRUE,,"estimated",TRUE
"pc2001__32__06","regular_salaried_share_employed_age15plus",0.141964132067169,0.0203516191635749,513,44,879537.444999999,265.566654203828,TRUE,,"estimated",TRUE
"pc2001__32__07","regular_salaried_share_employed_age15plus",0.327075087000238,0.0286585379405418,653,56,1086505.65,353.748932590954,TRUE,,"estimated",TRUE
"pc2001__32__08","regular_salaried_share_employed_age15plus",0.331699552504417,0.028759098087763,675,55,1293954.67,397.945280306039,TRUE,,"estimated",TRUE
"pc2001__32__09","regular_salaried_share_employed_age15plus",0.183393500002875,0.0382943367107245,286,20,592944.57,98.8593373282883,FALSE,"low_kish_effective_n","estimated",FALSE
"pc2001__32__10","regular_salaried_share_employed_age15plus",0.196887219052693,0.0273830331904462,440,32,841366.624999999,255.192903630394,TRUE,,"estimated",TRUE
"pc2001__32__11","regular_salaried_share_employed_age15plus",0.194886492568,0.0340101128223119,461,36,800547.579999999,248.949572271201,TRUE,,"estimated",TRUE
"pc2001__32__12","regular_salaried_share_employed_age15plus",0.164528802067605,0.0215334424266175,267,24,440618.02,124.662684653216,TRUE,,"estimated",TRUE
"pc2001__32__13","regular_salaried_share_employed_age15plus",0.220202621673247,0.031362927340851,466,40,862078.064999999,262.602294605096,TRUE,,"estimated",TRUE
"pc2001__32__14","regular_salaried_share_employed_age15plus",0.276555258612704,0.0271269686592486,788,60,1526277.595,463.162467627484,TRUE,,"estimated",TRUE
"pc2001__33__01","regular_salaried_share_employed_age15plus",0.422839544057247,0.0571141852612221,387,36,1141386.27,144.095236204827,TRUE,,"estimated",TRUE
"pc2001__33__02","regular_salaried_share_employed_age15plus",0.513911357643424,0.0509643821704208,418,44,1402138.49,221.899130767162,TRUE,,"estimated",TRUE
"pc2001__33__03","regular_salaried_share_employed_age15plus",0.4192827507009,0.0583442725341208,422,40,1474264.25,185.332230476904,TRUE,,"estimated",TRUE
"pc2001__33__04","regular_salaried_share_employed_age15plus",0.194694959580029,0.0335097664467173,515,40,1372050.05499999,189.369085574366,TRUE,,"estimated",TRUE
"pc2001__33__05","regular_salaried_share_employed_age15plus",0.0322176687674864,0.00923866903461598,500,36,1298092.525,182.110044910409,TRUE,,"estimated",TRUE
"pc2001__33__06","regular_salaried_share_employed_age15plus",0.0708159252735303,0.0152537466761861,386,28,959591.429999999,121.072476475251,TRUE,,"estimated",TRUE
"pc2001__33__07","regular_salaried_share_employed_age15plus",0.0370874723401936,0.00877756834970275,401,28,1406822.485,127.85952000447,TRUE,,"estimated",TRUE
"pc2001__33__08","regular_salaried_share_employed_age15plus",0.148195646448741,0.0228555087781901,596,40,1641017.775,266.447814118185,TRUE,,"estimated",TRUE
"pc2001__33__09","regular_salaried_share_employed_age15plus",0.217425107101226,0.0574999626017376,264,20,756807.4,123.73002214832,TRUE,,"estimated",TRUE
"pc2001__33__10","regular_salaried_share_employed_age15plus",0.191407225799542,0.0398646782074981,437,35,1386903.545,160.523038846426,TRUE,,"estimated",TRUE
"pc2001__33__11","regular_salaried_share_employed_age15plus",0.164547715210307,0.069544276248377,198,16,307228.605,71.2623507090924,FALSE,"low_kish_effective_n","estimated",FALSE
"pc2001__33__12","regular_salaried_share_employed_age15plus",0.434428645344733,0.0277184579793242,618,55,2276304.81,270.311554165411,TRUE,,"estimated",TRUE
"pc2001__33__13","regular_salaried_share_employed_age15plus",0.151326106187534,0.0467571143813415,361,28,840275.469999998,112.020859069926,TRUE,,"estimated",TRUE
"pc2001__33__14","regular_salaried_share_employed_age15plus",0.163964493073079,0.0434442753670311,201,16,443972.525,77.0472594147607,FALSE,"low_kish_effective_n","estimated",FALSE
"pc2001__33__15","regular_salaried_share_employed_age15plus",0.176571004152878,0.0253771693763404,398,32,976058.05,152.847757135644,TRUE,,"estimated",TRUE
"pc2001__33__16","regular_salaried_share_employed_age15plus",0.0465318263302466,0.0135548521650609,152,12,232236.64,46.0811312888364,FALSE,"low_kish_effective_n","estimated",FALSE
"pc2001__33__17","regular_salaried_share_employed_age15plus",0.0578762390372041,0.0189640421077836,152,12,401187.005,42.5901205961599,FALSE,"low_kish_effective_n","estimated",FALSE
"pc2001__33__18","regular_salaried_share_employed_age15plus",0.140833413175525,0.0395060189876701,414,32,1082552.12,136.545855830035,TRUE,,"estimated",TRUE
"pc2001__33__19","regular_salaried_share_employed_age15plus",0.101406708426638,0.0273501218164371,238,20,694776.175000002,73.3911820769239,FALSE,"low_kish_effective_n","estimated",FALSE
"pc2001__33__20","regular_salaried_share_employed_age15plus",0.0993298659845312,0.0203166378326051,231,16,604358.965,84.9512846461708,FALSE,"low_kish_effective_n","estimated",FALSE
"pc2001__33__21","regular_salaried_share_employed_age15plus",0.161305524196651,0.0278730710846281,328,28,879946.77,124.327519856743,TRUE,,"estimated",TRUE
"pc2001__33__22","regular_salaried_share_employed_age15plus",0.129556489361328,0.0445198942630955,261,20,647511.525,109.760689573826,TRUE,,"estimated",TRUE
"pc2001__33__23","regular_salaried_share_employed_age15plus",0.17023178964003,0.0506323663534649,273,20,662438.58,72.7537329447466,FALSE,"low_kish_effective_n","estimated",FALSE
"pc2001__33__24","regular_salaried_share_employed_age15plus",0.219383273729332,0.0423851866312492,395,32,1241807,158.461364002939,TRUE,,"estimated",TRUE
"pc2001__33__25","regular_salaried_share_employed_age15plus",0.184604688718324,0.0588740064781487,222,16,613355.25,80.7879708585388,FALSE,"low_kish_effective_n","estimated",FALSE
"pc2001__33__26","regular_salaried_share_employed_age15plus",0.229023352365841,0.0328495487826748,318,23,815592.309999999,160.54323328287,TRUE,,"estimated",TRUE
"pc2001__33__27","regular_salaried_share_employed_age15plus",0.149548001703259,0.0466527430313482,265,20,523208.83,78.2773310082961,FALSE,"low_kish_effective_n","estimated",FALSE
"pc2001__33__28","regular_salaried_share_employed_age15plus",0.218812306869709,0.0775948556611183,241,24,633788.46,98.5943997139842,FALSE,"low_kish_effective_n","estimated",FALSE
"pc2001__33__29","regular_salaried_share_employed_age15plus",0.163799748411345,0.0294893292617932,476,36,1192541.85,177.890217556028,TRUE,,"estimated",TRUE
"pc2001__33__30","regular_salaried_share_employed_age15plus",0.184266678586679,0.0390714449920569,209,24,419350.805,92.0643676929185,FALSE,"low_kish_effective_n","estimated",FALSE
"pc2001__34__01","regular_salaried_share_employed_age15plus",0.347497639282342,0.0551136600443042,38,4,11119.5,19.7488265161372,FALSE,"too_few_psus;low_kish_effective_n","estimated",FALSE
"pc2001__34__02","regular_salaried_share_employed_age15plus",0.404263494296008,0.0348665853403203,654,52,336164.165,321.766980074541,TRUE,,"estimated",TRUE
"pc2001__34__03","regular_salaried_share_employed_age15plus",0.768774013272791,0.0804359201682842,43,4,9662.625,33.3849333870961,FALSE,"too_few_psus;low_kish_effective_n","estimated",FALSE
"pc2001__34__04","regular_salaried_share_employed_age15plus",0.322773685257065,0.0641133903607131,132,12,64045.695,57.1636606283774,FALSE,"low_kish_effective_n","estimated",FALSE
"pc2001__35__01","regular_salaried_share_employed_age15plus",0.542973602739811,0.0329646309244193,768,64,119347.045,414.107968803344,TRUE,,"estimated",TRUE
"pc2001__35__02","regular_salaried_share_employed_age15plus",0.288246374934256,0.110445677036406,96,6,12814.94,36.5437767810461,FALSE,"low_kish_effective_n","estimated",FALSE
